scenario,replicate,split,validation_n,fee_bps,budget,candidate,multiplier,hedge_vol,policy,qlike,n,mse,variance,bias_squared,mean_pnl,es90,mean_cost,mean_turnover
matched_gbm,0,test,,5.0,0.18,vol0.75_daily,0.75,0.14719681453504466,daily,-7.4824728815618,128,0.29140931212634014,0.25602592755620085,0.035383384570139315,-0.18810471703319753,1.3017351904093113,0.13780458015740882,275.60916031481764
matched_gbm,0,test,,5.0,0.18,vol0.75_every5,0.75,0.14719681453504466,every5,-7.4824728815618,128,1.0533806560492274,1.0246476479798794,0.028733008069348052,-0.16950813570253215,2.470573467813755,0.0923633788483536,184.7267576967072
matched_gbm,0,test,,5.0,0.18,vol0.75_band05,0.75,0.14719681453504466,band05,-7.4824728815618,128,0.21417753503927595,0.19381972953840887,0.020357805500867125,-0.14268078182035282,1.013145599279082,0.10721892116602846,214.43784233205696
matched_gbm,0,test,,5.0,0.18,vol0.75_band10,0.75,0.14719681453504466,band10,-7.4824728815618,128,0.25815877360437656,0.24498142212365082,0.013177351480725765,-0.11479264558640404,1.0118920039917445,0.0908449858089502,181.68997161790043
matched_gbm,0,test,,5.0,0.18,vol1_daily,1.0,0.19626241938005953,daily,-7.729138700906086,128,0.17056118098197265,0.14308457120438678,0.027476609777585887,-0.16576070034114204,0.93460147262618,0.12720190660782316,254.40381321564635
matched_gbm,0,test,,5.0,0.18,vol1_every5,1.0,0.19626241938005953,every5,-7.729138700906086,128,0.9057549262504783,0.8825703012348125,0.023184625015665823,-0.15226498289385457,2.1214449312944668,0.08844752120679693,176.89504241359384
matched_gbm,0,test,,5.0,0.18,vol1_band05,1.0,0.19626241938005953,band05,-7.729138700906086,128,0.18286412624910517,0.1679035478105813,0.014960578438523855,-0.12231344340882508,0.850561674371508,0.09740097608325723,194.80195216651447
matched_gbm,0,test,,5.0,0.18,vol1_band10,1.0,0.19626241938005953,band10,-7.729138700906086,128,0.3141135607433415,0.30285589882926744,0.011257661914074046,-0.10610212963967333,1.0431979534609197,0.08335062213436237,166.70124426872474
matched_gbm,0,test,,5.0,0.18,vol1.25_daily,1.25,0.2453280242250744,daily,-7.663334038872385,128,0.1640834591271103,0.14198327556442136,0.022100183562688953,-0.1486613048600373,0.7833794141419862,0.11899297804835768,237.98595609671537
matched_gbm,0,test,,5.0,0.18,vol1.25_every5,1.25,0.2453280242250744,every5,-7.663334038872385,128,0.8831578700834124,0.8634532713814773,0.019704598701935052,-0.14037306971757457,1.9692714094821586,0.08542213447440457,170.84426894880912
matched_gbm,0,test,,5.0,0.18,vol1.25_band05,1.25,0.2453280242250744,band05,-7.663334038872385,128,0.24762427050404634,0.23628311938537355,0.011341151118672779,-0.10649484080777237,0.9559276754068995,0.09040951755461246,180.8190351092249
matched_gbm,0,test,,5.0,0.18,vol1.25_band10,1.25,0.2453280242250744,band10,-7.663334038872385,128,0.44502454106549694,0.4354791785282156,0.009545362537281287,-0.09770037122386632,1.3013992523442737,0.07833412613017528,156.66825226035056
matched_gbm,0,reference,,5.0,0.18,vol0.75_daily,0.75,0.14719681453504466,daily,-7.521951880903786,512,0.3087086064654038,0.29692970803070534,0.011778898434698494,-0.10853063362340834,1.2374725162110776,0.13141257395944045,262.82514791888093
matched_gbm,0,reference,,5.0,0.18,vol0.75_every5,0.75,0.14719681453504466,every5,-7.521951880903786,512,0.897551347988456,0.8911513755751956,0.006399972413260481,-0.07999982758269221,2.0529457870481815,0.08833312866304428,176.66625732608856
matched_gbm,0,reference,,5.0,0.18,vol0.75_band05,0.75,0.14719681453504466,band05,-7.521951880903786,512,0.3057276161882275,0.2984762052952923,0.0072514108929352845,-0.08515521647518304,1.1709959106355037,0.10231942786172284,204.63885572344566
matched_gbm,0,reference,,5.0,0.18,vol0.75_band10,0.75,0.14719681453504466,band10,-7.521951880903786,512,0.38500784655826314,0.3795562372435084,0.005451609314754787,-0.07383501415151748,1.2655411829341503,0.08687813290639372,173.75626581278743
matched_gbm,0,reference,,5.0,0.18,vol1_daily,1.0,0.19626241938005953,daily,-7.7513456380359536,512,0.22583457321045283,0.2148187782687783,0.011015794941674538,-0.10495615723565024,0.9689089904987155,0.12207508064017733,244.15016128035467
matched_gbm,0,reference,,5.0,0.18,vol1_every5,1.0,0.19626241938005953,every5,-7.7513456380359536,512,0.8118844090579431,0.8052062393058073,0.006678169752135787,-0.08172006945748264,1.8487003583219561,0.0850486151025368,170.09723020507363
matched_gbm,0,reference,,5.0,0.18,vol1_band05,1.0,0.19626241938005953,band05,-7.7513456380359536,512,0.29372431302746216,0.28717419721433934,0.006550115813122861,-0.08093278577389303,1.0353792175444703,0.09338402540841254,186.76805081682505
matched_gbm,0,reference,,5.0,0.18,vol1_band10,1.0,0.19626241938005953,band10,-7.7513456380359536,512,0.45207653419208804,0.44666694979456545,0.005409584397522608,-0.07354987693750825,1.2946978581948057,0.08013310011030991,160.26620022061982
matched_gbm,0,reference,,5.0,0.18,vol1.25_daily,1.25,0.2453280242250744,daily,-7.6775464786355,512,0.2465405627276895,0.23648604536638015,0.01005451736130933,-0.10027221629798222,0.9143318211534543,0.11472452858705023,229.44905717410046
matched_gbm,0,reference,,5.0,0.18,vol1.25_every5,1.25,0.2453280242250744,every5,-7.6775464786355,512,0.828887579593357,0.822280568311885,0.006607011281471971,-0.08128352404683234,1.7700240682631347,0.08243583943808312,164.87167887616624
matched_gbm,0,reference,,5.0,0.18,vol1.25_band05,1.25,0.2453280242250744,band05,-7.6775464786355,512,0.3727187342946806,0.36665272424169215,0.006066010052988486,-0.07788459445223096,1.1122417093290127,0.08703815721416705,174.07631442833411
matched_gbm,0,reference,,5.0,0.18,vol1.25_band10,1.25,0.2453280242250744,band10,-7.6775464786355,512,0.5952316502046924,0.5901322082234082,0.0050994419812840815,-0.07141037726608145,1.4624384401304404,0.07563113435538654,151.26226871077313
matched_gbm,0,validation,16,5.0,0.18,vol0.75_daily,0.75,0.14719681453504466,daily,-7.410511115720004,16,0.22036312393802737,0.19913072645960767,0.021232397478419675,-0.1457134087118261,0.9853272128099791,0.13788442221518726,275.76884443037454
matched_gbm,0,validation,16,5.0,0.18,vol0.75_every5,0.75,0.14719681453504466,every5,-7.410511115720004,16,0.8509707009560291,0.8385073908905554,0.012463310065473798,-0.11163919591914749,1.9584260246082377,0.09192255224520857,183.84510449041716
matched_gbm,0,validation,16,5.0,0.18,vol0.75_band05,0.75,0.14719681453504466,band05,-7.410511115720004,16,0.30675148786757334,0.29454027345470624,0.012211214412867096,-0.11050436377296191,1.1158211019573094,0.10700938438800794,214.0187687760159
matched_gbm,0,validation,16,5.0,0.18,vol0.75_band10,0.75,0.14719681453504466,band10,-7.410511115720004,16,0.3041153877674029,0.30291158036715155,0.0012038074002513465,-0.03469592771855721,0.9159099115498317,0.0895484099997855,179.09681999957104
matched_gbm,0,validation,16,5.0,0.18,vol1_daily,1.0,0.19626241938005953,daily,-7.688660207620075,16,0.17443376807859556,0.16050538453365323,0.013928383544942299,-0.11801857288131516,0.7019274305198517,0.12836696857603014,256.73393715206026
matched_gbm,0,validation,16,5.0,0.18,vol1_every5,1.0,0.19626241938005953,every5,-7.688660207620075,16,0.8002176542040502,0.7966320681018523,0.003585586102197971,-0.05987976371194171,1.7974749406831743,0.08805529423463831,176.11058846927665
matched_gbm,0,validation,16,5.0,0.18,vol1_band05,1.0,0.19626241938005953,band05,-7.688660207620075,16,0.2703419618911611,0.264659719053189,0.005682242837972122,-0.07538065294206546,0.804079591227122,0.09744999137430296,194.89998274860594
matched_gbm,0,validation,16,5.0,0.18,vol1_band10,1.0,0.19626241938005953,band10,-7.688660207620075,16,0.3329463808110402,0.33276734228445504,0.00017903852658513077,0.013380527888881319,0.6461219688752857,0.08149418407016285,162.9883681403257
matched_gbm,0,validation,16,5.0,0.18,vol1.25_daily,1.25,0.2453280242250744,daily,-7.637427803169338,16,0.19415469822228604,0.1888668054590404,0.005287892763245654,-0.07271789850680267,0.4825583790812999,0.1204234498051753,240.8468996103506
matched_gbm,0,validation,16,5.0,0.18,vol1.25_every5,1.25,0.2453280242250744,every5,-7.637427803169338,16,0.7950977656796336,0.7950906801990183,7.08548061533902e-06,0.0026618566105894997,1.6770653445481498,0.0847393627865316,169.47872557306317
matched_gbm,0,validation,16,5.0,0.18,vol1.25_band05,1.25,0.2453280242250744,band05,-7.637427803169338,16,0.2919973098009405,0.2913356294808178,0.0006616803201227511,-0.025723147554736592,0.5942692953155191,0.09042178282936182,180.84356565872366
matched_gbm,0,validation,16,5.0,0.18,vol1.25_band10,1.25,0.2453280242250744,band10,-7.637427803169338,16,0.397118599117705,0.3928533777297335,0.004265221387971516,0.06530866242675251,0.7102989060828725,0.07584553033227966,151.6910606645593
matched_gbm,0,validation,64,5.0,0.18,vol0.75_daily,0.75,0.14719681453504466,daily,-7.5284789322681895,64,0.18710563805188946,0.1717292786785073,0.015376359373382137,-0.12400144907775125,0.9177548837965809,0.13686938938041854,273.73877876083714
matched_gbm,0,validation,64,5.0,0.18,vol0.75_every5,0.75,0.14719681453504466,every5,-7.5284789322681895,64,0.6275982068133084,0.6274406654765157,0.00015754133679269118,-0.012551547187207288,1.6003286186851329,0.09062435706580393,181.24871413160787
matched_gbm,0,validation,64,5.0,0.18,vol0.75_band05,0.75,0.14719681453504466,band05,-7.5284789322681895,64,0.18691613601432738,0.18342573399492373,0.0034904020194036498,-0.05907962440134204,0.9038455841681021,0.10557028382031977,211.14056764063952
matched_gbm,0,validation,64,5.0,0.18,vol0.75_band10,0.75,0.14719681453504466,band10,-7.5284789322681895,64,0.19407299590361976,0.19402318006116825,4.981584245149036e-05,-0.007058033894186848,0.8545954326579763,0.08933702859280342,178.67405718560684
matched_gbm,0,validation,64,5.0,0.18,vol1_daily,1.0,0.19626241938005953,daily,-7.75501710442843,64,0.14188199232767082,0.12840198060096422,0.013480011726706577,-0.11610345269072138,0.7543233528575005,0.12717595542547663,254.3519108509533
matched_gbm,0,validation,64,5.0,0.18,vol1_every5,1.0,0.19626241938005953,every5,-7.75501710442843,64,0.6062221155330407,0.6060504596533886,0.00017165587965212306,-0.013101751014735513,1.505756982578137,0.08723797559301846,174.47595118603692
matched_gbm,0,validation,64,5.0,0.18,vol1_band05,1.0,0.19626241938005953,band05,-7.75501710442843,64,0.16263427156023963,0.1604093996029632,0.0022248719572764484,-0.04716854839060079,0.7937515792143615,0.0964708934563634,192.9417869127268
matched_gbm,0,validation,64,5.0,0.18,vol1_band10,1.0,0.19626241938005953,band10,-7.75501710442843,64,0.21608280524485973,0.2160727856165004,1.0019628359335164e-05,0.003165379654849504,0.8196531100253143,0.0821833449730705,164.36668994614098
matched_gbm,0,validation,64,5.0,0.18,vol1.25_daily,1.25,0.2453280242250744,daily,-7.679896217126685,64,0.16161844354196916,0.151433308464045,0.01018513507792417,-0.1009214302213567,0.7521130080863322,0.11949172012820729,238.98344025641458
matched_gbm,0,validation,64,5.0,0.18,vol1.25_every5,1.25,0.2453280242250744,every5,-7.679896217126685,64,0.6250870546500612,0.6250764484666833,1.0606183377879504e-05,-0.0032567135854845303,1.434922727575172,0.08454594870267307,169.09189740534615
matched_gbm,0,validation,64,5.0,0.18,vol1.25_band05,1.25,0.2453280242250744,band05,-7.679896217126685,64,0.20252369175557666,0.2015181689319117,0.00100552282366497,-0.03170997987487488,0.8036668861162758,0.08997940610537078,179.95881221074154
matched_gbm,0,validation,64,5.0,0.18,vol1.25_band10,1.25,0.2453280242250744,band10,-7.679896217126685,64,0.28929281891816067,0.2888342078608392,0.000458611057321508,0.021415206217113764,0.9540580006389596,0.07731931568314063,154.63863136628126
matched_gbm,0,validation,256,5.0,0.18,vol0.75_daily,0.75,0.14719681453504466,daily,-7.519802535167647,256,0.2796982448276715,0.26366655121024923,0.016031693617422287,-0.12661632445076854,1.2160154124882874,0.1351476792431299,270.2953584862598
matched_gbm,0,validation,256,5.0,0.18,vol0.75_every5,0.75,0.14719681453504466,every5,-7.519802535167647,256,0.8594194814397766,0.8574641194018698,0.0019553620379069644,-0.044219475776030685,2.0449231459515427,0.08972677112013741,179.45354224027483
matched_gbm,0,validation,256,5.0,0.18,vol0.75_band05,0.75,0.14719681453504466,band05,-7.519802535167647,256,0.24524507475692744,0.2402432415906163,0.005001833166311159,-0.07072363937405342,1.0784242221825433,0.1048243077820132,209.6486155640264
matched_gbm,0,validation,256,5.0,0.18,vol0.75_band10,0.75,0.14719681453504466,band10,-7.519802535167647,256,0.2955032163288517,0.2946866201061711,0.0008165962226805823,-0.02857614779288108,1.0476419675213815,0.08852929758366801,177.05859516733602
matched_gbm,0,validation,256,5.0,0.18,vol1_daily,1.0,0.19626241938005953,daily,-7.750136631059375,256,0.20195170562149245,0.1900637554638529,0.011887950157639545,-0.1090318767959148,0.9163817415780888,0.12472522208094604,249.45044416189208
matched_gbm,0,validation,256,5.0,0.18,vol1_every5,1.0,0.19626241938005953,every5,-7.750136631059375,256,0.8207807333208729,0.8197931798004396,0.000987553520433319,-0.031425364284814884,1.882675814818266,0.08609001513731096,172.1800302746219
matched_gbm,0,validation,256,5.0,0.18,vol1_band05,1.0,0.19626241938005953,band05,-7.750136631059375,256,0.2489718353068714,0.2460157205686313,0.0029561147382401315,-0.05437016404463142,0.9590990279494458,0.09515347252768745,190.3069450553749
matched_gbm,0,validation,256,5.0,0.18,vol1_band10,1.0,0.19626241938005953,band10,-7.750136631059375,256,0.3863870527558223,0.3862355027080867,0.0001515500477356703,-0.012310566507503638,1.1318175926106613,0.08118013671200422,162.36027342400843
matched_gbm,0,validation,256,5.0,0.18,vol1.25_daily,1.25,0.2453280242250744,daily,-7.67677271417049,256,0.2270290904102979,0.21806814544271655,0.00896094496758134,-0.09466226791906762,0.8493740883941685,0.11672664405971091,233.4532881194218
matched_gbm,0,validation,256,5.0,0.18,vol1.25_every5,1.25,0.2453280242250744,every5,-7.67677271417049,256,0.8480923148345458,0.8477039123323743,0.0003884025021715462,-0.019707929931160863,1.8045587427615344,0.08325088924015821,166.5017784803164
matched_gbm,0,validation,256,5.0,0.18,vol1.25_band05,1.25,0.2453280242250744,band05,-7.67677271417049,256,0.3355972427840552,0.3338781161003951,0.0017191266836600572,-0.0414623526064315,1.0333974383941926,0.08831751927845793,176.63503855691587
matched_gbm,0,validation,256,5.0,0.18,vol1.25_band10,1.25,0.2453280242250744,band10,-7.67677271417049,256,0.5430436248517085,0.5430416851943408,1.939657367685921e-06,-0.0013927158244544796,1.356798013780266,0.07634857532438932,152.69715064877866
matched_gbm,0,test,,20.0,0.72,vol0.75_daily,0.75,0.14719681453504466,daily,-7.4824728815618,128,0.7121770527551825,0.3503525980354778,0.3618244547197047,-0.6015184575054241,1.8498767407568149,0.5512183206296353,275.60916031481764
matched_gbm,0,test,,20.0,0.72,vol0.75_every5,0.75,0.14719681453504466,every5,-7.4824728815618,128,1.299792611941496,1.1003425951669608,0.19945001677453517,-0.44659827224759296,2.859949878239661,0.3694535153934144,184.7267576967072
matched_gbm,0,test,,20.0,0.72,vol0.75_band05,0.75,0.14719681453504466,band05,-7.4824728815618,128,0.45954592270785044,0.24393656671549774,0.21560935599235265,-0.4643375453184382,1.449023840124401,0.42887568466411385,214.43784233205696
matched_gbm,0,test,,20.0,0.72,vol0.75_band10,0.75,0.14719681453504466,band10,-7.4824728815618,128,0.4242642157194504,0.274241543663457,0.15002267205599337,-0.38732760301325464,1.364633089617717,0.3633799432358008,181.68997161790043
matched_gbm,0,test,,20.0,0.72,vol1_daily,1.0,0.19626241938005953,daily,-7.729138700906086,128,0.47971696580576584,0.1801069678819438,0.2996099979238221,-0.5473664201646116,1.4229750226512967,0.5088076264312926,254.40381321564635
matched_gbm,0,test,,20.0,0.72,vol1_every5,1.0,0.19626241938005953,every5,-7.729138700906086,128,1.1077610869637455,0.933365024058098,0.17439606290564755,-0.4176075465142453,2.478892679679911,0.3537900848271877,176.89504241359384
matched_gbm,0,test,,20.0,0.72,vol1_band05,1.0,0.19626241938005953,band05,-7.729138700906086,128,0.35530955839063266,0.18348573601762472,0.17182382237300795,-0.4145163716585968,1.197443296771668,0.38960390433302894,194.80195216651447
matched_gbm,0,test,,20.0,0.72,vol1_band10,1.0,0.19626241938005953,band10,-7.729138700906086,128,0.4403749786019179,0.3135293097046912,0.12684566889722665,-0.3561539960427605,1.3111173203508255,0.33340248853744947,166.70124426872474
matched_gbm,0,test,,20.0,0.72,vol1.25_daily,1.25,0.2453280242250744,daily,-7.663334038872385,128,0.40666071160856654,0.15098866030742145,0.2556720513011451,-0.5056402390051103,1.1761680947718265,0.4759719121934307,237.98595609671537
matched_gbm,0,test,,20.0,0.72,vol1.25_every5,1.25,0.2453280242250744,every5,-7.663334038872385,128,1.0586619739622012,0.9013391023087991,0.15732287165340206,-0.39663947314078823,2.2760608597407743,0.34168853789761827,170.84426894880912
matched_gbm,0,test,,20.0,0.72,vol1.25_band05,1.25,0.2453280242250744,band05,-7.663334038872385,128,0.38144047279029303,0.23876551081458455,0.1426749619757085,-0.3777233934716097,1.2183733063938451,0.36163807021844985,180.8190351092249
matched_gbm,0,test,,20.0,0.72,vol1.25_band10,1.25,0.2453280242250744,band10,-7.663334038872385,128,0.5531197439001196,0.44242862429914265,0.11069111960097693,-0.33270274961439217,1.5330521018491738,0.3133365045207011,156.66825226035056
matched_gbm,0,reference,,20.0,0.72,vol0.75_daily,0.75,0.14719681453504466,daily,-7.521951880903786,512,0.6378957769422458,0.38511975764833206,0.2527760192939137,-0.5027683555017297,1.7613505973196422,0.5256502958377618,262.82514791888093
matched_gbm,0,reference,,20.0,0.72,vol0.75_every5,0.75,0.14719681453504466,every5,-7.521951880903786,512,1.0656477210631314,0.9466232636979537,0.11902445736517776,-0.34499921357182506,2.374196735553793,0.35333251465217713,176.66625732608856
matched_gbm,0,reference,,20.0,0.72,vol0.75_band05,0.75,0.14719681453504466,band05,-7.521951880903786,512,0.5088702813299173,0.355117284400338,0.15375299692957933,-0.39211350006035156,1.5776979202682493,0.40927771144689135,204.63885572344566
matched_gbm,0,reference,,20.0,0.72,vol0.75_band10,0.75,0.14719681453504466,band10,-7.521951880903786,512,0.5266485556107733,0.4147787674647034,0.11186978814606988,-0.33446941287069865,1.5895530854493083,0.3475125316255749,173.75626581278743
matched_gbm,0,reference,,20.0,0.72,vol1_daily,1.0,0.19626241938005953,daily,-7.7513456380359536,512,0.47305115848242774,0.25103924757165014,0.22201191091077757,-0.4711813991561823,1.4312764297724632,0.4883003225607093,244.15016128035467
matched_gbm,0,reference,,20.0,0.72,vol1_every5,1.0,0.19626241938005953,every5,-7.7513456380359536,512,0.9568000308748226,0.8433213863442998,0.11347864453052296,-0.3368659147650931,2.146994897952801,0.3401944604101472,170.09723020507363
matched_gbm,0,reference,,20.0,0.72,vol1_band05,1.0,0.19626241938005953,band05,-7.7513456380359536,512,0.4419873710227842,0.311605093457853,0.13038227756493118,-0.3610848619991306,1.3796684919465732,0.37353610163365014,186.76805081682505
matched_gbm,0,reference,,20.0,0.72,vol1_band10,1.0,0.19626241938005953,band10,-7.7513456380359536,512,0.5639785390731701,0.46541445316564106,0.09856408590752909,-0.31394917726843796,1.5678935077048404,0.32053240044123965,160.26620022061982
matched_gbm,0,reference,,20.0,0.72,vol1.25_daily,1.25,0.2453280242250744,daily,-7.6775464786355,512,0.4465461414605112,0.24901407049252522,0.197532070967986,-0.444445802059133,1.2954440878167923,0.45889811434820094,229.44905717410046
matched_gbm,0,reference,,20.0,0.72,vol1.25_every5,1.25,0.2453280242250744,every5,-7.6775464786355,512,0.9613927287819748,0.8534206556620326,0.1079720731199422,-0.3285910423610817,2.056925631226698,0.3297433577523325,164.87167887616624
matched_gbm,0,reference,,20.0,0.72,vol1.25_band05,1.25,0.2453280242250744,band05,-7.6775464786355,512,0.49488235434224187,0.37996198752914134,0.11492036681310056,-0.3389990660947321,1.3931831555687355,0.3481526288566682,174.07631442833411
matched_gbm,0,reference,,20.0,0.72,vol1.25_band10,1.25,0.2453280242250744,band10,-7.6775464786355,512,0.6953522462024657,0.6063671008419598,0.08898514536050595,-0.2983037803322411,1.7078958283851353,0.30252453742154617,151.26226871077313
matched_gbm,0,validation,16,20.0,0.72,vol0.75_daily,0.75,0.14719681453504466,daily,-7.410511115720004,16,0.6092840735675848,0.2963929960672075,0.3128910775003773,-0.5593666753573878,1.6265438245274964,0.551537688860749,275.76884443037454
matched_gbm,0,validation,16,20.0,0.72,vol0.75_every5,0.75,0.14719681453504466,every5,-7.410511115720004,16,1.0566630518860125,0.9065789824021353,0.15008406948387712,-0.38740685265477315,2.271709355211531,0.36769020898083427,183.84510449041716
matched_gbm,0,validation,16,20.0,0.72,vol0.75_band05,0.75,0.14719681453504466,band05,-7.410511115720004,16,0.5700777191643497,0.3838574059903798,0.18622031317396995,-0.4315325169369858,1.6288642574488492,0.4280375375520318,214.0187687760159
matched_gbm,0,validation,16,20.0,0.72,vol0.75_band10,0.75,0.14719681453504466,band10,-7.410511115720004,16,0.4592232624406034,0.36720740447495925,0.0920158579656442,-0.3033411577179137,1.3303036359882314,0.358193639999142,179.09681999957104
matched_gbm,0,validation,16,20.0,0.72,vol1_daily,1.0,0.19626241938005953,daily,-7.688660207620075,16,0.46751530386650614,0.21438609411030604,0.25312920975620007,-0.5031194786094055,1.2738528748739277,0.5134678743041206,256.73393715206026
matched_gbm,0,validation,16,20.0,0.72,vol1_every5,1.0,0.19626241938005953,every5,-7.688660207620075,16,0.9395244908778204,0.8345189099167499,0.10500558096107035,-0.3240456464158566,2.085728767468969,0.35222117693855326,176.11058846927665
matched_gbm,0,validation,16,20.0,0.72,vol1_band05,1.0,0.19626241938005953,band05,-7.688660207620075,16,0.45715808919746415,0.321932275115865,0.13522581408159923,-0.36773062706497434,1.2566609738081467,0.38979996549721185,194.89998274860594
matched_gbm,0,validation,16,20.0,0.72,vol1_band10,1.0,0.19626241938005953,band10,-7.688660207620075,16,0.43296447022419177,0.37955632457864696,0.053408145645544754,-0.23110202432160726,0.952905344786288,0.3259767362806514,162.9883681403257
matched_gbm,0,validation,16,20.0,0.72,vol1.25_daily,1.25,0.2453280242250744,daily,-7.637427803169338,16,0.4052257441591584,0.21687994482446588,0.1883457993346925,-0.43398824792232854,0.9820392045736511,0.4816937992207012,240.8468996103506
matched_gbm,0,validation,16,20.0,0.72,vol1.25_every5,1.25,0.2453280242250744,every5,-7.637427803169338,16,0.8773157505026963,0.8140352127709372,0.06328053773175928,-0.2515562317490053,1.8969268273172528,0.3389574511461264,169.47872557306317
matched_gbm,0,validation,16,20.0,0.72,vol1.25_band05,1.25,0.2453280242250744,band05,-7.637427803169338,16,0.4174595870129717,0.32925742023119436,0.08820216678177734,-0.29698849604282207,0.9444564971816379,0.3616871313174473,180.84356565872366
matched_gbm,0,validation,16,20.0,0.72,vol1.25_band10,1.25,0.2453280242250744,band10,-7.637427803169338,16,0.4517897287682728,0.4254718279601317,0.02631790080814108,-0.16222792857008647,0.8809292155818242,0.3033821213291186,151.6910606645593
matched_gbm,0,validation,64,20.0,0.72,vol0.75_daily,0.75,0.14719681453504466,daily,-7.5284789322681895,64,0.5276299041860324,0.24182246136297925,0.2858074428230531,-0.5346096172190069,1.4701922036675485,0.5474775575216742,273.73877876083714
matched_gbm,0,validation,64,20.0,0.72,vol0.75_every5,0.75,0.14719681453504466,every5,-7.5284789322681895,64,0.7446433103575919,0.6637459468143557,0.08089736354323619,-0.2844246183846191,1.90820213106992,0.36249742826321574,181.24871413160787
matched_gbm,0,validation,64,20.0,0.72,vol0.75_band05,0.75,0.14719681453504466,band05,-7.5284789322681895,64,0.3801819610192015,0.23896347927038658,0.14121848174881485,-0.3757904758623013,1.3368267311980049,0.4222811352812791,211.14056764063952
matched_gbm,0,validation,64,20.0,0.72,vol0.75_band10,0.75,0.14719681453504466,band10,-7.5284789322681895,64,0.30319546839590694,0.2275324477984494,0.07566302059745753,-0.27506911967259706,1.1980227873395923,0.35734811437121367,178.67405718560684
matched_gbm,0,validation,64,20.0,0.72,vol1_daily,1.0,0.19626241938005953,daily,-7.75501710442843,64,0.41030412224967694,0.16266719263269025,0.24763692961698666,-0.4976313189671513,1.2068492287061026,0.5087038217019065,254.3519108509533
matched_gbm,0,validation,64,20.0,0.72,vol1_every5,1.0,0.19626241938005953,every5,-7.75501710442843,64,0.7103589723715227,0.634835315610262,0.0755236567612607,-0.2748156777937909,1.7774510019535992,0.34895190237207385,174.47595118603692
matched_gbm,0,validation,64,20.0,0.72,vol1_band05,1.0,0.19626241938005953,band05,-7.75501710442843,64,0.3036291989119128,0.19034227535852938,0.11328692355338343,-0.336581228759691,1.1547571173274638,0.3858835738254536,192.9417869127268
matched_gbm,0,validation,64,20.0,0.72,vol1_band10,1.0,0.19626241938005953,band10,-7.75501710442843,64,0.29660665546749343,0.23737056504934112,0.05923609041815232,-0.24338465526436198,1.0970842231820293,0.328733379892282,164.36668994614098
matched_gbm,0,validation,64,20.0,0.72,vol1.25_daily,1.25,0.2453280242250744,daily,-7.679896217126685,64,0.38112387539572273,0.17007864793532568,0.21104522746039706,-0.45939659060597854,1.1367089545039508,0.47796688051282915,238.98344025641458
matched_gbm,0,validation,64,20.0,0.72,vol1.25_every5,1.25,0.2453280242250744,every5,-7.679896217126685,64,0.7176558059889974,0.6516609911888782,0.06599481480011918,-0.2568945596935038,1.6682477627349663,0.3381837948106923,169.09189740534615
matched_gbm,0,validation,64,20.0,0.72,vol1.25_band05,1.25,0.2453280242250744,band05,-7.679896217126685,64,0.3129437642825605,0.22195212881069143,0.0909916354718691,-0.3016481981909872,1.105572612325028,0.3599176244214831,179.95881221074154
matched_gbm,0,validation,64,20.0,0.72,vol1.25_band10,1.25,0.2453280242250744,band10,-7.679896217126685,64,0.35084262971001495,0.3065143839928345,0.04432824571718046,-0.21054274083230812,1.1919721536438388,0.3092772627325625,154.63863136628126
matched_gbm,0,validation,256,20.0,0.72,vol0.75_daily,0.75,0.14719681453504466,daily,-7.519802535167647,256,0.6390992442649475,0.35601207938139073,0.2830871648835567,-0.5320593621801581,1.797967607909105,0.5405907169725196,270.2953584862598
matched_gbm,0,validation,256,20.0,0.72,vol0.75_every5,0.75,0.14719681453504466,every5,-7.519802535167647,256,0.9961918636959493,0.8979724358651824,0.09821942783076687,-0.3133997891364429,2.362968910060624,0.35890708448054964,179.45354224027483
matched_gbm,0,validation,256,20.0,0.72,vol0.75_band05,0.75,0.14719681453504466,band05,-7.519802535167647,256,0.44514943296857257,0.2967730410371979,0.14837639193137458,-0.38519656272009306,1.5206430626505534,0.4192972311280528,209.6486155640264
matched_gbm,0,validation,256,20.0,0.72,vol0.75_band10,0.75,0.14719681453504466,band10,-7.519802535167647,256,0.41375843890706054,0.327225956157956,0.0865324827491045,-0.2941640405438851,1.3714770352872865,0.35411719033467204,177.05859516733602
matched_gbm,0,validation,256,20.0,0.72,vol1_daily,1.0,0.19626241938005953,daily,-7.750136631059375,256,0.4625665560483778,0.22907702639882965,0.2334895296495482,-0.48320754303875285,1.4048149653930317,0.49890088832378415,249.45044416189208
matched_gbm,0,validation,256,20.0,0.72,vol1_every5,1.0,0.19626241938005953,every5,-7.750136631059375,256,0.9331057326549048,0.8491823022555383,0.08392343039936655,-0.2896954096967478,2.1760486523530878,0.34436006054924384,172.1800302746219
matched_gbm,0,validation,256,20.0,0.72,vol1_band05,1.0,0.19626241938005953,band05,-7.750136631059375,256,0.38726170455091047,0.27177688034149383,0.11548482420941666,-0.3398305816276938,1.3063390217856783,0.3806138901107498,190.3069450553749
matched_gbm,0,validation,256,20.0,0.72,vol1_band10,1.0,0.19626241938005953,band10,-7.750136631059375,256,0.4694153716087802,0.40395564935933914,0.06545972224944112,-0.2558509766435163,1.3922636150407626,0.3247205468480169,162.36027342400843
matched_gbm,0,validation,256,20.0,0.72,vol1.25_daily,1.25,0.2453280242250744,daily,-7.67677271417049,256,0.42964228734764043,0.2317577043594331,0.19788458298820727,-0.4448422000982003,1.2375407942070016,0.46690657623884363,233.4532881194218
matched_gbm,0,validation,256,20.0,0.72,vol1.25_every5,1.25,0.2453280242250744,every5,-7.67677271417049,256,0.9443426554275078,0.8717336417407312,0.07260901368677658,-0.2694605976516355,2.0644081419749805,0.33300355696063283,166.5017784803164
matched_gbm,0,validation,256,20.0,0.72,vol1.25_band05,1.25,0.2453280242250744,band05,-7.67677271417049,256,0.4423446505372734,0.3484545531962139,0.09389009734105956,-0.3064149104418053,1.3143660274070432,0.35327007711383174,176.63503855691587
matched_gbm,0,validation,256,20.0,0.72,vol1.25_band10,1.25,0.2453280242250744,band10,-7.67677271417049,256,0.6104774314631425,0.5573755560050262,0.053101875458116246,-0.2304384417976225,1.5770929718964644,0.3053943012975573,152.69715064877866
matched_gbm,1,test,,5.0,0.18,vol0.75_daily,0.75,0.14036319274292144,daily,-7.504343072291229,128,0.32296013292698234,0.3198579963234165,0.0031021366035658593,-0.055696827589781624,1.1430804710756772,0.13047135073551236,260.9427014710247
matched_gbm,1,test,,5.0,0.18,vol0.75_every5,0.75,0.14036319274292144,every5,-7.504343072291229,128,1.3018248413422886,1.2414826879263587,0.060342153415929814,-0.24564639915115755,2.7004823444302235,0.0905024783655223,181.00495673104462
matched_gbm,1,test,,5.0,0.18,vol0.75_band05,0.75,0.14036319274292144,band05,-7.504343072291229,128,0.30642076474278046,0.303202813342332,0.003217951400448486,-0.05672699005278251,1.1574764462436469,0.1027707495578198,205.54149911563962
matched_gbm,1,test,,5.0,0.18,vol0.75_band10,0.75,0.14036319274292144,band10,-7.504343072291229,128,0.3305773830170239,0.3282019146326699,0.0023754683843539683,-0.048738777009214834,1.1833954864315468,0.08794371365282538,175.8874273056508
matched_gbm,1,test,,5.0,0.18,vol1_daily,1.0,0.1871509236572286,daily,-7.783035793043676,128,0.24944292143012267,0.24374051601188068,0.005702405418242043,-0.07551427294387494,0.9621848625183197,0.12173470008858277,243.46940017716554
matched_gbm,1,test,,5.0,0.18,vol1_every5,1.0,0.1871509236572286,every5,-7.783035793043676,128,1.0912722653763183,1.0454024671123894,0.04586979826392878,-0.2141723564420226,2.3447454276615436,0.08684085670075381,173.6817134015076
matched_gbm,1,test,,5.0,0.18,vol1_band05,1.0,0.1871509236572286,band05,-7.783035793043676,128,0.2770380603385497,0.27105364724211356,0.005984413096436215,-0.07735898846569941,1.0209731713423187,0.09428498457821552,188.569969156431
matched_gbm,1,test,,5.0,0.18,vol1_band10,1.0,0.1871509236572286,band10,-7.783035793043676,128,0.35906666575391755,0.3544322307230152,0.0046344350309022635,-0.06807668492885258,1.2314788849527727,0.08143411649977257,162.86823299954514
matched_gbm,1,test,,5.0,0.18,vol1.25_daily,1.25,0.23393865457153576,daily,-7.732055011090323,128,0.24986787176823524,0.24309035963108588,0.006777512137149407,-0.08232564689784956,0.9107682814150888,0.11484934850253718,229.6986970050744
matched_gbm,1,test,,5.0,0.18,vol1.25_every5,1.25,0.23393865457153576,every5,-7.732055011090323,128,1.0014598896317217,0.9662271045027591,0.0352327851289626,-0.1877039827200334,2.1388478447815022,0.08403992292085645,168.0798458417129
matched_gbm,1,test,,5.0,0.18,vol1.25_band05,1.25,0.23393865457153576,band05,-7.732055011090323,128,0.31842676686633925,0.3115406554750949,0.006886111391244374,-0.08298259691793439,1.0886247089068155,0.08821012944484241,176.42025888968482
matched_gbm,1,test,,5.0,0.18,vol1.25_band10,1.25,0.23393865457153576,band10,-7.732055011090323,128,0.44850983398899014,0.44243797072194224,0.0060718632670479795,-0.07792216159121858,1.340862428727338,0.07705726696237558,154.11453392475113
matched_gbm,1,reference,,5.0,0.18,vol0.75_daily,0.75,0.14036319274292144,daily,-7.489261100794552,512,0.24961561465822044,0.2428009713397041,0.006814643318516337,-0.08255085292422082,1.1321081437750704,0.13112858505487912,262.25717010975825
matched_gbm,1,reference,,5.0,0.18,vol0.75_every5,0.75,0.14036319274292144,every5,-7.489261100794552,512,0.8333546962123014,0.8310923355522397,0.002262360660061662,-0.047564279244635486,2.046932805537389,0.087101256457287,174.20251291457402
matched_gbm,1,reference,,5.0,0.18,vol0.75_band05,0.75,0.14036319274292144,band05,-7.489261100794552,512,0.2307050414292559,0.2262837816782261,0.004421259751029802,-0.06649255410216848,1.0290166011888924,0.10268372076702813,205.36744153405624
matched_gbm,1,reference,,5.0,0.18,vol0.75_band10,0.75,0.14036319274292144,band10,-7.489261100794552,512,0.28251970963471895,0.2805078968833796,0.0020118127513393327,-0.044853235684165896,1.042945275149042,0.08692404305822696,173.84808611645389
matched_gbm,1,reference,,5.0,0.18,vol1_daily,1.0,0.1871509236572286,daily,-7.774552184076795,512,0.16849986534543437,0.16235760370400182,0.006142261641432572,-0.07837258220470072,0.8387699354245967,0.12172314587990488,243.44629175980975
matched_gbm,1,reference,,5.0,0.18,vol1_every5,1.0,0.1871509236572286,every5,-7.774552184076795,512,0.7617647668736414,0.7592622724188223,0.002502494454818907,-0.050024938328986544,1.8243549456536239,0.08388061353303089,167.76122706606176
matched_gbm,1,reference,,5.0,0.18,vol1_band05,1.0,0.1871509236572286,band05,-7.774552184076795,512,0.21585777682610882,0.21194263689863868,0.003915139927470135,-0.06257107900196492,0.8763519135322748,0.09367553649820001,187.35107299640003
matched_gbm,1,reference,,5.0,0.18,vol1_band10,1.0,0.1871509236572286,band10,-7.774552184076795,512,0.34318617677898927,0.3411542845113521,0.0020318922676371568,-0.04507651569983151,1.1262976666430324,0.08000751262488343,160.01502524976684
matched_gbm,1,reference,,5.0,0.18,vol1.25_daily,1.25,0.23393865457153576,daily,-7.72662550135152,512,0.1893161813000775,0.1838663292344622,0.005449852065615286,-0.07382311335628758,0.7591935633696316,0.11439002904140431,228.78005808280864
matched_gbm,1,reference,,5.0,0.18,vol1.25_every5,1.25,0.23393865457153576,every5,-7.72662550135152,512,0.7766559324383928,0.7742193139189638,0.0024366185194290456,-0.04936211623734385,1.7629683429105163,0.081356413305574,162.712826611148
matched_gbm,1,reference,,5.0,0.18,vol1.25_band05,1.25,0.23393865457153576,band05,-7.72662550135152,512,0.2874074638082274,0.2840442401731592,0.0033632236350681797,-0.05799330681266744,0.9506895510519748,0.08724459935571077,174.48919871142152
matched_gbm,1,reference,,5.0,0.18,vol1.25_band10,1.25,0.23393865457153576,band10,-7.72662550135152,512,0.4754226393277825,0.47341509001533555,0.002007549312446967,-0.04480568393013287,1.3078088127513088,0.07550799142150696,151.01598284301394
matched_gbm,1,validation,16,5.0,0.18,vol0.75_daily,0.75,0.14036319274292144,daily,-7.057360163050946,16,0.23201591752566508,0.22619394674401805,0.005821970781647016,-0.0763018399623955,1.160907078568012,0.1264003201631137,252.8006403262274
matched_gbm,1,validation,16,5.0,0.18,vol0.75_every5,0.75,0.14036319274292144,every5,-7.057360163050946,16,2.5704600971197316,2.1813878684349075,0.38907222868482394,-0.6237565460055902,4.14880148551298,0.09227017479652758,184.54034959305517
matched_gbm,1,validation,16,5.0,0.18,vol0.75_band05,0.75,0.14036319274292144,band05,-7.057360163050946,16,0.2484822139770391,0.21629977408259696,0.03218243989444213,-0.17939464845541556,1.1428226776410302,0.10218543897300272,204.37087794600544
matched_gbm,1,validation,16,5.0,0.18,vol0.75_band10,0.75,0.14036319274292144,band10,-7.057360163050946,16,0.439505660554312,0.33702329064307274,0.1024823699112392,-0.32012867711474896,1.1432503938755594,0.09044419615192818,180.8883923038564
matched_gbm,1,validation,16,5.0,0.18,vol1_daily,1.0,0.1871509236572286,daily,-7.531607906596017,16,0.18942706062939357,0.1533134659822583,0.036113594647135254,-0.1900357720197312,0.9314387589413071,0.11970346663721662,239.40693327443321
matched_gbm,1,validation,16,5.0,0.18,vol1_every5,1.0,0.1871509236572286,every5,-7.531607906596017,16,2.2019659927596518,1.7195931160099553,0.4823728767496966,-0.6945306881266634,3.5637499998538007,0.09019986824280578,180.39973648561158
matched_gbm,1,validation,16,5.0,0.18,vol1_band05,1.0,0.1871509236572286,band05,-7.531607906596017,16,0.3488882530044881,0.2599173234991823,0.08897092950530588,-0.29827995156447557,1.114728616030764,0.09546486788547377,190.92973577094756
matched_gbm,1,validation,16,5.0,0.18,vol1_band10,1.0,0.1871509236572286,band10,-7.531607906596017,16,0.6642119468249972,0.4696797457108173,0.19453220111417982,-0.4410580473295775,1.2578709629294025,0.08511546410330692,170.23092820661384
matched_gbm,1,validation,16,5.0,0.18,vol1.25_daily,1.25,0.23393865457153576,daily,-7.571141163763821,16,0.26440985530120475,0.17821311749399082,0.08619673780721396,-0.29359280952914013,0.888506648790477,0.11496993562097094,229.9398712419419
matched_gbm,1,validation,16,5.0,0.18,vol1.25_every5,1.25,0.23393865457153576,every5,-7.571141163763821,16,2.069279807109171,1.4944813810698798,0.5747984260392912,-0.7581546188207859,3.150840624089268,0.08866922091861584,177.33844183723167
matched_gbm,1,validation,16,5.0,0.18,vol1.25_band05,1.25,0.23393865457153576,band05,-7.571141163763821,16,0.524223493661869,0.35603262809225583,0.16819086556961327,-0.4101107966996398,1.1500426638242434,0.09147614739916787,182.95229479833574
matched_gbm,1,validation,16,5.0,0.18,vol1.25_band10,1.25,0.23393865457153576,band10,-7.571141163763821,16,0.9268808140057969,0.6257414284488219,0.3011393855569749,-0.5487616837544098,1.547168959098347,0.08184429629581835,163.6885925916367
matched_gbm,1,validation,64,5.0,0.18,vol0.75_daily,0.75,0.14036319274292144,daily,-7.289663788508241,64,0.31284723664455416,0.2705059733896764,0.04234126325487773,-0.20576992796538013,1.2685996696310466,0.1347200587377988,269.4401174755976
matched_gbm,1,validation,64,5.0,0.18,vol0.75_every5,0.75,0.14036319274292144,every5,-7.289663788508241,64,1.2924452834817948,1.112114623090588,0.18033066039120693,-0.4246535769203021,2.6583272142627052,0.09263350035840645,185.2670007168129
matched_gbm,1,validation,64,5.0,0.18,vol0.75_band05,0.75,0.14036319274292144,band05,-7.289663788508241,64,0.2806964915920463,0.23112061760315983,0.0495758739888865,-0.22265640343113086,1.1919080652977152,0.10674982483344017,213.49964966688034
matched_gbm,1,validation,64,5.0,0.18,vol0.75_band10,0.75,0.14036319274292144,band10,-7.289663788508241,64,0.33971527264480705,0.267722136382304,0.07199313626250305,-0.2683153671754621,1.1193007657071385,0.09235875042594918,184.71750085189836
matched_gbm,1,validation,64,5.0,0.18,vol1_daily,1.0,0.1871509236572286,daily,-7.662278695915745,64,0.20522198754667914,0.16078703489416912,0.04443495265251002,-0.21079599771463883,0.9253329782844323,0.1253182064269358,250.63641285387166
matched_gbm,1,validation,64,5.0,0.18,vol1_every5,1.0,0.1871509236572286,every5,-7.662278695915745,64,1.0417971689326258,0.8915860053039734,0.15021116362865247,-0.38757084981800743,2.275728024081454,0.08875680579109736,177.51361158219473
matched_gbm,1,validation,64,5.0,0.18,vol1_band05,1.0,0.1871509236572286,band05,-7.662278695915745,64,0.24766836401964423,0.19192651573851877,0.05574184828112546,-0.23609711620671156,1.0114684535030163,0.0978000277281704,195.60005545634078
matched_gbm,1,validation,64,5.0,0.18,vol1_band10,1.0,0.1871509236572286,band10,-7.662278695915745,64,0.3956595853436155,0.3209844152158797,0.07467517012773578,-0.2732675797231274,1.197805568398412,0.08473653196848113,169.47306393696226
matched_gbm,1,validation,64,5.0,0.18,vol1.25_daily,1.25,0.23393865457153576,daily,-7.654770468928447,64,0.20368916288140682,0.1591201298180778,0.04456903306332902,-0.21111379174115796,0.7979873366949488,0.1179711967169393,235.94239343387858
matched_gbm,1,validation,64,5.0,0.18,vol1.25_every5,1.25,0.23393865457153576,every5,-7.654770468928447,64,0.951635475009267,0.8212773574013681,0.130358117607899,-0.36105140576917716,2.1013995728041244,0.0858200885399722,171.64017707994435
matched_gbm,1,validation,64,5.0,0.18,vol1.25_band05,1.25,0.23393865457153576,band05,-7.654770468928447,64,0.3017865937886053,0.24240856078414258,0.05937803300446265,-0.24367608213458836,0.9812657281798902,0.0914237524297885,182.84750485957696
matched_gbm,1,validation,64,5.0,0.18,vol1.25_band10,1.25,0.23393865457153576,band10,-7.654770468928447,64,0.5156580594997013,0.4430434526208098,0.07261460687889154,-0.2694709759489722,1.3259020037984228,0.07964109487259942,159.28218974519882
matched_gbm,1,validation,256,5.0,0.18,vol0.75_daily,0.75,0.14036319274292144,daily,-7.385319617465111,256,0.29194855509415674,0.26995984664178313,0.02198870845237365,-0.14828590105729422,1.2223017891923793,0.13134461612150825,262.6892322430165
matched_gbm,1,validation,256,5.0,0.18,vol0.75_every5,0.75,0.14036319274292144,every5,-7.385319617465111,256,0.9817244737465488,0.9173730052177528,0.06435146852879609,-0.25367591239373927,2.2617331291399436,0.08943124642730901,178.86249285461804
matched_gbm,1,validation,256,5.0,0.18,vol0.75_band05,0.75,0.14036319274292144,band05,-7.385319617465111,256,0.2773375625037999,0.25904394229097294,0.018293620212826964,-0.13525391015725557,1.1358119925267782,0.10333204713406247,206.66409426812493
matched_gbm,1,validation,256,5.0,0.18,vol0.75_band10,0.75,0.14036319274292144,band10,-7.385319617465111,256,0.32221972889611794,0.3041085178981675,0.018111210997950482,-0.1345778993666883,1.1492284259493797,0.08867734901874534,177.3546980374907
matched_gbm,1,validation,256,5.0,0.18,vol1_daily,1.0,0.1871509236572286,daily,-7.716085099703984,256,0.19044312867399588,0.16982376510276262,0.020619363571233253,-0.14359444129642782,0.9246722539497436,0.12195890849202862,243.9178169840572
matched_gbm,1,validation,256,5.0,0.18,vol1_every5,1.0,0.1871509236572286,every5,-7.716085099703984,256,0.8490946750591024,0.7953463671161831,0.053748307942919266,-0.23183681317452426,1.9873980267440554,0.08559129746136451,171.18259492272904
matched_gbm,1,validation,256,5.0,0.18,vol1_band05,1.0,0.1871509236572286,band05,-7.716085099703984,256,0.23569668803309607,0.21753106682973405,0.01816562120336202,-0.13477989910725569,0.9669364330864606,0.09435293757697655,188.70587515395312
matched_gbm,1,validation,256,5.0,0.18,vol1_band10,1.0,0.1871509236572286,band10,-7.716085099703984,256,0.3563400911943856,0.33912505882002364,0.017215032374361967,-0.13120606835951593,1.1870749115343653,0.08133579170973965,162.6715834194793
matched_gbm,1,validation,256,5.0,0.18,vol1.25_daily,1.25,0.23393865457153576,daily,-7.689206567352921,256,0.19439638555693267,0.17554701559840846,0.018849369958524213,-0.13729300768256267,0.8328187906630755,0.11456238242892341,229.12476485784683
matched_gbm,1,validation,256,5.0,0.18,vol1.25_every5,1.25,0.23393865457153576,every5,-7.689206567352921,256,0.8318113775223859,0.7860393209588031,0.045772056563582846,-0.21394405007754444,1.8522488438895266,0.08264216616257758,165.28433232515516
matched_gbm,1,validation,256,5.0,0.18,vol1.25_band05,1.25,0.23393865457153576,band05,-7.689206567352921,256,0.2873176655755033,0.26966580665301937,0.017651858922483946,-0.13286029851872208,0.9956627541191877,0.0879249762995297,175.8499525990594
matched_gbm,1,validation,256,5.0,0.18,vol1.25_band10,1.25,0.23393865457153576,band10,-7.689206567352921,256,0.46895778385147835,0.4523098363494499,0.016647947502028453,-0.12902692549242756,1.3137997864348818,0.07647110269604027,152.9422053920805
matched_gbm,1,test,,20.0,0.72,vol0.75_daily,0.75,0.14036319274292144,daily,-7.504343072291229,128,0.5991559578382695,0.39924781900603135,0.19990813883223815,-0.4471108797963187,1.6742755965866656,0.5218854029420494,260.9427014710247
matched_gbm,1,test,,20.0,0.72,vol0.75_every5,0.75,0.14036319274292144,every5,-7.504343072291229,128,1.5884336429604913,1.3209855546833684,0.26744808827712285,-0.5171538342477244,3.055626337060206,0.3620099134620892,181.00495673104462
matched_gbm,1,test,,20.0,0.72,vol0.75_band05,0.75,0.14036319274292144,band05,-7.504343072291229,128,0.4905885242083964,0.35733487839856226,0.13325364580983426,-0.36503923872624194,1.558138308480883,0.4110829982312792,205.54149911563962
matched_gbm,1,test,,20.0,0.72,vol0.75_band10,0.75,0.14036319274292144,band10,-7.504343072291229,128,0.45997987153931785,0.3622799179209888,0.09769995361832913,-0.31256991796769107,1.5348663475002755,0.35177485461130154,175.8874273056508
matched_gbm,1,test,,20.0,0.72,vol1_daily,1.0,0.1871509236572286,daily,-7.783035793043676,128,0.4741002976075846,0.27986761312304786,0.19423268448453676,-0.44071837320962326,1.400226866270475,0.48693880035433107,243.46940017716554
matched_gbm,1,test,,20.0,0.72,vol1_every5,1.0,0.1871509236572286,every5,-7.783035793043676,128,1.3256788347788193,1.1003435614919361,0.2253352732868831,-0.4746949265442839,2.6721342164102895,0.34736342680301524,173.6817134015076
matched_gbm,1,test,,20.0,0.72,vol1_band05,1.0,0.1871509236572286,band05,-7.783035793043676,128,0.42610563765147574,0.2963515534959616,0.12975408415551418,-0.36021394220034597,1.3650810632597832,0.3771399383128621,188.569969156431
matched_gbm,1,test,,20.0,0.72,vol1_band10,1.0,0.1871509236572286,band10,-7.783035793043676,128,0.470202417543343,0.37262175639306705,0.09758066115027605,-0.3123790344281704,1.5179838568503472,0.3257364659990903,162.86823299954514
matched_gbm,1,test,,20.0,0.72,vol1.25_daily,1.25,0.23393865457153576,daily,-7.732055011090323,128,0.4410731823109193,0.25885203304304705,0.18222114926787225,-0.42687369240546114,1.3050873712884672,0.45939739401014873,229.6986970050744
matched_gbm,1,test,,20.0,0.72,vol1.25_every5,1.25,0.23393865457153576,every5,-7.732055011090323,128,1.2018245570982233,1.0083796247299932,0.19344493236823032,-0.4398237514826028,2.4465598787540186,0.3361596916834258,168.0798458417129
matched_gbm,1,test,,20.0,0.72,vol1.25_band05,1.25,0.23393865457153576,band05,-7.732055011090323,128,0.4465464226853517,0.3257116351692236,0.12083478751612813,-0.34761298525246165,1.3816957640939556,0.35284051777936964,176.42025888968482
matched_gbm,1,test,,20.0,0.72,vol1.25_band10,1.25,0.23393865457153576,band10,-7.732055011090323,128,0.5526492283160627,0.4571101506754979,0.09553907764056474,-0.3090939624783453,1.6005042433814491,0.3082290678495023,154.11453392475113
matched_gbm,1,reference,,20.0,0.72,vol0.75_daily,0.75,0.14036319274292144,daily,-7.489261100794552,512,0.5498208906085109,0.32330523568938363,0.22651565491912734,-0.4759366080888581,1.6791637382504119,0.5245143402195165,262.25717010975825
matched_gbm,1,reference,,20.0,0.72,vol0.75_every5,0.75,0.14036319274292144,every5,-7.489261100794552,512,0.9760406459525371,0.8806411744963749,0.09539947145616247,-0.3088680486164965,2.376177521773689,0.348405025829148,174.20251291457402
matched_gbm,1,reference,,20.0,0.72,vol0.75_band05,0.75,0.14036319274292144,band05,-7.489261100794552,512,0.41494077720532324,0.2746577817081629,0.14028299549716033,-0.3745437164032529,1.4433944930077944,0.4107348830681125,205.36744153405624
matched_gbm,1,reference,,20.0,0.72,vol0.75_band10,0.75,0.14036319274292144,band10,-7.489261100794552,512,0.40500861492354423,0.31160175127844103,0.09340686364510319,-0.3056253648588467,1.3690116886526495,0.34769617223290783,173.84808611645389
matched_gbm,1,reference,,20.0,0.72,vol1_daily,1.0,0.1871509236572286,daily,-7.774552184076795,512,0.3903151911173083,0.19358566774964456,0.19672952336766378,-0.4435420198444154,1.3058896015119905,0.4868925835196195,243.44629175980975
matched_gbm,1,reference,,20.0,0.72,vol1_every5,1.0,0.1871509236572286,every5,-7.774552184076795,512,0.8854898535660112,0.7944870080571685,0.0910028455088426,-0.3016667789280792,2.1166953335472147,0.33552245413212356,167.76122706606176
matched_gbm,1,reference,,20.0,0.72,vol1_band05,1.0,0.1871509236572286,band05,-7.774552184076795,512,0.349809769057435,0.23175039751725252,0.11805937154018249,-0.34359768849656497,1.2126722267656849,0.37470214599280005,187.35107299640003
matched_gbm,1,reference,,20.0,0.72,vol1_band10,1.0,0.1871509236572286,band10,-7.774552184076795,512,0.4395122702294888,0.3582307998804236,0.0812814703490652,-0.28509905357448173,1.39911974344552,0.3200300504995337,160.01502524976684
matched_gbm,1,reference,,20.0,0.72,vol1.25_daily,1.25,0.23393865457153576,daily,-7.72662550135152,512,0.3670782720684251,0.19319494282145422,0.17388332924697086,-0.4169932004805005,1.1468576678356257,0.45756011616561726,228.78005808280864
matched_gbm,1,reference,,20.0,0.72,vol1.25_every5,1.25,0.23393865457153576,every5,-7.72662550135152,512,0.8897917748752799,0.8036898141008657,0.08610196077441423,-0.29343135615406585,2.0320929154479974,0.325425653222296,162.712826611148
matched_gbm,1,reference,,20.0,0.72,vol1.25_band05,1.25,0.23393865457153576,band05,-7.72662550135152,512,0.39675540574985274,0.2945299841550343,0.10222542159481844,-0.3197271048797997,1.242417224508944,0.3489783974228431,174.48919871142152
matched_gbm,1,reference,,20.0,0.72,vol1.25_band10,1.25,0.23393865457153576,band10,-7.72662550135152,512,0.5626383464349611,0.4890185630189333,0.07361978341602764,-0.27132965819465377,1.5516842734465552,0.30203196568602786,151.01598284301394
matched_gbm,1,validation,16,20.0,0.72,vol0.75_daily,0.75,0.14036319274292144,daily,-7.057360163050946,16,0.49072858230681404,0.2832457810874396,0.20748280121937454,-0.4555028004517366,1.6765391677641117,0.5056012806524548,252.8006403262274
matched_gbm,1,validation,16,20.0,0.72,vol0.75_every5,0.75,0.14036319274292144,every5,-7.057360163050946,16,3.1044686660228598,2.293447617742715,0.8110210482801445,-0.900567070395173,4.523298521948465,0.3690806991861103,184.54034959305517
matched_gbm,1,validation,16,20.0,0.72,vol0.75_band05,0.75,0.14036319274292144,band05,-7.057360163050946,16,0.48545747889047075,0.24930913814213648,0.23614834074833432,-0.48595096537442367,1.5540788307271267,0.4087417558920109,204.37087794600544
matched_gbm,1,validation,16,20.0,0.72,vol0.75_band10,0.75,0.14036319274292144,band10,-7.057360163050946,16,0.718405994291937,0.3685795656216398,0.34982642867029723,-0.5914612655705336,1.4913275249651838,0.36177678460771273,180.8883923038564
matched_gbm,1,validation,16,20.0,0.72,vol1_daily,1.0,0.1871509236572286,daily,-7.531607906596017,16,0.4671641998987067,0.16560268175181683,0.3015615181468899,-0.549146171931381,1.373911971432634,0.4788138665488665,239.40693327443321
matched_gbm,1,validation,16,20.0,0.72,vol1_every5,1.0,0.1871509236572286,every5,-7.531607906596017,16,2.74339347649889,1.8119169943123559,0.9314764821865338,-0.9651302928550807,3.9212090011753324,0.3607994729712231,180.39973648561158
matched_gbm,1,validation,16,20.0,0.72,vol1_band05,1.0,0.1871509236572286,band05,-7.531607906596017,16,0.6201612403091661,0.27831690478641247,0.34184433552275356,-0.5846745552208968,1.4671423429637167,0.3818594715418951,190.92973577094756
matched_gbm,1,validation,16,20.0,0.72,vol1_band10,1.0,0.1871509236572286,band10,-7.531607906596017,16,0.9859993748758342,0.5010202313262306,0.4849791435496034,-0.6964044396394982,1.5650218235705908,0.3404618564132277,170.23092820661384
matched_gbm,1,validation,16,20.0,0.72,vol1.25_daily,1.25,0.23393865457153576,daily,-7.571141163763821,16,0.581184701411043,0.17349911027154583,0.407685591139497,-0.6385026163920529,1.2376000606142292,0.45987974248388375,229.9398712419419
matched_gbm,1,validation,16,20.0,0.72,vol1.25_every5,1.25,0.23393865457153576,every5,-7.571141163763821,16,2.624365366932409,1.5754569879281533,1.0489083790042557,-1.0241622815766336,3.448569380295769,0.3546768836744634,177.33844183723167
matched_gbm,1,validation,16,20.0,0.72,vol1.25_band05,1.25,0.23393865457153576,band05,-7.571141163763821,16,0.8414253205971312,0.37283135100725073,0.46859396958988037,-0.6845392388971434,1.3890139898576617,0.3659045895966715,182.95229479833574
matched_gbm,1,validation,16,20.0,0.72,vol1.25_band10,1.25,0.23393865457153576,band10,-7.571141163763821,16,1.290052185024678,0.6591483168963551,0.6309038681283228,-0.7942945726418649,1.752765755034605,0.3273771851832734,163.6885925916367
matched_gbm,1,validation,64,20.0,0.72,vol0.75_daily,0.75,0.14036319274292144,daily,-7.289663788508241,64,0.7268843650656843,0.35486963308215114,0.37201473198353313,-0.6099301041787765,1.7681339206987416,0.5388802349511952,269.4401174755976
matched_gbm,1,validation,64,20.0,0.72,vol0.75_every5,0.75,0.14036319274292144,every5,-7.289663788508241,64,1.7087875694956303,1.2152053369874931,0.4935822325081373,-0.7025540779955215,3.0346459305957096,0.3705340014336258,185.2670007168129
matched_gbm,1,validation,64,20.0,0.72,vol0.75_band05,0.75,0.14036319274292144,band05,-7.289663788508241,64,0.5796207864054898,0.2848739941129697,0.2947467922925199,-0.5429058779314513,1.6009132977202023,0.4269992993337607,213.49964966688034
matched_gbm,1,validation,64,20.0,0.72,vol0.75_band10,0.75,0.14036319274292144,band10,-7.289663788508241,64,0.6039162528953465,0.3064642354162259,0.2974520174791205,-0.5453916184533096,1.466672246237368,0.36943500170379673,184.71750085189836
matched_gbm,1,validation,64,20.0,0.72,vol1_daily,1.0,0.1871509236572286,daily,-7.662278695915745,64,0.5390345181153112,0.19475823157077424,0.3442762865445369,-0.5867506169954463,1.376174188369207,0.5012728257077432,250.63641285387166
matched_gbm,1,validation,64,20.0,0.72,vol1_every5,1.0,0.1871509236572286,every5,-7.662278695915745,64,1.3982957564894383,0.970787353807114,0.4275084026823242,-0.6538412671912994,2.597808981767446,0.35502722316438945,177.51361158219473
matched_gbm,1,validation,64,20.0,0.72,vol1_band05,1.0,0.1871509236572286,band05,-7.662278695915745,64,0.49775685733138797,0.21738957316823976,0.2803672841631483,-0.5294971993912228,1.358075234384884,0.3912001109126816,195.60005545634078
matched_gbm,1,validation,64,20.0,0.72,vol1_band10,1.0,0.1871509236572286,band10,-7.662278695915745,64,0.626283665234275,0.34805149442518113,0.27823217080909407,-0.5274771756285708,1.4931988850449294,0.33894612787392453,169.47306393696226
matched_gbm,1,validation,64,20.0,0.72,vol1.25_daily,1.25,0.23393865457153576,daily,-7.654770468928447,64,0.4896178262507836,0.17036188396308283,0.31925594228770077,-0.5650273818919759,1.1867033914261946,0.4718847868677572,235.94239343387858
matched_gbm,1,validation,64,20.0,0.72,vol1.25_every5,1.25,0.23393865457153576,every5,-7.654770468928447,64,1.2706268777756922,0.8880701901311622,0.3825566876445302,-0.6185116713890937,2.3816544176989507,0.3432803541598888,171.64017707994435
matched_gbm,1,validation,64,20.0,0.72,vol1.25_band05,1.25,0.23393865457153576,band05,-7.654770468928447,64,0.5263142035494885,0.2580447571331361,0.2682694464163525,-0.5179473394239539,1.2812935765850941,0.365695009719154,182.84750485957696
matched_gbm,1,validation,64,20.0,0.72,vol1.25_band10,1.25,0.23393865457153576,band10,-7.654770468928447,64,0.7276155562268591,0.4691508320496259,0.2584647241772332,-0.5083942605667704,1.5751493591164654,0.3185643794903977,159.28218974519882
matched_gbm,1,validation,256,20.0,0.72,vol0.75_daily,0.75,0.14036319274292144,daily,-7.385319617465111,256,0.6576561906428304,0.3635454800298859,0.2941107106129446,-0.542319749421819,1.751973152320671,0.525378464486033,262.6892322430165
matched_gbm,1,validation,256,20.0,0.72,vol0.75_every5,0.75,0.14036319274292144,every5,-7.385319617465111,256,1.2687395672884576,0.9962872500180411,0.27245231727041647,-0.5219696516756663,2.612330374169102,0.35772498570923605,178.86249285461804
matched_gbm,1,validation,256,20.0,0.72,vol0.75_band05,0.75,0.14036319274292144,band05,-7.385319617465111,256,0.5198888195594554,0.3216412111457688,0.19824760841368663,-0.44525005155944297,1.5503103910765275,0.41332818853624986,206.66409426812493
matched_gbm,1,validation,256,20.0,0.72,vol0.75_band10,0.75,0.14036319274292144,band10,-7.385319617465111,256,0.5056491631508199,0.3451608339778416,0.16048832917297828,-0.4006099464229243,1.4977981221156018,0.35470939607498136,177.3546980374907
matched_gbm,1,validation,256,20.0,0.72,vol1_daily,1.0,0.1871509236572286,daily,-7.716085099703984,256,0.4679489985190473,0.20838812874650092,0.25956086977254633,-0.5094711667725136,1.3895275742884963,0.48783563396811447,243.9178169840572
matched_gbm,1,validation,256,20.0,0.72,vol1_every5,1.0,0.1871509236572286,every5,-7.716085099703984,256,1.0869539804065602,0.8482135588200699,0.2387404215864903,-0.4886107055586178,2.2987927543964477,0.34236518984545805,171.18259492272904
matched_gbm,1,validation,256,20.0,0.72,vol1_band05,1.0,0.1871509236572286,band05,-7.716085099703984,256,0.4205589892640878,0.2459698001534937,0.17458918911059407,-0.41783871183818533,1.3238606387017902,0.3774117503079062,188.70587515395312
matched_gbm,1,validation,256,20.0,0.72,vol1_band10,1.0,0.1871509236572286,band10,-7.716085099703984,256,0.5015832817969677,0.3607981536222937,0.14078512817467406,-0.3752134434887349,1.4734858823362575,0.3253431668389586,162.6715834194793
matched_gbm,1,validation,256,20.0,0.72,vol1.25_daily,1.25,0.23393865457153576,daily,-7.689206567352921,256,0.4187337526173318,0.18739184314300836,0.23134190947432348,-0.4809801549693329,1.2328211230207746,0.45824952971569366,229.12476485784683
matched_gbm,1,validation,256,20.0,0.72,vol1.25_every5,1.25,0.23393865457153576,every5,-7.689206567352921,256,1.0387622725163372,0.8254378688843471,0.21332440363199015,-0.46187054856527726,2.1449126906842224,0.3305686646503103,165.28433232515516
matched_gbm,1,validation,256,20.0,0.72,vol1.25_band05,1.25,0.23393865457153576,band05,-7.689206567352921,256,0.4407454439616108,0.2834259403332286,0.15731950362838218,-0.3966352274173112,1.2994818479068726,0.3516999051981188,175.8499525990594
matched_gbm,1,validation,256,20.0,0.72,vol1.25_band10,1.25,0.23393865457153576,band10,-7.689206567352921,256,0.5963991985894714,0.4679197975401934,0.12847940104927805,-0.35844023358054833,1.5880175982705933,0.30588441078416106,152.9422053920805
matched_gbm,2,test,,5.0,0.18,vol0.75_daily,0.75,0.15470908018883558,daily,-7.668708797461067,128,0.2369422465450467,0.23401974984045998,0.002922496704586698,-0.05406012120395864,1.1237085593488185,0.12916199068789996,258.3239813757999
matched_gbm,2,test,,5.0,0.18,vol0.75_every5,0.75,0.15470908018883558,every5,-7.668708797461067,128,0.613175836905268,0.608401636411269,0.004774200493999176,-0.06909558954086126,1.5410845599545717,0.09171636291742037,183.4327258348407
matched_gbm,2,test,,5.0,0.18,vol0.75_band05,0.75,0.15470908018883558,band05,-7.668708797461067,128,0.23824375710323184,0.23717710318146284,0.0010666539217689482,-0.032659668120924745,1.0258720281471279,0.10121049180339856,202.4209836067971
matched_gbm,2,test,,5.0,0.18,vol0.75_band10,0.75,0.15470908018883558,band10,-7.668708797461067,128,0.3365830643344229,0.3329358826253365,0.0036471817090863753,-0.06039190102229251,1.1565049197781365,0.08752605666490391,175.0521133298078
matched_gbm,2,test,,5.0,0.18,vol1_daily,1.0,0.20627877358511412,daily,-7.790342503655323,128,0.1699190399527954,0.16406450512033538,0.005854534832460025,-0.07651493208818802,0.846309188169666,0.12077810353837826,241.5562070767565
matched_gbm,2,test,,5.0,0.18,vol1_every5,1.0,0.20627877358511412,every5,-7.790342503655323,128,0.6099471965696066,0.604539295944302,0.005407900625304583,-0.07353842958144118,1.4793764482323257,0.08853077666675219,177.06155333350438
matched_gbm,2,test,,5.0,0.18,vol1_band05,1.0,0.20627877358511412,band05,-7.790342503655323,128,0.24333440281293897,0.23989101661666135,0.0034433861962775824,-0.05868037317772939,0.9404205577815518,0.09356975039243892,187.1395007848779
matched_gbm,2,test,,5.0,0.18,vol1_band10,1.0,0.20627877358511412,band10,-7.790342503655323,128,0.4283925413496806,0.42230002498537594,0.0060925163643046,-0.07805457298777951,1.2774909660682368,0.08144260040512297,162.88520081024595
matched_gbm,2,test,,5.0,0.18,vol1.25_daily,1.25,0.25784846698139263,daily,-7.666665834963607,128,0.21113982446092142,0.2026711779038083,0.008468646557113138,-0.09202524956289518,0.8178568460056107,0.11417572776541154,228.3514555308231
matched_gbm,2,test,,5.0,0.18,vol1.25_every5,1.25,0.25784846698139263,every5,-7.666665834963607,128,0.675887769703698,0.6702670965239992,0.005620673179698922,-0.07497114898211793,1.5247417893129087,0.08599453636598445,171.98907273196892
matched_gbm,2,test,,5.0,0.18,vol1.25_band05,1.25,0.25784846698139263,band05,-7.666665834963607,128,0.34273070516222975,0.3368176287764737,0.005913076385756034,-0.07689653038828237,1.0580987235477755,0.08807956224214011,176.15912448428023
matched_gbm,2,test,,5.0,0.18,vol1.25_band10,1.25,0.25784846698139263,band10,-7.666665834963607,128,0.5983889156830376,0.5912045550899683,0.007184360593069351,-0.08476060755486213,1.5210269505323724,0.07737026603810548,154.74053207621097
matched_gbm,2,reference,,5.0,0.18,vol0.75_daily,0.75,0.15470908018883558,daily,-7.584390011384251,512,0.2616709331668295,0.24200969141496242,0.01966124175186704,-0.14021854995637004,1.158208812989933,0.13298042525030657,265.9608505006131
matched_gbm,2,reference,,5.0,0.18,vol0.75_every5,0.75,0.15470908018883558,every5,-7.584390011384251,512,0.8704203241255635,0.8668094492995484,0.003610874826015068,-0.0600905552147346,1.910274970480244,0.08921994712552664,178.43989425105326
matched_gbm,2,reference,,5.0,0.18,vol0.75_band05,0.75,0.15470908018883558,band05,-7.584390011384251,512,0.25475634845865375,0.24371179142642233,0.011044557032231374,-0.10509308746169452,1.0905889113344134,0.10324333353041625,206.4866670608325
matched_gbm,2,reference,,5.0,0.18,vol0.75_band10,0.75,0.15470908018883558,band10,-7.584390011384251,512,0.3272087735371525,0.3201675022759928,0.00704127126115969,-0.08391228313637814,1.1440734225713698,0.08781519831206724,175.63039662413448
matched_gbm,2,reference,,5.0,0.18,vol1_daily,1.0,0.20627877358511412,daily,-7.7429131864871135,512,0.19461892796763303,0.17950727032808275,0.01511165763955028,-0.12292948238543218,0.9127994220271732,0.12282746839897804,245.6549367979561
matched_gbm,2,reference,,5.0,0.18,vol1_every5,1.0,0.20627877358511412,every5,-7.7429131864871135,512,0.7876598881735413,0.7850531024337473,0.0026067857397940415,-0.05105669143015479,1.7150018474312143,0.0856268299334916,171.25365986698318
matched_gbm,2,reference,,5.0,0.18,vol1_band05,1.0,0.20627877358511412,band05,-7.7429131864871135,512,0.2571302483376439,0.24960792176551708,0.007522326572126844,-0.08673134711352548,0.9709874377698648,0.09386961443526684,187.73922887053365
matched_gbm,2,reference,,5.0,0.18,vol1_band10,1.0,0.20627877358511412,band10,-7.7429131864871135,512,0.41433018301850993,0.40925809267915947,0.005072090339350411,-0.07121860950166334,1.1933133052371343,0.08074718646008572,161.49437292017143
matched_gbm,2,reference,,5.0,0.18,vol1.25_daily,1.25,0.25784846698139263,daily,-7.636311071975953,512,0.22836296583120808,0.21622173016310564,0.012141235668102423,-0.11018727543642425,0.8935408946892383,0.11504562992780759,230.0912598556152
matched_gbm,2,reference,,5.0,0.18,vol1.25_every5,1.25,0.25784846698139263,every5,-7.636311071975953,512,0.8059470699659909,0.8039300381562138,0.0020170318097770383,-0.04491137728657448,1.6824679273763066,0.08283372476100916,165.6674495220183
matched_gbm,2,reference,,5.0,0.18,vol1.25_band05,1.25,0.25784846698139263,band05,-7.636311071975953,512,0.3454226924562138,0.3399490122972353,0.005473680158978577,-0.07398432373806343,1.055112785103166,0.08730040970408509,174.6008194081702
matched_gbm,2,reference,,5.0,0.18,vol1.25_band10,1.25,0.25784846698139263,band10,-7.636311071975953,512,0.5690977112186857,0.5656481742345212,0.003449536984164543,-0.05873275903756389,1.3648439557068468,0.07601710352297605,152.0342070459521
matched_gbm,2,validation,16,5.0,0.18,vol0.75_daily,0.75,0.15470908018883558,daily,-7.691095438990011,16,0.19920918629907886,0.19542398190924057,0.0037852043898383143,-0.06152401474089865,0.8354209228313827,0.13764639974993706,275.29279949987415
matched_gbm,2,validation,16,5.0,0.18,vol0.75_every5,0.75,0.15470908018883558,every5,-7.691095438990011,16,0.5057486912548469,0.5004598951317488,0.005288796123098069,0.07272410964115043,1.1682364100006317,0.09610865469985364,192.2173093997073
matched_gbm,2,validation,16,5.0,0.18,vol0.75_band05,0.75,0.15470908018883558,band05,-7.691095438990011,16,0.18761110605944176,0.18559769353352723,0.0020134125259145094,-0.04487106557587539,0.6221208960834107,0.10804394834691175,216.0878966938235
matched_gbm,2,validation,16,5.0,0.18,vol0.75_band10,0.75,0.15470908018883558,band10,-7.691095438990011,16,0.28599088670874667,0.28434475232373374,0.0016461343850129931,-0.04057258169026212,0.84270579416693,0.09173478951497882,183.46957902995766
matched_gbm,2,validation,16,5.0,0.18,vol1_daily,1.0,0.20627877358511412,daily,-7.802934989515354,16,0.16827113162129034,0.16294963378478797,0.005321497836502373,-0.07294859722093615,0.4310693351984475,0.1273956098447726,254.7912196895452
matched_gbm,2,validation,16,5.0,0.18,vol1_every5,1.0,0.20627877358511412,every5,-7.802934989515354,16,0.6687597736653514,0.6674756693122694,0.001284104353082077,0.035834401810021566,1.3057732244089113,0.09209280469431774,184.1856093886355
matched_gbm,2,validation,16,5.0,0.18,vol1_band05,1.0,0.20627877358511412,band05,-7.802934989515354,16,0.23890046254937325,0.23531323135463755,0.003587231194735729,-0.059893498768528536,0.682926517768352,0.09862454145849422,197.24908291698847
matched_gbm,2,validation,16,5.0,0.18,vol1_band10,1.0,0.20627877358511412,band10,-7.802934989515354,16,0.4165222964756594,0.4142840647052496,0.002238231770409816,-0.0473099542423137,0.8936822396557732,0.08509695700092926,170.1939140018585
matched_gbm,2,validation,16,5.0,0.18,vol1.25_daily,1.25,0.25784846698139263,daily,-7.674725025914027,16,0.2456902790977316,0.23811385228216025,0.007576426815571354,-0.08704267238298324,0.6396660002373388,0.11965595822521856,239.31191645043714
matched_gbm,2,validation,16,5.0,0.18,vol1.25_every5,1.25,0.25784846698139263,every5,-7.674725025914027,16,0.8367190768161765,0.8367187795448027,2.9727137383491394e-07,-0.0005452259841890461,1.4111718574156105,0.08900791609137872,178.01583218275744
matched_gbm,2,validation,16,5.0,0.18,vol1.25_band05,1.25,0.25784846698139263,band05,-7.674725025914027,16,0.3861809480081755,0.3804977869349773,0.005683161073198203,-0.07538674335185333,0.9435155503971694,0.09205549273097863,184.11098546195728
matched_gbm,2,validation,16,5.0,0.18,vol1.25_band10,1.25,0.25784846698139263,band10,-7.674725025914027,16,0.5965782400970391,0.5922561032128759,0.0043221368841632555,-0.06574296071948126,1.1072323257293986,0.08086734511849245,161.73469023698487
matched_gbm,2,validation,64,5.0,0.18,vol0.75_daily,0.75,0.15470908018883558,daily,-7.501874362262339,64,0.25021849417242803,0.2207753486384917,0.02944314553393635,-0.17159005080113576,1.1144584494387852,0.13368962270934467,267.3792454186893
matched_gbm,2,validation,64,5.0,0.18,vol0.75_every5,0.75,0.15470908018883558,every5,-7.501874362262339,64,0.8596613369654393,0.8481348209048807,0.011526516060558538,-0.10736161353369526,1.8107388411237384,0.0901515889615351,180.30317792307022
matched_gbm,2,validation,64,5.0,0.18,vol0.75_band05,0.75,0.15470908018883558,band05,-7.501874362262339,64,0.27648840655584983,0.2516189039295148,0.02486950262633504,-0.1577006741467361,1.051082041244967,0.10403186519899787,208.06373039799576
matched_gbm,2,validation,64,5.0,0.18,vol0.75_band10,0.75,0.15470908018883558,band10,-7.501874362262339,64,0.3681497737302526,0.34282355106594414,0.025326222664308475,-0.1591421460968416,1.021130411016776,0.08811535793282367,176.2307158656473
matched_gbm,2,validation,64,5.0,0.18,vol1_daily,1.0,0.20627877358511412,daily,-7.696498133856038,64,0.17757986207192963,0.1538350597463004,0.02374480232562922,-0.15409348566902242,0.7785859459212737,0.12321658966643993,246.43317933287986
matched_gbm,2,validation,64,5.0,0.18,vol1_every5,1.0,0.20627877358511412,every5,-7.696498133856038,64,0.81254416931925,0.8017749440182134,0.010769225301036767,-0.10377487798613289,1.5770517499896073,0.08630750959749675,172.61501919499352
matched_gbm,2,validation,64,5.0,0.18,vol1_band05,1.0,0.20627877358511412,band05,-7.696498133856038,64,0.2845588272354076,0.26470565976699795,0.01985316746840968,-0.14090126851242213,0.827409574172619,0.09437836959933071,188.75673919866142
matched_gbm,2,validation,64,5.0,0.18,vol1_band10,1.0,0.20627877358511412,band10,-7.696498133856038,64,0.4743187952866077,0.45387940020149253,0.020439395085115265,-0.14296641243703104,1.126452355184143,0.08083704961346616,161.67409922693233
matched_gbm,2,validation,64,5.0,0.18,vol1.25_daily,1.25,0.25784846698139263,daily,-7.606605438292065,64,0.22531899570849206,0.20459203668946613,0.020726959019025926,-0.14396860428241265,0.7305392337087473,0.11508021549327836,230.16043098655672
matched_gbm,2,validation,64,5.0,0.18,vol1.25_every5,1.25,0.25784846698139263,every5,-7.606605438292065,64,0.8642113832695257,0.8539770129364084,0.010234370333117306,-0.10116506478581085,1.4599593477989616,0.0831968426100137,166.39368522002738
matched_gbm,2,validation,64,5.0,0.18,vol1.25_band05,1.25,0.25784846698139263,band05,-7.606605438292065,64,0.3898838691970162,0.3718419718458971,0.01804189735111903,-0.1343201301038643,1.026912317449882,0.08746580463840607,174.93160927681214
matched_gbm,2,validation,64,5.0,0.18,vol1.25_band10,1.25,0.25784846698139263,band10,-7.606605438292065,64,0.6463268444046031,0.6299514902545935,0.0163753541500096,-0.1279662226918088,1.3840039394104728,0.07591009148889405,151.82018297778808
matched_gbm,2,validation,256,5.0,0.18,vol0.75_daily,0.75,0.15470908018883558,daily,-7.517896159848801,256,0.24940612026480746,0.22253250874860975,0.026873611516197722,-0.16393172821695537,1.1065135451641093,0.12992828991693067,259.85657983386136
matched_gbm,2,validation,256,5.0,0.18,vol0.75_every5,0.75,0.15470908018883558,every5,-7.517896159848801,256,0.8431244042168998,0.8034621295060832,0.0396622747108167,-0.1991538970515433,2.0000874199097405,0.08951006952812803,179.02013905625603
matched_gbm,2,validation,256,5.0,0.18,vol0.75_band05,0.75,0.15470908018883558,band05,-7.517896159848801,256,0.2729583165949956,0.24481153018751686,0.028146786407478742,-0.16777004025593706,1.134144199226677,0.10184063741461226,203.6812748292245
matched_gbm,2,validation,256,5.0,0.18,vol0.75_band10,0.75,0.15470908018883558,band10,-7.517896159848801,256,0.37671462173591624,0.34319326578432885,0.03352135595158745,-0.18308838289631446,1.2847376172298988,0.0870861178682467,174.1722357364934
matched_gbm,2,validation,256,5.0,0.18,vol1_daily,1.0,0.20627877358511412,daily,-7.705510394998424,256,0.2006123079647022,0.17271160044569336,0.027900707519008833,-0.1670350487742283,0.8866041888952487,0.12059867145019312,241.19734290038625
matched_gbm,2,validation,256,5.0,0.18,vol1_every5,1.0,0.20627877358511412,every5,-7.705510394998424,256,0.7601251068693502,0.723522891705408,0.0366022151639423,-0.19131705403319982,1.7137380781744722,0.08598515261064175,171.9703052212835
matched_gbm,2,validation,256,5.0,0.18,vol1_band05,1.0,0.20627877358511412,band05,-7.705510394998424,256,0.2845018955624077,0.25577980588431387,0.028722089678093768,-0.16947592654443216,1.0115211279507905,0.09306221210269033,186.12442420538065
matched_gbm,2,validation,256,5.0,0.18,vol1_band10,1.0,0.20627877358511412,band10,-7.705510394998424,256,0.4686554322336842,0.43543318693335775,0.03322224530032643,-0.18226970483414523,1.3581862986523736,0.08026791007206507,160.53582014413016
matched_gbm,2,validation,256,5.0,0.18,vol1.25_daily,1.25,0.25784846698139263,daily,-7.612373285423192,256,0.25670084432226964,0.22764192260878027,0.02905892171348936,-0.17046677598138987,0.8897462673860067,0.11333498729054478,226.66997458108958
matched_gbm,2,validation,256,5.0,0.18,vol1.25_every5,1.25,0.25784846698139263,every5,-7.612373285423192,256,0.7915383774144552,0.7565382287738467,0.0350001486406084,-0.1870832665970113,1.6093690222495267,0.08323259962387489,166.46519924774975
matched_gbm,2,validation,256,5.0,0.18,vol1.25_band05,1.25,0.25784846698139263,band05,-7.612373285423192,256,0.3896202534173438,0.3594265846010089,0.030193668816334868,-0.1737632550809718,1.1551935951736871,0.086842523951306,173.68504790261198
matched_gbm,2,validation,256,5.0,0.18,vol1.25_band10,1.25,0.25784846698139263,band10,-7.612373285423192,256,0.6400288415111098,0.6073479139244649,0.03268092758664497,-0.18077867016505283,1.556486760108146,0.0757543101827689,151.5086203655378
matched_gbm,2,test,,20.0,0.72,vol0.75_daily,0.75,0.15470908018883558,daily,-7.668708797461067,128,0.4901057283933449,0.2951427759134131,0.19496295247993176,-0.4415460932676585,1.6466615027658835,0.5166479627515999,258.3239813757999
matched_gbm,2,test,,20.0,0.72,vol0.75_every5,0.75,0.15470908018883558,every5,-7.668708797461067,128,0.7643246877809184,0.6458202892477831,0.11850439853313528,-0.34424467829312233,1.8601466236273003,0.3668654516696815,183.4327258348407
matched_gbm,2,test,,20.0,0.72,vol0.75_band05,0.75,0.15470908018883558,band05,-7.668708797461067,128,0.3876711528463592,0.27457941962889065,0.11309173321746865,-0.33629114353112044,1.4288865595531204,0.4048419672135942,202.4209836067971
matched_gbm,2,test,,20.0,0.72,vol0.75_band10,0.75,0.15470908018883558,band10,-7.668708797461067,128,0.4650563949152047,0.36074672814247594,0.10430966677272878,-0.32297007101700426,1.4610927071589437,0.35010422665961566,175.0521133298078
matched_gbm,2,test,,20.0,0.72,vol1_daily,1.0,0.20627877358511412,daily,-7.790342503655323,128,0.3742180753026768,0.18162941748139683,0.19258865782127993,-0.4388492427033228,1.2919671317160026,0.483112414153513,241.5562070767565
matched_gbm,2,test,,20.0,0.72,vol1_every5,1.0,0.20627877358511412,every5,-7.790342503655323,128,0.7473917865567038,0.6323821144622445,0.11500967209445928,-0.33913075958169775,1.7829475265047416,0.35412310666700875,177.06155333350438
matched_gbm,2,test,,20.0,0.72,vol1_band05,1.0,0.20627877358511412,band05,-7.790342503655323,128,0.36918366336929564,0.25399834624943635,0.11518531711985934,-0.33938962435504616,1.2527334880602021,0.3742790015697557,187.1395007848779
matched_gbm,2,test,,20.0,0.72,vol1_band10,1.0,0.20627877358511412,band10,-7.790342503655323,128,0.5450742539162133,0.4411438587193546,0.10393039519685882,-0.3223823742031484,1.5535891846049477,0.32577040162049187,162.88520081024595
matched_gbm,2,test,,20.0,0.72,vol1.25_daily,1.25,0.25784846698139263,daily,-7.666665834963607,128,0.3925201070544544,0.20368429015066591,0.18883581690378853,-0.4345524328591298,1.1773278625004238,0.4567029110616462,228.3514555308231
matched_gbm,2,test,,20.0,0.72,vol1.25_every5,1.25,0.25784846698139263,every5,-7.666665834963607,128,0.807704153469383,0.6968452825412241,0.11085887092815884,-0.33295475808007136,1.8190546582961367,0.3439781454639378,171.98907273196892
matched_gbm,2,test,,20.0,0.72,vol1.25_band05,1.25,0.25784846698139263,band05,-7.666665834963607,128,0.46343365204905146,0.34706041569315604,0.11637323635589537,-0.34113521711470274,1.344602897313746,0.35231824896856045,176.15912448428023
matched_gbm,2,test,,20.0,0.72,vol1.25_band10,1.25,0.25784846698139263,band10,-7.666665834963607,128,0.7143573166180381,0.613949828887277,0.10040748773076115,-0.3168714056691786,1.772925390365467,0.30948106415242194,154.74053207621097
matched_gbm,2,reference,,20.0,0.72,vol0.75_daily,0.75,0.15470908018883558,daily,-7.584390011384251,512,0.6134949744846836,0.32280165682796846,0.29069331765671513,-0.5391598257072898,1.710491639292659,0.5319217010012263,265.9608505006131
matched_gbm,2,reference,,20.0,0.72,vol0.75_every5,0.75,0.15470908018883558,every5,-7.584390011384251,512,1.0430883527458468,0.9356680302800829,0.10742032246576397,-0.32775039659131455,2.2567512609268094,0.35687978850210655,178.43989425105326
matched_gbm,2,reference,,20.0,0.72,vol0.75_band05,0.75,0.15470908018883558,band05,-7.584390011384251,512,0.4664799203056044,0.2944017259238245,0.17207819438177996,-0.4148230880529433,1.52189345224877,0.412973334121665,206.4866670608325
matched_gbm,2,reference,,20.0,0.72,vol0.75_band10,0.75,0.15470908018883558,band10,-7.584390011384251,512,0.47239007318617576,0.35173257772709043,0.12065749545908529,-0.3473578780725799,1.479883774027675,0.351260793248269,175.63039662413448
matched_gbm,2,reference,,20.0,0.72,vol1_daily,1.0,0.20627877358511412,daily,-7.7429131864871135,512,0.4520616461016799,0.21057600284441572,0.24148564325726424,-0.4914118875823663,1.3819787834520145,0.49130987359591216,245.6549367979561
matched_gbm,2,reference,,20.0,0.72,vol1_every5,1.0,0.20627877358511412,every5,-7.7429131864871135,512,0.9292714381369184,0.8344461305526528,0.09482530758426563,-0.30793718123062963,2.0215986188336585,0.3425073197339664,171.25365986698318
matched_gbm,2,reference,,20.0,0.72,vol1_band05,1.0,0.20627877358511412,band05,-7.7429131864871135,512,0.4065627730885406,0.2708882772103952,0.1356744958781453,-0.368340190419326,1.3197179555769596,0.37547845774106736,187.73922887053365
matched_gbm,2,reference,,20.0,0.72,vol1_band10,1.0,0.20627877358511412,band10,-7.7429131864871135,512,0.5257703310791084,0.4275130536036263,0.0982572774754821,-0.31346016888192046,1.477154895777917,0.3229887458403429,161.49437292017143
matched_gbm,2,reference,,20.0,0.72,vol1.25_daily,1.25,0.25784846698139263,daily,-7.636311071975953,512,0.4327875137381746,0.22546741830502404,0.2073200954331506,-0.4553241652198471,1.2831800273780394,0.46018251971123036,230.0912598556152
matched_gbm,2,reference,,20.0,0.72,vol1.25_every5,1.25,0.25784846698139263,every5,-7.636311071975953,512,0.9303870167197581,0.8442960913011739,0.08609092541858429,-0.2934125515696019,1.968337104349777,0.3313348990440366,165.6674495220183
matched_gbm,2,reference,,20.0,0.72,vol1.25_band05,1.25,0.25784846698139263,band05,-7.636311071975953,512,0.46441864801285726,0.3515995433992929,0.11281910461356426,-0.33588555285031874,1.3441773208283638,0.34920163881634037,174.6008194081702
matched_gbm,2,reference,,20.0,0.72,vol1.25_band10,1.25,0.25784846698139263,band10,-7.636311071975953,512,0.6651496469910643,0.582904544411003,0.08224510258006128,-0.28678406960649205,1.610189582510962,0.3040684140919042,152.0342070459521
matched_gbm,2,validation,16,20.0,0.72,vol0.75_daily,0.75,0.15470908018883558,daily,-7.691095438990011,16,0.4673774827183774,0.2422621412879833,0.22511534143039413,-0.47446321399070984,1.395732162649745,0.5505855989997482,275.29279949987415
matched_gbm,2,validation,16,20.0,0.72,vol0.75_every5,0.75,0.15470908018883558,every5,-7.691095438990011,16,0.5320776240977739,0.4855934644518683,0.046484159645905604,-0.21560185445841046,1.418436839553727,0.38443461879941454,192.2173093997073
matched_gbm,2,validation,16,20.0,0.72,vol0.75_band05,0.75,0.15470908018883558,band05,-7.691095438990011,16,0.33637081429130683,0.20020766624777647,0.13616314804353033,-0.3690029106166106,0.9766035235245206,0.432175793387647,216.0878966938235
matched_gbm,2,validation,16,20.0,0.72,vol0.75_band10,0.75,0.15470908018883558,band10,-7.691095438990011,16,0.3852333602538451,0.28551827795400203,0.09971508229984308,-0.3157769502351986,1.1084945568450038,0.3669391580599153,183.46957902995766
matched_gbm,2,validation,16,20.0,0.72,vol1_daily,1.0,0.20627877358511412,daily,-7.802934989515354,16,0.3708099869744966,0.16366173028680947,0.20714825668768716,-0.455135426755254,0.8602158225734005,0.5095824393790904,254.7912196895452
matched_gbm,2,validation,16,20.0,0.72,vol1_every5,1.0,0.20627877358511412,every5,-7.802934989515354,16,0.7169689816086671,0.6591556585707614,0.05781332303790574,-0.24044401227293172,1.600081341591243,0.36837121877727097,184.1856093886355
matched_gbm,2,validation,16,20.0,0.72,vol1_band05,1.0,0.20627877358511412,band05,-7.802934989515354,16,0.3513721275885243,0.22480188167835824,0.12657024591016602,-0.3557671231440112,0.8919787889580174,0.3944981658339769,197.24908291698847
matched_gbm,2,validation,16,20.0,0.72,vol1_band10,1.0,0.20627877358511412,band10,-7.802934989515354,16,0.5016136576253283,0.41004639818631183,0.09156725943901643,-0.30260082524510146,1.1042700788555828,0.34038782800371703,170.1939140018585
matched_gbm,2,validation,16,20.0,0.72,vol1.25_daily,1.25,0.25784846698139263,daily,-7.674725025914027,16,0.42356131676304054,0.2246359086754942,0.1989254080875464,-0.44601054705863896,0.9137423112454095,0.47862383290087424,239.31191645043714
matched_gbm,2,validation,16,20.0,0.72,vol1.25_every5,1.25,0.25784846698139263,every5,-7.674725025914027,16,0.9106150117922092,0.839021855806557,0.07159315598565227,-0.26756897425832515,1.7241133296193951,0.35603166436551487,178.01583218275744
matched_gbm,2,validation,16,20.0,0.72,vol1.25_band05,1.25,0.25784846698139263,band05,-7.674725025914027,16,0.49257452474287966,0.36898485716436,0.12358966757851962,-0.3515532215447892,1.1527423492168658,0.3682219709239145,184.11098546195728
matched_gbm,2,validation,16,20.0,0.72,vol1.25_band10,1.25,0.25784846698139263,band10,-7.674725025914027,16,0.6888484909682435,0.5937718543637773,0.09507663660446622,-0.3083449960749586,1.3300124466406222,0.3234693804739698,161.73469023698487
matched_gbm,2,validation,64,20.0,0.72,vol0.75_daily,0.75,0.15470908018883558,daily,-7.501874362262339,64,0.6288390785643342,0.30090084113520876,0.3279382374291254,-0.5726589189291698,1.6846228706747157,0.5347584908373787,267.3792454186893
matched_gbm,2,validation,64,20.0,0.72,vol0.75_every5,0.75,0.15470908018883558,every5,-7.501874362262339,64,1.0215018597880872,0.8787566424757012,0.142745217312386,-0.37781638041830057,2.109064616723281,0.3606063558461404,180.30317792307022
matched_gbm,2,validation,64,20.0,0.72,vol0.75_band05,0.75,0.15470908018883558,band05,-7.501874362262339,64,0.5231457651380504,0.3024372300729272,0.22070853506512328,-0.46979626974372973,1.5029034026206975,0.4161274607959915,208.06373039799576
matched_gbm,2,validation,64,20.0,0.72,vol0.75_band10,0.75,0.15470908018883558,band10,-7.501874362262339,64,0.5493562970076662,0.37001402461756555,0.17934227239010064,-0.4234882198953126,1.3690761753559175,0.3524614317312947,176.2307158656473
matched_gbm,2,validation,64,20.0,0.72,vol1_daily,1.0,0.20627877358511412,daily,-7.696498133856038,64,0.45060546569302007,0.17629846888243206,0.274306996810588,-0.5237432546683423,1.2897293632891094,0.49286635866575973,246.43317933287986
matched_gbm,2,validation,64,20.0,0.72,vol1_every5,1.0,0.20627877358511412,every5,-7.696498133856038,64,0.9512046711339979,0.8196552622500597,0.13154940888393804,-0.36269740677862317,1.8441790310076474,0.345230038389987,172.61501919499352
matched_gbm,2,validation,64,20.0,0.72,vol1_band05,1.0,0.20627877358511412,band05,-7.696498133856038,64,0.4614723156030681,0.28166546632052825,0.17980684928253995,-0.4240363773104142,1.1939801742621,0.37751347839732285,188.75673919866142
matched_gbm,2,validation,64,20.0,0.72,vol1_band10,1.0,0.20627877358511412,band10,-7.696498133856038,64,0.6131741009956865,0.464581150747292,0.14859295024839442,-0.3854775612774295,1.3558147929710327,0.32334819845386464,161.67409922693233
matched_gbm,2,validation,64,20.0,0.72,vol1.25_daily,1.25,0.25784846698139263,daily,-7.606605438292065,64,0.4387098420290069,0.1993841509976471,0.2393256910313598,-0.48920925076224775,1.0213973824477804,0.46032086197311345,230.16043098655672
matched_gbm,2,validation,64,20.0,0.72,vol1.25_every5,1.25,0.25784846698139263,every5,-7.606605438292065,64,0.9896700988533411,0.8666406131020437,0.12302948575129745,-0.3507555926158519,1.7428945278997854,0.3327873704400548,166.39368522002738
matched_gbm,2,validation,64,20.0,0.72,vol1.25_band05,1.25,0.25784846698139263,band05,-7.606605438292065,64,0.5328077869060666,0.37542297717353396,0.1573848097325327,-0.39671754401908255,1.266735665454902,0.3498632185536243,174.93160927681214
matched_gbm,2,validation,64,20.0,0.72,vol1.25_band10,1.25,0.25784846698139263,band10,-7.606605438292065,64,0.7633283128742665,0.636808314783446,0.12651999809082035,-0.35569649715849094,1.6146005510125143,0.3036403659555762,151.82018297778808
matched_gbm,2,validation,256,20.0,0.72,vol0.75_daily,0.75,0.15470908018883558,daily,-7.517896159848801,256,0.5992759637158285,0.29267389285085255,0.30660207086497604,-0.5537165979677474,1.6374931852266015,0.5197131596677227,259.85657983386136
matched_gbm,2,validation,256,20.0,0.72,vol0.75_every5,0.75,0.15470908018883558,every5,-7.517896159848801,256,1.07355332102812,0.8548248983636428,0.21872842266447717,-0.46768410563592727,2.3315927684817246,0.3580402781125121,179.02013905625603
matched_gbm,2,validation,256,20.0,0.72,vol0.75_band05,0.75,0.15470908018883558,band05,-7.517896159848801,256,0.5144168874312711,0.2904116151302229,0.2240052723010482,-0.47329195249977385,1.550201019168076,0.40736254965844904,203.6812748292245
matched_gbm,2,validation,256,20.0,0.72,vol0.75_band10,0.75,0.15470908018883558,band10,-7.517896159848801,256,0.5687688910030023,0.37132486876386467,0.19744402223913765,-0.4443467365010546,1.6082022972242072,0.3483444714729868,174.1722357364934
matched_gbm,2,validation,256,20.0,0.72,vol1_daily,1.0,0.20627877358511412,daily,-7.705510394998424,256,0.4740893786574317,0.1944270853317175,0.2796622933257143,-0.5288310631248077,1.348114780556548,0.4823946858007725,241.19734290038625
matched_gbm,2,validation,256,20.0,0.72,vol1_every5,1.0,0.20627877358511412,every5,-7.705510394998424,256,0.9558780857030028,0.7540322957854039,0.20184578991759894,-0.44927251186512507,2.0082612663021515,0.343940610442567,171.9703052212835
matched_gbm,2,validation,256,20.0,0.72,vol1_band05,1.0,0.20627877358511412,band05,-7.705510394998424,256,0.47280840522432954,0.2715103099189532,0.20129809530537635,-0.44866256285250317,1.346971163342256,0.37224884841076133,186.12442420538065
matched_gbm,2,validation,256,20.0,0.72,vol1_band10,1.0,0.20627877358511412,band10,-7.705510394998424,256,0.6271295619769828,0.448138430531688,0.17899113144529463,-0.42307343505034045,1.6186658648684764,0.3210716402882603,160.53582014413016
matched_gbm,2,validation,256,20.0,0.72,vol1.25_daily,1.25,0.25784846698139263,daily,-7.612373285423192,256,0.48861424354572985,0.22803284839904314,0.2605813951466867,-0.5104717378530242,1.2744451637056904,0.4533399491621791,226.66997458108958
matched_gbm,2,validation,256,20.0,0.72,vol1.25_every5,1.25,0.25784846698139263,every5,-7.612373285423192,256,0.9689594457423467,0.7781817465904299,0.19077769915191684,-0.43678106546863593,1.8891008714500719,0.33293039849549955,166.46519924774975
matched_gbm,2,validation,256,20.0,0.72,vol1.25_band05,1.25,0.25784846698139263,band05,-7.612373285423192,256,0.5535922576944998,0.3649837353347095,0.1886085223597904,-0.4342908269348898,1.4394731981828026,0.347370095805224,173.68504790261198
matched_gbm,2,validation,256,20.0,0.72,vol1.25_band10,1.25,0.25784846698139263,band10,-7.612373285423192,256,0.7844586541054455,0.6179607061927247,0.16649794791272074,-0.40804160071335954,1.7951124989266452,0.3030172407310756,151.5086203655378
heston,0,test,,5.0,0.18,vol0.75_daily,0.75,0.18251549145932816,daily,-7.765479844376077,128,0.20373315580286766,0.19095472498274496,0.012778430820122696,-0.11304172159040526,1.0259884018987702,0.1301403816764896,260.2807633529792
heston,0,test,,5.0,0.18,vol0.75_every5,0.75,0.18251549145932816,every5,-7.765479844376077,128,0.6436351204991019,0.6426893709354988,0.0009457495636031071,-0.03075304153418174,1.4566907389448298,0.09052505503287682,181.05011006575364
heston,0,test,,5.0,0.18,vol0.75_band05,0.75,0.18251549145932816,band05,-7.765479844376077,128,0.2514275461717259,0.2439934017608195,0.007434144410906443,-0.08622148462481055,0.9825407977816535,0.10038609831178637,200.7721966235727
heston,0,test,,5.0,0.18,vol0.75_band10,0.75,0.18251549145932816,band10,-7.765479844376077,128,0.3498982265387487,0.3456013165031544,0.004296910035594278,-0.0655508202511172,1.0796355950151926,0.08579651993298873,171.59303986597746
heston,0,test,,5.0,0.18,vol1_daily,1.0,0.24335398861243754,daily,-7.700148690090995,128,0.22289039354328039,0.21313862806757977,0.009751765475700612,-0.0987510277197185,0.8570701133448415,0.11976206450449259,239.5241290089852
heston,0,test,,5.0,0.18,vol1_every5,1.0,0.24335398861243754,every5,-7.700148690090995,128,0.6761159621677488,0.6737771683604232,0.002338793807325668,-0.04836107740038127,1.502938214049545,0.08711318925677718,174.22637851355438
heston,0,test,,5.0,0.18,vol1_band05,1.0,0.24335398861243754,band05,-7.700148690090995,128,0.3151295404843719,0.30958316683931747,0.005546373645054482,-0.07447397965097932,0.9201380235835223,0.09162608891038077,183.25217782076157
heston,0,test,,5.0,0.18,vol1_band10,1.0,0.24335398861243754,band10,-7.700148690090995,128,0.4777184582731953,0.4755179455277785,0.002200512745416832,-0.04690962316430214,1.179366047233772,0.07945007005313451,158.90014010626902
heston,0,test,,5.0,0.18,vol1.25_daily,1.25,0.3041924857655469,daily,-7.489934000263128,128,0.3064922348525148,0.2976195756478092,0.008872659204705589,-0.09419479393631895,0.8994334000513647,0.11212801666347996,224.25603332695994
heston,0,test,,5.0,0.18,vol1.25_every5,1.25,0.3041924857655469,every5,-7.489934000263128,128,0.7600966368193227,0.7563473834774962,0.0037492533418265308,-0.06123114682762794,1.603725357398727,0.08447829659983201,168.95659319966404
heston,0,test,,5.0,0.18,vol1.25_band05,1.25,0.3041924857655469,band05,-7.489934000263128,128,0.4373996045756321,0.4325938975841852,0.004805706991446907,-0.06932320673084091,1.0817134759132991,0.08579184291356598,171.58368582713194
heston,0,test,,5.0,0.18,vol1.25_band10,1.25,0.3041924857655469,band10,-7.489934000263128,128,0.6561973595022665,0.6543376695711215,0.0018596899311450667,-0.0431241223811577,1.3405151227737928,0.07551940928187154,151.03881856374306
heston,0,reference,,5.0,0.18,vol0.75_daily,0.75,0.18251549145932816,daily,-7.7309182295389105,512,0.2326064492219908,0.2256939478352759,0.0069125013867149185,-0.08314145408107149,1.0419385218632937,0.12558883547009586,251.17767094019172
heston,0,reference,,5.0,0.18,vol0.75_every5,0.75,0.18251549145932816,every5,-7.7309182295389105,512,0.8959148075652918,0.8882800362356129,0.00763477132967903,-0.08737717854038908,2.038840854996393,0.0881935651638022,176.38713032760438
heston,0,reference,,5.0,0.18,vol0.75_band05,0.75,0.18251549145932816,band05,-7.7309182295389105,512,0.2583683604128453,0.25655422963034746,0.0018141307824978252,-0.042592614177787036,1.0010096187636333,0.09668925539899816,193.3785107979963
heston,0,reference,,5.0,0.18,vol0.75_band10,0.75,0.18251549145932816,band10,-7.7309182295389105,512,0.4069406928362328,0.40547929626429247,0.0014613965719403547,-0.03822821695999376,1.2115234793211365,0.08301382509036083,166.02765018072165
heston,0,reference,,5.0,0.18,vol1_daily,1.0,0.24335398861243754,daily,-7.680707781745089,512,0.26101277084489405,0.2541365713940023,0.006876199450891705,-0.08292285240445908,0.9283655742677864,0.11609626667037003,232.19253334074006
heston,0,reference,,5.0,0.18,vol1_every5,1.0,0.24335398861243754,every5,-7.680707781745089,512,0.9337911644839865,0.9260209536019997,0.007770210881986701,-0.0881487996627674,1.9527188748060749,0.08479603707532778,169.59207415065555
heston,0,reference,,5.0,0.18,vol1_band05,1.0,0.24335398861243754,band05,-7.680707781745089,512,0.3593504360596389,0.3569924824875519,0.0023579535720870104,-0.04855876411202215,1.0683851002589115,0.08850827744838596,177.0165548967719
heston,0,reference,,5.0,0.18,vol1_band10,1.0,0.24335398861243754,band10,-7.680707781745089,512,0.5941478268721393,0.5917282652889879,0.002419561583151458,-0.04918903925826828,1.4149888081327413,0.07722074646365004,154.4414929273001
heston,0,reference,,5.0,0.18,vol1.25_daily,1.25,0.3041924857655469,daily,-7.477491818921749,512,0.3597499296496728,0.3528343574598459,0.006915572189826864,-0.08315991937121431,1.038292975510701,0.10895581709240929,217.91163418481855
heston,0,reference,,5.0,0.18,vol1.25_every5,1.25,0.3041924857655469,every5,-7.477491818921749,512,1.0255096228500364,1.0177512038803618,0.00775841896967452,-0.0880818878639333,1.9979738514454828,0.0821570965436441,164.31419308728817
heston,0,reference,,5.0,0.18,vol1.25_band05,1.25,0.3041924857655469,band05,-7.477491818921749,512,0.516172507940263,0.513225079641616,0.0029474282986470903,-0.05429022286422382,1.274171006760479,0.08295613957628974,165.9122791525795
heston,0,reference,,5.0,0.18,vol1.25_band10,1.25,0.3041924857655469,band10,-7.477491818921749,512,0.8147502658690864,0.8113699890498074,0.003380276819278924,-0.05814014808442548,1.659313368191696,0.07352763430910783,147.05526861821568
heston,0,validation,16,5.0,0.18,vol0.75_daily,0.75,0.18251549145932816,daily,-7.665802316895072,16,0.05357479760380996,0.048584892824902484,0.004989904778907476,-0.07063925805745326,0.40156824333142227,0.11323623664854668,226.47247329709336
heston,0,validation,16,5.0,0.18,vol0.75_every5,0.75,0.18251549145932816,every5,-7.665802316895072,16,0.6792006256625798,0.6501588251909329,0.02904180047164677,-0.17041654987602223,1.432610181080388,0.07761585734733673,155.23171469467343
heston,0,validation,16,5.0,0.18,vol0.75_band05,0.75,0.18251549145932816,band05,-7.665802316895072,16,0.055822214111067296,0.05503928308556283,0.0007829310255044691,0.02798090465843571,0.4118254908051724,0.08649279947287376,172.98559894574754
heston,0,validation,16,5.0,0.18,vol0.75_band10,0.75,0.18251549145932816,band10,-7.665802316895072,16,0.1298417660766536,0.12406307828453433,0.005778687792119276,0.07601768078624391,0.6705638719907332,0.07519603372570166,150.3920674514033
heston,0,validation,16,5.0,0.18,vol1_daily,1.0,0.24335398861243754,daily,-7.64408008088293,16,0.13050521305161844,0.11643778731899426,0.014067425732624197,-0.11860617915026264,0.7020860061479911,0.10769682438962623,215.3936487792525
heston,0,validation,16,5.0,0.18,vol1_every5,1.0,0.24335398861243754,every5,-7.64408008088293,16,0.6570799462772643,0.6362781889485435,0.020801757328720773,-0.14422814333104608,1.3885457462183617,0.07598289475464609,151.9657895092922
heston,0,validation,16,5.0,0.18,vol1_band05,1.0,0.24335398861243754,band05,-7.64408008088293,16,0.15539133407225852,0.15512987101707948,0.00026146305517904517,-0.01616981926859559,0.7471820908224617,0.08109155147720035,162.1831029544007
heston,0,validation,16,5.0,0.18,vol1_band10,1.0,0.24335398861243754,band10,-7.64408008088293,16,0.25857114670616493,0.25854670573294786,2.4440973217085716e-05,0.004943781267115862,0.9947665194220983,0.07190181774072932,143.80363548145863
heston,0,validation,16,5.0,0.18,vol1.25_daily,1.25,0.3041924857655469,daily,-7.454050090369967,16,0.24332410357732173,0.22562098829930238,0.01770311527801934,-0.13305305437313095,0.9143199898205925,0.1026316275081415,205.263255016283
heston,0,validation,16,5.0,0.18,vol1.25_every5,1.25,0.3041924857655469,every5,-7.454050090369967,16,0.6563872752142597,0.6446776808708821,0.011709594343377521,-0.10821087904354867,1.4484258860773724,0.0743229371354651,148.64587427093022
heston,0,validation,16,5.0,0.18,vol1.25_band05,1.25,0.3041924857655469,band05,-7.454050090369967,16,0.28644409622826084,0.285523752308781,0.0009203439194798037,-0.03033717059120385,0.9875899386346475,0.07684401686356403,153.68803372712804
heston,0,validation,16,5.0,0.18,vol1.25_band10,1.25,0.3041924857655469,band10,-7.454050090369967,16,0.4119563951007857,0.4112009267040578,0.0007554683967278896,-0.02748578535766969,1.231867842365245,0.06939799349241377,138.79598698482752
heston,0,validation,64,5.0,0.18,vol0.75_daily,0.75,0.18251549145932816,daily,-7.683075701839811,64,0.2632934623931263,0.23003948282358505,0.03325397956954121,-0.18235673711037167,1.1932951974229742,0.12237643227179207,244.75286454358414
heston,0,validation,64,5.0,0.18,vol0.75_every5,0.75,0.18251549145932816,every5,-7.683075701839811,64,0.6861299694518919,0.6437289232296939,0.04240104622219798,-0.2059151432561432,1.8017722051112677,0.08448726954522587,168.97453909045174
heston,0,validation,64,5.0,0.18,vol0.75_band05,0.75,0.18251549145932816,band05,-7.683075701839811,64,0.24243180751846655,0.21688131197649732,0.025550495541969215,-0.15984522370708865,1.0557271054925492,0.09521620412851713,190.43240825703427
heston,0,validation,64,5.0,0.18,vol0.75_band10,0.75,0.18251549145932816,band10,-7.683075701839811,64,0.26031537836100443,0.24455064067130342,0.015764737689701,-0.12555770661214308,0.9588154244900253,0.08189309012015104,163.7861802403021
heston,0,validation,64,5.0,0.18,vol1_daily,1.0,0.24335398861243754,daily,-7.653796359914345,64,0.24662870068687193,0.21118887781517864,0.035439822871693304,-0.18825467556396389,1.099473836434261,0.11411975971436773,228.2395194287355
heston,0,validation,64,5.0,0.18,vol1_every5,1.0,0.24335398861243754,every5,-7.653796359914345,64,0.6478749147810272,0.6118665284745745,0.03600838630645284,-0.1897587581811518,1.5931734158649347,0.08185111752965535,163.70223505931068
heston,0,validation,64,5.0,0.18,vol1_band05,1.0,0.24335398861243754,band05,-7.653796359914345,64,0.262895408065908,0.2389843427932139,0.0239110652726941,-0.15463203184558527,0.9546718206642292,0.08773403262822768,175.46806525645536
heston,0,validation,64,5.0,0.18,vol1_band10,1.0,0.24335398861243754,band10,-7.653796359914345,64,0.3424110485017904,0.3269742167464098,0.015436831755380557,-0.12424504720664142,1.0645925838234136,0.07658918217097302,153.17836434194604
heston,0,validation,64,5.0,0.18,vol1.25_daily,1.25,0.3041924857655469,daily,-7.460268508950072,64,0.3026022986209982,0.26728818160458234,0.03531411701641584,-0.18792050717368725,1.1111983728448105,0.10754807346551315,215.09614693102628
heston,0,validation,64,5.0,0.18,vol1.25_every5,1.25,0.3041924857655469,every5,-7.460268508950072,64,0.6843561946680097,0.6533411461552714,0.031015048512738216,-0.1761108983360718,1.5496855793547246,0.07969074315083502,159.38148630167004
heston,0,validation,64,5.0,0.18,vol1.25_band05,1.25,0.3041924857655469,band05,-7.460268508950072,64,0.3513446163387548,0.32845410002805964,0.02289051631069521,-0.15129612126784747,1.0562669544766363,0.08246864844619695,164.9372968923939
heston,0,validation,64,5.0,0.18,vol1.25_band10,1.25,0.3041924857655469,band10,-7.460268508950072,64,0.49140937553831127,0.47533534024594,0.01607403529237136,-0.12678341883847177,1.2775319975014368,0.07311095832797393,146.22191665594787
heston,0,validation,256,5.0,0.18,vol0.75_daily,0.75,0.18251549145932816,daily,-7.777484914195203,256,0.2108966735732924,0.20453427883175898,0.006362394741533382,-0.07976462086372242,0.9478267354398298,0.12570208402011956,251.4041680402391
heston,0,validation,256,5.0,0.18,vol0.75_every5,0.75,0.18251549145932816,every5,-7.777484914195203,256,0.8476467164059642,0.8380951991533081,0.009551517252656232,-0.09773186406007117,1.9829249324436664,0.08859173308964416,177.1834661792883
heston,0,validation,256,5.0,0.18,vol0.75_band05,0.75,0.18251549145932816,band05,-7.777484914195203,256,0.2501543207525265,0.24792914992993723,0.0022251708225892244,-0.04717171634135464,0.939827057442271,0.09715954739565047,194.31909479130093
heston,0,validation,256,5.0,0.18,vol0.75_band10,0.75,0.18251549145932816,band10,-7.777484914195203,256,0.37551676982884935,0.3735947738235049,0.0019219960053444263,-0.043840574874702845,1.066116626932298,0.08389804165386072,167.79608330772143
heston,0,validation,256,5.0,0.18,vol1_daily,1.0,0.24335398861243754,daily,-7.706901541864254,256,0.23707059745490017,0.2310731134154432,0.005997484039456936,-0.07744342476580524,0.849947400714634,0.11649190075122502,232.98380150245004
heston,0,validation,256,5.0,0.18,vol1_every5,1.0,0.24335398861243754,every5,-7.706901541864254,256,0.829839457304609,0.8216097367002811,0.008229720604327815,-0.09071780753704212,1.7615411094456188,0.08527213181497564,170.54426362995127
heston,0,validation,256,5.0,0.18,vol1_band05,1.0,0.24335398861243754,band05,-7.706901541864254,256,0.3340599600053759,0.3320763082899145,0.001983651715461379,-0.04453820512168602,0.9550498292483593,0.08919616943393649,178.39233886787298
heston,0,validation,256,5.0,0.18,vol1_band10,1.0,0.24335398861243754,band10,-7.706901541864254,256,0.5192460453113811,0.5173002844072697,0.0019457609041114241,-0.04411077990821999,1.2117347713899853,0.0782142594386491,156.42851887729822
heston,0,validation,256,5.0,0.18,vol1.25_daily,1.25,0.3041924857655469,daily,-7.494255825398014,256,0.3323228748682695,0.32655044095587,0.005772433912399507,-0.07597653527504072,0.9686970846529822,0.10943524413885267,218.87048827770533
heston,0,validation,256,5.0,0.18,vol1.25_every5,1.25,0.3041924857655469,every5,-7.494255825398014,256,0.8892258857253649,0.8820296417831344,0.00719624394223054,-0.08483067807244346,1.6872393885196124,0.08264750257021078,165.29500514042158
heston,0,validation,256,5.0,0.18,vol1.25_band05,1.25,0.3041924857655469,band05,-7.494255825398014,256,0.4749210124161795,0.47293246048692494,0.001988551929254517,-0.044593182542340674,1.1204865248762201,0.0837116758385462,167.4233516770924
heston,0,validation,256,5.0,0.18,vol1.25_band10,1.25,0.3041924857655469,band10,-7.494255825398014,256,0.711042055787517,0.7090935343836118,0.001948521403905288,-0.0441420593527906,1.4239247620790427,0.0744759801251711,148.95196025034224
heston,0,test,,20.0,0.72,vol0.75_daily,0.75,0.18251549145932816,daily,-7.765479844376077,128,0.4835977632178763,0.23012290515277517,0.25347485806510106,-0.503462866619874,1.5349060747783576,0.5205615267059585,260.2807633529792
heston,0,test,,20.0,0.72,vol0.75_every5,0.75,0.18251549145932816,every5,-7.765479844376077,128,0.7785641504633106,0.6871618059374982,0.09140234452581238,-0.3023282066328122,1.800785528172018,0.3621002201315073,181.05011006575364
heston,0,test,,20.0,0.72,vol0.75_band05,0.75,0.18251549145932816,band05,-7.765479844376077,128,0.4269380897319479,0.27687499611986227,0.15006309361208564,-0.38737977956016967,1.3811439694282754,0.40154439324714547,200.7721966235727
heston,0,test,,20.0,0.72,vol0.75_band10,0.75,0.18251549145932816,band10,-7.765479844376077,128,0.4757098490165911,0.3714193599496987,0.10429048906689231,-0.3229403800500834,1.3900000361717357,0.3431860797319549,171.59303986597746
heston,0,test,,20.0,0.72,vol1_daily,1.0,0.24335398861243754,daily,-7.700148690090995,128,0.43349177593192056,0.22369367989689254,0.20979809603502805,-0.45803722123319635,1.3072986831448494,0.47904825801797035,239.5241290089852
heston,0,test,,20.0,0.72,vol1_every5,1.0,0.24335398861243754,every5,-7.700148690090995,128,0.8013495407218948,0.705435051102739,0.09591448961915573,-0.3097006451707128,1.783391972759612,0.3484527570271087,174.22637851355438
heston,0,test,,20.0,0.72,vol1_band05,1.0,0.24335398861243754,band05,-7.700148690090995,128,0.44806695995207424,0.3260199678998396,0.12204699205223467,-0.3493522463821217,1.2422936440636152,0.36650435564152306,183.25217782076157
heston,0,test,,20.0,0.72,vol1_band10,1.0,0.24335398861243754,band10,-7.700148690090995,128,0.5738263243795834,0.49245315187171496,0.08137317250786832,-0.28525983332370564,1.4435091543775835,0.31780028021253803,158.90014010626902
heston,0,test,,20.0,0.72,vol1.25_daily,1.25,0.3041924857655469,daily,-7.489934000263128,128,0.48383880324747236,0.2984406624101682,0.18539814083730413,-0.4305788439267588,1.2496799791519821,0.44851206665391985,224.25603332695994
heston,0,test,,20.0,0.72,vol1.25_every5,1.25,0.3041924857655469,every5,-7.489934000263128,128,0.8832393688634246,0.7842246542568021,0.09901471460662255,-0.314666036627124,1.8550953279718188,0.33791318639932805,168.95659319966404
heston,0,test,,20.0,0.72,vol1.25_band05,1.25,0.3041924857655469,band05,-7.489934000263128,128,0.5526066364669949,0.44587457270829245,0.10673206375870253,-0.3266987354715389,1.3416145618469328,0.3431673716542639,171.58368582713194
heston,0,test,,20.0,0.72,vol1.25_band10,1.25,0.3041924857655469,band10,-7.489934000263128,128,0.7452859855227041,0.6725574154988685,0.0727285700238355,-0.26968235022677234,1.576791414628954,0.30207763712748614,151.03881856374306
heston,0,reference,,20.0,0.72,vol0.75_daily,0.75,0.18251549145932816,daily,-7.7309182295389105,512,0.47410738491163273,0.2625920527883112,0.2115153321233215,-0.45990796049135907,1.5342118381935588,0.5023553418803834,251.17767094019172
heston,0,reference,,20.0,0.72,vol0.75_every5,0.75,0.18251549145932816,every5,-7.7309182295389105,512,1.0436909804058732,0.9198166353128919,0.12387434509298136,-0.3519578740317957,2.3459462016710226,0.3527742606552088,176.38713032760438
heston,0,reference,,20.0,0.72,vol0.75_band05,0.75,0.18251549145932816,band05,-7.7309182295389105,512,0.38667054257726075,0.27600761390616646,0.11066292867109433,-0.3326603803747815,1.3682586681969109,0.3867570215959926,193.3785107979963
heston,0,reference,,20.0,0.72,vol0.75_band10,0.75,0.18251549145932816,band10,-7.7309182295389105,512,0.5018184102010095,0.4192945341264722,0.08252387607453726,-0.28726969223107623,1.4837201806225233,0.3320553003614433,166.02765018072165
heston,0,reference,,20.0,0.72,vol1_daily,1.0,0.24335398861243754,daily,-7.680707781745089,512,0.4435263904591127,0.25758290128014705,0.18594348917896567,-0.4312116524155692,1.3209527122736784,0.4643850666814801,232.19253334074006
heston,0,reference,,20.0,0.72,vol1_every5,1.0,0.24335398861243754,every5,-7.680707781745089,512,1.065408555493313,0.9480770201721052,0.11733153532120798,-0.34253691088875077,2.2263242512945296,0.3391841483013111,169.59207415065555
heston,0,reference,,20.0,0.72,vol1_band05,1.0,0.24335398861243754,band05,-7.680707781745089,512,0.4593159838406312,0.3606674782771545,0.09864850556347668,-0.31408359645718,1.3353581123597746,0.35403310979354385,177.0165548967719
heston,0,reference,,20.0,0.72,vol1_band10,1.0,0.24335398861243754,band10,-7.680707781745089,512,0.6794318758339806,0.6005544351150797,0.07887744071890095,-0.28085127864921844,1.645819117044943,0.30888298585460017,154.4414929273001
heston,0,reference,,20.0,0.72,vol1.25_daily,1.25,0.3041924857655469,daily,-7.477491818921749,512,0.5121733980480726,0.3440509533671976,0.168122444680875,-0.4100273706484422,1.349234928302113,0.43582326836963714,217.91163418481855
heston,0,reference,,20.0,0.72,vol1.25_every5,1.25,0.3041924857655469,every5,-7.477491818921749,512,1.1492609552726252,1.037335126700714,0.11192582857191102,-0.3345531774948656,2.2477928870974426,0.3286283861745764,164.31419308728817
heston,0,reference,,20.0,0.72,vol1.25_band05,1.25,0.3041924857655469,band05,-7.477491818921749,512,0.6067449388989588,0.5148397769263893,0.09190516197256947,-0.3031586415930931,1.5102889928708616,0.33182455830515895,165.9122791525795
heston,0,reference,,20.0,0.72,vol1.25_band10,1.25,0.3041924857655469,band10,-7.477491818921749,512,0.9011917834439247,0.8235052442786266,0.07768653916529802,-0.278723051011749,1.8808213959223443,0.2941105372364313,147.05526861821568
heston,0,validation,16,20.0,0.72,vol0.75_daily,0.75,0.18251549145932816,daily,-7.665802316895072,16,0.21414593843116322,0.04576048358689555,0.16838545484426765,-0.41034796800309326,0.6559704513890062,0.4529449465941867,226.47247329709336
heston,0,validation,16,20.0,0.72,vol0.75_every5,0.75,0.18251549145932816,every5,-7.665802316895072,16,0.806716053333397,0.6440941013070752,0.16262195202632165,-0.40326412191803235,1.5976182696591357,0.3104634293893469,155.23171469467343
heston,0,validation,16,20.0,0.72,vol0.75_band05,0.75,0.18251549145932816,band05,-7.665802316895072,16,0.09742602613698521,0.043834936519738035,0.053591089617247165,-0.23149749376018558,0.5880939486321656,0.34597119789149505,172.98559894574754
heston,0,validation,16,20.0,0.72,vol0.75_band10,0.75,0.18251549145932816,band10,-7.665802316895072,16,0.12910376096923132,0.10673245031333242,0.02237131065589891,-0.14957042039086108,0.8193304848652067,0.30078413490280664,150.3920674514033
heston,0,validation,16,20.0,0.72,vol1_daily,1.0,0.24335398861243754,daily,-7.64408008088293,16,0.2759087042543593,0.0808127715844229,0.19509593266993638,-0.4416966523191413,0.909428155509033,0.4307872975585049,215.3936487792525
heston,0,validation,16,20.0,0.72,vol1_every5,1.0,0.24335398861243754,every5,-7.64408008088293,16,0.7631654111697679,0.6246498201711013,0.1385155909986667,-0.3721768275949843,1.5409167848469272,0.30393157901858436,151.9657895092922
heston,0,validation,16,20.0,0.72,vol1_band05,1.0,0.24335398861243754,band05,-7.64408008088293,16,0.19193717939468047,0.12462574446110843,0.06731143493357203,-0.25944447370019663,0.9062357825065195,0.3243662059088014,162.1831029544007
heston,0,validation,16,20.0,0.72,vol1_band10,1.0,0.24335398861243754,band10,-7.64408008088293,16,0.2775965168732733,0.23317603450797592,0.04442048236529742,-0.2107616719550721,1.1440975781588467,0.28760727096291727,143.80363548145863
heston,0,validation,16,20.0,0.72,vol1.25_daily,1.25,0.3041924857655469,daily,-7.454050090369967,16,0.37313206844552604,0.17869698539131548,0.19443508305421056,-0.44094793689755546,1.1137959113194085,0.410526510032566,205.263255016283
heston,0,validation,16,20.0,0.72,vol1.25_every5,1.25,0.3041924857655469,every5,-7.454050090369967,16,0.740951990338962,0.6312720029724412,0.10967998736652072,-0.331179690449944,1.6046864715676616,0.2972917485418604,148.64587427093022
heston,0,validation,16,20.0,0.72,vol1.25_band05,1.25,0.3041924857655469,band05,-7.454050090369967,16,0.31723504735607444,0.24918229679602555,0.06805275056004893,-0.2608692211818959,1.1452077603378001,0.3073760674542561,153.68803372712804
heston,0,validation,16,20.0,0.72,vol1.25_band10,1.25,0.3041924857655469,band10,-7.454050090369967,16,0.43944751198916204,0.38390255996516354,0.0555449520239985,-0.23567976583491104,1.381893740189688,0.27759197396965507,138.79598698482752
heston,0,validation,64,20.0,0.72,vol0.75_daily,0.75,0.18251549145932816,daily,-7.683075701839811,64,0.5875355182051181,0.28560061672566983,0.3019349014794482,-0.5494860339257479,1.6944905115339657,0.4895057290871683,244.75286454358414
heston,0,validation,64,20.0,0.72,vol0.75_every5,0.75,0.18251549145932816,every5,-7.683075701839811,64,0.8781303819500242,0.6671031980206039,0.21102718392942027,-0.4593769518918208,2.0547942977238285,0.3379490781809035,168.97453909045174
heston,0,validation,64,20.0,0.72,vol0.75_band05,0.75,0.18251549145932816,band05,-7.683075701839811,64,0.4523862681036438,0.25392151010710784,0.19846475799653604,-0.44549383609264004,1.4734212838025496,0.3808648165140685,190.43240825703427
heston,0,validation,64,20.0,0.72,vol0.75_band10,0.75,0.18251549145932816,band10,-7.683075701839811,64,0.4049912064102136,0.2671743133384616,0.1378168930717519,-0.37123697697259617,1.2661401364997125,0.3275723604806042,163.7861802403021
heston,0,validation,64,20.0,0.72,vol1_daily,1.0,0.24335398861243754,daily,-7.653796359914345,64,0.5133315902548641,0.23178042132499066,0.2815511689298733,-0.530613954707067,1.5083347908752218,0.45647903885747093,228.2395194287355
heston,0,validation,64,20.0,0.72,vol1_every5,1.0,0.24335398861243754,every5,-7.653796359914345,64,0.8122691955917785,0.622772561808643,0.1894966337831354,-0.4353121107701179,1.804148354767145,0.3274044701186214,163.70223505931068
heston,0,validation,64,20.0,0.72,vol1_band05,1.0,0.24335398861243754,band05,-7.653796359914345,64,0.42824322515597923,0.2536578651885285,0.17458535996745073,-0.41783412973026834,1.2763689583922968,0.3509361305129107,175.46806525645536
heston,0,validation,64,20.0,0.72,vol1_band10,1.0,0.24335398861243754,band10,-7.653796359914345,64,0.46209993393266124,0.33677501742061067,0.1253249165120506,-0.3540125937195605,1.3034498552175788,0.3063567286838921,153.17836434194604
heston,0,validation,64,20.0,0.72,vol1.25_daily,1.25,0.3041924857655469,daily,-7.460268508950072,64,0.5310724630049399,0.2703961219660801,0.26067634103885984,-0.5105647275702268,1.468639739349593,0.4301922938620526,215.09614693102628
heston,0,validation,64,20.0,0.72,vol1.25_every5,1.25,0.3041924857655469,every5,-7.460268508950072,64,0.8321005208907245,0.6597234912904189,0.17237702960030574,-0.41518312778857686,1.7478320130150193,0.3187629726033401,159.38148630167004
heston,0,validation,64,20.0,0.72,vol1.25_band05,1.25,0.3041924857655469,band05,-7.460268508950072,64,0.49264985057360966,0.3336865126573649,0.1589633379162448,-0.39870206660643837,1.308226909577984,0.3298745937847878,164.9372968923939
heston,0,validation,64,20.0,0.72,vol1.25_band10,1.25,0.3041924857655469,band10,-7.460268508950072,64,0.6008935628038965,0.48109707395454715,0.11979648884934951,-0.3461162938223936,1.478458461494484,0.2924438333118957,146.22191665594787
heston,0,validation,256,20.0,0.72,vol0.75_daily,0.75,0.18251549145932816,daily,-7.777484914195203,256,0.4545115044761597,0.24578050994974787,0.20873099452641183,-0.4568708729240811,1.437340220213993,0.5028083360804783,251.4041680402391
heston,0,validation,256,20.0,0.72,vol0.75_every5,0.75,0.18251549145932816,every5,-7.777484914195203,256,1.0133647649843667,0.8812273798942903,0.13213738509007625,-0.3635070633290036,2.3013847659200124,0.35436693235857664,177.1834661792883
heston,0,validation,256,20.0,0.72,vol0.75_band05,0.75,0.18251549145932816,band05,-7.777484914195203,256,0.39149729134094957,0.27681322600959934,0.11468406533135023,-0.33865035852830605,1.322968007116847,0.3886381895826019,194.31909479130093
heston,0,validation,256,20.0,0.72,vol0.75_band10,0.75,0.18251549145932816,band10,-7.777484914195203,256,0.4834727788669302,0.3961320200596071,0.08734075880732307,-0.295534699836285,1.3549641967897321,0.3355921666154429,167.79608330772143
heston,0,validation,256,20.0,0.72,vol1_daily,1.0,0.24335398861243754,daily,-7.706901541864254,256,0.42178607273902724,0.23952613172395204,0.18225994101507517,-0.4269191270194803,1.2318330271903901,0.4659676030049001,232.98380150245004
heston,0,validation,256,20.0,0.72,vol1_every5,1.0,0.24335398861243754,every5,-7.706901541864254,256,0.9705860779779087,0.8505001241415604,0.1200859538363485,-0.346534202981969,2.0602062088517976,0.3410885272599026,170.54426362995127
heston,0,validation,256,20.0,0.72,vol1_band05,1.0,0.24335398861243754,band05,-7.706901541864254,256,0.44113817244091746,0.3437150872083646,0.09742308523255283,-0.3121267134234954,1.2501109627367246,0.35678467773574596,178.39233886787298
heston,0,validation,256,20.0,0.72,vol1_band10,1.0,0.24335398861243754,band10,-7.706901541864254,256,0.6096765067987615,0.5319729605761273,0.07770354622263423,-0.2787535582241673,1.4587799223310356,0.3128570377545964,156.42851887729822
heston,0,validation,256,20.0,0.72,vol1.25_daily,1.25,0.3041924857655469,daily,-7.494255825398014,256,0.48587035704051185,0.32242620507065034,0.16344415196986148,-0.4042822676915987,1.2773622174393164,0.43774097655541067,218.87048827770533
heston,0,validation,256,20.0,0.72,vol1.25_every5,1.25,0.3041924857655469,every5,-7.494255825398014,256,1.0166662055684015,0.905928212392184,0.11073799317621748,-0.3327731857830758,1.9511101139626248,0.3305900102808431,165.29500514042158
heston,0,validation,256,20.0,0.72,vol1.25_band05,1.25,0.3041924857655469,band05,-7.494255825398014,256,0.56829484216978,0.48083966794568367,0.08745517422409635,-0.29572821005797933,1.3819632888760924,0.3348467033541848,167.4233516770924
heston,0,validation,256,20.0,0.72,vol1.25_band10,1.25,0.3041924857655469,band10,-7.494255825398014,256,0.7955408193353763,0.7239471145807718,0.0715937047546046,-0.267569999728304,1.6578667379473038,0.2979039205006844,148.95196025034224
heston,1,test,,5.0,0.18,vol0.75_daily,0.75,0.10159575104280852,daily,-6.230951719297256,128,0.6537145614278639,0.6147349507084415,0.0389796107194223,-0.19743254726468557,1.8609723207145765,0.14647129790324737,292.94259580649475
heston,1,test,,5.0,0.18,vol0.75_every5,0.75,0.10159575104280852,every5,-6.230951719297256,128,1.0350116975115433,1.032768450711142,0.002243246800401275,-0.04736292643409268,2.3368881330919273,0.09245848803891024,184.91697607782046
heston,1,test,,5.0,0.18,vol0.75_band05,0.75,0.10159575104280852,band05,-6.230951719297256,128,0.4988039207805486,0.4734099516898311,0.025393969090717554,-0.15935485273664418,1.6042542876587356,0.11729272634556188,234.58545269112375
heston,1,test,,5.0,0.18,vol0.75_band10,0.75,0.10159575104280852,band10,-6.230951719297256,128,0.4141078867078758,0.4014974270026816,0.01261045970519419,-0.11229630316797695,1.3990008775880256,0.09941350265317031,198.8270053063406
heston,1,test,,5.0,0.18,vol1_daily,1.0,0.13546100139041137,daily,-7.349580792499813,128,0.4098869817264425,0.3831117258226674,0.02677525590377512,-0.16363146367302078,1.4802084391401034,0.13643932725673713,272.8786545134742
heston,1,test,,5.0,0.18,vol1_every5,1.0,0.13546100139041137,every5,-7.349580792499813,128,0.8568245358056356,0.8545654001487374,0.0022591356568981945,-0.04753036562975499,2.0683730573697976,0.08932311832620564,178.6462366524113
heston,1,test,,5.0,0.18,vol1_band05,1.0,0.13546100139041137,band05,-7.349580792499813,128,0.3340554118652277,0.31734441937831537,0.016710992486912407,-0.12927100404542546,1.266976684163251,0.10708711566063911,214.1742313212782
heston,1,test,,5.0,0.18,vol1_band10,1.0,0.13546100139041137,band10,-7.349580792499813,128,0.33390396147570967,0.32637580943937977,0.007528152036329923,-0.08676492399771882,1.1552622674411344,0.09076662755957639,181.53325511915278
heston,1,test,,5.0,0.18,vol1.25_daily,1.25,0.16932625173801422,daily,-7.687370550823369,128,0.29329300659045865,0.27456345229629875,0.018729554294159897,-0.13685596185099097,1.2225935043836866,0.12819654180775827,256.39308361551656
heston,1,test,,5.0,0.18,vol1.25_every5,1.25,0.16932625173801422,every5,-7.687370550823369,128,0.7817273659363833,0.7797106089895267,0.0020167569468565335,-0.04490831712340748,1.8640251635913172,0.08663555205166268,173.27110410332534
heston,1,test,,5.0,0.18,vol1.25_band05,1.25,0.16932625173801422,band05,-7.687370550823369,128,0.27401197192395954,0.2632754960092344,0.010736475914725152,-0.10361696731098219,1.0628370147440642,0.09918741137705447,198.37482275410895
heston,1,test,,5.0,0.18,vol1.25_band10,1.25,0.16932625173801422,band10,-7.687370550823369,128,0.34768867690870964,0.34375437983753515,0.00393429707117447,-0.06272397525009452,1.0408315905017615,0.08450081000349303,169.00162000698606
heston,1,reference,,5.0,0.18,vol0.75_daily,0.75,0.10159575104280852,daily,-6.146643900644124,512,0.6193233733871042,0.6063119127343597,0.013011460652744626,-0.1140677897249904,1.855361854309455,0.14030152599175152,280.60305198350295
heston,1,reference,,5.0,0.18,vol0.75_every5,0.75,0.10159575104280852,every5,-6.146643900644124,512,1.4105019024778227,1.3900040992334222,0.020497803244400488,-0.1431705390239224,2.8598121243472843,0.09164037645750607,183.28075291501216
heston,1,reference,,5.0,0.18,vol0.75_band05,0.75,0.10159575104280852,band05,-6.146643900644124,512,0.4917185128427482,0.4840948041332379,0.007623708709510271,-0.08731385176196427,1.6368217033417765,0.11271012011843147,225.42024023686292
heston,1,reference,,5.0,0.18,vol0.75_band10,0.75,0.10159575104280852,band10,-6.146643900644124,512,0.42290184763853067,0.41705327121067814,0.005848576427852506,-0.07647598595541287,1.4612527623779312,0.09611294928438141,192.22589856876283
heston,1,reference,,5.0,0.18,vol1_daily,1.0,0.13546100139041137,daily,-7.302157644507426,512,0.3876036527415011,0.37240895062606644,0.015194702115434637,-0.12326679242778502,1.5156295721452289,0.1319005152549445,263.801030509889
heston,1,reference,,5.0,0.18,vol1_every5,1.0,0.13546100139041137,every5,-7.302157644507426,512,1.1693089877766074,1.1479100488224816,0.02139893895412562,-0.14628376175818567,2.5641563532638902,0.08877241071377803,177.5448214275561
heston,1,reference,,5.0,0.18,vol1_band05,1.0,0.13546100139041137,band05,-7.302157644507426,512,0.3375150574156957,0.32847522461932593,0.009039832796369787,-0.09507803529927292,1.3425341436398963,0.10372894492089188,207.45788984178375
heston,1,reference,,5.0,0.18,vol1_band10,1.0,0.13546100139041137,band10,-7.302157644507426,512,0.36302990078925157,0.35510799080292477,0.007921909986326853,-0.08900511213591528,1.2731869396287705,0.08856381946640132,177.12763893280263
heston,1,reference,,5.0,0.18,vol1.25_daily,1.25,0.16932625173801422,daily,-7.657019736108241,512,0.28215011120875766,0.265146378467106,0.017003732741651668,-0.13039836172917077,1.257273036578761,0.12508397505464333,250.16795010928666
heston,1,reference,,5.0,0.18,vol1.25_every5,1.25,0.16932625173801422,every5,-7.657019736108241,512,1.0475917462964384,1.0256685949743025,0.021923151322135712,-0.1480646862764235,2.339620826549739,0.08640526112163069,172.81052224326137
heston,1,reference,,5.0,0.18,vol1.25_band05,1.25,0.16932625173801422,band05,-7.657019736108241,512,0.29217068980211774,0.2813239831061042,0.010846706696013486,-0.10414752371522563,1.136223485852799,0.09707404101260307,194.14808202520612
heston,1,reference,,5.0,0.18,vol1.25_band10,1.25,0.16932625173801422,band10,-7.657019736108241,512,0.390536293848417,0.38056862083849047,0.009967673009926476,-0.09983823420877633,1.2361869430068604,0.08321433219498074,166.4286643899615
heston,1,validation,16,5.0,0.18,vol0.75_daily,0.75,0.10159575104280852,daily,-6.552511692643135,16,0.41153620498363597,0.41120884041480543,0.0003273645688305848,-0.01809321886317039,1.4108200383237848,0.14979366792478033,299.58733584956065
heston,1,validation,16,5.0,0.18,vol0.75_every5,0.75,0.10159575104280852,every5,-6.552511692643135,16,2.5207469149623694,2.516871430555617,0.003875484406752157,0.062253388717018104,3.7592102015211677,0.10058625634225524,201.17251268451048
heston,1,validation,16,5.0,0.18,vol0.75_band05,0.75,0.10159575104280852,band05,-6.552511692643135,16,0.46710702960181816,0.4667140429285963,0.00039298667322180606,0.01982389147523276,1.5097382807984587,0.1190582504966984,238.11650099339678
heston,1,validation,16,5.0,0.18,vol0.75_band10,0.75,0.10159575104280852,band10,-6.552511692643135,16,0.5253180130287729,0.5173765402464746,0.00794147278229816,0.08911494140882414,1.5107909775811241,0.1012551967576527,202.5103935153054
heston,1,validation,16,5.0,0.18,vol1_daily,1.0,0.13546100139041137,daily,-7.53045827750687,16,0.30120894063619974,0.2988512660634897,0.0023576745727100453,-0.04855589122557679,1.239008419885109,0.14247811121627563,284.95622243255133
heston,1,validation,16,5.0,0.18,vol1_every5,1.0,0.13546100139041137,every5,-7.53045827750687,16,1.9560783263989459,1.9526490068040367,0.003429319594908846,0.05856039271477648,3.248035798301435,0.09849139490213912,196.98278980427827
heston,1,validation,16,5.0,0.18,vol1_band05,1.0,0.13546100139041137,band05,-7.53045827750687,16,0.3797819173450142,0.37960772455408204,0.0001741927909322137,0.013198211656592483,1.343483667228312,0.11059349905563609,221.18699811127217
heston,1,validation,16,5.0,0.18,vol1_band10,1.0,0.13546100139041137,band10,-7.53045827750687,16,0.4418645118479856,0.43201620907364546,0.009848302774340126,0.09923861533868823,1.274964862757486,0.0939933751580088,187.9867503160176
heston,1,validation,16,5.0,0.18,vol1.25_daily,1.25,0.16932625173801422,daily,-7.803132141227886,16,0.2466618685487491,0.24317812719239423,0.0034837413563548643,-0.05902322726143382,1.049813548768902,0.13635962640389854,272.71925280779715
heston,1,validation,16,5.0,0.18,vol1.25_every5,1.25,0.16932625173801422,every5,-7.803132141227886,16,1.552293176466189,1.546987860869208,0.005305315596980538,0.07283759741356477,2.8805549992438957,0.0964297283387475,192.85945667749502
heston,1,validation,16,5.0,0.18,vol1.25_band05,1.25,0.16932625173801422,band05,-7.803132141227886,16,0.3316471296070339,0.33114265123648284,0.0005044783705510984,0.022460595952714577,1.1484144538008536,0.1045525885430987,209.10517708619744
heston,1,validation,16,5.0,0.18,vol1.25_band10,1.25,0.16932625173801422,band10,-7.803132141227886,16,0.3835757871822123,0.3733618274583679,0.01021395972384446,0.10106413668480259,1.0275946256868036,0.08960414564509817,179.20829129019634
heston,1,validation,64,5.0,0.18,vol0.75_daily,0.75,0.10159575104280852,daily,-6.140666646428886,64,0.7096251145954576,0.7017876526657117,0.00783746192974582,-0.08852944103373646,1.8931756650166258,0.1432085141498805,286.417028299761
heston,1,validation,64,5.0,0.18,vol0.75_every5,0.75,0.10159575104280852,every5,-6.140666646428886,64,1.3809060214132924,1.3806500914429098,0.0002559299703827297,-0.01599781142477713,2.734798252038479,0.09110358861148404,182.20717722296808
heston,1,validation,64,5.0,0.18,vol0.75_band05,0.75,0.10159575104280852,band05,-6.140666646428886,64,0.5236873602485456,0.5225636219976384,0.0011237382509071909,-0.033522205340746764,1.5841463645606777,0.11381106622483401,227.62213244966807
heston,1,validation,64,5.0,0.18,vol0.75_band10,0.75,0.10159575104280852,band10,-6.140666646428886,64,0.40901513965641256,0.408994459822972,2.067983344061261e-05,-0.0045475084871402505,1.3515863076511998,0.09587703799918162,191.75407599836328
heston,1,validation,64,5.0,0.18,vol1_daily,1.0,0.13546100139041137,daily,-7.298795439011355,64,0.40090792970600775,0.3891197995079244,0.011788130198083373,-0.1085731559736723,1.445888523707037,0.13464736711515635,269.2947342303127
heston,1,validation,64,5.0,0.18,vol1_every5,1.0,0.13546100139041137,every5,-7.298795439011355,64,1.1906531433775407,1.1869297807603145,0.003723362617225991,-0.06101936264191876,2.4611969990204243,0.08867892512499144,177.35785024998287
heston,1,validation,64,5.0,0.18,vol1_band05,1.0,0.13546100139041137,band05,-7.298795439011355,64,0.2998484472578927,0.29779804938311344,0.0020503978747792783,-0.04528131926942145,1.2401301532943902,0.10462599212946957,209.25198425893916
heston,1,validation,64,5.0,0.18,vol1_band10,1.0,0.13546100139041137,band10,-7.298795439011355,64,0.3006886752222457,0.30054630272564836,0.00014237249659732794,-0.011931994661301518,1.0600365156087477,0.0881100873720683,176.2201747441366
heston,1,validation,64,5.0,0.18,vol1.25_daily,1.25,0.16932625173801422,daily,-7.654867924590756,64,0.2676926287819601,0.25325637811598684,0.014436250665973272,-0.12015094950092269,1.1531401600124909,0.12780072735419423,255.60145470838845
heston,1,validation,64,5.0,0.18,vol1.25_every5,1.25,0.16932625173801422,every5,-7.654867924590756,64,1.1113195540568404,1.1041244932963954,0.00719506076044518,-0.08482370400097593,2.3080859043919455,0.08665897692557731,173.31795385115458
heston,1,validation,64,5.0,0.18,vol1.25_band05,1.25,0.16932625173801422,band05,-7.654867924590756,64,0.23473084436194253,0.23205580181794783,0.0026750425439947545,-0.05172081345062889,0.9772018827650798,0.09784148657189863,195.68297314379726
heston,1,validation,64,5.0,0.18,vol1.25_band10,1.25,0.16932625173801422,band10,-7.654867924590756,64,0.3308616970011067,0.33039257341896777,0.0004691235821388643,-0.021659260886255197,1.0284244413184949,0.08287144432232275,165.74288864464552
heston,1,validation,256,5.0,0.18,vol0.75_daily,0.75,0.10159575104280852,daily,-6.002874861076761,256,0.6900082234178095,0.6716976600834954,0.018310563334314214,-0.13531653015915762,1.9140926745720794,0.14182668458863948,283.65336917727893
heston,1,validation,256,5.0,0.18,vol0.75_every5,0.75,0.10159575104280852,every5,-6.002874861076761,256,1.2543553068223043,1.2204804588279752,0.03387484799432901,-0.18405121024956345,2.642911481873474,0.09438471053478868,188.7694210695774
heston,1,validation,256,5.0,0.18,vol0.75_band05,0.75,0.10159575104280852,band05,-6.002874861076761,256,0.5484827161856465,0.5322804335793193,0.01620228260632716,-0.12728818722225232,1.7216645628401872,0.11476139968860576,229.5227993772115
heston,1,validation,256,5.0,0.18,vol0.75_band10,0.75,0.10159575104280852,band10,-6.002874861076761,256,0.4852310459526994,0.46984744843491066,0.015383597517788814,-0.12403063136898407,1.553111913103724,0.0978941405920492,195.7882811840984
heston,1,validation,256,5.0,0.18,vol1_daily,1.0,0.13546100139041137,daily,-7.2212875597507855,256,0.4340475654322129,0.4120710648837401,0.02197650054847274,-0.14824473194172108,1.5080440202142793,0.1333681024326303,266.7362048652606
heston,1,validation,256,5.0,0.18,vol1_every5,1.0,0.13546100139041137,every5,-7.2212875597507855,256,1.051108058796009,1.0128940856156143,0.03821397318039481,-0.19548394609377726,2.333399308107019,0.09142390588864183,182.84781177728365
heston,1,validation,256,5.0,0.18,vol1_band05,1.0,0.13546100139041137,band05,-7.2212875597507855,256,0.3734662039822325,0.35351736593160543,0.019948838050627096,-0.1412403556021688,1.399951632000448,0.1057288951687757,211.4577903375514
heston,1,validation,256,5.0,0.18,vol1_band10,1.0,0.13546100139041137,band10,-7.2212875597507855,256,0.40780189971685843,0.38809690028913724,0.01970499942772114,-0.14037449707023403,1.3326646252749548,0.09030902385287748,180.61804770575495
heston,1,validation,256,5.0,0.18,vol1.25_daily,1.25,0.16932625173801422,daily,-7.605262881863991,256,0.3156469785557464,0.29030806482850186,0.025338913727244526,-0.15918201445906044,1.2341147088442934,0.1264715181152109,252.94303623042177
heston,1,validation,256,5.0,0.18,vol1.25_every5,1.25,0.16932625173801422,every5,-7.605262881863991,256,0.9586115909900165,0.9173181847569829,0.04129340623303344,-0.2032077907783888,2.1079105201289874,0.08892920801773407,177.85841603546814
heston,1,validation,256,5.0,0.18,vol1.25_band05,1.25,0.16932625173801422,band05,-7.605262881863991,256,0.3174508571029827,0.2945557400856095,0.022895117017373238,-0.1513113248153397,1.1611934020624997,0.09887858696861344,197.75717393722692
heston,1,validation,256,5.0,0.18,vol1.25_band10,1.25,0.16932625173801422,band10,-7.605262881863991,256,0.42801048872403447,0.40449262605427844,0.02351786266975604,-0.15335534770511278,1.2246156687400054,0.08487828942417189,169.75657884834376
heston,1,test,,20.0,0.72,vol0.75_daily,0.75,0.10159575104280852,daily,-6.230951719297256,128,1.2091597666220988,0.8035863772403036,0.40557338938179516,-0.6368464409744277,2.4859387481380453,0.5858851916129895,292.94259580649475
heston,1,test,,20.0,0.72,vol0.75_every5,0.75,0.10159575104280852,every5,-6.230951719297256,128,1.2172990863763968,1.1118440640788576,0.10545502229753906,-0.3247383905508233,2.698667544039812,0.36983395215564097,184.91697607782046
heston,1,test,,20.0,0.72,vol0.75_band05,0.75,0.10159575104280852,band05,-6.230951719297256,128,0.8543271780582612,0.5929679652821106,0.26135921277615043,-0.5112330317733298,2.0987446759809223,0.46917090538224754,234.58545269112375
heston,1,test,,20.0,0.72,vol0.75_band10,0.75,0.10159575104280852,band10,-6.230951719297256,128,0.6382601431682762,0.4697196698775495,0.16854047329072663,-0.41053681112748786,1.7940233472158604,0.39765401061268124,198.8270053063406
heston,1,test,,20.0,0.72,vol1_daily,1.0,0.13546100139041137,daily,-7.349580792499813,128,0.8161359907601602,0.48786492372645296,0.32827106703370706,-0.572949445443232,2.0318799689273157,0.5457573090269485,272.8786545134742
heston,1,test,,20.0,0.72,vol1_every5,1.0,0.13546100139041137,every5,-7.349580792499813,128,1.006208078895522,0.9066680051915617,0.09954007370396076,-0.31549972060837195,2.4097870469912124,0.35729247330482256,178.6462366524113
heston,1,test,,20.0,0.72,vol1_band05,1.0,0.13546100139041137,band05,-7.349580792499813,128,0.58123037099464,0.3782509716724153,0.20297939932222478,-0.45053235102734274,1.6824262514678516,0.42834846264255644,214.1742313212782
heston,1,test,,20.0,0.72,vol1_band10,1.0,0.13546100139041137,band10,-7.349580792499813,128,0.4862580737322153,0.3573305383386204,0.12892753539359494,-0.35906480667644797,1.481391856863484,0.36306651023830555,181.53325511915278
heston,1,test,,20.0,0.72,vol1.25_daily,1.25,0.16932625173801422,daily,-7.687370550823369,128,0.6003920349057222,0.32848653441791836,0.271905500487804,-0.5214455872742658,1.7156865385666702,0.5127861672310331,256.39308361551656
heston,1,test,,20.0,0.72,vol1.25_every5,1.25,0.16932625173801422,every5,-7.687370550823369,128,0.9073284070688451,0.8144162391341362,0.09291216793470891,-0.3048149732783954,2.1931109381395437,0.3465422082066507,173.27110410332534
heston,1,test,,20.0,0.72,vol1.25_band05,1.25,0.16932625173801422,band05,-7.687370550823369,128,0.4514993506760056,0.2905545990062479,0.16094475166975764,-0.4011792014421456,1.4317480884192786,0.3967496455082179,198.37482275410895
heston,1,test,,20.0,0.72,vol1.25_band10,1.25,0.16932625173801422,band10,-7.687370550823369,128,0.4561166976584402,0.35611755827441566,0.09999913938402454,-0.3162264052605736,1.3122997652862052,0.33800324001397214,169.00162000698606
heston,1,reference,,20.0,0.72,vol0.75_daily,0.75,0.10159575104280852,daily,-6.146643900644124,512,1.0857121010038098,0.7995166668010036,0.2861954342028061,-0.5349723677002449,2.5062544708219514,0.5612061039670061,280.60305198350295
heston,1,reference,,20.0,0.72,vol0.75_every5,0.75,0.10159575104280852,every5,-6.146643900644124,512,1.6540843753855663,1.4792837322030468,0.17480064318251928,-0.41809166839644063,3.2199361328219234,0.3665615058300243,183.28075291501216
heston,1,reference,,20.0,0.72,vol0.75_band05,0.75,0.10159575104280852,band05,-6.146643900644124,512,0.7889503117007223,0.6079475340766474,0.18100277762407502,-0.4254442121172587,2.1680015134438313,0.4508404804737259,225.42024023686292
heston,1,reference,,20.0,0.72,vol0.75_band10,0.75,0.10159575104280852,band10,-6.146643900644124,512,0.6209675904859328,0.4878777275191676,0.13308986296676512,-0.36481483380855706,1.8776355093728845,0.38445179713752564,192.22589856876283
heston,1,reference,,20.0,0.72,vol1_daily,1.0,0.13546100139041137,daily,-7.302157644507426,512,0.7457640968442432,0.476435960797835,0.2693281360464081,-0.5189683381926186,2.0868029397425754,0.527602061019778,263.801030509889
heston,1,reference,,20.0,0.72,vol1_every5,1.0,0.13546100139041137,every5,-7.302157644507426,512,1.377569320699589,1.2073297405327175,0.1702395801668716,-0.4126009938995198,2.8955122196801604,0.35508964285511213,177.5448214275561
heston,1,reference,,20.0,0.72,vol1_band05,1.0,0.13546100139041137,band05,-7.302157644507426,512,0.5556968449197143,0.3906457002732623,0.16505114464645196,-0.40626487006194856,1.7944804780528218,0.4149157796835675,207.45788984178375
heston,1,reference,,20.0,0.72,vol1_band10,1.0,0.13546100139041137,band10,-7.302157644507426,512,0.514195620932099,0.3883859637827243,0.12580965714937484,-0.35469657053511927,1.6195590365950594,0.3542552778656053,177.12763893280263
heston,1,reference,,20.0,0.72,vol1.25_daily,1.25,0.16932625173801422,daily,-7.657019736108241,512,0.573217893332183,0.31753568069710786,0.2556822126350751,-0.5056502868931008,1.7709942526095048,0.5003359002185733,250.16795010928666
heston,1,reference,,20.0,0.72,vol1.25_every5,1.25,0.16932625173801422,every5,-7.657019736108241,512,1.232063923419793,1.0661865424685424,0.1658773809512506,-0.4072804696413156,2.6466826620327017,0.34562104448652275,172.81052224326137
heston,1,reference,,20.0,0.72,vol1.25_band05,1.25,0.16932625173801422,band05,-7.657019736108241,512,0.46649980836863036,0.3101826507950109,0.15631715757361953,-0.3953696467530348,1.5184875929438106,0.3882961640504123,194.14808202520612
heston,1,reference,,20.0,0.72,vol1.25_band10,1.25,0.16932625173801422,band10,-7.657019736108241,512,0.5184178079879107,0.39628067731081823,0.12213713067709238,-0.34948123079371857,1.5238374826199568,0.33285732877992297,166.4286643899615
heston,1,validation,16,20.0,0.72,vol0.75_daily,0.75,0.10159575104280852,daily,-6.552511692643135,16,0.7693233778204738,0.5507912289899283,0.2185321488305455,-0.4674742226375113,2.0201572534448187,0.5991746716991213,299.58733584956065
heston,1,validation,16,20.0,0.72,vol0.75_every5,0.75,0.10159575104280852,every5,-6.552511692643135,16,2.6992772383942114,2.6419144111968955,0.057362827197316835,-0.2395053803097476,4.175251749049664,0.40234502536902095,201.17251268451048
heston,1,validation,16,20.0,0.72,vol0.75_band05,0.75,0.10159575104280852,band05,-6.552511692643135,16,0.7044020617449966,0.5905964589922293,0.11380560275276734,-0.3373508600148625,2.0210634558989136,0.4762330019867936,238.11650099339678
heston,1,validation,16,20.0,0.72,vol0.75_band10,0.75,0.10159575104280852,band10,-6.552511692643135,16,0.6598528107220476,0.6137779096642537,0.046074901057793695,-0.21465064886413388,1.935515847502107,0.4050207870306108,202.5103935153054
heston,1,validation,16,20.0,0.72,vol1_daily,1.0,0.13546100139041137,daily,-7.53045827750687,16,0.6172621713476629,0.3906954771716774,0.2265666941759855,-0.4759902248744038,1.7977022972092198,0.5699124448651025,284.95622243255133
heston,1,validation,16,20.0,0.72,vol1_every5,1.0,0.13546100139041137,every5,-7.53045827750687,16,2.089833552611972,2.0337054077761136,0.0561281448358585,-0.23691379199164092,3.610743770676946,0.3939655796085565,196.98278980427827
heston,1,validation,16,20.0,0.72,vol1_band05,1.0,0.13546100139041137,band05,-7.53045827750687,16,0.567703497940301,0.4662088252993245,0.10149467264097635,-0.31858228551031575,1.804864666100619,0.44237399622254436,221.18699811127217
heston,1,validation,16,20.0,0.72,vol1_band10,1.0,0.13546100139041137,band10,-7.53045827750687,16,0.5311832206601323,0.49778876113358855,0.03339445952654391,-0.18274151013533818,1.6550936512002905,0.3759735006320352,187.9867503160176
heston,1,validation,16,20.0,0.72,vol1.25_daily,1.25,0.16932625173801422,daily,-7.803132141227886,16,0.5237370845223334,0.30461750243775243,0.21911958208458107,-0.4681021064731295,1.5654002499601722,0.5454385056155941,272.71925280779715
heston,1,validation,16,20.0,0.72,vol1.25_every5,1.25,0.16932625173801422,every5,-7.803132141227886,16,1.6461641343871383,1.5993128446114184,0.04685128977571967,-0.21645158760267774,3.1630658500378557,0.38571891335499,192.85945667749502
heston,1,validation,16,20.0,0.72,vol1.25_band05,1.25,0.16932625173801422,band05,-7.803132141227886,16,0.47578311675124085,0.390987325123589,0.08479579162765183,-0.29119716967658155,1.5677480884470234,0.4182103541723948,209.10517708619744
heston,1,validation,16,20.0,0.72,vol1.25_band10,1.25,0.16932625173801422,band10,-7.803132141227886,16,0.446237417217134,0.41809792498020476,0.028139492236929197,-0.16774830025049195,1.3754817895712634,0.35841658258039266,179.20829129019634
heston,1,validation,64,20.0,0.72,vol0.75_daily,0.75,0.10159575104280852,daily,-6.140666646428886,64,1.2107206632035847,0.942236076294925,0.2684845869086597,-0.518154983483378,2.5842292306176167,0.572834056599522,286.417028299761
heston,1,validation,64,20.0,0.72,vol0.75_every5,0.75,0.10159575104280852,every5,-6.140666646428886,64,1.512887219723265,1.429187766847506,0.08369945287575946,-0.2893085772592293,3.0506977236344825,0.3644143544459362,182.20717722296808
heston,1,validation,64,20.0,0.72,vol0.75_band05,0.75,0.10159575104280852,band05,-6.140666646428886,64,0.8110456178487521,0.6704540628485134,0.14059155500023854,-0.3749554040152489,2.0951266535758677,0.45524426489933606,227.62213244966807
heston,1,validation,64,20.0,0.72,vol0.75_band10,0.75,0.10159575104280852,band10,-6.140666646428886,64,0.570540756735558,0.48517240929850985,0.08536834743704819,-0.2921786224846852,1.7486235770799183,0.3835081519967265,191.75407599836328
heston,1,validation,64,20.0,0.72,vol1_daily,1.0,0.13546100139041137,daily,-7.298795439011355,64,0.77959808350172,0.5169261945168142,0.2626718889849057,-0.5125152573191414,2.024521777271154,0.5385894684606254,269.2947342303127
heston,1,validation,64,20.0,0.72,vol1_every5,1.0,0.13546100139041137,every5,-7.298795439011355,64,1.315348082162946,1.208382364748421,0.10696571741452499,-0.32705613801689304,2.756788297205967,0.35471570049996576,177.35785024998287
heston,1,validation,64,20.0,0.72,vol1_band05,1.0,0.13546100139041137,band05,-7.298795439011355,64,0.4949633113511447,0.365967911693716,0.1289953996574287,-0.3591592956578302,1.6792923316689299,0.4185039685178783,209.25198425893916
heston,1,validation,64,20.0,0.72,vol1_band10,1.0,0.13546100139041137,band10,-7.298795439011355,64,0.4023759154358586,0.3260550809160577,0.07632083451980087,-0.2762622567775064,1.366523502888629,0.3524403494882732,176.2201747441366
heston,1,validation,64,20.0,0.72,vol1.25_daily,1.25,0.16932625173801422,daily,-7.654867924590756,64,0.5702930696891245,0.31672731338171156,0.253565756307413,-0.5035531315635055,1.6634262402172957,0.5112029094167769,255.60145470838845
heston,1,validation,64,20.0,0.72,vol1.25_every5,1.25,0.16932625173801422,every5,-7.654867924590756,64,1.2296760729819944,1.1107885952388843,0.11888747774311027,-0.34480063477770784,2.551821535433303,0.34663590770230923,173.31795385115458
heston,1,validation,64,20.0,0.72,vol1.25_band05,1.25,0.16932625173801422,band05,-7.654867924590756,64,0.3781576440620375,0.2589633454183473,0.1191942986436902,-0.34524527316632475,1.362851842902294,0.3913659462875945,195.68297314379726
heston,1,validation,64,20.0,0.72,vol1.25_band10,1.25,0.16932625173801422,band10,-7.654867924590756,64,0.40968507319839426,0.33663725766405717,0.0730478155343372,-0.27027359385322347,1.2953085744138955,0.331485777289291,165.74288864464552
heston,1,validation,256,20.0,0.72,vol0.75_daily,0.75,0.10159575104280852,daily,-6.002874861076761,256,1.2103557807759229,0.8958629722338879,0.3144928085420348,-0.560796583925076,2.6145147945988803,0.5673067383545579,283.65336917727893
heston,1,validation,256,20.0,0.72,vol0.75_every5,0.75,0.10159575104280852,every5,-6.002874861076761,256,1.5191552472346939,1.300874415777847,0.2182808314568471,-0.4672053418539295,3.01426797085938,0.37753884213915473,188.7694210695774
heston,1,validation,256,20.0,0.72,vol0.75_band05,0.75,0.10159575104280852,band05,-6.002874861076761,256,0.9063318722766893,0.6839513567672649,0.22238051550942436,-0.47157238628806963,2.2925615409000315,0.459045598754423,229.5227993772115
heston,1,validation,256,20.0,0.72,vol0.75_band10,0.75,0.10159575104280852,band10,-6.002874861076761,256,0.741635861085034,0.5671516663172064,0.17448419476782762,-0.4177130531451317,2.0119771439077145,0.3915765623681968,195.7882811840984
heston,1,validation,256,20.0,0.72,vol1_daily,1.0,0.13546100139041137,daily,-7.2212875597507855,256,0.8404042570582106,0.539717588223205,0.30068666883500567,-0.5483490392396121,2.1260294465178484,0.5334724097305212,266.7362048652606
heston,1,validation,256,20.0,0.72,vol1_every5,1.0,0.13546100139041137,every5,-7.2212875597507855,256,1.285100294154724,1.0644299105204051,0.22067038363431896,-0.4697556637597028,2.677193617030185,0.3656956235545673,182.84781177728365
heston,1,validation,256,20.0,0.72,vol1_band05,1.0,0.13546100139041137,band05,-7.2212875597507855,256,0.6468913856594124,0.4367360336399218,0.2101553520194906,-0.4584270411084959,1.8786297619627155,0.4229155806751028,211.4577903375514
heston,1,validation,256,20.0,0.72,vol1_band10,1.0,0.13546100139041137,band10,-7.2212875597507855,256,0.6110846994278638,0.4419157190712977,0.16916898035656616,-0.41130156862886647,1.7190391967149805,0.3612360954115099,180.61804770575495
heston,1,validation,256,20.0,0.72,vol1.25_daily,1.25,0.16932625173801422,daily,-7.605262881863991,256,0.6498459619980419,0.3597596980698534,0.2900862639281885,-0.5385965688046931,1.7699694227981029,0.5058860724608436,252.94303623042177
heston,1,validation,256,20.0,0.72,vol1.25_every5,1.25,0.16932625173801422,every5,-7.605262881863991,256,1.1717162315776746,0.9508205416149556,0.22089568996271933,-0.469995414831591,2.431421998593187,0.3557168320709363,177.85841603546814
heston,1,validation,256,20.0,0.72,vol1.25_band05,1.25,0.16932625173801422,band05,-7.605262881863991,256,0.5399043992093535,0.33924780760325535,0.20065659160609825,-0.4479470857211801,1.5803635142270653,0.3955143478744538,197.75717393722692
heston,1,validation,256,20.0,0.72,vol1.25_band10,1.25,0.16932625173801422,band10,-7.605262881863991,256,0.6021391452241318,0.43568312889065985,0.16645601633347187,-0.4079902159776284,1.5513520228092366,0.33951315769668755,169.75657884834376
heston,2,test,,5.0,0.18,vol0.75_daily,0.75,0.16257388375187842,daily,-7.666687494136623,128,0.19244142122699037,0.18587041057970138,0.006571010647288977,-0.08106177056596393,0.9186273304584016,0.12867808741811557,257.35617483623116
heston,2,test,,5.0,0.18,vol0.75_every5,0.75,0.16257388375187842,every5,-7.666687494136623,128,0.7505407963183,0.7496294078776116,0.0009113884406884821,-0.030189210666867097,1.7458801439928595,0.09033030788358315,180.6606157671663
heston,2,test,,5.0,0.18,vol0.75_band05,0.75,0.16257388375187842,band05,-7.666687494136623,128,0.20258779666237217,0.20006061784132356,0.00252717882104862,-0.05027105351043103,0.8930196223067187,0.10058846111496574,201.1769222299315
heston,2,test,,5.0,0.18,vol0.75_band10,0.75,0.16257388375187842,band10,-7.666687494136623,128,0.2770069629505985,0.2751445441177047,0.0018624188328937993,-0.043155750866991055,0.970388019168394,0.08679775877448903,173.59551754897808
heston,2,test,,5.0,0.18,vol1_daily,1.0,0.21676517833583792,daily,-7.745817668722698,128,0.16867682048627686,0.16122357659756648,0.007453243888710361,-0.08633217180582428,0.7010521606971871,0.1196414490184117,239.2828980368234
heston,2,test,,5.0,0.18,vol1_every5,1.0,0.21676517833583792,every5,-7.745817668722698,128,0.6784852236835133,0.6775798578530619,0.0009053658304514855,-0.0300892976064827,1.541620161666577,0.0870285720260903,174.0571440521806
heston,2,test,,5.0,0.18,vol1_band05,1.0,0.21676517833583792,band05,-7.745817668722698,128,0.22949150230734938,0.22682623613942032,0.0026652661679291015,-0.051626215897827545,0.7939504975122995,0.09212559755581108,184.25119511162217
heston,2,test,,5.0,0.18,vol1_band10,1.0,0.21676517833583792,band10,-7.745817668722698,128,0.39112439476879357,0.3885325596665177,0.0025918351022758994,-0.05091006877107808,1.128494201416535,0.08045014048363852,160.90028096727704
heston,2,test,,5.0,0.18,vol1.25_daily,1.25,0.2709564729197974,daily,-7.602467936829482,128,0.23468005042395107,0.22696672630546294,0.007713324118488083,-0.08782553226988199,0.8308453237689436,0.11274838735608468,225.49677471216938
heston,2,test,,5.0,0.18,vol1.25_every5,1.25,0.2709564729197974,every5,-7.602467936829482,128,0.7069036443317438,0.7060271646326993,0.0008764796990444784,-0.02960539982916087,1.5356893888629506,0.08438735686544269,168.77471373088537
heston,2,test,,5.0,0.18,vol1.25_band05,1.25,0.2709564729197974,band05,-7.602467936829482,128,0.33714819439209426,0.334264576229678,0.0028836181624163114,-0.05369933111702893,1.0057585694128999,0.08635080026836164,172.70160053672328
heston,2,test,,5.0,0.18,vol1.25_band10,1.25,0.2709564729197974,band10,-7.602467936829482,128,0.5632693728041542,0.5604140899562706,0.0028552828478835904,-0.05343484675643405,1.3817560563445028,0.07626133229036365,152.52266458072728
heston,2,reference,,5.0,0.18,vol0.75_daily,0.75,0.16257388375187842,daily,-7.610804644279058,512,0.367777588264338,0.3455966479628373,0.022180940301500706,-0.14893267036315674,1.4150658176430655,0.13045316927486583,260.9063385497317
heston,2,reference,,5.0,0.18,vol0.75_every5,0.75,0.16257388375187842,every5,-7.610804644279058,512,1.0654405375021583,1.052424199034545,0.013016338467613294,-0.11408916893208265,2.278340174263345,0.08812061905649574,176.24123811299148
heston,2,reference,,5.0,0.18,vol0.75_band05,0.75,0.16257388375187842,band05,-7.610804644279058,512,0.35050248207331214,0.3386787747930307,0.01182370728028139,-0.10873687176060101,1.3125279262012497,0.10137039004220855,202.74078008441708
heston,2,reference,,5.0,0.18,vol0.75_band10,0.75,0.16257388375187842,band10,-7.610804644279058,512,0.4280138201783505,0.4225110784694142,0.005502741708936281,-0.07418046716579965,1.3338247226241495,0.08618319714410745,172.3663942882149
heston,2,reference,,5.0,0.18,vol1_daily,1.0,0.21676517833583792,daily,-7.714383565677818,512,0.3015078908746205,0.2867571464284229,0.014750744446197474,-0.1214526428127337,1.133484577364499,0.12009516452008506,240.19032904017007
heston,2,reference,,5.0,0.18,vol1_every5,1.0,0.21676517833583792,every5,-7.714383565677818,512,1.0225657665470018,1.0135345448572903,0.009031221689711362,-0.09503274009367173,2.1151307195759257,0.08453454178226083,169.0690835645217
heston,2,reference,,5.0,0.18,vol1_band05,1.0,0.21676517833583792,band05,-7.714383565677818,512,0.3613642562155499,0.3545455343310242,0.0068187218845257545,-0.08257555258383534,1.155819759713845,0.09192856213982625,183.8571242796525
heston,2,reference,,5.0,0.18,vol1_band10,1.0,0.21676517833583792,band10,-7.714383565677818,512,0.5221395954331596,0.5199867158712601,0.002152879561899343,-0.046399133202025905,1.3596863417294016,0.07902014455462258,158.04028910924518
heston,2,reference,,5.0,0.18,vol1.25_daily,1.25,0.2709564729197974,daily,-7.582350110880759,512,0.3464672483752552,0.3356717271349552,0.010795521240300029,-0.1039014977769812,1.0880578291501874,0.11234487640468012,224.68975280936024
heston,2,reference,,5.0,0.18,vol1.25_every5,1.25,0.2709564729197974,every5,-7.582350110880759,512,1.0658458395916857,1.0591753639451174,0.006670475646568182,-0.08167297990503458,2.0832454917655046,0.08179707011001706,163.59414022003415
heston,2,reference,,5.0,0.18,vol1.25_band05,1.25,0.2709564729197974,band05,-7.582350110880759,512,0.46687553567481366,0.46246166515836773,0.004413870516445852,-0.06643696649039488,1.24126617626116,0.0855134583019792,171.0269166039584
heston,2,reference,,5.0,0.18,vol1.25_band10,1.25,0.2709564729197974,band10,-7.582350110880759,512,0.6978444763459242,0.69699258687834,0.0008518894675843391,-0.029187145588158138,1.555918357665217,0.07443733206117016,148.8746641223403
heston,2,validation,16,5.0,0.18,vol0.75_daily,0.75,0.16257388375187842,daily,-7.664307063686784,16,0.2218734163007484,0.207750245461788,0.014123170838960438,-0.11884094765256813,1.0533416043647907,0.13476070335988088,269.5214067197618
heston,2,validation,16,5.0,0.18,vol0.75_every5,0.75,0.16257388375187842,every5,-7.664307063686784,16,0.9631994624498235,0.8543861348482871,0.10881332760153661,0.3298686520443199,1.4049361559180042,0.08221542159379633,164.43084318759264
heston,2,validation,16,5.0,0.18,vol0.75_band05,0.75,0.16257388375187842,band05,-7.664307063686784,16,0.19524759711441653,0.19442514851991843,0.0008224485944980717,-0.02867836457153845,0.841121569479015,0.10466842392017994,209.3368478403599
heston,2,validation,16,5.0,0.18,vol0.75_band10,0.75,0.16257388375187842,band10,-7.664307063686784,16,0.31267671643179396,0.3126336304694606,4.3085962333408814e-05,0.006563989818198137,0.7880416308419007,0.08932015375008776,178.64030750017548
heston,2,validation,16,5.0,0.18,vol1_daily,1.0,0.21676517833583792,daily,-7.744478676594664,16,0.27031872908850585,0.26812495554453886,0.0021937735439669513,-0.04683773632411105,0.821578367396783,0.12207105490327506,244.14210980655014
heston,2,validation,16,5.0,0.18,vol1_every5,1.0,0.21676517833583792,every5,-7.744478676594664,16,1.1745339725636132,1.0662825164124283,0.10825145615118495,0.3290158904235249,1.5300804148651221,0.07917192404809545,158.3438480961909
heston,2,validation,16,5.0,0.18,vol1_band05,1.0,0.21676517833583792,band05,-7.744478676594664,16,0.3509926673872227,0.3491142968687463,0.00187837051847637,0.04334017210944564,0.7705946572249136,0.09342645041276151,186.85290082552302
heston,2,validation,16,5.0,0.18,vol1_band10,1.0,0.21676517833583792,band10,-7.744478676594664,16,0.6258661521226869,0.6195283080314431,0.006337844091243913,0.07961057775976703,0.9643307105606332,0.0807781223907484,161.55624478149682
heston,2,validation,16,5.0,0.18,vol1.25_daily,1.25,0.2709564729197974,daily,-7.60161098186754,16,0.4390937575627804,0.4390366502447203,5.710731806015584e-05,-0.00755693840521119,0.9455187820388856,0.11332060147674256,226.6412029534851
heston,2,validation,16,5.0,0.18,vol1.25_every5,1.25,0.2709564729197974,every5,-7.60161098186754,16,1.3904912065612964,1.2930714059147659,0.09741980064653066,0.3121214517564127,1.6989521557324316,0.07718041675406578,154.36083350813158
heston,2,validation,16,5.0,0.18,vol1.25_band05,1.25,0.2709564729197974,band05,-7.60161098186754,16,0.6041987222718351,0.5973669001269162,0.006831822144918959,0.08265483739575658,0.9976185838175479,0.08621527922835964,172.43055845671927
heston,2,validation,16,5.0,0.18,vol1.25_band10,1.25,0.2709564729197974,band10,-7.60161098186754,16,0.9943689224414902,0.9799809436173932,0.014387978824096993,0.11994990130924241,1.216320014790409,0.07554561091626692,151.09122183253388
heston,2,validation,64,5.0,0.18,vol0.75_daily,0.75,0.16257388375187842,daily,-7.744355900845848,64,0.2665632786148239,0.26308282971608044,0.003480448898743463,-0.058995329465504835,1.1629667308086018,0.1355573598282799,271.1147196565598
heston,2,validation,64,5.0,0.18,vol0.75_every5,0.75,0.16257388375187842,every5,-7.744355900845848,64,0.6396401791301013,0.6001584603907681,0.03948171873933319,0.19870007231838943,1.237492346326115,0.08826064338264153,176.52128676528304
heston,2,validation,64,5.0,0.18,vol0.75_band05,0.75,0.16257388375187842,band05,-7.744355900845848,64,0.23234385636486332,0.2322595195013402,8.433686352310883e-05,-0.00918351041394895,1.0331399964174874,0.10658942226625762,213.17884453251526
heston,2,validation,64,5.0,0.18,vol0.75_band10,0.75,0.16257388375187842,band10,-7.744355900845848,64,0.2666173710733512,0.2645990377725383,0.002018333300812942,0.04492586449711282,0.8620148585561165,0.09091762211562289,181.83524423124578
heston,2,validation,64,5.0,0.18,vol1_daily,1.0,0.21676517833583792,daily,-7.789506147496637,64,0.2473963338235577,0.2470699276353209,0.00032640618823681026,0.018066714926538534,0.8051641921204391,0.1235044294265417,247.00885885308338
heston,2,validation,64,5.0,0.18,vol1_every5,1.0,0.21676517833583792,every5,-7.789506147496637,64,0.7554131838875151,0.700006988552851,0.05540619533466397,0.23538520627827053,1.2576814191594006,0.08429493286229572,168.58986572459145
heston,2,validation,64,5.0,0.18,vol1_band05,1.0,0.21676517833583792,band05,-7.789506147496637,64,0.3009485458489411,0.2964871937799867,0.004461352068954369,0.06679335347887819,0.7631322482838154,0.09563206377614838,191.26412755229677
heston,2,validation,64,5.0,0.18,vol1_band10,1.0,0.21676517833583792,band10,-7.789506147496637,64,0.4616137126917982,0.44486902849154847,0.0167446842002497,0.1294012526996926,0.8630933172053107,0.08227529844176407,164.55059688352816
heston,2,validation,64,5.0,0.18,vol1.25_daily,1.25,0.2709564729197974,daily,-7.630428563244803,64,0.35474269315228346,0.350015445426759,0.004727247725524504,0.06875498327775598,0.7975478654568949,0.11485950217188706,229.71900434377412
heston,2,validation,64,5.0,0.18,vol1.25_every5,1.25,0.2709564729197974,every5,-7.630428563244803,64,0.9078557208037971,0.8420100704982205,0.06584565030557667,0.2566040730494679,1.3386994585675092,0.08152160874642303,163.04321749284605
heston,2,validation,64,5.0,0.18,vol1.25_band05,1.25,0.2709564729197974,band05,-7.630428563244803,64,0.46993398154081023,0.4558837161639816,0.014050265376828614,0.11853381533059928,0.8215241297363668,0.08832125373903316,176.6425074780663
heston,2,validation,64,5.0,0.18,vol1.25_band10,1.25,0.2709564729197974,band10,-7.630428563244803,64,0.7462226397638609,0.7098943248460361,0.03632831491782486,0.19059988173612505,1.1064794781279865,0.0767674254404011,153.53485088080222
heston,2,validation,256,5.0,0.18,vol0.75_daily,0.75,0.16257388375187842,daily,-7.664595331190813,256,0.27975126392923333,0.2605972681005448,0.01915399582868857,-0.13839796179383773,1.180893744589853,0.13255484842254245,265.1096968450849
heston,2,validation,256,5.0,0.18,vol0.75_every5,0.75,0.16257388375187842,every5,-7.664595331190813,256,0.8874846232278891,0.886933845100132,0.000550778127757098,-0.023468662675088625,1.9282137783220459,0.08872596500029209,177.45193000058418
heston,2,validation,256,5.0,0.18,vol0.75_band05,0.75,0.16257388375187842,band05,-7.664595331190813,256,0.263856397636252,0.256728582691075,0.007127814945176983,-0.08442638773024097,1.1062428296169822,0.10315988905671988,206.31977811343975
heston,2,validation,256,5.0,0.18,vol0.75_band10,0.75,0.16257388375187842,band10,-7.664595331190813,256,0.3457524077343624,0.34214069228097455,0.003611715453387823,-0.06009754947905799,1.185743440913132,0.08835809496178325,176.7161899235665
heston,2,validation,256,5.0,0.18,vol1_daily,1.0,0.21676517833583792,daily,-7.74464082706568,256,0.23487474630307223,0.22402509208665541,0.010849654216416765,-0.1041616734524593,0.936445105053809,0.12177954640397345,243.5590928079469
heston,2,validation,256,5.0,0.18,vol1_every5,1.0,0.21676517833583792,every5,-7.74464082706568,256,0.8798970925422067,0.8797555312799333,0.00014156126227340466,-0.011897952020133745,1.797466446808146,0.08494118055139822,169.88236110279644
heston,2,validation,256,5.0,0.18,vol1_band05,1.0,0.21676517833583792,band05,-7.74464082706568,256,0.29689650217460206,0.2942749782425061,0.0026215239320959423,-0.05120081964281375,0.9940959570477949,0.09348309933682028,186.96619867364055
heston,2,validation,256,5.0,0.18,vol1_band10,1.0,0.21676517833583792,band10,-7.74464082706568,256,0.4785550986671121,0.478046320528685,0.0005087781384271619,-0.022556110888784925,1.2475823707914737,0.08086072134414587,161.72144268829175
heston,2,validation,256,5.0,0.18,vol1.25_daily,1.25,0.2709564729197974,daily,-7.601714758168991,256,0.29938814504711697,0.2928777877514304,0.006510357295686579,-0.08068678513664167,0.936804422606975,0.11377647464430599,227.55294928861198
heston,2,validation,256,5.0,0.18,vol1.25_every5,1.25,0.2709564729197974,every5,-7.601714758168991,256,0.9420457309381179,0.9420412117038379,4.519234280110263e-06,-0.0021258490727495832,1.7619262670923588,0.08217023039754955,164.3404607950991
heston,2,validation,256,5.0,0.18,vol1.25_band05,1.25,0.2709564729197974,band05,-7.601714758168991,256,0.4203133405840035,0.41933984227231896,0.0009734983116845201,-0.03120093446812964,1.116937435510728,0.08691218612243365,173.82437224486733
heston,2,validation,256,5.0,0.18,vol1.25_band10,1.25,0.2709564729197974,band10,-7.601714758168991,256,0.6800794779456893,0.6800614497809534,1.8028164736031454e-05,0.004245958635694824,1.4509767548751606,0.07605692148129375,152.1138429625875
heston,2,test,,20.0,0.72,vol0.75_daily,0.75,0.16257388375187842,daily,-7.666687494136623,128,0.4467624456517531,0.22858374177528035,0.21817870387647273,-0.46709603282031065,1.4217245996487256,0.5147123496724623,257.35617483623116
heston,2,test,,20.0,0.72,vol0.75_every5,0.75,0.16257388375187842,every5,-7.666687494136623,128,0.8682504250492618,0.7775409517416842,0.09070947330757753,-0.30118013431761653,2.0535747796948196,0.3613212315343326,180.6606157671663
heston,2,test,,20.0,0.72,vol0.75_band05,0.75,0.16257388375187842,band05,-7.666687494136623,128,0.3468065236625891,0.2228768707887936,0.12392965287379552,-0.35203643685532826,1.25723418156662,0.40235384445986294,201.1769222299315
heston,2,test,,20.0,0.72,vol0.75_band10,0.75,0.16257388375187842,band10,-7.666687494136623,128,0.3740599658033486,0.2819179538950751,0.09214201190827352,-0.3035490271904582,1.238410888762554,0.3471910350979561,173.59551754897808
heston,2,test,,20.0,0.72,vol1_daily,1.0,0.21676517833583792,daily,-7.745817668722698,128,0.36046430125792417,0.16221093366965522,0.1982533675882689,-0.4452565188610593,1.0806758971375094,0.4785657960736468,239.2828980368234
heston,2,test,,20.0,0.72,vol1_every5,1.0,0.21676517833583792,every5,-7.745817668722698,128,0.7759808483586802,0.6911979597643638,0.0847828885943164,-0.2911750136847535,1.794603397831974,0.3481142881043612,174.0571440521806
heston,2,test,,20.0,0.72,vol1_band05,1.0,0.21676517833583792,band05,-7.745817668722698,128,0.33219527825713896,0.22460930462927642,0.10758597362786257,-0.3280030085652608,1.051659843951664,0.3685023902232443,184.25119511162217
heston,2,test,,20.0,0.72,vol1_band10,1.0,0.21676517833583792,band10,-7.745817668722698,128,0.4720799666871083,0.38666377254230827,0.08541619414480006,-0.2922604902219937,1.3524615596642489,0.3218005619345541,160.90028096727704
heston,2,test,,20.0,0.72,vol1.25_daily,1.25,0.2709564729197974,daily,-7.602467936829482,128,0.39297876496135126,0.21144252838756988,0.18153623657378135,-0.42607069433813605,1.0919260137047813,0.4509935494243387,225.49677471216938
heston,2,test,,20.0,0.72,vol1.25_every5,1.25,0.2709564729197974,every5,-7.602467936829482,128,0.7941366745683276,0.7141792322374978,0.07995744233082977,-0.28276747042548894,1.772277201006687,0.33754942746177075,168.77471373088537
heston,2,test,,20.0,0.72,vol1.25_band05,1.25,0.2709564729197974,band05,-7.602467936829482,128,0.42277578010577677,0.32496213428549503,0.09781364582028178,-0.31275173192211386,1.229688876662755,0.3454032010734466,172.70160053672328
heston,2,test,,20.0,0.72,vol1.25_band10,1.25,0.2709564729197974,band10,-7.602467936829482,128,0.6397086793582862,0.5600612036598287,0.0796474756984574,-0.282218843627525,1.5918481871336074,0.3050453291614546,152.52266458072728
heston,2,reference,,20.0,0.72,vol0.75_daily,0.75,0.16257388375187842,daily,-7.610804644279058,512,0.7068615322680842,0.4149458944572163,0.2919156378108678,-0.5402921781877541,1.9384440074020728,0.5218126770994633,260.9063385497317
heston,2,reference,,20.0,0.72,vol0.75_every5,0.75,0.16257388375187842,every5,-7.610804644279058,512,1.2324330352123458,1.089207856055015,0.14322517915733113,-0.3784510261015699,2.584905122042879,0.35248247622598294,176.24123811299148
heston,2,reference,,20.0,0.72,vol0.75_band05,0.75,0.16257388375187842,band05,-7.610804644279058,512,0.5490266224992922,0.378583116809175,0.17044350569011726,-0.4128480418872267,1.7001984254937064,0.4054815601688342,202.74078008441708
heston,2,reference,,20.0,0.72,vol0.75_band10,0.75,0.16257388375187842,band10,-7.610804644279058,512,0.5547112420098921,0.4440019501151824,0.1107092918947097,-0.332730058598122,1.6297881932283274,0.3447327885764298,172.3663942882149
heston,2,reference,,20.0,0.72,vol1_daily,1.0,0.21676517833583792,daily,-7.714383565677818,512,0.5359236574903149,0.30385202545419443,0.2320716320361204,-0.48173813637298885,1.5541468243470853,0.48038065808034025,240.19032904017007
heston,2,reference,,20.0,0.72,vol1_every5,1.0,0.21676517833583792,every5,-7.714383565677818,512,1.1580291652518886,1.0364818499443589,0.12154731530752991,-0.3486363654404542,2.376418543980657,0.3381381671290433,169.0690835645217
heston,2,reference,,20.0,0.72,vol1_band05,1.0,0.21676517833583792,band05,-7.714383565677818,512,0.4921789610531449,0.3637561834331546,0.12842277761999038,-0.35836123900331407,1.447101564001714,0.367714248559305,183.8571242796525
heston,2,reference,,20.0,0.72,vol1_band10,1.0,0.21676517833583792,band10,-7.714383565677818,512,0.6054036657483037,0.5250543397005037,0.08034932604780005,-0.2834595668658937,1.5975147370975544,0.31608057821849034,158.04028910924518
heston,2,reference,,20.0,0.72,vol1.25_daily,1.25,0.2709564729197974,daily,-7.582350110880759,512,0.524860373299685,0.3304357052138428,0.19442466808584227,-0.4409361269910215,1.412520388716681,0.4493795056187205,224.68975280936024
heston,2,reference,,20.0,0.72,vol1.25_every5,1.25,0.2709564729197974,every5,-7.582350110880759,512,1.1838129745861679,1.0768419900520354,0.10697098453413241,-0.3270641902350858,2.3261491758716084,0.32718828044006826,163.59414022003415
heston,2,reference,,20.0,0.72,vol1.25_band05,1.25,0.2709564729197974,band05,-7.582350110880759,512,0.5665878855299464,0.4622735224745034,0.10431436305544312,-0.3229773413963325,1.4872847337391824,0.3420538332079168,171.0269166039584
heston,2,reference,,20.0,0.72,vol1.25_band10,1.25,0.2709564729197974,band10,-7.582350110880759,512,0.7650531286761699,0.7012973120807408,0.06375581659542923,-0.25249914177166866,1.7659270389311748,0.29774932824468064,148.8746641223403
heston,2,validation,16,20.0,0.72,vol0.75_daily,0.75,0.16257388375187842,daily,-7.664307063686784,16,0.5003599283027149,0.22670219477161693,0.27365773353109796,-0.5231230577322108,1.5355755701441247,0.5390428134395235,269.5214067197618
heston,2,validation,16,20.0,0.72,vol0.75_every5,0.75,0.16257388375187842,every5,-7.664307063686784,16,0.8988380423769851,0.891912076635244,0.006925965741741252,0.08322238726293095,1.6740646319998984,0.3288616863751853,164.43084318759264
heston,2,validation,16,20.0,0.72,vol0.75_band05,0.75,0.16257388375187842,band05,-7.664307063686784,16,0.30990764286279393,0.19247556825301793,0.11743207460977607,-0.34268363633207827,1.202283270983907,0.41867369568071977,209.3368478403599
heston,2,validation,16,20.0,0.72,vol0.75_band10,0.75,0.16257388375187842,band10,-7.664307063686784,16,0.37389643203163125,0.3055683167544968,0.06832811527713444,-0.2613964714320651,1.056864107750973,0.357280615000351,178.64030750017548
heston,2,validation,16,20.0,0.72,vol1_daily,1.0,0.21676517833583792,daily,-7.744478676594664,16,0.41922050918213677,0.2486094623371901,0.1706110468449466,-0.41305090103393627,1.225717513058987,0.48828421961310026,244.14210980655014
heston,2,validation,16,20.0,0.72,vol1_every5,1.0,0.21676517833583792,every5,-7.744478676594664,16,1.1175962120828073,1.1092239404376927,0.008372271645114648,0.09150011827923857,1.7485066181397984,0.3166876961923818,158.3438480961909
heston,2,validation,16,20.0,0.72,vol1_band05,1.0,0.21676517833583792,band05,-7.744478676594664,16,0.3905806089478978,0.33444043434164983,0.05614017460624801,-0.2369391791288389,1.048249244749981,0.37370580165104605,186.85290082552302
heston,2,validation,16,20.0,0.72,vol1_band10,1.0,0.21676517833583792,band10,-7.744478676594664,16,0.6511221067176853,0.6246430750769287,0.02647903164075654,-0.16272378941247817,1.2569326214974548,0.3231124895629936,161.55624478149682
heston,2,validation,16,20.0,0.72,vol1.25_daily,1.25,0.2709564729197974,daily,-7.60161098186754,16,0.5316150607149142,0.4108457840929902,0.12076927662192385,-0.3475187428354388,1.2568749678536164,0.4532824059069702,226.6412029534851
heston,2,validation,16,20.0,0.72,vol1.25_every5,1.25,0.2709564729197974,every5,-7.60161098186754,16,1.3506385048677751,1.344145335994927,0.006493168872848349,0.08058020149421537,1.9163087608128253,0.30872166701626313,154.36083350813158
heston,2,validation,16,20.0,0.72,vol1.25_band05,1.25,0.2709564729197974,band05,-7.60161098186754,16,0.6202740324154803,0.5893012002326441,0.030972832182836252,-0.17599100028932232,1.2389974924922273,0.34486111691343857,172.43055845671927
heston,2,validation,16,20.0,0.72,vol1.25_band10,1.25,0.2709564729197974,band10,-7.60161098186754,16,1.0144284945982702,1.0030463932582812,0.011382101339989037,-0.10668693143955842,1.4529136864796472,0.3021824436650677,151.09122183253388
heston,2,validation,64,20.0,0.72,vol0.75_daily,0.75,0.16257388375187842,daily,-7.744355900845848,64,0.5480404561625285,0.3311943204040011,0.21684613575852751,-0.46566740895034464,1.7294756788664727,0.5422294393131196,271.1147196565598
heston,2,validation,64,20.0,0.72,vol0.75_every5,0.75,0.16257388375187842,every5,-7.744355900845848,64,0.6396375045914877,0.6352706926572849,0.004366811934202901,-0.06608185782953518,1.5373948722399138,0.3530425735305661,176.52128676528304
heston,2,validation,64,20.0,0.72,vol0.75_band05,0.75,0.16257388375187842,band05,-7.744355900845848,64,0.37652446770929654,0.26831519597788833,0.10820927173140818,-0.32895177721272184,1.4718857612014054,0.42635768906503047,213.17884453251526
heston,2,validation,64,20.0,0.72,vol0.75_band10,0.75,0.16257388375187842,band10,-7.744355900845848,64,0.33134566410637756,0.27944052133452896,0.05190514277184863,-0.2278270018497558,1.188946444735168,0.36367048846249156,181.83524423124578
heston,2,validation,64,20.0,0.72,vol1_daily,1.0,0.21676517833583792,daily,-7.789506147496637,64,0.38638452221674924,0.2621659351484166,0.12421858706833265,-0.3524465733530866,1.3034354470219645,0.4940177177061668,247.00885885308338
heston,2,validation,64,20.0,0.72,vol1_every5,1.0,0.21676517833583792,every5,-7.789506147496637,64,0.7340208867611702,0.7337146510302024,0.0003062357309677942,-0.017499592308616627,1.5325263010933532,0.3371797314491829,168.58986572459145
heston,2,validation,64,20.0,0.72,vol1_band05,1.0,0.21676517833583792,band05,-7.789506147496637,64,0.35333520346151925,0.30488994423208643,0.04844525922943277,-0.22010283784956697,1.0935099226785427,0.38252825510459354,191.26412755229677
heston,2,validation,64,20.0,0.72,vol1_band10,1.0,0.21676517833583792,band10,-7.789506147496637,64,0.4679971059209078,0.454208559225158,0.013788546695749774,-0.11742464262559957,1.0989446171692057,0.32910119376705627,164.55059688352816
heston,2,validation,64,20.0,0.72,vol1.25_daily,1.25,0.2709564729197974,daily,-7.630428563244803,64,0.42418782323025406,0.34810920725888284,0.07607861597137121,-0.27582352323790515,1.140945839801531,0.45943800868754825,229.71900434377412
heston,2,validation,64,20.0,0.72,vol1.25_every5,1.25,0.2709564729197974,every5,-7.630428563244803,64,0.880760951805905,0.8806160083421479,0.00014494346375688375,0.012039246810198873,1.610182517532099,0.3260864349856921,163.04321749284605
heston,2,validation,64,20.0,0.72,vol1.25_band05,1.25,0.2709564729197974,band05,-7.630428563244803,64,0.48336394943652683,0.4619222203842034,0.021441729052323364,-0.14642994588650016,1.0812106583589491,0.3532850149561326,176.6425074780663
heston,2,validation,64,20.0,0.72,vol1.25_band10,1.25,0.2709564729197974,band10,-7.630428563244803,64,0.7307421547621014,0.7291658746263121,0.001576280135789252,-0.039702394585078266,1.345388374180724,0.3070697017616044,153.53485088080222
heston,2,validation,256,20.0,0.72,vol0.75_daily,0.75,0.16257388375187842,daily,-7.664595331190813,256,0.6195520696176515,0.33218905814062827,0.2873630114770232,-0.536062507061465,1.7128109143275088,0.5302193936901698,265.1096968450849
heston,2,validation,256,20.0,0.72,vol0.75_every5,0.75,0.16257388375187842,every5,-7.664595331190813,256,1.0380260453522205,0.9541309169786845,0.08389512837353608,-0.2896465576759649,2.265933466376518,0.35490386000116836,177.45193000058418
heston,2,validation,256,20.0,0.72,vol0.75_band05,0.75,0.16257388375187842,band05,-7.664595331190813,256,0.45954788604529434,0.3043859059580969,0.15516198008719737,-0.39390605490040054,1.5178861112439872,0.41263955622687953,206.31977811343975
heston,2,validation,256,20.0,0.72,vol0.75_band10,0.75,0.16257388375187842,band10,-7.664595331190813,256,0.47923748753852047,0.3735007656746067,0.10573672186391381,-0.3251718343644077,1.5150606347410784,0.353432379847133,176.7161899235665
heston,2,validation,256,20.0,0.72,vol1_daily,1.0,0.21676517833583792,daily,-7.74464082706568,256,0.46548357647204697,0.24505303288009667,0.2204305435919503,-0.4695003126643797,1.388922567448526,0.4871181856158938,243.5590928079469
heston,2,validation,256,20.0,0.72,vol1_every5,1.0,0.21676517833583792,every5,-7.74464082706568,256,1.002427548111402,0.9312871929235372,0.07114035518786481,-0.2667214936743284,2.103427580888411,0.3397647222055929,169.88236110279644
heston,2,validation,256,20.0,0.72,vol1_band05,1.0,0.21676517833583792,band05,-7.74464082706568,256,0.4231804142568333,0.3131886137174025,0.10999180053943086,-0.33165011765327457,1.331137990048868,0.3739323973472811,186.96619867364055
heston,2,validation,256,20.0,0.72,vol1_band10,1.0,0.21676517833583792,band10,-7.74464082706568,256,0.5685103623265066,0.49821205749830494,0.07029830482820179,-0.26513827492122255,1.5167395477720906,0.3234428853765835,161.72144268829175
heston,2,validation,256,20.0,0.72,vol1.25_daily,1.25,0.2709564729197974,daily,-7.601714758168991,256,0.4712829853326366,0.2931853046151943,0.17809768071744225,-0.4220162090695596,1.2633311011361643,0.45510589857722394,227.55294928861198
heston,2,validation,256,20.0,0.72,vol1.25_every5,1.25,0.2709564729197974,every5,-7.601714758168991,256,1.0484884422291505,0.9866683130740035,0.061820129155146994,-0.24863654026539822,2.0500695215562104,0.3286809215901982,164.3404607950991
heston,2,validation,256,20.0,0.72,vol1.25_band05,1.25,0.2709564729197974,band05,-7.601714758168991,256,0.5156287921434324,0.43040129242039515,0.08522749972303709,-0.2919374928354306,1.3805735130466692,0.3476487444897346,173.82437224486733
heston,2,validation,256,20.0,0.72,vol1.25_band10,1.25,0.2709564729197974,band10,-7.601714758168991,256,0.7514577112266596,0.7013153925704256,0.05014231865623401,-0.22392480580818644,1.6859219638010563,0.304227685925175,152.1138429625875
heston_shift,0,test,,5.0,0.18,vol0.75_daily,0.75,0.11967146198640038,daily,-3.7953211522949717,128,4.048824954996604,2.5278327589732843,1.520992196023319,-1.2332851235717226,4.601461870395084,0.14905376070311838,298.1075214062368
heston_shift,0,test,,5.0,0.18,vol0.75_every5,0.75,0.11967146198640038,every5,-3.7953211522949717,128,3.893655634687679,2.6457040615314016,1.2479515731562774,-1.1171175288018165,4.751734485191574,0.09187413889677863,183.7482777935573
heston_shift,0,test,,5.0,0.18,vol0.75_band05,0.75,0.11967146198640038,band05,-3.7953211522949717,128,3.3097154112807297,1.8620049646484185,1.4477104466323105,-1.203208397008727,4.236271300630663,0.12111520242937047,242.23040485874094
heston_shift,0,test,,5.0,0.18,vol0.75_band10,0.75,0.11967146198640038,band10,-3.7953211522949717,128,2.842674465080057,1.3875094399197732,1.4551650251602835,-1.2063022113717123,3.7716518153851624,0.10328255305899245,206.56510611798493
heston_shift,0,test,,5.0,0.18,vol1_daily,1.0,0.1595619493152005,daily,-5.8362586982468105,128,3.1906312938876566,1.7116957338879146,1.4789355599997425,-1.2161149452250566,4.054222371111402,0.1399684353771172,279.9368707542344
heston_shift,0,test,,5.0,0.18,vol1_every5,1.0,0.1595619493152005,every5,-5.8362586982468105,128,3.4932112761339567,2.1466785650149918,1.346532711118965,-1.1604019610113407,4.320034249941882,0.08948433623016738,178.9686724603348
heston_shift,0,test,,5.0,0.18,vol1_band05,1.0,0.1595619493152005,band05,-5.8362586982468105,128,2.6702462541463556,1.2384434451407231,1.4318028090056334,-1.196579629195497,3.674381457957127,0.11146070233654144,222.9214046730829
heston_shift,0,test,,5.0,0.18,vol1_band10,1.0,0.1595619493152005,band10,-5.8362586982468105,128,2.418131238601249,0.9889099957270775,1.4292212428741717,-1.1955004152547049,3.2897066057320723,0.09453409348159161,189.06818696318325
heston_shift,0,test,,5.0,0.18,vol1.25_daily,1.25,0.19945243664400064,daily,-6.600945521100034,128,2.6669126472336098,1.200188924104575,1.4667237231290344,-1.211083697821515,3.60154380713691,0.13251776475036448,265.0355295007289
heston_shift,0,test,,5.0,0.18,vol1.25_every5,1.25,0.19945243664400064,every5,-6.600945521100034,128,3.280921526239662,1.8603245391395125,1.42059698710015,-1.1918879926822612,4.02737723628276,0.08739670716447843,174.79341432895689
heston_shift,0,test,,5.0,0.18,vol1.25_band05,1.25,0.19945243664400064,band05,-6.600945521100034,128,2.3260130875253826,0.8896977011376946,1.4363153863876876,-1.1984637609822366,3.2668086420090603,0.10403349960770894,208.0669992154179
heston_shift,0,test,,5.0,0.18,vol1.25_band10,1.25,0.19945243664400064,band10,-6.600945521100034,128,2.2206639499636225,0.8085985664262991,1.4120653835373234,-1.1883035738132421,3.019212670644068,0.0881391830525424,176.27836610508479
heston_shift,0,reference,,5.0,0.18,vol0.75_daily,0.75,0.11967146198640038,daily,-3.4826432895657913,512,3.3744451301222895,1.8309122504038526,1.5435328797184376,-1.2423899869680364,4.167719734301669,0.1502921161127358,300.5842322254715
heston_shift,0,reference,,5.0,0.18,vol0.75_every5,0.75,0.11967146198640038,every5,-3.4826432895657913,512,4.167855972464895,2.8116453371453134,1.3562106353195815,-1.1645645689782862,4.888094902010919,0.09445220220328808,188.90440440657616
heston_shift,0,reference,,5.0,0.18,vol0.75_band05,0.75,0.11967146198640038,band05,-3.4826432895657913,512,2.958040830467024,1.4369186931947988,1.5211221372722252,-1.2333378033905493,3.8522075604250845,0.12304152036942853,246.08304073885705
heston_shift,0,reference,,5.0,0.18,vol0.75_band10,0.75,0.11967146198640038,band10,-3.4826432895657913,512,2.6887296286839883,1.1836841920827523,1.5050454366012362,-1.226802933074924,3.56682890009349,0.10520016024726014,210.4003204945203
heston_shift,0,reference,,5.0,0.18,vol1_daily,1.0,0.1595619493152005,daily,-5.6603774004616465,512,2.6409021905550847,1.131633051141828,1.5092691394132565,-1.2285231537961572,3.5658015752877854,0.1416694174954955,283.338834990991
heston_shift,0,reference,,5.0,0.18,vol1_every5,1.0,0.1595619493152005,every5,-5.6603774004616465,512,3.7153475515806456,2.349933781448819,1.365413770131827,-1.1685092084069457,4.505483905864189,0.0917078566489957,183.4157132979914
heston_shift,0,reference,,5.0,0.18,vol1_band05,1.0,0.1595619493152005,band05,-5.6603774004616465,512,2.3983084573032913,0.9106861514750315,1.4876223058282598,-1.219681231235547,3.340455291432258,0.11346867318168219,226.93734636336438
heston_shift,0,reference,,5.0,0.18,vol1_band10,1.0,0.1595619493152005,band10,-5.6603774004616465,512,2.3349311926441723,0.8589738688478996,1.4759573237962729,-1.2148898401897485,3.1678289433176676,0.09656118457125565,193.12236914251133
heston_shift,0,reference,,5.0,0.18,vol1.25_daily,1.25,0.19945243664400064,daily,-6.488381490517529,512,2.2276957744293586,0.741974517005184,1.4857212574241747,-1.2189016602762401,3.1422603054768063,0.1344346693819489,268.86933876389776
heston_shift,0,reference,,5.0,0.18,vol1.25_every5,1.25,0.19945243664400064,every5,-6.488381490517529,512,3.4533678679505675,2.086628393577792,1.3667394743727754,-1.1690763338519754,4.201016148361307,0.08929226975561053,178.58453951122104
heston_shift,0,reference,,5.0,0.18,vol1.25_band05,1.25,0.19945243664400064,band05,-6.488381490517529,512,2.1083650694468115,0.6486924027654037,1.4596726666814077,-1.208169138275518,2.979939089931647,0.10590159183734535,211.80318367469073
heston_shift,0,reference,,5.0,0.18,vol1.25_band10,1.25,0.19945243664400064,band10,-6.488381490517529,512,2.204169012362615,0.7502570048386099,1.4539120075240057,-1.2057827364513085,2.904349401191663,0.09020785603089633,180.4157120617927
heston_shift,0,validation,16,5.0,0.18,vol0.75_daily,0.75,0.11967146198640038,daily,-7.023974688906609,16,0.2643553754165685,0.2500561749348976,0.014299200481670889,-0.11957926443021336,1.005519130234495,0.14450733941284682,289.01467882569364
heston_shift,0,validation,16,5.0,0.18,vol0.75_every5,0.75,0.11967146198640038,every5,-7.023974688906609,16,0.5769636684329786,0.5500402510019238,0.026923417431054877,-0.1640835684371073,1.4333621126562455,0.09306012163451545,186.12024326903088
heston_shift,0,validation,16,5.0,0.18,vol0.75_band05,0.75,0.11967146198640038,band05,-7.023974688906609,16,0.09794383984903049,0.0874446618178063,0.010499178031224186,-0.10246549678415748,0.6271280787844714,0.11564659916896528,231.29319833793053
heston_shift,0,validation,16,5.0,0.18,vol0.75_band10,0.75,0.11967146198640038,band10,-7.023974688906609,16,0.10251787978582524,0.10026536778533995,0.0022525120004852975,-0.04746063632617348,0.38195517433385223,0.09597885104502268,191.95770209004536
heston_shift,0,validation,16,5.0,0.18,vol1_daily,1.0,0.1595619493152005,daily,-7.652376312590857,16,0.11910844270920908,0.1110705048567487,0.008037937852460384,-0.08965454730497714,0.7502574642504116,0.13345779616231057,266.9155923246212
heston_shift,0,validation,16,5.0,0.18,vol1_every5,1.0,0.1595619493152005,every5,-7.652376312590857,16,0.506278550446096,0.48982567814571126,0.016452872300384728,-0.12826875028776388,1.2360144132276505,0.0892273652032729,178.45473040654582
heston_shift,0,validation,16,5.0,0.18,vol1_band05,1.0,0.1595619493152005,band05,-7.652376312590857,16,0.05907393823426339,0.05436109614839545,0.004712842085867951,-0.06865014265001895,0.3177674640873265,0.1041436385431388,208.28727708627758
heston_shift,0,validation,16,5.0,0.18,vol1_band10,1.0,0.1595619493152005,band10,-7.652376312590857,16,0.18179613087981045,0.1817931543467969,2.976533013566416e-06,-0.0017252631722628337,0.6555755512981964,0.08671015229161948,173.42030458323893
heston_shift,0,validation,16,5.0,0.18,vol1.25_daily,1.25,0.19945243664400064,daily,-7.763260794280223,16,0.10285633690693095,0.09768812835236775,0.00516820855456321,-0.07189025354360082,0.6110558529278806,0.12498931469418509,249.97862938837017
heston_shift,0,validation,16,5.0,0.18,vol1.25_every5,1.25,0.19945243664400064,every5,-7.763260794280223,16,0.5373089035342687,0.5253800682571379,0.011928835277130788,-0.1092192074551486,1.155022958524921,0.08630289163978706,172.60578327957413
heston_shift,0,validation,16,5.0,0.18,vol1.25_band05,1.25,0.19945243664400064,band05,-7.763260794280223,16,0.12473926220111987,0.12314814560795975,0.0015911165931601077,-0.03988880285443658,0.43577451063117095,0.09597174680836779,191.94349361673557
heston_shift,0,validation,16,5.0,0.18,vol1.25_band10,1.25,0.19945243664400064,band10,-7.763260794280223,16,0.34878868829182075,0.34836480884243615,0.0004238794493846446,0.02058833284616908,0.9035291087211432,0.08081827250445564,161.6365450089113
heston_shift,0,validation,64,5.0,0.18,vol0.75_daily,0.75,0.11967146198640038,daily,-6.88553979427944,64,0.5269670538954105,0.504143577684184,0.022823476211226556,-0.15107440620841955,1.706797322808004,0.13889303123194974,277.7860624638995
heston_shift,0,validation,64,5.0,0.18,vol0.75_every5,0.75,0.11967146198640038,every5,-6.88553979427944,64,0.8458054181048538,0.8452986356554206,0.0005067824494332952,-0.022511829100126342,1.7404033468337725,0.08852762559357082,177.05525118714164
heston_shift,0,validation,64,5.0,0.18,vol0.75_band05,0.75,0.11967146198640038,band05,-6.88553979427944,64,0.367015933370926,0.3604396851126342,0.006576248258291821,-0.0810940704262144,1.293391270773345,0.1095531233661037,219.1062467322074
heston_shift,0,validation,64,5.0,0.18,vol0.75_band10,0.75,0.11967146198640038,band10,-6.88553979427944,64,0.3552758503379546,0.3551300545514019,0.0001457957865526839,-0.012074592604004654,1.2065696003075408,0.09168526147379855,183.37052294759712
heston_shift,0,validation,64,5.0,0.18,vol1_daily,1.0,0.1595619493152005,daily,-7.574506684363074,64,0.3451591004413046,0.3252894734833569,0.01986962695794778,-0.14095966429425044,1.258189943614751,0.12977169602479213,259.54339204958427
heston_shift,0,validation,64,5.0,0.18,vol1_every5,1.0,0.1595619493152005,every5,-7.574506684363074,64,0.7495352844046286,0.7493917778523753,0.00014350655225314914,-0.011979422033351573,1.5284302541231407,0.08544194826218775,170.8838965243755
heston_shift,0,validation,64,5.0,0.18,vol1_band05,1.0,0.1595619493152005,band05,-7.574506684363074,64,0.27374369428177386,0.2695734692816824,0.00417022500009145,-0.06457727928684709,1.0663909466402608,0.09981820275327505,199.6364055065501
heston_shift,0,validation,64,5.0,0.18,vol1_band10,1.0,0.1595619493152005,band10,-7.574506684363074,64,0.37001433181931886,0.37000186957537917,1.2462243939659857e-05,0.0035301903545927743,1.1057405455484215,0.08363651209529303,167.27302419058606
heston_shift,0,validation,64,5.0,0.18,vol1.25_daily,1.25,0.19945243664400064,daily,-7.713424232214442,64,0.2944860906021536,0.2784374616183536,0.016048628983799974,-0.12668318350830932,1.0569152796966652,0.1223411329300558,244.6822658601116
heston_shift,0,validation,64,5.0,0.18,vol1.25_every5,1.25,0.19945243664400064,every5,-7.713424232214442,64,0.7222702027030444,0.7222644728413086,5.729861735907414e-06,0.002393712960216286,1.3908021497426577,0.08285599843328871,165.7119968665774
heston_shift,0,validation,64,5.0,0.18,vol1.25_band05,1.25,0.19945243664400064,band05,-7.713424232214442,64,0.29519825467227623,0.2932835789235122,0.001914675748764039,-0.04375700799602321,0.957425143391378,0.09256215569464239,185.1243113892848
heston_shift,0,validation,64,5.0,0.18,vol1.25_band10,1.25,0.19945243664400064,band10,-7.713424232214442,64,0.466454679826345,0.46628364304838643,0.00017103677795853693,0.013078102995409423,1.1706914956517565,0.07851664796189223,157.03329592378446
heston_shift,0,validation,256,5.0,0.18,vol0.75_daily,0.75,0.11967146198640038,daily,-6.953156846666913,256,0.5751340715767723,0.5459084732283425,0.029225598348429922,-0.1709549599994979,1.8030756256463882,0.14110825059519172,282.2165011903835
heston_shift,0,validation,256,5.0,0.18,vol0.75_every5,0.75,0.11967146198640038,every5,-6.953156846666913,256,1.0041891347057381,0.9990624084250932,0.005126726280644847,-0.07160116116827189,2.1301323947811444,0.09358989316353195,187.17978632706388
heston_shift,0,validation,256,5.0,0.18,vol0.75_band05,0.75,0.11967146198640038,band05,-6.953156846666913,256,0.42900689431584915,0.4072680801272719,0.021738814188577274,-0.14744088370793657,1.4859383350715158,0.11285051706279856,225.7010341255971
heston_shift,0,validation,256,5.0,0.18,vol0.75_band10,0.75,0.11967146198640038,band10,-6.953156846666913,256,0.3901999888852787,0.3710919108359618,0.019108078049316836,-0.13823197187813258,1.3580600285974662,0.09606122676847027,192.12245353694055
heston_shift,0,validation,256,5.0,0.18,vol1_daily,1.0,0.1595619493152005,daily,-7.612541276331028,256,0.34987493001217007,0.3245191785766146,0.025355751435555518,-0.15923489390066337,1.3998039859876994,0.13165711626528842,263.3142325305769
heston_shift,0,validation,256,5.0,0.18,vol1_every5,1.0,0.1595619493152005,every5,-7.612541276331028,256,0.8548580656883249,0.8494238576115252,0.005434208076799716,-0.07371708130955618,1.8294241306158292,0.09024810652843362,180.49621305686725
heston_shift,0,validation,256,5.0,0.18,vol1_band05,1.0,0.1595619493152005,band05,-7.612541276331028,256,0.29468778193859857,0.27763474204852134,0.01705303989007718,-0.13058728839392134,1.1661756060221657,0.103170710908675,206.34142181735
heston_shift,0,validation,256,5.0,0.18,vol1_band10,1.0,0.1595619493152005,band10,-7.612541276331028,256,0.36494472536253875,0.34860634279976077,0.016338382562777906,-0.12782168267855773,1.1718972624832662,0.08814432896091709,176.28865792183421
heston_shift,0,validation,256,5.0,0.18,vol1.25_daily,1.25,0.19945243664400064,daily,-7.737766371073933,256,0.27166078577097874,0.24899418004739188,0.022666605723586836,-0.15055432814631015,1.1282517806840746,0.12412061805888222,248.24123611776443
heston_shift,0,validation,256,5.0,0.18,vol1.25_every5,1.25,0.19945243664400064,every5,-7.737766371073933,256,0.8170111470364226,0.8108080551889385,0.006203091847484075,-0.07875970954418303,1.6869639318539036,0.08755569511858677,175.11139023717354
heston_shift,0,validation,256,5.0,0.18,vol1.25_band05,1.25,0.19945243664400064,band05,-7.737766371073933,256,0.28547040250299116,0.2713102229581913,0.014160179544799879,-0.11899655265930975,1.0230760879270984,0.09602181792432604,192.0436358486521
heston_shift,0,validation,256,5.0,0.18,vol1.25_band10,1.25,0.19945243664400064,band10,-7.737766371073933,256,0.43682740276037624,0.42267977635391524,0.014147626406460955,-0.11894379515746484,1.1707465344179264,0.0827684911045022,165.5369822090044
heston_shift,0,test,,20.0,0.72,vol0.75_daily,0.75,0.11967146198640038,daily,-3.7953211522949717,128,5.76337726662087,2.9394771442544165,2.823900122366454,-1.680446405681078,5.217454598967255,0.5962150428124735,298.1075214062368
heston_shift,0,test,,20.0,0.72,vol0.75_every5,0.75,0.11967146198640038,every5,-3.7953211522949717,128,4.7579911620003115,2.8182666062308286,1.9397245557694833,-1.3927399454921523,5.145173933968257,0.3674965555871145,183.7482777935573
heston_shift,0,test,,20.0,0.72,vol0.75_band05,0.75,0.11967146198640038,band05,-3.7953211522949717,128,4.581679587364779,2.127588138986321,2.4540914483784584,-1.5665540042968382,4.7319241817581315,0.4844608097174819,242.23040485874094
heston_shift,0,test,,20.0,0.72,vol0.75_band10,0.75,0.11967146198640038,band10,-3.7953211522949717,128,3.8469475922214937,1.5482371622566853,2.298710429964809,-1.5161498705486898,4.202281712024562,0.4131302122359698,206.56510611798493
heston_shift,0,test,,20.0,0.72,vol1_daily,1.0,0.1595619493152005,daily,-5.8362586982468105,128,4.650972047817343,1.9744097849690583,2.676562262848284,-1.636020251356408,4.61386201771874,0.5598737415084688,279.9368707542344
heston_shift,0,test,,20.0,0.72,vol1_every5,1.0,0.1595619493152005,every5,-5.8362586982468105,128,4.317036090852008,2.2754095664103535,2.0416265244416536,-1.4288549697018427,4.693608715127741,0.35793734492066953,178.9686724603348
heston_shift,0,test,,20.0,0.72,vol1_band05,1.0,0.1595619493152005,band05,-5.8362586982468105,128,3.736385863081579,1.392542025357379,2.3438438377241995,-1.5309617362051213,4.110804071170619,0.44584280934616577,222.9214046730829
heston_shift,0,test,,20.0,0.72,vol1_band10,1.0,0.1595619493152005,band10,-5.8362586982468105,128,3.2615315268230054,1.0737867423975378,2.1877447844254676,-1.4791026956994797,3.6722031460985045,0.37813637392636645,189.06818696318325
heston_shift,0,test,,20.0,0.72,vol1.25_daily,1.25,0.19945243664400064,daily,-6.600945521100034,128,3.9530436474766644,1.3653306752122556,2.5877129722644088,-1.6086369920726082,4.119385944569474,0.5300710590014579,265.0355295007289
heston_shift,0,test,,20.0,0.72,vol1.25_every5,1.25,0.19945243664400064,every5,-6.600945521100034,128,4.072950291684053,1.958607129559304,2.1143431621247495,-1.4540781141756964,4.385847536449435,0.34958682865791374,174.79341432895689
heston_shift,0,test,,20.0,0.72,vol1.25_band05,1.25,0.19945243664400064,band05,-6.600945521100034,128,3.2593364524520787,0.9775320694507529,2.2818043830013255,-1.5105642598053635,3.6617608963540778,0.41613399843083576,208.0669992154179
heston_shift,0,test,,20.0,0.72,vol1.25_band10,1.25,0.19945243664400064,band10,-6.600945521100034,128,2.9627947850677216,0.852396123941978,2.110398661125744,-1.4527211229708694,3.3333818596503546,0.3525567322101696,176.27836610508479
heston_shift,0,reference,,20.0,0.72,vol0.75_daily,0.75,0.11967146198640038,daily,-3.4826432895657913,512,5.112538152934347,2.245387270652911,2.867150882281436,-1.6932663353062436,4.901778372647864,0.6011684644509432,300.5842322254715
heston_shift,0,reference,,20.0,0.72,vol0.75_every5,0.75,0.11967146198640038,every5,-3.4826432895657913,512,5.038204162180162,2.9417284314635896,2.0964757307165716,-1.4479211755881505,5.26295907760749,0.3778088088131523,188.90440440657616
heston_shift,0,reference,,20.0,0.72,vol0.75_band05,0.75,0.11967146198640038,band05,-3.4826432895657913,512,4.281652290782823,1.7137666611476257,2.567885629635197,-1.602462364498835,4.447927742674745,0.4921660814777141,246.08304073885705
heston_shift,0,reference,,20.0,0.72,vol0.75_band10,0.75,0.11967146198640038,band10,-3.4826432895657913,512,3.7339524723920086,1.3549441814385843,2.379008290953424,-1.5424034138167044,4.04268093822214,0.4208006409890406,210.4003204945203
heston_shift,0,reference,,20.0,0.72,vol1_daily,1.0,0.1595619493152005,daily,-5.6603774004616465,512,4.118738010525581,1.3845718989625233,2.7341661115630576,-1.6535314062826438,4.204150039017382,0.566677669981982,283.338834990991
heston_shift,0,reference,,20.0,0.72,vol1_every5,1.0,0.1595619493152005,every5,-5.6603774004616465,512,4.524196005875833,2.4401204071379374,2.0840755987378956,-1.4436327783539329,4.856416977422897,0.3668314265959828,183.4157132979914
heston_shift,0,reference,,20.0,0.72,vol1_band05,1.0,0.1595619493152005,band05,-5.6603774004616465,512,3.5031397297898383,1.0692674997416876,2.4338722300481503,-1.5600872507805934,3.843988872510974,0.45387469272672876,226.93734636336438
heston_shift,0,reference,,20.0,0.72,vol1_band10,1.0,0.1595619493152005,band10,-5.6603774004616465,512,3.2134482683890564,0.9497071707467133,2.2637410976423427,-1.5045733939035153,3.577973025175524,0.3862447382850226,193.12236914251133
heston_shift,0,reference,,20.0,0.72,vol1.25_daily,1.25,0.19945243664400064,daily,-6.488381490517529,512,3.5240430962036933,0.8924918655429434,2.6315512306607496,-1.622205668422087,3.7175987246512836,0.5377386775277956,268.86933876389776
heston_shift,0,reference,,20.0,0.72,vol1.25_every5,1.25,0.19945243664400064,every5,-6.488381490517529,512,4.214052891691129,2.1492185561721104,2.0648343355190186,-1.436953143118807,4.525539197312839,0.3571690790224421,178.58453951122104
heston_shift,0,reference,,20.0,0.72,vol1.25_band05,1.25,0.19945243664400064,band05,-6.488381490517529,512,3.064649463387608,0.73635826261026,2.328291200777348,-1.525873913787554,3.4258359995006207,0.4236063673493814,211.80318367469073
heston_shift,0,reference,,20.0,0.72,vol1.25_band10,1.25,0.19945243664400064,band10,-6.488381490517529,512,2.9757398773921664,0.7959643012949031,2.179775576097263,-1.4764063045439975,3.2454697019762397,0.3608314241235853,180.4157120617927
heston_shift,0,validation,16,20.0,0.72,vol0.75_daily,0.75,0.11967146198640038,daily,-7.023974688906609,16,0.6593456305397399,0.3534246016499192,0.3059210288898207,-0.5531012826687538,1.6180750321496815,0.5780293576513873,289.01467882569364
heston_shift,0,validation,16,20.0,0.72,vol0.75_every5,0.75,0.11967146198640038,every5,-7.023974688906609,16,0.771430150253,0.5749472356523725,0.19648291460062742,-0.4432639333406536,1.7616391295943705,0.3722404865380618,186.12024326903088
heston_shift,0,validation,16,20.0,0.72,vol0.75_band05,0.75,0.11967146198640038,band05,-7.023974688906609,16,0.33147415787308243,0.12950903933625427,0.20196511853682816,-0.44940529429105325,1.101368148394965,0.4625863966758611,231.29319833793053
heston_shift,0,validation,16,20.0,0.72,vol0.75_band10,0.75,0.11967146198640038,band10,-7.023974688906609,16,0.22885087024981265,0.11635959555131274,0.11249127469849994,-0.33539718946124153,0.710475866031618,0.38391540418009074,191.95770209004536
heston_shift,0,validation,16,20.0,0.72,vol1_daily,1.0,0.1595619493152005,daily,-7.652376312590857,16,0.3773455913042116,0.13721821344773238,0.2401273778564792,-0.4900279357919089,1.2059076218388678,0.5338311846492423,266.9155923246212
heston_shift,0,validation,16,20.0,0.72,vol1_every5,1.0,0.1595619493152005,every5,-7.652376312590857,16,0.6554437460554036,0.4986666736883924,0.15677707236701122,-0.3959508458975826,1.5588745341865922,0.3569094608130916,178.45473040654582
heston_shift,0,validation,16,20.0,0.72,vol1_band05,1.0,0.1595619493152005,band05,-7.652376312590857,16,0.19619892240493964,0.05097614942556523,0.1452227729793744,-0.38108105827943534,0.6710005378822902,0.4165745541725552,208.28727708627758
heston_shift,0,validation,16,20.0,0.72,vol1_band10,1.0,0.1595619493152005,band10,-7.652376312590857,16,0.2500853777234435,0.18151695960204717,0.06856841812139634,-0.26185572004712127,0.9440375464433801,0.3468406091664779,173.42030458323893
heston_shift,0,validation,16,20.0,0.72,vol1.25_daily,1.25,0.19945243664400064,daily,-7.763260794280223,16,0.2907185320370718,0.09103628325137508,0.1996822487856967,-0.44685819762615603,0.9873434497209025,0.49995725877674035,249.97862938837017
heston_shift,0,validation,16,20.0,0.72,vol1.25_every5,1.25,0.19945243664400064,every5,-7.763260794280223,16,0.6676425433856285,0.5321244056040875,0.1355181377815409,-0.3681278823745098,1.460513766423842,0.34521156655914825,172.60578327957413
heston_shift,0,validation,16,20.0,0.72,vol1.25_band05,1.25,0.19945243664400064,band05,-7.763260794280223,16,0.2174918259190281,0.1100363351286136,0.1074554907904145,-0.32780404327953994,0.7114345865256645,0.38388698723347114,191.94349361673557
heston_shift,0,validation,16,20.0,0.72,vol1.25_band10,1.25,0.19945243664400064,band10,-7.763260794280223,16,0.399983389377362,0.35075865235878206,0.04922473701857993,-0.22186648466719783,1.1923628483302293,0.32327309001782256,161.6365450089113
heston_shift,0,validation,64,20.0,0.72,vol0.75_daily,0.75,0.11967146198640038,daily,-6.88553979427944,64,0.9602275516449374,0.637883514991391,0.32234403665354644,-0.5677534999042687,2.304892011751883,0.555572124927799,277.7860624638995
heston_shift,0,validation,64,20.0,0.72,vol0.75_every5,0.75,0.11967146198640038,every5,-6.88553979427944,64,0.9941457719085359,0.911147212351969,0.08299855955656704,-0.28809470588083885,2.1042015524454905,0.35411050237428326,177.05525118714164
heston_shift,0,validation,64,20.0,0.72,vol0.75_band05,0.75,0.11967146198640038,band05,-6.88553979427944,64,0.6039713854392128,0.436073503417527,0.16789788202168596,-0.4097534405245256,1.71884632771649,0.4382124934644148,219.1062467322074
heston_shift,0,validation,64,20.0,0.72,vol0.75_band10,0.75,0.11967146198640038,band10,-6.88553979427944,64,0.4745379618738444,0.3920941084630959,0.08244385341074854,-0.28713037702540034,1.5394695734457897,0.3667410458951942,183.37052294759712
heston_shift,0,validation,64,20.0,0.72,vol1_daily,1.0,0.1595619493152005,daily,-7.574506684363074,64,0.6627710761162782,0.38157976311666963,0.28119131299960853,-0.5302747523686269,1.783134458980544,0.5190867840991685,259.54339204958427
heston_shift,0,validation,64,20.0,0.72,vol1_every5,1.0,0.1595619493152005,every5,-7.574506684363074,64,0.8706761054763413,0.7986883892730355,0.0719877162033057,-0.26830526681991484,1.8553345828435959,0.341767793048751,170.8838965243755
heston_shift,0,validation,64,20.0,0.72,vol1_band05,1.0,0.1595619493152005,band05,-7.574506684363074,64,0.4280141577830393,0.2954949426322463,0.13251921515079304,-0.36403188754667226,1.4126500996791216,0.3992728110131002,199.6364055065501
heston_shift,0,validation,64,20.0,0.72,vol1_band10,1.0,0.1595619493152005,band10,-7.574506684363074,64,0.44655519956758094,0.38535865877418995,0.06119654079339103,-0.24737934593128633,1.393136103812591,0.33454604838117213,167.27302419058606
heston_shift,0,validation,64,20.0,0.72,vol1.25_daily,1.25,0.19945243664400064,daily,-7.713424232214442,64,0.5422298264094232,0.2984836370045807,0.2437461894048426,-0.49370658229847675,1.4396476485637655,0.4893645317202232,244.6822658601116
heston_shift,0,validation,64,20.0,0.72,vol1.25_every5,1.25,0.19945243664400064,every5,-7.713424232214442,64,0.822194325375563,0.7615925480901214,0.06060177728544163,-0.24617428233964983,1.7165446539844873,0.33142399373315484,165.7119968665774
heston_shift,0,validation,64,20.0,0.72,vol1.25_band05,1.25,0.19945243664400064,band05,-7.713424232214442,64,0.4044967983838976,0.3011708907124229,0.10332590767147466,-0.32144347507995036,1.2715070885824356,0.37024862277856957,185.1243113892848
heston_shift,0,validation,64,20.0,0.72,vol1.25_band10,1.25,0.19945243664400064,band10,-7.713424232214442,64,0.5279143961374357,0.47842067614833134,0.04949371998910437,-0.22247184089026723,1.4475343083429495,0.3140665918475689,157.03329592378446
heston_shift,0,validation,256,20.0,0.72,vol0.75_daily,0.75,0.11967146198640038,daily,-6.953156846666913,256,1.0574212093261188,0.7042528334867693,0.35316837583934957,-0.5942797117850731,2.4192441785754175,0.5644330023807669,282.2165011903835
heston_shift,0,validation,256,20.0,0.72,vol0.75_every5,0.75,0.11967146198640038,every5,-6.953156846666913,256,1.2050163358430344,1.0808511264963971,0.12416520934663713,-0.3523708406588677,2.5176386622716107,0.3743595726541278,187.17978632706388
heston_shift,0,validation,256,20.0,0.72,vol0.75_band05,0.75,0.11967146198640038,band05,-6.953156846666913,256,0.7369452277501921,0.5007565809737264,0.23618864677646564,-0.48599243489633215,1.9858437603629933,0.4514020682511942,225.7010341255971
heston_shift,0,validation,256,20.0,0.72,vol0.75_band10,0.75,0.11967146198640038,band10,-6.953156846666913,256,0.6055814575358505,0.4237511491087338,0.18183030842711664,-0.4264156521835434,1.7521158412557716,0.3842449070738811,192.12245353694055
heston_shift,0,validation,256,20.0,0.72,vol1_daily,1.0,0.1595619493152005,daily,-7.612541276331028,256,0.7078467065342591,0.40070214709045543,0.3071445594438037,-0.5542062426965287,1.9438780301402687,0.5266284650611537,263.3142325305769
heston_shift,0,validation,256,20.0,0.72,vol1_every5,1.0,0.1595619493152005,every5,-7.612541276331028,256,1.0247030830755706,0.906049426369123,0.11865365670644747,-0.3444614008948571,2.186336318025642,0.3609924261137345,180.49621305686725
heston_shift,0,validation,256,20.0,0.72,vol1_band05,1.0,0.1595619493152005,band05,-7.612541276331028,256,0.5117876876046246,0.3181001871345128,0.19368750047011185,-0.4400994211199463,1.5795671891192327,0.4126828436347,206.34142181735
heston_shift,0,validation,256,20.0,0.72,vol1_band10,1.0,0.1595619493152005,band10,-7.612541276331028,256,0.5260246214879057,0.372160895695254,0.1538637257926518,-0.3922546695613091,1.4904452197067104,0.35257731584366836,176.28865792183421
heston_shift,0,validation,256,20.0,0.72,vol1.25_daily,1.25,0.19945243664400064,daily,-7.737766371073933,256,0.5556425326211312,0.2822011988859153,0.2734413337352158,-0.5229161823229568,1.5962501430579916,0.4964824722355289,248.24123611776443
heston_shift,0,validation,256,20.0,0.72,vol1.25_every5,1.25,0.19945243664400064,every5,-7.737766371073933,256,0.9696399956552022,0.8530677393795543,0.11657225627564803,-0.34142679489994343,1.9945454698005645,0.3502227804743471,175.11139023717354
heston_shift,0,validation,256,20.0,0.72,vol1.25_band05,1.25,0.19945243664400064,band05,-7.737766371073933,256,0.4540379380263636,0.2883384609456837,0.16569947708067995,-0.40706200643228785,1.3694042750615312,0.38408727169730417,192.0436358486521
heston_shift,0,validation,256,20.0,0.72,vol1.25_band10,1.25,0.19945243664400064,band10,-7.737766371073933,256,0.571834551322539,0.43696252613007536,0.1348720251924637,-0.3672492684709715,1.4486288520372999,0.3310739644180088,165.5369822090044
heston_shift,1,test,,5.0,0.18,vol0.75_daily,0.75,0.1542266738276975,daily,-5.5739401988597415,128,2.808218682629587,1.1503421728460888,1.6578765097834982,-1.2875855349387466,3.483957783315969,0.14545998225124668,290.9199645024934
heston_shift,1,test,,5.0,0.18,vol0.75_every5,0.75,0.1542266738276975,every5,-5.5739401988597415,128,3.248846595529547,2.068841076652859,1.1800055188766883,-1.0862805893859506,4.021720322931748,0.09324282999159571,186.48565998319143
heston_shift,1,test,,5.0,0.18,vol0.75_band05,0.75,0.1542266738276975,band05,-5.5739401988597415,128,2.6414526486875687,1.0814477675835106,1.560004881104058,-1.2490015536836045,3.3874200146103948,0.11565527820854113,231.31055641708224
heston_shift,1,test,,5.0,0.18,vol0.75_band10,0.75,0.1542266738276975,band10,-5.5739401988597415,128,2.5009669283245977,1.0261769023401703,1.4747900259844269,-1.214409332138232,3.2499569444926992,0.0980818696021936,196.1637392043872
heston_shift,1,test,,5.0,0.18,vol1_daily,1.0,0.20563556510359665,daily,-6.61476781218358,128,2.4106789747162605,0.7673460072815437,1.6433329674347168,-1.2819254921541723,3.125609674513585,0.13656255713417798,273.12511426835596
heston_shift,1,test,,5.0,0.18,vol1_every5,1.0,0.20563556510359665,every5,-6.61476781218358,128,2.9170135890029023,1.7503502330827174,1.1666633559201858,-1.0801219171557375,3.6998441424305955,0.09018887019076605,180.37774038153208
heston_shift,1,test,,5.0,0.18,vol1_band05,1.0,0.20563556510359665,band05,-6.61476781218358,128,2.339292952903203,0.7993903367352819,1.5399026161679208,-1.2409281269146577,3.089483400792614,0.10629322696764346,212.58645393528693
heston_shift,1,test,,5.0,0.18,vol1_band10,1.0,0.20563556510359665,band10,-6.61476781218358,128,2.3163440475982116,0.8765128596034,1.4398311879948116,-1.1999296596029334,2.9674264310734055,0.09012307314769354,180.24614629538706
heston_shift,1,test,,5.0,0.18,vol1.25_daily,1.25,0.2570444563794958,daily,-6.916546609077557,128,2.22802749835467,0.621517061621996,1.606510436732674,-1.2674819275763556,2.9368131884611284,0.1291731522702258,258.34630454045157
heston_shift,1,test,,5.0,0.18,vol1.25_every5,1.25,0.2570444563794958,every5,-6.916546609077557,128,2.762530827240329,1.6111887526254125,1.1513420746149166,-1.0730060925339224,3.5133981149820723,0.0876790117119501,175.3580234239002
heston_shift,1,test,,5.0,0.18,vol1.25_band05,1.25,0.2570444563794958,band05,-6.916546609077557,128,2.244001985582238,0.736542251504586,1.5074597340776525,-1.2277865181201708,2.9051884825057708,0.09929360815022718,198.58721630045437
heston_shift,1,test,,5.0,0.18,vol1.25_band10,1.25,0.2570444563794958,band10,-6.916546609077557,128,2.3334182389865226,0.927355593618198,1.406062645368325,-1.1857751242829835,2.9391145576540083,0.08452141597925444,169.04283195850888
heston_shift,1,reference,,5.0,0.18,vol0.75_daily,0.75,0.1542266738276975,daily,-5.3829198738972455,512,3.022636084709134,1.3781631050583583,1.6444729796507753,-1.2823700634570254,3.8837580501940767,0.14671773814787925,293.4354762957585
heston_shift,1,reference,,5.0,0.18,vol0.75_every5,0.75,0.1542266738276975,every5,-5.3829198738972455,512,4.118665335659476,2.558002146770797,1.5606631888886788,-1.2492650595004564,4.890575109828451,0.09602680004611701,192.05360009223403
heston_shift,1,reference,,5.0,0.18,vol0.75_band05,0.75,0.1542266738276975,band05,-5.3829198738972455,512,2.6786512156491904,1.0950904212544348,1.5835607943947552,-1.2583961198266447,3.5534548851456695,0.11792849977963238,235.8569995592648
heston_shift,1,reference,,5.0,0.18,vol0.75_band10,0.75,0.1542266738276975,band10,-5.3829198738972455,512,2.5236643555272584,1.0008075703013173,1.5228567852259411,-1.2340408361257504,3.330357217498794,0.10023714892523326,200.4742978504665
heston_shift,1,reference,,5.0,0.18,vol1_daily,1.0,0.20563556510359665,daily,-6.507318879392176,512,2.4894048819918346,0.8552897831622097,1.6341150988296251,-1.2783251146831252,3.3270153791496027,0.1376033241903763,275.20664838075254
heston_shift,1,reference,,5.0,0.18,vol1_every5,1.0,0.20563556510359665,every5,-6.507318879392176,512,3.6915209676670764,2.151546911670711,1.5399740559963646,-1.2409569114181058,4.441604176590017,0.09275165430381746,185.50330860763492
heston_shift,1,reference,,5.0,0.18,vol1_band05,1.0,0.20563556510359665,band05,-6.507318879392176,512,2.3295581050819005,0.7572198574047913,1.572338247677109,-1.2539291238651047,3.130792158331536,0.10833583014351719,216.6716602870344
heston_shift,1,reference,,5.0,0.18,vol1_band10,1.0,0.20563556510359665,band10,-6.507318879392176,512,2.355346516581819,0.8481338315869157,1.507212684994904,-1.2276859064902976,3.047713037593853,0.09210458298559232,184.20916597118463
heston_shift,1,reference,,5.0,0.18,vol1.25_daily,1.25,0.2570444563794958,daily,-6.847779292091058,512,2.2360921824911433,0.6190253774364904,1.6170668050546526,-1.2716394162869649,2.9501428013816384,0.13004485216963238,260.0897043392647
heston_shift,1,reference,,5.0,0.18,vol1.25_every5,1.25,0.2570444563794958,every5,-6.847779292091058,512,3.4946026482281836,1.971376037811558,1.523226610416626,-1.2341906702032008,4.11161118779544,0.0899797796288899,179.95955925777977
heston_shift,1,reference,,5.0,0.18,vol1.25_band05,1.25,0.2570444563794958,band05,-6.847779292091058,512,2.21637479377764,0.6599972967961785,1.5563774969814614,-1.2475485950380696,2.8558366536130966,0.10098624390209192,201.97248780418386
heston_shift,1,reference,,5.0,0.18,vol1.25_band10,1.25,0.2570444563794958,band10,-6.847779292091058,512,2.389818822819181,0.8971859664402378,1.4926328563789424,-1.2217335455732328,2.9941947832315923,0.08628336387628743,172.56672775257485
heston_shift,1,validation,16,5.0,0.18,vol0.75_daily,0.75,0.1542266738276975,daily,-7.515994972360618,16,0.7525076541372306,0.6792734311079819,0.07323422302924879,-0.2706182237567322,2.144589429185187,0.14425463506108593,288.5092701221719
heston_shift,1,validation,16,5.0,0.18,vol0.75_every5,0.75,0.1542266738276975,every5,-7.515994972360618,16,0.7090657968063134,0.7069364828083291,0.0021293139979843283,0.04614449044018504,1.422989025703721,0.09352538613499341,187.0507722699868
heston_shift,1,validation,16,5.0,0.18,vol0.75_band05,0.75,0.1542266738276975,band05,-7.515994972360618,16,0.7111907352413364,0.6945335784466506,0.016657156794685747,-0.12906260804232086,2.0160297107968526,0.11106145000858829,222.1229000171766
heston_shift,1,validation,16,5.0,0.18,vol0.75_band10,0.75,0.1542266738276975,band10,-7.515994972360618,16,0.645967227009142,0.6459514814608124,1.57455483296381e-05,-0.003968066069212822,1.7225275033737084,0.09375818168626901,187.51636337253802
heston_shift,1,validation,16,5.0,0.18,vol1_daily,1.0,0.20563556510359665,daily,-7.707173622277823,16,0.5545974342891606,0.5162583264034301,0.03833910788573056,-0.19580374839550585,1.7180384618200724,0.13315564701344385,266.31129402688765
heston_shift,1,validation,16,5.0,0.18,vol1_every5,1.0,0.20563556510359665,every5,-7.707173622277823,16,0.584291519735241,0.5758154752059632,0.008476044529277752,0.0920654361271251,1.1800311808551065,0.0897937835507403,179.5875671014806
heston_shift,1,validation,16,5.0,0.18,vol1_band05,1.0,0.20563556510359665,band05,-7.707173622277823,16,0.5836374683720853,0.5793697509771659,0.00426771739491941,-0.06532776894184747,1.5901743763109017,0.10120782608907039,202.41565217814076
heston_shift,1,validation,16,5.0,0.18,vol1_band10,1.0,0.20563556510359665,band10,-7.707173622277823,16,0.5656420651695686,0.5615398150373774,0.00410225013219131,0.0640488105447034,1.2948420124711244,0.08555351103475768,171.10702206951538
heston_shift,1,validation,16,5.0,0.18,vol1.25_daily,1.25,0.2570444563794958,daily,-7.615686327537873,16,0.4495414138740045,0.43427559238953006,0.01526582148447436,-0.12355493306410052,1.305483633423399,0.12400195901052652,248.00391802105304
heston_shift,1,validation,16,5.0,0.18,vol1.25_every5,1.25,0.2570444563794958,every5,-7.615686327537873,16,0.5684767719378077,0.5488557276976216,0.019621044240186142,0.14007513783746972,1.3281038868356327,0.08647715299109769,172.9543059821954
heston_shift,1,validation,16,5.0,0.18,vol1.25_band05,1.25,0.2570444563794958,band05,-7.615686327537873,16,0.5149346317409519,0.5149335789940968,1.0527468552153197e-06,0.0010260345292509992,1.2898154006505147,0.09366687659198786,187.33375318397572
heston_shift,1,validation,16,5.0,0.18,vol1.25_band10,1.25,0.2570444563794958,band10,-7.615686327537873,16,0.5502031925179444,0.5349815432870686,0.015221649230875831,0.12337604804367755,1.093213061680107,0.07988212198969034,159.7642439793807
heston_shift,1,validation,64,5.0,0.18,vol0.75_daily,0.75,0.1542266738276975,daily,-7.604708258295766,64,0.30184240328467427,0.2892289217028724,0.012613481581801932,-0.1123097572867199,1.1950245996629045,0.13302016632022756,266.0403326404551
heston_shift,1,validation,64,5.0,0.18,vol0.75_every5,0.75,0.1542266738276975,every5,-7.604708258295766,64,0.6069969688770135,0.6032212648626185,0.0037757040143950138,0.06144675755802753,1.3961957947960064,0.0882126997283249,176.4253994566498
heston_shift,1,validation,64,5.0,0.18,vol0.75_band05,0.75,0.1542266738276975,band05,-7.604708258295766,64,0.27987052494408227,0.27926493385087964,0.0006055910932026599,-0.0246087604970803,1.085796461744997,0.10272741995201755,205.45483990403508
heston_shift,1,validation,64,5.0,0.18,vol0.75_band10,0.75,0.1542266738276975,band10,-7.604708258295766,64,0.30760944744295987,0.30576399636044027,0.0018454510825196267,0.042958713697218945,1.0831690109129577,0.0872622920971833,174.52458419436658
heston_shift,1,validation,64,5.0,0.18,vol1_daily,1.0,0.20563556510359665,daily,-7.757074845616343,64,0.24739442723974475,0.2418558980835258,0.005538529156218929,-0.07442129504529553,0.8976779406225389,0.12270382693009493,245.40765386018987
heston_shift,1,validation,64,5.0,0.18,vol1_every5,1.0,0.20563556510359665,every5,-7.757074845616343,64,0.5928880472304346,0.5848673246755772,0.00802072255485737,0.08955848678298092,1.1772960184741794,0.08441356458012905,168.8271291602581
heston_shift,1,validation,64,5.0,0.18,vol1_band05,1.0,0.20563556510359665,band05,-7.757074845616343,64,0.2824463738545227,0.282349473941465,9.689991305770641e-05,0.009843775345755632,0.9375306353897338,0.09329718630145739,186.59437260291477
heston_shift,1,validation,64,5.0,0.18,vol1_band10,1.0,0.20563556510359665,band10,-7.757074845616343,64,0.3873316412762833,0.38113005386788756,0.00620158740839569,0.07875015814838526,1.0798526655429908,0.07969865155721578,159.39730311443154
heston_shift,1,validation,64,5.0,0.18,vol1.25_daily,1.25,0.2570444563794958,daily,-7.647623110474526,64,0.27445626619204816,0.272792441859221,0.0016638243328271941,-0.04079000285397384,0.8571371885552492,0.11453620454599113,229.07240909198225
heston_shift,1,validation,64,5.0,0.18,vol1.25_every5,1.25,0.2570444563794958,every5,-7.647623110474526,64,0.6427009110933279,0.629837317267625,0.012863593825702905,0.11341778443305488,1.273498484580873,0.08139391352891201,162.78782705782402
heston_shift,1,validation,64,5.0,0.18,vol1.25_band05,1.25,0.2570444563794958,band05,-7.647623110474526,64,0.3521612479331123,0.35036824009386996,0.001793007839242385,0.04234392328590237,0.9556911985219279,0.08645946427561224,172.91892855122447
heston_shift,1,validation,64,5.0,0.18,vol1.25_band10,1.25,0.2570444563794958,band10,-7.647623110474526,64,0.5177118397687798,0.5065502096960784,0.011161630072701205,0.10564861604725925,1.1855941212556778,0.07470813254677658,149.41626509355314
heston_shift,1,validation,256,5.0,0.18,vol0.75_daily,0.75,0.1542266738276975,daily,-7.597241522389725,256,0.2638757366408355,0.2550670000705613,0.008808736570274254,-0.0938548697206184,1.1688758082112733,0.13020247735147195,260.40495470294394
heston_shift,1,validation,256,5.0,0.18,vol0.75_every5,0.75,0.1542266738276975,every5,-7.597241522389725,256,0.7253385437423879,0.7248404915525645,0.0004980521898236117,0.02231708291474519,1.7521956697866699,0.08759889718737907,175.19779437475813
heston_shift,1,validation,256,5.0,0.18,vol0.75_band05,0.75,0.1542266738276975,band05,-7.597241522389725,256,0.2581890996990466,0.25735733043045494,0.0008317692685917077,-0.028840410340210273,1.0531751804458116,0.10059442708714887,201.18885417429775
heston_shift,1,validation,256,5.0,0.18,vol0.75_band10,0.75,0.1542266738276975,band10,-7.597241522389725,256,0.3409420821037268,0.34090971372758894,3.236837613789335e-05,0.005689321237010031,1.1250965108276454,0.0857526316140797,171.50526322815938
heston_shift,1,validation,256,5.0,0.18,vol1_daily,1.0,0.20563556510359665,daily,-7.752874806669196,256,0.22519681295928784,0.21764650262405222,0.007550310335235639,-0.08689252174517459,0.9387142526819588,0.12081718433549568,241.63436867099136
heston_shift,1,validation,256,5.0,0.18,vol1_every5,1.0,0.20563556510359665,every5,-7.752874806669196,256,0.7218765598908599,0.7215362071522788,0.0003403527385810517,0.018448651402773367,1.6196607571631683,0.08438362794746096,168.7672558949219
heston_shift,1,validation,256,5.0,0.18,vol1_band05,1.0,0.20563556510359665,band05,-7.752874806669196,256,0.2798629044973199,0.2794277853699499,0.00043511912737001843,-0.02085950927922367,0.9619664731913722,0.09189831130086927,183.79662260173853
heston_shift,1,validation,256,5.0,0.18,vol1_band10,1.0,0.20563556510359665,band10,-7.752874806669196,256,0.43533669237779643,0.4352073364099223,0.0001293559678741235,0.011373476507828356,1.2066327177932024,0.07905073526717105,158.10147053434207
heston_shift,1,validation,256,5.0,0.18,vol1.25_daily,1.25,0.2570444563794958,daily,-7.644935085548351,256,0.27058688120600793,0.26464034324056873,0.005946537965439143,-0.07711379880046854,0.9123533487620543,0.11336948027836512,226.73896055673023
heston_shift,1,validation,256,5.0,0.18,vol1.25_every5,1.25,0.2570444563794958,every5,-7.644935085548351,256,0.7805321971012509,0.7802040872804435,0.00032810982080742906,0.018113801942370604,1.6434609132798106,0.08177868762715369,163.5573752543074
heston_shift,1,validation,256,5.0,0.18,vol1.25_band05,1.25,0.2570444563794958,band05,-7.644935085548351,256,0.3762020048878485,0.37603286772815675,0.00016913715969176998,-0.01300527430282691,1.0594679398709486,0.08573554342758441,171.47108685516883
heston_shift,1,validation,256,5.0,0.18,vol1.25_band10,1.25,0.2570444563794958,band10,-7.644935085548351,256,0.5873846807623249,0.5872346448570671,0.00015003590525768492,0.01224891445221514,1.3851674925956026,0.07471335506943633,149.42671013887266
heston_shift,1,test,,20.0,0.72,vol0.75_daily,0.75,0.1542266738276975,daily,-5.5739401988597415,128,4.307349297854217,1.3352923157870098,2.972056982067207,-1.7239654816924865,4.0906725907308905,0.5818399290049867,290.9199645024934
heston_shift,1,test,,20.0,0.72,vol0.75_every5,0.75,0.1542266738276975,every5,-5.5739401988597415,128,4.046224026431571,2.1802432215356014,1.8659808048959698,-1.3660090793607376,4.3651918633890245,0.37297131996638283,186.48565998319143
heston_shift,1,test,,20.0,0.72,vol0.75_band05,0.75,0.1542266738276975,band05,-5.5739401988597415,128,3.7622397281054867,1.2151278235589085,2.5471119045465773,-1.5959673883092278,3.852346217014397,0.4626211128341645,231.31055641708224
heston_shift,1,test,,20.0,0.72,vol0.75_band10,0.75,0.1542266738276975,band10,-5.5739401988597415,128,3.388294863032476,1.112255132195278,2.276039730837197,-1.508654940944813,3.6281817402915943,0.3923274784087744,196.1637392043872
heston_shift,1,test,,20.0,0.72,vol1_daily,1.0,0.20563556510359665,daily,-6.61476781218358,128,3.7262151663598253,0.8646600712414974,2.8615550951183275,-1.6916131635567062,3.6363339768027956,0.5462502285367119,273.12511426835596
heston_shift,1,test,,20.0,0.72,vol1_every5,1.0,0.20563556510359665,every5,-6.61476781218358,128,3.657166582029378,1.8328070830932504,1.8243594989361278,-1.3506885277280354,4.022527886106421,0.3607554807630642,180.37774038153208
heston_shift,1,test,,20.0,0.72,vol1_band05,1.0,0.20563556510359665,band05,-6.61476781218358,128,3.301390745990889,0.8683903486621793,2.4330003973287098,-1.559807807817588,3.488141289877493,0.4251729078705738,212.58645393528693
heston_shift,1,test,,20.0,0.72,vol1_band10,1.0,0.20563556510359665,band10,-6.61476781218358,128,3.0821809298390344,0.9204021361150696,2.1617787937239648,-1.4702988790460139,3.28978072281371,0.36049229259077414,180.24614629538706
heston_shift,1,test,,20.0,0.72,vol1.25_daily,1.25,0.2570444563794958,daily,-6.916546609077557,128,3.4110275991081505,0.671998016785155,2.739029582322995,-1.6550013843870328,3.3970340299697264,0.5166926090809032,258.34630454045157
heston_shift,1,test,,20.0,0.72,vol1.25_every5,1.25,0.2570444563794958,every5,-6.916546609077557,128,3.461513561826357,1.6765023228327276,1.7850112389936295,-1.336043127669773,3.834630309588511,0.3507160468478004,175.3580234239002
heston_shift,1,test,,20.0,0.72,vol1.25_band05,1.25,0.2570444563794958,band05,-6.916546609077557,128,3.1017171483428383,0.7740563081556324,2.3276608401872054,-1.525667342570852,3.270045359235957,0.39717443260090873,198.58721630045437
heston_shift,1,test,,20.0,0.72,vol1.25_band10,1.25,0.2570444563794958,band10,-6.916546609077557,128,3.026173281985354,0.9544754535605411,2.071697828424813,-1.4393393722207466,3.2011151064209575,0.3380856639170178,169.04283195850888
heston_shift,1,reference,,20.0,0.72,vol0.75_daily,0.75,0.1542266738276975,daily,-5.3829198738972455,512,4.635023519618505,1.6679370767088602,2.9670864429096455,-1.7225232779006632,4.551029524380465,0.586870952591517,293.4354762957585
heston_shift,1,reference,,20.0,0.72,vol0.75_every5,0.75,0.1542266738276975,every5,-5.3829198738972455,512,5.0493383398822225,2.6859072776101662,2.3634310622720567,-1.5373454596388076,5.284970938952236,0.38410720018446803,192.05360009223403
heston_shift,1,reference,,20.0,0.72,vol0.75_band05,0.75,0.1542266738276975,band05,-5.3829198738972455,512,3.877522549914498,1.2783929767392692,2.5991295731752286,-1.612181619165542,4.076991750079379,0.4717139991185295,235.8569995592648
heston_shift,1,reference,,20.0,0.72,vol0.75_band10,0.75,0.1542266738276975,band10,-5.3829198738972455,512,3.4630867337393543,1.107622163868141,2.3554645698712138,-1.5347522829014504,3.7489380665384813,0.40094859570093305,200.4742978504665
heston_shift,1,reference,,20.0,0.72,vol1_daily,1.0,0.20563556510359665,daily,-6.507318879392176,512,3.8731890777719906,1.0132511944295375,2.859937883342454,-1.691135087254254,3.910061289026416,0.5504132967615052,275.20664838075254
heston_shift,1,reference,,20.0,0.72,vol1_every5,1.0,0.20563556510359665,every5,-6.507318879392176,512,4.546340793313518,2.238336074209588,2.30800471910393,-1.5192118743295584,4.8112433872744145,0.37100661721526984,185.50330860763492
heston_shift,1,reference,,20.0,0.72,vol1_band05,1.0,0.20563556510359665,band05,-6.507318879392176,512,3.3432474066435725,0.8502065746801422,2.4930408319634307,-1.5789366142956565,3.5808694954915237,0.43334332057406877,216.6716602870344
heston_shift,1,reference,,20.0,0.72,vol1_band10,1.0,0.20563556510359665,band10,-6.507318879392176,512,3.1609121319274154,0.8988971683424971,2.2620149635849183,-1.5039996554470743,3.38596009765588,0.3684183319423693,184.20916597118463
heston_shift,1,reference,,20.0,0.72,vol1.25_daily,1.25,0.2570444563794958,daily,-6.847779292091058,512,3.4602866522274587,0.6987939155657159,2.7614927366617423,-1.661773972795862,3.4735484653236894,0.5201794086785295,260.0897043392647
heston_shift,1,reference,,20.0,0.72,vol1.25_every5,1.25,0.2570444563794958,every5,-6.847779292091058,512,4.293541539831592,2.031134455586899,2.2624070842446935,-1.5041300090898704,4.460852136163907,0.3599191185155596,179.95955925777977
heston_shift,1,reference,,20.0,0.72,vol1.25_band05,1.25,0.2570444563794958,band05,-6.847779292091058,512,3.107448189822683,0.7033752195347864,2.4040729702878965,-1.5505073267443454,3.2328041277324933,0.4039449756083677,201.97248780418386
heston_shift,1,reference,,20.0,0.72,vol1.25_band10,1.25,0.2570444563794958,band10,-6.847779292091058,512,3.112220391460475,0.9200924847098896,2.192127906750585,-1.480583637202095,3.284621614175197,0.34513345550514973,172.56672775257485
heston_shift,1,validation,16,20.0,0.72,vol0.75_daily,0.75,0.1542266738276975,daily,-7.515994972360618,16,1.3167382190859134,0.8219917997737608,0.4947464193121527,-0.70338212893999,2.7800593030204217,0.5770185402443437,288.5092701221719
heston_shift,1,validation,16,20.0,0.72,vol0.75_every5,0.75,0.1542266738276975,every5,-7.515994972360618,16,0.736157262907529,0.681199055962773,0.054958206944755984,-0.2344316679647952,1.726440144333221,0.37410154453997363,187.0507722699868
heston_shift,1,validation,16,20.0,0.72,vol0.75_band05,0.75,0.1542266738276975,band05,-7.515994972360618,16,1.0185089519652362,0.8048367017220376,0.2136722502431986,-0.46224695806808574,2.5372487690032197,0.44424580003435316,222.1229000171766
heston_shift,1,validation,16,20.0,0.72,vol0.75_band10,0.75,0.1542266738276975,band10,-7.515994972360618,16,0.8039942186210733,0.7226308714179426,0.08136334720313075,-0.28524261112801985,2.165747018636675,0.37503272674507604,187.51636337253802
heston_shift,1,validation,16,20.0,0.72,vol1_daily,1.0,0.20563556510359665,daily,-7.707173622277823,16,0.9501587510902482,0.5958115573888311,0.35434719370141715,-0.5952706894358374,2.293193895899797,0.5326225880537754,266.31129402688765
heston_shift,1,validation,16,20.0,0.72,vol1_every5,1.0,0.20563556510359665,every5,-7.707173622277823,16,0.5708148694964624,0.5393739359525913,0.031440933543871105,-0.17731591452509587,1.3781521316436784,0.3591751342029612,179.5875671014806
heston_shift,1,validation,16,20.0,0.72,vol1_band05,1.0,0.20563556510359665,band05,-7.707173622277823,16,0.7782182511172447,0.6420932283001249,0.1361250228171199,-0.36895124720905864,2.0557175026980974,0.40483130435628156,202.41565217814076
heston_shift,1,validation,16,20.0,0.72,vol1_band10,1.0,0.20563556510359665,band10,-7.707173622277823,16,0.6354815003133077,0.5983822246459432,0.03709927566736466,-0.1926117225595697,1.6846868954873484,0.3422140441390307,171.10702206951538
heston_shift,1,validation,16,20.0,0.72,vol1.25_daily,1.25,0.2570444563794958,daily,-7.615686327537873,16,0.7141249059442456,0.46854438944155896,0.2455805165026867,-0.4955608100956801,1.8281718479222522,0.4960078360421061,248.00391802105304
heston_shift,1,validation,16,20.0,0.72,vol1.25_every5,1.25,0.2570444563794958,every5,-7.615686327537873,16,0.5206236741763511,0.5063777427812735,0.014245931395077798,-0.11935632113582338,1.4771711522462339,0.34590861196439077,172.9543059821954
heston_shift,1,validation,16,20.0,0.72,vol1.25_band05,1.25,0.2570444563794958,band05,-7.615686327537873,16,0.621091444551541,0.5427056705679805,0.07838577398356057,-0.27997459524671264,1.6545691180129567,0.37466750636795143,187.33375318397572
heston_shift,1,validation,16,20.0,0.72,vol1.25_band10,1.25,0.2570444563794958,band10,-7.615686327537873,16,0.5569594742231435,0.5434406873926714,0.013518786830472074,-0.11627031792539347,1.3378381647892443,0.3195284879587614,159.7642439793807
heston_shift,1,validation,64,20.0,0.72,vol0.75_daily,0.75,0.1542266738276975,daily,-7.604708258295766,64,0.6218805917298174,0.36038105275528315,0.2614995389745341,-0.5113702562474025,1.7032881056355615,0.5320806652809102,266.0403326404551
heston_shift,1,validation,64,20.0,0.72,vol0.75_every5,0.75,0.1542266738276975,every5,-7.604708258295766,64,0.6626919128393862,0.6214051915272275,0.04128672131215877,-0.20319134162694721,1.7068933611199009,0.3528507989132996,176.4253994566498
heston_shift,1,validation,64,20.0,0.72,vol0.75_band05,0.75,0.1542266738276975,band05,-7.604708258295766,64,0.4318638012759338,0.3211139380482544,0.11074986322767935,-0.33279102035313296,1.492072286596204,0.4109096798080702,205.45483990403508
heston_shift,1,validation,64,20.0,0.72,vol0.75_band10,0.75,0.1542266738276975,band10,-7.604708258295766,64,0.36723813545029516,0.3193523707058842,0.047885764744410926,-0.2188281625943309,1.388119843905272,0.3490491683887332,174.52458419436658
heston_shift,1,validation,64,20.0,0.72,vol1_daily,1.0,0.20563556510359665,daily,-7.757074845616343,64,0.46153091739321883,0.26569565970447484,0.19583525768874402,-0.44253277583558037,1.3563484304353888,0.49081530772037973,245.40765386018987
heston_shift,1,validation,64,20.0,0.72,vol1_every5,1.0,0.20563556510359665,every5,-7.757074845616343,64,0.6119970572953137,0.5852051924208665,0.026791864874447176,-0.16368220695740626,1.4597685270454077,0.3376542583205162,168.8271291602581
heston_shift,1,validation,64,20.0,0.72,vol1_band05,1.0,0.20563556510359665,band05,-7.757074845616343,64,0.36433878459788926,0.2914129791929679,0.0729258054049214,-0.2700477835586165,1.2767199067204382,0.37318874520582956,186.59437260291477
heston_shift,1,validation,64,20.0,0.72,vol1_band10,1.0,0.20563556510359665,band10,-7.757074845616343,64,0.402095770675156,0.37638499621247673,0.025710774462679366,-0.16034579652326209,1.3224385741794453,0.31879460622886313,159.39730311443154
heston_shift,1,validation,64,20.0,0.72,vol1.25_daily,1.25,0.2570444563794958,daily,-7.647623110474526,64,0.41960771202510533,0.27184541566418224,0.14776229636092308,-0.3843986164919472,1.1996069282176138,0.4581448181839645,229.07240909198225
heston_shift,1,validation,64,20.0,0.72,vol1.25_every5,1.25,0.2570444563794958,every5,-7.647623110474526,64,0.6388620045172653,0.6217627922883033,0.017099212228961852,-0.13076395615368117,1.462651064900243,0.32557565411564804,162.78782705782402
heston_shift,1,validation,64,20.0,0.72,vol1.25_band05,1.25,0.2570444563794958,band05,-7.647623110474526,64,0.3906303868501879,0.3435264258812732,0.04710396096891474,-0.2170344695409343,1.1974511499626777,0.34583785710244896,172.91892855122447
heston_shift,1,validation,64,20.0,0.72,vol1.25_band10,1.25,0.2570444563794958,band10,-7.647623110474526,64,0.5093509750825622,0.49531446425847325,0.014036510824088933,-0.11847578159307046,1.3971605459267395,0.2988325301871063,149.41626509355314
heston_shift,1,validation,256,20.0,0.72,vol0.75_daily,0.75,0.1542266738276975,daily,-7.597241522389725,256,0.5542394946136369,0.31953577277247247,0.2347037218411644,-0.4844623017750343,1.6910040467898235,0.5208099094058878,260.40495470294394
heston_shift,1,validation,256,20.0,0.72,vol0.75_every5,0.75,0.1542266738276975,every5,-7.597241522389725,256,0.8201364574922119,0.7623060153170089,0.057830442175202806,-0.24047960864739198,2.081367271066011,0.35039558874951626,175.19779437475813
heston_shift,1,validation,256,20.0,0.72,vol0.75_band05,0.75,0.1542266738276975,band05,-7.597241522389725,256,0.40482489813548045,0.29551287268717286,0.10931202544830752,-0.3306236916016569,1.4589770339633321,0.4023777083485955,201.18885417429775
heston_shift,1,validation,256,20.0,0.72,vol0.75_band10,0.75,0.1542266738276975,band10,-7.597241522389725,256,0.4246924180206566,0.36140567079488706,0.06328674722576955,-0.25156857360522905,1.4386782447054753,0.3430105264563188,171.50526322815938
heston_shift,1,validation,256,20.0,0.72,vol1_daily,1.0,0.20563556510359665,daily,-7.752874806669196,256,0.43968774579437625,0.2377776482799494,0.20191009751442685,-0.4493440747516616,1.393059162369364,0.4832687373419827,241.63436867099136
heston_shift,1,validation,256,20.0,0.72,vol1_every5,1.0,0.20563556510359665,every5,-7.752874806669196,256,0.8005913118607028,0.7455061739485662,0.0550851379121365,-0.23470223243960953,1.916935483091863,0.33753451178984384,168.7672558949219
heston_shift,1,validation,256,20.0,0.72,vol1_band05,1.0,0.20563556510359665,band05,-7.752874806669196,256,0.3788417631745137,0.2908972254036276,0.08794453777088612,-0.2965544431818315,1.2971712950227532,0.3675932452034771,183.79662260173853
heston_shift,1,validation,256,20.0,0.72,vol1_band10,1.0,0.20563556510359665,band10,-7.752874806669196,256,0.4937353406909852,0.4427593060895142,0.05097603460147098,-0.22577872929368475,1.472876161924504,0.3162029410686842,158.10147053434207
heston_shift,1,validation,256,20.0,0.72,vol1.25_daily,1.25,0.2570444563794958,daily,-7.644935085548351,256,0.4379187101239008,0.26384431287738486,0.17407439724651594,-0.41722223963556393,1.2811089275373106,0.45347792111346047,226.73896055673023
heston_shift,1,validation,256,20.0,0.72,vol1.25_every5,1.25,0.2570444563794958,every5,-7.644935085548351,256,0.8496508666367644,0.7980209107704922,0.05162995586627212,-0.22722226093909048,1.9113357935693145,0.32711475050861477,163.5573752543074
heston_shift,1,validation,256,20.0,0.72,vol1.25_band05,1.25,0.2570444563794958,band05,-7.644935085548351,256,0.45049556363612714,0.37748109025636045,0.07301447337976667,-0.27021190458558014,1.336121638983425,0.34294217371033764,171.47108685516883
heston_shift,1,validation,256,20.0,0.72,vol1.25_band10,1.25,0.2570444563794958,band10,-7.644935085548351,256,0.6375756361246445,0.5926777763559028,0.04489785976874171,-0.21189115075609388,1.6146145118484496,0.2988534202777453,149.42671013887266
heston_shift,2,test,,5.0,0.18,vol0.75_daily,0.75,0.1295427764488078,daily,-4.2530367963470335,128,3.6356383414766658,1.9666283190297207,1.669010022446946,-1.2919017077343562,4.460804255540145,0.15179663135383917,303.5932627076784
heston_shift,2,test,,5.0,0.18,vol0.75_every5,0.75,0.1295427764488078,every5,-4.2530367963470335,128,5.7281651714105335,4.230740343836915,1.4974248275736177,-1.2236931100458226,6.119242447837851,0.0972421214895394,194.48424297907877
heston_shift,2,test,,5.0,0.18,vol0.75_band05,0.75,0.1295427764488078,band05,-4.2530367963470335,128,3.3520535528280337,1.654803477581028,1.6972500752470054,-1.3027855062315536,4.213354887448731,0.12371577580163251,247.431551603265
heston_shift,2,test,,5.0,0.18,vol0.75_band10,0.75,0.1295427764488078,band10,-4.2530367963470335,128,3.116155282270788,1.4190427363460583,1.6971125459247303,-1.3027327223666143,3.887371486716444,0.10586244069930711,211.72488139861423
heston_shift,2,test,,5.0,0.18,vol1_daily,1.0,0.17272370193174372,daily,-6.024370394606311,128,2.892325378373092,1.2753167742141616,1.6170086041589302,-1.2716165318833073,3.85334720867668,0.14295628602412264,285.9125720482453
heston_shift,2,test,,5.0,0.18,vol1_every5,1.0,0.17272370193174372,every5,-6.024370394606311,128,5.1434575447244235,3.5773052040603073,1.5661523406641162,-1.251460083528083,5.690799425958413,0.09478701619833349,189.57403239666698
heston_shift,2,test,,5.0,0.18,vol1_band05,1.0,0.17272370193174372,band05,-6.024370394606311,128,2.8119667463856906,1.1563767477166957,1.6555899986689944,-1.2866973220882192,3.694858009473085,0.11434874484631524,228.69748969263048
heston_shift,2,test,,5.0,0.18,vol1_band10,1.0,0.17272370193174372,band10,-6.024370394606311,128,2.7162202751569304,1.0943946535232865,1.6218256216336442,-1.2735091761089294,3.4144229363612273,0.0972584052120065,194.516810424013
heston_shift,2,test,,5.0,0.18,vol1.25_daily,1.25,0.21590462741467964,daily,-6.664269104527549,128,2.4965432319936873,0.9015405808448955,1.5950026511487918,-1.2629341436309305,3.370789271476625,0.13572679571267188,271.4535914253437
heston_shift,2,test,,5.0,0.18,vol1.25_every5,1.25,0.21590462741467964,every5,-6.664269104527549,128,4.759918619335458,3.1535018451279395,1.6064167742075182,-1.2674449787693027,5.316761418704976,0.09265439715337065,185.30879430674128
heston_shift,2,test,,5.0,0.18,vol1.25_band05,1.25,0.21590462741467964,band05,-6.664269104527549,128,2.5374138896765337,0.9047599164948259,1.632653973181708,-1.2777534868595382,3.257471677253753,0.10704596470669839,214.09192941339677
heston_shift,2,test,,5.0,0.18,vol1.25_band10,1.25,0.21590462741467964,band10,-6.664269104527549,128,2.5995392443068144,1.0153607772853974,1.5841784670214167,-1.2586415164856977,3.186385625124384,0.09108084798618994,182.1616959723799
heston_shift,2,reference,,5.0,0.18,vol0.75_daily,0.75,0.1295427764488078,daily,-4.12951448459263,512,3.5685015476543107,1.8583469287538754,1.7101546189004353,-1.307728801740038,4.2625604019798224,0.15004950919154297,300.09901838308593
heston_shift,2,reference,,5.0,0.18,vol0.75_every5,0.75,0.1295427764488078,every5,-4.12951448459263,512,4.692650080967444,3.0213954061518287,1.6712546748156154,-1.2927701554474467,5.078771402605499,0.09546661231095668,190.93322462191333
heston_shift,2,reference,,5.0,0.18,vol0.75_band05,0.75,0.1295427764488078,band05,-4.12951448459263,512,3.193687003703455,1.486439248136083,1.7072477555673717,-1.306616912322572,3.986376041544498,0.122257582733553,244.515165467106
heston_shift,2,reference,,5.0,0.18,vol0.75_band10,0.75,0.1295427764488078,band10,-4.12951448459263,512,2.9915673576372783,1.279280086723285,1.7122872709139936,-1.3085439507001642,3.719287791883035,0.10413088807003346,208.2617761400669
heston_shift,2,reference,,5.0,0.18,vol1_daily,1.0,0.17272370193174372,daily,-5.954889094244459,512,2.8251815981875907,1.1526084610597573,1.6725731371278332,-1.293279991775885,3.671836906930274,0.14102235496926288,282.0447099385258
heston_shift,2,reference,,5.0,0.18,vol1_every5,1.0,0.17272370193174372,every5,-5.954889094244459,512,4.0821511905266865,2.422440157058428,1.659711033468258,-1.288297727029066,4.645049358340867,0.09253014063016893,185.06028126033783
heston_shift,2,reference,,5.0,0.18,vol1_band05,1.0,0.17272370193174372,band05,-5.954889094244459,512,2.636368683918305,0.9712069175027066,1.6651617664155982,-1.290411471746744,3.4750048729252327,0.11236951832207293,224.7390366441458
heston_shift,2,reference,,5.0,0.18,vol1_band10,1.0,0.17272370193174372,band10,-5.954889094244459,512,2.6404857909215558,0.9635494251145068,1.6769363658070489,-1.2949657778516963,3.353897699051055,0.09541863201944488,190.83726403888974
heston_shift,2,reference,,5.0,0.18,vol1.25_daily,1.25,0.21590462741467964,daily,-6.619801072295964,512,2.4199283753784204,0.7710654084191195,1.6488629669593005,-1.2840805920810814,3.229180850411565,0.13363791170269107,267.2758234053822
heston_shift,2,reference,,5.0,0.18,vol1.25_every5,1.25,0.21590462741467964,every5,-6.619801072295964,512,3.7163766714457465,2.0669045057324062,1.6494721657133402,-1.284317782214877,4.319868180511214,0.0900594084085041,180.11881681700822
heston_shift,2,reference,,5.0,0.18,vol1.25_band05,1.25,0.21590462741467964,band05,-6.619801072295964,512,2.367112745408258,0.7275240728843986,1.6395886725238593,-1.280464241017241,3.1039519017821773,0.10480340846356298,209.60681692712598
heston_shift,2,reference,,5.0,0.18,vol1.25_band10,1.25,0.21590462741467964,band10,-6.619801072295964,512,2.5291901374122836,0.8740544623286276,1.6551356750836559,-1.2865207635649165,3.1641100867750906,0.08918819405996799,178.37638811993594
heston_shift,2,validation,16,5.0,0.18,vol0.75_daily,0.75,0.1295427764488078,daily,-7.230060377871314,16,0.2523666030340309,0.2507691656356032,0.0015974373984277835,0.03996795464403681,0.9425398210024959,0.13935638477333614,278.71276954667235
heston_shift,2,validation,16,5.0,0.18,vol0.75_every5,0.75,0.1295427764488078,every5,-7.230060377871314,16,0.39164301848771776,0.38940589338355613,0.0022371251041615127,0.04729825688290756,0.733572272663134,0.1016517538361349,203.3035076722698
heston_shift,2,validation,16,5.0,0.18,vol0.75_band05,0.75,0.1295427764488078,band05,-7.230060377871314,16,0.19172477392092407,0.19133647823997246,0.0003882956809515968,0.019705219637233096,0.8414775983354432,0.11103739213010284,222.07478426020566
heston_shift,2,validation,16,5.0,0.18,vol0.75_band10,0.75,0.1295427764488078,band10,-7.230060377871314,16,0.27535521426917997,0.275214704671251,0.0001405095979289496,-0.011853674448412593,0.9330457027892616,0.09544561885574232,190.89123771148465
heston_shift,2,validation,16,5.0,0.18,vol1_daily,1.0,0.17272370193174372,daily,-7.698946159213719,16,0.18056407043849795,0.1802000700969547,0.0003640003415432563,-0.01907879297920223,0.7850266501742129,0.13138721045564622,262.7744209112924
heston_shift,2,validation,16,5.0,0.18,vol1_every5,1.0,0.17272370193174372,every5,-7.698946159213719,16,0.4469702146868982,0.4459099314782422,0.001060283208655913,0.032561990244085404,0.7800741280241502,0.0984752842602375,196.950568520475
heston_shift,2,validation,16,5.0,0.18,vol1_band05,1.0,0.17272370193174372,band05,-7.698946159213719,16,0.21082040766455049,0.2101526527009386,0.0006677549636118846,-0.025840955160595064,0.694118638178488,0.10310117097852935,206.2023419570587
heston_shift,2,validation,16,5.0,0.18,vol1_band10,1.0,0.17272370193174372,band10,-7.698946159213719,16,0.4234595988854896,0.418666613080588,0.00479298580490163,-0.06923139320352892,0.996975502432264,0.08956572077162131,179.13144154324263
heston_shift,2,validation,16,5.0,0.18,vol1.25_daily,1.25,0.21590462741467964,daily,-7.735997593876291,16,0.2384508536040345,0.23420704096083858,0.004243812643195929,-0.06514455190724647,0.7706790135451694,0.12520704287273884,250.41408574547768
heston_shift,2,validation,16,5.0,0.18,vol1.25_every5,1.25,0.21590462741467964,every5,-7.735997593876291,16,0.5380638693444213,0.5379275496002531,0.0001363197441681558,0.011675604659637795,0.9426943685899989,0.09595949359941841,191.91898719883682
heston_shift,2,validation,16,5.0,0.18,vol1.25_band05,1.25,0.21590462741467964,band05,-7.735997593876291,16,0.32038088153299915,0.31673002488532637,0.003650856647672839,-0.06042231911862403,0.7483574053901233,0.09760345063325862,195.20690126651726
heston_shift,2,validation,16,5.0,0.18,vol1.25_band10,1.25,0.21590462741467964,band10,-7.735997593876291,16,0.6232384831654769,0.6105338110622851,0.012704672103191853,-0.11271500389562986,1.15593446689083,0.08566998966761472,171.33997933522943
heston_shift,2,validation,64,5.0,0.18,vol0.75_daily,0.75,0.1295427764488078,daily,-7.256722737920249,64,0.2581768259225543,0.25810490610303694,7.191981951738717e-05,-0.008480555377885765,1.0444735408763879,0.1379060409041205,275.812081808241
heston_shift,2,validation,64,5.0,0.18,vol0.75_every5,0.75,0.1295427764488078,every5,-7.256722737920249,64,0.8772372875391153,0.8695029997116286,0.007734287827486766,-0.08794479988883235,2.034861022720561,0.0975601676585392,195.1203353170784
heston_shift,2,validation,64,5.0,0.18,vol0.75_band05,0.75,0.1295427764488078,band05,-7.256722737920249,64,0.252056049913394,0.25127287144890487,0.000783178464489111,-0.027985325877843747,1.1364207322412123,0.10968040871936474,219.3608174387295
heston_shift,2,validation,64,5.0,0.18,vol0.75_band10,0.75,0.1295427764488078,band10,-7.256722737920249,64,0.3123799878195326,0.3094247065837685,0.0029552812357640673,-0.05436249843195277,1.1878783138899112,0.09433192647946612,188.66385295893224
heston_shift,2,validation,64,5.0,0.18,vol1_daily,1.0,0.17272370193174372,daily,-7.713943736741245,64,0.16888368789475183,0.1677914677197274,0.0010922201750244518,-0.03304875451547988,0.8845529426972278,0.12929819497278572,258.59638994557145
heston_shift,2,validation,64,5.0,0.18,vol1_every5,1.0,0.17272370193174372,every5,-7.713943736741245,64,0.7739970050780415,0.7671681267279704,0.006828878350071055,-0.0826370277180336,1.7874792230867858,0.09424045999576819,188.48091999153635
heston_shift,2,validation,64,5.0,0.18,vol1_band05,1.0,0.17272370193174372,band05,-7.713943736741245,64,0.2332621208183842,0.23098828861636977,0.0022738322020145006,-0.04768471665024865,0.9501492748125824,0.10156868115164752,203.13736230329505
heston_shift,2,validation,64,5.0,0.18,vol1_band10,1.0,0.17272370193174372,band10,-7.713943736741245,64,0.3832063310361452,0.3786072109441835,0.004599120091961725,-0.0678168127528987,1.1401607830764668,0.08788553146193046,175.77106292386094
heston_shift,2,validation,64,5.0,0.18,vol1.25_daily,1.25,0.21590462741467964,daily,-7.745596043493907,64,0.19141678843203522,0.18831913921779378,0.003097649214241423,-0.055656528945321616,0.8301253104603409,0.12239623556123523,244.79247112247043
heston_shift,2,validation,64,5.0,0.18,vol1.25_every5,1.25,0.21590462741467964,every5,-7.745596043493907,64,0.7781156001082787,0.7707740669942712,0.00734153311400755,-0.08568274688645054,1.7019611654472173,0.09154519800328818,183.09039600657638
heston_shift,2,validation,64,5.0,0.18,vol1.25_band05,1.25,0.21590462741467964,band05,-7.745596043493907,64,0.30322655358837963,0.2990846654950716,0.004141888093308009,-0.064357502230183,0.9749862914682144,0.09547111650348025,190.9422330069605
heston_shift,2,validation,64,5.0,0.18,vol1.25_band10,1.25,0.21590462741467964,band10,-7.745596043493907,64,0.5190476433287738,0.5121541318346979,0.006893511494075986,-0.08302717322705853,1.285995839477069,0.08350053612049703,167.00107224099406
heston_shift,2,validation,256,5.0,0.18,vol0.75_daily,0.75,0.1295427764488078,daily,-7.269616359765073,256,0.3522474337736752,0.3469401828404749,0.005307250933200268,-0.07285088148540324,1.3632264286311822,0.13582285250900222,271.64570501800443
heston_shift,2,validation,256,5.0,0.18,vol0.75_every5,0.75,0.1295427764488078,every5,-7.269616359765073,256,0.9388250574242217,0.9292616924290348,0.00956336499518691,-0.09779245878485165,2.148375660710404,0.0926978350499888,185.39567009997762
heston_shift,2,validation,256,5.0,0.18,vol0.75_band05,0.75,0.1295427764488078,band05,-7.269616359765073,256,0.28646581477869093,0.28403378421264525,0.0024320305660456613,-0.04931562192698842,1.2143648853328408,0.10736205263319765,214.7241052663953
heston_shift,2,validation,256,5.0,0.18,vol0.75_band10,0.75,0.1295427764488078,band10,-7.269616359765073,256,0.3056423725951448,0.3028413423385759,0.0028010302565689245,-0.05292476033548876,1.1397204255796798,0.09182765905238238,183.65531810476472
heston_shift,2,validation,256,5.0,0.18,vol1_daily,1.0,0.17272370193174372,daily,-7.721196399028958,256,0.22854649673095156,0.22176750168962248,0.006778995041329081,-0.08233465273704069,1.0955286045766601,0.1268444165377891,253.68883307557823
heston_shift,2,validation,256,5.0,0.18,vol1_every5,1.0,0.17272370193174372,every5,-7.721196399028958,256,0.7979625393496481,0.7905646448030437,0.007397894546604285,-0.08601101410054578,1.8386732758307427,0.08919619220285152,178.39238440570307
heston_shift,2,validation,256,5.0,0.18,vol1_band05,1.0,0.17272370193174372,band05,-7.721196399028958,256,0.24005846114353216,0.23675704373405965,0.0033014174094725297,-0.05745796210685278,1.00685818317261,0.0984971570716139,196.99431414322783
heston_shift,2,validation,256,5.0,0.18,vol1_band10,1.0,0.17272370193174372,band10,-7.721196399028958,256,0.345714309881231,0.34197832541842,0.003735984462810984,-0.061122700061523656,1.0838002173107468,0.08471474059832067,169.42948119664135
heston_shift,2,validation,256,5.0,0.18,vol1.25_daily,1.25,0.21590462741467964,daily,-7.750237747358044,256,0.22358519090223056,0.21576230783026562,0.007822883071964923,-0.08844706367067774,0.9822331533192525,0.11968064116734772,239.36128233469543
heston_shift,2,validation,256,5.0,0.18,vol1.25_every5,1.25,0.21590462741467964,every5,-7.750237747358044,256,0.771747693674413,0.76533661363765,0.006411080036762845,-0.08006922028322022,1.6748399474413456,0.08643637707600664,172.87275415201327
heston_shift,2,validation,256,5.0,0.18,vol1.25_band05,1.25,0.21590462741467964,band05,-7.750237747358044,256,0.29480113785091033,0.2907365225381582,0.00406461531275208,-0.06375433563885738,0.989006321377738,0.09202088347088426,184.04176694176851
heston_shift,2,validation,256,5.0,0.18,vol1.25_band10,1.25,0.21590462741467964,band10,-7.750237747358044,256,0.4678497475340182,0.4634054761692069,0.00444427136481128,-0.06666536855677976,1.2548878489587632,0.07981531957985258,159.63063915970514
heston_shift,2,test,,20.0,0.72,vol0.75_daily,0.75,0.1295427764488078,daily,-4.2530367963470335,128,5.371887160150649,2.318859218444259,3.0530279417063904,-1.7472916017958737,5.156832373105798,0.6071865254153567,303.5932627076784
heston_shift,2,test,,20.0,0.72,vol0.75_every5,0.75,0.1295427764488078,every5,-4.2530367963470335,128,6.680473054206208,4.383976870468585,2.2964961837376237,-1.5154194745144407,6.515287760527295,0.3889684859581576,194.48424297907877
heston_shift,2,test,,20.0,0.72,vol0.75_band05,0.75,0.1295427764488078,band05,-4.2530367963470335,128,4.695149345676626,1.893098214150467,2.802051131526159,-1.6739328336364512,4.758635702774242,0.49486310320653004,247.431551603265
heston_shift,2,test,,20.0,0.72,vol0.75_band10,0.75,0.1295427764488078,band10,-4.2530367963470335,128,4.189971948491543,1.5645349019979877,2.6254370464935546,-1.6203200444645356,4.328010822027282,0.42344976279722846,211.72488139861423
heston_shift,2,test,,20.0,0.72,vol1_daily,1.0,0.17272370193174372,daily,-6.024370394606311,128,4.3717953728386725,1.4801448113859679,2.891650561452705,-1.7004853899556753,4.454150942155837,0.5718251440964905,285.9125720482453
heston_shift,2,test,,20.0,0.72,vol1_every5,1.0,0.17272370193174372,every5,-6.024370394606311,128,6.047723885738296,3.688977335862465,2.358746549875831,-1.535821132123084,6.047404691784883,0.37914806479333396,189.57403239666698
heston_shift,2,test,,20.0,0.72,vol1_band05,1.0,0.17272370193174372,band05,-6.024370394606311,128,3.9450940800474994,1.2890300196797377,2.656064060367761,-1.629743556627165,4.171814565404066,0.45739497938526097,228.69748969263048
heston_shift,2,test,,20.0,0.72,vol1_band10,1.0,0.17272370193174372,band10,-6.024370394606311,128,3.6183609142903146,1.1682456872499598,2.4501152270403543,-1.5652843917449488,3.790799735694271,0.389033620848026,194.516810424013
heston_shift,2,test,,20.0,0.72,vol1.25_daily,1.25,0.21590462741467964,daily,-6.664269104527549,128,3.808299787504632,1.0190172416190553,2.789282545885577,-1.670114530768946,3.9173568828904144,0.5429071828506875,271.4535914253437
heston_shift,2,test,,20.0,0.72,vol1.25_every5,1.25,0.21590462741467964,every5,-6.664269104527549,128,5.626420385421383,3.238133972809555,2.3882864126118277,-1.5454081702294147,5.660838777817686,0.3706175886134826,185.30879430674128
heston_shift,2,test,,20.0,0.72,vol1.25_band05,1.25,0.21590462741467964,band05,-6.664269104527549,128,3.5337640785681854,0.9773104303972265,2.5564536481709585,-1.5988913809796332,3.6671774447232193,0.42818385882679355,214.09192941339677
heston_shift,2,test,,20.0,0.72,vol1.25_band10,1.25,0.21590462741467964,band10,-6.664269104527549,128,3.401012063244716,1.0543432886014996,2.3466687746432164,-1.5318840604442676,3.499854695941955,0.36432339194475977,182.1616959723799
heston_shift,2,reference,,20.0,0.72,vol0.75_daily,0.75,0.1295427764488078,daily,-4.12951448459263,512,5.328494797116363,2.2383620921978977,3.0901327049184655,-1.7578773293146668,4.956420543387061,0.6001980367661719,300.09901838308593
heston_shift,2,reference,,20.0,0.72,vol0.75_every5,0.75,0.1295427764488078,every5,-4.12951448459263,512,5.661809070309123,3.1680312054746738,2.49377786483445,-1.5791699923803169,5.461209024098709,0.38186644924382673,190.93322462191333
heston_shift,2,reference,,20.0,0.72,vol0.75_band05,0.75,0.1295427764488078,band05,-4.12951448459263,512,4.53924542021462,1.739012464268566,2.800232955946054,-1.673389660523231,4.554919836279534,0.489030330934212,244.515165467106
heston_shift,2,reference,,20.0,0.72,vol0.75_band10,0.75,0.1295427764488078,band10,-4.12951448459263,512,4.058263454117979,1.4308279445612326,2.6274355095567468,-1.6209366149102644,4.182087350071209,0.4165235522801338,208.2617761400669
heston_shift,2,reference,,20.0,0.72,vol1_daily,1.0,0.17272370193174372,daily,-5.954889094244459,512,4.321785751769639,1.3759385327829277,2.94584721898671,-1.7163470566836738,4.290634277314786,0.5640894198770515,282.0447099385258
heston_shift,2,reference,,20.0,0.72,vol1_every5,1.0,0.17272370193174372,every5,-5.954889094244459,512,4.976645422712348,2.5246397277855817,2.452005694926766,-1.5658881489195728,4.9996252924058995,0.3701205625206757,185.06028126033783
heston_shift,2,reference,,20.0,0.72,vol1_band05,1.0,0.17272370193174372,band05,-5.954889094244459,512,3.759113471248142,1.1102920338963784,2.648821437351763,-1.6275200267129628,3.9628130975756064,0.4494780732882917,224.7390366441458
heston_shift,2,reference,,20.0,0.72,vol1_band10,1.0,0.17272370193174372,band10,-5.954889094244459,512,3.539446534667128,1.0391845526242882,2.500261982042841,-1.581221673910031,3.7421687044388587,0.3816745280777795,190.83726403888974
heston_shift,2,reference,,20.0,0.72,vol1.25_daily,1.25,0.21590462741467964,daily,-6.619801072295964,512,3.7383833795436816,0.8991774968840494,2.8392058826596314,-1.6849943271891545,3.7894213518681545,0.5345516468107643,267.2758234053822
heston_shift,2,reference,,20.0,0.72,vol1.25_every5,1.25,0.21590462741467964,every5,-6.619801072295964,512,4.555007898021571,2.1385500608734604,2.4164578371481102,-1.554496007440389,4.659113103345455,0.3602376336340164,180.11881681700822
heston_shift,2,reference,,20.0,0.72,vol1.25_band05,1.25,0.21590462741467964,band05,-6.619801072295964,512,3.345026571541682,0.8014020079417021,2.54362456359998,-1.5948744664079302,3.5330332151065034,0.4192136338542519,209.60681692712598
heston_shift,2,reference,,20.0,0.72,vol1.25_band10,1.25,0.21590462741467964,band10,-6.619801072295964,512,3.3247355813672206,0.9095543195084221,2.4151812618587982,-1.5540853457448205,3.4877991985729557,0.35675277623987195,178.37638811993594
heston_shift,2,validation,16,20.0,0.72,vol0.75_daily,0.75,0.1295427764488078,daily,-7.230060377871314,16,0.48921973535513175,0.34625921815872285,0.142960517196409,-0.37810119967597167,1.4950371214027867,0.5574255390933446,278.71276954667235
heston_shift,2,validation,16,20.0,0.72,vol0.75_every5,0.75,0.1295427764488078,every5,-7.230060377871314,16,0.47275644420856294,0.4063693121759795,0.06638713203258341,-0.25765700462549707,1.1141934348714881,0.4066070153445396,203.3035076722698
heston_shift,2,validation,16,20.0,0.72,vol0.75_band05,0.75,0.1295427764488078,band05,-7.230060377871314,16,0.33275366586021027,0.23452974531898618,0.09822392054122407,-0.3134069567530754,1.3065183562241978,0.4441495685204114,222.07478426020566
heston_shift,2,validation,16,20.0,0.72,vol0.75_band10,0.75,0.1295427764488078,band10,-7.230060377871314,16,0.38219086843336547,0.2932732756459764,0.08891759278738907,-0.2981905310156395,1.2981638408771918,0.3817824754229693,190.89123771148465
heston_shift,2,validation,16,20.0,0.72,vol1_daily,1.0,0.17272370193174372,daily,-7.698946159213719,16,0.37611216015475646,0.20534451184097788,0.17076764831377855,-0.41324042434614083,1.2921016700461858,0.5255488418225849,262.7744209112924
heston_shift,2,validation,16,20.0,0.72,vol1_every5,1.0,0.17272370193174372,every5,-7.698946159213719,16,0.5323374957184204,0.46324008549074563,0.06909741022767478,-0.2628638625366271,1.13435037746039,0.39390113704095,196.950568520475
heston_shift,2,validation,16,20.0,0.72,vol1_band05,1.0,0.17272370193174372,band05,-7.698946159213719,16,0.3338826122703727,0.22156079777489918,0.11232181449547349,-0.3351444680961831,1.1092302497710664,0.4124046839141174,206.2023419570587
heston_shift,2,validation,16,20.0,0.72,vol1_band10,1.0,0.17272370193174372,band10,-7.698946159213719,16,0.5442871234053801,0.4300914147706327,0.11419570863474751,-0.33792855551839285,1.3074639912517851,0.35826288308648524,179.13144154324263
heston_shift,2,validation,16,20.0,0.72,vol1.25_daily,1.25,0.21590462741467964,daily,-7.735997593876291,16,0.4232067665899126,0.228932381460838,0.19427438512907452,-0.440765680525463,1.155521916245348,0.5008281714909554,250.41408574547768
heston_shift,2,validation,16,20.0,0.72,vol1.25_every5,1.25,0.21590462741467964,every5,-7.735997593876291,16,0.6333633837832787,0.5570753549960342,0.07628802878724442,-0.2762028761386174,1.262657009678245,0.38383797439767364,191.91898719883682
heston_shift,2,validation,16,20.0,0.72,vol1.25_band05,1.25,0.21590462741467964,band05,-7.735997593876291,16,0.4442080878855324,0.3194347680107393,0.12477331987479312,-0.3532326710183999,1.1088883162272587,0.3904138025330345,195.20690126651726
heston_shift,2,validation,16,20.0,0.72,vol1.25_band10,1.25,0.21590462741467964,band10,-7.735997593876291,16,0.7616181548406045,0.6249215992558271,0.1366965555847773,-0.36972497289847395,1.3687616601929762,0.34267995867045886,171.33997933522943
heston_shift,2,validation,64,20.0,0.72,vol0.75_daily,0.75,0.1295427764488078,daily,-7.256722737920249,64,0.5244834849221267,0.3462317611409744,0.1782517237811523,-0.42219867809024736,1.5835171394793461,0.551624163616482,275.812081808241
heston_shift,2,validation,64,20.0,0.72,vol0.75_every5,0.75,0.1295427764488078,every5,-7.256722737920249,64,1.0317998300009705,0.886924208820316,0.14487562118065425,-0.38062530286444995,2.3491965316842833,0.3902406706341568,195.1203353170784
heston_shift,2,validation,64,20.0,0.72,vol0.75_band05,0.75,0.1295427764488078,band05,-7.256722737920249,64,0.4210066059612239,0.2935386471025535,0.12746795885867038,-0.357026552035938,1.5754390551376811,0.43872163487745897,219.3608174387295
heston_shift,2,validation,64,20.0,0.72,vol0.75_band10,0.75,0.1295427764488078,band10,-7.256722737920249,64,0.43921958052990995,0.3254089728822609,0.11381060764764903,-0.3373582778703511,1.5216388616816099,0.37732770591786446,188.66385295893224
heston_shift,2,validation,64,20.0,0.72,vol1_daily,1.0,0.17272370193174372,daily,-7.713943736741245,64,0.3713592587300527,0.19416596371634204,0.1771932950137106,-0.4209433394338371,1.3745204427541426,0.5171927798911429,258.59638994557145
heston_shift,2,validation,64,20.0,0.72,vol1_every5,1.0,0.17272370193174372,every5,-7.713943736741245,64,0.9060276279588793,0.772540861877899,0.13348676608098006,-0.3653584077053381,2.052666847405012,0.37696183998307276,188.48091999153635
heston_shift,2,validation,64,20.0,0.72,vol1_band05,1.0,0.17272370193174372,band05,-7.713943736741245,64,0.3639433572453864,0.23976410943787194,0.12417924780751442,-0.3523907601051912,1.3423748536207583,0.4062747246065901,203.13736230329505
heston_shift,2,validation,64,20.0,0.72,vol1_band10,1.0,0.17272370193174372,band10,-7.713943736741245,64,0.48983728993238557,0.3799626702922538,0.10987461964013177,-0.33147340713869006,1.409136452888813,0.3515421258477218,175.77106292386094
heston_shift,2,validation,64,20.0,0.72,vol1.25_daily,1.25,0.21590462741467964,daily,-7.745596043493907,64,0.3629334174096531,0.18413532411548555,0.1787980932941676,-0.42284523562902726,1.2226032352727438,0.4895849422449409,244.79247112247043
heston_shift,2,validation,64,20.0,0.72,vol1.25_every5,1.25,0.21590462741467964,every5,-7.745596043493907,64,0.9010105762044786,0.7711812694182054,0.12982930678627314,-0.3603183408963151,1.9610426979547595,0.36618079201315273,183.09039600657638
heston_shift,2,validation,64,20.0,0.72,vol1.25_band05,1.25,0.21590462741467964,band05,-7.745596043493907,64,0.4179609141515066,0.294920723720664,0.12304019043084263,-0.3507708517406237,1.273083654463316,0.381884466013921,190.9422330069605
heston_shift,2,validation,64,20.0,0.72,vol1.25_band10,1.25,0.21590462741467964,band10,-7.745596043493907,64,0.6196746600890664,0.5084332119411241,0.11124144814794241,-0.3335287815885496,1.4846046611011516,0.3340021444819881,167.00107224099406
heston_shift,2,validation,256,20.0,0.72,vol0.75_daily,0.75,0.1295427764488078,daily,-7.269616359765073,256,0.6891765559530942,0.45846979245989805,0.2307067634931962,-0.4803194390124099,1.9433021326312714,0.5432914100360089,271.64570501800443
heston_shift,2,validation,256,20.0,0.72,vol0.75_every5,0.75,0.1295427764488078,every5,-7.269616359765073,256,1.1232473576551933,0.9819570997719862,0.14129025788320734,-0.37588596393481805,2.5004964891040737,0.3707913401999552,185.39567009997762
heston_shift,2,validation,256,20.0,0.72,vol0.75_band05,0.75,0.1295427764488078,band05,-7.269616359765073,256,0.4844225421010361,0.3464832600426836,0.13793928205835237,-0.3714017798265813,1.6766337356455496,0.4294482105327906,214.7241052663953
heston_shift,2,validation,256,20.0,0.72,vol0.75_band10,0.75,0.1295427764488078,band10,-7.269616359765073,256,0.4383858420126731,0.3305341999676411,0.10785164204503202,-0.32840773749263585,1.5033425829202192,0.36731063620952953,183.65531810476472
heston_shift,2,validation,256,20.0,0.72,vol1_daily,1.0,0.17272370193174372,daily,-7.721196399028958,256,0.47747139670626815,0.2632247016800013,0.2142466950262668,-0.462867902350408,1.601667446221265,0.5073776661511564,253.68883307557823
heston_shift,2,validation,256,20.0,0.72,vol1_every5,1.0,0.17272370193174372,every5,-7.721196399028958,256,0.9475217223837229,0.8224890518340797,0.12503267054964326,-0.3535995907091003,2.1612448004774016,0.3567847688114061,178.39238440570307
heston_shift,2,validation,256,20.0,0.72,vol1_band05,1.0,0.17272370193174372,band05,-7.721196399028958,256,0.3802197349958255,0.25564643251372027,0.12457330248210526,-0.3529494333216945,1.3813534440841633,0.3939886282864556,196.99431414322783
heston_shift,2,validation,256,20.0,0.72,vol1_band10,1.0,0.17272370193174372,band10,-7.721196399028958,256,0.44624748378037327,0.34685425176350987,0.09939323201686343,-0.31526692185648564,1.3610470466184696,0.33885896239328267,169.42948119664135
heston_shift,2,validation,256,20.0,0.72,vol1.25_daily,1.25,0.21590462741467964,daily,-7.750237747358044,256,0.42354836095028303,0.22330196730941548,0.20024639364086758,-0.4474889871727209,1.3948595482660904,0.4787225646693909,239.36128233469543
heston_shift,2,validation,256,20.0,0.72,vol1.25_every5,1.25,0.21590462741467964,every5,-7.750237747358044,256,0.9022695956240061,0.7870919301495194,0.11517766547448686,-0.33937835151124013,1.9702626830397667,0.34574550830402656,172.87275415201327
heston_shift,2,validation,256,20.0,0.72,vol1.25_band05,1.25,0.21590462741467964,band05,-7.750237747358044,256,0.40772829710089237,0.2922527130917601,0.11547558400913226,-0.3398169860515102,1.2843930836231454,0.36808353388353704,184.04176694176851
heston_shift,2,validation,256,20.0,0.72,vol1.25_band10,1.25,0.21590462741467964,band10,-7.750237747358044,256,0.5564726273354828,0.46276848263635734,0.09370414469912546,-0.3061113272963375,1.4791769237703953,0.3192612783194103,159.63063915970514
jump_shift,0,test,,5.0,0.18,vol0.75_daily,0.75,0.10355551020391884,daily,-3.9597453881601066,128,4.689591960590182,4.166889709694548,0.5227022508956332,-0.7229815010742897,5.714288892794788,0.14337829567732707,286.7565913546542
jump_shift,0,test,,5.0,0.18,vol0.75_every5,0.75,0.10355551020391884,every5,-3.9597453881601066,128,5.296884212512701,4.94987507871668,0.3470091337960198,-0.5890748117141148,5.773121384228606,0.0954280064839423,190.85601296788462
jump_shift,0,test,,5.0,0.18,vol0.75_band05,0.75,0.10355551020391884,band05,-3.9597453881601066,128,4.136014644564083,3.6569598761113618,0.4790547684527205,-0.6921378247522096,5.329255794903481,0.11645560016398887,232.91120032797775
jump_shift,0,test,,5.0,0.18,vol0.75_band10,0.75,0.10355551020391884,band10,-3.9597453881601066,128,3.698654597276503,3.278813719612308,0.4198408776641935,-0.6479512926634173,4.906694348961476,0.09969800023933606,199.39600047867214
jump_shift,0,test,,5.0,0.18,vol1_daily,1.0,0.13807401360522512,daily,-6.055309406353365,128,4.470779544876894,3.966840463755641,0.5039390811212523,-0.7098866678007499,5.633119057407613,0.1341643404069321,268.32868081386414
jump_shift,0,test,,5.0,0.18,vol1_every5,1.0,0.13807401360522512,every5,-6.055309406353365,128,5.031465437695041,4.678028799066514,0.35343663862852687,-0.5945053730863388,5.614157809797503,0.09207988001797274,184.15976003594548
jump_shift,0,test,,5.0,0.18,vol1_band05,1.0,0.13807401360522512,band05,-6.055309406353365,128,4.000040622124201,3.5347076964466373,0.46533292567756335,-0.6821531541212452,5.216563027671955,0.10707973837419965,214.15947674839924
jump_shift,0,test,,5.0,0.18,vol1_band10,1.0,0.13807401360522512,band10,-6.055309406353365,128,3.600638697126395,3.1993015214621496,0.4013371756642455,-0.6335117802095281,4.76055473458123,0.09165008361497906,183.3001672299581
jump_shift,0,test,,5.0,0.18,vol1.25_daily,1.25,0.1725925170065314,daily,-6.845280482072617,128,4.3315582750368895,3.84309569175364,0.48846258328325043,-0.6989009824597834,5.559663820092399,0.12677739304210928,253.55478608421856
jump_shift,0,test,,5.0,0.18,vol1.25_every5,1.25,0.1725925170065314,every5,-6.845280482072617,128,4.77345498977712,4.421204172427556,0.35225081734956304,-0.5935072176052816,5.452770680846958,0.08934413330932747,178.68826661865495
jump_shift,0,test,,5.0,0.18,vol1.25_band05,1.25,0.1725925170065314,band05,-6.845280482072617,128,3.917720573779098,3.4649921645641717,0.45272840921492663,-0.6728509561670598,5.121497595896754,0.09989905597539084,199.79811195078167
jump_shift,0,test,,5.0,0.18,vol1.25_band10,1.25,0.1725925170065314,band10,-6.845280482072617,128,3.586813003101822,3.1952117173860177,0.3916012857158051,-0.6257805411770209,4.702663481687296,0.08590991818875267,171.8198363775054
jump_shift,0,reference,,5.0,0.18,vol0.75_daily,0.75,0.10355551020391884,daily,-1.8178704509755672,512,9.49432941910796,8.395985780240569,1.0983436388673924,-1.048018911502742,8.126908719148316,0.14463154454563654,289.26308909127306
jump_shift,0,reference,,5.0,0.18,vol0.75_every5,0.75,0.10355551020391884,every5,-1.8178704509755672,512,9.579480387948923,8.551708933408015,1.0277714545409082,-1.013790636443693,7.9424382121282235,0.09663088307614742,193.26176615229485
jump_shift,0,reference,,5.0,0.18,vol0.75_band05,0.75,0.10355551020391884,band05,-1.8178704509755672,512,8.588109253830597,7.58154619069587,1.0065630631347282,-1.0032761649390103,7.756505332899842,0.11687665887582861,233.75331775165725
jump_shift,0,reference,,5.0,0.18,vol0.75_band10,0.75,0.10355551020391884,band10,-1.8178704509755672,512,7.661046465644473,6.74035289171287,0.9206935739316026,-0.9595277869512704,7.299016815219901,0.09997042714595014,199.94085429190028
jump_shift,0,reference,,5.0,0.18,vol1_daily,1.0,0.13807401360522512,daily,-4.850504754187061,512,8.373719852385156,7.319608658033205,1.0541111943519519,-1.026699174223858,7.751343503962186,0.13625023903070538,272.50047806141083
jump_shift,0,reference,,5.0,0.18,vol1_every5,1.0,0.13807401360522512,every5,-4.850504754187061,512,8.462690871286433,7.484480423255953,0.9782104480304791,-0.9890452204173877,7.51520115200701,0.09377370928410646,187.5474185682129
jump_shift,0,reference,,5.0,0.18,vol1_band05,1.0,0.13807401360522512,band05,-4.850504754187061,512,7.665822080912217,6.704986997462533,0.9608350834496847,-0.9802219562168992,7.40211660623623,0.10786168919789818,215.72337839579637
jump_shift,0,reference,,5.0,0.18,vol1_band10,1.0,0.13807401360522512,band10,-4.850504754187061,512,6.970673890794165,6.0794724575727805,0.8912014332213845,-0.9440346567904085,7.0312976050032185,0.09231735482711696,184.63470965423392
jump_shift,0,reference,,5.0,0.18,vol1.25_daily,1.25,0.1725925170065314,daily,-6.074205504686183,512,7.604361261288198,6.590274583056683,1.0140866782315139,-1.0070187079848685,7.450124282774272,0.12940354523184522,258.80709046369054
jump_shift,0,reference,,5.0,0.18,vol1.25_every5,1.25,0.1725925170065314,every5,-6.074205504686183,512,7.704253712280241,6.77110063411483,0.933153078165411,-0.9659984876620724,7.191055815020972,0.09134044376003912,182.68088752007824
jump_shift,0,reference,,5.0,0.18,vol1.25_band05,1.25,0.1725925170065314,band05,-6.074205504686183,512,7.015136483573652,6.092204659943384,0.9229318236302679,-0.96069340771667,7.138052750059597,0.10110984633735517,202.2196926747103
jump_shift,0,reference,,5.0,0.18,vol1.25_band10,1.25,0.1725925170065314,band10,-6.074205504686183,512,6.522342162162376,5.6636345632266405,0.8587075989357362,-0.9266647716060734,6.826023967665664,0.0869198534236923,173.8397068473846
jump_shift,0,validation,16,5.0,0.18,vol0.75_daily,0.75,0.10355551020391884,daily,-6.663165213953324,16,0.35812258862141605,0.3578732427211052,0.0002493459003108241,-0.015790690305076092,1.1131406343632686,0.14647379720264433,292.94759440528867
jump_shift,0,validation,16,5.0,0.18,vol0.75_every5,0.75,0.10355551020391884,every5,-6.663165213953324,16,1.2443568548586819,1.236543820212887,0.007813034645795013,0.08839137200991402,2.5554601594870165,0.09433063621646846,188.66127243293693
jump_shift,0,validation,16,5.0,0.18,vol0.75_band05,0.75,0.10355551020391884,band05,-6.663165213953324,16,0.2179367409291549,0.21769619735241663,0.00024054357673825654,0.015509467326064313,0.8875128866126066,0.11653348074349576,233.06696148699154
jump_shift,0,validation,16,5.0,0.18,vol0.75_band10,0.75,0.10355551020391884,band10,-6.663165213953324,16,0.29948176985634317,0.29679637397827807,0.0026853958780651103,0.05182080545558039,1.0075424866534222,0.09826438863438951,196.528777268779
jump_shift,0,validation,16,5.0,0.18,vol1_daily,1.0,0.13807401360522512,daily,-7.575983058362049,16,0.22222078135177833,0.22209377842720338,0.00012700292457496016,0.011269557425869046,0.9455879552520473,0.13640542849834858,272.8108569966971
jump_shift,0,validation,16,5.0,0.18,vol1_every5,1.0,0.13807401360522512,every5,-7.575983058362049,16,1.0555232506138745,1.0548175718920674,0.0007056787218073144,0.02656461409106698,2.411209554319999,0.09233603139365193,184.67206278730384
jump_shift,0,validation,16,5.0,0.18,vol1_band05,1.0,0.13807401360522512,band05,-7.575983058362049,16,0.18905204384960317,0.1882741804567027,0.0007778633929004882,0.027890202453558638,0.7719102659826803,0.10670808154707688,213.41616309415377
jump_shift,0,validation,16,5.0,0.18,vol1_band10,1.0,0.13807401360522512,band10,-7.575983058362049,16,0.40136446390158087,0.3957372800071639,0.0056271838944169554,0.07501455788323327,1.270427948129509,0.09000476159830821,180.00952319661639
jump_shift,0,validation,16,5.0,0.18,vol1.25_daily,1.25,0.1725925170065314,daily,-7.818511619358175,16,0.16826492366375637,0.16786980721317815,0.00039511645057819264,0.01987753633069734,0.8697446672212097,0.12862754476203275,257.2550895240655
jump_shift,0,validation,16,5.0,0.18,vol1.25_every5,1.25,0.1725925170065314,every5,-7.818511619358175,16,0.947267693088401,0.9471680604906765,9.963259772466135e-05,-0.009981612982111726,2.348247809272137,0.0906669751174207,181.3339502348414
jump_shift,0,validation,16,5.0,0.18,vol1.25_band05,1.25,0.1725925170065314,band05,-7.818511619358175,16,0.2248452257817085,0.22399190043031975,0.0008533253513887665,0.02921173311169275,0.8884148663133015,0.0997512850600363,199.50257012007262
jump_shift,0,validation,16,5.0,0.18,vol1.25_band10,1.25,0.1725925170065314,band10,-7.818511619358175,16,0.5345647477120311,0.5291100552830084,0.005454692429022761,0.07385588960281204,1.536876861565209,0.08481952753655544,169.63905507311088
jump_shift,0,validation,64,5.0,0.18,vol0.75_daily,0.75,0.10355551020391884,daily,-6.560383595742133,64,0.46027010509761684,0.45921686816691965,0.0010532369306971605,0.0324536119822919,1.293925200210599,0.14182774816229554,283.6554963245911
jump_shift,0,validation,64,5.0,0.18,vol0.75_every5,0.75,0.10355551020391884,every5,-6.560383595742133,64,0.8764833862855896,0.8763050181477772,0.00017836813781244257,-0.013355453485840253,1.9533165123465561,0.09353000334698863,187.06000669397727
jump_shift,0,validation,64,5.0,0.18,vol0.75_band05,0.75,0.10355551020391884,band05,-6.560383595742133,64,0.3574090902098007,0.3573788943856088,3.0195824191932545e-05,-0.005495072719439893,1.2000045118157148,0.11446173936087331,228.92347872174662
jump_shift,0,validation,64,5.0,0.18,vol0.75_band10,0.75,0.10355551020391884,band10,-6.560383595742133,64,0.3629075328297824,0.36208292946189174,0.0008246033678906815,-0.02871590792384391,1.258533957672199,0.09795730873305246,195.91461746610491
jump_shift,0,validation,64,5.0,0.18,vol1_daily,1.0,0.13807401360522512,daily,-7.518168398118255,64,0.25638827696936467,0.2548445491845326,0.001543727784832072,0.039290301409280026,0.9658114985973514,0.13261114409081812,265.22228818163626
jump_shift,0,validation,64,5.0,0.18,vol1_every5,1.0,0.13807401360522512,every5,-7.518168398118255,64,0.7786105340425524,0.7773221346922192,0.0012883993503332442,-0.035894280189652,1.7564067199868025,0.09074633900778867,181.49267801557735
jump_shift,0,validation,64,5.0,0.18,vol1_band05,1.0,0.13807401360522512,band05,-7.518168398118255,64,0.24686244016829934,0.24686235014731958,9.00209797831355e-08,-0.0003000349642677258,0.9520485270802539,0.10500267368875456,210.0053473775091
jump_shift,0,validation,64,5.0,0.18,vol1_band10,1.0,0.13807401360522512,band10,-7.518168398118255,64,0.3603529591299508,0.35989024934248687,0.0004627097874639465,-0.02151069007409912,1.2006460478572138,0.08971091696821147,179.42183393642293
jump_shift,0,validation,64,5.0,0.18,vol1.25_daily,1.25,0.1725925170065314,daily,-7.781510236802147,64,0.18117821920195498,0.17986930302204604,0.0013089161799089376,0.036178946639018356,0.7866688999736301,0.12531104509114346,250.62209018228694
jump_shift,0,validation,64,5.0,0.18,vol1.25_every5,1.25,0.1725925170065314,every5,-7.781510236802147,64,0.7790349726907172,0.7759420920997907,0.0030928805909263787,-0.05561367269769529,1.7374937457914763,0.08848967465873572,176.97934931747145
jump_shift,0,validation,64,5.0,0.18,vol1.25_band05,1.25,0.1725925170065314,band05,-7.781510236802147,64,0.2460665969463126,0.24605991409183647,6.682854476151749e-06,-0.0025851217526746684,0.8736744907868312,0.09809567747591143,196.19135495182286
jump_shift,0,validation,64,5.0,0.18,vol1.25_band10,1.25,0.1725925170065314,band10,-7.781510236802147,64,0.45071011000282374,0.4499130343138796,0.0007970756889441056,-0.02823252891513804,1.3772068725440358,0.08429730553771472,168.59461107542944
jump_shift,0,validation,256,5.0,0.18,vol0.75_daily,0.75,0.10355551020391884,daily,-6.3386382629171525,256,0.6909083481629738,0.6743833649346315,0.01652498322834232,-0.12854953608762001,1.9173653392365648,0.14430774079908443,288.6154815981689
jump_shift,0,validation,256,5.0,0.18,vol0.75_every5,0.75,0.10355551020391884,every5,-6.3386382629171525,256,1.4513836194821867,1.4415662062739596,0.009817413208227101,-0.09908286031512767,2.7669228978062113,0.09427051544651707,188.54103089303413
jump_shift,0,validation,256,5.0,0.18,vol0.75_band05,0.75,0.10355551020391884,band05,-6.3386382629171525,256,0.5592312487428104,0.5488004545341634,0.010430794208646975,-0.10213125970361364,1.6783748030493377,0.11579881872259612,231.59763744519222
jump_shift,0,validation,256,5.0,0.18,vol0.75_band10,0.75,0.10355551020391884,band10,-6.3386382629171525,256,0.5067671826002778,0.49865837351066006,0.008108809089617683,-0.0900489260880866,1.5429902584602133,0.09874619498315476,197.49238996630953
jump_shift,0,validation,256,5.0,0.18,vol1_daily,1.0,0.13807401360522512,daily,-7.393436648404204,256,0.43805294900617914,0.42396602718065285,0.014086921825526314,-0.11868833904611824,1.5126672647258481,0.13561324288282822,271.22648576565643
jump_shift,0,validation,256,5.0,0.18,vol1_every5,1.0,0.13807401360522512,every5,-7.393436648404204,256,1.1928064452011742,1.183240494971126,0.009565950230048406,-0.09780567585804213,2.452276842024631,0.09137827100220161,182.75654200440323
jump_shift,0,validation,256,5.0,0.18,vol1_band05,1.0,0.13807401360522512,band05,-7.393436648404204,256,0.3892426487679209,0.380224146567019,0.009018502200901923,-0.09496579489954224,1.35264570705776,0.10659107055854045,213.1821411170809
jump_shift,0,validation,256,5.0,0.18,vol1_band10,1.0,0.13807401360522512,band10,-7.393436648404204,256,0.4335422078842458,0.4271196824362102,0.006422525448035621,-0.08014066039181122,1.3902377490492632,0.09085960607064338,181.71921214128673
jump_shift,0,validation,256,5.0,0.18,vol1.25_daily,1.25,0.1725925170065314,daily,-7.701681916985153,256,0.32285746274376526,0.31115640669645395,0.01170105604731138,-0.10817141973419495,1.25198530462335,0.12838608270352475,256.7721654070495
jump_shift,0,validation,256,5.0,0.18,vol1.25_every5,1.25,0.1725925170065314,every5,-7.701681916985153,256,1.0531023055556816,1.0443591653077346,0.008743140247946656,-0.09350476056301442,2.2249885182984395,0.0889490392906394,177.8980785812788
jump_shift,0,validation,256,5.0,0.18,vol1.25_band05,1.25,0.1725925170065314,band05,-7.701681916985153,256,0.3382820770606864,0.3309066773132804,0.007375399747406026,-0.08588014757443088,1.176419810197528,0.09958440254447219,199.16880508894437
jump_shift,0,validation,256,5.0,0.18,vol1.25_band10,1.25,0.1725925170065314,band10,-7.701681916985153,256,0.45371326633981485,0.44882657771988244,0.004886688619932366,-0.0699048540512915,1.3647621386387856,0.08529042528691957,170.58085057383914
jump_shift,0,test,,20.0,0.72,vol0.75_daily,0.75,0.10355551020391884,daily,-3.9597453881601066,128,5.595023637293228,4.265346232773976,1.329677404519252,-1.153116388106271,6.160485232728561,0.5735131827093083,286.7565913546542
jump_shift,0,test,,20.0,0.72,vol0.75_every5,0.75,0.10355551020391884,every5,-3.9597453881601066,128,5.825476040343879,5.059222957043676,0.7662530833002037,-0.8753588311659417,6.135984401278485,0.3817120259357692,190.85601296788462
jump_shift,0,test,,20.0,0.72,vol0.75_band05,0.75,0.10355551020391884,band05,-3.9597453881601066,128,4.819933412909172,3.735201528504161,1.0847318844050124,-1.0415046252441764,5.697362127682123,0.4658224006559555,232.91120032797775
jump_shift,0,test,,20.0,0.72,vol0.75_band10,0.75,0.10355551020391884,band10,-3.9597453881601066,128,4.230718709925639,3.333823922209729,0.8968947877159104,-0.9470452933814255,5.238916316190714,0.39879200095734424,199.39600047867214
jump_shift,0,test,,20.0,0.72,vol1_daily,1.0,0.13807401360522512,daily,-6.055309406353365,128,5.253926339440822,4.0165377668931495,1.237388572547672,-1.1123796890215463,6.051039262012629,0.5366573616277284,268.32868081386414
jump_shift,0,test,,20.0,0.72,vol1_every5,1.0,0.13807401360522512,every5,-6.055309406353365,128,5.5219396817104585,4.763742803801832,0.7581968779086263,-0.870745013140257,5.934359438856823,0.36831952007189095,184.15976003594548
jump_shift,0,test,,20.0,0.72,vol1_band05,1.0,0.13807401360522512,band05,-6.055309406353365,128,4.589264473573429,3.5824682269166557,1.006796246656775,-1.0033923692438442,5.566853405920932,0.4283189534967986,214.15947674839924
jump_shift,0,test,,20.0,0.72,vol1_band10,1.0,0.13807401360522512,band10,-6.055309406353365,128,4.06507389931487,3.2397706374472652,0.8253032618676043,-0.9084620310544653,5.046016380172627,0.36660033445991624,183.3001672299581
jump_shift,0,test,,20.0,0.72,vol1.25_daily,1.25,0.1725925170065314,daily,-6.845280482072617,128,5.0333477482593185,3.8686035311921656,1.164744217067153,-1.079233161586111,5.950751525701939,0.5071095721684371,253.55478608421856
jump_shift,0,test,,20.0,0.72,vol1.25_every5,1.25,0.1725925170065314,every5,-6.845280482072617,128,5.233252589187478,4.491002076608115,0.7422505125793627,-0.8615396175332639,5.733323503125745,0.3573765332373099,178.68826661865495
jump_shift,0,test,,20.0,0.72,vol1.25_band05,1.25,0.1725925170065314,band05,-6.845280482072617,128,4.444520934555809,3.498671080878544,0.945849853677265,-0.9725481240932322,5.430253225322337,0.39959622390156335,199.79811195078167
jump_shift,0,test,,20.0,0.72,vol1.25_band10,1.25,0.1725925170065314,band10,-6.845280482072617,128,4.011548186395442,3.2309577437110653,0.7805904426843763,-0.883510295743279,4.946012556036424,0.34363967275501067,171.8198363775054
jump_shift,0,reference,,20.0,0.72,vol0.75_daily,0.75,0.10355551020391884,daily,-1.8178704509755672,512,10.707910051141186,8.511842295872816,2.19606775526837,-1.4819135451396515,8.559320850276663,0.5785261781825461,289.26308909127306
jump_shift,0,reference,,20.0,0.72,vol0.75_every5,0.75,0.10355551020391884,every5,-1.8178704509755672,512,10.336618508429481,8.637028399088589,1.699590109340894,-1.3036832856721352,8.246543156704389,0.3865235323045897,193.26176615229485
jump_shift,0,reference,,20.0,0.72,vol0.75_band05,0.75,0.10355551020391884,band05,-1.8178704509755672,512,9.499543642049105,7.6664818018776275,1.833061840171477,-1.3539061415664961,8.106960668052277,0.46750663550331445,233.75331775165725
jump_shift,0,reference,,20.0,0.72,vol0.75_band10,0.75,0.10355551020391884,band10,-1.8178704509755672,512,8.375675994497845,6.7894892275129894,1.586186766984857,-1.259439068389121,7.603071971349521,0.39988170858380057,199.94085429190028
jump_shift,0,reference,,20.0,0.72,vol1_daily,1.0,0.13807401360522512,daily,-4.850504754187061,512,9.413534719704902,7.353018329225858,2.0605163904790427,-1.4354498913159743,8.135792509284741,0.5450009561228215,272.50047806141083
jump_shift,0,reference,,20.0,0.72,vol1_every5,1.0,0.13807401360522512,every5,-4.850504754187061,512,9.149856146841838,7.536025488025727,1.6138306588161104,-1.270366348269707,7.798871433552846,0.37509483713642583,187.5474185682129
jump_shift,0,reference,,20.0,0.72,vol1_band05,1.0,0.13807401360522512,band05,-4.850504754187061,512,8.43445904220346,6.734546286865623,1.6999127553378386,-1.3038070238105939,7.719502220656158,0.4314467567915927,215.72337839579637
jump_shift,0,reference,,20.0,0.72,vol1_band10,1.0,0.13807401360522512,band10,-4.850504754187061,512,7.58482961061844,6.09402103709648,1.4908085735219614,-1.2209867212717596,7.294962846287013,0.36926941930846785,184.63470965423392
jump_shift,0,reference,,20.0,0.72,vol1.25_daily,1.25,0.1725925170065314,daily,-6.074205504686183,512,8.525215350797053,6.578550429330201,1.946664921466852,-1.3952293436804044,7.807551455130389,0.5176141809273809,258.80709046369054
jump_shift,0,reference,,20.0,0.72,vol1.25_every5,1.25,0.1725925170065314,every5,-6.074205504686183,512,8.339989893186004,6.8023407418165815,1.5376491513694213,-1.2400198189421898,7.454417845653658,0.3653617750401565,182.68088752007824
jump_shift,0,reference,,20.0,0.72,vol1.25_band05,1.25,0.1725925170065314,band05,-6.074205504686183,512,7.691052548236961,6.093298538380164,1.597754009856796,-1.2640229467287356,7.420158314672405,0.4044393853494207,202.2196926747103
jump_shift,0,reference,,20.0,0.72,vol1.25_band10,1.25,0.1725925170065314,band10,-6.074205504686183,512,7.073871360502473,5.663894816568575,1.4099765439338967,-1.1874243318771502,7.068510304479882,0.3476794136947692,173.8397068473846
jump_shift,0,validation,16,20.0,0.72,vol0.75_daily,0.75,0.10355551020391884,daily,-6.663165213953324,16,0.6496488653682525,0.4424308258486763,0.20721803951957615,-0.45521208191300916,1.6039755561635134,0.5858951888105773,292.94759440528867
jump_shift,0,validation,16,20.0,0.72,vol0.75_every5,0.75,0.10355551020391884,every5,-6.663165213953324,16,1.3429403720116966,1.3050710031513186,0.03786936886037803,-0.1946005366394914,2.891999253012445,0.37732254486587385,188.66127243293693
jump_shift,0,validation,16,20.0,0.72,vol0.75_band05,0.75,0.10355551020391884,band05,-6.663165213953324,16,0.3669944646514953,0.2553776851389076,0.11161677951258778,-0.33409097490442297,1.2896383541957013,0.46613392297398304,233.06696148699154
jump_shift,0,validation,16,20.0,0.72,vol0.75_band10,0.75,0.10355551020391884,band10,-6.663165213953324,16,0.37690408501703876,0.31786851707556607,0.0590355679414727,-0.24297236044758816,1.3176036138759195,0.39305755453755803,196.528777268779
jump_shift,0,validation,16,20.0,0.72,vol1_daily,1.0,0.13807401360522512,daily,-7.575983058362049,16,0.4187422823327792,0.260380683951816,0.15836159838096325,-0.3979467280691767,1.371200847494474,0.5456217139933943,272.8108569966971
jump_shift,0,validation,16,20.0,0.72,vol1_every5,1.0,0.13807401360522512,every5,-7.575983058362049,16,1.172842215216901,1.1101202784973665,0.06272193671953454,-0.2504434800898888,2.7198880957835354,0.3693441255746077,184.67206278730384
jump_shift,0,validation,16,20.0,0.72,vol1_band05,1.0,0.13807401360522512,band05,-7.575983058362049,16,0.2866222501956839,0.20122151478233782,0.08540073541334607,-0.292234042187672,1.0888521853672877,0.4268323261883075,213.41616309415377
jump_shift,0,validation,16,20.0,0.72,vol1_band10,1.0,0.13807401360522512,band10,-7.575983058362049,16,0.44364343709589793,0.4056185436002637,0.03802489349563421,-0.19499972691169137,1.5668455526543787,0.36001904639323284,180.00952319661639
jump_shift,0,validation,16,20.0,0.72,vol1.25_daily,1.25,0.1725925170065314,daily,-7.818511619358175,16,0.31846661942026866,0.18450688769092602,0.13395973172934264,-0.3660050979554009,1.2725455055431165,0.514510179048131,257.2550895240655
jump_shift,0,validation,16,20.0,0.72,vol1.25_every5,1.25,0.1725925170065314,every5,-7.818511619358175,16,1.0734460799763632,0.9939319280508665,0.0795141519254966,-0.2819825383343738,2.6524402624246752,0.3626679004696828,181.3339502348414
jump_shift,0,validation,16,20.0,0.72,vol1.25_band05,1.25,0.1725925170065314,band05,-7.818511619358175,16,0.3020131525766226,0.22909040488540916,0.07292274769121337,-0.27004212206841616,1.1998221571722643,0.3990051402401452,199.50257012007262
jump_shift,0,validation,16,20.0,0.72,vol1.25_band10,1.25,0.1725925170065314,band10,-7.818511619358175,16,0.5744442448085716,0.5418269120872435,0.03261733272132804,-0.18060269300685425,1.833693939723415,0.3392781101462218,169.63905507311088
jump_shift,0,validation,64,20.0,0.72,vol0.75_daily,0.75,0.10355551020391884,daily,-6.560383595742133,64,0.791023304082414,0.6365510120557171,0.15447229202669677,-0.3930296325045947,1.8995900983492433,0.5673109926491822,283.6554963245911
jump_shift,0,validation,64,20.0,0.72,vol0.75_every5,0.75,0.10355551020391884,every5,-6.560383595742133,64,1.0296952831942658,0.9432913476662768,0.08640393552798893,-0.29394546352680617,2.3045377326351577,0.37412001338795453,187.06000669397727
jump_shift,0,validation,64,20.0,0.72,vol0.75_band05,0.75,0.10355551020391884,band05,-6.560383595742133,64,0.5852075103705027,0.46349005306037283,0.1217174573101298,-0.3488802908020598,1.7029689225676208,0.45784695744349324,228.92347872174662
jump_shift,0,validation,64,20.0,0.72,vol0.75_band10,0.75,0.10355551020391884,band10,-6.560383595742133,64,0.5194413125238153,0.41537840179964625,0.104062910724169,-0.3225878341230013,1.6356885753682182,0.39182923493220984,195.91461746610491
jump_shift,0,validation,64,20.0,0.72,vol1_daily,1.0,0.13807401360522512,daily,-7.518168398118255,64,0.4759933551642347,0.34744017847506725,0.12855317668916738,-0.35854313086317435,1.5019402051454684,0.5304445763632725,265.22228818163626
jump_shift,0,validation,64,20.0,0.72,vol1_every5,1.0,0.13807401360522512,every5,-7.518168398118255,64,0.9208716917199374,0.8259255628685713,0.09494612885136614,-0.3081332972130181,2.076228530749738,0.36298535603115467,181.49267801557735
jump_shift,0,validation,64,20.0,0.72,vol1_band05,1.0,0.13807401360522512,band05,-7.518168398118255,64,0.3971832834187898,0.2977641132210371,0.0994191701977527,-0.31530805603053136,1.3628035997330963,0.42001069475501823,210.0053473775091
jump_shift,0,validation,64,20.0,0.72,vol1_band10,1.0,0.13807401360522512,band10,-7.518168398118255,64,0.46732651419683147,0.3828529044128729,0.08447360978395856,-0.2906434409787335,1.4776568120521947,0.3588436678728459,179.42183393642293
jump_shift,0,validation,64,20.0,0.72,vol1.25_daily,1.25,0.1725925170065314,daily,-7.781510236802147,64,0.341396814052508,0.22596390535788036,0.11543290869462763,-0.33975418863441204,1.2619720616043206,0.5012441803645739,250.62209018228694
jump_shift,0,validation,64,20.0,0.72,vol1.25_every5,1.25,0.1725925170065314,every5,-7.781510236802147,64,0.9157960322166971,0.8127019341133119,0.1030940981033852,-0.3210826966739024,2.0192149049270345,0.3539586986349429,176.97934931747145
jump_shift,0,validation,64,20.0,0.72,vol1.25_band05,1.25,0.1725925170065314,band05,-7.781510236802147,64,0.3583201338358494,0.27018705790813285,0.0881330759277165,-0.29687215418040896,1.2027200468808423,0.3923827099036457,196.19135495182286
jump_shift,0,validation,64,20.0,0.72,vol1.25_band10,1.25,0.1725925170065314,band10,-7.781510236802147,64,0.5424949445753258,0.4634639907017416,0.07903095387358407,-0.28112444552828214,1.6179026125604639,0.3371892221508589,168.59461107542944
jump_shift,0,validation,256,20.0,0.72,vol0.75_daily,0.75,0.10355551020391884,daily,-6.3386382629171525,256,1.1869772401231358,0.871725581602523,0.31525165852061277,-0.5614727584848732,2.5682683660989065,0.5772309631963377,288.6154815981689
jump_shift,0,validation,256,20.0,0.72,vol0.75_every5,0.75,0.10355551020391884,every5,-6.3386382629171525,256,1.6844231940037253,1.5385798561695962,0.14584333783412926,-0.3818944066546789,3.129407744577974,0.3770820617860683,188.54103089303413
jump_shift,0,validation,256,20.0,0.72,vol0.75_band05,0.75,0.10355551020391884,band05,-6.3386382629171525,256,0.8820465879939792,0.6799714206574193,0.20207516733655986,-0.44952771587140194,2.1999095425335313,0.4631952748903845,231.59763744519222
jump_shift,0,validation,256,20.0,0.72,vol0.75_band10,0.75,0.10355551020391884,band10,-6.3386382629171525,256,0.7302835992826064,0.5810655580990205,0.149218041183586,-0.3862875110375509,1.9697060715713035,0.39498477993261905,197.49238996630953
jump_shift,0,validation,256,20.0,0.72,vol1_daily,1.0,0.13807401360522512,daily,-7.393436648404204,256,0.8067671635558302,0.530587413621007,0.27617974993482314,-0.5255280676946029,2.075319062957209,0.5424529715313129,271.22648576565643
jump_shift,0,validation,256,20.0,0.72,vol1_every5,1.0,0.13807401360522512,every5,-7.393436648404204,256,1.3917924738163698,1.2534527465594973,0.13833972725687255,-0.3719404888646469,2.797902843896909,0.36551308400880644,182.75654200440323
jump_shift,0,validation,256,20.0,0.72,vol1_band05,1.0,0.13807401360522512,band05,-7.393436648404204,256,0.6195367752210115,0.44752833164605793,0.1720084435749536,-0.4147390065751636,1.7899223971705072,0.4263642822341618,213.1821411170809
jump_shift,0,validation,256,20.0,0.72,vol1_band10,1.0,0.13807401360522512,band10,-7.393436648404204,256,0.5927514469453177,0.4683404163588226,0.12441103058649516,-0.35271947860374137,1.7231212749112852,0.3634384242825735,181.71921214128673
jump_shift,0,validation,256,20.0,0.72,vol1.25_daily,1.25,0.1725925170065314,daily,-7.701681916985153,256,0.6111356701096684,0.3677615089338381,0.24337416117583033,-0.4933296678447692,1.7419472341368234,0.513544330814099,256.7721654070495
jump_shift,0,validation,256,20.0,0.72,vol1.25_every5,1.25,0.1725925170065314,every5,-7.701681916985153,256,1.2281669528321308,1.0983134765405465,0.12985347629158447,-0.36035187843493266,2.5480836735325174,0.3557961571625576,177.8980785812788
jump_shift,0,validation,256,20.0,0.72,vol1.25_band05,1.25,0.1725925170065314,band05,-7.701681916985153,256,0.5142838422379266,0.3663410242994804,0.14794281793844613,-0.3846333552078474,1.5464931206637051,0.39833761017788877,199.16880508894437
jump_shift,0,validation,256,20.0,0.72,vol1.25_band10,1.25,0.1725925170065314,band10,-7.701681916985153,256,0.5786002166705289,0.47247012985005576,0.106130086820473,-0.3257761299120502,1.6609226606699745,0.3411617011476783,170.58085057383914
jump_shift,1,test,,5.0,0.18,vol0.75_daily,0.75,0.19039365318290358,daily,-6.000492193121173,128,10.274260842971445,9.030151820938755,1.244109022032691,-1.1153963519900407,8.385942615054649,0.12404696914094193,248.09393828188382
jump_shift,1,test,,5.0,0.18,vol0.75_every5,0.75,0.19039365318290358,every5,-6.000492193121173,128,9.115872039995203,7.971381332920466,1.1444907070747365,-1.0698087245273038,7.436541814296574,0.09040240320266575,180.80480640533153
jump_shift,1,test,,5.0,0.18,vol0.75_band05,0.75,0.19039365318290358,band05,-6.000492193121173,128,9.184061797337698,8.037288076925716,1.1467737204119828,-1.0708752123436152,8.081378645913059,0.09732423506439561,194.64847012879125
jump_shift,1,test,,5.0,0.18,vol0.75_band10,0.75,0.19039365318290358,band10,-6.000492193121173,128,8.959754019005846,7.784918602025497,1.1748354169803519,-1.0838982502893673,7.995446152628701,0.08497039003742243,169.9407800748449
jump_shift,1,test,,5.0,0.18,vol1_daily,1.0,0.25385820424387145,daily,-6.670366744404232,128,9.028455089074175,7.837067697969552,1.191387391104623,-1.0915069358939609,7.982507051078572,0.11523769703836584,230.47539407673167
jump_shift,1,test,,5.0,0.18,vol1_every5,1.0,0.25385820424387145,every5,-6.670366744404232,128,8.098235091922705,6.998134643105461,1.1001004488172452,-1.0488567341716624,7.153289116059453,0.08685429112957599,173.708582259152
jump_shift,1,test,,5.0,0.18,vol1_band05,1.0,0.25385820424387145,band05,-6.670366744404232,128,8.207767775014021,7.098315783349557,1.1094519916644638,-1.0533052699310224,7.719757043383806,0.08967105288163643,179.34210576327288
jump_shift,1,test,,5.0,0.18,vol1_band10,1.0,0.25385820424387145,band10,-6.670366744404232,128,8.08560891433061,6.970429441477158,1.115179472853454,-1.056020583536824,7.581609105141374,0.07923751572089718,158.47503144179439
jump_shift,1,test,,5.0,0.18,vol1.25_daily,1.25,0.31732275530483933,daily,-6.8004472668679075,128,8.376696166033849,7.215209215053367,1.1614869509804837,-1.077723040015608,7.760337234723459,0.10860098926425663,217.20197852851322
jump_shift,1,test,,5.0,0.18,vol1.25_every5,1.25,0.31732275530483933,every5,-6.8004472668679075,128,7.638705275627254,6.559519976328401,1.0791852992988524,-1.0388384375343707,7.070780747244402,0.08413096126220006,168.26192252440012
jump_shift,1,test,,5.0,0.18,vol1.25_band05,1.25,0.31732275530483933,band05,-6.8004472668679075,128,7.8117357930944635,6.709340456807652,1.102395336286811,-1.0499501589536577,7.5665554348024635,0.08450041368029712,169.0008273605942
jump_shift,1,test,,5.0,0.18,vol1.25_band10,1.25,0.31732275530483933,band10,-6.8004472668679075,128,7.769405773608485,6.67351229408356,1.0958934795249247,-1.0468493108011891,7.3959879455032045,0.0753979425355467,150.79588507109338
jump_shift,1,reference,,5.0,0.18,vol0.75_daily,0.75,0.19039365318290358,daily,-6.733194191361621,512,6.261790844956765,5.391068464590955,0.870722380365811,-0.9331250614820132,6.66677535708587,0.1233611598060175,246.722319612035
jump_shift,1,reference,,5.0,0.18,vol0.75_every5,0.75,0.19039365318290358,every5,-6.733194191361621,512,4.954844753704863,4.383100106864502,0.5717446468403605,-0.7561379813502034,5.951947212539416,0.0862964929550224,172.59298591004477
jump_shift,1,reference,,5.0,0.18,vol0.75_band05,0.75,0.19039365318290358,band05,-6.733194191361621,512,5.732695224361134,4.983649786713582,0.7490454376475528,-0.8654741114831528,6.4089883983994635,0.09551602682636162,191.03205365272322
jump_shift,1,reference,,5.0,0.18,vol0.75_band10,0.75,0.19039365318290358,band10,-6.733194191361621,512,5.2026641197195085,4.530144782255498,0.6725193374640118,-0.820072763517977,6.098870285131383,0.08225216584675725,164.50433169351453
jump_shift,1,reference,,5.0,0.18,vol1_daily,1.0,0.25385820424387145,daily,-7.082511618414484,512,5.61263535845956,4.796303079105511,0.8163322793540494,-0.9035110842452623,6.322580605457042,0.11439612144124074,228.79224288248145
jump_shift,1,reference,,5.0,0.18,vol1_every5,1.0,0.25385820424387145,every5,-7.082511618414484,512,4.636516797511505,4.086977913037223,0.5495388844742818,-0.7413088994975588,5.702306035770264,0.0831867402772647,166.3734805545294
jump_shift,1,reference,,5.0,0.18,vol1_band05,1.0,0.25385820424387145,band05,-7.082511618414484,512,5.200970397280733,4.500389847019598,0.7005805502611347,-0.8370068997691326,6.0999784434191575,0.0876626537323251,175.32530746465017
jump_shift,1,reference,,5.0,0.18,vol1_band10,1.0,0.25385820424387145,band10,-7.082511618414484,512,4.819351417461366,4.185937937317923,0.633413480143443,-0.7958727788682328,5.829160792758077,0.07672463946420109,153.44927892840218
jump_shift,1,reference,,5.0,0.18,vol1.25_daily,1.25,0.31732275530483933,daily,-7.06421998623447,512,5.231792977495643,4.462247359884079,0.769545617611564,-0.877237492137428,6.0896660722298295,0.10766462249363616,215.32924498727232
jump_shift,1,reference,,5.0,0.18,vol1.25_every5,1.25,0.31732275530483933,every5,-7.06421998623447,512,4.476211573557498,3.9472090415956442,0.5290025319618537,-0.7273256024380371,5.532683623354725,0.08080185069205423,161.60370138410846
jump_shift,1,reference,,5.0,0.18,vol1.25_band05,1.25,0.31732275530483933,band05,-7.06421998623447,512,4.906352686905288,4.246025933542193,0.6603267533630948,-0.8126049183724492,5.8840557077274935,0.08234033487247899,164.68066974495795
jump_shift,1,reference,,5.0,0.18,vol1.25_band10,1.25,0.31732275530483933,band10,-7.06421998623447,512,4.639072070522176,4.042795072704738,0.5962769978174378,-0.7721897421084003,5.64049887495006,0.0732023110052677,146.4046220105354
jump_shift,1,validation,16,5.0,0.18,vol0.75_daily,0.75,0.19039365318290358,daily,-7.8529689935362965,16,0.09781107149584806,0.09380433950788139,0.004006731987966669,0.06329875186736836,0.5503761759712865,0.11024894454025451,220.49788908050903
jump_shift,1,validation,16,5.0,0.18,vol0.75_every5,0.75,0.19039365318290358,every5,-7.8529689935362965,16,0.4543379488479789,0.44765929085019573,0.006678657997783122,0.08172305670851478,1.0274282980616871,0.07814940550569492,156.29881101138983
jump_shift,1,validation,16,5.0,0.18,vol0.75_band05,0.75,0.19039365318290358,band05,-7.8529689935362965,16,0.18665601750777389,0.17268410458398534,0.013971912923788547,0.11820284651305377,0.7260907253543825,0.0830999042343855,166.19980846877104
jump_shift,1,validation,16,5.0,0.18,vol0.75_band10,0.75,0.19039365318290358,band10,-7.8529689935362965,16,0.3465639786114728,0.3392576568591334,0.007306321752339397,0.0854770247045333,1.044164672427858,0.07273836990628704,145.4767398125741
jump_shift,1,validation,16,5.0,0.18,vol1_daily,1.0,0.25385820424387145,daily,-7.712384944637739,16,0.1899058382312679,0.1898771813072777,2.8656923990173644e-05,0.005353216228602544,0.8615859889686432,0.10392318894681787,207.84637789363575
jump_shift,1,validation,16,5.0,0.18,vol1_every5,1.0,0.25385820424387145,every5,-7.712384944637739,16,0.46151602478992554,0.45846800804525323,0.003048016744672287,0.055208846616029636,1.1191691178368295,0.07652162755108255,153.0432551021651
jump_shift,1,validation,16,5.0,0.18,vol1_band05,1.0,0.25385820424387145,band05,-7.712384944637739,16,0.2974403607329873,0.2933583534772223,0.0040820072557650544,0.06389058816261636,0.9628744399350968,0.07784143214806691,155.6828642961338
jump_shift,1,validation,16,5.0,0.18,vol1_band10,1.0,0.25385820424387145,band10,-7.712384944637739,16,0.5043046452189162,0.5039507084088073,0.0003539368101088915,0.018813208394872244,1.3176442112142464,0.06968860495748548,139.37720991497093
jump_shift,1,validation,16,5.0,0.18,vol1.25_daily,1.25,0.31732275530483933,daily,-7.467338915017352,16,0.29761396831167775,0.2971252785193911,0.000488689792286633,-0.022106329235914157,1.0761721257687555,0.09880028674435362,197.60057348870725
jump_shift,1,validation,16,5.0,0.18,vol1.25_every5,1.25,0.31732275530483933,every5,-7.467338915017352,16,0.5088402435445791,0.506981793643122,0.0018584499014571048,0.043109742535268114,1.190913420361285,0.0751800985969147,150.36019719382938
jump_shift,1,validation,16,5.0,0.18,vol1.25_band05,1.25,0.31732275530483933,band05,-7.467338915017352,16,0.4172754927185194,0.41642802385923,0.000847468859289433,0.02911131840520853,1.2102624563167061,0.07440963623038778,148.81927246077555
jump_shift,1,validation,16,5.0,0.18,vol1.25_band10,1.25,0.31732275530483933,band10,-7.467338915017352,16,0.6578034622137057,0.6576266878404329,0.00017677437327262812,-0.013295652419969023,1.5283030787090333,0.06767490716257908,135.34981432515815
jump_shift,1,validation,64,5.0,0.18,vol0.75_daily,0.75,0.19039365318290358,daily,-7.797674618610408,64,0.19934862768917969,0.1921038044521675,0.007244823237012215,-0.08511652740221616,1.0581870722248408,0.12268297986824458,245.36595973648915
jump_shift,1,validation,64,5.0,0.18,vol0.75_every5,0.75,0.19039365318290358,every5,-7.797674618610408,64,0.5080653034801055,0.5076063784776186,0.00045892500248695476,0.02142253492206174,1.1690792058018233,0.08584390936635491,171.68781873270984
jump_shift,1,validation,64,5.0,0.18,vol0.75_band05,0.75,0.19039365318290358,band05,-7.797674618610408,64,0.2047323525905303,0.2047043257258888,2.802686464148871e-05,-0.005294040483552115,0.8276206969972747,0.09254944369281493,185.09888738562984
jump_shift,1,validation,64,5.0,0.18,vol0.75_band10,0.75,0.19039365318290358,band10,-7.797674618610408,64,0.2783235532523979,0.2776957206031484,0.0006278326492495435,-0.02505658893883091,0.8868843027546417,0.08044841847209495,160.89683694418991
jump_shift,1,validation,64,5.0,0.18,vol1_daily,1.0,0.25385820424387145,daily,-7.681281858741927,64,0.2026061502583557,0.19304914313491986,0.009557007123435856,-0.09775994641690357,0.8883931605878856,0.11356508484461723,227.13016968923446
jump_shift,1,validation,64,5.0,0.18,vol1_every5,1.0,0.25385820424387145,every5,-7.681281858741927,64,0.5590594271173731,0.5590581272013133,1.2999160599573657e-06,0.001140138614361151,1.1892143138655185,0.08270653834385547,165.4130766877109
jump_shift,1,validation,64,5.0,0.18,vol1_band05,1.0,0.25385820424387145,band05,-7.681281858741927,64,0.26340943415372703,0.26286488503521455,0.0005445491185124578,-0.023335576241277134,0.8459538504530977,0.08516245080992982,170.32490161985965
jump_shift,1,validation,64,5.0,0.18,vol1_band10,1.0,0.25385820424387145,band10,-7.681281858741927,64,0.406523348470613,0.4044543737302616,0.0020689747403513465,-0.045485983998934734,1.1210868900510538,0.07513210292808305,150.2642058561661
jump_shift,1,validation,64,5.0,0.18,vol1.25_daily,1.25,0.31732275530483933,daily,-7.447432940044032,64,0.27212143149105084,0.26113213939726804,0.010989292093782816,-0.1048298244479252,0.967372445467556,0.10658685617965039,213.17371235930074
jump_shift,1,validation,64,5.0,0.18,vol1.25_every5,1.25,0.31732275530483933,every5,-7.447432940044032,64,0.6362559675549555,0.6360941940464587,0.0001617735084968416,-0.012719021522776097,1.3006227669051698,0.08024178069568683,160.48356139137366
jump_shift,1,validation,64,5.0,0.18,vol1.25_band05,1.25,0.31732275530483933,band05,-7.447432940044032,64,0.37267371677426697,0.37086636489736813,0.0018073518768988927,-0.04251296128122449,1.1027217831084246,0.08026021448980869,160.52042897961738
jump_shift,1,validation,64,5.0,0.18,vol1.25_band10,1.25,0.31732275530483933,band10,-7.447432940044032,64,0.5742597975298771,0.5709456068609879,0.0033141906688891696,-0.05756900788522562,1.3856268727239327,0.07171928365453925,143.4385673090785
jump_shift,1,validation,256,5.0,0.18,vol0.75_daily,0.75,0.19039365318290358,daily,-7.809383921022444,256,0.20998119594479064,0.20578811787655077,0.004193078068239878,-0.06475398109954228,1.012273427634113,0.12616094829657276,252.3218965931455
jump_shift,1,validation,256,5.0,0.18,vol0.75_every5,0.75,0.19039365318290358,every5,-7.809383921022444,256,0.6811653108780023,0.680928998738893,0.0002363121391093262,-0.015372447401416802,1.5943085186281898,0.08900208197192933,178.00416394385866
jump_shift,1,validation,256,5.0,0.18,vol0.75_band05,0.75,0.19039365318290358,band05,-7.809383921022444,256,0.253426505757218,0.2527298664705204,0.0006966392866975549,-0.026393925185495902,0.9684835269043123,0.09716974279495436,194.3394855899087
jump_shift,1,validation,256,5.0,0.18,vol0.75_band10,0.75,0.19039365318290358,band10,-7.809383921022444,256,0.37124467029275965,0.3709496556388112,0.00029501465394837437,-0.017175990624950118,1.0754328077252935,0.0837579824182371,167.5159648364742
jump_shift,1,validation,256,5.0,0.18,vol1_daily,1.0,0.25385820424387145,daily,-7.687868341348697,256,0.23914861775564997,0.23706877918467745,0.0020798385709725133,-0.0456052471868371,0.884535562318766,0.1163307369626006,232.66147392520116
jump_shift,1,validation,256,5.0,0.18,vol1_every5,1.0,0.25385820424387145,every5,-7.687868341348697,256,0.7152940732832949,0.7152914048178486,2.6684654462399104e-06,0.0016335438305230474,1.5695420410896932,0.08548895004429005,170.9779000885801
jump_shift,1,validation,256,5.0,0.18,vol1_band05,1.0,0.25385820424387145,band05,-7.687868341348697,256,0.33991072825522745,0.33984242755415883,6.830070106861812e-05,-0.008264423819518099,0.9714613452218961,0.08879309816448318,177.58619632896634
jump_shift,1,validation,256,5.0,0.18,vol1_band10,1.0,0.25385820424387145,band10,-7.687868341348697,256,0.533808200701146,0.5338077439376853,4.567634607291504e-07,-0.0006758427781142226,1.2450805614595055,0.07776970021395112,155.53940042790225
jump_shift,1,validation,256,5.0,0.18,vol1.25_daily,1.25,0.31732275530483933,daily,-7.451648288912366,256,0.33401673305715246,0.333090927861322,0.0009258051958304771,-0.03042704710993949,0.975145014530466,0.10890567660416073,217.81135320832146
jump_shift,1,validation,256,5.0,0.18,vol1.25_every5,1.25,0.31732275530483933,every5,-7.451648288912366,256,0.7940823043195937,0.7938347938064434,0.0002475105131502977,0.01573246684885424,1.6400502394661884,0.08268694853350116,165.3738970670023
jump_shift,1,validation,256,5.0,0.18,vol1.25_band05,1.25,0.31732275530483933,band05,-7.451648288912366,256,0.4808884321305841,0.48088035068916424,8.08144141980672e-06,0.00284278761426293,1.1670343455577639,0.08310484748807483,166.20969497614968
jump_shift,1,validation,256,5.0,0.18,vol1.25_band10,1.25,0.31732275530483933,band10,-7.451648288912366,256,0.7279248095681956,0.7276719120022146,0.0002528975659809504,0.015902753408795295,1.4710575681602365,0.07385139600113852,147.70279200227705
jump_shift,1,test,,20.0,0.72,vol0.75_daily,0.75,0.19039365318290358,daily,-6.000492193121173,128,11.101484612394376,8.888717514252836,2.2127670981415415,-1.4875372594128664,8.633326543027682,0.4961878765637677,248.09393828188382
jump_shift,1,test,,20.0,0.72,vol0.75_every5,0.75,0.19039365318290358,every5,-6.000492193121173,128,9.728998346151265,7.93067461054649,1.7983237356047739,-1.341015934135301,7.674030209531791,0.361609612810663,180.80480640533153
jump_shift,1,test,,20.0,0.72,vol0.75_band05,0.75,0.19039365318290358,band05,-6.000492193121173,128,9.791758688560744,7.934404242226348,1.8573544463343978,-1.362847917536802,8.283565093679387,0.38929694025758244,194.64847012879125
jump_shift,1,test,,20.0,0.72,vol0.75_band10,0.75,0.19039365318290358,band10,-6.000492193121173,128,9.49465049305919,7.70223982890303,1.7924106641561606,-1.3388094204016345,8.172400054785722,0.33988156014968973,169.9407800748449
jump_shift,1,test,,20.0,0.72,vol1_daily,1.0,0.25385820424387145,daily,-6.670366744404232,128,9.745009085631782,7.679407679595865,2.0656014060359187,-1.4372200270090585,8.211329704287946,0.46095078815346335,230.47539407673167
jump_shift,1,test,,20.0,0.72,vol1_every5,1.0,0.25385820424387145,every5,-6.670366744404232,128,8.654652796588735,6.940073087925126,1.7145797086636072,-1.3094196075603906,7.3653560743453745,0.34741716451830396,173.708582259152
jump_shift,1,test,,20.0,0.72,vol1_band05,1.0,0.25385820424387145,band05,-6.670366744404232,128,8.739196698143413,6.99067067159189,1.7485260265515215,-1.3223184285759317,7.900261127851701,0.3586842115265457,179.34210576327288
jump_shift,1,test,,20.0,0.72,vol1_band10,1.0,0.25385820424387145,band10,-6.670366744404232,128,8.568787322021734,6.895041908552166,1.6737454134695695,-1.2937331306995155,7.747418345560918,0.31695006288358873,158.47503144179439
jump_shift,1,test,,20.0,0.72,vol1.25_daily,1.25,0.31732275530483933,daily,-6.8004472668679075,128,9.028633204898,7.058747950303478,1.9698852545945225,-1.4035260078083778,7.969788061370336,0.4344039570570265,217.20197852851322
jump_shift,1,test,,20.0,0.72,vol1.25_every5,1.25,0.31732275530483933,every5,-6.8004472668679075,128,8.163958525103109,6.4966801999428085,1.6672783251602994,-1.2912313213209705,7.268324499299394,0.33652384504880023,168.26192252440012
jump_shift,1,test,,20.0,0.72,vol1.25_band05,1.25,0.31732275530483933,band05,-6.8004472668679075,128,8.308012362537669,6.609026810389921,1.6989855521477497,-1.303451399994549,7.737348751713183,0.3380016547211885,169.0008273605942
jump_shift,1,test,,20.0,0.72,vol1.25_band10,1.25,0.31732275530483933,band10,-6.8004472668679075,128,8.230612928901357,6.609974096654101,1.6206388322472551,-1.2730431384078291,7.55460361515462,0.3015917701421868,150.79588507109338
jump_shift,1,reference,,20.0,0.72,vol0.75_daily,0.75,0.19039365318290358,daily,-6.733194191361621,512,7.058135756850585,5.359783255775707,1.6983525010748783,-1.3032085409000658,6.982792963223859,0.49344463922407,246.722319612035
jump_shift,1,reference,,20.0,0.72,vol0.75_every5,0.75,0.19039365318290358,every5,-6.733194191361621,512,5.418549510127364,4.388268765136302,1.030280744991063,-1.0150274602152707,6.195992064272875,0.3451859718200896,172.59298591004477
jump_shift,1,reference,,20.0,0.72,vol0.75_band05,0.75,0.19039365318290358,band05,-6.733194191361621,512,6.308824223587395,4.981669092813917,1.327155130773479,-1.1520221919622378,6.672963063963702,0.3820641073054465,191.03205365272322
jump_shift,1,reference,,20.0,0.72,vol0.75_band10,0.75,0.19039365318290358,band10,-6.733194191361621,512,5.673845283865079,4.53572061161499,1.1381246722500888,-1.0668292610582486,6.330413637217432,0.329008663387029,164.50433169351453
jump_shift,1,reference,,20.0,0.72,vol1_daily,1.0,0.25385820424387145,daily,-7.082511618414484,512,6.297599190240942,4.743339675178733,1.5542595150622098,-1.2466994485689844,6.610386263493566,0.45758448576496297,228.79224288248145
jump_shift,1,reference,,20.0,0.72,vol1_every5,1.0,0.25385820424387145,every5,-7.082511618414484,512,5.068847060068306,4.087025446446041,0.9818216136222657,-0.9908691203293529,5.933633993656046,0.3327469611090588,166.3734805545294
jump_shift,1,reference,,20.0,0.72,vol1_band05,1.0,0.25385820424387145,band05,-7.082511618414484,512,5.698875611491596,4.488886917339749,1.209988694151847,-1.0999948609661079,6.339350523901989,0.3506506149293004,175.32530746465017
jump_shift,1,reference,,20.0,0.72,vol1_band10,1.0,0.25385820424387145,band10,-7.082511618414484,512,5.2418630276372,4.1890912026773295,1.05277182495987,-1.0260466972608362,6.044386629641907,0.30689855785680437,153.44927892840218
jump_shift,1,reference,,20.0,0.72,vol1.25_daily,1.25,0.31732275530483933,daily,-7.06421998623447,512,5.847391622003267,4.406836305391986,1.4405553166112806,-1.2002313596183365,6.364835896464447,0.43065848997454464,215.32924498727232
jump_shift,1,reference,,20.0,0.72,vol1.25_every5,1.25,0.31732275530483933,every5,-7.06421998623447,512,4.888405665940573,3.94802715390513,0.940378512035443,-0.9697311545141999,5.756276113310893,0.3232074027682169,161.60370138410846
jump_shift,1,reference,,20.0,0.72,vol1.25_band05,1.25,0.31732275530483933,band05,-7.06421998623447,512,5.358629005944692,4.235821909272525,1.1228070966721682,-1.0596259229898861,6.1067938764568455,0.32936133948991597,164.68066974495795
jump_shift,1,reference,,20.0,0.72,vol1.25_band10,1.25,0.31732275530483933,band10,-7.06421998623447,512,5.034463931483262,4.050803286695837,0.983660644787425,-0.9917966751242036,5.846672009027808,0.2928092440210708,146.4046220105354
jump_shift,1,validation,16,20.0,0.72,vol0.75_daily,0.75,0.19039365318290358,daily,-7.8529689935362965,16,0.15357597275618834,0.08204749632261757,0.07152847643357076,-0.2674480817533952,0.8705170677174271,0.44099577816101804,220.49788908050903
jump_shift,1,validation,16,20.0,0.72,vol0.75_every5,0.75,0.19039365318290358,every5,-7.8529689935362965,16,0.4524892127821959,0.42916423834364265,0.02332497443855325,-0.15272515980857002,1.1910496870233143,0.3125976220227797,156.29881101138983
jump_shift,1,validation,16,20.0,0.72,vol0.75_band05,0.75,0.19039365318290358,band05,-7.8529689935362965,16,0.1785666375862015,0.16138024926133576,0.01718638832486571,-0.13109686619010277,0.931974986803324,0.332399616937542,166.19980846877104
jump_shift,1,validation,16,20.0,0.72,vol0.75_band10,0.75,0.19039365318290358,band10,-7.8529689935362965,16,0.35406153623420555,0.3364421370209346,0.01761939921327092,-0.13273808501432782,1.2489076107630235,0.29095347962514817,145.4767398125741
jump_shift,1,validation,16,20.0,0.72,vol1_daily,1.0,0.25385820424387145,daily,-7.712384944637739,16,0.27079538768649764,0.1769044077642128,0.09389097992228485,-0.3064163506118511,1.1272607146803464,0.4156927557872715,207.84637789363575
jump_shift,1,validation,16,20.0,0.72,vol1_every5,1.0,0.25385820424387145,every5,-7.712384944637739,16,0.4804258217337016,0.45002579443108987,0.03040002730261166,-0.174356036037218,1.2840835005242648,0.3060865102043302,153.0432551021651
jump_shift,1,validation,16,20.0,0.72,vol1_band05,1.0,0.25385820424387145,band05,-7.712384944637739,16,0.31715711513300554,0.28838152014764384,0.028775594985361662,-0.16963370828158436,1.1904582284072098,0.31136572859226763,155.6828642961338
jump_shift,1,validation,16,20.0,0.72,vol1_band10,1.0,0.25385820424387145,band10,-7.712384944637739,16,0.5490818115029502,0.5128857572314356,0.0361960542715145,-0.19025260647758416,1.5206518076749298,0.2787544198299419,139.37720991497093
jump_shift,1,validation,16,20.0,0.72,vol1.25_daily,1.25,0.31732275530483933,daily,-7.467338915017352,16,0.3916258211635805,0.29017899142015496,0.10144682974342557,-0.31850718946897505,1.3345317398278431,0.3952011469774145,197.60057348870725
jump_shift,1,validation,16,20.0,0.72,vol1.25_every5,1.25,0.31732275530483933,every5,-7.467338915017352,16,0.5409961128338334,0.5077152060727343,0.03328090676109907,-0.18243055325547602,1.3555122720598913,0.3007203943876588,150.36019719382938
jump_shift,1,validation,16,20.0,0.72,vol1.25_band05,1.25,0.31732275530483933,band05,-7.467338915017352,16,0.4585497491322331,0.4208681102738073,0.03768163885842582,-0.19411759028595482,1.4341913710262488,0.2976385449215511,148.81927246077555
jump_shift,1,validation,16,20.0,0.72,vol1.25_band10,1.25,0.31732275530483933,band10,-7.467338915017352,16,0.7242763401809744,0.6774818360134046,0.04679450416756984,-0.21632037390770625,1.729537503851933,0.2706996286503163,135.34981432515815
jump_shift,1,validation,64,20.0,0.72,vol0.75_daily,0.75,0.19039365318290358,daily,-7.797674618610408,64,0.44218873877704395,0.23682979828941697,0.205358940487627,-0.45316546700694993,1.5550085451617979,0.49073191947297834,245.36595973648915
jump_shift,1,validation,64,20.0,0.72,vol0.75_every5,0.75,0.19039365318290358,every5,-7.797674618610408,64,0.5728217173333771,0.5170741662306819,0.055747551102695345,-0.23610919317700305,1.4500986677420364,0.34337563746541966,171.68781873270984
jump_shift,1,validation,64,20.0,0.72,vol0.75_band05,0.75,0.19039365318290358,band05,-7.797674618610408,64,0.3103614067176646,0.2303050210925375,0.0800563856251271,-0.28294237156199686,1.1626479709410602,0.3701977747712597,185.09888738562984
jump_shift,1,validation,64,20.0,0.72,vol0.75_band10,0.75,0.19039365318290358,band10,-7.797674618610408,64,0.3641324714825694,0.2931625288067621,0.07096994267580732,-0.26640184435511577,1.1582136074289198,0.3217936738883798,160.89683694418991
jump_shift,1,validation,64,20.0,0.72,vol1_daily,1.0,0.25385820424387145,daily,-7.681281858741927,64,0.39410953450847563,0.2018665712677085,0.19224296324076717,-0.43845520095075524,1.294365117894159,0.45426033937846894,227.13016968923446
jump_shift,1,validation,64,20.0,0.72,vol1_every5,1.0,0.25385820424387145,every5,-7.681281858741927,64,0.6261652782325249,0.565166416461208,0.060998861771316845,-0.24697947641720525,1.409586170000815,0.33082615337542187,165.4130766877109
jump_shift,1,validation,64,20.0,0.72,vol1_band05,1.0,0.25385820424387145,band05,-7.681281858741927,64,0.3485545891366876,0.2708123635839768,0.07774222555271071,-0.2788229286710666,1.1035626428738554,0.3406498032397193,170.32490161985965
jump_shift,1,validation,64,20.0,0.72,vol1_band10,1.0,0.25385820424387145,band10,-7.681281858741927,64,0.48468895218518504,0.4113117356417105,0.07337721654347455,-0.2708822927831839,1.3421795579866198,0.3005284117123322,150.2642058561661
jump_shift,1,validation,64,20.0,0.72,vol1.25_daily,1.25,0.31732275530483933,daily,-7.447432940044032,64,0.4358556596222701,0.25557865780552,0.1802770018167501,-0.42459039298687634,1.2449555965777928,0.42634742471860154,213.17371235930074
jump_shift,1,validation,64,20.0,0.72,vol1.25_every5,1.25,0.31732275530483933,every5,-7.447432940044032,64,0.7064683868755594,0.6422343414299644,0.06423404544559502,-0.2534443636098365,1.5017988734455128,0.3209671227827473,160.48356139137366
jump_shift,1,validation,64,20.0,0.72,vol1.25_band05,1.25,0.31732275530483933,band05,-7.447432940044032,64,0.4544051723689282,0.37414990587631036,0.08025526649261783,-0.2832936047506506,1.2967188913950942,0.32104085795923476,160.52042897961738
jump_shift,1,validation,64,20.0,0.72,vol1.25_band10,1.25,0.31732275530483933,band10,-7.447432940044032,64,0.6530139870058498,0.5786340474682928,0.07437993953755695,-0.2727268588488434,1.5924237749490886,0.286877134618157,143.4385673090785
jump_shift,1,validation,256,20.0,0.72,vol0.75_daily,0.75,0.19039365318290358,daily,-7.809383921022444,256,0.4327892543734543,0.2363303704604203,0.19645888391303404,-0.44323682598926056,1.4788742334366645,0.504643793186291,252.3218965931455
jump_shift,1,validation,256,20.0,0.72,vol0.75_every5,0.75,0.19039365318290358,every5,-7.809383921022444,256,0.7761591497866795,0.6964214233471475,0.07973772643953199,-0.2823786933172048,1.8839759739709578,0.3560083278877173,178.00416394385866
jump_shift,1,validation,256,20.0,0.72,vol0.75_band05,0.75,0.19039365318290358,band05,-7.809383921022444,256,0.37448625894676313,0.27342384389678387,0.10106241504997927,-0.31790315357035903,1.3068744389719207,0.3886789711798174,194.3394855899087
jump_shift,1,validation,256,20.0,0.72,vol0.75_band10,0.75,0.19039365318290358,band10,-7.809383921022444,256,0.4584262829205201,0.38636091377292603,0.07206536914759408,-0.2684499378796614,1.3491421215648014,0.3350319296729484,167.5159648364742
jump_shift,1,validation,256,20.0,0.72,vol1_daily,1.0,0.25385820424387145,daily,-7.687868341348697,256,0.39668745103058556,0.2409802971116192,0.15570715391896636,-0.39459745807463886,1.2590462143933245,0.4653229478504024,232.66147392520116
jump_shift,1,validation,256,20.0,0.72,vol1_every5,1.0,0.25385820424387145,every5,-7.687868341348697,256,0.7919904779296291,0.7270504639286433,0.06494001400098587,-0.25483330630234713,1.8180571215918668,0.3419558001771602,170.9779000885801
jump_shift,1,validation,256,20.0,0.72,vol1_band05,1.0,0.25385820424387145,band05,-7.687868341348697,256,0.423872593268188,0.3484434212594153,0.07542917200877271,-0.27464371831296763,1.2341408180107187,0.3551723926579327,177.58619632896634
jump_shift,1,validation,256,20.0,0.72,vol1_band10,1.0,0.25385820424387145,band10,-7.687868341348697,256,0.6017200949253577,0.5469711411781123,0.05474895374724545,-0.23398494341996762,1.4778440518870637,0.31107880085580447,155.53940042790225
jump_shift,1,validation,256,20.0,0.72,vol1.25_daily,1.25,0.31732275530483933,daily,-7.451648288912366,256,0.4564674845868855,0.32891559290611694,0.12755189168076864,-0.35714407692242167,1.2718466760517184,0.4356227064166429,217.81135320832146
jump_shift,1,validation,256,20.0,0.72,vol1.25_every5,1.25,0.31732275530483933,every5,-7.451648288912366,256,0.8605358084093873,0.8065593328360174,0.05397647557336976,-0.2323283787516492,1.8731740814515678,0.3307477941340046,165.3738970670023
jump_shift,1,validation,256,20.0,0.72,vol1.25_band05,1.25,0.31732275530483933,band05,-7.451648288912366,256,0.5504637785246802,0.4897154525858607,0.06074832593881955,-0.24647175484996156,1.3903764215068906,0.3324193899522993,166.20969497614968
jump_shift,1,validation,256,20.0,0.72,vol1.25_band10,1.25,0.31732275530483933,band10,-7.451648288912366,256,0.7878543452243386,0.7455618326735132,0.042292512550825376,-0.20565143459462026,1.6941386472374946,0.2954055840045541,147.70279200227705
jump_shift,2,test,,5.0,0.18,vol0.75_daily,0.75,0.19201247670915317,daily,-6.302173417090365,128,6.75097479810236,5.78368029009195,0.9672945080104088,-0.9835113156493975,7.5292453902832515,0.12179372914728444,243.58745829456888
jump_shift,2,test,,5.0,0.18,vol0.75_every5,0.75,0.19201247670915317,every5,-6.302173417090365,128,4.73490885118727,4.078889358320619,0.6560194928666514,-0.8099503027140933,5.812407916258059,0.08638381099970957,172.76762199941913
jump_shift,2,test,,5.0,0.18,vol0.75_band05,0.75,0.19201247670915317,band05,-6.302173417090365,128,6.369524015297351,5.378633743241718,0.9908902720556322,-0.9954347151147744,7.2744952656706445,0.09542123129365099,190.84246258730198
jump_shift,2,test,,5.0,0.18,vol0.75_band10,0.75,0.19201247670915317,band10,-6.302173417090365,128,6.132649316479208,5.165656048132601,0.9669932683466067,-0.9833581587329241,6.909897770786777,0.08190688374608962,163.81376749217927
jump_shift,2,test,,5.0,0.18,vol1_daily,1.0,0.2560166356122042,daily,-6.832654188425809,128,6.262381822675548,5.238694990419118,1.0236868322564292,-1.0117741013963686,7.086902868507262,0.11327903443786697,226.5580688757339
jump_shift,2,test,,5.0,0.18,vol1_every5,1.0,0.2560166356122042,every5,-6.832654188425809,128,4.90802293016922,4.132394601719875,0.7756283284493447,-0.8806976373587843,5.765047508186008,0.08377590551409318,167.55181102818636
jump_shift,2,test,,5.0,0.18,vol1_band05,1.0,0.2560166356122042,band05,-6.832654188425809,128,6.049219052946931,5.016438056716099,1.032780996230833,-1.016258331444733,6.8622784391817,0.0879400292665944,175.8800585331888
jump_shift,2,test,,5.0,0.18,vol1_band10,1.0,0.2560166356122042,band10,-6.832654188425809,128,6.024608754893862,5.004785885681663,1.0198228692121982,-1.0098627972215821,6.5911115837226815,0.07676294779282467,153.52589558564932
jump_shift,2,test,,5.0,0.18,vol1.25_daily,1.25,0.3200207945152553,daily,-6.898215304170872,128,6.06114410017582,4.994506290901759,1.0666378092740614,-1.0327815883690323,6.801283986034975,0.10694808952803792,213.89617905607588
jump_shift,2,test,,5.0,0.18,vol1.25_every5,1.25,0.3200207945152553,every5,-6.898215304170872,128,5.168040493010636,4.305685749109996,0.8623547439006408,-0.9286305745023911,5.843913605710806,0.08175997950440064,163.51995900880127
jump_shift,2,test,,5.0,0.18,vol1.25_band05,1.25,0.3200207945152553,band05,-6.898215304170872,128,5.9843296708520395,4.9224989733532265,1.0618306974988143,-1.0304516958590608,6.602416582830817,0.08290024040269744,165.8004808053949
jump_shift,2,test,,5.0,0.18,vol1.25_band10,1.25,0.3200207945152553,band10,-6.898215304170872,128,6.118034939907707,5.049781230491353,1.0682537094163547,-1.0335635971803354,6.38358835919099,0.07365141945851635,147.30283891703266
jump_shift,2,reference,,5.0,0.18,vol0.75_daily,0.75,0.19201247670915317,daily,-6.633352288638232,512,6.845315350349061,6.193546837980309,0.6517685123687527,-0.8073218146245973,6.4781413043821985,0.12537321892549902,250.746437850998
jump_shift,2,reference,,5.0,0.18,vol0.75_every5,0.75,0.19201247670915317,every5,-6.633352288638232,512,7.154731588868003,6.591387532911931,0.563344055956073,-0.7505624930384365,6.651962196314754,0.08819566104079302,176.39132208158603
jump_shift,2,reference,,5.0,0.18,vol0.75_band05,0.75,0.19201247670915317,band05,-6.633352288638232,512,6.356583629806849,5.7660352329608555,0.590548396845993,-0.7684714678151643,6.3232875015360595,0.09701649181228073,194.03298362456144
jump_shift,2,reference,,5.0,0.18,vol0.75_band10,0.75,0.19201247670915317,band10,-6.633352288638232,512,6.0152243658794315,5.471739189666316,0.5434851762131163,-0.7372144709737569,6.185951463942623,0.08359862533490155,167.19725066980308
jump_shift,2,reference,,5.0,0.18,vol1_daily,1.0,0.2560166356122042,daily,-7.0189423036714835,512,6.391905635282374,5.786545929373202,0.6053597059091712,-0.7780486526620114,6.250783321306024,0.11598760149107232,231.97520298214465
jump_shift,2,reference,,5.0,0.18,vol1_every5,1.0,0.2560166356122042,every5,-7.0189423036714835,512,6.468404377455651,5.945965868654923,0.5224385088007285,-0.722799079136608,6.311209042970585,0.08479870213941959,169.59740427883918
jump_shift,2,reference,,5.0,0.18,vol1_band05,1.0,0.2560166356122042,band05,-7.0189423036714835,512,6.046899167909486,5.4983672468362705,0.5485319210732139,-0.7406294087282883,6.138118518666928,0.08892975096452632,177.85950192905264
jump_shift,2,reference,,5.0,0.18,vol1_band10,1.0,0.2560166356122042,band10,-7.0189423036714835,512,5.810419301429765,5.308222020581397,0.5021972808483681,-0.7086587901440072,6.043028589331354,0.07773999057244452,155.479981144889
jump_shift,2,reference,,5.0,0.18,vol1.25_daily,1.25,0.3200207945152553,daily,-7.017439697928104,512,6.091498201377378,5.524445040528263,0.567053160849116,-0.7530293227020551,6.08081160634762,0.10888560756079538,217.77121512159076
jump_shift,2,reference,,5.0,0.18,vol1.25_every5,1.25,0.3200207945152553,every5,-7.017439697928104,512,6.058245730965463,5.56940777334172,0.48883795762374266,-0.6991694770395391,6.144284606712478,0.08215519041089184,164.31038082178367
jump_shift,2,reference,,5.0,0.18,vol1.25_band05,1.25,0.3200207945152553,band05,-7.017439697928104,512,5.849030341714925,5.336979559133586,0.5120507825813393,-0.7155772373275573,6.010468227520182,0.08337918236267768,166.75836472535534
jump_shift,2,reference,,5.0,0.18,vol1.25_band10,1.25,0.3200207945152553,band10,-7.017439697928104,512,5.683230355427301,5.221590717073855,0.4616396383534441,-0.6794406805258603,5.9300585974880535,0.07389470851543167,147.78941703086335
jump_shift,2,validation,16,5.0,0.18,vol0.75_daily,0.75,0.19201247670915317,daily,-7.920434901705382,16,0.14208293072908004,0.1325230616531732,0.009559869075906838,0.09777458297485517,0.6586607188128216,0.10761636716532921,215.2327343306584
jump_shift,2,validation,16,5.0,0.18,vol0.75_every5,0.75,0.19201247670915317,every5,-7.920434901705382,16,0.43214470306036645,0.42973718899730645,0.0024075140630600376,-0.04906642500794242,1.2818491115242845,0.08079061800646034,161.58123601292067
jump_shift,2,validation,16,5.0,0.18,vol0.75_band05,0.75,0.19201247670915317,band05,-7.920434901705382,16,0.20334604556207284,0.20033080506932355,0.0030152404927492786,0.05491120552992147,0.8744943510341446,0.08361225991669166,167.22451983338334
jump_shift,2,validation,16,5.0,0.18,vol0.75_band10,0.75,0.19201247670915317,band10,-7.920434901705382,16,0.48358796679891813,0.48358333072546994,4.636073448179538e-06,0.002153154301990347,1.513550703655408,0.07355567584668234,147.11135169336467
jump_shift,2,validation,16,5.0,0.18,vol1_daily,1.0,0.2560166356122042,daily,-7.742926273521755,16,0.17310393065688262,0.17304203541103846,6.18952458441662e-05,0.007867353166355645,0.8297803056539391,0.10109574127828691,202.1914825565738
jump_shift,2,validation,16,5.0,0.18,vol1_every5,1.0,0.2560166356122042,every5,-7.742926273521755,16,0.5607628849131983,0.5492769104422273,0.011485974470970864,-0.10717263863025331,1.6068569294617128,0.0784761980486785,156.952396097357
jump_shift,2,validation,16,5.0,0.18,vol1_band05,1.0,0.2560166356122042,band05,-7.742926273521755,16,0.3766406881041836,0.37568960799270623,0.0009510801114773772,-0.03083958675918627,1.3690943866804295,0.07826061840655488,156.52123681310974
jump_shift,2,validation,16,5.0,0.18,vol1_band10,1.0,0.2560166356122042,band10,-7.742926273521755,16,0.7932771224218281,0.7831246422474489,0.0101524801743792,-0.10075951654498547,2.0088693277337017,0.07039946117130613,140.79892234261223
jump_shift,2,validation,16,5.0,0.18,vol1.25_daily,1.25,0.3200207945152553,daily,-7.480789438632278,16,0.29046191734184,0.2873804959584613,0.003081421383378723,-0.05551055200030642,1.214407213806837,0.09636469747380175,192.72939494760348
jump_shift,2,validation,16,5.0,0.18,vol1.25_every5,1.25,0.3200207945152553,every5,-7.480789438632278,16,0.7129308675099919,0.690829923494837,0.02210094401515491,-0.14866386250583868,1.8742320321891506,0.07686683547416764,153.73367094833532
jump_shift,2,validation,16,5.0,0.18,vol1.25_band05,1.25,0.3200207945152553,band05,-7.480789438632278,16,0.6121919556461173,0.6047616447664015,0.0074303108797156795,-0.08619925103918061,1.7937475880585527,0.07471552924072442,149.43105848144882
jump_shift,2,validation,16,5.0,0.18,vol1.25_band10,1.25,0.3200207945152553,band10,-7.480789438632278,16,1.0787827019315452,1.0477701640804553,0.031012537851089882,-0.17610377012173783,2.3852002808722967,0.06885179917729765,137.7035983545953
jump_shift,2,validation,64,5.0,0.18,vol0.75_daily,0.75,0.19201247670915317,daily,-7.782123705932405,64,0.2964588320214373,0.2924510048856,0.004007827135837338,-0.06330740190402176,1.2958545628576692,0.11960483031245557,239.20966062491118
jump_shift,2,validation,64,5.0,0.18,vol0.75_every5,0.75,0.19201247670915317,every5,-7.782123705932405,64,0.8909795954345534,0.8888207753901008,0.0021588200444524292,-0.04646310411985438,1.827870217312416,0.08394208427583819,167.8841685516764
jump_shift,2,validation,64,5.0,0.18,vol0.75_band05,0.75,0.19201247670915317,band05,-7.782123705932405,64,0.2993708729093648,0.29476287234710963,0.0046080005622550985,-0.06788225513530836,1.2166955757362523,0.09194207967249929,183.88415934499858
jump_shift,2,validation,64,5.0,0.18,vol0.75_band10,0.75,0.19201247670915317,band10,-7.782123705932405,64,0.42314000616727016,0.4186555722467654,0.004484433920504779,-0.06696591611039737,1.336801681288827,0.07908579512585953,158.17159025171907
jump_shift,2,validation,64,5.0,0.18,vol1_daily,1.0,0.2560166356122042,daily,-7.665126225899456,64,0.29726560255322354,0.29268957138999274,0.00457603116323084,-0.06764636844081758,1.148280302428509,0.110613469655046,221.226939310092
jump_shift,2,validation,64,5.0,0.18,vol1_every5,1.0,0.2560166356122042,every5,-7.665126225899456,64,0.8686526589390003,0.8666018598794252,0.002050799059575134,-0.04528574896780591,1.8175485584518423,0.08069263020288159,161.38526040576318
jump_shift,2,validation,64,5.0,0.18,vol1_band05,1.0,0.2560166356122042,band05,-7.665126225899456,64,0.3926507250389567,0.3873568494985438,0.00529387554041288,-0.07275902377308865,1.2767870493618814,0.08439388800343689,168.78777600687377
jump_shift,2,validation,64,5.0,0.18,vol1_band10,1.0,0.2560166356122042,band10,-7.665126225899456,64,0.6481587188112168,0.6431254084902056,0.0050333103210111925,-0.07094582666380872,1.610177792813235,0.07344928263754866,146.8985652750973
jump_shift,2,validation,64,5.0,0.18,vol1.25_daily,1.25,0.3200207945152553,daily,-7.430997408154006,64,0.3666787307611287,0.36208875340122626,0.004589977359902455,-0.06774937165688295,1.1635558370771375,0.10376579573038452,207.53159146076905
jump_shift,2,validation,64,5.0,0.18,vol1.25_every5,1.25,0.3200207945152553,every5,-7.430997408154006,64,0.9182309651227604,0.9160250557451752,0.002205909377585163,-0.04696710952980993,1.9345269486803354,0.07817762112592452,156.35524225184903
jump_shift,2,validation,64,5.0,0.18,vol1.25_band05,1.25,0.3200207945152553,band05,-7.430997408154006,64,0.5392805576455963,0.5345027207110498,0.004777836934546499,-0.06912189909534097,1.4577247651926237,0.0790920321035566,158.1840642071132
jump_shift,2,validation,64,5.0,0.18,vol1.25_band10,1.25,0.3200207945152553,band10,-7.430997408154006,64,0.8713828370337844,0.8671548545530705,0.004227982480714008,-0.06502293811197712,1.8883801564241924,0.0699676266794578,139.93525335891562
jump_shift,2,validation,256,5.0,0.18,vol0.75_daily,0.75,0.19201247670915317,daily,-7.758308872593358,256,0.3202645233031165,0.3152051502676488,0.005059373035467762,-0.0711292698926944,1.2412768422720628,0.1201837762932493,240.36755258649862
jump_shift,2,validation,256,5.0,0.18,vol0.75_every5,0.75,0.19201247670915317,every5,-7.758308872593358,256,0.898938539100671,0.8963604002268422,0.002578138873828993,-0.05077537664881466,1.9793699903025446,0.08417193551682993,168.34387103365987
jump_shift,2,validation,256,5.0,0.18,vol0.75_band05,0.75,0.19201247670915317,band05,-7.758308872593358,256,0.3582188541746499,0.3551216740946319,0.0030971800800179495,-0.055652314237756094,1.2211818653686404,0.09265179567536451,185.30359135072902
jump_shift,2,validation,256,5.0,0.18,vol0.75_band10,0.75,0.19201247670915317,band10,-7.758308872593358,256,0.454917439877576,0.45320187841309423,0.0017155614644818106,-0.04141933684261266,1.2873856014456888,0.07998619187303947,159.97238374607892
jump_shift,2,validation,256,5.0,0.18,vol1_daily,1.0,0.2560166356122042,daily,-7.651730382146242,256,0.3294348196283793,0.3258214908702922,0.0036133287580870387,-0.06011097036387816,1.041535397425794,0.1108836958256271,221.76739165125423
jump_shift,2,validation,256,5.0,0.18,vol1_every5,1.0,0.2560166356122042,every5,-7.651730382146242,256,0.8897228938653967,0.8882588203650328,0.0014640735003638061,-0.0382632134087534,1.8468478376775126,0.08068610800021478,161.37221600042957
jump_shift,2,validation,256,5.0,0.18,vol1_band05,1.0,0.2560166356122042,band05,-7.651730382146242,256,0.43379818761318156,0.4316205427766907,0.0021776448364908612,-0.046665242273997265,1.1743416446861104,0.08474804519808471,169.4960903961694
jump_shift,2,validation,256,5.0,0.18,vol1_band10,1.0,0.2560166356122042,band10,-7.651730382146242,256,0.6255840663759682,0.6242556087696209,0.00132845760634724,-0.0364480123785542,1.418715097908242,0.0741505034310184,148.30100686203681
jump_shift,2,validation,256,5.0,0.18,vol1.25_daily,1.25,0.3200207945152553,daily,-7.422424068151949,256,0.4137878178731603,0.4113748705615434,0.002412947311616846,-0.04912176006228651,1.103909736451045,0.10387974658483819,207.75949316967638
jump_shift,2,validation,256,5.0,0.18,vol1.25_every5,1.25,0.3200207945152553,every5,-7.422424068151949,256,0.9476114181806681,0.9467467335246759,0.0008646846559922306,-0.029405520842049893,1.8421552322337449,0.07802874916778521,156.05749833557041
jump_shift,2,validation,256,5.0,0.18,vol1.25_band05,1.25,0.3200207945152553,band05,-7.422424068151949,256,0.568742987201197,0.5674382090017486,0.0013047781994483703,-0.0361217136837162,1.3271990705936465,0.07929393467254359,158.58786934508717
jump_shift,2,validation,256,5.0,0.18,vol1.25_band10,1.25,0.3200207945152553,band10,-7.422424068151949,256,0.8257282622303515,0.825018013513735,0.0007102487166163451,-0.026650491864435542,1.6284623891211507,0.07043372304195553,140.86744608391106
jump_shift,2,test,,20.0,0.72,vol0.75_daily,0.75,0.19201247670915317,daily,-6.302173417090365,128,7.520732474267183,5.701221489371401,1.8195109848957802,-1.3488925030912509,7.835045015315971,0.48717491658913775,243.58745829456888
jump_shift,2,test,,20.0,0.72,vol0.75_every5,0.75,0.19201247670915317,every5,-6.302173417090365,128,5.209408162147119,4.066429640842094,1.1429785213050239,-1.069101735713222,6.048175518056692,0.3455352439988383,172.76762199941913
jump_shift,2,test,,20.0,0.72,vol0.75_band05,0.75,0.19201247670915317,band05,-6.302173417090365,128,6.979596188931627,5.336845377309448,1.642750811622178,-1.281698408995727,7.528993907597675,0.38168492517460395,190.84246258730198
jump_shift,2,test,,20.0,0.72,vol0.75_band10,0.75,0.19201247670915317,band10,-6.302173417090365,128,6.655934475039235,5.145299753919031,1.5106347211202031,-1.2290788099711927,7.129264950985885,0.3276275349843585,163.81376749217927
jump_shift,2,test,,20.0,0.72,vol1_daily,1.0,0.2560166356122042,daily,-6.832654188425809,128,6.959441569288702,5.132588720591168,1.826852848697534,-1.351611204709969,7.368692798853048,0.45311613775146786,226.5580688757339
jump_shift,2,test,,20.0,0.72,vol1_every5,1.0,0.2560166356122042,every5,-6.832654188425809,128,5.394178625506655,4.112697223631825,1.2814814018748293,-1.132025353901064,5.982949788432579,0.33510362205637273,167.55181102818636
jump_shift,2,test,,20.0,0.72,vol1_band05,1.0,0.2560166356122042,band05,-6.832654188425809,128,6.604361146619703,4.965760387204163,1.63860075941554,-1.2800784192445165,7.090265935622732,0.3517601170663776,175.8800585331888
jump_shift,2,test,,20.0,0.72,vol1_band10,1.0,0.2560166356122042,band10,-6.832654188425809,128,6.523259315966129,4.985283224283119,1.5379760916830107,-1.2401516406000561,6.792993769423052,0.30705179117129866,153.52589558564932
jump_shift,2,test,,20.0,0.72,vol1.25_daily,1.25,0.3200207945152553,daily,-6.898215304170872,128,6.719009048087456,4.886706087475316,1.8323029606121397,-1.3536258569531463,7.062420582762355,0.42779235811215166,213.89617905607588
jump_shift,2,test,,20.0,0.72,vol1.25_every5,1.25,0.3200207945152553,every5,-6.898215304170872,128,5.664702667485347,4.286636774916813,1.3780658925685325,-1.173910513015593,6.045785848920271,0.32703991801760257,163.51995900880127
jump_shift,2,test,,20.0,0.72,vol1.25_band05,1.25,0.3200207945152553,band05,-6.898215304170872,128,6.514188434107064,4.877957528018323,1.6362309060887406,-1.2791524170671533,6.817103308973208,0.3316009616107898,165.8004808053949
jump_shift,2,test,,20.0,0.72,vol1.25_band10,1.25,0.3200207945152553,band10,-6.898215304170872,128,6.6106264449944065,5.036811395085871,1.5738150499085344,-1.2545178555558842,6.575968904702639,0.2946056778340654,147.30283891703266
jump_shift,2,reference,,20.0,0.72,vol0.75_daily,0.75,0.19201247670915317,daily,-6.633352288638232,512,7.574172263794699,6.173638547562712,1.4005337162319873,-1.1834414714010943,6.794821094531058,0.5014928757019961,250.746437850998
jump_shift,2,reference,,20.0,0.72,vol0.75_every5,0.75,0.19201247670915317,every5,-6.633352288638232,512,7.648464126505555,6.617935667555977,1.0305284589495782,-1.0151494761608155,6.902914972653263,0.35278264416317207,176.39132208158603
jump_shift,2,reference,,20.0,0.72,vol0.75_band05,0.75,0.19201247670915317,band05,-6.633352288638232,512,6.887004253072787,5.764419623883166,1.1225846291896215,-1.0595209432520065,6.577515132077359,0.3880659672491229,194.03298362456144
jump_shift,2,reference,,20.0,0.72,vol0.75_band10,0.75,0.19201247670915317,band10,-6.633352288638232,512,6.458191815166719,5.48202736943022,0.9761644457365001,-0.9880103469784616,6.411521865795751,0.3343945013396062,167.19725066980308
jump_shift,2,reference,,20.0,0.72,vol1_daily,1.0,0.2560166356122042,daily,-7.0189423036714835,512,7.0186666992094855,5.7507648976096855,1.2679018015998005,-1.1260114571352284,6.540834247365796,0.46395040596428927,231.97520298214465
jump_shift,2,reference,,20.0,0.72,vol1_every5,1.0,0.2560166356122042,every5,-7.0189423036714835,512,6.9183837980000105,5.963473367328398,0.9549104306716106,-0.9771951855548668,6.544807858334662,0.33919480855767836,169.59740427883918
jump_shift,2,reference,,20.0,0.72,vol1_band05,1.0,0.2560166356122042,band05,-7.0189423036714835,512,6.50946700031387,5.494574640529876,1.0148923597839947,-1.0074186616218674,6.368414628361124,0.3557190038581053,177.85950192905264
jump_shift,2,reference,,20.0,0.72,vol1_band10,1.0,0.2560166356122042,band10,-7.0189423036714835,512,6.210308316825336,5.323172714779883,0.8871356020454525,-0.9418787618613409,6.258899283079322,0.31095996228977807,155.479981144889
jump_shift,2,reference,,20.0,0.72,vol1.25_daily,1.25,0.3200207945152553,daily,-7.017439697928104,512,6.653185908310274,5.487463735775161,1.1657221725351135,-1.0796861453844415,6.351138805812748,0.4355424302431815,217.77121512159076
jump_shift,2,reference,,20.0,0.72,vol1.25_every5,1.25,0.3200207945152553,every5,-7.017439697928104,512,6.479119438523528,5.584893794002735,0.8942256445207938,-0.9456350482722147,6.361684009453883,0.32862076164356735,164.31038082178367
jump_shift,2,reference,,20.0,0.72,vol1.25_band05,1.25,0.3200207945152553,band05,-7.017439697928104,512,6.271911548158869,5.339306503320018,0.9326050448388499,-0.9657147844155902,6.227031470853896,0.3335167294507107,166.75836472535534
jump_shift,2,reference,,20.0,0.72,vol1.25_band10,1.25,0.3200207945152553,band10,-7.017439697928104,512,6.057881438952599,5.245855522834019,0.8120259161185797,-0.9011248060721554,6.13875994693091,0.2955788340617267,147.78941703086335
jump_shift,2,validation,16,20.0,0.72,vol0.75_daily,0.75,0.19201247670915317,daily,-7.920434901705382,16,0.17745780477561812,0.1267992658880985,0.05065853888751958,-0.22507451852113242,1.0297880769526813,0.43046546866131685,215.2327343306584
jump_shift,2,validation,16,20.0,0.72,vol0.75_every5,0.75,0.19201247670915317,every5,-7.920434901705382,16,0.5050629269162212,0.4201266564338133,0.084936270482408,-0.2914382790273234,1.5394548791086182,0.32316247202584136,161.58123601292067
jump_shift,2,validation,16,20.0,0.72,vol0.75_band05,0.75,0.19201247670915317,band05,-7.920434901705382,16,0.22059456365546673,0.18220773302196985,0.03838683063349689,-0.19592557422015353,1.1212718207590524,0.33444903966676665,167.22451983338334
jump_shift,2,validation,16,20.0,0.72,vol0.75_band10,0.75,0.19201247670915317,band10,-7.920434901705382,16,0.5247500617127838,0.4770017489152863,0.04774831279749749,-0.21851387323805666,1.71437450089778,0.29422270338672935,147.11135169336467
jump_shift,2,validation,16,20.0,0.72,vol1_daily,1.0,0.2560166356122042,daily,-7.742926273521755,16,0.237304493074008,0.15003159308821173,0.08727289998579625,-0.29541987066850506,1.0956539586865253,0.40438296511314764,202.1914825565738
jump_shift,2,validation,16,20.0,0.72,vol1_every5,1.0,0.2560166356122042,every5,-7.742926273521755,16,0.6656394438066358,0.5482638391068029,0.11737560469983281,-0.3426012327762888,1.8649507480532783,0.313904792194714,156.952396097357
jump_shift,2,validation,16,20.0,0.72,vol1_band05,1.0,0.2560166356122042,band05,-7.742926273521755,16,0.4328229613805692,0.36226821094164513,0.07055475043892406,-0.2656214419788509,1.6080665353682686,0.3130424736262195,156.52123681310974
jump_shift,2,validation,16,20.0,0.72,vol1_band10,1.0,0.2560166356122042,band10,-7.742926273521755,16,0.886902105284288,0.7895843738751269,0.09731773140916103,-0.31195790005890384,2.2101606901299062,0.28159784468522453,140.79892234261223
jump_shift,2,validation,16,20.0,0.72,vol1.25_daily,1.25,0.3200207945152553,daily,-7.480789438632278,16,0.3804397089876521,0.2616873480306378,0.11875236095701426,-0.34460464442171157,1.4796664172572989,0.385458789895207,192.72939494760348
jump_shift,2,validation,16,20.0,0.72,vol1.25_every5,1.25,0.3200207945152553,every5,-7.480789438632278,16,0.8409927441441172,0.6971512826055039,0.14384146153861327,-0.3792643689283417,2.1327477880475407,0.3074673418966706,153.73367094833532
jump_shift,2,validation,16,20.0,0.72,vol1.25_band05,1.25,0.3200207945152553,band05,-7.480789438632278,16,0.699044163956586,0.6027296243200977,0.09631453963648821,-0.3103458387613538,2.002174583654895,0.29886211696289766,149.43105848144882
jump_shift,2,validation,16,20.0,0.72,vol1.25_band10,1.25,0.3200207945152553,band10,-7.480789438632278,16,1.2096587658404605,1.063230727251091,0.14642803858936956,-0.38265916765363084,2.5869450238878624,0.2754071967091906,137.7035983545953
jump_shift,2,validation,64,20.0,0.72,vol0.75_daily,0.75,0.19201247670915317,daily,-7.782123705932405,64,0.4944632517006086,0.31627635928461195,0.1781868924159967,-0.4221218928413885,1.7155377021710683,0.4784193212498223,239.20966062491118
jump_shift,2,validation,64,20.0,0.72,vol0.75_every5,0.75,0.19201247670915317,every5,-7.782123705932405,64,1.0024228772811798,0.9134463368131049,0.08897654046807493,-0.298289356947369,2.141502289055579,0.33576833710335274,167.8841685516764
jump_shift,2,validation,64,20.0,0.72,vol0.75_band05,0.75,0.19201247670915317,band05,-7.782123705932405,64,0.42014961543058205,0.3020140864777925,0.11813552895278964,-0.34370849415280624,1.5207618953484843,0.36776831868999715,183.88415934499858
jump_shift,2,validation,64,20.0,0.72,vol0.75_band10,0.75,0.19201247670915317,band10,-7.782123705932405,64,0.5086389332300563,0.4160871160618125,0.0925518171682439,-0.30422330148797594,1.580081357219082,0.3163431805034381,158.17159025171907
jump_shift,2,validation,64,20.0,0.72,vol1_daily,1.0,0.2560166356122042,daily,-7.665126225899456,64,0.4470207799276923,0.28743109460549676,0.15958968532219547,-0.39948677740595556,1.5041397582789127,0.442453878620184,221.226939310092
jump_shift,2,validation,64,20.0,0.72,vol1_every5,1.0,0.2560166356122042,every5,-7.665126225899456,64,0.9655699496059706,0.8829920882553463,0.08257786135062424,-0.28736363957645067,2.0734356123731046,0.32277052081152635,161.38526040576318
jump_shift,2,validation,64,20.0,0.72,vol1_band05,1.0,0.2560166356122042,band05,-7.665126225899456,64,0.48918135103258015,0.38294401907986475,0.10623733195271541,-0.32594068778339935,1.5365760205633494,0.33757555201374756,168.78777600687377
jump_shift,2,validation,64,20.0,0.72,vol1_band10,1.0,0.2560166356122042,band10,-7.665126225899456,64,0.7285397785102985,0.643687773662045,0.08485200484825343,-0.2912936745764546,1.823760038971405,0.29379713055019463,146.8985652750973
jump_shift,2,validation,64,20.0,0.72,vol1.25_daily,1.25,0.3200207945152553,daily,-7.430997408154006,64,0.4893911466286579,0.3457147012354563,0.14367644539320154,-0.3790467588480365,1.4697294647102057,0.4150631829215381,207.53159146076905
jump_shift,2,validation,64,20.0,0.72,vol1.25_every5,1.25,0.3200207945152553,every5,-7.430997408154006,64,1.0079417087154594,0.9286994739684895,0.07924223474697024,-0.2814999729075835,2.186490961151028,0.3127104845036981,156.35524225184903
jump_shift,2,validation,64,20.0,0.72,vol1.25_band05,1.25,0.3200207945152553,band05,-7.430997408154006,64,0.6244738343035365,0.5305941027147147,0.09387973158882179,-0.30639799540601076,1.6817431895113186,0.3163681284142264,158.1840642071132
jump_shift,2,validation,64,20.0,0.72,vol1.25_band10,1.25,0.3200207945152553,band10,-7.430997408154006,64,0.9499097296835356,0.8743255241978959,0.07558420548563963,-0.27492581815035055,2.0942156582729274,0.2798705067178312,139.93525335891562
jump_shift,2,validation,256,20.0,0.72,vol0.75_daily,0.75,0.19201247670915317,daily,-7.758308872593358,256,0.5436091791793202,0.3572610398227859,0.18634813935653435,-0.43168059877244236,1.719247320187945,0.4807351051729972,240.36755258649862
jump_shift,2,validation,256,20.0,0.72,vol0.75_every5,0.75,0.19201247670915317,every5,-7.758308872593358,256,1.0197499593838009,0.9277644175773668,0.09198554180643408,-0.3032911831993045,2.281694390529527,0.3366877420673197,168.34387103365987
jump_shift,2,validation,256,20.0,0.72,vol0.75_band05,0.75,0.19201247670915317,band05,-7.758308872593358,256,0.49647588824939703,0.3851817899068471,0.11129409834254994,-0.33360770126384964,1.5802283845921687,0.37060718270145804,185.30359135072902
jump_shift,2,validation,256,20.0,0.72,vol0.75_band10,0.75,0.19201247670915317,band10,-7.758308872593358,256,0.5487043462028394,0.46953081658151774,0.07917352962132158,-0.28137791246173105,1.5628972387516424,0.3199447674921579,159.97238374607892
jump_shift,2,validation,256,20.0,0.72,vol1_daily,1.0,0.2560166356122042,daily,-7.651730382146242,256,0.4852241985579894,0.3309621644786812,0.15426203407930814,-0.3927620578407595,1.4171219947991216,0.4435347833025084,221.76739165125423
jump_shift,2,validation,256,20.0,0.72,vol1_every5,1.0,0.2560166356122042,every5,-7.651730382146242,256,0.9854533002518445,0.906873135916276,0.07858016433556841,-0.2803215374093978,2.1050658525083263,0.3227444320008591,161.37221600042957
jump_shift,2,validation,256,20.0,0.72,vol1_band05,1.0,0.2560166356122042,band05,-7.651730382146242,256,0.5306768267326512,0.4401303730435931,0.09054645368905807,-0.30090937786825134,1.4637527002000816,0.33899218079233884,169.4960903961694
jump_shift,2,validation,256,20.0,0.72,vol1_band10,1.0,0.2560166356122042,band10,-7.651730382146242,256,0.7003656261312516,0.6333366632916644,0.0670289628395872,-0.25889952267160943,1.6504604372585885,0.2966020137240736,148.30100686203681
jump_shift,2,validation,256,20.0,0.72,vol1.25_daily,1.25,0.3200207945152553,daily,-7.422424068151949,256,0.5322305619049779,0.4020820629161599,0.13014849898881797,-0.3607609998168011,1.396618499915472,0.41551898633935275,207.75949316967638
jump_shift,2,validation,256,20.0,0.72,vol1.25_every5,1.25,0.3200207945152553,every5,-7.422424068151949,256,1.0291656785848944,0.9597377665991055,0.06942791198578886,-0.26349176834540555,2.0726398796350582,0.31211499667114084,156.05749833557041
jump_shift,2,validation,256,20.0,0.72,vol1.25_band05,1.25,0.3200207945152553,band05,-7.422424068151949,256,0.6447619466212589,0.5696840189085466,0.07507792771271232,-0.2740035177013469,1.5470431164688165,0.31717573869017435,158.58786934508717
jump_shift,2,validation,256,20.0,0.72,vol1.25_band10,1.25,0.3200207945152553,band10,-7.422424068151949,256,0.8913768040764665,0.8347558111084228,0.05662099296804368,-0.23795166099030216,1.8214520537374672,0.2817348921678221,140.86744608391106
