date,USD,JPY
1999-01-04,1.1789,133.73
1999-01-05,1.179,130.96
1999-01-06,1.1743,131.42
1999-01-07,1.1632,129.43
1999-01-08,1.1659,130.09
1999-01-11,1.1569,126.33
1999-01-12,1.152,129.63
1999-01-13,1.1744,131.89
1999-01-14,1.1653,132.74
1999-01-15,1.1626,131.74
1999-01-18,1.1612,132.9
1999-01-19,1.1616,132.14
1999-01-20,1.1575,131.59
1999-01-21,1.1572,130.34
1999-01-22,1.1567,131.88
1999-01-25,1.1584,132.09
1999-01-26,1.1582,131.81
1999-01-27,1.1529,131.91
1999-01-28,1.141,132.25
1999-01-29,1.1384,132.1
1999-02-01,1.1338,130.88
1999-02-02,1.1337,127.7
1999-02-03,1.1337,126.86
1999-02-04,1.1263,127.65
1999-02-05,1.1292,127.95
1999-02-08,1.1246,127.82
1999-02-09,1.1333,129.91
1999-02-10,1.1342,130.73
1999-02-11,1.1312,129.35
1999-02-12,1.1244,128.92
1999-02-15,1.1238,129.31
1999-02-16,1.1176,131.82
1999-02-17,1.1253,133.48
1999-02-18,1.1232,134.4
1999-02-19,1.1163,133.97
1999-02-22,1.0992,133.61
1999-02-23,1.0969,133.14
1999-02-24,1.1037,133.86
1999-02-25,1.1031,132.87
1999-02-26,1.1018,131.33
1999-03-01,1.0986,131.13
1999-03-02,1.0887,131.37
1999-03-03,1.0899,132.18
1999-03-04,1.0866,133.92
1999-03-05,1.0834,133.19
1999-03-08,1.0908,132.77
1999-03-09,1.0863,132.45
1999-03-10,1.0953,131.74
1999-03-11,1.0891,131
1999-03-12,1.0932,130.8
1999-03-15,1.0949,128.85
1999-03-16,1.0901,128.65
1999-03-17,1.0966,130.18
1999-03-18,1.1012,129.78
1999-03-19,1.0915,127.99
1999-03-22,1.0864,128
1999-03-23,1.0896,128.94
1999-03-24,1.0928,128.6
1999-03-25,1.0898,128.65
1999-03-26,1.0815,128.93
1999-03-29,1.0692,128.78
1999-03-30,1.0711,128.86
1999-03-31,1.0742,127.81
1999-04-01,1.0772,128.72
1999-04-02,1.0772,129.85
1999-04-05,1.0752,130.55
1999-04-06,1.0726,129.99
1999-04-07,1.0812,131.27
1999-04-08,1.0818,130.45
1999-04-09,1.0778,130.75
1999-04-12,1.0867,130.27
1999-04-13,1.0765,129.66
1999-04-14,1.0787,128.55
1999-04-15,1.0786,128.01
1999-04-16,1.0668,126.16
1999-04-19,1.0636,125.67
1999-04-20,1.0646,125.48
1999-04-21,1.0586,126.26
1999-04-22,1.0581,126.95
1999-04-23,1.0634,127.25
1999-04-26,1.0614,126.22
1999-04-27,1.063,127.34
1999-04-28,1.0666,127.05
1999-04-29,1.0604,126.16
1999-04-30,1.0597,126.9
1999-05-03,1.0589,126.93
1999-05-04,1.0564,128.04
1999-05-05,1.0667,128.78
1999-05-06,1.0799,130.6
1999-05-07,1.0786,130.13
1999-05-10,1.0735,129.82
1999-05-11,1.0732,129.97
1999-05-12,1.0645,128.88
1999-05-13,1.0622,129.2
1999-05-14,1.0676,130.78
1999-05-17,1.0685,131.47
1999-05-18,1.069,131.62
1999-05-19,1.0634,132.4
1999-05-20,1.0639,132.16
1999-05-21,1.0572,131.25
1999-05-24,1.0585,130.86
1999-05-25,1.0627,130.41
1999-05-26,1.0535,128.77
1999-05-27,1.0473,128.05
1999-05-28,1.0479,126.7
1999-05-31,1.0456,127.18
1999-06-01,1.0434,126.35
1999-06-02,1.0382,125.71
1999-06-03,1.0382,125.8
1999-06-04,1.0315,125.45
1999-06-07,1.0316,124.7
1999-06-08,1.0385,125.99
1999-06-09,1.0466,124.48
1999-06-10,1.0474,124.5
1999-06-11,1.0474,124.09
1999-06-14,1.0437,125.42
1999-06-15,1.0392,125.27
1999-06-16,1.0345,124.4
1999-06-17,1.034,123.97
1999-06-18,1.0388,124.52
1999-06-21,1.0339,126.3
1999-06-22,1.0313,125.6
1999-06-23,1.028,125.55
1999-06-24,1.0321,126.05
1999-06-25,1.0443,126.8
1999-06-28,1.0388,125.96
1999-06-29,1.0364,125.3
1999-06-30,1.0328,124.82
1999-07-01,1.0264,124.12
1999-07-02,1.0241,123.93
1999-07-05,1.0232,125.18
1999-07-06,1.0221,124.87
1999-07-07,1.0222,124.77
1999-07-08,1.0182,124.72
1999-07-09,1.0204,124.66
1999-07-12,1.0124,123.82
1999-07-13,1.0183,123.83
1999-07-14,1.0168,122.97
1999-07-15,1.0201,123.04
1999-07-16,1.0202,123.15
1999-07-19,1.0146,121.6
1999-07-20,1.041,123.09
1999-07-21,1.0462,124.2
1999-07-22,1.0499,124.06
1999-07-23,1.0496,121.96
1999-07-26,1.0698,123.8
1999-07-27,1.0627,124.27
1999-07-28,1.0603,123.15
1999-07-29,1.068,123.18
1999-07-30,1.0694,123.19
1999-08-02,1.0665,121.88
1999-08-03,1.0645,122.69
1999-08-04,1.0761,123.39
1999-08-05,1.0791,123.37
1999-08-06,1.074,123.13
1999-08-09,1.0705,123.37
1999-08-10,1.0737,123.25
1999-08-11,1.0668,122.92
1999-08-12,1.0638,123.25
1999-08-13,1.0667,122.41
1999-08-16,1.0553,121.28
1999-08-17,1.0527,120.34
1999-08-18,1.0517,118.9
1999-08-19,1.0517,117.02
1999-08-20,1.0667,119.16
1999-08-23,1.0606,118.03
1999-08-24,1.0512,117.42
1999-08-25,1.0433,115.7
1999-08-26,1.0452,116.38
1999-08-27,1.045,116.68
1999-08-30,1.0454,116.1
1999-08-31,1.0573,115.53
1999-09-01,1.0613,116
1999-09-02,1.0662,116.16
1999-09-03,1.0682,117.32
1999-09-06,1.0594,116.3
1999-09-07,1.0565,117.44
1999-09-08,1.0613,117.49
1999-09-09,1.0592,115.36
1999-09-10,1.052,115
1999-09-13,1.0342,109.85
1999-09-14,1.0362,110.25
1999-09-15,1.0369,107.94
1999-09-16,1.0372,108.08
1999-09-17,1.0397,110.66
1999-09-20,1.0406,112.08
1999-09-21,1.0388,108.72
1999-09-22,1.0509,109.48
1999-09-23,1.043,108.45
1999-09-24,1.0476,109.4
1999-09-27,1.0414,109.67
1999-09-28,1.0483,111.31
1999-09-29,1.0563,112.85
1999-09-30,1.0665,112.67
1999-10-01,1.0728,113.25
1999-10-04,1.0719,113.6
1999-10-05,1.0686,113.98
1999-10-06,1.0737,115.58
1999-10-07,1.0729,115.48
1999-10-08,1.0657,114.55
1999-10-11,1.0631,113.42
1999-10-12,1.0668,113.45
1999-10-13,1.0778,116.24
1999-10-14,1.0758,114.95
1999-10-15,1.0869,115.15
1999-10-18,1.0868,114.23
1999-10-19,1.0818,114.3
1999-10-20,1.0777,114.44
1999-10-21,1.0797,114.52
1999-10-22,1.0758,113.65
1999-10-25,1.0683,112.66
1999-10-26,1.0633,111.33
1999-10-27,1.0552,109.75
1999-10-28,1.0534,109.79
1999-10-29,1.0453,109.59
1999-11-01,1.0572,110.23
1999-11-02,1.0507,110.12
1999-11-03,1.0491,109.17
1999-11-04,1.0504,110
1999-11-05,1.0408,109.79
1999-11-08,1.0405,110.36
1999-11-09,1.0424,109.37
1999-11-10,1.0402,109.33
1999-11-11,1.0406,109.3
1999-11-12,1.0308,108.22
1999-11-15,1.0301,107.99
1999-11-16,1.0336,109.42
1999-11-17,1.0408,109.58
1999-11-18,1.038,109.63
1999-11-19,1.0279,109.1
1999-11-22,1.0311,108.35
1999-11-23,1.0315,107.98
1999-11-24,1.0215,106.62
1999-11-25,1.0194,106.25
1999-11-26,1.0101,104.86
1999-11-29,1.0077,102.82
1999-11-30,1.0097,103
1999-12-01,1.0091,103.35
1999-12-02,1.0057,103.03
1999-12-03,1.0015,102.57
1999-12-06,1.0182,104.62
1999-12-07,1.0239,105.05
1999-12-08,1.0236,105.32
1999-12-09,1.0175,104.4
1999-12-10,1.0141,103.81
1999-12-13,1.0128,103.95
1999-12-14,1.0038,104.06
1999-12-15,1.0021,103.7
1999-12-16,1.0146,104.47
1999-12-17,1.0128,104.68
1999-12-20,1.0096,103.84
1999-12-21,1.0084,103.07
1999-12-22,1.0074,102.48
1999-12-23,1.0089,102.52
1999-12-24,1.0142,104.29
1999-12-27,1.0134,103.75
1999-12-28,1.0089,103.13
1999-12-29,1.0072,103.02
1999-12-30,1.0046,102.73
2000-01-03,1.009,102.75
2000-01-04,1.0305,105.88
2000-01-05,1.0368,107.34
2000-01-06,1.0388,108.72
2000-01-07,1.0284,108.09
2000-01-10,1.0229,107.26
2000-01-11,1.0256,108.85
2000-01-12,1.0308,109.1
2000-01-13,1.0276,108.89
2000-01-14,1.0225,108.05
2000-01-17,1.0094,105.81
2000-01-18,1.0093,106.42
2000-01-19,1.0105,106.99
2000-01-20,1.0089,106.44
2000-01-21,1.0097,105.53
2000-01-24,1.0027,105.54
2000-01-25,1.0008,105.69
2000-01-26,1.0019,106.04
2000-01-27,0.9976,105.43
2000-01-28,0.9848,103.74
2000-01-31,0.9791,104.62
2000-02-01,0.971,104.62
2000-02-02,0.9717,105.51
2000-02-03,0.9748,105.78
2000-02-04,0.9835,105.99
2000-02-07,0.9767,106.02
2000-02-08,0.9903,107.91
2000-02-09,0.9934,108.16
2000-02-10,0.9868,107.11
2000-02-11,0.9801,107.42
2000-02-14,0.9867,106.85
2000-02-15,0.9778,106.46
2000-02-16,0.9804,106.97
2000-02-17,0.9919,109.3
2000-02-18,0.9857,109.27
2000-02-21,0.9857,109.73
2000-02-22,1.0022,111.11
2000-02-23,1.0068,111.88
2000-02-24,0.9898,109.55
2000-02-25,0.9813,108.79
2000-02-28,0.9639,105.22
2000-02-29,0.9714,106.81
2000-03-01,0.9667,104.65
2000-03-02,0.9725,104.38
2000-03-03,0.9659,104.17
2000-03-06,0.964,103.47
2000-03-07,0.9593,103
2000-03-08,0.9543,102.24
2000-03-09,0.9616,102.44
2000-03-10,0.9613,102.27
2000-03-13,0.9716,102.23
2000-03-14,0.962,100.93
2000-03-15,0.9647,101.74
2000-03-16,0.9663,101.73
2000-03-17,0.9672,102.31
2000-03-20,0.9715,103.71
2000-03-21,0.9701,103.46
2000-03-22,0.9603,102.88
2000-03-23,0.9656,103.88
2000-03-24,0.9715,104.09
2000-03-27,0.9712,103.77
2000-03-28,0.9647,102.59
2000-03-29,0.9568,100.77
2000-03-30,0.9555,100.35
2000-03-31,0.9553,98.53
2000-04-03,0.9564,100.27
2000-04-04,0.9538,100.74
2000-04-05,0.9673,101.71
2000-04-06,0.9625,101.04
2000-04-07,0.9564,100.71
2000-04-10,0.959,101.92
2000-04-11,0.9594,102.61
2000-04-12,0.9576,101.11
2000-04-13,0.9537,101.09
2000-04-14,0.954,100.86
2000-04-17,0.9573,99.4
2000-04-18,0.9497,98.97
2000-04-19,0.9461,98.79
2000-04-20,0.9376,98.37
2000-04-25,0.9302,98.15
2000-04-26,0.9193,97.85
2000-04-27,0.9163,97.57
2000-04-28,0.9085,97.48
2000-05-02,0.9116,99.15
2000-05-03,0.8913,97.46
2000-05-04,0.8947,97.35
2000-05-05,0.8984,97.21
2000-05-08,0.8952,97.17
2000-05-09,0.8978,98.25
2000-05-10,0.9107,99.13
2000-05-11,0.9079,98.53
2000-05-12,0.9029,98.01
2000-05-15,0.9147,100.07
2000-05-16,0.9065,98.89
2000-05-17,0.8922,97.98
2000-05-18,0.8942,97.6
2000-05-19,0.8875,95.69
2000-05-22,0.9,96.57
2000-05-23,0.9111,97.3
2000-05-24,0.9098,97.58
2000-05-25,0.8981,96.81
2000-05-26,0.9143,98.22
2000-05-29,0.9262,99.32
2000-05-30,0.9359,99.8
2000-05-31,0.9303,99.9
2000-06-01,0.933,101.41
2000-06-02,0.9355,101.62
2000-06-05,0.9433,101.51
2000-06-06,0.9485,101.24
2000-06-07,0.9554,101
2000-06-08,0.9668,102.12
2000-06-09,0.949,101.42
2000-06-12,0.9527,101.55
2000-06-13,0.9583,102.05
2000-06-14,0.9636,102.52
2000-06-15,0.9524,100.92
2000-06-16,0.9565,101.65
2000-06-19,0.964,101.86
2000-06-20,0.9538,100.62
2000-06-21,0.947,99.76
2000-06-22,0.9405,99.1
2000-06-23,0.9413,98.12
2000-06-26,0.9327,98.38
2000-06-27,0.9401,99.16
2000-06-28,0.9415,99.56
2000-06-29,0.9504,99.56
2000-06-30,0.9556,100.57
2000-07-03,0.9493,100.58
2000-07-04,0.9487,100.78
2000-07-05,0.9537,101.73
2000-07-06,0.9542,102.44
2000-07-07,0.9483,101.86
2000-07-10,0.9523,101.82
2000-07-11,0.9527,101.77
2000-07-12,0.9499,102.29
2000-07-13,0.9349,100.12
2000-07-14,0.9344,100.82
2000-07-17,0.9352,101.65
2000-07-18,0.9353,100.93
2000-07-19,0.9216,99.6
2000-07-20,0.922,99.74
2000-07-21,0.9363,101.53
2000-07-24,0.9332,101.64
2000-07-25,0.941,102.78
2000-07-26,0.939,102.43
2000-07-27,0.9389,102.26
2000-07-28,0.9276,101.29
2000-07-31,0.9243,101.04
2000-08-01,0.9264,101.56
2000-08-02,0.9142,99.8
2000-08-03,0.9028,97.85
2000-08-04,0.9031,98.02
2000-08-07,0.9084,98.85
2000-08-08,0.9047,98.2
2000-08-09,0.8973,96.81
2000-08-10,0.9031,97.93
2000-08-11,0.9132,99.31
2000-08-14,0.9011,98.58
2000-08-15,0.9118,99.78
2000-08-16,0.9072,98.45
2000-08-17,0.914,99.12
2000-08-18,0.9127,99.42
2000-08-21,0.9023,97.63
2000-08-22,0.8972,97.27
2000-08-23,0.8918,95.7
2000-08-24,0.9012,96.64
2000-08-25,0.9021,96.61
2000-08-28,0.9007,95.88
2000-08-29,0.8965,95.44
2000-08-30,0.8909,94.8
2000-08-31,0.8906,94.77
2000-09-01,0.8902,94.77
2000-09-04,0.9,95.12
2000-09-05,0.8886,94.18
2000-09-06,0.8818,93.27
2000-09-07,0.8676,91.21
2000-09-08,0.8735,92.25
2000-09-11,0.8609,91.35
2000-09-12,0.8614,91.55
2000-09-13,0.8654,92.83
2000-09-14,0.8693,93.15
2000-09-15,0.8615,92.64
2000-09-18,0.8526,91.1
2000-09-19,0.8541,91.31
2000-09-20,0.8476,90.3
2000-09-21,0.8524,90.72
2000-09-22,0.889,95.75
2000-09-25,0.877,94.37
2000-09-26,0.8757,93.95
2000-09-27,0.8861,95.49
2000-09-28,0.8832,94.98
2000-09-29,0.8765,94.94
2000-10-02,0.8802,95.49
2000-10-03,0.8763,95.14
2000-10-04,0.873,95.31
2000-10-05,0.8786,95.95
2000-10-06,0.8703,94.82
2000-10-09,0.8695,94.75
2000-10-10,0.8721,94.2
2000-10-11,0.872,94.17
2000-10-12,0.8648,93
2000-10-13,0.8627,93
2000-10-16,0.8511,92.09
2000-10-17,0.8496,91.73
2000-10-18,0.8525,92.27
2000-10-19,0.8411,90.93
2000-10-20,0.8452,92.06
2000-10-23,0.8377,91
2000-10-24,0.8386,90.76
2000-10-25,0.8307,89.8
2000-10-26,0.8252,89.3
2000-10-27,0.8324,90.53
2000-10-30,0.8482,92.21
2000-10-31,0.8417,91.88
2000-11-01,0.8554,92.83
2000-11-02,0.8646,93.63
2000-11-03,0.873,93.63
2000-11-06,0.8667,92.86
2000-11-07,0.8587,92.13
2000-11-08,0.8559,92.22
2000-11-09,0.8531,91.55
2000-11-10,0.8673,93.42
2000-11-13,0.862,92.82
2000-11-14,0.8583,92.6
2000-11-15,0.8596,93.22
2000-11-16,0.8569,93.29
2000-11-17,0.8535,92.95
2000-11-20,0.8488,92.7
2000-11-21,0.8474,93.28
2000-11-22,0.8429,92.46
2000-11-23,0.8427,92.9
2000-11-24,0.8436,93.78
2000-11-27,0.8406,93.44
2000-11-28,0.8561,94.54
2000-11-29,0.865,95.01
2000-11-30,0.8684,96.44
2000-12-01,0.8735,97.75
2000-12-04,0.8908,98.6
2000-12-05,0.881,97.52
2000-12-06,0.8828,97.76
2000-12-07,0.8943,98.9
2000-12-08,0.8895,98.75
2000-12-11,0.8804,97.53
2000-12-12,0.8782,97.89
2000-12-13,0.8748,98.4
2000-12-14,0.8839,99.55
2000-12-15,0.8984,100.93
2000-12-18,0.8966,100.54
2000-12-19,0.8903,99.96
2000-12-20,0.9059,102.05
2000-12-21,0.9146,102.37
2000-12-22,0.924,103.78
2000-12-27,0.931,106.08
2000-12-28,0.9285,106.4
2000-12-29,0.9305,106.92
2001-01-02,0.9423,108.26
2001-01-03,0.953,108.88
2001-01-04,0.9458,108.25
2001-01-05,0.9545,111.22
2001-01-08,0.9497,110.55
2001-01-09,0.9401,108.78
2001-01-10,0.9412,109.33
2001-01-11,0.9523,111.75
2001-01-12,0.9545,112.35
2001-01-15,0.9428,111.92
2001-01-16,0.9412,111.27
2001-01-17,0.9396,110.6
2001-01-18,0.9404,111.28
2001-01-19,0.94,110.66
2001-01-22,0.929,108.28
2001-01-23,0.9407,110.22
2001-01-24,0.9294,109.79
2001-01-25,0.9146,107.15
2001-01-26,0.9228,107.69
2001-01-29,0.9193,107.15
2001-01-30,0.9197,107.38
2001-01-31,0.9293,107.87
2001-02-01,0.9406,108.7
2001-02-02,0.9407,108.43
2001-02-05,0.9425,108.78
2001-02-06,0.9322,107.05
2001-02-07,0.9325,108.36
2001-02-08,0.922,106.97
2001-02-09,0.9227,108.3
2001-02-12,0.9288,109.22
2001-02-13,0.9275,108.59
2001-02-14,0.9178,106.61
2001-02-15,0.909,105.51
2001-02-16,0.9113,104.88
2001-02-19,0.9213,106.71
2001-02-20,0.907,104.86
2001-02-21,0.9146,106.69
2001-02-22,0.9056,105.33
2001-02-23,0.9064,105.7
2001-02-26,0.9105,106.07
2001-02-27,0.9163,106.41
2001-02-28,0.9248,108.45
2001-03-01,0.9269,108.72
2001-03-02,0.9363,111.55
2001-03-05,0.9305,111.14
2001-03-06,0.9279,109.89
2001-03-07,0.9307,111.38
2001-03-08,0.9312,111.38
2001-03-09,0.9357,111.71
2001-03-12,0.9272,111.44
2001-03-13,0.9202,110.27
2001-03-14,0.9182,110.06
2001-03-15,0.9064,110.53
2001-03-16,0.8947,109.85
2001-03-19,0.8996,109.83
2001-03-20,0.902,110.64
2001-03-21,0.899,111.25
2001-03-22,0.8889,110.25
2001-03-23,0.8922,109.69
2001-03-26,0.8935,110.08
2001-03-27,0.8952,110.16
2001-03-28,0.886,107.81
2001-03-29,0.884,108.96
2001-03-30,0.8832,110.74
2001-04-02,0.8772,110.83
2001-04-03,0.8845,111.36
2001-04-04,0.9032,113.52
2001-04-05,0.902,112.04
2001-04-06,0.894,111.38
2001-04-09,0.9018,112.8
2001-04-10,0.8945,111.34
2001-04-11,0.884,109.8
2001-04-12,0.8849,109
2001-04-17,0.8791,108.75
2001-04-18,0.8778,107.82
2001-04-19,0.8827,107.49
2001-04-20,0.8989,110.18
2001-04-23,0.9002,109.71
2001-04-24,0.8973,109.14
2001-04-25,0.8947,109.55
2001-04-26,0.9013,110.36
2001-04-27,0.9023,112.01
2001-04-30,0.8876,109.67
2001-05-02,0.8907,108.81
2001-05-03,0.8903,108.24
2001-05-04,0.8939,108.19
2001-05-07,0.8919,108.2
2001-05-08,0.8866,108.21
2001-05-09,0.8827,107.5
2001-05-10,0.885,108.17
2001-05-11,0.8773,107.35
2001-05-14,0.8745,107.62
2001-05-15,0.8768,108.35
2001-05-16,0.8834,109.26
2001-05-17,0.8815,108.58
2001-05-18,0.8777,108.35
2001-05-21,0.8754,107.79
2001-05-22,0.8685,106.96
2001-05-23,0.8585,104.01
2001-05-24,0.8604,103.15
2001-05-25,0.8591,103.54
2001-05-28,0.8584,103.98
2001-05-29,0.8552,102.88
2001-05-30,0.8558,102.77
2001-05-31,0.848,101
2001-06-01,0.8478,100.62
2001-06-04,0.8513,101.9
2001-06-05,0.8465,101.44
2001-06-06,0.8543,103.13
2001-06-07,0.8466,101.7
2001-06-08,0.8468,102.14
2001-06-11,0.8494,103.39
2001-06-12,0.8474,103.16
2001-06-13,0.8542,104.28
2001-06-14,0.8492,103.52
2001-06-15,0.8662,104.74
2001-06-18,0.8581,105.71
2001-06-19,0.8563,105.43
2001-06-20,0.8513,105
2001-06-21,0.8552,106.12
2001-06-22,0.8528,105.98
2001-06-25,0.8607,106.71
2001-06-26,0.8611,106.71
2001-06-27,0.8622,107.05
2001-06-28,0.8511,106.15
2001-06-29,0.848,105.37
2001-07-02,0.8455,105.16
2001-07-03,0.8497,105.43
2001-07-04,0.8453,105.16
2001-07-05,0.8422,105.74
2001-07-06,0.8384,105.65
2001-07-09,0.8459,106.19
2001-07-10,0.8545,107.28
2001-07-11,0.8611,107.21
2001-07-12,0.8538,106.16
2001-07-13,0.8539,106.12
2001-07-16,0.8583,107.45
2001-07-17,0.8516,106.65
2001-07-18,0.863,107.8
2001-07-19,0.8723,107.7
2001-07-20,0.8776,108.36
2001-07-23,0.8676,107.62
2001-07-24,0.8708,108.07
2001-07-25,0.8793,108.9
2001-07-26,0.8764,108.58
2001-07-27,0.8768,108.65
2001-07-30,0.8751,109.45
2001-07-31,0.8755,109.3
2001-08-01,0.8817,109.85
2001-08-02,0.8788,109.02
2001-08-03,0.8806,109.05
2001-08-06,0.8805,109.08
2001-08-07,0.8768,108.74
2001-08-08,0.8763,107.94
2001-08-09,0.8853,109.16
2001-08-10,0.8936,109.31
2001-08-13,0.8991,109.33
2001-08-14,0.8968,110.04
2001-08-15,0.9114,109.62
2001-08-16,0.9144,109.66
2001-08-17,0.9138,110.34
2001-08-20,0.9149,110.18
2001-08-21,0.9128,109.4
2001-08-22,0.9216,110.39
2001-08-23,0.9112,109.65
2001-08-24,0.9108,109.56
2001-08-27,0.909,109.18
2001-08-28,0.9042,108.75
2001-08-29,0.9122,108.94
2001-08-30,0.9095,108.95
2001-08-31,0.9158,108.65
2001-09-03,0.9072,107.92
2001-09-04,0.897,107.1
2001-09-05,0.8891,106.93
2001-09-06,0.8855,107.36
2001-09-07,0.8952,108.32
2001-09-10,0.9047,109.05
2001-09-11,0.8964,109.3
2001-09-12,0.9052,108.15
2001-09-13,0.906,107.88
2001-09-14,0.9219,108.33
2001-09-17,0.9269,108.61
2001-09-18,0.9256,108.5
2001-09-19,0.9258,108.84
2001-09-20,0.9259,108.15
2001-09-21,0.92,107.18
2001-09-24,0.9164,107.47
2001-09-25,0.9176,107.53
2001-09-26,0.9219,108.62
2001-09-27,0.9205,109.75
2001-09-28,0.9131,109.02
2001-10-01,0.9125,109.2
2001-10-02,0.9189,110.73
2001-10-03,0.9209,111.54
2001-10-04,0.9117,109.95
2001-10-05,0.9174,110.31
2001-10-08,0.9214,110.35
2001-10-09,0.9193,110.61
2001-10-10,0.9136,109.63
2001-10-11,0.9062,109.55
2001-10-12,0.904,109.65
2001-10-15,0.9097,109.8
2001-10-16,0.9052,110.05
2001-10-17,0.9022,109.75
2001-10-18,0.9026,109.23
2001-10-19,0.9009,109.1
2001-10-22,0.8969,109.18
2001-10-23,0.8887,109.03
2001-10-24,0.8917,109.48
2001-10-25,0.8889,109.56
2001-10-26,0.8911,109.25
2001-10-29,0.9005,109.94
2001-10-30,0.9064,110.42
2001-10-31,0.9042,110.37
2001-11-01,0.9097,110.72
2001-11-02,0.9056,110.05
2001-11-05,0.8961,109.3
2001-11-06,0.8961,108.46
2001-11-07,0.9014,108.98
2001-11-08,0.8972,108.25
2001-11-09,0.893,107.47
2001-11-12,0.8919,107.66
2001-11-13,0.8842,107.14
2001-11-14,0.8803,107.2
2001-11-15,0.8825,107.91
2001-11-16,0.8845,108.46
2001-11-19,0.8793,108.48
2001-11-20,0.8824,108.47
2001-11-21,0.8791,108.02
2001-11-22,0.8778,108.66
2001-11-23,0.8795,109.1
2001-11-26,0.8818,109.33
2001-11-27,0.8788,108.99
2001-11-28,0.8831,108.94
2001-11-29,0.8887,109.23
2001-11-30,0.8898,110.06
2001-12-03,0.8925,110.21
2001-12-04,0.8902,110.5
2001-12-05,0.8919,110.84
2001-12-06,0.8889,110.72
2001-12-07,0.8911,111.5
2001-12-10,0.885,111.82
2001-12-11,0.8908,112.3
2001-12-12,0.8938,112.6
2001-12-13,0.8975,113.29
2001-12-14,0.9016,115.05
2001-12-17,0.9049,115.68
2001-12-18,0.9012,115.26
2001-12-19,0.8983,114.68
2001-12-20,0.8973,115.05
2001-12-21,0.8943,115.88
2001-12-24,0.8798,114.23
2001-12-27,0.8823,115.9
2001-12-28,0.8813,115.33
2002-01-02,0.9038,119.53
2002-01-03,0.9036,119.02
2002-01-04,0.8954,117.18
2002-01-07,0.8905,116.72
2002-01-08,0.8909,118.22
2002-01-09,0.8921,118.05
2002-01-10,0.8909,117.96
2002-01-11,0.8919,117.82
2002-01-14,0.8927,117.64
2002-01-15,0.8922,116.97
2002-01-16,0.8817,115.83
2002-01-17,0.8819,116.47
2002-01-18,0.881,117.08
2002-01-21,0.884,117.24
2002-01-22,0.883,118.53
2002-01-23,0.8856,118.72
2002-01-24,0.8767,117.95
2002-01-25,0.8663,116.35
2002-01-28,0.8578,114.91
2002-01-29,0.8624,114.94
2002-01-30,0.8642,114.69
2002-01-31,0.8637,114.73
2002-02-01,0.8632,115.66
2002-02-04,0.8644,115.22
2002-02-05,0.8683,115.68
2002-02-06,0.8664,115.55
2002-02-07,0.8664,115.74
2002-02-08,0.874,117.46
2002-02-11,0.8794,117.76
2002-02-12,0.8753,116.95
2002-02-13,0.8731,115.65
2002-02-14,0.8693,114.91
2002-02-15,0.8705,115.61
2002-02-18,0.8715,115.68
2002-02-19,0.8692,116.3
2002-02-20,0.8743,116.9
2002-02-21,0.8701,116.79
2002-02-22,0.8747,117.07
2002-02-25,0.8724,116.66
2002-02-26,0.8682,116.38
2002-02-27,0.8649,116.6
2002-02-28,0.8651,116.07
2002-03-01,0.8679,115.69
2002-03-04,0.8649,114.4
2002-03-05,0.8682,114.46
2002-03-06,0.8712,114.86
2002-03-07,0.8764,112.96
2002-03-08,0.8797,112.5
2002-03-11,0.8741,112.52
2002-03-12,0.8733,112.4
2002-03-13,0.8734,113.02
2002-03-14,0.8803,113.25
2002-03-15,0.8853,114.12
2002-03-18,0.8792,115.31
2002-03-19,0.8829,115.97
2002-03-20,0.8814,115.72
2002-03-21,0.8817,116.56
2002-03-22,0.8795,116.76
2002-03-25,0.8759,116.66
2002-03-26,0.8737,116.32
2002-03-27,0.8746,115.92
2002-03-28,0.8724,115.51
2002-04-02,0.8786,117.2
2002-04-03,0.8803,116.87
2002-04-04,0.8818,116.68
2002-04-05,0.8786,115.98
2002-04-08,0.8778,115.61
2002-04-09,0.8763,115.29
2002-04-10,0.8798,114.74
2002-04-11,0.8794,115.8
2002-04-12,0.8803,116.28
2002-04-15,0.8802,115.79
2002-04-16,0.8803,115.73
2002-04-17,0.888,115.97
2002-04-18,0.8895,116.09
2002-04-19,0.8886,115.92
2002-04-22,0.8882,115.36
2002-04-23,0.8872,115.42
2002-04-24,0.8892,115.43
2002-04-25,0.8969,115.27
2002-04-26,0.8971,115.22
2002-04-29,0.9038,115.69
2002-04-30,0.9008,115.66
2002-05-02,0.9032,115.51
2002-05-03,0.9083,115.55
2002-05-06,0.9144,116.34
2002-05-07,0.9125,116.97
2002-05-08,0.9088,116.86
2002-05-09,0.9061,116.6
2002-05-10,0.9118,116.6
2002-05-13,0.9118,116.42
2002-05-14,0.9062,116.17
2002-05-15,0.903,115.83
2002-05-16,0.9124,116.3
2002-05-17,0.9152,115.65
2002-05-20,0.9202,115.59
2002-05-21,0.9213,115.02
2002-05-22,0.926,115.15
2002-05-23,0.9213,115.28
2002-05-24,0.9188,114.94
2002-05-27,0.919,114.83
2002-05-28,0.9255,115.31
2002-05-29,0.932,115.87
2002-05-30,0.9375,115.76
2002-05-31,0.9387,116.39
2002-06-03,0.9313,115.67
2002-06-04,0.9435,116.44
2002-06-05,0.9371,116.55
2002-06-06,0.9386,117.13
2002-06-07,0.9452,117.56
2002-06-10,0.9459,117.93
2002-06-11,0.9417,118.14
2002-06-12,0.9452,118.73
2002-06-13,0.9417,118.24
2002-06-14,0.9478,117.75
2002-06-17,0.9426,117.1
2002-06-18,0.9484,118.13
2002-06-19,0.9561,118.37
2002-06-20,0.9592,118.68
2002-06-21,0.9636,117.92
2002-06-24,0.9781,118.62
2002-06-25,0.9712,118.2
2002-06-26,0.9917,118.54
2002-06-27,0.9824,118.07
2002-06-28,0.9975,118.2
2002-07-01,0.9913,118.72
2002-07-02,0.9838,118.51
2002-07-03,0.978,117.44
2002-07-04,0.979,117.46
2002-07-05,0.9725,116.98
2002-07-08,0.9828,116.8
2002-07-09,0.993,117.32
2002-07-10,0.9898,116.7
2002-07-11,0.9836,115.43
2002-07-12,0.9873,115.62
2002-07-15,1.0024,116.22
2002-07-16,1.0127,117.18
2002-07-17,1.0064,117.39
2002-07-18,1.0058,117.7
2002-07-19,1.0146,117.74
2002-07-22,1.0086,117.33
2002-07-23,0.991,116.37
2002-07-24,0.9915,115.72
2002-07-25,1.0014,116.8
2002-07-26,1.0008,117.55
2002-07-29,0.9821,117.42
2002-07-30,0.9835,117.64
2002-07-31,0.9783,117.42
2002-08-01,0.976,116.94
2002-08-02,0.9873,117.62
2002-08-05,0.9836,117.1
2002-08-06,0.9689,117.12
2002-08-07,0.9698,116.89
2002-08-08,0.9687,116.92
2002-08-09,0.9729,117.17
2002-08-12,0.978,116.53
2002-08-13,0.9799,116.54
2002-08-14,0.9857,114.9
2002-08-15,0.9777,114.82
2002-08-16,0.9825,115.37
2002-08-19,0.9799,116.15
2002-08-20,0.9792,116.3
2002-08-21,0.9762,115.81
2002-08-22,0.977,116.24
2002-08-23,0.9697,116.3
2002-08-26,0.9701,116.13
2002-08-27,0.9774,115.46
2002-08-28,0.9826,116.02
2002-08-29,0.9843,116.04
2002-08-30,0.9833,116.35
2002-09-02,0.9821,116.08
2002-09-03,0.991,116.23
2002-09-04,0.9947,117.05
2002-09-05,0.9975,117.34
2002-09-06,0.9918,117.32
2002-09-09,0.9794,116.79
2002-09-10,0.976,116.44
2002-09-11,0.9749,116.93
2002-09-12,0.9757,117.17
2002-09-13,0.981,117.94
2002-09-16,0.9683,118.3
2002-09-17,0.9649,118.64
2002-09-18,0.9725,118.5
2002-09-19,0.9814,118.85
2002-09-20,0.979,120.66
2002-09-23,0.9831,121.04
2002-09-24,0.9828,121.02
2002-09-25,0.9771,119.99
2002-09-26,0.9796,120.22
2002-09-27,0.9779,119.81
2002-09-30,0.986,119.67
2002-10-01,0.9861,120.67
2002-10-02,0.9835,120.94
2002-10-03,0.989,121.47
2002-10-04,0.9865,121.11
2002-10-07,0.9808,121.84
2002-10-08,0.98,121.73
2002-10-09,0.9814,121.89
2002-10-10,0.9875,122.08
2002-10-11,0.9857,122.53
2002-10-14,0.9873,122.57
2002-10-15,0.981,122.56
2002-10-16,0.9823,121.86
2002-10-17,0.9763,121.34
2002-10-18,0.9735,121.83
2002-10-21,0.9748,121.53
2002-10-22,0.9768,122.32
2002-10-23,0.9775,121.17
2002-10-24,0.9738,121.08
2002-10-25,0.9763,121.21
2002-10-28,0.9745,121.53
2002-10-29,0.982,121.21
2002-10-30,0.9825,120.65
2002-10-31,0.9864,121.04
2002-11-01,0.9974,121.58
2002-11-04,0.9944,121.85
2002-11-05,1.0024,121.95
2002-11-06,0.9955,121.84
2002-11-07,1.0013,121.98
2002-11-08,1.0107,121.95
2002-11-11,1.0126,120.9
2002-11-12,1.0081,120.61
2002-11-13,1.0068,120.8
2002-11-14,1.0095,120.85
2002-11-15,1.0029,121.05
2002-11-18,1.0065,121.98
2002-11-19,1.0125,122.75
2002-11-20,1.0019,122.67
2002-11-21,1.0034,122.75
2002-11-22,1.0024,122.88
2002-11-25,0.9905,121.84
2002-11-26,0.991,120.92
2002-11-27,0.9927,120.57
2002-11-28,0.9934,121.37
2002-11-29,0.9927,121.56
2002-12-02,0.9871,123.14
2002-12-03,0.9967,124.08
2002-12-04,1.0018,124.75
2002-12-05,0.9991,125.18
2002-12-06,1.0006,125.02
2002-12-09,1.0093,123.65
2002-12-10,1.0111,124.66
2002-12-11,1.0067,124.18
2002-12-12,1.0156,124.55
2002-12-13,1.0221,124.46
2002-12-16,1.0212,123.64
2002-12-17,1.0307,124.4
2002-12-18,1.024,124.35
2002-12-19,1.0273,123.87
2002-12-20,1.0255,123.79
2002-12-23,1.0282,123.35
2002-12-24,1.0296,123.78
2002-12-27,1.0376,124.45
2002-12-30,1.0422,124.27
2002-12-31,1.0487,124.39
2003-01-02,1.0446,124.4
2003-01-03,1.0392,124.56
2003-01-06,1.0488,124.4
2003-01-07,1.0425,124.82
2003-01-08,1.0377,124.9
2003-01-09,1.0507,125.16
2003-01-10,1.0503,125.72
2003-01-13,1.0549,125.74
2003-01-14,1.0577,125.04
2003-01-15,1.0526,124.47
2003-01-16,1.0564,124.74
2003-01-17,1.0652,125.34
2003-01-20,1.0653,125.96
2003-01-21,1.0653,126.5
2003-01-22,1.0718,126.51
2003-01-23,1.0757,126.99
2003-01-24,1.0784,127.4
2003-01-27,1.087,127.92
2003-01-28,1.0808,128.08
2003-01-29,1.0868,128.49
2003-01-30,1.0748,128.23
2003-01-31,1.0816,129.17
2003-02-03,1.0729,129.27
2003-02-04,1.0822,129.95
2003-02-05,1.091,130.3
2003-02-06,1.0813,129.62
2003-02-07,1.0789,129.49
2003-02-10,1.0808,130.23
2003-02-11,1.0706,130.04
2003-02-12,1.0731,129.96
2003-02-13,1.0758,130.38
2003-02-14,1.0793,130.04
2003-02-17,1.0716,128.83
2003-02-18,1.0714,127.32
2003-02-19,1.0717,127.56
2003-02-20,1.0763,127.84
2003-02-21,1.0838,128.7
2003-02-24,1.0721,126.35
2003-02-25,1.0774,126.22
2003-02-26,1.0753,126.21
2003-02-27,1.0822,126.45
2003-02-28,1.0782,127.32
2003-03-03,1.08,127.42
2003-03-04,1.0919,128.38
2003-03-05,1.0966,128.77
2003-03-06,1.0963,128.73
2003-03-07,1.1039,128.68
2003-03-10,1.1042,128.71
2003-03-11,1.108,129.34
2003-03-12,1.1028,129.21
2003-03-13,1.0864,128.6
2003-03-14,1.0775,127.7
2003-03-17,1.0801,127.16
2003-03-18,1.0586,126.06
2003-03-19,1.057,126.08
2003-03-20,1.0592,127.47
2003-03-21,1.0572,127.82
2003-03-24,1.0634,128.28
2003-03-25,1.0691,128.22
2003-03-26,1.0667,128.19
2003-03-27,1.0723,128.39
2003-03-28,1.073,128.89
2003-03-31,1.0895,129.18
2003-04-01,1.0891,128.8
2003-04-02,1.083,128.72
2003-04-03,1.0702,127.85
2003-04-04,1.072,128.7
2003-04-07,1.0582,127.82
2003-04-08,1.066,127.9
2003-04-09,1.0742,128.86
2003-04-10,1.0805,129.18
2003-04-11,1.0735,129.13
2003-04-14,1.0737,129.68
2003-04-15,1.0784,129.79
2003-04-16,1.0836,130.39
2003-04-17,1.092,130.29
2003-04-22,1.0971,131.37
2003-04-23,1.0944,131.63
2003-04-24,1.1008,132.03
2003-04-25,1.0973,132.73
2003-04-28,1.1025,132.54
2003-04-29,1.0956,131.91
2003-04-30,1.1131,132.98
2003-05-02,1.1239,133.4
2003-05-05,1.1218,133.46
2003-05-06,1.1344,133.92
2003-05-07,1.1427,133.62
2003-05-08,1.1435,132.78
2003-05-09,1.1466,134.76
2003-05-12,1.1597,135.05
2003-05-13,1.1518,134.41
2003-05-14,1.1499,134.25
2003-05-15,1.1458,132.85
2003-05-16,1.1492,133.53
2003-05-19,1.1652,135.93
2003-05-20,1.1644,136.36
2003-05-21,1.1689,136.95
2003-05-22,1.172,137.1
2003-05-23,1.179,137.87
2003-05-26,1.1813,138.53
2003-05-27,1.1901,138.93
2003-05-28,1.1738,138.86
2003-05-29,1.1756,139.53
2003-05-30,1.1822,140.31
2003-06-02,1.1672,138.65
2003-06-03,1.1723,139.45
2003-06-04,1.1691,138.6
2003-06-05,1.1775,139.28
2003-06-06,1.1813,139.28
2003-06-09,1.1726,138.62
2003-06-10,1.1699,138.22
2003-06-11,1.1748,138.4
2003-06-12,1.1734,138.14
2003-06-13,1.1751,138.44
2003-06-16,1.1854,139.43
2003-06-17,1.1797,139.34
2003-06-18,1.1699,138.69
2003-06-19,1.1655,138.52
2003-06-20,1.1655,137.94
2003-06-23,1.1539,136.19
2003-06-24,1.1565,136.33
2003-06-25,1.1551,135.68
2003-06-26,1.1432,135.78
2003-06-27,1.1413,136.76
2003-06-30,1.1427,137.32
2003-07-01,1.1543,138.2
2003-07-02,1.1535,137.36
2003-07-03,1.1457,135.73
2003-07-04,1.1466,135.4
2003-07-07,1.136,134.12
2003-07-08,1.1326,133.78
2003-07-09,1.1355,134.1
2003-07-10,1.1342,133.51
2003-07-11,1.1315,133.25
2003-07-14,1.1299,132.93
2003-07-15,1.1319,132.81
2003-07-16,1.1138,131.93
2003-07-17,1.1231,133.29
2003-07-18,1.1205,133.49
2003-07-21,1.1284,133.84
2003-07-22,1.1343,135.18
2003-07-23,1.1401,135.67
2003-07-24,1.1467,136.5
2003-07-25,1.1477,136.46
2003-07-28,1.1489,137.23
2003-07-29,1.1462,137.26
2003-07-30,1.142,136.97
2003-07-31,1.1318,135.72
2003-08-01,1.1169,134.63
2003-08-04,1.1307,136.28
2003-08-05,1.1333,136.49
2003-08-06,1.1392,136.95
2003-08-07,1.1353,136.11
2003-08-08,1.1326,134.83
2003-08-11,1.1295,133.86
2003-08-12,1.1312,134.04
2003-08-13,1.1277,134.25
2003-08-14,1.127,134.76
2003-08-15,1.1247,134
2003-08-18,1.1188,133.93
2003-08-19,1.1065,132.32
2003-08-20,1.1109,131.46
2003-08-21,1.1009,129.76
2003-08-22,1.0894,128.37
2003-08-25,1.0888,127.85
2003-08-26,1.0816,127.06
2003-08-27,1.0907,128.62
2003-08-28,1.0828,127.11
2003-08-29,1.0927,127.26
2003-09-01,1.0965,127.58
2003-09-02,1.0849,126.94
2003-09-03,1.0783,125.4
2003-09-04,1.0818,126.39
2003-09-05,1.0923,127.64
2003-09-08,1.1071,129.41
2003-09-09,1.1135,129.57
2003-09-10,1.1172,130.51
2003-09-11,1.1217,131.33
2003-09-12,1.1172,130.79
2003-09-15,1.1281,132.54
2003-09-16,1.1235,130.64
2003-09-17,1.1212,130.58
2003-09-18,1.129,130.15
2003-09-19,1.1312,129.92
2003-09-22,1.1468,128.36
2003-09-23,1.1464,127.93
2003-09-24,1.1466,127.81
2003-09-25,1.1493,128.35
2003-09-26,1.1487,128.77
2003-09-29,1.1413,127.36
2003-09-30,1.1652,128.8
2003-10-01,1.1671,129.64
2003-10-02,1.1692,129.68
2003-10-03,1.1686,129.29
2003-10-06,1.1579,128.66
2003-10-07,1.1768,129.92
2003-10-08,1.1781,129.36
2003-10-09,1.1788,128.63
2003-10-10,1.1788,127.85
2003-10-13,1.1688,126.82
2003-10-14,1.1634,127.79
2003-10-15,1.1669,127.71
2003-10-16,1.1615,127.45
2003-10-17,1.1579,127.2
2003-10-20,1.1629,128.21
2003-10-21,1.1623,128.07
2003-10-22,1.1694,128.14
2003-10-23,1.1786,129.32
2003-10-24,1.1781,129.02
2003-10-27,1.1748,127.37
2003-10-28,1.1673,126.69
2003-10-29,1.1684,126.21
2003-10-30,1.1736,126.97
2003-10-31,1.1622,126.72
2003-11-03,1.1589,127.71
2003-11-04,1.1468,126.47
2003-11-05,1.1473,125.7
2003-11-06,1.1449,125.9
2003-11-07,1.1424,125.82
2003-11-10,1.1483,124.8
2003-11-11,1.1497,125.03
2003-11-12,1.16,126.42
2003-11-13,1.168,126.69
2003-11-14,1.1765,127.42
2003-11-17,1.1802,128.56
2003-11-18,1.1778,128.17
2003-11-19,1.191,129.82
2003-11-20,1.1909,129.66
2003-11-21,1.1899,129.37
2003-11-24,1.1823,128.93
2003-11-25,1.1766,129.41
2003-11-26,1.1828,129.67
2003-11-27,1.1902,129.99
2003-11-28,1.1994,131.24
2003-12-01,1.2019,131.41
2003-12-02,1.1975,130.86
2003-12-03,1.2102,131.25
2003-12-04,1.2074,130.67
2003-12-05,1.2087,130.79
2003-12-08,1.2218,131.4
2003-12-09,1.2258,131.45
2003-12-10,1.2239,132.33
2003-12-11,1.2187,131.87
2003-12-12,1.2254,132.14
2003-12-15,1.223,132.09
2003-12-16,1.2339,132.74
2003-12-17,1.2337,132.76
2003-12-18,1.2403,133.38
2003-12-19,1.2418,133.63
2003-12-22,1.2434,133.53
2003-12-23,1.2392,133.19
2003-12-24,1.2407,133.12
2003-12-29,1.2499,133.68
2003-12-30,1.2496,133.72
2003-12-31,1.263,135.05
2004-01-02,1.2592,134.72
2004-01-05,1.2657,134.53
2004-01-06,1.2756,135.46
2004-01-07,1.2679,134.63
2004-01-08,1.2634,134.11
2004-01-09,1.2737,136.18
2004-01-12,1.2828,136.57
2004-01-13,1.2749,135.64
2004-01-14,1.2692,134.7
2004-01-15,1.2635,134.09
2004-01-16,1.2493,132.47
2004-01-19,1.2373,132.43
2004-01-20,1.2536,134.43
2004-01-21,1.2607,134.86
2004-01-22,1.271,135.27
2004-01-23,1.2692,134.48
2004-01-26,1.2575,133.43
2004-01-27,1.2517,132.51
2004-01-28,1.2563,133.05
2004-01-29,1.2468,132.13
2004-01-30,1.2384,131.06
2004-02-02,1.2461,131.57
2004-02-03,1.2585,132.82
2004-02-04,1.2524,132.04
2004-02-05,1.2583,132.73
2004-02-06,1.2529,133.54
2004-02-09,1.2713,134.43
2004-02-10,1.2764,134.51
2004-02-11,1.268,133.84
2004-02-12,1.2802,135.04
2004-02-13,1.2816,135.04
2004-02-16,1.2741,134.39
2004-02-17,1.2858,135.75
2004-02-18,1.2824,135.65
2004-02-19,1.2724,135.85
2004-02-20,1.2663,136.51
2004-02-23,1.2576,136.12
2004-02-24,1.2595,136.48
2004-02-25,1.2629,137.24
2004-02-26,1.2444,136.4
2004-02-27,1.2418,135.63
2004-03-01,1.2484,136.28
2004-03-02,1.2402,135.98
2004-03-03,1.2143,133.81
2004-03-04,1.2147,134.43
2004-03-05,1.2192,135.5
2004-03-08,1.2356,138.6
2004-03-09,1.2361,137.7
2004-03-10,1.2299,136.36
2004-03-11,1.2256,135.58
2004-03-12,1.2235,136.15
2004-03-15,1.2278,136.02
2004-03-16,1.235,135
2004-03-17,1.2251,132.75
2004-03-18,1.2261,131.22
2004-03-19,1.2344,132
2004-03-22,1.2353,132.17
2004-03-23,1.2276,131.17
2004-03-24,1.2196,129.76
2004-03-25,1.2132,128.72
2004-03-26,1.2173,128.59
2004-03-29,1.2118,128.13
2004-03-30,1.2187,128.99
2004-03-31,1.2224,126.97
2004-04-01,1.232,127.82
2004-04-02,1.2318,128.36
2004-04-05,1.2058,126.34
2004-04-06,1.209,128.24
2004-04-07,1.2101,127.94
2004-04-08,1.2096,128.37
2004-04-13,1.1975,126.92
2004-04-14,1.1924,128.44
2004-04-15,1.1912,129.39
2004-04-16,1.1932,129.49
2004-04-19,1.2044,129.92
2004-04-20,1.1926,128.61
2004-04-21,1.1836,129.79
2004-04-22,1.1873,130.08
2004-04-23,1.1885,129.55
2004-04-26,1.1851,128.93
2004-04-27,1.1887,130.47
2004-04-28,1.1907,130.17
2004-04-29,1.1826,130.86
2004-04-30,1.1947,131.87
2004-05-03,1.1953,131.51
2004-05-04,1.2061,132.53
2004-05-05,1.2126,131.93
2004-05-06,1.2116,132.64
2004-05-07,1.2073,133.54
2004-05-10,1.1843,134.43
2004-05-11,1.1804,134.32
2004-05-12,1.1857,134.18
2004-05-13,1.1823,135.14
2004-05-14,1.1802,135.52
2004-05-17,1.2023,136.68
2004-05-18,1.1983,136.43
2004-05-19,1.1989,135.29
2004-05-20,1.1922,134.87
2004-05-21,1.2031,134.78
2004-05-24,1.1968,134.62
2004-05-25,1.2063,136.05
2004-05-26,1.2106,135.07
2004-05-27,1.2165,135.59
2004-05-28,1.2246,135.77
2004-05-31,1.2198,133.24
2004-06-01,1.2231,134.04
2004-06-02,1.2276,135.64
2004-06-03,1.2226,136.19
2004-06-04,1.2203,135.78
2004-06-07,1.2319,135.36
2004-06-08,1.2294,135.08
2004-06-09,1.2157,132.57
2004-06-10,1.2052,131.84
2004-06-11,1.2006,132.19
2004-06-14,1.2001,133.45
2004-06-15,1.2051,134.01
2004-06-16,1.2058,132.63
2004-06-17,1.2045,131.8
2004-06-18,1.2042,131.42
2004-06-21,1.2112,131.19
2004-06-22,1.2091,131.17
2004-06-23,1.2087,131.6
2004-06-24,1.2122,130.32
2004-06-25,1.2138,130.84
2004-06-28,1.2208,131.59
2004-06-29,1.2169,131.83
2004-06-30,1.2155,132.4
2004-07-01,1.2168,131.64
2004-07-02,1.2148,132.64
2004-07-05,1.2288,133.98
2004-07-06,1.2309,134.38
2004-07-07,1.2357,133.96
2004-07-08,1.2348,134.58
2004-07-09,1.2372,134.24
2004-07-12,1.2397,134.12
2004-07-13,1.2372,133.97
2004-07-14,1.2381,134.8
2004-07-15,1.2374,134.98
2004-07-16,1.2353,135.37
2004-07-19,1.2412,134.26
2004-07-20,1.2385,134.31
2004-07-21,1.2296,134.08
2004-07-22,1.2268,134.26
2004-07-23,1.2191,134.06
2004-07-26,1.2163,133.22
2004-07-27,1.2168,133.62
2004-07-28,1.2034,134.15
2004-07-29,1.2026,135
2004-07-30,1.2039,134.19
2004-08-02,1.2055,134.09
2004-08-03,1.2022,133.23
2004-08-04,1.1983,133.72
2004-08-05,1.2042,134.13
2004-08-06,1.2064,134.62
2004-08-09,1.2247,135.77
2004-08-10,1.2279,136.08
2004-08-11,1.2233,135.84
2004-08-12,1.2256,135.86
2004-08-13,1.2219,136.5
2004-08-16,1.2337,136.66
2004-08-17,1.2338,136.45
2004-08-18,1.2331,135.56
2004-08-19,1.2359,135.36
2004-08-20,1.2293,134.76
2004-08-23,1.225,134.19
2004-08-24,1.2139,133.02
2004-08-25,1.2081,133.19
2004-08-26,1.21,133.04
2004-08-27,1.2085,132.36
2004-08-30,1.2047,132.37
2004-08-31,1.2111,133.05
2004-09-01,1.2168,133.09
2004-09-02,1.2172,133.05
2004-09-03,1.2175,132.96
2004-09-06,1.2071,132.88
2004-09-07,1.2079,132.54
2004-09-08,1.2039,132.01
2004-09-09,1.2191,133.71
2004-09-10,1.2219,134.61
2004-09-13,1.2236,134.91
2004-09-14,1.2237,134.46
2004-09-15,1.2238,134.19
2004-09-16,1.2158,133.24
2004-09-17,1.2211,134.32
2004-09-20,1.2132,133.21
2004-09-21,1.2276,134.57
2004-09-22,1.2245,135.37
2004-09-23,1.2315,136.34
2004-09-24,1.2309,136.17
2004-09-27,1.2254,136.3
2004-09-28,1.2335,137.4
2004-09-29,1.2323,136.62
2004-09-30,1.2409,137.17
2004-10-01,1.2413,136.85
2004-10-04,1.2305,136.54
2004-10-05,1.2304,136.51
2004-10-06,1.2282,136.45
2004-10-07,1.2301,136.84
2004-10-08,1.2315,136.05
2004-10-11,1.2392,135.32
2004-10-12,1.2312,135.22
2004-10-13,1.2267,134.91
2004-10-14,1.2377,135.41
2004-10-15,1.2414,135.66
2004-10-18,1.2474,136.51
2004-10-19,1.2509,135.81
2004-10-20,1.259,136.43
2004-10-21,1.2606,135.73
2004-10-22,1.2606,135.64
2004-10-25,1.2792,136.3
2004-10-26,1.2784,136.51
2004-10-27,1.2792,136.37
2004-10-28,1.2711,135.2
2004-10-29,1.2737,135.13
2004-11-01,1.2748,135.53
2004-11-02,1.2705,135.17
2004-11-03,1.2754,135.86
2004-11-04,1.2874,136.64
2004-11-05,1.2856,136.51
2004-11-08,1.2917,136.56
2004-11-09,1.2911,136.57
2004-11-10,1.2977,137.44
2004-11-11,1.289,137.65
2004-11-12,1.2921,136.93
2004-11-15,1.2955,136.48
2004-11-16,1.2971,136.64
2004-11-17,1.3026,135.97
2004-11-18,1.3024,135.54
2004-11-19,1.302,134.97
2004-11-22,1.3033,134.47
2004-11-23,1.3089,134.81
2004-11-24,1.3146,135.26
2004-11-25,1.3213,135.75
2004-11-26,1.3238,136.39
2004-11-29,1.3247,136.24
2004-11-30,1.3295,136.54
2004-12-01,1.3294,136.83
2004-12-02,1.3314,136.78
2004-12-03,1.33,137.05
2004-12-06,1.3435,137.47
2004-12-07,1.3456,138.3
2004-12-08,1.33,138.63
2004-12-09,1.3305,139.17
2004-12-10,1.3191,139.59
2004-12-13,1.3268,139.01
2004-12-14,1.3317,139.7
2004-12-15,1.3383,139.51
2004-12-16,1.3401,138.93
2004-12-17,1.3264,138.37
2004-12-20,1.3378,139.44
2004-12-21,1.3394,139.85
2004-12-22,1.3384,139.18
2004-12-23,1.3456,139.88
2004-12-24,1.3542,140.26
2004-12-27,1.3527,140.34
2004-12-28,1.3633,140.49
2004-12-29,1.3608,140.76
2004-12-30,1.3604,141.03
2004-12-31,1.3621,139.65
2005-01-03,1.3507,138.84
2005-01-04,1.3365,138.49
2005-01-05,1.3224,138.09
2005-01-06,1.3183,138.3
2005-01-07,1.32,138.06
2005-01-10,1.3103,136.83
2005-01-11,1.3143,136.7
2005-01-12,1.3139,135.47
2005-01-13,1.3232,135.71
2005-01-14,1.3091,134.32
2005-01-17,1.3085,133.52
2005-01-18,1.306,134.08
2005-01-19,1.3083,133.98
2005-01-20,1.2936,133.22
2005-01-21,1.2963,134.6
2005-01-24,1.3065,134.34
2005-01-25,1.3025,134.85
2005-01-26,1.3005,134.47
2005-01-27,1.3026,134.78
2005-01-28,1.3035,134.69
2005-01-31,1.3035,134.96
2005-02-01,1.3027,135.16
2005-02-02,1.3061,135.3
2005-02-03,1.3001,135.54
2005-02-04,1.2958,134.71
2005-02-07,1.2844,133.98
2005-02-08,1.2764,134.85
2005-02-09,1.2762,134.85
2005-02-10,1.2777,135.96
2005-02-11,1.2855,136.11
2005-02-14,1.2967,136.2
2005-02-15,1.3016,136.42
2005-02-16,1.304,137
2005-02-17,1.3041,137.8
2005-02-18,1.3039,137.63
2005-02-21,1.3055,137.76
2005-02-22,1.3193,137.42
2005-02-23,1.3203,138.45
2005-02-24,1.326,139.07
2005-02-25,1.3165,138.74
2005-02-28,1.3257,138.04
2005-03-01,1.3216,137.9
2005-03-02,1.3101,137.43
2005-03-03,1.3144,137.83
2005-03-04,1.3115,138.33
2005-03-07,1.3197,138.88
2005-03-08,1.3246,138.94
2005-03-09,1.3346,139.18
2005-03-10,1.3409,139.62
2005-03-11,1.3416,139.67
2005-03-14,1.3372,140.12
2005-03-15,1.3383,139.74
2005-03-16,1.3373,139.33
2005-03-17,1.3378,139.72
2005-03-18,1.3279,139.28
2005-03-21,1.3199,139.09
2005-03-22,1.3175,138.45
2005-03-23,1.305,137.7
2005-03-24,1.2982,138.1
2005-03-29,1.2926,138.61
2005-03-30,1.2943,139.13
2005-03-31,1.2964,138.44
2005-04-01,1.2959,139.07
2005-04-04,1.2883,139.18
2005-04-05,1.281,139.16
2005-04-06,1.286,139.75
2005-04-07,1.2923,139.84
2005-04-08,1.2819,139.46
2005-04-11,1.2971,139.76
2005-04-12,1.2985,139.97
2005-04-13,1.2922,138.71
2005-04-14,1.282,138.64
2005-04-15,1.2868,139.08
2005-04-18,1.2967,139.6
2005-04-19,1.2996,139.54
2005-04-20,1.3049,139.5
2005-04-21,1.3058,140.27
2005-04-22,1.3077,138.96
2005-04-25,1.2966,137.31
2005-04-26,1.2981,137.54
2005-04-27,1.292,137.35
2005-04-28,1.2905,136.63
2005-04-29,1.2957,136.24
2005-05-02,1.2863,135.54
2005-05-03,1.2856,135.23
2005-05-04,1.2953,135.21
2005-05-05,1.2954,135.28
2005-05-06,1.2947,135.71
2005-05-09,1.2824,135.46
2005-05-10,1.2854,135.86
2005-05-11,1.2882,135.7
2005-05-12,1.2771,135.66
2005-05-13,1.2635,135.2
2005-05-16,1.2616,135.63
2005-05-17,1.2636,135.52
2005-05-18,1.2621,135.44
2005-05-19,1.2642,135.62
2005-05-20,1.2607,135.98
2005-05-23,1.2548,135.45
2005-05-24,1.2617,135.39
2005-05-25,1.2564,135.33
2005-05-26,1.2523,135.58
2005-05-27,1.2551,135.27
2005-05-30,1.2472,134.68
2005-05-31,1.2331,133.47
2005-06-01,1.2228,132.84
2005-06-02,1.2263,132.72
2005-06-03,1.2289,132.57
2005-06-06,1.2272,131.44
2005-06-07,1.2285,131.13
2005-06-08,1.2324,131.69
2005-06-09,1.2239,131.37
2005-06-10,1.2229,131.42
2005-06-13,1.2062,131.74
2005-06-14,1.211,132.33
2005-06-15,1.2069,132.06
2005-06-16,1.2115,132.26
2005-06-17,1.2177,132.47
2005-06-20,1.221,133.09
2005-06-21,1.2092,132.2
2005-06-22,1.2111,131.79
2005-06-23,1.2066,130.88
2005-06-24,1.2082,131.92
2005-06-27,1.2164,132.91
2005-06-28,1.2095,132.94
2005-06-29,1.2054,133.03
2005-06-30,1.2092,133.95
2005-07-01,1.2087,134.24
2005-07-04,1.1894,132.67
2005-07-05,1.1883,133.03
2005-07-06,1.1913,133.23
2005-07-07,1.1957,133.53
2005-07-08,1.1904,133.84
2005-07-11,1.2006,134.4
2005-07-12,1.2166,135.33
2005-07-13,1.2184,135.67
2005-07-14,1.2067,135.24
2005-07-15,1.2073,135.35
2005-07-18,1.2054,135.29
2005-07-19,1.1965,135.07
2005-07-20,1.2063,136.35
2005-07-21,1.2187,135.21
2005-07-22,1.2143,134.98
2005-07-25,1.2065,134.87
2005-07-26,1.1987,134.56
2005-07-27,1.199,134.92
2005-07-28,1.21,136
2005-07-29,1.2093,135.91
2005-08-01,1.2219,136.67
2005-08-02,1.2217,136.07
2005-08-03,1.2308,136.81
2005-08-04,1.2319,137.33
2005-08-05,1.2386,138.13
2005-08-08,1.237,138.13
2005-08-09,1.2367,138.64
2005-08-10,1.2377,137.4
2005-08-11,1.2405,136.94
2005-08-12,1.2457,136.32
2005-08-15,1.2374,135.54
2005-08-16,1.2313,134.63
2005-08-17,1.2296,134.85
2005-08-18,1.2213,134.82
2005-08-19,1.2183,134.51
2005-08-22,1.2231,133.93
2005-08-23,1.2233,134.61
2005-08-24,1.2211,134.77
2005-08-25,1.2272,135.02
2005-08-26,1.2307,134.93
2005-08-29,1.2289,135.73
2005-08-30,1.2181,135.81
2005-08-31,1.2198,136.06
2005-09-01,1.2388,136.95
2005-09-02,1.2541,137.66
2005-09-05,1.2538,136.69
2005-09-06,1.2483,136.75
2005-09-07,1.2451,136.97
2005-09-08,1.2418,137.16
2005-09-09,1.2415,136.63
2005-09-12,1.2313,135.2
2005-09-13,1.2276,136.17
2005-09-14,1.2314,135.42
2005-09-15,1.2223,134.89
2005-09-16,1.2243,135.78
2005-09-19,1.2139,135.31
2005-09-20,1.2154,135.43
2005-09-21,1.2225,135.95
2005-09-22,1.2224,135.89
2005-09-23,1.2118,135.07
2005-09-26,1.2031,135.21
2005-09-27,1.2005,136.01
2005-09-28,1.2037,136.08
2005-09-29,1.2063,135.92
2005-09-30,1.2042,136.25
2005-10-03,1.1933,136.07
2005-10-04,1.1938,136.44
2005-10-05,1.1947,136.06
2005-10-06,1.2061,137.3
2005-10-07,1.2144,137.82
2005-10-10,1.2088,137.9
2005-10-11,1.2022,137.22
2005-10-12,1.2008,137.49
2005-10-13,1.198,137.54
2005-10-14,1.1999,137.67
2005-10-17,1.2022,138
2005-10-18,1.1937,138.29
2005-10-19,1.195,138.07
2005-10-20,1.1953,138.19
2005-10-21,1.2012,138.87
2005-10-24,1.1944,138.15
2005-10-25,1.2017,138.78
2005-10-26,1.2059,139.67
2005-10-27,1.213,139.89
2005-10-28,1.2138,140.03
2005-10-31,1.2023,139.64
2005-11-01,1.2008,140.02
2005-11-02,1.1992,140.26
2005-11-03,1.2041,140.76
2005-11-04,1.1933,140.52
2005-11-07,1.1824,139.23
2005-11-08,1.1741,138.22
2005-11-09,1.1738,137.68
2005-11-10,1.1762,138.41
2005-11-11,1.1697,138.11
2005-11-14,1.1713,139.06
2005-11-15,1.1667,139.11
2005-11-16,1.1677,139.4
2005-11-17,1.1692,138.82
2005-11-18,1.1679,139.27
2005-11-21,1.1811,140.41
2005-11-22,1.1701,139.72
2005-11-23,1.1776,139.78
2005-11-24,1.1783,140.03
2005-11-25,1.1763,140.44
2005-11-28,1.1726,140.39
2005-11-29,1.1793,140.57
2005-11-30,1.1769,140.8
2005-12-01,1.1745,141.18
2005-12-02,1.1697,141.36
2005-12-05,1.1767,142.19
2005-12-06,1.1783,142.64
2005-12-07,1.171,141.68
2005-12-08,1.1764,141.82
2005-12-09,1.1785,142.01
2005-12-12,1.1925,143.46
2005-12-13,1.1925,143.47
2005-12-14,1.202,142.23
2005-12-15,1.1999,139.28
2005-12-16,1.1983,139.28
2005-12-19,1.1977,139.24
2005-12-20,1.1955,139.36
2005-12-21,1.1872,139.18
2005-12-22,1.1822,138.84
2005-12-23,1.1859,138.34
2005-12-27,1.1852,138.61
2005-12-28,1.1916,139.61
2005-12-29,1.1825,139.43
2005-12-30,1.1797,138.9
2006-01-02,1.1826,139.56
2006-01-03,1.1875,139.45
2006-01-04,1.2083,140.19
2006-01-05,1.2088,140.31
2006-01-06,1.2093,140.21
2006-01-09,1.2078,137.85
2006-01-10,1.2064,138.12
2006-01-11,1.2088,138.31
2006-01-12,1.2113,137.5
2006-01-13,1.2039,138.13
2006-01-16,1.2112,139.23
2006-01-17,1.2075,139.23
2006-01-18,1.2125,139.51
2006-01-19,1.2073,139.06
2006-01-20,1.2068,139.15
2006-01-23,1.2277,140.35
2006-01-24,1.2272,140.45
2006-01-25,1.2294,141.12
2006-01-26,1.2254,141.85
2006-01-27,1.2172,142.19
2006-01-30,1.2082,141.99
2006-01-31,1.2118,142.17
2006-02-01,1.2092,142.22
2006-02-02,1.2066,143.04
2006-02-03,1.2061,143.05
2006-02-06,1.1981,142.28
2006-02-07,1.1973,141.24
2006-02-08,1.1948,141.51
2006-02-09,1.1972,141.91
2006-02-10,1.197,140.77
2006-02-13,1.1888,140.35
2006-02-14,1.1898,139.57
2006-02-15,1.1904,139.96
2006-02-16,1.1858,140.11
2006-02-17,1.1863,140.77
2006-02-20,1.1932,141.11
2006-02-21,1.1906,141.61
2006-02-22,1.1875,140.91
2006-02-23,1.1957,139.88
2006-02-24,1.1896,139.11
2006-02-27,1.1852,137.77
2006-02-28,1.1875,138.18
2006-03-01,1.1954,138.56
2006-03-02,1.1921,138.73
2006-03-03,1.202,139.96
2006-03-06,1.2017,141.04
2006-03-07,1.1913,140.34
2006-03-08,1.1914,140.35
2006-03-09,1.192,140.1
2006-03-10,1.1919,141.11
2006-03-13,1.1922,141.94
2006-03-14,1.1948,141.31
2006-03-15,1.2026,141.31
2006-03-16,1.2069,142.06
2006-03-17,1.2185,141.47
2006-03-20,1.2174,141.07
2006-03-21,1.2144,141.61
2006-03-22,1.2069,141.34
2006-03-23,1.2055,141.12
2006-03-24,1.1969,141.52
2006-03-27,1.2025,140.15
2006-03-28,1.2084,141.09
2006-03-29,1.2012,141.58
2006-03-30,1.2096,141.9
2006-03-31,1.2104,142.42
2006-04-03,1.2063,142.77
2006-04-04,1.2217,143.69
2006-04-05,1.2262,144.16
2006-04-06,1.2312,144.81
2006-04-07,1.2179,143.57
2006-04-10,1.2099,143.22
2006-04-11,1.2105,143.73
2006-04-12,1.2125,143.22
2006-04-13,1.2094,143.48
2006-04-18,1.2252,144.53
2006-04-19,1.2346,144.6
2006-04-20,1.2346,145.27
2006-04-21,1.2315,144.36
2006-04-24,1.2365,142.17
2006-04-25,1.2425,142.11
2006-04-26,1.2425,142.87
2006-04-27,1.2414,142.71
2006-04-28,1.2537,143.29
2006-05-02,1.2643,143.48
2006-05-03,1.2622,143.38
2006-05-04,1.2592,143.62
2006-05-05,1.2688,144.51
2006-05-08,1.2756,141.88
2006-05-09,1.2697,141.62
2006-05-10,1.2779,141.27
2006-05-11,1.2716,141.41
2006-05-12,1.2914,141.56
2006-05-15,1.2826,141.32
2006-05-16,1.2817,141.33
2006-05-17,1.2882,140.88
2006-05-18,1.277,141.94
2006-05-19,1.2767,142.64
2006-05-22,1.2753,143.55
2006-05-23,1.2841,143.04
2006-05-24,1.2851,143.86
2006-05-25,1.2755,143.08
2006-05-26,1.2797,143.5
2006-05-29,1.2758,143.23
2006-05-30,1.2839,144.05
2006-05-31,1.2868,144.32
2006-06-01,1.2736,144.19
2006-06-02,1.2815,144.59
2006-06-05,1.2958,144.66
2006-06-06,1.2847,144.74
2006-06-07,1.2789,144.89
2006-06-08,1.2735,145.66
2006-06-09,1.2659,144.25
2006-06-12,1.2572,143.89
2006-06-13,1.2571,144.14
2006-06-14,1.2563,144.68
2006-06-15,1.261,144.84
2006-06-16,1.2651,145.41
2006-06-19,1.2591,145.43
2006-06-20,1.2546,144.43
2006-06-21,1.2632,145.22
2006-06-22,1.2582,145.48
2006-06-23,1.2502,145.5
2006-06-26,1.2561,146.13
2006-06-27,1.2567,146.42
2006-06-28,1.257,146.12
2006-06-29,1.2529,146
2006-06-30,1.2713,145.75
2006-07-03,1.279,146.66
2006-07-04,1.2791,146.57
2006-07-05,1.2794,146.74
2006-07-06,1.2735,147.09
2006-07-07,1.2778,146.59
2006-07-10,1.2752,145.17
2006-07-11,1.2736,145.69
2006-07-12,1.2722,146.56
2006-07-13,1.2692,146.33
2006-07-14,1.2666,146.83
2006-07-17,1.2541,146.66
2006-07-18,1.2531,146.61
2006-07-19,1.2482,146.91
2006-07-20,1.2643,147.68
2006-07-21,1.268,146.96
2006-07-24,1.2633,147.32
2006-07-25,1.2636,147.52
2006-07-26,1.2587,147.1
2006-07-27,1.2737,147.25
2006-07-28,1.2664,146.57
2006-07-31,1.2767,145.82
2006-08-01,1.2759,146.42
2006-08-02,1.2798,146.88
2006-08-03,1.2781,146.84
2006-08-04,1.2792,147.66
2006-08-07,1.285,147.87
2006-08-08,1.2839,147.7
2006-08-09,1.2879,148.17
2006-08-10,1.2857,147.62
2006-08-11,1.2775,148.21
2006-08-14,1.2718,148.34
2006-08-15,1.2725,148.36
2006-08-16,1.2793,148.7
2006-08-17,1.2879,148.56
2006-08-18,1.2802,148.33
2006-08-21,1.2919,149.43
2006-08-22,1.2812,149.17
2006-08-23,1.2812,149.09
2006-08-24,1.2831,149.28
2006-08-25,1.2762,149.64
2006-08-28,1.28,149.85
2006-08-29,1.2808,149.54
2006-08-30,1.2818,150.08
2006-08-31,1.2851,150.56
2006-09-01,1.2817,150.3
2006-09-04,1.2852,149.22
2006-09-05,1.281,148.47
2006-09-06,1.2793,149.23
2006-09-07,1.2731,148.05
2006-09-08,1.2713,147.91
2006-09-11,1.2713,149.14
2006-09-12,1.2709,149.49
2006-09-13,1.2677,149.23
2006-09-14,1.2723,149.58
2006-09-15,1.2675,149.09
2006-09-18,1.2665,149.47
2006-09-19,1.2654,148.81
2006-09-20,1.2676,148.7
2006-09-21,1.2731,148.84
2006-09-22,1.2817,148.89
2006-09-25,1.2768,148.78
2006-09-26,1.2695,147.83
2006-09-27,1.2684,148.9
2006-09-28,1.2713,149.57
2006-09-29,1.266,149.34
2006-10-02,1.2685,149.99
2006-10-03,1.2737,149.86
2006-10-04,1.2684,149.8
2006-10-05,1.2721,149.45
2006-10-06,1.2664,149.47
2006-10-09,1.2603,150.09
2006-10-10,1.2538,149.97
2006-10-11,1.2543,149.96
2006-10-12,1.2531,149.87
2006-10-13,1.255,149.84
2006-10-16,1.2515,149.13
2006-10-17,1.2524,148.67
2006-10-18,1.2543,148.83
2006-10-19,1.2561,149.08
2006-10-20,1.2618,149.29
2006-10-23,1.2556,149.71
2006-10-24,1.2541,149.98
2006-10-25,1.258,149.93
2006-10-26,1.2653,150.4
2006-10-27,1.2683,150.26
2006-10-30,1.2717,149.17
2006-10-31,1.2696,149.59
2006-11-01,1.2757,149.24
2006-11-02,1.2767,149.4
2006-11-03,1.276,149.62
2006-11-06,1.2702,150.45
2006-11-07,1.2755,150.37
2006-11-08,1.2776,150.35
2006-11-09,1.2796,151.16
2006-11-10,1.2864,151.17
2006-11-13,1.283,151.28
2006-11-14,1.2824,150.88
2006-11-15,1.2792,151.01
2006-11-16,1.2804,151.16
2006-11-17,1.2774,151.17
2006-11-20,1.2841,151.57
2006-11-21,1.2814,151.24
2006-11-22,1.2886,150.75
2006-11-23,1.2953,150.61
2006-11-24,1.3078,151.36
2006-11-27,1.3114,152.24
2006-11-28,1.3147,152.99
2006-11-29,1.3157,153.01
2006-11-30,1.32,153.29
2006-12-01,1.3244,153.77
2006-12-04,1.3309,153.89
2006-12-05,1.3331,152.74
2006-12-06,1.3274,152.66
2006-12-07,1.3297,152.87
2006-12-08,1.3276,153.48
2006-12-11,1.3177,154.33
2006-12-12,1.3244,154.94
2006-12-13,1.3265,155.34
2006-12-14,1.3192,155.04
2006-12-15,1.3106,155.04
2006-12-18,1.3095,154.34
2006-12-19,1.3158,155.48
2006-12-20,1.3203,156
2006-12-21,1.3178,155.85
2006-12-22,1.3192,156.26
2006-12-27,1.3159,156.1
2006-12-28,1.3173,156.61
2006-12-29,1.317,156.93
2007-01-02,1.327,157.76
2007-01-03,1.3231,157.76
2007-01-04,1.3106,156.11
2007-01-05,1.3084,154.55
2007-01-08,1.3006,154.42
2007-01-09,1.3018,155.26
2007-01-10,1.2988,154.99
2007-01-11,1.2984,156.16
2007-01-12,1.2893,155.24
2007-01-15,1.2941,156
2007-01-16,1.2953,156.27
2007-01-17,1.2909,155.75
2007-01-18,1.2922,156.79
2007-01-19,1.2958,157.13
2007-01-22,1.2936,157.53
2007-01-23,1.304,158.02
2007-01-24,1.3005,158.06
2007-01-25,1.2978,156.88
2007-01-26,1.2901,156.71
2007-01-29,1.2921,157.7
2007-01-30,1.2972,157.99
2007-01-31,1.2954,157.27
2007-02-01,1.302,156.85
2007-02-02,1.302,157.63
2007-02-05,1.2925,155.85
2007-02-06,1.2955,155.56
2007-02-07,1.2987,156.74
2007-02-08,1.2991,157.68
2007-02-09,1.3007,158.06
2007-02-12,1.2956,157.94
2007-02-13,1.3022,157.99
2007-02-14,1.3082,158.55
2007-02-15,1.3137,157.78
2007-02-16,1.3119,156.27
2007-02-19,1.3132,157.01
2007-02-20,1.3145,158.01
2007-02-21,1.3145,158.91
2007-02-22,1.3106,159
2007-02-23,1.3134,159.35
2007-02-26,1.316,158.7
2007-02-27,1.323,157.68
2007-02-28,1.3211,156.45
2007-03-01,1.3225,155.42
2007-03-02,1.3163,153.91
2007-03-05,1.3083,150.93
2007-03-06,1.31,152.69
2007-03-07,1.3135,152.81
2007-03-08,1.3152,154.02
2007-03-09,1.3155,154.28
2007-03-12,1.3156,154.44
2007-03-13,1.3218,154.14
2007-03-14,1.3183,153.66
2007-03-15,1.3226,155.09
2007-03-16,1.3325,155.62
2007-03-19,1.3303,156.17
2007-03-20,1.3296,156.15
2007-03-21,1.3293,156.64
2007-03-22,1.3351,157.27
2007-03-23,1.3327,156.65
2007-03-26,1.3265,157.05
2007-03-27,1.3347,157.91
2007-03-28,1.3348,156.38
2007-03-29,1.3352,156.75
2007-03-30,1.3318,157.32
2007-04-02,1.3366,157.35
2007-04-03,1.3358,158.53
2007-04-04,1.3352,158.7
2007-04-05,1.3373,159
2007-04-10,1.3426,160.05
2007-04-11,1.3418,160
2007-04-12,1.3467,160.62
2007-04-13,1.3532,160.55
2007-04-16,1.355,161.96
2007-04-17,1.3549,161.81
2007-04-18,1.3577,160.77
2007-04-19,1.3601,160.13
2007-04-20,1.3606,161.45
2007-04-23,1.3557,160.91
2007-04-24,1.3582,161.39
2007-04-25,1.3649,161.95
2007-04-26,1.3596,162.26
2007-04-27,1.3643,162.76
2007-04-30,1.3605,162.82
2007-05-02,1.3588,163.28
2007-05-03,1.3613,163.47
2007-05-04,1.3561,163.15
2007-05-07,1.3615,163.31
2007-05-08,1.3558,162.29
2007-05-09,1.3535,162.35
2007-05-10,1.3527,162.86
2007-05-11,1.3486,161.46
2007-05-14,1.3549,163.06
2007-05-15,1.3538,163.08
2007-05-16,1.3574,163.64
2007-05-17,1.3516,163.77
2007-05-18,1.3477,163
2007-05-21,1.3444,163.32
2007-05-22,1.3454,163.47
2007-05-23,1.349,163.85
2007-05-24,1.3448,163.2
2007-05-25,1.3441,163.5
2007-05-28,1.3453,163.71
2007-05-29,1.3509,164.23
2007-05-30,1.342,163.26
2007-05-31,1.3453,163.56
2007-06-01,1.3436,163.81
2007-06-04,1.3482,164.34
2007-06-05,1.3532,164.42
2007-06-06,1.3513,163.67
2007-06-07,1.347,163.43
2007-06-08,1.3349,162.4
2007-06-11,1.3355,162.55
2007-06-12,1.3345,162.56
2007-06-13,1.3287,162.52
2007-06-14,1.3304,163.56
2007-06-15,1.3314,164.42
2007-06-18,1.3404,165.46
2007-06-19,1.3403,165.46
2007-06-20,1.3427,165.88
2007-06-21,1.3397,165.5
2007-06-22,1.3441,166.75
2007-06-25,1.3461,166.21
2007-06-26,1.346,165.78
2007-06-27,1.3438,164.69
2007-06-28,1.3467,165.61
2007-06-29,1.3505,166.63
2007-07-02,1.3588,166.66
2007-07-03,1.3601,166.63
2007-07-04,1.3618,166.87
2007-07-05,1.364,167.1
2007-07-06,1.3596,167.57
2007-07-09,1.3621,168.13
2007-07-10,1.3666,167.86
2007-07-11,1.3753,167.39
2007-07-12,1.3788,168.39
2007-07-13,1.3782,168.68
2007-07-16,1.3781,167.84
2007-07-17,1.3771,168.07
2007-07-18,1.3779,168.3
2007-07-19,1.382,168.66
2007-07-20,1.3803,168.46
2007-07-23,1.3821,167.58
2007-07-24,1.3833,167.22
2007-07-25,1.3743,165.55
2007-07-26,1.3722,164.52
2007-07-27,1.3651,162.12
2007-07-30,1.3659,161.58
2007-07-31,1.3707,163.59
2007-08-01,1.3663,161.9
2007-08-02,1.3664,162.8
2007-08-03,1.3694,163.24
2007-08-06,1.3818,162.88
2007-08-07,1.3794,163.67
2007-08-08,1.3794,164.5
2007-08-09,1.3729,162.68
2007-08-10,1.365,160.37
2007-08-13,1.3651,161.47
2007-08-14,1.3591,160.74
2007-08-15,1.3476,157.39
2007-08-16,1.3405,153.19
2007-08-17,1.3454,152.74
2007-08-20,1.3476,155.14
2007-08-21,1.3508,154.98
2007-08-22,1.3493,155.32
2007-08-23,1.3574,158.26
2007-08-24,1.3615,157.7
2007-08-27,1.3658,158.63
2007-08-28,1.3664,157.55
2007-08-29,1.3631,156.48
2007-08-30,1.361,157.33
2007-08-31,1.3705,159.25
2007-09-03,1.3632,157.86
2007-09-04,1.358,156.84
2007-09-05,1.3588,157.11
2007-09-06,1.3669,157.32
2007-09-07,1.3696,157.79
2007-09-10,1.3795,156.64
2007-09-11,1.3824,157.31
2007-09-12,1.3885,158.14
2007-09-13,1.3897,159.52
2007-09-14,1.386,159.2
2007-09-17,1.3877,159.45
2007-09-18,1.3867,160.16
2007-09-19,1.3975,161.8
2007-09-20,1.403,161.43
2007-09-21,1.4049,162.46
2007-09-24,1.4113,162.35
2007-09-25,1.4106,161.24
2007-09-26,1.4127,162.93
2007-09-27,1.418,163.29
2007-09-28,1.4179,163.55
2007-10-01,1.4232,164.76
2007-10-02,1.4165,163.92
2007-10-03,1.4195,164.86
2007-10-04,1.4109,164.51
2007-10-05,1.4136,164.6
2007-10-08,1.4089,165.49
2007-10-09,1.4037,164.54
2007-10-10,1.4146,166.05
2007-10-11,1.4199,166.96
2007-10-12,1.4173,166.51
2007-10-15,1.4226,167.52
2007-10-16,1.415,165.17
2007-10-17,1.42,166.27
2007-10-18,1.4299,165
2007-10-19,1.4288,164.86
2007-10-22,1.4166,161.4
2007-10-23,1.4254,163.5
2007-10-24,1.423,162.67
2007-10-25,1.4309,163.64
2007-10-26,1.4384,164.5
2007-10-29,1.4391,165.17
2007-10-30,1.4407,165.41
2007-10-31,1.4447,166.49
2007-11-01,1.4423,166.29
2007-11-02,1.4479,166.88
2007-11-05,1.4488,165.39
2007-11-06,1.4547,166.9
2007-11-07,1.4722,166.07
2007-11-08,1.4666,165.9
2007-11-09,1.4683,163.22
2007-11-12,1.4579,159.55
2007-11-13,1.4607,160.96
2007-11-14,1.47,163.26
2007-11-15,1.4639,161.98
2007-11-16,1.4651,161.98
2007-11-19,1.4654,161.58
2007-11-20,1.4785,162.85
2007-11-21,1.4814,160.92
2007-11-22,1.4829,161.22
2007-11-23,1.4809,159.87
2007-11-26,1.4845,160.96
2007-11-27,1.4874,160.11
2007-11-28,1.4747,162.02
2007-11-29,1.4738,162.26
2007-11-30,1.4761,163.43
2007-12-03,1.4666,161.82
2007-12-04,1.4741,161.85
2007-12-05,1.472,162.33
2007-12-06,1.4554,161.55
2007-12-07,1.4649,163.38
2007-12-10,1.4718,164.53
2007-12-11,1.4672,164.24
2007-12-12,1.4675,163.41
2007-12-13,1.4683,164.21
2007-12-14,1.4509,163.99
2007-12-17,1.4393,163.12
2007-12-18,1.4416,163.44
2007-12-19,1.4385,162.54
2007-12-20,1.4349,162.3
2007-12-21,1.438,163.27
2007-12-24,1.4398,164.25
2007-12-27,1.4516,166.22
2007-12-28,1.4692,166.13
2007-12-31,1.4721,164.93
2008-01-02,1.4688,163.83
2008-01-03,1.4753,160.68
2008-01-04,1.4727,160.86
2008-01-07,1.4723,160.65
2008-01-08,1.4705,161.23
2008-01-09,1.468,160.61
2008-01-10,1.4662,161.08
2008-01-11,1.4792,161.18
2008-01-14,1.4895,160.55
2008-01-15,1.4886,160.02
2008-01-16,1.4792,157.29
2008-01-17,1.4691,157.07
2008-01-18,1.4674,157.7
2008-01-21,1.4482,153.85
2008-01-22,1.4494,154.13
2008-01-23,1.4574,153.5
2008-01-24,1.4663,156.3
2008-01-25,1.4705,158.35
2008-01-28,1.4755,157.67
2008-01-29,1.4773,158.02
2008-01-30,1.481,158.39
2008-01-31,1.487,157.93
2008-02-01,1.4889,158.51
2008-02-04,1.4829,158.5
2008-02-05,1.4688,157.79
2008-02-06,1.4621,155.58
2008-02-07,1.4569,154.59
2008-02-08,1.4513,155.89
2008-02-11,1.4542,155.42
2008-02-12,1.4538,156.18
2008-02-13,1.4586,156.83
2008-02-14,1.4626,158.22
2008-02-15,1.4674,157.78
2008-02-18,1.4636,158.36
2008-02-19,1.4742,158.64
2008-02-20,1.4656,158.32
2008-02-21,1.4736,159.27
2008-02-22,1.4848,158.76
2008-02-25,1.4817,159.71
2008-02-26,1.4874,160.45
2008-02-27,1.5044,159.95
2008-02-28,1.5121,160.57
2008-02-29,1.5167,158.03
2008-03-03,1.5203,156.79
2008-03-04,1.5206,156.78
2008-03-05,1.5196,157.65
2008-03-06,1.5319,158.55
2008-03-07,1.5417,157.47
2008-03-10,1.534,156.87
2008-03-11,1.5379,158.37
2008-03-12,1.5477,158.45
2008-03-13,1.5577,156.45
2008-03-14,1.5561,157.07
2008-03-17,1.577,152.5
2008-03-18,1.5771,154.42
2008-03-19,1.5692,156.16
2008-03-20,1.5423,153.2
2008-03-25,1.5569,155.9
2008-03-26,1.571,155.89
2008-03-27,1.5786,157.53
2008-03-28,1.5796,157.86
2008-03-31,1.5812,157.37
2008-04-01,1.566,157.55
2008-04-02,1.5632,159.4
2008-04-03,1.5526,159.75
2008-04-04,1.5722,160.88
2008-04-07,1.5693,161.13
2008-04-08,1.5694,160.75
2008-04-09,1.5726,161.36
2008-04-10,1.5875,159.18
2008-04-11,1.5833,159.83
2008-04-14,1.5869,159.38
2008-04-15,1.5828,159.87
2008-04-16,1.5928,161.41
2008-04-17,1.5872,162.74
2008-04-18,1.578,163.99
2008-04-21,1.5898,164.43
2008-04-22,1.5931,164.43
2008-04-23,1.594,164.3
2008-04-24,1.5769,163.07
2008-04-25,1.5596,163.01
2008-04-28,1.5628,163.55
2008-04-29,1.5571,161.73
2008-04-30,1.554,162.62
2008-05-02,1.5458,161.94
2008-05-05,1.546,162.73
2008-05-06,1.5528,162.25
2008-05-07,1.543,162.55
2008-05-08,1.5347,160.15
2008-05-09,1.5458,158.81
2008-05-12,1.543,160.42
2008-05-13,1.5473,160.71
2008-05-14,1.5439,162.48
2008-05-15,1.5474,162.61
2008-05-16,1.5498,162.29
2008-05-19,1.5577,162.04
2008-05-20,1.5639,162.84
2008-05-21,1.5753,162.82
2008-05-22,1.5755,162.71
2008-05-23,1.5742,162.97
2008-05-26,1.5761,162.97
2008-05-27,1.576,163.65
2008-05-28,1.5656,164.07
2008-05-29,1.5551,163.76
2008-05-30,1.5508,163.74
2008-06-02,1.5521,162.64
2008-06-03,1.5593,163
2008-06-04,1.5466,161.82
2008-06-05,1.5402,163.46
2008-06-06,1.5597,165.75
2008-06-09,1.5784,166.76
2008-06-10,1.5526,165.77
2008-06-11,1.5515,166.37
2008-06-12,1.5417,166.08
2008-06-13,1.5336,166.05
2008-06-16,1.5459,167.26
2008-06-17,1.5477,167.59
2008-06-18,1.5493,167.62
2008-06-19,1.5481,166.94
2008-06-20,1.561,167.83
2008-06-23,1.5521,167.46
2008-06-24,1.5568,168
2008-06-25,1.5599,168.4
2008-06-26,1.5731,169.23
2008-06-27,1.5748,167.08
2008-06-30,1.5764,166.44
2008-07-01,1.5775,166.57
2008-07-02,1.5806,168.41
2008-07-03,1.5885,168.62
2008-07-04,1.5671,167.31
2008-07-07,1.5651,168.47
2008-07-08,1.5687,167.96
2008-07-09,1.5715,168.87
2008-07-10,1.5708,168.5
2008-07-11,1.5835,168.35
2008-07-14,1.5847,169.24
2008-07-15,1.599,167.48
2008-07-16,1.5888,165.66
2008-07-17,1.5849,167.43
2008-07-18,1.5816,169.03
2008-07-21,1.5858,169.65
2008-07-22,1.5919,169.26
2008-07-23,1.5741,169.75
2008-07-24,1.5677,168.92
2008-07-25,1.5734,168.77
2008-07-28,1.5746,169.63
2008-07-29,1.5705,169.33
2008-07-30,1.5589,168.2
2008-07-31,1.5611,169.02
2008-08-01,1.5574,167.44
2008-08-04,1.5566,168.39
2008-08-05,1.5487,167.06
2008-08-06,1.5478,168.16
2008-08-07,1.5471,169.16
2008-08-08,1.5074,165.61
2008-08-11,1.5012,164.73
2008-08-12,1.4907,163.97
2008-08-13,1.4903,162.05
2008-08-14,1.4907,163.36
2008-08-15,1.4729,162.7
2008-08-18,1.4704,162.2
2008-08-19,1.4677,161.11
2008-08-20,1.4734,162.22
2008-08-21,1.4814,160.35
2008-08-22,1.4808,162.55
2008-08-25,1.4767,162.32
2008-08-26,1.4598,160.19
2008-08-27,1.4767,160.98
2008-08-28,1.4771,161.44
2008-08-29,1.4735,160.22
2008-09-01,1.4621,157.72
2008-09-02,1.4516,158.01
2008-09-03,1.4441,156.75
2008-09-04,1.4488,156.76
2008-09-05,1.4247,151.54
2008-09-08,1.4214,154.42
2008-09-09,1.4144,152.9
2008-09-10,1.4094,150.52
2008-09-11,1.3934,148.69
2008-09-12,1.4066,150.91
2008-09-15,1.4151,149.87
2008-09-16,1.4267,148.07
2008-09-17,1.4224,150.26
2008-09-18,1.4502,151.96
2008-09-19,1.4236,153.03
2008-09-22,1.4571,155.2
2008-09-23,1.4731,155.42
2008-09-24,1.469,155.57
2008-09-25,1.47,155.91
2008-09-26,1.464,154.13
2008-09-29,1.4349,152.3
2008-09-30,1.4303,150.47
2008-10-01,1.4081,149.55
2008-10-02,1.3903,146.45
2008-10-03,1.3834,145.09
2008-10-06,1.3634,140.78
2008-10-07,1.3632,139.51
2008-10-08,1.3731,138.42
2008-10-09,1.3682,137.84
2008-10-10,1.3579,134.68
2008-10-13,1.3639,136.63
2008-10-14,1.3752,141.25
2008-10-15,1.3625,138.18
2008-10-16,1.3507,135.91
2008-10-17,1.3404,135.57
2008-10-20,1.3424,136.45
2008-10-21,1.3184,133.06
2008-10-22,1.2843,126.88
2008-10-23,1.281,124.41
2008-10-24,1.2596,117.4
2008-10-27,1.246,115.75
2008-10-28,1.2526,119.42
2008-10-29,1.277,124
2008-10-30,1.3035,128.73
2008-10-31,1.2757,124.97
2008-11-03,1.2822,126.38
2008-11-04,1.282,127.35
2008-11-05,1.287,127.4
2008-11-06,1.277,124.86
2008-11-07,1.2756,124.29
2008-11-10,1.2891,127.89
2008-11-11,1.2747,124.77
2008-11-12,1.253,121.81
2008-11-13,1.2525,120.34
2008-11-14,1.2675,122.17
2008-11-17,1.266,121.93
2008-11-18,1.2653,121.92
2008-11-19,1.2634,122.07
2008-11-20,1.2542,119.87
2008-11-21,1.2602,119.3
2008-11-24,1.2773,122.52
2008-11-25,1.2811,123.08
2008-11-26,1.2935,123.1
2008-11-27,1.29,123.04
2008-11-28,1.2727,121.46
2008-12-01,1.2608,118.42
2008-12-02,1.2697,118.56
2008-12-03,1.2623,117.39
2008-12-04,1.262,117.1
2008-12-05,1.2665,116.91
2008-12-08,1.2854,120.1
2008-12-09,1.2838,118.85
2008-12-10,1.2925,119.77
2008-12-11,1.3215,120.67
2008-12-12,1.334,120.21
2008-12-15,1.351,122.42
2008-12-16,1.369,123.2
2008-12-17,1.4059,124.35
2008-12-18,1.4616,129.22
2008-12-19,1.394,124.74
2008-12-22,1.397,125.66
2008-12-23,1.3978,126.03
2008-12-24,1.4005,126.65
2008-12-29,1.427,128.98
2008-12-30,1.4098,127.4
2008-12-31,1.3917,126.14
2009-01-02,1.3866,126.64
2009-01-05,1.3582,126.81
2009-01-06,1.3332,125.84
2009-01-07,1.3595,126.77
2009-01-08,1.3617,124.34
2009-01-09,1.3684,124.4
2009-01-12,1.3394,120.48
2009-01-13,1.3262,118.54
2009-01-14,1.3173,117.66
2009-01-15,1.3085,116.97
2009-01-16,1.327,120.11
2009-01-19,1.3182,119.16
2009-01-20,1.293,116.9
2009-01-21,1.291,116.11
2009-01-22,1.2984,114.98
2009-01-23,1.2795,113.65
2009-01-26,1.299,115.82
2009-01-27,1.3174,117.59
2009-01-28,1.326,118.57
2009-01-29,1.3111,118.07
2009-01-30,1.2816,114.98
2009-02-02,1.276,114.04
2009-02-03,1.2849,115.02
2009-02-04,1.2818,114.28
2009-02-05,1.2829,115.04
2009-02-06,1.2796,116.7
2009-02-09,1.3008,119.21
2009-02-10,1.2967,118.39
2009-02-11,1.2938,116.5
2009-02-12,1.2833,115.46
2009-02-13,1.2823,117.59
2009-02-16,1.2765,117.33
2009-02-17,1.2634,116.2
2009-02-18,1.2596,116.83
2009-02-19,1.2705,118.99
2009-02-20,1.2591,118.62
2009-02-23,1.2798,121.09
2009-02-24,1.2763,122.4
2009-02-25,1.2795,123.76
2009-02-26,1.2782,125.33
2009-02-27,1.2644,123.23
2009-03-02,1.2596,122.52
2009-03-03,1.2615,123.64
2009-03-04,1.2555,124.67
2009-03-05,1.2555,124.71
2009-03-06,1.2658,122.53
2009-03-09,1.2565,124.4
2009-03-10,1.2783,125.45
2009-03-11,1.2786,125.35
2009-03-12,1.2782,124.3
2009-03-13,1.2905,127.03
2009-03-16,1.3042,128.51
2009-03-17,1.2942,128.1
2009-03-18,1.313,128.94
2009-03-19,1.3671,129.67
2009-03-20,1.3549,129.87
2009-03-23,1.3558,131.12
2009-03-24,1.3507,132.68
2009-03-25,1.3494,132.24
2009-03-26,1.3607,133.63
2009-03-27,1.3295,129.91
2009-03-30,1.3193,127.93
2009-03-31,1.3308,131.17
2009-04-01,1.3246,130.86
2009-04-02,1.3392,133.48
2009-04-03,1.3425,134.08
2009-04-06,1.3496,136.02
2009-04-07,1.3255,132.8
2009-04-08,1.3231,132.37
2009-04-09,1.3273,133.05
2009-04-14,1.3276,132.57
2009-04-15,1.3173,130.7
2009-04-16,1.3196,130.5
2009-04-17,1.3058,129.67
2009-04-20,1.2966,127.8
2009-04-21,1.2932,126.82
2009-04-22,1.2947,126.85
2009-04-23,1.305,128.28
2009-04-24,1.3232,128.3
2009-04-27,1.3125,126.82
2009-04-28,1.2992,125.08
2009-04-29,1.3266,128.53
2009-04-30,1.3275,130.34
2009-05-04,1.3223,131.52
2009-05-05,1.3403,132.59
2009-05-06,1.3322,131.17
2009-05-07,1.3363,132.72
2009-05-08,1.3425,133.36
2009-05-11,1.3574,132.82
2009-05-12,1.3683,132.9
2009-05-13,1.3623,130.9
2009-05-14,1.3563,129.41
2009-05-15,1.3518,128.67
2009-05-18,1.3494,129.28
2009-05-19,1.3612,130.91
2009-05-20,1.369,131.06
2009-05-21,1.3771,130.84
2009-05-22,1.3972,131.41
2009-05-25,1.401,133.22
2009-05-26,1.3908,132.06
2009-05-27,1.3901,132.48
2009-05-28,1.3856,134.38
2009-05-29,1.4098,135.22
2009-06-01,1.422,134.89
2009-06-02,1.4238,136.09
2009-06-03,1.4207,136.33
2009-06-04,1.4095,136.32
2009-06-05,1.4177,137.48
2009-06-08,1.3866,136.53
2009-06-09,1.3959,136.8
2009-06-10,1.4102,138.03
2009-06-11,1.3969,137.39
2009-06-12,1.4004,137.55
2009-06-15,1.385,136.08
2009-06-16,1.389,134.78
2009-06-17,1.384,133.28
2009-06-18,1.392,133.57
2009-06-19,1.3932,134.84
2009-06-22,1.3858,133.02
2009-06-23,1.3978,133.49
2009-06-24,1.4029,133.77
2009-06-25,1.394,134.34
2009-06-26,1.4096,134.5
2009-06-29,1.4058,134.03
2009-06-30,1.4134,135.51
2009-07-01,1.4096,136.53
2009-07-02,1.4049,135.95
2009-07-03,1.4009,134.32
2009-07-06,1.3897,132.44
2009-07-07,1.4019,133.61
2009-07-08,1.3901,131.02
2009-07-09,1.399,130.05
2009-07-10,1.3901,128.21
2009-07-13,1.3975,129.03
2009-07-14,1.3991,130.34
2009-07-15,1.4089,131.57
2009-07-16,1.413,132.63
2009-07-17,1.409,132.06
2009-07-20,1.4217,134.44
2009-07-21,1.4223,134.1
2009-07-22,1.4191,132.49
2009-07-23,1.4229,134.23
2009-07-24,1.4227,134.92
2009-07-27,1.4269,135.61
2009-07-28,1.4229,134.53
2009-07-29,1.4104,133.86
2009-07-30,1.4053,133.89
2009-07-31,1.4138,135.33
2009-08-03,1.4303,135.86
2009-08-04,1.4384,136.22
2009-08-05,1.441,137.38
2009-08-06,1.437,137.31
2009-08-07,1.4357,136.89
2009-08-10,1.4202,138.01
2009-08-11,1.4166,136.72
2009-08-12,1.417,135.77
2009-08-13,1.4293,137.52
2009-08-14,1.4294,135.61
2009-08-17,1.4072,132.94
2009-08-18,1.4101,134.12
2009-08-19,1.4112,132.55
2009-08-20,1.4243,134.11
2009-08-21,1.433,134.19
2009-08-24,1.4323,135.57
2009-08-25,1.4324,135.05
2009-08-26,1.427,134.32
2009-08-27,1.4268,133.61
2009-08-28,1.4364,134.75
2009-08-31,1.4272,133.1
2009-09-01,1.4314,133.26
2009-09-02,1.422,131.63
2009-09-03,1.4335,132.47
2009-09-04,1.4262,132.45
2009-09-07,1.433,133.33
2009-09-08,1.4473,133.57
2009-09-09,1.4522,134.13
2009-09-10,1.4545,133.92
2009-09-11,1.4594,132.62
2009-09-14,1.4561,132.3
2009-09-15,1.4611,133.26
2009-09-16,1.4671,132.6
2009-09-17,1.4712,134.38
2009-09-18,1.4705,134.17
2009-09-21,1.4658,135.46
2009-09-22,1.478,135.09
2009-09-23,1.4783,134.96
2009-09-24,1.4768,133.85
2009-09-25,1.467,132.59
2009-09-28,1.465,131.15
2009-09-29,1.4549,130.91
2009-09-30,1.4643,131.07
2009-10-01,1.4539,130.78
2009-10-02,1.4537,129.95
2009-10-05,1.4616,131.41
2009-10-06,1.4722,131.21
2009-10-07,1.4694,130.68
2009-10-08,1.4763,130.46
2009-10-09,1.475,131.12
2009-10-12,1.4765,132.99
2009-10-13,1.4864,133.02
2009-10-14,1.4881,133.39
2009-10-15,1.4864,134.07
2009-10-16,1.4869,135.6
2009-10-19,1.4918,135.66
2009-10-20,1.4971,135.53
2009-10-21,1.4921,135.82
2009-10-22,1.5,136.9
2009-10-23,1.502,137.97
2009-10-26,1.5019,138.09
2009-10-27,1.4874,136.91
2009-10-28,1.4785,134.76
2009-10-29,1.4788,135.13
2009-10-30,1.48,134.66
2009-11-02,1.4772,132.95
2009-11-03,1.4658,132.25
2009-11-04,1.4761,134.3
2009-11-05,1.4867,134.3
2009-11-06,1.4862,134.76
2009-11-09,1.4984,134.81
2009-11-10,1.4966,134.51
2009-11-11,1.5037,135.11
2009-11-12,1.4922,134.32
2009-11-13,1.4868,133.51
2009-11-16,1.4965,134.02
2009-11-17,1.4875,132.76
2009-11-18,1.4957,133.39
2009-11-19,1.4863,132.05
2009-11-20,1.4815,131.87
2009-11-23,1.4968,133.03
2009-11-24,1.4969,132.57
2009-11-25,1.5083,132.1
2009-11-26,1.5071,130.7
2009-11-27,1.4918,129.2
2009-11-30,1.5023,129.77
2009-12-01,1.5074,131.02
2009-12-02,1.509,131.55
2009-12-03,1.512,133.17
2009-12-04,1.5068,133.08
2009-12-07,1.4787,133.24
2009-12-08,1.4774,130.74
2009-12-09,1.4768,129.91
2009-12-10,1.473,130.03
2009-12-11,1.4757,131.13
2009-12-14,1.4647,129.55
2009-12-15,1.4541,130.22
2009-12-16,1.456,130.61
2009-12-17,1.4343,129.27
2009-12-18,1.4337,129.68
2009-12-21,1.4368,130.1
2009-12-22,1.4279,130.83
2009-12-23,1.4276,130.95
2009-12-24,1.4398,131.73
2009-12-28,1.4405,131.86
2009-12-29,1.4433,132.44
2009-12-30,1.4338,132.35
2009-12-31,1.4406,133.16
2010-01-04,1.4389,133.62
2010-01-05,1.4442,132.54
2010-01-06,1.435,132.69
2010-01-07,1.4304,133.5
2010-01-08,1.4273,133.36
2010-01-11,1.4528,134.23
2010-01-12,1.4481,132.41
2010-01-13,1.4563,133.02
2010-01-14,1.4486,132.88
2010-01-15,1.4374,130.76
2010-01-18,1.4369,130.33
2010-01-19,1.4279,129.79
2010-01-20,1.4132,128.65
2010-01-21,1.4064,129.14
2010-01-22,1.4135,127.35
2010-01-25,1.4151,127.74
2010-01-26,1.4085,126.31
2010-01-27,1.4072,125.95
2010-01-28,1.3999,126.36
2010-01-29,1.3966,126.15
2010-02-01,1.3913,125.6
2010-02-02,1.3937,126.2
2010-02-03,1.3984,126.73
2010-02-04,1.3847,125.68
2010-02-05,1.3691,122.49
2010-02-08,1.3675,122.07
2010-02-09,1.376,123.4
2010-02-10,1.374,123.01
2010-02-11,1.3718,123.03
2010-02-12,1.3572,122.33
2010-02-15,1.3607,122.42
2010-02-16,1.3649,122.68
2010-02-17,1.3726,124.69
2010-02-18,1.3567,123.3
2010-02-19,1.3519,124.17
2010-02-22,1.3626,124.38
2010-02-23,1.3577,123.19
2010-02-24,1.3547,122.16
2010-02-25,1.3489,120.66
2010-02-26,1.357,120.92
2010-03-01,1.3525,120.67
2010-03-02,1.3548,120.68
2010-03-03,1.3641,121.1
2010-03-04,1.3668,120.86
2010-03-05,1.3582,121.48
2010-03-08,1.3662,123.48
2010-03-09,1.3557,121.72
2010-03-10,1.361,123.16
2010-03-11,1.3657,123.84
2010-03-12,1.3765,124.57
2010-03-15,1.3705,124.3
2010-03-16,1.3723,124.22
2010-03-17,1.3756,124.43
2010-03-18,1.366,123.33
2010-03-19,1.3548,122.86
2010-03-22,1.3471,121.25
2010-03-23,1.3519,122.16
2010-03-24,1.3338,122.62
2010-03-25,1.3356,123.44
2010-03-26,1.3353,124
2010-03-29,1.3471,124.75
2010-03-30,1.3482,124.8
2010-03-31,1.3479,125.93
2010-04-01,1.3468,126.28
2010-04-06,1.3396,126.04
2010-04-07,1.334,125.04
2010-04-08,1.3296,123.76
2010-04-09,1.3384,125.34
2010-04-12,1.3585,126.99
2010-04-13,1.3583,126.34
2010-04-14,1.3615,127.42
2010-04-15,1.3544,126.18
2010-04-16,1.3535,125.3
2010-04-19,1.3432,123.5
2010-04-20,1.3486,125.32
2010-04-21,1.3373,124.65
2010-04-22,1.3339,124.03
2010-04-23,1.3311,125.11
2010-04-26,1.3321,125.46
2010-04-27,1.329,124.7
2010-04-28,1.3245,124.48
2010-04-29,1.3256,124.76
2010-04-30,1.3315,125.81
2010-05-03,1.3238,124.95
2010-05-04,1.3089,123.66
2010-05-05,1.2924,122.66
2010-05-06,1.2727,119.34
2010-05-07,1.2746,117.84
2010-05-10,1.2969,120.97
2010-05-11,1.2698,117.38
2010-05-12,1.2686,118.06
2010-05-13,1.2587,116.99
2010-05-14,1.2492,115.55
2010-05-17,1.2349,114.17
2010-05-18,1.2428,115.32
2010-05-19,1.227,112.49
2010-05-20,1.2334,111.93
2010-05-21,1.2497,112.08
2010-05-24,1.236,111.63
2010-05-25,1.2223,109.53
2010-05-26,1.2309,111.35
2010-05-27,1.2255,110.79
2010-05-28,1.2384,113.06
2010-05-31,1.2307,112.62
2010-06-01,1.2155,110.65
2010-06-02,1.2218,112.36
2010-06-03,1.2268,113.74
2010-06-04,1.206,111.73
2010-06-07,1.1959,109.86
2010-06-08,1.1942,109.32
2010-06-09,1.201,109.99
2010-06-10,1.2045,109.84
2010-06-11,1.2127,111.13
2010-06-14,1.2249,112.43
2010-06-15,1.2258,111.77
2010-06-16,1.2277,112.15
2010-06-17,1.2363,112.89
2010-06-18,1.2372,112.12
2010-06-21,1.2391,113.1
2010-06-22,1.2258,111.09
2010-06-23,1.2271,110.76
2010-06-24,1.2262,109.59
2010-06-25,1.2294,109.99
2010-06-28,1.2339,110.25
2010-06-29,1.2198,108.31
2010-06-30,1.2271,108.79
2010-07-01,1.2328,108.14
2010-07-02,1.2548,109.88
2010-07-05,1.2531,109.93
2010-07-06,1.2579,110.46
2010-07-07,1.2567,109.56
2010-07-08,1.266,111.49
2010-07-09,1.2637,111.85
2010-07-12,1.2572,111.35
2010-07-13,1.2569,110.95
2010-07-14,1.2703,112.49
2010-07-15,1.2828,113.11
2010-07-16,1.3,112.54
2010-07-19,1.2957,112.84
2010-07-20,1.2844,111.5
2010-07-21,1.2817,111.52
2010-07-22,1.285,111.57
2010-07-23,1.2897,112.48
2010-07-26,1.2931,112.31
2010-07-27,1.3033,113.79
2010-07-28,1.2992,114.01
2010-07-29,1.3069,113.64
2010-07-30,1.3028,112.62
2010-08-02,1.3073,113.27
2010-08-03,1.3221,113.51
2010-08-04,1.3206,112.92
2010-08-05,1.3184,113.66
2010-08-06,1.3176,113.14
2010-08-09,1.3253,113.48
2010-08-10,1.3133,113.23
2010-08-11,1.3016,110.56
2010-08-12,1.279,109.5
2010-08-13,1.2799,109.78
2010-08-16,1.282,109.49
2010-08-17,1.286,109.66
2010-08-18,1.288,109.93
2010-08-19,1.2836,109.82
2010-08-20,1.2711,108.54
2010-08-23,1.2704,108.23
2010-08-24,1.2611,106.19
2010-08-25,1.2613,106.49
2010-08-26,1.2693,107.15
2010-08-27,1.2713,107.74
2010-08-30,1.27,107.54
2010-08-31,1.268,107.07
2010-09-01,1.28,107.54
2010-09-02,1.2818,107.81
2010-09-03,1.2834,108.38
2010-09-06,1.2874,108.42
2010-09-07,1.2744,106.86
2010-09-08,1.2697,106.41
2010-09-09,1.2715,106.46
2010-09-10,1.2725,106.84
2010-09-13,1.2801,107.69
2010-09-14,1.285,107.04
2010-09-15,1.2989,111.04
2010-09-16,1.3078,111.93
2010-09-17,1.306,111.98
2010-09-20,1.3074,112.07
2010-09-21,1.312,112.05
2010-09-22,1.3364,113.14
2010-09-23,1.3323,112.49
2010-09-24,1.3412,113.2
2010-09-27,1.3477,113.52
2010-09-28,1.346,113.22
2010-09-29,1.3611,113.85
2010-09-30,1.3648,113.68
2010-10-01,1.3726,114.26
2010-10-04,1.3705,114.1
2010-10-05,1.378,114.8
2010-10-06,1.3856,114.98
2010-10-07,1.397,115.1
2010-10-08,1.3874,114.21
2010-10-11,1.3936,114.24
2010-10-12,1.3833,113.35
2010-10-13,1.3958,114.23
2010-10-14,1.4101,114.43
2010-10-15,1.4089,114.28
2010-10-18,1.3896,113
2010-10-19,1.3859,113.16
2010-10-20,1.3861,112.59
2010-10-21,1.4016,113.65
2010-10-22,1.3934,113.18
2010-10-25,1.4031,113.21
2010-10-26,1.3912,113.11
2010-10-27,1.3803,112.78
2010-10-28,1.3857,112.57
2010-10-29,1.3857,111.87
2010-11-01,1.3926,111.94
2010-11-02,1.4018,113.18
2010-11-03,1.4014,113.67
2010-11-04,1.4244,115.15
2010-11-05,1.4084,114.41
2010-11-08,1.3917,112.88
2010-11-09,1.3945,112.44
2010-11-10,1.377,113.48
2010-11-11,1.37,112.78
2010-11-12,1.3711,112.59
2010-11-15,1.3626,113.31
2010-11-16,1.3612,113.21
2010-11-17,1.3481,112.5
2010-11-18,1.3647,113.72
2010-11-19,1.3674,114.09
2010-11-22,1.3647,113.97
2010-11-23,1.3496,112.5
2010-11-24,1.3339,111.28
2010-11-25,1.3321,111.35
2010-11-26,1.3225,110.92
2010-11-29,1.3146,110.73
2010-11-30,1.2998,109
2010-12-01,1.3115,110.37
2010-12-02,1.3155,110.97
2010-12-03,1.3246,110.86
2010-12-06,1.328,110.06
2010-12-07,1.3363,110.43
2010-12-08,1.32,111.08
2010-12-09,1.3214,111.02
2010-12-10,1.3244,110.8
2010-12-13,1.3267,111.55
2010-12-14,1.3435,111.63
2010-12-15,1.336,111.88
2010-12-16,1.3238,111.28
2010-12-17,1.326,111.26
2010-12-20,1.3147,110.1
2010-12-21,1.3155,110
2010-12-22,1.3112,109.68
2010-12-23,1.3064,108.95
2010-12-24,1.3099,108.63
2010-12-27,1.3136,108.89
2010-12-28,1.3195,108.2
2010-12-29,1.3136,107.99
2010-12-30,1.328,108.24
2010-12-31,1.3362,108.65
2011-01-03,1.3348,108.7
2011-01-04,1.3421,110.2
2011-01-05,1.3213,108.72
2011-01-06,1.3091,108.92
2011-01-07,1.2961,108.29
2011-01-10,1.2903,107.17
2011-01-11,1.2948,107.61
2011-01-12,1.2973,108.17
2011-01-13,1.3199,109.5
2011-01-14,1.3349,110.71
2011-01-17,1.3311,109.91
2011-01-18,1.3371,110.29
2011-01-19,1.3506,110.85
2011-01-20,1.3472,110.93
2011-01-21,1.3521,111.87
2011-01-24,1.3571,112.46
2011-01-25,1.3596,112.08
2011-01-26,1.3681,112.47
2011-01-27,1.3716,113.9
2011-01-28,1.371,112.76
2011-01-31,1.3692,112.49
2011-02-01,1.3755,112.19
2011-02-02,1.3803,112.35
2011-02-03,1.3745,112.46
2011-02-04,1.3631,111.42
2011-02-07,1.3553,111.52
2011-02-08,1.3635,112.09
2011-02-09,1.3647,112.65
2011-02-10,1.3604,112.71
2011-02-11,1.3524,113.01
2011-02-14,1.344,112.15
2011-02-15,1.351,113.21
2011-02-16,1.351,113.12
2011-02-17,1.356,113.39
2011-02-18,1.3627,113.62
2011-02-21,1.3668,113.68
2011-02-22,1.3667,113.63
2011-02-23,1.3731,113.69
2011-02-24,1.3773,112.69
2011-02-25,1.3762,112.52
2011-02-28,1.3834,113.26
2011-03-01,1.3825,113.39
2011-03-02,1.3809,113.33
2011-03-03,1.385,113.43
2011-03-04,1.3957,115.63
2011-03-07,1.4028,115.15
2011-03-08,1.3898,114.64
2011-03-09,1.3928,115.14
2011-03-10,1.3817,114.78
2011-03-11,1.3773,113.24
2011-03-14,1.3948,114.16
2011-03-15,1.3884,112.39
2011-03-16,1.3951,112.43
2011-03-17,1.4004,110.42
2011-03-18,1.413,114.68
2011-03-21,1.4194,115.04
2011-03-22,1.4211,115.15
2011-03-23,1.4136,114.42
2011-03-24,1.4128,114.34
2011-03-25,1.4115,114.57
2011-03-28,1.4032,114.59
2011-03-29,1.4066,115.6
2011-03-30,1.409,117.01
2011-03-31,1.4207,117.61
2011-04-01,1.4141,118.56
2011-04-04,1.424,119.56
2011-04-05,1.4166,119.4
2011-04-06,1.43,121.82
2011-04-07,1.4283,121.7
2011-04-08,1.4401,122.8
2011-04-11,1.4434,122.26
2011-04-12,1.447,121.87
2011-04-13,1.4493,121.84
2011-04-14,1.4401,119.85
2011-04-15,1.445,120.37
2011-04-18,1.4275,118.25
2011-04-19,1.4302,118.23
2011-04-20,1.4515,120.13
2011-04-21,1.4584,119.52
2011-04-26,1.4617,119.43
2011-04-27,1.4668,120.66
2011-04-28,1.4794,120.97
2011-04-29,1.486,120.67
2011-05-02,1.4837,120.85
2011-05-03,1.478,119.36
2011-05-04,1.4882,120.62
2011-05-05,1.4814,118.2
2011-05-06,1.4501,116.5
2011-05-09,1.4397,116.28
2011-05-10,1.4358,115.72
2011-05-11,1.4357,116.47
2011-05-12,1.4153,114.54
2011-05-13,1.428,115.32
2011-05-16,1.4143,114.35
2011-05-17,1.4171,115.69
2011-05-18,1.4227,115.45
2011-05-19,1.4265,116.83
2011-05-20,1.4237,116.27
2011-05-23,1.402,114.68
2011-05-24,1.4089,115.45
2011-05-25,1.4069,115.47
2011-05-26,1.4168,115.95
2011-05-27,1.4265,115.7
2011-05-30,1.4272,115.36
2011-05-31,1.4385,117.22
2011-06-01,1.4408,117.11
2011-06-02,1.446,116.6
2011-06-03,1.4488,116.89
2011-06-06,1.4596,117.05
2011-06-07,1.4652,117.55
2011-06-08,1.4608,116.6
2011-06-09,1.4614,116.86
2011-06-10,1.4486,116
2011-06-13,1.4354,115.39
2011-06-14,1.4448,115.91
2011-06-15,1.4292,115.54
2011-06-16,1.4088,113.63
2011-06-17,1.427,114.71
2011-06-20,1.4235,114.24
2011-06-21,1.4373,115.2
2011-06-22,1.4397,115.36
2011-06-23,1.4212,114.58
2011-06-24,1.422,114.06
2011-06-27,1.4205,114.74
2011-06-28,1.4261,115.31
2011-06-29,1.4425,116.93
2011-06-30,1.4453,116.25
2011-07-01,1.4488,116.92
2011-07-04,1.45,117.11
2011-07-05,1.4461,117.23
2011-07-06,1.4318,116.03
2011-07-07,1.4247,115.64
2011-07-08,1.4242,115.98
2011-07-11,1.4056,113.16
2011-07-12,1.3975,111.35
2011-07-13,1.4073,111.65
2011-07-14,1.4202,112.24
2011-07-15,1.4146,111.97
2011-07-18,1.4045,111.1
2011-07-19,1.416,111.77
2011-07-20,1.4207,112.05
2011-07-21,1.4222,112.09
2011-07-22,1.4391,112.83
2011-07-25,1.438,112.46
2011-07-26,1.4471,113.02
2011-07-27,1.4446,112.46
2011-07-28,1.426,110.86
2011-07-29,1.426,110.59
2011-08-01,1.4415,110.84
2011-08-02,1.417,109.61
2011-08-03,1.43,110.18
2011-08-04,1.4229,113.24
2011-08-05,1.4155,111.25
2011-08-08,1.4225,110.79
2011-08-09,1.4267,110.24
2011-08-10,1.4367,109.84
2011-08-11,1.4143,108.29
2011-08-12,1.425,109.07
2011-08-15,1.4309,109.87
2011-08-16,1.436,110.12
2011-08-17,1.4477,110.77
2011-08-18,1.4369,110.08
2011-08-19,1.4385,110
2011-08-22,1.4413,110.65
2011-08-23,1.4462,110.72
2011-08-24,1.4433,110.51
2011-08-25,1.4424,111.31
2011-08-26,1.4402,110.41
2011-08-29,1.4487,111.05
2011-08-30,1.4402,110.55
2011-08-31,1.445,110.55
2011-09-01,1.4285,110.08
2011-09-02,1.4255,109.56
2011-09-05,1.4126,108.56
2011-09-06,1.4099,109.09
2011-09-07,1.4036,108.38
2011-09-08,1.4044,108.41
2011-09-09,1.3817,107.48
2011-09-12,1.3656,105.32
2011-09-13,1.3645,105.01
2011-09-14,1.3729,105.48
2011-09-15,1.3795,105.67
2011-09-16,1.376,105.6
2011-09-19,1.3641,104.62
2011-09-20,1.371,104.92
2011-09-21,1.3636,104.07
2011-09-22,1.3448,102.59
2011-09-23,1.343,102.32
2011-09-26,1.35,103.05
2011-09-27,1.3579,103.83
2011-09-28,1.3631,104.22
2011-09-29,1.3615,104.46
2011-09-30,1.3503,103.79
2011-10-03,1.3327,102.39
2011-10-04,1.3181,101.08
2011-10-05,1.3337,102.25
2011-10-06,1.3269,101.87
2011-10-07,1.3434,103.02
2011-10-10,1.3593,104.26
2011-10-11,1.3607,104.26
2011-10-12,1.3766,105.77
2011-10-13,1.3727,105.48
2011-10-14,1.3807,106.42
2011-10-17,1.3776,106.43
2011-10-18,1.3676,104.97
2011-10-19,1.3828,106.19
2011-10-20,1.3807,106.07
2011-10-21,1.3798,105.82
2011-10-24,1.3856,105.45
2011-10-25,1.3918,105.98
2011-10-26,1.3927,105.67
2011-10-27,1.4038,106.39
2011-10-28,1.416,107.29
2011-10-31,1.4001,109.22
2011-11-01,1.3627,106.58
2011-11-02,1.3809,107.78
2011-11-03,1.3773,107.33
2011-11-04,1.3773,107.55
2011-11-07,1.3742,107.3
2011-11-08,1.3788,107.51
2011-11-09,1.3633,105.96
2011-11-10,1.3616,105.66
2011-11-11,1.365,105.59
2011-11-14,1.3659,105.18
2011-11-15,1.3532,104.16
2011-11-16,1.3484,103.77
2011-11-17,1.348,103.76
2011-11-18,1.3576,104.06
2011-11-21,1.3458,103.44
2011-11-22,1.3535,104.15
2011-11-23,1.3387,103.37
2011-11-24,1.3373,103.07
2011-11-25,1.3229,102.59
2011-11-28,1.3348,103.82
2011-11-29,1.3336,103.82
2011-11-30,1.3418,104
2011-12-01,1.3492,104.84
2011-12-02,1.3511,105.25
2011-12-05,1.3442,104.81
2011-12-06,1.3394,104.15
2011-12-07,1.3377,103.99
2011-12-08,1.341,103.72
2011-12-09,1.3384,103.95
2011-12-12,1.3251,103.12
2011-12-13,1.3181,102.6
2011-12-14,1.2993,101.44
2011-12-15,1.3019,101.3
2011-12-16,1.3064,101.7
2011-12-19,1.3039,101.52
2011-12-20,1.3074,101.88
2011-12-21,1.3054,101.66
2011-12-22,1.3047,101.93
2011-12-23,1.3057,101.93
2011-12-27,1.3069,101.75
2011-12-28,1.3074,101.51
2011-12-29,1.2889,100.24
2011-12-30,1.2939,100.2
2012-01-02,1.2935,99.52
2012-01-03,1.3014,99.86
2012-01-04,1.2948,99.43
2012-01-05,1.2832,98.67
2012-01-06,1.2776,98.56
2012-01-09,1.2728,97.87
2012-01-10,1.2808,98.39
2012-01-11,1.2718,97.87
2012-01-12,1.2736,97.92
2012-01-13,1.2771,98.06
2012-01-16,1.2669,97.25
2012-01-17,1.279,98.2
2012-01-18,1.2831,98.53
2012-01-19,1.2911,99.19
2012-01-20,1.2902,99.53
2012-01-23,1.3017,100.1
2012-01-24,1.3003,100.89
2012-01-25,1.2942,101.02
2012-01-26,1.3145,101.98
2012-01-27,1.3145,101.18
2012-01-30,1.311,100.53
2012-01-31,1.3176,100.63
2012-02-01,1.3175,100.29
2012-02-02,1.3094,99.66
2012-02-03,1.316,100.3
2012-02-06,1.3042,99.97
2012-02-07,1.3113,100.67
2012-02-08,1.3274,102.11
2012-02-09,1.3288,102.63
2012-02-10,1.3189,102.43
2012-02-13,1.3254,102.86
2012-02-14,1.3169,102.85
2012-02-15,1.3092,102.73
2012-02-16,1.2982,102.31
2012-02-17,1.3159,104.39
2012-02-20,1.3266,105.47
2012-02-21,1.3222,105.38
2012-02-22,1.323,106.22
2012-02-23,1.33,106.72
2012-02-24,1.3412,107.99
2012-02-27,1.3388,107.81
2012-02-28,1.3454,108.39
2012-02-29,1.3443,107.92
2012-03-01,1.3312,107.95
2012-03-02,1.3217,107.74
2012-03-05,1.322,107.54
2012-03-06,1.3153,106.66
2012-03-07,1.312,105.95
2012-03-08,1.3242,108.18
2012-03-09,1.3191,107.93
2012-03-12,1.3119,107.79
2012-03-13,1.3057,108.03
2012-03-14,1.3062,109.16
2012-03-15,1.3057,108.82
2012-03-16,1.3116,109.81
2012-03-19,1.315,109.73
2012-03-20,1.3198,110.48
2012-03-21,1.3225,111.11
2012-03-22,1.3167,109.4
2012-03-23,1.3242,109.1
2012-03-26,1.3276,109.82
2012-03-27,1.3333,110.57
2012-03-28,1.3337,110.74
2012-03-29,1.3272,109.21
2012-03-30,1.3356,109.56
2012-04-02,1.3319,109.95
2012-04-03,1.3315,109.3
2012-04-04,1.3142,108.22
2012-04-05,1.3068,107.06
2012-04-10,1.3114,106.48
2012-04-11,1.3131,106.18
2012-04-12,1.3153,106.54
2012-04-13,1.3148,106.49
2012-04-16,1.3024,105.18
2012-04-17,1.3132,105.96
2012-04-18,1.3093,106.64
2012-04-19,1.3086,106.92
2012-04-20,1.3192,107.81
2012-04-23,1.3131,106.51
2012-04-24,1.3161,106.87
2012-04-25,1.3206,107.35
2012-04-26,1.3215,106.96
2012-04-27,1.3229,106.75
2012-04-30,1.3214,105.85
2012-05-02,1.3131,105.31
2012-05-03,1.3123,105.49
2012-05-04,1.3132,105.41
2012-05-07,1.3033,104.19
2012-05-08,1.3025,104.01
2012-05-09,1.295,102.99
2012-05-10,1.2961,103.31
2012-05-11,1.2944,103.48
2012-05-14,1.2863,102.64
2012-05-15,1.2843,102.65
2012-05-16,1.2738,102.53
2012-05-17,1.2682,101.77
2012-05-18,1.2721,100.95
2012-05-21,1.275,101.06
2012-05-22,1.2768,101.99
2012-05-23,1.2659,100.59
2012-05-24,1.2557,99.75
2012-05-25,1.2546,99.8
2012-05-28,1.2566,99.75
2012-05-29,1.2523,99.64
2012-05-30,1.2438,98.38
2012-05-31,1.2403,97.66
2012-06-01,1.2322,96.25
2012-06-04,1.2437,97.16
2012-06-05,1.2429,97.25
2012-06-06,1.2485,98.82
2012-06-07,1.2595,100.08
2012-06-08,1.2468,98.9
2012-06-11,1.2544,99.6
2012-06-12,1.2492,99.4
2012-06-13,1.2534,99.8
2012-06-14,1.2551,99.51
2012-06-15,1.2596,99.24
2012-06-18,1.2618,99.75
2012-06-19,1.2619,99.57
2012-06-20,1.2704,100.24
2012-06-21,1.267,101.46
2012-06-22,1.2539,100.68
2012-06-25,1.2488,99.57
2012-06-26,1.2475,98.97
2012-06-27,1.2478,99.49
2012-06-28,1.2418,98.6
2012-06-29,1.259,100.13
2012-07-02,1.2593,100.51
2012-07-03,1.2575,100.26
2012-07-04,1.256,100.28
2012-07-05,1.2426,99.14
2012-07-06,1.2377,98.87
2012-07-09,1.2293,97.81
2012-07-10,1.2285,97.64
2012-07-11,1.226,97.14
2012-07-12,1.2178,96.63
2012-07-13,1.2185,96.6
2012-07-16,1.2177,96.25
2012-07-17,1.2281,97.14
2012-07-18,1.2234,96.63
2012-07-19,1.2287,96.51
2012-07-20,1.22,95.86
2012-07-23,1.2105,94.72
2012-07-24,1.2089,94.63
2012-07-25,1.2134,94.97
2012-07-26,1.226,95.79
2012-07-27,1.2317,96.29
2012-07-30,1.2246,95.78
2012-07-31,1.2284,96.03
2012-08-01,1.2298,96.2
2012-08-02,1.2346,96.64
2012-08-03,1.2245,95.85
2012-08-06,1.2379,96.99
2012-08-07,1.2436,97.58
2012-08-08,1.2336,96.68
2012-08-09,1.2301,96.53
2012-08-10,1.2262,96.12
2012-08-13,1.2339,96.61
2012-08-14,1.2352,97.14
2012-08-15,1.2276,96.98
2012-08-16,1.2279,97.38
2012-08-17,1.2337,97.97
2012-08-20,1.23,97.82
2012-08-21,1.2428,98.81
2012-08-22,1.2448,98.65
2012-08-23,1.2552,98.68
2012-08-24,1.2507,98.16
2012-08-27,1.253,98.71
2012-08-28,1.2548,98.59
2012-08-29,1.2545,98.63
2012-08-30,1.2544,98.63
2012-08-31,1.2611,98.96
2012-09-03,1.2568,98.43
2012-09-04,1.2579,98.58
2012-09-05,1.2578,98.67
2012-09-06,1.2638,99.36
2012-09-07,1.2706,100.26
2012-09-10,1.2776,99.98
2012-09-11,1.2787,99.7
2012-09-12,1.2896,100.45
2012-09-13,1.291,100.24
2012-09-14,1.3095,102.24
2012-09-17,1.3086,102.61
2012-09-18,1.3054,102.64
2012-09-19,1.3002,102.38
2012-09-20,1.2954,101.21
2012-09-21,1.2988,101.58
2012-09-24,1.2916,100.79
2012-09-25,1.2932,100.57
2012-09-26,1.2845,99.82
2012-09-27,1.2874,99.98
2012-09-28,1.293,100.37
2012-10-01,1.2877,100.42
2012-10-02,1.293,101.02
2012-10-03,1.2904,101.1
2012-10-04,1.2951,101.88
2012-10-05,1.3002,102.02
2012-10-08,1.2958,101.45
2012-10-09,1.2953,101.35
2012-10-10,1.2889,100.94
2012-10-11,1.2918,101.26
2012-10-12,1.297,101.7
2012-10-15,1.2971,102.1
2012-10-16,1.3046,102.94
2012-10-17,1.312,103.23
2012-10-18,1.3118,104.01
2012-10-19,1.3035,103.27
2012-10-22,1.3063,104.27
2012-10-23,1.3005,103.84
2012-10-24,1.2942,103.33
2012-10-25,1.2993,104.15
2012-10-26,1.2908,103.15
2012-10-29,1.2898,102.69
2012-10-30,1.2962,103
2012-10-31,1.2993,103.78
2012-11-01,1.2975,103.82
2012-11-02,1.285,103.55
2012-11-05,1.2777,102.6
2012-11-06,1.28,102.6
2012-11-07,1.2746,102.11
2012-11-08,1.2736,101.74
2012-11-09,1.2694,100.44
2012-11-12,1.2735,101.13
2012-11-13,1.2696,100.93
2012-11-14,1.2726,102
2012-11-15,1.2756,103.66
2012-11-16,1.2745,103.44
2012-11-19,1.2762,103.6
2012-11-20,1.2809,104.39
2012-11-21,1.2805,105.49
2012-11-22,1.2893,106.42
2012-11-23,1.2909,106.19
2012-11-26,1.2964,106.47
2012-11-27,1.2961,106.46
2012-11-28,1.2891,105.44
2012-11-29,1.2994,106.72
2012-11-30,1.2986,107.37
2012-12-03,1.3057,107.36
2012-12-04,1.3092,107.28
2012-12-05,1.3065,107.31
2012-12-06,1.3072,107.66
2012-12-07,1.2905,106.19
2012-12-10,1.293,106.23
2012-12-11,1.2993,107.11
2012-12-12,1.304,108.12
2012-12-13,1.3077,109.18
2012-12-14,1.3081,109.55
2012-12-17,1.316,110.39
2012-12-18,1.3178,110.53
2012-12-19,1.3302,112.36
2012-12-20,1.3246,111.52
2012-12-21,1.3209,110.99
2012-12-24,1.3218,111.64
2012-12-27,1.3266,113.87
2012-12-28,1.3183,113.5
2012-12-31,1.3194,113.61
2013-01-02,1.3262,115.38
2013-01-03,1.3102,113.93
2013-01-04,1.3012,114.96
2013-01-07,1.3039,114.48
2013-01-08,1.3086,114.56
2013-01-09,1.3056,114.34
2013-01-10,1.3113,115.76
2013-01-11,1.3274,118.18
2013-01-14,1.3341,119.1
2013-01-15,1.3327,118.04
2013-01-16,1.3277,117.06
2013-01-17,1.3368,119.32
2013-01-18,1.3324,119.87
2013-01-21,1.3323,119.37
2013-01-22,1.3317,118.18
2013-01-23,1.333,117.98
2013-01-24,1.3349,119.73
2013-01-25,1.3469,122.71
2013-01-28,1.3444,122.21
2013-01-29,1.3433,121.52
2013-01-30,1.3541,123.55
2013-01-31,1.355,123.32
2013-02-01,1.3644,125.78
2013-02-04,1.3552,125.63
2013-02-05,1.3537,126.33
2013-02-06,1.3517,126.48
2013-02-07,1.3546,126.88
2013-02-08,1.3374,123.52
2013-02-11,1.3391,125.12
2013-02-12,1.3438,126.6
2013-02-13,1.348,125.95
2013-02-14,1.3327,124.39
2013-02-15,1.3325,124.03
2013-02-18,1.3352,125.24
2013-02-19,1.3349,124.81
2013-02-20,1.337,125.09
2013-02-21,1.3186,122.85
2013-02-22,1.3186,122.98
2013-02-25,1.3304,125
2013-02-26,1.3077,120.2
2013-02-27,1.3097,120.06
2013-02-28,1.3129,121.07
2013-03-01,1.3,120.53
2013-03-04,1.3007,121.67
2013-03-05,1.3034,121.45
2013-03-06,1.3035,121.85
2013-03-07,1.301,122.8
2013-03-08,1.309,125.5
2013-03-11,1.2994,124.91
2013-03-12,1.3053,125.25
2013-03-13,1.2981,124.59
2013-03-14,1.2937,124.79
2013-03-15,1.3086,125.56
2013-03-18,1.2929,122.88
2013-03-19,1.2944,123.49
2013-03-20,1.2945,123.69
2013-03-21,1.291,122.95
2013-03-22,1.2948,122.85
2013-03-25,1.2935,122.55
2013-03-26,1.2861,121.25
2013-03-27,1.2768,120.3
2013-03-28,1.2805,120.87
2013-04-02,1.284,119.79
2013-04-03,1.2828,119.96
2013-04-04,1.2818,122.31
2013-04-05,1.2944,124.49
2013-04-08,1.3023,128.46
2013-04-09,1.304,128.92
2013-04-10,1.3086,129.69
2013-04-11,1.3119,130.39
2013-04-12,1.3052,129.54
2013-04-15,1.3081,127.83
2013-04-16,1.3129,128.37
2013-04-17,1.3129,128.61
2013-04-18,1.3045,128.4
2013-04-19,1.3115,130.21
2013-04-22,1.3037,130
2013-04-23,1.299,128.56
2013-04-24,1.3006,129.46
2013-04-25,1.308,129.67
2013-04-26,1.2999,128.13
2013-04-29,1.3113,128.27
2013-04-30,1.3072,127.35
2013-05-02,1.3191,129.04
2013-05-03,1.3114,128.6
2013-05-06,1.3107,130.18
2013-05-07,1.3107,129.98
2013-05-08,1.3135,129.89
2013-05-09,1.3142,129.8
2013-05-10,1.2988,131.94
2013-05-13,1.2973,132.01
2013-05-14,1.2977,131.88
2013-05-15,1.2864,132.04
2013-05-16,1.289,132.15
2013-05-17,1.2869,131.87
2013-05-20,1.2853,131.86
2013-05-21,1.2866,132.33
2013-05-22,1.2923,133.26
2013-05-23,1.2888,131.07
2013-05-24,1.2939,131.25
2013-05-27,1.2939,130.59
2013-05-28,1.2938,131.98
2013-05-29,1.2952,130.9
2013-05-30,1.2944,131.7
2013-05-31,1.3006,130.47
2013-06-03,1.3008,130.37
2013-06-04,1.3092,131.28
2013-06-05,1.3067,130.13
2013-06-06,1.3118,129.96
2013-06-07,1.326,126.81
2013-06-10,1.3209,130.47
2013-06-11,1.3273,128.6
2013-06-12,1.3277,128.3
2013-06-13,1.3315,125.36
2013-06-14,1.3303,126.37
2013-06-17,1.3337,126.36
2013-06-18,1.3374,127.55
2013-06-19,1.3406,127.44
2013-06-20,1.32,129.26
2013-06-21,1.318,128.66
2013-06-24,1.3086,128.54
2013-06-25,1.3134,127.79
2013-06-26,1.3024,127.33
2013-06-27,1.3032,127.93
2013-06-28,1.308,129.39
2013-07-01,1.3037,129.99
2013-07-02,1.3017,130.08
2013-07-03,1.2959,128.85
2013-07-04,1.2984,129.64
2013-07-05,1.2883,128.97
2013-07-08,1.285,130.04
2013-07-09,1.2857,130.07
2013-07-10,1.2813,128.44
2013-07-11,1.3044,129.63
2013-07-12,1.3034,129.75
2013-07-15,1.3012,130.68
2013-07-16,1.3118,130.35
2013-07-17,1.3136,131.15
2013-07-18,1.3093,131.22
2013-07-19,1.3123,131.67
2013-07-22,1.3166,131.47
2013-07-23,1.318,131.91
2013-07-24,1.3246,132.6
2013-07-25,1.3202,131.81
2013-07-26,1.326,130.84
2013-07-29,1.327,129.91
2013-07-30,1.3284,129.99
2013-07-31,1.3275,130
2013-08-01,1.3236,130.69
2013-08-02,1.3203,131.78
2013-08-05,1.3257,130.62
2013-08-06,1.328,130.27
2013-08-07,1.3305,129.21
2013-08-08,1.336,128.68
2013-08-09,1.3373,128.96
2013-08-12,1.328,128.66
2013-08-13,1.329,130.27
2013-08-14,1.3243,130.17
2013-08-15,1.3297,130.48
2013-08-16,1.334,130.03
2013-08-19,1.3344,130.72
2013-08-20,1.3392,130.33
2013-08-21,1.3384,130.52
2013-08-22,1.3323,131.45
2013-08-23,1.3355,132.35
2013-08-26,1.3361,131.74
2013-08-27,1.3338,130.07
2013-08-28,1.3347,130.1
2013-08-29,1.3266,130.34
2013-08-30,1.3235,130.01
2013-09-02,1.3207,131.09
2013-09-03,1.3172,130.98
2013-09-04,1.3171,131.06
2013-09-05,1.3202,131.64
2013-09-06,1.3117,130.71
2013-09-09,1.3194,131.3
2013-09-10,1.324,132.8
2013-09-11,1.3268,132.96
2013-09-12,1.329,132.18
2013-09-13,1.3295,132.43
2013-09-16,1.3357,132.05
2013-09-17,1.3356,132.44
2013-09-18,1.3352,132.18
2013-09-19,1.3545,134.09
2013-09-20,1.3514,134.57
2013-09-23,1.3508,133.59
2013-09-24,1.3473,132.92
2013-09-25,1.3504,133.14
2013-09-26,1.3499,133.41
2013-09-27,1.3537,133.28
2013-09-30,1.3505,131.78
2013-10-01,1.3554,132.6
2013-10-02,1.3515,131.76
2013-10-03,1.3594,132.81
2013-10-04,1.3593,132.03
2013-10-07,1.3572,131.46
2013-10-08,1.3576,131.94
2013-10-09,1.3515,131.55
2013-10-10,1.3532,132.37
2013-10-11,1.3566,133.38
2013-10-14,1.3564,133.19
2013-10-15,1.3493,132.89
2013-10-16,1.3561,133.38
2013-10-17,1.3662,133.64
2013-10-18,1.3684,133.73
2013-10-21,1.3667,134.17
2013-10-22,1.3674,134.52
2013-10-23,1.3752,133.95
2013-10-24,1.3805,134.32
2013-10-25,1.3777,134.15
2013-10-28,1.3784,134.65
2013-10-29,1.3768,134.88
2013-10-30,1.3755,135.11
2013-10-31,1.3641,133.99
2013-11-01,1.3505,132.9
2013-11-04,1.3506,133.28
2013-11-05,1.3494,132.59
2013-11-06,1.3517,133.33
2013-11-07,1.3365,132
2013-11-08,1.3431,131.58
2013-11-11,1.3394,132.86
2013-11-12,1.3432,133.87
2013-11-13,1.3415,133.27
2013-11-14,1.3436,134.26
2013-11-15,1.346,134.99
2013-11-18,1.3517,135.23
2013-11-19,1.3502,134.89
2013-11-20,1.3527,135.2
2013-11-21,1.3472,135.83
2013-11-22,1.3518,136.74
2013-11-25,1.3514,137.57
2013-11-26,1.3547,137.34
2013-11-27,1.3596,138.43
2013-11-28,1.3592,139.06
2013-11-29,1.3611,139.21
2013-12-02,1.3536,139.16
2013-12-03,1.3578,139.31
2013-12-04,1.3592,139.31
2013-12-05,1.3594,138.73
2013-12-06,1.3661,139.63
2013-12-09,1.3722,141.33
2013-12-10,1.375,141.35
2013-12-11,1.3767,141.22
2013-12-12,1.3775,141.51
2013-12-13,1.3727,141.93
2013-12-16,1.3776,141.87
2013-12-17,1.3749,141.61
2013-12-18,1.3749,141.61
2013-12-19,1.3667,142.55
2013-12-20,1.3655,142.66
2013-12-23,1.3702,142.38
2013-12-24,1.3684,142.66
2013-12-27,1.3814,145.02
2013-12-30,1.3783,145.02
2013-12-31,1.3791,144.72
2014-01-02,1.3658,143.82
2014-01-03,1.3634,142.46
2014-01-06,1.3602,142.28
2014-01-07,1.3641,142.43
2014-01-08,1.3594,142.33
2014-01-09,1.3612,142.92
2014-01-10,1.3587,142.67
2014-01-13,1.3654,141.37
2014-01-14,1.3667,141.62
2014-01-15,1.3606,141.86
2014-01-16,1.3597,142.21
2014-01-17,1.3584,141.8
2014-01-20,1.3566,141.05
2014-01-21,1.3526,141.58
2014-01-22,1.3566,141.57
2014-01-23,1.3639,141.99
2014-01-24,1.3687,140.18
2014-01-27,1.3658,140.39
2014-01-28,1.3649,140.61
2014-01-29,1.3608,139.73
2014-01-30,1.3574,139.28
2014-01-31,1.3516,138.13
2014-02-03,1.3498,137.82
2014-02-04,1.3519,137.05
2014-02-05,1.3543,136.78
2014-02-06,1.3495,136.93
2014-02-07,1.3574,138.79
2014-02-10,1.3638,139.26
2014-02-11,1.3676,140
2014-02-12,1.3573,138.89
2014-02-13,1.3675,139.42
2014-02-14,1.3707,139.48
2014-02-17,1.3699,139.6
2014-02-18,1.3731,140.77
2014-02-19,1.3745,140.08
2014-02-20,1.3706,139.91
2014-02-21,1.3707,140.5
2014-02-24,1.3735,140.69
2014-02-25,1.3754,140.65
2014-02-26,1.3726,140.5
2014-02-27,1.3656,139.15
2014-02-28,1.3813,140.63
2014-03-03,1.3768,139.51
2014-03-04,1.3768,140.2
2014-03-05,1.3732,140.71
2014-03-06,1.3745,141.22
2014-03-07,1.3894,143.02
2014-03-10,1.3881,143.39
2014-03-11,1.385,143.05
2014-03-12,1.3887,142.68
2014-03-13,1.3942,143.3
2014-03-14,1.3884,140.63
2014-03-17,1.3906,141.45
2014-03-18,1.3902,141.1
2014-03-19,1.3913,141.31
2014-03-20,1.3762,140.85
2014-03-21,1.378,141.07
2014-03-24,1.3774,141.05
2014-03-25,1.3789,141.22
2014-03-26,1.3791,141.25
2014-03-27,1.3758,140.75
2014-03-28,1.3759,140.9
2014-03-31,1.3788,142.42
2014-04-01,1.379,142.53
2014-04-02,1.3795,143.03
2014-04-03,1.3771,143.12
2014-04-04,1.37,142.33
2014-04-07,1.3723,141.65
2014-04-08,1.3774,140.9
2014-04-09,1.3794,140.73
2014-04-10,1.3867,141
2014-04-11,1.3872,140.69
2014-04-14,1.3827,140.87
2014-04-15,1.3803,140.62
2014-04-16,1.384,141.55
2014-04-17,1.3855,141.57
2014-04-22,1.3817,141.69
2014-04-23,1.3834,141.46
2014-04-24,1.382,141.63
2014-04-25,1.3831,141.05
2014-04-28,1.3861,141.85
2014-04-29,1.3826,142.03
2014-04-30,1.385,142.07
2014-05-02,1.3862,142.06
2014-05-05,1.3874,141.44
2014-05-06,1.3945,141.89
2014-05-07,1.3927,141.68
2014-05-08,1.3953,141.95
2014-05-09,1.3781,140.14
2014-05-12,1.3765,140.31
2014-05-13,1.3703,140.25
2014-05-14,1.3719,139.65
2014-05-15,1.3659,139.17
2014-05-16,1.3696,138.95
2014-05-19,1.3715,138.79
2014-05-20,1.3702,138.88
2014-05-21,1.3676,138.18
2014-05-22,1.3668,138.96
2014-05-23,1.363,138.92
2014-05-26,1.3635,138.97
2014-05-27,1.3638,139.01
2014-05-28,1.3608,138.73
2014-05-29,1.3612,138.34
2014-05-30,1.3607,138.36
2014-06-02,1.3611,138.94
2014-06-03,1.3645,139.64
2014-06-04,1.3627,139.78
2014-06-05,1.3567,139.24
2014-06-06,1.3642,139.71
2014-06-09,1.3608,139.39
2014-06-10,1.3547,138.63
2014-06-11,1.3547,138.19
2014-06-12,1.3528,138.12
2014-06-13,1.3534,138.08
2014-06-16,1.3532,137.81
2014-06-17,1.3568,138.4
2014-06-18,1.3563,138.65
2014-06-19,1.362,138.82
2014-06-20,1.3588,138.68
2014-06-23,1.3596,138.46
2014-06-24,1.3618,138.8
2014-06-25,1.3615,138.73
2014-06-26,1.3606,138.49
2014-06-27,1.362,138.09
2014-06-30,1.3658,138.44
2014-07-01,1.3688,138.98
2014-07-02,1.3656,138.65
2014-07-03,1.3646,139.06
2014-07-04,1.3588,138.67
2014-07-07,1.3592,138.53
2014-07-08,1.3589,138.26
2014-07-09,1.3603,138.38
2014-07-10,1.3604,137.87
2014-07-11,1.3595,137.75
2014-07-14,1.3627,138.29
2014-07-15,1.3613,138.28
2014-07-16,1.3532,137.73
2014-07-17,1.3525,137.27
2014-07-18,1.3525,137.07
2014-07-21,1.3518,136.97
2014-07-22,1.3481,136.93
2014-07-23,1.3465,136.51
2014-07-24,1.3472,136.97
2014-07-25,1.344,136.97
2014-07-28,1.3433,136.74
2014-07-29,1.3429,137.04
2014-07-30,1.3401,137.05
2014-07-31,1.3379,137.66
2014-08-01,1.3395,137.92
2014-08-04,1.3422,137.72
2014-08-05,1.3382,137.46
2014-08-06,1.3345,136.58
2014-08-07,1.3368,136.76
2014-08-08,1.3388,136.45
2014-08-11,1.3386,136.72
2014-08-12,1.3346,136.49
2014-08-13,1.336,136.89
2014-08-14,1.3373,136.99
2014-08-15,1.3388,137.33
2014-08-18,1.3383,137.22
2014-08-19,1.3354,137.12
2014-08-20,1.3284,137.23
2014-08-21,1.3262,137.71
2014-08-22,1.3267,137.7
2014-08-25,1.32,137.13
2014-08-26,1.3192,137.15
2014-08-27,1.3177,136.88
2014-08-28,1.3178,136.68
2014-08-29,1.3188,137.11
2014-09-01,1.3133,136.97
2014-09-02,1.3115,137.63
2014-09-03,1.3151,138.11
2014-09-04,1.3015,136.89
2014-09-05,1.2948,136.27
2014-09-08,1.2947,136.32
2014-09-09,1.2902,136.9
2014-09-10,1.2929,137.9
2014-09-11,1.2928,138.38
2014-09-12,1.2931,138.72
2014-09-15,1.2911,138.48
2014-09-16,1.2949,138.67
2014-09-17,1.2956,139.05
2014-09-18,1.2872,140.11
2014-09-19,1.2852,139.84
2014-09-22,1.2845,140.09
2014-09-23,1.2892,139.87
2014-09-24,1.2826,139.5
2014-09-25,1.2712,138.88
2014-09-26,1.2732,138.93
2014-09-29,1.2701,138.97
2014-09-30,1.2583,138.11
2014-10-01,1.2603,138.53
2014-10-02,1.2631,137.47
2014-10-03,1.2616,137.46
2014-10-06,1.2565,137.25
2014-10-07,1.2607,136.9
2014-10-08,1.2645,136.97
2014-10-09,1.2763,137.37
2014-10-10,1.2638,136.27
2014-10-13,1.2679,135.95
2014-10-14,1.2646,135.29
2014-10-15,1.2666,135.5
2014-10-16,1.2749,134.95
2014-10-17,1.2823,136.45
2014-10-20,1.2773,136.62
2014-10-21,1.2762,136.2
2014-10-22,1.2693,135.79
2014-10-23,1.2669,136.42
2014-10-24,1.2659,136.64
2014-10-27,1.2679,136.76
2014-10-28,1.2748,137.45
2014-10-29,1.2737,137.75
2014-10-30,1.2598,137.27
2014-10-31,1.2524,140.18
2014-11-03,1.2493,142.19
2014-11-04,1.2514,141.96
2014-11-05,1.248,143.21
2014-11-06,1.2517,143.33
2014-11-07,1.2393,142.89
2014-11-10,1.2486,142.56
2014-11-11,1.2424,143.88
2014-11-12,1.2467,143.63
2014-11-13,1.2456,143.87
2014-11-14,1.2436,144.94
2014-11-17,1.2496,145.3
2014-11-18,1.2514,145.91
2014-11-19,1.2535,147.45
2014-11-20,1.2539,148.25
2014-11-21,1.2422,146.46
2014-11-24,1.241,146.82
2014-11-25,1.2424,146.66
2014-11-26,1.2475,146.91
2014-11-27,1.248,146.67
2014-11-28,1.2483,147.69
2014-12-01,1.2469,147.62
2014-12-02,1.2424,148.08
2014-12-03,1.2331,147.2
2014-12-04,1.2311,147.64
2014-12-05,1.2362,149.03
2014-12-08,1.2258,148.45
2014-12-09,1.2369,148.02
2014-12-10,1.2392,147.33
2014-12-11,1.2428,147.2
2014-12-12,1.245,147.41
2014-12-15,1.2426,147.67
2014-12-16,1.2537,145.79
2014-12-17,1.2448,145.89
2014-12-18,1.2285,145.96
2014-12-19,1.2279,146.41
2014-12-22,1.2259,147.06
2014-12-23,1.2213,146.8
2014-12-24,1.2219,147.07
2014-12-29,1.2197,146.96
2014-12-30,1.216,145.41
2014-12-31,1.2141,145.23
2015-01-02,1.2043,145.21
2015-01-05,1.1915,143
2015-01-06,1.1914,141.69
2015-01-07,1.1831,141.17
2015-01-08,1.1768,141
2015-01-09,1.1813,140.81
2015-01-12,1.1804,140.56
2015-01-13,1.1782,139.56
2015-01-14,1.1775,137.48
2015-01-15,1.1708,136.48
2015-01-16,1.1588,135.06
2015-01-19,1.1605,136.27
2015-01-20,1.1579,137.37
2015-01-21,1.1593,136.07
2015-01-22,1.1618,136.7
2015-01-23,1.1198,132.12
2015-01-26,1.1244,133.03
2015-01-27,1.1306,133.08
2015-01-28,1.1344,133.7
2015-01-29,1.1315,133.43
2015-01-30,1.1305,133.08
2015-02-02,1.131,133.06
2015-02-03,1.1376,133.48
2015-02-04,1.1446,134.49
2015-02-05,1.141,133.98
2015-02-06,1.1447,134.28
2015-02-09,1.1275,133.72
2015-02-10,1.1297,134.67
2015-02-11,1.1314,135.5
2015-02-12,1.1328,135.72
2015-02-13,1.1381,135.46
2015-02-16,1.1408,135.26
2015-02-17,1.1415,135.61
2015-02-18,1.1372,135.69
2015-02-19,1.1387,135.52
2015-02-20,1.1298,133.91
2015-02-23,1.1298,134.5
2015-02-24,1.1328,135.36
2015-02-25,1.1346,134.92
2015-02-26,1.1317,134.54
2015-02-27,1.124,134.05
2015-03-02,1.1227,134.47
2015-03-03,1.1168,133.74
2015-03-04,1.1124,133.15
2015-03-05,1.1069,133.1
2015-03-06,1.0963,131.48
2015-03-09,1.086,131.31
2015-03-10,1.0738,130.29
2015-03-11,1.0578,128.33
2015-03-12,1.0613,128.29
2015-03-13,1.0572,128.41
2015-03-16,1.0557,127.96
2015-03-17,1.0635,128.9
2015-03-18,1.0592,128.35
2015-03-19,1.0677,129.12
2015-03-20,1.0776,130.26
2015-03-23,1.0912,130.8
2015-03-24,1.095,130.89
2015-03-25,1.0985,131.13
2015-03-26,1.0973,130.67
2015-03-27,1.0856,129.39
2015-03-30,1.0845,130.02
2015-03-31,1.0759,128.95
2015-04-01,1.0755,129.29
2015-04-02,1.083,129.59
2015-04-07,1.0847,130.33
2015-04-08,1.0862,130.09
2015-04-09,1.0774,129.22
2015-04-10,1.057,127.32
2015-04-13,1.0552,127.2
2015-04-14,1.0564,126.67
2015-04-15,1.0579,126.52
2015-04-16,1.0711,127.64
2015-04-17,1.0814,128.45
2015-04-20,1.0723,127.68
2015-04-21,1.07,127.75
2015-04-22,1.0743,128.45
2015-04-23,1.0772,129.36
2015-04-24,1.0824,129.36
2015-04-27,1.0822,129.23
2015-04-28,1.0927,130.09
2015-04-29,1.1002,131.2
2015-04-30,1.1215,133.26
2015-05-04,1.1152,134.07
2015-05-05,1.1117,133.92
2015-05-06,1.123,134.59
2015-05-07,1.1305,134.72
2015-05-08,1.1221,134.9
2015-05-11,1.1142,133.64
2015-05-12,1.1239,134.85
2015-05-13,1.1221,134.31
2015-05-14,1.1419,136.12
2015-05-15,1.1328,135.78
2015-05-18,1.1389,136.33
2015-05-19,1.118,134.36
2015-05-20,1.1118,134.43
2015-05-21,1.1133,134.79
2015-05-22,1.1164,135.01
2015-05-25,1.0978,133.39
2015-05-26,1.0926,134.07
2015-05-27,1.0863,134.37
2015-05-28,1.0896,135.36
2015-05-29,1.097,135.95
2015-06-01,1.0944,135.79
2015-06-02,1.1029,137.52
2015-06-03,1.1134,138.46
2015-06-04,1.1317,140.47
2015-06-05,1.1218,139.97
2015-06-08,1.1162,139.84
2015-06-09,1.1249,139.56
2015-06-10,1.1279,138.69
2015-06-11,1.1232,138.95
2015-06-12,1.122,138.78
2015-06-15,1.1218,138.54
2015-06-16,1.1215,138.42
2015-06-17,1.1279,139.78
2015-06-18,1.1404,139.94
2015-06-19,1.1299,139.19
2015-06-22,1.1345,139.8
2015-06-23,1.1204,138.72
2015-06-24,1.1213,138.93
2015-06-25,1.1206,138.52
2015-06-26,1.1202,138.58
2015-06-29,1.1133,136.81
2015-06-30,1.1189,137.01
2015-07-01,1.11,136.63
2015-07-02,1.1066,136.82
2015-07-03,1.1096,136.38
2015-07-06,1.1008,135.11
2015-07-07,1.0931,133.88
2015-07-08,1.1024,133.88
2015-07-09,1.1054,134.3
2015-07-10,1.1185,136.88
2015-07-13,1.1049,136.3
2015-07-14,1.1031,136.02
2015-07-15,1.1009,135.95
2015-07-16,1.0867,134.9
2015-07-17,1.0889,135.01
2015-07-20,1.0852,134.83
2015-07-21,1.0867,135.17
2015-07-22,1.0902,134.98
2015-07-23,1.0999,136.15
2015-07-24,1.0939,135.7
2015-07-27,1.1058,136.23
2015-07-28,1.1025,136.46
2015-07-29,1.103,136.5
2015-07-30,1.0955,136.25
2015-07-31,1.0967,136.34
2015-08-03,1.0951,136.07
2015-08-04,1.0973,136.07
2015-08-05,1.0883,135.23
2015-08-06,1.0885,135.94
2015-08-07,1.0941,136.43
2015-08-10,1.096,136.67
2015-08-11,1.1055,137.99
2015-08-12,1.1155,138.45
2015-08-13,1.1109,138.23
2015-08-14,1.1171,138.7
2015-08-17,1.11,138.22
2015-08-18,1.106,137.44
2015-08-19,1.1041,137.31
2015-08-20,1.1183,138.5
2015-08-21,1.1281,138.4
2015-08-24,1.1497,137.8
2015-08-25,1.1506,137.84
2015-08-26,1.1402,136.46
2015-08-27,1.1284,135.62
2015-08-28,1.1268,136.16
2015-08-31,1.1215,136.07
2015-09-01,1.1236,134.87
2015-09-02,1.1255,135.21
2015-09-03,1.1229,134.98
2015-09-04,1.1138,132.82
2015-09-07,1.1146,133.09
2015-09-08,1.1162,133.82
2015-09-09,1.1139,134.65
2015-09-10,1.1185,135.38
2015-09-11,1.1268,136.02
2015-09-14,1.1305,136.04
2015-09-15,1.132,135.44
2015-09-16,1.1228,135.45
2015-09-17,1.1312,136.76
2015-09-18,1.1419,136.31
2015-09-21,1.125,135.5
2015-09-22,1.1155,133.75
2015-09-23,1.115,134.03
2015-09-24,1.1241,134.48
2015-09-25,1.1151,134.92
2015-09-28,1.117,134.13
2015-09-29,1.1204,134.38
2015-09-30,1.1203,134.69
2015-10-01,1.1153,133.56
2015-10-02,1.116,134.24
2015-10-05,1.1236,135.07
2015-10-06,1.1224,135.07
2015-10-07,1.1266,135.3
2015-10-08,1.1254,134.92
2015-10-09,1.1362,136.65
2015-10-12,1.1373,136.61
2015-10-13,1.1374,136.16
2015-10-14,1.141,136.48
2015-10-15,1.1439,135.23
2015-10-16,1.136,135.25
2015-10-19,1.1333,135.29
2015-10-20,1.1373,136.16
2015-10-21,1.1354,136.3
2015-10-22,1.1313,135.49
2015-10-23,1.1084,133.8
2015-10-26,1.1011,133.26
2015-10-27,1.1061,133.06
2015-10-28,1.1085,133.38
2015-10-29,1.093,132.3
2015-10-30,1.1017,132.88
2015-11-02,1.1032,133.02
2015-11-03,1.0976,132.65
2015-11-04,1.0935,132.45
2015-11-05,1.0883,132.65
2015-11-06,1.0864,132.41
2015-11-09,1.0776,133.08
2015-11-10,1.0711,131.98
2015-11-11,1.0716,131.9
2015-11-12,1.0726,131.92
2015-11-13,1.0764,132.04
2015-11-16,1.0723,132.01
2015-11-17,1.067,131.49
2015-11-18,1.0666,131.65
2015-11-19,1.0687,131.6
2015-11-20,1.0688,131.28
2015-11-23,1.0631,130.92
2015-11-24,1.0651,130.52
2015-11-25,1.0586,129.94
2015-11-26,1.0612,130.06
2015-11-27,1.058,129.75
2015-11-30,1.0579,130.22
2015-12-01,1.06,130.57
2015-12-02,1.0612,130.7
2015-12-03,1.0671,131.58
2015-12-04,1.0902,134.08
2015-12-07,1.0809,133.4
2015-12-08,1.0875,133.64
2015-12-09,1.0941,134.04
2015-12-10,1.0943,132.97
2015-12-11,1.095,133.02
2015-12-14,1.0983,132.54
2015-12-15,1.099,132.97
2015-12-16,1.0933,133.18
2015-12-17,1.0841,132.82
2015-12-18,1.0836,131.6
2015-12-21,1.087,131.93
2015-12-22,1.0952,132.42
2015-12-23,1.0916,131.92
2015-12-24,1.0947,131.83
2015-12-28,1.0962,132.05
2015-12-29,1.0952,131.88
2015-12-30,1.0926,131.66
2015-12-31,1.0887,131.07
2016-01-04,1.0898,129.78
2016-01-05,1.0746,127.88
2016-01-06,1.0742,127.19
2016-01-07,1.0868,127.74
2016-01-08,1.0861,128.51
2016-01-11,1.0888,128.33
2016-01-12,1.0836,127.79
2016-01-13,1.0816,127.74
2016-01-14,1.0893,128.26
2016-01-15,1.0914,127.8
2016-01-18,1.0892,127.78
2016-01-19,1.0868,128.12
2016-01-20,1.0907,127.28
2016-01-21,1.0893,127.43
2016-01-22,1.0808,127.77
2016-01-25,1.0815,128.07
2016-01-26,1.0837,128.22
2016-01-27,1.0888,128.91
2016-01-28,1.0903,129.62
2016-01-29,1.092,132.25
2016-02-01,1.0884,131.99
2016-02-02,1.0919,131.84
2016-02-03,1.0933,130.58
2016-02-04,1.1206,131.49
2016-02-05,1.1202,130.71
2016-02-08,1.1101,129.11
2016-02-09,1.1236,129.07
2016-02-10,1.1257,129.42
2016-02-11,1.1347,127.3
2016-02-12,1.1275,127.07
2016-02-15,1.118,127.6
2016-02-16,1.1166,127.02
2016-02-17,1.1136,127.1
2016-02-18,1.1084,126.17
2016-02-19,1.1096,125.4
2016-02-22,1.1026,124.85
2016-02-23,1.1002,123.12
2016-02-24,1.0981,122.86
2016-02-25,1.1027,124.01
2016-02-26,1.1006,124.42
2016-02-29,1.0888,123.14
2016-03-01,1.0872,122.94
2016-03-02,1.0856,124.07
2016-03-03,1.0901,124.23
2016-03-04,1.097,124.77
2016-03-07,1.0953,124.45
2016-03-08,1.1028,124.6
2016-03-09,1.0973,123.63
2016-03-10,1.0857,123.87
2016-03-11,1.109,126.17
2016-03-14,1.1119,126.36
2016-03-15,1.1109,125.36
2016-03-16,1.1064,125.68
2016-03-17,1.1311,126.28
2016-03-18,1.1279,125.79
2016-03-21,1.1271,125.94
2016-03-22,1.1212,125.13
2016-03-23,1.1171,126.01
2016-03-24,1.1154,125.41
2016-03-29,1.1194,127.13
2016-03-30,1.1324,127.37
2016-03-31,1.1385,127.9
2016-04-01,1.1432,128.07
2016-04-04,1.138,126.97
2016-04-05,1.1367,125.81
2016-04-06,1.1336,125.13
2016-04-07,1.1364,123.15
2016-04-08,1.1363,123.36
2016-04-11,1.139,123.28
2016-04-12,1.1396,123.44
2016-04-13,1.1298,123.47
2016-04-14,1.1252,123.09
2016-04-15,1.1284,122.91
2016-04-18,1.1306,122.32
2016-04-19,1.1343,124.1
2016-04-20,1.1379,124.2
2016-04-21,1.1355,124.5
2016-04-22,1.1263,124.86
2016-04-25,1.1264,124.95
2016-04-26,1.1287,125.45
2016-04-27,1.1303,125.79
2016-04-28,1.1358,122.84
2016-04-29,1.1403,122.34
2016-05-02,1.1493,122.47
2016-05-03,1.1569,122.53
2016-05-04,1.1505,122.62
2016-05-05,1.1439,122.51
2016-05-06,1.1427,122.23
2016-05-09,1.1395,123.39
2016-05-10,1.1375,124.12
2016-05-11,1.1409,124.09
2016-05-12,1.1389,124.5
2016-05-13,1.1348,123.56
2016-05-16,1.1324,123.27
2016-05-17,1.1318,123.93
2016-05-18,1.1279,123.38
2016-05-19,1.1197,123.17
2016-05-20,1.1219,123.81
2016-05-23,1.1215,122.7
2016-05-24,1.1168,122.56
2016-05-25,1.1146,122.79
2016-05-26,1.1168,122.93
2016-05-27,1.1168,122.46
2016-05-30,1.1139,123.85
2016-05-31,1.1154,123.83
2016-06-01,1.1174,122.07
2016-06-02,1.1188,121.96
2016-06-03,1.1154,121.47
2016-06-06,1.1349,121.58
2016-06-07,1.1348,122.16
2016-06-08,1.1378,121.77
2016-06-09,1.1343,120.72
2016-06-10,1.1304,120.79
2016-06-13,1.1268,119.51
2016-06-14,1.1225,118.98
2016-06-15,1.123,119.29
2016-06-16,1.1174,116.65
2016-06-17,1.1254,117.34
2016-06-20,1.1332,118.57
2016-06-21,1.1314,118.39
2016-06-22,1.1283,118.01
2016-06-23,1.1389,120.38
2016-06-24,1.1066,113.23
2016-06-27,1.0998,111.8
2016-06-28,1.1073,113.4
2016-06-29,1.109,113.85
2016-06-30,1.1102,114.05
2016-07-01,1.1135,114.29
2016-07-04,1.1138,114.29
2016-07-05,1.1146,113.5
2016-07-06,1.1069,111.48
2016-07-07,1.108,111.9
2016-07-08,1.107,111.17
2016-07-11,1.1049,113.23
2016-07-12,1.1092,115.29
2016-07-13,1.1072,115.82
2016-07-14,1.1157,117.88
2016-07-15,1.1128,117.63
2016-07-18,1.1053,116.82
2016-07-19,1.1035,117.2
2016-07-20,1.1013,117.33
2016-07-21,1.1015,117.05
2016-07-22,1.1014,116.86
2016-07-25,1.0982,116.64
2016-07-26,1.0997,114.67
2016-07-27,1.0991,116.23
2016-07-28,1.109,116.14
2016-07-29,1.1113,114.83
2016-08-01,1.1164,114.28
2016-08-02,1.1193,113.72
2016-08-03,1.12,113.22
2016-08-04,1.1136,112.66
2016-08-05,1.1156,112.73
2016-08-08,1.1087,113.59
2016-08-09,1.1078,113.27
2016-08-10,1.1184,113.09
2016-08-11,1.1153,113.05
2016-08-12,1.1158,113.77
2016-08-15,1.118,112.97
2016-08-16,1.1295,112.74
2016-08-17,1.1276,113.53
2016-08-18,1.1321,113.6
2016-08-19,1.1326,113.53
2016-08-22,1.1306,113.73
2016-08-23,1.1339,113.48
2016-08-24,1.1268,112.95
2016-08-25,1.129,113.45
2016-08-26,1.129,113.33
2016-08-29,1.117,114.24
2016-08-30,1.1168,114.27
2016-08-31,1.1132,115.01
2016-09-01,1.1146,115.59
2016-09-02,1.1193,115.83
2016-09-05,1.1156,115.24
2016-09-06,1.1159,115.39
2016-09-07,1.1237,114.23
2016-09-08,1.1296,114.8
2016-09-09,1.1268,115.85
2016-09-12,1.1226,114.38
2016-09-13,1.1247,114.98
2016-09-14,1.1218,115.37
2016-09-15,1.1254,114.98
2016-09-16,1.1226,114.35
2016-09-19,1.1165,113.65
2016-09-20,1.1184,113.93
2016-09-21,1.115,112.49
2016-09-22,1.1238,113.19
2016-09-23,1.1214,113.02
2016-09-26,1.1262,113.11
2016-09-27,1.122,112.52
2016-09-28,1.1225,112.93
2016-09-29,1.1221,113.88
2016-09-30,1.1161,113.09
2016-10-03,1.1236,113.9
2016-10-04,1.1161,114.5
2016-10-05,1.1211,115.65
2016-10-06,1.1185,116
2016-10-07,1.114,115.44
2016-10-10,1.116,115.39
2016-10-11,1.1079,114.9
2016-10-12,1.102,114.5
2016-10-13,1.1038,114.49
2016-10-14,1.1002,114.76
2016-10-17,1.0994,114.46
2016-10-18,1.0993,114.37
2016-10-19,1.0979,113.49
2016-10-20,1.098,113.76
2016-10-21,1.0886,112.96
2016-10-24,1.0891,113.29
2016-10-25,1.0872,113.65
2016-10-26,1.0925,113.97
2016-10-27,1.0927,114.39
2016-10-28,1.0922,115.1
2016-10-31,1.0946,114.97
2016-11-01,1.1025,115.57
2016-11-02,1.1095,114.62
2016-11-03,1.1064,114.25
2016-11-04,1.1093,114.24
2016-11-07,1.1062,115.4
2016-11-08,1.1038,115.66
2016-11-09,1.1022,114.54
2016-11-10,1.0895,116.4
2016-11-11,1.0904,115.96
2016-11-14,1.0777,116.27
2016-11-15,1.0765,116.55
2016-11-16,1.0702,117.25
2016-11-17,1.0717,117.12
2016-11-18,1.0629,116.95
2016-11-21,1.0631,117.59
2016-11-22,1.0617,117.74
2016-11-23,1.0602,118.04
2016-11-24,1.0548,119.43
2016-11-25,1.0592,119.73
2016-11-28,1.0588,119.25
2016-11-29,1.0576,119.48
2016-11-30,1.0635,120.48
2016-12-01,1.0627,121.39
2016-12-02,1.0642,121.2
2016-12-05,1.0702,122.32
2016-12-06,1.0734,122.28
2016-12-07,1.073,122.42
2016-12-08,1.0762,122.61
2016-12-09,1.0559,121.48
2016-12-12,1.0596,122.69
2016-12-13,1.061,122.27
2016-12-14,1.0644,122.39
2016-12-15,1.0419,123.03
2016-12-16,1.0439,123.38
2016-12-19,1.0422,122.19
2016-12-20,1.0364,122.43
2016-12-21,1.0421,122.31
2016-12-22,1.0444,122.86
2016-12-23,1.0446,122.6
2016-12-27,1.0445,122.61
2016-12-28,1.0401,122.39
2016-12-29,1.0453,122.04
2016-12-30,1.0541,123.4
2017-01-02,1.0465,122.92
2017-01-03,1.0385,122.75
2017-01-04,1.0437,122.64
2017-01-05,1.0501,122.38
2017-01-06,1.0589,122.83
2017-01-09,1.0516,122.66
2017-01-10,1.0567,122.84
2017-01-11,1.0503,122.14
2017-01-12,1.0679,121.69
2017-01-13,1.0661,121.91
2017-01-16,1.0594,120.91
2017-01-17,1.0684,121.1
2017-01-18,1.0664,121.05
2017-01-19,1.0668,122.23
2017-01-20,1.0632,122.47
2017-01-23,1.0715,121.72
2017-01-24,1.0748,121.85
2017-01-25,1.0743,121.79
2017-01-26,1.07,122.4
2017-01-27,1.0681,123.01
2017-01-30,1.063,121.76
2017-01-31,1.0755,121.94
2017-02-01,1.079,122.25
2017-02-02,1.0808,121.4
2017-02-03,1.0741,121.49
2017-02-06,1.0712,120.28
2017-02-07,1.0675,119.94
2017-02-08,1.0665,119.39
2017-02-09,1.0692,120.04
2017-02-10,1.0629,120.65
2017-02-13,1.0629,120.9
2017-02-14,1.0623,120.43
2017-02-15,1.0555,120.85
2017-02-16,1.0652,120.95
2017-02-17,1.065,120.08
2017-02-20,1.0616,120.11
2017-02-21,1.0537,119.77
2017-02-22,1.0513,118.79
2017-02-23,1.0573,119.3
2017-02-24,1.0609,119.04
2017-02-27,1.0587,118.87
2017-02-28,1.0597,118.83
2017-03-01,1.0533,119.84
2017-03-02,1.0514,120.24
2017-03-03,1.0565,120.83
2017-03-06,1.0592,120.55
2017-03-07,1.0576,120.61
2017-03-08,1.0556,120.65
2017-03-09,1.0551,120.95
2017-03-10,1.0606,122.42
2017-03-13,1.0663,122.35
2017-03-14,1.0631,122.13
2017-03-15,1.0622,121.77
2017-03-16,1.0726,121.55
2017-03-17,1.0737,121.49
2017-03-20,1.0752,121.19
2017-03-21,1.0802,121.58
2017-03-22,1.0807,120.07
2017-03-23,1.0786,119.36
2017-03-24,1.0805,120.09
2017-03-27,1.0889,119.93
2017-03-28,1.0859,119.84
2017-03-29,1.0748,119.17
2017-03-30,1.0737,119.39
2017-03-31,1.0691,119.55
2017-04-03,1.0661,118.64
2017-04-04,1.0651,117.55
2017-04-05,1.0678,118.49
2017-04-06,1.0666,118.23
2017-04-07,1.063,117.64
2017-04-10,1.0578,117.72
2017-04-11,1.0616,117.36
2017-04-12,1.0605,116.22
2017-04-13,1.063,116.01
2017-04-18,1.0682,116.26
2017-04-19,1.0725,116.91
2017-04-20,1.0745,117.16
2017-04-21,1.0698,116.72
2017-04-24,1.0848,119.67
2017-04-25,1.0891,120.34
2017-04-26,1.0893,121.35
2017-04-27,1.0881,121.27
2017-04-28,1.093,121.76
2017-05-02,1.0915,122.55
2017-05-03,1.0919,122.47
2017-05-04,1.0927,123.31
2017-05-05,1.0961,123.29
2017-05-08,1.0938,123.1
2017-05-09,1.0888,124.04
2017-05-10,1.0882,123.84
2017-05-11,1.086,123.69
2017-05-12,1.0876,123.82
2017-05-15,1.0972,124.45
2017-05-16,1.1059,125.67
2017-05-17,1.1117,124.82
2017-05-18,1.1129,123.05
2017-05-19,1.1179,124.35
2017-05-22,1.1243,125.18
2017-05-23,1.1215,124.62
2017-05-24,1.1193,125.15
2017-05-25,1.1214,125.33
2017-05-26,1.1196,124.38
2017-05-29,1.1188,124.57
2017-05-30,1.1173,123.97
2017-05-31,1.1221,124.4
2017-06-01,1.1219,124.53
2017-06-02,1.1217,125.02
2017-06-05,1.1249,124.3
2017-06-06,1.1258,123.12
2017-06-07,1.1217,122.78
2017-06-08,1.1229,123.77
2017-06-09,1.1176,123.44
2017-06-12,1.1221,123.3
2017-06-13,1.1217,123.43
2017-06-14,1.1203,123.58
2017-06-15,1.1166,122.95
2017-06-16,1.1167,124.33
2017-06-19,1.1199,124.26
2017-06-20,1.1156,124.25
2017-06-21,1.1147,124.21
2017-06-22,1.1169,124.27
2017-06-23,1.1173,124.36
2017-06-26,1.1187,124.93
2017-06-27,1.1278,126.16
2017-06-28,1.1375,127.53
2017-06-29,1.1413,128.59
2017-06-30,1.1412,127.75
2017-07-03,1.1369,128.46
2017-07-04,1.1353,128.57
2017-07-05,1.1329,128.64
2017-07-06,1.1385,129.01
2017-07-07,1.1412,129.8
2017-07-10,1.1387,129.98
2017-07-11,1.1405,130.36
2017-07-12,1.1449,130.02
2017-07-13,1.1417,129.17
2017-07-14,1.1415,129.1
2017-07-17,1.1462,128.86
2017-07-18,1.1555,129.46
2017-07-19,1.1533,129.03
2017-07-20,1.1485,128.92
2017-07-21,1.1642,129.72
2017-07-24,1.1648,129.09
2017-07-25,1.1694,130.28
2017-07-26,1.1644,130.26
2017-07-27,1.1694,130.32
2017-07-28,1.1729,130.37
2017-07-31,1.1727,129.7
2017-08-01,1.1812,130.53
2017-08-02,1.1829,130.98
2017-08-03,1.186,130.91
2017-08-04,1.1868,130.67
2017-08-07,1.1797,130.78
2017-08-08,1.1814,130.31
2017-08-09,1.1731,128.74
2017-08-10,1.1732,128.76
2017-08-11,1.1765,128.41
2017-08-14,1.1797,129.28
2017-08-15,1.1744,129.67
2017-08-16,1.171,129.79
2017-08-17,1.1697,128.81
2017-08-18,1.174,128.02
2017-08-21,1.1761,128.17
2017-08-22,1.1771,128.73
2017-08-23,1.1799,128.71
2017-08-24,1.1806,129.06
2017-08-25,1.1808,129.59
2017-08-28,1.1925,130.34
2017-08-29,1.2048,130.86
2017-08-30,1.1916,131.25
2017-08-31,1.1825,130.81
2017-09-01,1.192,131.29
2017-09-04,1.1905,130.6
2017-09-05,1.189,129.99
2017-09-06,1.1931,129.92
2017-09-07,1.1971,130.34
2017-09-08,1.206,129.5
2017-09-11,1.1997,130.38
2017-09-12,1.1933,130.93
2017-09-13,1.1979,131.79
2017-09-14,1.1885,131.55
2017-09-15,1.1963,132.92
2017-09-18,1.1948,133.09
2017-09-19,1.1972,133.44
2017-09-20,1.2007,133.63
2017-09-21,1.1905,133.86
2017-09-22,1.1961,134.01
2017-09-25,1.1867,133.19
2017-09-26,1.1787,131.99
2017-09-27,1.1741,132.6
2017-09-28,1.1778,132.56
2017-09-29,1.1806,132.82
2017-10-02,1.1744,132.5
2017-10-03,1.1753,132.77
2017-10-04,1.1787,132.47
2017-10-05,1.1742,132.05
2017-10-06,1.1707,132.23
2017-10-09,1.1746,132.36
2017-10-10,1.1797,132.55
2017-10-11,1.183,132.72
2017-10-12,1.1856,133.12
2017-10-13,1.181,132.49
2017-10-16,1.1803,131.99
2017-10-17,1.1759,131.94
2017-10-18,1.1749,132.62
2017-10-19,1.1834,133.18
2017-10-20,1.1818,133.75
2017-10-23,1.174,133.59
2017-10-24,1.1761,133.95
2017-10-25,1.1785,134.41
2017-10-26,1.1753,133.75
2017-10-27,1.1605,132.52
2017-10-30,1.1612,131.83
2017-10-31,1.1638,132
2017-11-01,1.1612,132.6
2017-11-02,1.1645,132.9
2017-11-03,1.1657,132.82
2017-11-06,1.159,132.29
2017-11-07,1.1562,132.03
2017-11-08,1.159,131.54
2017-11-09,1.163,131.75
2017-11-10,1.1654,132.08
2017-11-13,1.1656,132.07
2017-11-14,1.1745,133.29
2017-11-15,1.184,133.45
2017-11-16,1.1771,133.12
2017-11-17,1.1795,132.82
2017-11-20,1.1781,132.1
2017-11-21,1.1718,131.87
2017-11-22,1.1749,131.61
2017-11-23,1.1848,131.79
2017-11-24,1.1877,132.24
2017-11-27,1.1952,132.69
2017-11-28,1.1888,132.24
2017-11-29,1.1827,132.24
2017-11-30,1.1849,133.08
2017-12-01,1.1885,133.7
2017-12-04,1.1865,133.91
2017-12-05,1.1847,133.37
2017-12-06,1.1817,132.52
2017-12-07,1.1786,132.88
2017-12-08,1.1742,133.26
2017-12-11,1.1796,133.66
2017-12-12,1.1766,133.54
2017-12-13,1.1736,132.99
2017-12-14,1.1845,133.39
2017-12-15,1.1806,132.45
2017-12-18,1.1795,132.66
2017-12-19,1.1823,133.23
2017-12-20,1.1845,134.16
2017-12-21,1.1859,134.59
2017-12-22,1.1853,134.37
2017-12-27,1.1895,134.7
2017-12-28,1.1934,134.74
2017-12-29,1.1993,135.01
2018-01-02,1.2065,135.35
2018-01-03,1.2023,134.97
2018-01-04,1.2065,135.92
2018-01-05,1.2045,136.45
2018-01-08,1.1973,135.34
2018-01-09,1.1932,134.31
2018-01-10,1.1992,133.62
2018-01-11,1.2017,134.19
2018-01-12,1.2137,134.88
2018-01-15,1.2277,135.81
2018-01-16,1.223,135.4
2018-01-17,1.2203,135.21
2018-01-18,1.2235,136.07
2018-01-19,1.2255,135.54
2018-01-22,1.2239,135.66
2018-01-23,1.2249,135.35
2018-01-24,1.2352,135.13
2018-01-25,1.2407,135.12
2018-01-26,1.2436,135.95
2018-01-29,1.2379,134.75
2018-01-30,1.2421,134.98
2018-01-31,1.2457,135.6
2018-02-01,1.2459,136.62
2018-02-02,1.2492,137.22
2018-02-05,1.244,136.67
2018-02-06,1.2329,134.97
2018-02-07,1.2338,134.84
2018-02-08,1.2252,134.31
2018-02-09,1.2273,133.59
2018-02-12,1.2263,133.23
2018-02-13,1.2333,132.82
2018-02-14,1.2348,132.4
2018-02-15,1.2493,133.11
2018-02-16,1.2464,132.34
2018-02-19,1.241,132.24
2018-02-20,1.234,132.25
2018-02-21,1.2312,132.41
2018-02-22,1.2276,131.47
2018-02-23,1.2299,131.28
2018-02-26,1.232,131.6
2018-02-27,1.2301,131.77
2018-02-28,1.2214,130.72
2018-03-01,1.2171,129.98
2018-03-02,1.2312,129.77
2018-03-05,1.2307,130.02
2018-03-06,1.2411,131.84
2018-03-07,1.2417,131.41
2018-03-08,1.2421,131.83
2018-03-09,1.2291,131.31
2018-03-12,1.2302,131.04
2018-03-13,1.2378,132.31
2018-03-14,1.2369,131.77
2018-03-15,1.2341,130.9
2018-03-16,1.2301,130.21
2018-03-19,1.2309,130.65
2018-03-20,1.2276,130.72
2018-03-21,1.2286,130.5
2018-03-22,1.2316,129.75
2018-03-23,1.2346,129.74
2018-03-26,1.2411,130.47
2018-03-27,1.2376,131.04
2018-03-28,1.2398,131.6
2018-03-29,1.2321,131.15
2018-04-03,1.2308,130.76
2018-04-04,1.2276,130.43
2018-04-05,1.226,131.26
2018-04-06,1.2234,131.32
2018-04-09,1.2304,131.66
2018-04-10,1.2361,132.28
2018-04-11,1.2384,132.26
2018-04-12,1.2323,132.04
2018-04-13,1.2317,132.64
2018-04-16,1.237,132.77
2018-04-17,1.2357,132.35
2018-04-18,1.2388,132.82
2018-04-19,1.2382,132.88
2018-04-20,1.2309,132.41
2018-04-23,1.2238,132.38
2018-04-24,1.2213,132.92
2018-04-25,1.2185,133.03
2018-04-26,1.2168,132.87
2018-04-27,1.207,131.95
2018-04-30,1.2079,132.12
2018-05-02,1.2007,131.84
2018-05-03,1.1992,131.03
2018-05-04,1.1969,130.37
2018-05-07,1.1902,130.15
2018-05-08,1.187,129.45
2018-05-09,1.1879,130.24
2018-05-10,1.1878,130.22
2018-05-11,1.1934,130.44
2018-05-14,1.1988,131.27
2018-05-15,1.1883,130.77
2018-05-16,1.1784,129.83
2018-05-17,1.1805,130.66
2018-05-18,1.1781,130.69
2018-05-21,1.1759,130.84
2018-05-22,1.1794,130.7
2018-05-23,1.1708,128.61
2018-05-24,1.1728,128.46
2018-05-25,1.1675,127.72
2018-05-28,1.1644,127.33
2018-05-29,1.1558,125.88
2018-05-30,1.1632,126.76
2018-05-31,1.1699,127.33
2018-06-01,1.1669,127.74
2018-06-04,1.1737,128.44
2018-06-05,1.1675,128.08
2018-06-06,1.1765,129.57
2018-06-07,1.1836,130.26
2018-06-08,1.1754,128.64
2018-06-11,1.179,129.62
2018-06-12,1.1788,130.03
2018-06-13,1.1764,130.03
2018-06-14,1.173,129.15
2018-06-15,1.1596,128.31
2018-06-18,1.1613,128.27
2018-06-19,1.1534,126.78
2018-06-20,1.1578,127.39
2018-06-21,1.1538,127.59
2018-06-22,1.1648,128.3
2018-06-25,1.17,128.21
2018-06-26,1.1672,127.95
2018-06-27,1.1616,128.08
2018-06-28,1.1583,127.63
2018-06-29,1.1658,129.04
2018-07-02,1.1639,128.86
2018-07-03,1.1665,129.09
2018-07-04,1.1642,128.64
2018-07-05,1.1709,129.53
2018-07-06,1.1724,129.65
2018-07-09,1.1789,130.21
2018-07-10,1.1713,130.3
2018-07-11,1.1735,130.53
2018-07-12,1.1658,131.13
2018-07-13,1.1643,131.04
2018-07-16,1.172,131.65
2018-07-17,1.1707,131.81
2018-07-18,1.1611,130.92
2018-07-19,1.1588,130.98
2018-07-20,1.167,130.94
2018-07-23,1.1716,130.18
2018-07-24,1.1706,130.06
2018-07-25,1.169,129.8
2018-07-26,1.1716,129.91
2018-07-27,1.1625,129.25
2018-07-30,1.1684,129.79
2018-07-31,1.1736,130.84
2018-08-01,1.1696,130.81
2018-08-02,1.1617,129.43
2018-08-03,1.1588,129.3
2018-08-06,1.1543,128.68
2018-08-07,1.1602,128.88
2018-08-08,1.1589,128.72
2018-08-09,1.1593,128.84
2018-08-10,1.1456,127.07
2018-08-13,1.1403,126.11
2018-08-14,1.1406,126.42
2018-08-15,1.1321,125.67
2018-08-16,1.137,126.02
2018-08-17,1.1391,125.75
2018-08-20,1.142,126.25
2018-08-21,1.1502,127.01
2018-08-22,1.1616,128.08
2018-08-23,1.1579,128.31
2018-08-24,1.1588,128.97
2018-08-27,1.1633,129.16
2018-08-28,1.171,130.03
2018-08-29,1.166,129.73
2018-08-30,1.1692,130.32
2018-08-31,1.1651,129.05
2018-09-03,1.1609,129.03
2018-09-04,1.1562,128.6
2018-09-05,1.1582,129.17
2018-09-06,1.1634,129.55
2018-09-07,1.1615,128.74
2018-09-10,1.1571,128.54
2018-09-11,1.1574,128.82
2018-09-12,1.1585,129.13
2018-09-13,1.162,129.68
2018-09-14,1.1689,130.75
2018-09-17,1.1671,130.79
2018-09-18,1.1697,131.21
2018-09-19,1.1667,130.94
2018-09-20,1.1769,131.98
2018-09-21,1.1759,132.44
2018-09-24,1.1773,132.56
2018-09-25,1.1777,132.78
2018-09-26,1.1737,132.61
2018-09-27,1.1707,132.15
2018-09-28,1.1576,131.23
2018-10-01,1.1606,132.25
2018-10-02,1.1543,131.46
2018-10-03,1.1548,131.47
2018-10-04,1.1502,131.31
2018-10-05,1.1506,131.03
2018-10-08,1.1478,130.11
2018-10-09,1.1435,129.45
2018-10-10,1.15,130.23
2018-10-11,1.1575,130
2018-10-12,1.1574,129.99
2018-10-15,1.1581,129.53
2018-10-16,1.1587,129.92
2018-10-17,1.153,129.43
2018-10-18,1.1505,129.44
2018-10-19,1.147,129.05
2018-10-22,1.1494,129.63
2018-10-23,1.1478,128.76
2018-10-24,1.1389,128.37
2018-10-25,1.1416,128.27
2018-10-26,1.1345,127.13
2018-10-29,1.1381,127.92
2018-10-30,1.1372,128.28
2018-10-31,1.1318,128.15
2018-11-01,1.1393,128.52
2018-11-02,1.1417,128.89
2018-11-05,1.137,128.81
2018-11-06,1.1428,129.31
2018-11-07,1.1487,130.02
2018-11-08,1.1424,129.9
2018-11-09,1.1346,129.26
2018-11-12,1.1265,128.2
2018-11-13,1.1261,128.32
2018-11-14,1.1296,128.64
2018-11-15,1.1305,128.16
2018-11-16,1.1346,128.37
2018-11-19,1.1427,128.89
2018-11-20,1.1421,128.34
2018-11-21,1.1409,129.04
2018-11-22,1.1403,128.8
2018-11-23,1.1352,128.07
2018-11-26,1.1363,128.7
2018-11-27,1.1328,128.66
2018-11-28,1.1284,128.47
2018-11-29,1.1387,128.99
2018-11-30,1.1359,128.99
2018-12-03,1.1332,128.7
2018-12-04,1.1409,128.68
2018-12-05,1.1354,128.31
2018-12-06,1.1351,128.04
2018-12-07,1.1371,128.36
2018-12-10,1.1425,128.79
2018-12-11,1.1379,128.75
2018-12-12,1.1346,128.67
2018-12-13,1.1371,129.06
2018-12-14,1.1285,128.13
2018-12-17,1.1341,128.44
2018-12-18,1.1377,127.86
2018-12-19,1.1405,128.11
2018-12-20,1.1451,127.94
2018-12-21,1.1414,126.98
2018-12-24,1.1408,126.47
2018-12-27,1.1377,126.14
2018-12-28,1.1454,126.4
2018-12-31,1.145,125.85
2019-01-02,1.1397,124.28
2019-01-03,1.1348,122.21
2019-01-04,1.1403,123.2
2019-01-07,1.1445,123.9
2019-01-08,1.144,124.46
2019-01-09,1.1455,124.7
2019-01-10,1.1535,124.7
2019-01-11,1.1533,124.91
2019-01-14,1.1467,123.93
2019-01-15,1.1424,124.02
2019-01-16,1.1389,123.91
2019-01-17,1.1396,123.95
2019-01-18,1.1402,124.78
2019-01-21,1.1362,124.6
2019-01-22,1.1354,124.25
2019-01-23,1.1367,124.7
2019-01-24,1.1341,124.43
2019-01-25,1.1346,124.72
2019-01-28,1.1418,124.94
2019-01-29,1.1422,125.03
2019-01-30,1.1429,125.08
2019-01-31,1.1488,124.81
2019-02-01,1.1471,124.91
2019-02-04,1.1445,125.77
2019-02-05,1.1423,125.59
2019-02-06,1.1394,125.05
2019-02-07,1.1345,124.41
2019-02-08,1.1346,124.57
2019-02-11,1.1309,124.63
2019-02-12,1.1296,124.7
2019-02-13,1.1305,125.19
2019-02-14,1.1268,125.12
2019-02-15,1.126,124.45
2019-02-18,1.1328,125.23
2019-02-19,1.1294,125.09
2019-02-20,1.1342,125.61
2019-02-21,1.1354,125.7
2019-02-22,1.1325,125.56
2019-02-25,1.1355,125.75
2019-02-26,1.1361,125.93
2019-02-27,1.1386,125.9
2019-02-28,1.1416,126.44
2019-03-01,1.1383,127.35
2019-03-04,1.1337,126.91
2019-03-05,1.1329,126.8
2019-03-06,1.1305,126.4
2019-03-07,1.1271,125.97
2019-03-08,1.1222,124.72
2019-03-11,1.1244,124.91
2019-03-12,1.1275,125.27
2019-03-13,1.1303,125.89
2019-03-14,1.1295,126.09
2019-03-15,1.1308,126.16
2019-03-18,1.1349,126.54
2019-03-19,1.1358,126.59
2019-03-20,1.1354,126.63
2019-03-21,1.1387,125.92
2019-03-22,1.1302,124.6
2019-03-25,1.1325,124.65
2019-03-26,1.1291,124.72
2019-03-27,1.1261,124.42
2019-03-28,1.1218,124.16
2019-03-29,1.1235,124.45
2019-04-01,1.1236,124.68
2019-04-02,1.12,124.73
2019-04-03,1.1243,125.3
2019-04-04,1.1219,125.01
2019-04-05,1.1233,125.44
2019-04-08,1.1246,125.36
2019-04-09,1.1277,125.51
2019-04-10,1.1279,125.38
2019-04-11,1.1264,125.3
2019-04-12,1.1321,126.76
2019-04-15,1.1313,126.66
2019-04-16,1.1305,126.59
2019-04-17,1.1301,126.51
2019-04-18,1.125,125.86
2019-04-23,1.1245,125.82
2019-04-24,1.1209,125.34
2019-04-25,1.1123,124.45
2019-04-26,1.1133,124.45
2019-04-29,1.115,124.64
2019-04-30,1.1218,124.93
2019-05-02,1.1212,125.01
2019-05-03,1.1155,124.4
2019-05-06,1.1199,124.13
2019-05-07,1.1185,123.73
2019-05-08,1.1202,123.31
2019-05-09,1.1193,122.91
2019-05-10,1.123,123.25
2019-05-13,1.1245,123.06
2019-05-14,1.1226,123
2019-05-15,1.1183,122.24
2019-05-16,1.1203,122.81
2019-05-17,1.1172,122.34
2019-05-20,1.1167,122.67
2019-05-21,1.1161,123.27
2019-05-22,1.1171,123.27
2019-05-23,1.1139,122.56
2019-05-24,1.1187,122.61
2019-05-27,1.1198,122.56
2019-05-28,1.1192,122.45
2019-05-29,1.1156,121.91
2019-05-30,1.1134,122.1
2019-05-31,1.1151,121.27
2019-06-03,1.1185,121.17
2019-06-04,1.1244,121.62
2019-06-05,1.1257,121.96
2019-06-06,1.1266,121.82
2019-06-07,1.1273,122.27
2019-06-10,1.1301,122.78
2019-06-11,1.132,123.09
2019-06-12,1.1323,122.72
2019-06-13,1.1289,122.44
2019-06-14,1.1265,121.9
2019-06-17,1.1234,122.06
2019-06-18,1.1187,121.08
2019-06-19,1.1207,121.49
2019-06-20,1.1307,121.71
2019-06-21,1.1316,121.64
2019-06-24,1.1394,122.25
2019-06-25,1.1388,121.97
2019-06-26,1.1362,122.4
2019-06-27,1.137,122.64
2019-06-28,1.138,122.6
2019-07-01,1.1349,122.93
2019-07-02,1.1301,122.36
2019-07-03,1.1293,121.61
2019-07-04,1.1288,121.65
2019-07-05,1.126,121.77
2019-07-08,1.1215,121.8
2019-07-09,1.1205,121.93
2019-07-10,1.122,122.2
2019-07-11,1.1285,121.94
2019-07-12,1.1253,121.83
2019-07-15,1.1269,121.62
2019-07-16,1.1223,121.13
2019-07-17,1.1215,121.42
2019-07-18,1.1216,120.89
2019-07-19,1.1226,120.93
2019-07-22,1.1215,121.03
2019-07-23,1.1173,120.82
2019-07-24,1.114,120.41
2019-07-25,1.1115,120.15
2019-07-26,1.1138,121.06
2019-07-29,1.1119,120.81
2019-07-30,1.1154,121
2019-07-31,1.1151,121.04
2019-08-01,1.1037,120.18
2019-08-02,1.1106,118.57
2019-08-05,1.1182,118.61
2019-08-06,1.1187,119.1
2019-08-07,1.1202,118.48
2019-08-08,1.1193,118.64
2019-08-09,1.1198,118.51
2019-08-12,1.1194,117.69
2019-08-13,1.1222,118.01
2019-08-14,1.1188,118.48
2019-08-15,1.115,118.37
2019-08-16,1.1076,117.77
2019-08-19,1.1103,118.34
2019-08-20,1.1076,117.79
2019-08-21,1.1104,118.24
2019-08-22,1.1083,118.13
2019-08-23,1.1065,117.79
2019-08-26,1.1116,117.67
2019-08-27,1.1104,117.43
2019-08-28,1.1083,117.18
2019-08-29,1.1072,117.68
2019-08-30,1.1036,117.28
2019-09-02,1.0968,116.66
2019-09-03,1.0937,116.05
2019-09-04,1.1018,117.03
2019-09-05,1.1058,117.97
2019-09-06,1.1027,118.01
2019-09-09,1.1033,118.01
2019-09-10,1.104,118.52
2019-09-11,1.1003,118.51
2019-09-12,1.0963,118.14
2019-09-13,1.1096,119.83
2019-09-16,1.1031,118.96
2019-09-17,1.1026,119.23
2019-09-18,1.1053,119.54
2019-09-19,1.1067,119.46
2019-09-20,1.103,119.11
2019-09-23,1.0985,118.07
2019-09-24,1.1003,118.45
2019-09-25,1.0982,118
2019-09-26,1.0938,117.73
2019-09-27,1.0935,118.21
2019-09-30,1.0889,117.59
2019-10-01,1.0898,118
2019-10-02,1.0925,117.47
2019-10-03,1.0951,117.17
2019-10-04,1.0979,117.23
2019-10-07,1.0993,117.44
2019-10-08,1.0986,117.43
2019-10-09,1.0981,117.91
2019-10-10,1.103,118.52
2019-10-11,1.1043,119.75
2019-10-14,1.1031,119.4
2019-10-15,1.1007,119.23
2019-10-16,1.1025,119.9
2019-10-17,1.1113,120.81
2019-10-18,1.1144,120.97
2019-10-21,1.1173,121.29
2019-10-22,1.113,120.87
2019-10-23,1.1123,120.63
2019-10-24,1.1128,120.86
2019-10-25,1.1107,120.59
2019-10-28,1.1087,120.69
2019-10-29,1.1095,120.88
2019-10-30,1.1106,120.99
2019-10-31,1.1154,120.73
2019-11-01,1.1139,120.43
2019-11-04,1.1158,120.93
2019-11-05,1.1109,120.93
2019-11-06,1.109,120.88
2019-11-07,1.1077,120.9
2019-11-08,1.1034,120.72
2019-11-11,1.1041,120.29
2019-11-12,1.1015,120.24
2019-11-13,1.1006,119.79
2019-11-14,1.0997,119.49
2019-11-15,1.1034,119.95
2019-11-18,1.1061,120.55
2019-11-19,1.1077,120.46
2019-11-20,1.1059,119.96
2019-11-21,1.1091,120.46
2019-11-22,1.1058,120.03
2019-11-25,1.1008,119.88
2019-11-26,1.102,120.09
2019-11-27,1.1009,120.18
2019-11-28,1.1005,120.5
2019-11-29,1.0982,120.43
2019-12-02,1.1023,120.75
2019-12-03,1.1071,120.39
2019-12-04,1.1081,120.45
2019-12-05,1.1094,120.69
2019-12-06,1.1094,120.44
2019-12-09,1.1075,120.15
2019-12-10,1.1077,120.27
2019-12-11,1.1075,120.44
2019-12-12,1.1137,120.95
2019-12-13,1.1174,122.43
2019-12-16,1.1146,121.97
2019-12-17,1.1162,122.31
2019-12-18,1.1115,121.81
2019-12-19,1.1117,121.73
2019-12-20,1.1097,121.31
2019-12-23,1.1075,121.18
2019-12-24,1.108,121.19
2019-12-27,1.1153,122.23
2019-12-30,1.1189,122.19
2019-12-31,1.1234,121.94
2020-01-02,1.1193,121.75
2020-01-03,1.1147,120.54
2020-01-06,1.1194,121.02
2020-01-07,1.1172,121.15
2020-01-08,1.1115,120.86
2020-01-09,1.111,121.54
2020-01-10,1.1091,121.6
2020-01-13,1.1126,122.25
2020-01-14,1.1115,122.32
2020-01-15,1.1142,122.43
2020-01-16,1.1169,122.8
2020-01-17,1.1108,122.31
2020-01-20,1.1085,122.14
2020-01-21,1.1115,122.31
2020-01-22,1.1088,121.93
2020-01-23,1.1091,121.5
2020-01-24,1.1035,120.96
2020-01-27,1.1025,120.11
2020-01-28,1.1005,120.02
2020-01-29,1.1001,120.06
2020-01-30,1.1029,120.03
2020-01-31,1.1052,120.35
2020-02-03,1.1066,120.1
2020-02-04,1.1048,120.52
2020-02-05,1.1023,120.94
2020-02-06,1.1003,120.87
2020-02-07,1.0969,120.51
2020-02-10,1.0951,120.18
2020-02-11,1.0901,119.73
2020-02-12,1.0914,120.03
2020-02-13,1.0867,119.21
2020-02-14,1.0842,119.11
2020-02-17,1.0835,119.05
2020-02-18,1.0816,118.7
2020-02-19,1.08,119.35
2020-02-20,1.079,120.86
2020-02-21,1.0801,120.96
2020-02-24,1.0818,120.52
2020-02-25,1.084,119.92
2020-02-26,1.0875,120.13
2020-02-27,1.0964,120.46
2020-02-28,1.0977,119.36
2020-03-02,1.1122,119.82
2020-03-03,1.1117,119.77
2020-03-04,1.1125,119.58
2020-03-05,1.1187,119.63
2020-03-06,1.1336,119.08
2020-03-09,1.1456,117.12
2020-03-10,1.139,118.65
2020-03-11,1.1336,118.55
2020-03-12,1.124,116.84
2020-03-13,1.1104,119.11
2020-03-16,1.1157,117.76
2020-03-17,1.0982,117.5
2020-03-18,1.0934,117.78
2020-03-19,1.0801,118.63
2020-03-20,1.0707,118.37
2020-03-23,1.0783,119.11
2020-03-24,1.0843,119.99
2020-03-25,1.0827,120.67
2020-03-26,1.0981,120.18
2020-03-27,1.0977,119.36
2020-03-30,1.1034,119.34
2020-03-31,1.0956,118.9
2020-04-01,1.0936,117.55
2020-04-02,1.0906,117.06
2020-04-03,1.0785,117.1
2020-04-06,1.0791,117.54
2020-04-07,1.0885,118.55
2020-04-08,1.0871,118.36
2020-04-09,1.0867,118.33
2020-04-14,1.0963,117.66
2020-04-15,1.0903,117.12
2020-04-16,1.0888,117.12
2020-04-17,1.086,116.86
2020-04-20,1.086,117.11
2020-04-21,1.0837,116.39
2020-04-22,1.0867,117.01
2020-04-23,1.0772,115.75
2020-04-24,1.08,116.22
2020-04-27,1.0852,116.22
2020-04-28,1.0877,116.06
2020-04-29,1.0842,115.52
2020-04-30,1.0876,115.87
2020-05-04,1.0942,116.84
2020-05-05,1.0843,115.71
2020-05-06,1.0807,114.65
2020-05-07,1.0783,114.91
2020-05-08,1.0843,115.34
2020-05-11,1.0824,116.16
2020-05-12,1.0858,116.56
2020-05-13,1.0875,116.28
2020-05-14,1.0792,115.48
2020-05-15,1.0798,115.53
2020-05-18,1.0832,116.31
2020-05-19,1.095,118
2020-05-20,1.0958,117.95
2020-05-21,1.1,118.42
2020-05-22,1.0904,117.26
2020-05-25,1.091,117.47
2020-05-26,1.0975,117.92
2020-05-27,1.0991,118.58
2020-05-28,1.1016,118.68
2020-05-29,1.1136,119.29
2020-06-01,1.1116,119.75
2020-06-02,1.1174,120.83
2020-06-03,1.1194,121.54
2020-06-04,1.125,122.48
2020-06-05,1.133,123.77
2020-06-08,1.1285,123.41
2020-06-09,1.1294,122.14
2020-06-10,1.1375,122.16
2020-06-11,1.1348,121.52
2020-06-12,1.1304,121.26
2020-06-15,1.1253,120.83
2020-06-16,1.1308,121.39
2020-06-17,1.1232,120.65
2020-06-18,1.1222,120
2020-06-19,1.121,119.77
2020-06-22,1.1213,119.89
2020-06-23,1.1318,121.05
2020-06-24,1.128,120.3
2020-06-25,1.12,120.25
2020-06-26,1.1213,119.93
2020-06-29,1.1284,121.07
2020-06-30,1.1198,120.66
2020-07-01,1.12,120.31
2020-07-02,1.1286,121.24
2020-07-03,1.1224,120.68
2020-07-06,1.1325,121.78
2020-07-07,1.129,121.61
2020-07-08,1.1286,121.39
2020-07-09,1.1342,121.67
2020-07-10,1.1276,120.48
2020-07-13,1.1329,121.4
2020-07-14,1.1375,122.17
2020-07-15,1.1444,122.25
2020-07-16,1.1414,122.24
2020-07-17,1.1428,122.53
2020-07-20,1.1448,122.63
2020-07-21,1.1443,122.7
2020-07-22,1.1578,123.94
2020-07-23,1.1569,123.98
2020-07-24,1.1608,123.36
2020-07-27,1.176,123.88
2020-07-28,1.1717,123.34
2020-07-29,1.1725,123.28
2020-07-30,1.1743,123.58
2020-07-31,1.1848,124.31
2020-08-03,1.1726,124.51
2020-08-04,1.1765,124.78
2020-08-05,1.1854,125.37
2020-08-06,1.1843,124.96
2020-08-07,1.1817,124.91
2020-08-10,1.1763,124.74
2020-08-11,1.1783,124.97
2020-08-12,1.1771,125.92
2020-08-13,1.1833,126.58
2020-08-14,1.1813,126.01
2020-08-17,1.1853,125.99
2020-08-18,1.1906,125.54
2020-08-19,1.1933,125.74
2020-08-20,1.185,125.46
2020-08-21,1.1769,124.53
2020-08-24,1.1847,125.26
2020-08-25,1.1814,125.67
2020-08-26,1.1789,125.34
2020-08-27,1.1806,125.34
2020-08-28,1.1915,125.39
2020-08-31,1.194,126.47
2020-09-01,1.1987,126.92
2020-09-02,1.1861,126
2020-09-03,1.1813,125.85
2020-09-04,1.1842,125.79
2020-09-07,1.1824,125.59
2020-09-08,1.1785,125.2
2020-09-09,1.1773,125.05
2020-09-10,1.1849,125.76
2020-09-11,1.1854,125.82
2020-09-14,1.1876,125.82
2020-09-15,1.1892,125.39
2020-09-16,1.1869,124.72
2020-09-17,1.1797,123.38
2020-09-18,1.1833,123.49
2020-09-21,1.1787,122.7
2020-09-22,1.174,122.78
2020-09-23,1.1692,122.91
2020-09-24,1.1645,122.73
2020-09-25,1.1634,122.74
2020-09-28,1.167,123.02
2020-09-29,1.1702,123.61
2020-09-30,1.1708,123.76
2020-10-01,1.1752,123.98
2020-10-02,1.173,123.4
2020-10-05,1.1768,124.25
2020-10-06,1.1795,124.58
2020-10-07,1.177,124.73
2020-10-08,1.1765,124.69
2020-10-09,1.1795,124.95
2020-10-12,1.1799,124.41
2020-10-13,1.1787,124.38
2020-10-14,1.175,123.7
2020-10-15,1.1698,123.15
2020-10-16,1.1741,123.59
2020-10-19,1.1785,124.11
2020-10-20,1.181,124.79
2020-10-21,1.1852,124.27
2020-10-22,1.1821,123.72
2020-10-23,1.1856,124.17
2020-10-26,1.1819,124.14
2020-10-27,1.1832,123.74
2020-10-28,1.1727,122.36
2020-10-29,1.1704,122.09
2020-10-30,1.1698,122.36
2020-11-02,1.1652,121.93
2020-11-03,1.1702,122.56
2020-11-04,1.1721,122.31
2020-11-05,1.1855,122.86
2020-11-06,1.187,122.66
2020-11-09,1.1883,124.67
2020-11-10,1.1808,124.36
2020-11-11,1.1766,124.07
2020-11-12,1.1791,124.25
2020-11-13,1.1815,123.88
2020-11-16,1.183,124.15
2020-11-17,1.1882,123.78
2020-11-18,1.1868,123.28
2020-11-19,1.1832,123.08
2020-11-20,1.1863,123.18
2020-11-23,1.1901,123.47
2020-11-24,1.1865,124.06
2020-11-25,1.189,124.19
2020-11-26,1.19,124.04
2020-11-27,1.1922,124.23
2020-11-30,1.198,124.79
2020-12-01,1.1968,124.92
2020-12-02,1.2066,126.13
2020-12-03,1.2151,126.49
2020-12-04,1.2159,126.44
2020-12-07,1.2128,126.3
2020-12-08,1.2114,126.18
2020-12-09,1.2109,126.05
2020-12-10,1.2115,126.53
2020-12-11,1.2127,126.28
2020-12-14,1.2162,126.11
2020-12-15,1.214,126.08
2020-12-16,1.2189,125.97
2020-12-17,1.2246,126.19
2020-12-18,1.2259,126.69
2020-12-21,1.2173,126.04
2020-12-22,1.2239,126.52
2020-12-23,1.2166,125.99
2020-12-24,1.2193,126.38
2020-12-28,1.2219,126.54
2020-12-29,1.2259,127.23
2020-12-30,1.2281,126.57
2020-12-31,1.2271,126.49
2021-01-04,1.2296,126.62
2021-01-05,1.2271,126.25
2021-01-06,1.2338,127.03
2021-01-07,1.2276,127.13
2021-01-08,1.225,127.26
2021-01-11,1.2163,126.76
2021-01-12,1.2161,126.74
2021-01-13,1.2166,126.44
2021-01-14,1.2124,126.21
2021-01-15,1.2123,125.74
2021-01-18,1.2064,125.18
2021-01-19,1.2132,126.16
2021-01-20,1.2101,125.62
2021-01-21,1.2158,125.72
2021-01-22,1.2158,126.19
2021-01-25,1.2152,126.06
2021-01-26,1.2143,125.93
2021-01-27,1.2114,125.87
2021-01-28,1.2091,126.2
2021-01-29,1.2136,127.05
2021-02-01,1.2084,126.77
2021-02-02,1.2044,126.46
2021-02-03,1.2017,126.25
2021-02-04,1.1996,126.24
2021-02-05,1.1983,126.72
2021-02-08,1.2025,126.97
2021-02-09,1.2104,126.58
2021-02-10,1.2127,127.04
2021-02-11,1.2147,127.12
2021-02-12,1.2108,127.15
2021-02-15,1.2129,127.72
2021-02-16,1.2143,128.16
2021-02-17,1.206,127.94
2021-02-18,1.2084,127.69
2021-02-19,1.2139,127.81
2021-02-22,1.2133,128
2021-02-23,1.2143,127.98
2021-02-24,1.2146,128.69
2021-02-25,1.2225,129.73
2021-02-26,1.2121,128.83
2021-03-01,1.2053,128.63
2021-03-02,1.2028,128.58
2021-03-03,1.2048,128.81
2021-03-04,1.2034,129.23
2021-03-05,1.1938,129.3
2021-03-08,1.1866,128.9
2021-03-09,1.1894,129.5
2021-03-10,1.1892,129.12
2021-03-11,1.1969,129.82
2021-03-12,1.1933,130.14
2021-03-15,1.192,130.17
2021-03-16,1.1926,129.88
2021-03-17,1.1907,130.02
2021-03-18,1.1912,130.08
2021-03-19,1.1891,129.54
2021-03-22,1.1926,129.77
2021-03-23,1.1883,128.99
2021-03-24,1.1825,128.6
2021-03-25,1.1802,128.75
2021-03-26,1.1782,129.34
2021-03-29,1.1784,129.19
2021-03-30,1.1741,129.48
2021-03-31,1.1725,129.91
2021-04-01,1.1746,130.03
2021-04-06,1.1812,130.27
2021-04-07,1.1884,130.56
2021-04-08,1.1873,129.71
2021-04-09,1.1888,130.42
2021-04-12,1.1904,130.2
2021-04-13,1.1896,130.23
2021-04-14,1.1964,130.33
2021-04-15,1.197,130.14
2021-04-16,1.1986,130.37
2021-04-19,1.2035,130.09
2021-04-20,1.2051,130.64
2021-04-21,1.2007,129.8
2021-04-22,1.2046,130.3
2021-04-23,1.2066,129.98
2021-04-26,1.2085,130.54
2021-04-27,1.2088,130.88
2021-04-28,1.207,131.47
2021-04-29,1.2129,132.2
2021-04-30,1.2082,131.62
2021-05-03,1.2044,131.9
2021-05-04,1.2021,131.26
2021-05-05,1.2005,131.2
2021-05-06,1.206,131.69
2021-05-07,1.2059,131.76
2021-05-10,1.2169,132.31
2021-05-11,1.217,132.12
2021-05-12,1.2118,131.82
2021-05-13,1.2081,132.37
2021-05-14,1.2123,132.49
2021-05-17,1.2143,132.6
2021-05-18,1.2222,133.09
2021-05-19,1.2212,133.3
2021-05-20,1.2203,132.95
2021-05-21,1.2188,132.61
2021-05-24,1.2212,132.97
2021-05-25,1.2264,133.49
2021-05-26,1.2229,133.16
2021-05-27,1.2198,133.42
2021-05-28,1.2142,133.65
2021-05-31,1.2201,133.79
2021-06-01,1.2225,134.05
2021-06-02,1.2186,133.72
2021-06-03,1.2187,133.81
2021-06-04,1.2117,133.39
2021-06-07,1.2162,132.98
2021-06-08,1.2182,133.28
2021-06-09,1.2195,133.38
2021-06-10,1.2174,133.35
2021-06-11,1.2125,132.88
2021-06-14,1.2112,132.95
2021-06-15,1.2108,133.28
2021-06-16,1.2124,133.19
2021-06-17,1.1937,132.09
2021-06-18,1.1898,131.12
2021-06-21,1.1891,130.91
2021-06-22,1.1894,131.5
2021-06-23,1.1951,132.44
2021-06-24,1.1936,132.2
2021-06-25,1.195,132.27
2021-06-28,1.191,132.13
2021-06-29,1.1888,131.54
2021-06-30,1.1884,131.43
2021-07-01,1.1884,132.42
2021-07-02,1.1823,131.74
2021-07-05,1.1866,131.58
2021-07-06,1.1838,130.99
2021-07-07,1.1831,130.86
2021-07-08,1.1838,129.91
2021-07-09,1.1858,130.46
2021-07-12,1.1852,130.55
2021-07-13,1.1844,130.55
2021-07-14,1.1812,130.3
2021-07-15,1.1809,129.93
2021-07-16,1.1802,130.03
2021-07-19,1.1766,128.96
2021-07-20,1.1775,129.03
2021-07-21,1.1772,129.63
2021-07-22,1.1775,129.83
2021-07-23,1.1767,130.11
2021-07-26,1.1787,130.05
2021-07-27,1.181,129.98
2021-07-28,1.1807,129.97
2021-07-29,1.1873,130.41
2021-07-30,1.1891,130.39
2021-08-02,1.1886,130.17
2021-08-03,1.1885,129.7
2021-08-04,1.1861,129.31
2021-08-05,1.185,129.79
2021-08-06,1.1807,129.64
2021-08-09,1.1761,129.5
2021-08-10,1.1722,129.48
2021-08-11,1.1718,129.68
2021-08-12,1.1739,129.61
2021-08-13,1.1765,129.64
2021-08-16,1.1772,128.75
2021-08-17,1.1767,128.57
2021-08-18,1.1723,128.67
2021-08-19,1.1696,128.21
2021-08-20,1.1671,127.97
2021-08-23,1.1718,129.02
2021-08-24,1.174,128.74
2021-08-25,1.1736,129
2021-08-26,1.1767,129.6
2021-08-27,1.1761,129.59
2021-08-30,1.1801,129.66
2021-08-31,1.1834,129.95
2021-09-01,1.1817,130.35
2021-09-02,1.1846,130.31
2021-09-03,1.1872,130.54
2021-09-06,1.1864,130.34
2021-09-07,1.186,130.51
2021-09-08,1.1827,130.31
2021-09-09,1.1838,130.1
2021-09-10,1.1841,130.03
2021-09-13,1.178,129.62
2021-09-14,1.1814,130.08
2021-09-15,1.1824,129.11
2021-09-16,1.1763,128.67
2021-09-17,1.178,129.61
2021-09-20,1.1711,128.18
2021-09-21,1.1738,128.34
2021-09-22,1.1729,128.5
2021-09-23,1.1715,128.88
2021-09-24,1.1719,129.49
2021-09-27,1.1698,129.74
2021-09-28,1.1678,130.17
2021-09-29,1.1654,129.89
2021-09-30,1.1579,129.67
2021-10-01,1.16,128.97
2021-10-04,1.1636,129.21
2021-10-05,1.1602,128.99
2021-10-06,1.1542,128.52
2021-10-07,1.1562,128.78
2021-10-08,1.1569,129.32
2021-10-11,1.1574,130.7
2021-10-12,1.1555,131.06
2021-10-13,1.1562,131.3
2021-10-14,1.1602,131.65
2021-10-15,1.1602,132.65
2021-10-18,1.1604,132.46
2021-10-19,1.1655,133.12
2021-10-20,1.1623,132.78
2021-10-21,1.1637,132.85
2021-10-22,1.163,132.43
2021-10-25,1.1603,131.88
2021-10-26,1.1618,132.47
2021-10-27,1.1617,132
2021-10-28,1.1593,131.7
2021-10-29,1.1645,132.62
2021-11-01,1.1578,132.19
2021-11-02,1.1603,132.03
2021-11-03,1.1578,131.9
2021-11-04,1.1569,131.77
2021-11-05,1.1519,130.98
2021-11-08,1.1579,131.29
2021-11-09,1.1577,130.9
2021-11-10,1.1558,130.9
2021-11-11,1.146,130.59
2021-11-12,1.1448,130.5
2021-11-15,1.1444,130.32
2021-11-16,1.1368,129.89
2021-11-17,1.1316,129.78
2021-11-18,1.1345,129.58
2021-11-19,1.1271,128.22
2021-11-22,1.1278,128.69
2021-11-23,1.1259,129.36
2021-11-24,1.1206,129.06
2021-11-25,1.1223,129.41
2021-11-26,1.1291,128.82
2021-11-29,1.1276,128.21
2021-11-30,1.1363,128.2
2021-12-01,1.1314,128.27
2021-12-02,1.1339,127.94
2021-12-03,1.1291,127.97
2021-12-06,1.1287,127.78
2021-12-07,1.1256,127.83
2021-12-08,1.1299,128.57
2021-12-09,1.1311,128.21
2021-12-10,1.1273,128.2
2021-12-13,1.1278,128.19
2021-12-14,1.1309,128.45
2021-12-15,1.1262,128.25
2021-12-16,1.1336,129.37
2021-12-17,1.133,128.28
2021-12-20,1.1273,127.98
2021-12-21,1.1295,128.44
2021-12-22,1.1301,129.08
2021-12-23,1.131,129.39
2021-12-24,1.1317,129.45
2021-12-27,1.1312,129.79
2021-12-28,1.1331,130.16
2021-12-29,1.1303,129.97
2021-12-30,1.1334,130.44
2021-12-31,1.1326,130.38
2022-01-03,1.1355,130.56
2022-01-04,1.1279,131.17
2022-01-05,1.1319,131.03
2022-01-06,1.1315,131.05
2022-01-07,1.1298,130.9
2022-01-10,1.1318,130.45
2022-01-11,1.1336,130.95
2022-01-12,1.137,131.19
2022-01-13,1.1463,130.98
2022-01-14,1.1447,130.17
2022-01-17,1.1403,130.64
2022-01-18,1.1367,130.39
2022-01-19,1.1345,129.86
2022-01-20,1.1338,129.53
2022-01-21,1.1348,129.14
2022-01-24,1.1304,128.62
2022-01-25,1.1268,128.49
2022-01-26,1.1277,128.86
2022-01-27,1.116,128.74
2022-01-28,1.1138,128.68
2022-01-31,1.1156,128.79
2022-02-01,1.126,129.12
2022-02-02,1.1323,129.37
2022-02-03,1.1286,129.63
2022-02-04,1.1464,131.72
2022-02-07,1.1447,131.59
2022-02-08,1.1408,131.68
2022-02-09,1.1435,132.04
2022-02-10,1.1439,132.42
2022-02-11,1.1417,132.24
2022-02-14,1.1316,130.6
2022-02-15,1.1345,131.18
2022-02-16,1.1372,131.56
2022-02-17,1.137,130.84
2022-02-18,1.1354,130.59
2022-02-21,1.1338,130.2
2022-02-22,1.1342,130.54
2022-02-23,1.1344,130.58
2022-02-24,1.1163,128.28
2022-02-25,1.1216,129.64
2022-02-28,1.1199,129.31
2022-03-01,1.1162,128.15
2022-03-02,1.1106,128.08
2022-03-03,1.1076,128.18
2022-03-04,1.0929,126.17
2022-03-07,1.0895,125.55
2022-03-08,1.0892,126.03
2022-03-09,1.0993,127.31
2022-03-10,1.1084,128.54
2022-03-11,1.099,128.46
2022-03-14,1.096,129.3
2022-03-15,1.0991,129.67
2022-03-16,1.0994,130.05
2022-03-17,1.1051,131.27
2022-03-18,1.1008,131.4
2022-03-21,1.1038,131.57
2022-03-22,1.1024,132.96
2022-03-23,1.0985,132.65
2022-03-24,1.0978,133.71
2022-03-25,1.1002,134.07
2022-03-28,1.0966,135.93
2022-03-29,1.1085,136.66
2022-03-30,1.1126,135.47
2022-03-31,1.1101,135.17
2022-04-01,1.1052,135.35
2022-04-04,1.1005,135.08
2022-04-05,1.0969,134.76
2022-04-06,1.0923,135.3
2022-04-07,1.0916,135.32
2022-04-08,1.0861,134.87
2022-04-11,1.09,137.01
2022-04-12,1.0861,136.29
2022-04-13,1.0826,136.26
2022-04-14,1.0878,136.32
2022-04-19,1.0803,138.4
2022-04-20,1.083,138.53
2022-04-21,1.0887,139.61
2022-04-22,1.0817,138.83
2022-04-25,1.0746,137.73
2022-04-26,1.0674,136.15
2022-04-27,1.0583,135.57
2022-04-28,1.0485,137.13
2022-04-29,1.054,137.01
2022-05-02,1.0524,136.63
2022-05-03,1.0556,137.06
2022-05-04,1.0531,136.84
2022-05-05,1.0568,137.18
2022-05-06,1.057,137.9
2022-05-09,1.0559,138.1
2022-05-10,1.0554,137.38
2022-05-11,1.0553,137.07
2022-05-12,1.0408,133.85
2022-05-13,1.0385,133.91
2022-05-16,1.0422,135.01
2022-05-17,1.0541,136.32
2022-05-18,1.0523,135.76
2022-05-19,1.0525,134.46
2022-05-20,1.0577,135.34
2022-05-23,1.0659,136.05
2022-05-24,1.072,136.49
2022-05-25,1.0656,135.34
2022-05-26,1.0697,135.95
2022-05-27,1.0722,136.05
2022-05-30,1.0764,137.25
2022-05-31,1.0713,137.36
2022-06-01,1.0712,138.68
2022-06-02,1.0692,138.72
2022-06-03,1.073,139.59
2022-06-06,1.0726,140.16
2022-06-07,1.0662,141.66
2022-06-08,1.0739,143.92
2022-06-09,1.0743,143.93
2022-06-10,1.0578,141.69
2022-06-13,1.0455,140.51
2022-06-14,1.0452,140.62
2022-06-15,1.0431,140.49
2022-06-16,1.04,138.24
2022-06-17,1.0486,141.21
2022-06-20,1.0517,141.94
2022-06-21,1.055,143.75
2022-06-22,1.0521,143.11
2022-06-23,1.0493,142.11
2022-06-24,1.0524,142.19
2022-06-27,1.0572,143.25
2022-06-28,1.0561,143.67
2022-06-29,1.0517,143.53
2022-06-30,1.0387,141.54
2022-07-01,1.0425,141.05
2022-07-04,1.0455,141.51
2022-07-05,1.029,139.77
2022-07-06,1.0177,137.71
2022-07-07,1.018,138.11
2022-07-08,1.0163,138.05
2022-07-11,1.0098,138.77
2022-07-12,1.0042,137.31
2022-07-13,1.0067,138.02
2022-07-14,1.0005,139.04
2022-07-15,1.0059,139.49
2022-07-18,1.0131,140.16
2022-07-19,1.0245,141.01
2022-07-20,1.0199,140.92
2022-07-21,1.0199,141.46
2022-07-22,1.019,139.51
2022-07-25,1.0236,139.84
2022-07-26,1.0124,138.35
2022-07-27,1.0152,138.89
2022-07-28,1.0122,137.26
2022-07-29,1.0198,136.42
2022-08-01,1.0233,135.38
2022-08-02,1.0224,133.9
2022-08-03,1.0194,136.18
2022-08-04,1.0181,135.81
2022-08-05,1.0233,136.22
2022-08-08,1.0199,137.62
2022-08-09,1.0234,138.26
2022-08-10,1.0252,138.16
2022-08-11,1.0338,136.57
2022-08-12,1.0285,137.47
2022-08-15,1.0195,135.61
2022-08-16,1.0131,136.11
2022-08-17,1.0164,137.36
2022-08-18,1.0178,137.17
2022-08-19,1.0054,137.67
2022-08-22,1.0001,137.08
2022-08-23,0.9927,136.34
2022-08-24,0.9934,135.74
2022-08-25,0.997,136.07
2022-08-26,1.0007,137.02
2022-08-29,0.9986,138.49
2022-08-30,1.0034,138.71
2022-08-31,1,138.72
2022-09-01,1.0004,139.34
2022-09-02,0.9993,140.36
2022-09-05,0.992,139.47
2022-09-06,0.9928,140.91
2022-09-07,0.9885,143.2
2022-09-08,1.0009,143.65
2022-09-09,1.0049,143.3
2022-09-12,1.0155,144.49
2022-09-13,1.0175,144.5
2022-09-14,0.999,143.08
2022-09-15,0.9992,143.43
2022-09-16,0.9954,142.53
2022-09-19,0.999,143.42
2022-09-20,0.9986,143.34
2022-09-21,0.9906,142.66
2022-09-22,0.9884,139.18
2022-09-23,0.9754,139.43
2022-09-26,0.9646,139.07
2022-09-27,0.9644,139.28
2022-09-28,0.9565,138.39
2022-09-29,0.9706,140.46
2022-09-30,0.9748,141.01
2022-10-03,0.9764,141.49
2022-10-04,0.9891,143.3
2022-10-05,0.9915,143.18
2022-10-06,0.986,142.68
2022-10-07,0.9797,141.92
2022-10-10,0.9697,141.16
2022-10-11,0.9723,141.54
2022-10-12,0.9706,142.34
2022-10-13,0.9739,142.94
2022-10-14,0.9717,143.63
2022-10-17,0.9739,145
2022-10-18,0.9835,146.65
2022-10-19,0.9778,146.34
2022-10-20,0.9811,146.99
2022-10-21,0.973,147.59
2022-10-24,0.9851,146.76
2022-10-25,0.9861,146.84
2022-10-26,1.0023,147.32
2022-10-27,1.0037,147.37
2022-10-28,0.9951,146.79
2022-10-31,0.9914,147.4
2022-11-01,0.9947,146.35
2022-11-02,0.9908,145.75
2022-11-03,0.9753,144.58
2022-11-04,0.9872,145.19
2022-11-07,0.9993,146.18
2022-11-08,0.9996,146.25
2022-11-09,1.0039,146.82
2022-11-10,0.9954,145.47
2022-11-11,1.0308,143.89
2022-11-14,1.0319,144.86
2022-11-15,1.0404,144.84
2022-11-16,1.0412,145.29
2022-11-17,1.0319,144.8
2022-11-18,1.0366,145.12
2022-11-21,1.0246,145.33
2022-11-22,1.0274,145.2
2022-11-23,1.0325,145.75
2022-11-24,1.0413,143.9
2022-11-25,1.0375,144.62
2022-11-28,1.0463,144.9
2022-11-29,1.0366,143.36
2022-11-30,1.0376,144.28
2022-12-01,1.0454,142.48
2022-12-02,1.0538,141.32
2022-12-05,1.0587,143.07
2022-12-06,1.0516,143.33
2022-12-07,1.0529,144.44
2022-12-08,1.0519,143.75
2022-12-09,1.0559,143.3
2022-12-12,1.0562,144.86
2022-12-13,1.0545,144.85
2022-12-14,1.0649,143.68
2022-12-15,1.0621,145.07
2022-12-16,1.0619,145.53
2022-12-19,1.0598,144.65
2022-12-20,1.0599,140.58
2022-12-21,1.0636,140.29
2022-12-22,1.0633,140.42
2022-12-23,1.0622,140.86
2022-12-27,1.0624,141.68
2022-12-28,1.064,142.21
2022-12-29,1.0649,142.24
2022-12-30,1.0666,140.66
2023-01-02,1.0683,139.62
2023-01-03,1.0545,137.93
2023-01-04,1.0599,138.74
2023-01-05,1.0601,140.95
2023-01-06,1.05,141.3
2023-01-09,1.0696,141.35
2023-01-10,1.0723,141.92
2023-01-11,1.0747,142.61
2023-01-12,1.0772,140.61
2023-01-13,1.0814,139.02
2023-01-16,1.0812,138.92
2023-01-17,1.0843,139.5
2023-01-18,1.0839,139.79
2023-01-19,1.0815,139.02
2023-01-20,1.0826,140.86
2023-01-23,1.0871,141.65
2023-01-24,1.0858,141.47
2023-01-25,1.0878,141.17
2023-01-26,1.0895,141.38
2023-01-27,1.0865,141.1
2023-01-30,1.0903,141.79
2023-01-31,1.0833,141.27
2023-02-01,1.0894,141.37
2023-02-02,1.0988,141.12
2023-02-03,1.0937,140.45
2023-02-06,1.0776,142.41
2023-02-07,1.07,141.3
2023-02-08,1.0735,140.81
2023-02-09,1.0771,140.8
2023-02-10,1.069,139.88
2023-02-13,1.0686,141.65
2023-02-14,1.0759,142.14
2023-02-15,1.07,143.05
2023-02-16,1.07,143.31
2023-02-17,1.0625,143.18
2023-02-20,1.0674,143.09
2023-02-21,1.0664,143.76
2023-02-22,1.0644,143.24
2023-02-23,1.0616,143.32
2023-02-24,1.057,143.55
2023-02-27,1.0554,143.88
2023-02-28,1.0619,145.23
2023-03-01,1.0684,144.82
2023-03-02,1.0605,145.07
2023-03-03,1.0615,144.55
2023-03-06,1.0646,144.64
2023-03-07,1.0665,145.21
2023-03-08,1.0545,144.7
2023-03-09,1.0554,143.82
2023-03-10,1.0586,144.7
2023-03-13,1.0706,141.96
2023-03-14,1.0737,144.09
2023-03-15,1.0549,139.51
2023-03-16,1.0595,140.18
2023-03-17,1.0623,140.57
2023-03-20,1.0717,140.77
2023-03-21,1.0776,142.63
2023-03-22,1.0785,143.13
2023-03-23,1.0879,142.87
2023-03-24,1.0745,139.85
2023-03-27,1.0773,141.64
2023-03-28,1.0841,141.69
2023-03-29,1.0847,143.58
2023-03-30,1.0886,144.42
2023-03-31,1.0875,144.83
2023-04-03,1.087,144.51
2023-04-04,1.0901,144.94
2023-04-05,1.094,143.74
2023-04-06,1.0915,143.49
2023-04-11,1.0905,145.28
2023-04-12,1.0922,146.09
2023-04-13,1.1015,146.81
2023-04-14,1.1057,146.6
2023-04-17,1.0981,146.97
2023-04-18,1.0972,146.89
2023-04-19,1.0933,147.24
2023-04-20,1.0944,147.46
2023-04-21,1.0978,146.92
2023-04-24,1.1002,148.17
2023-04-25,1.1022,147.91
2023-04-26,1.1039,147.67
2023-04-27,1.1042,147.16
2023-04-28,1.0981,149.35
2023-05-02,1.0965,150.7
2023-05-03,1.1043,149.66
2023-05-04,1.1074,148.92
2023-05-05,1.1014,147.8
2023-05-08,1.1037,149.15
2023-05-09,1.0959,147.97
2023-05-10,1.095,148.18
2023-05-11,1.093,146.54
2023-05-12,1.0892,147.02
2023-05-15,1.0876,148.15
2023-05-16,1.0881,147.89
2023-05-17,1.0829,148.31
2023-05-18,1.0813,149.08
2023-05-19,1.0808,149.55
2023-05-22,1.0822,149.64
2023-05-23,1.0779,149.2
2023-05-24,1.0785,149.3
2023-05-25,1.0735,149.63
2023-05-26,1.0751,150.24
2023-05-29,1.0715,150.29
2023-05-30,1.0744,150.01
2023-05-31,1.0683,149.13
2023-06-01,1.0697,149.25
2023-06-02,1.0763,149.46
2023-06-05,1.069,149.96
2023-06-06,1.0683,149.09
2023-06-07,1.0717,149.42
2023-06-08,1.0737,149.98
2023-06-09,1.078,150.24
2023-06-12,1.0765,150.03
2023-06-13,1.0793,150.62
2023-06-14,1.0809,151.21
2023-06-15,1.0819,152.86
2023-06-16,1.0966,154.65
2023-06-19,1.0922,154.94
2023-06-20,1.0933,154.51
2023-06-21,1.0923,154.89
2023-06-22,1.0985,156.05
2023-06-23,1.0884,155.84
2023-06-26,1.0918,156.41
2023-06-27,1.0951,157.14
2023-06-28,1.0938,157.82
2023-06-29,1.0938,157.74
2023-06-30,1.0866,157.16
2023-07-03,1.0899,157.81
2023-07-04,1.0895,157.34
2023-07-05,1.0879,157.26
2023-07-06,1.0899,156.57
2023-07-07,1.0888,156.01
2023-07-10,1.0956,155.73
2023-07-11,1.0989,154.27
2023-07-12,1.1022,153.84
2023-07-13,1.1182,154.84
2023-07-14,1.1221,155.51
2023-07-17,1.123,155.38
2023-07-18,1.1255,155.4
2023-07-19,1.1222,156.76
2023-07-20,1.1197,156.35
2023-07-21,1.1123,157.63
2023-07-24,1.1096,156.47
2023-07-25,1.1051,156.18
2023-07-26,1.1059,155.3
2023-07-27,1.1125,155.95
2023-07-28,1.101,153.35
2023-07-31,1.1023,156.73
2023-08-01,1.097,156.85
2023-08-02,1.0985,156.88
2023-08-03,1.0932,156.24
2023-08-04,1.0946,156.11
2023-08-07,1.0984,156.21
2023-08-08,1.0944,156.55
2023-08-09,1.0968,157.35
2023-08-10,1.1019,158.43
2023-08-11,1.1004,158.97
2023-08-14,1.093,158.68
2023-08-15,1.0926,159.04
2023-08-16,1.0916,159.07
2023-08-17,1.09,158.88
2023-08-18,1.0867,158.11
2023-08-21,1.0908,159.15
2023-08-22,1.0887,158.7
2023-08-23,1.0805,157.28
2023-08-24,1.084,157.96
2023-08-25,1.0808,157.75
2023-08-28,1.0808,158.35
2023-08-29,1.0803,158.93
2023-08-30,1.0886,159.15
2023-08-31,1.0868,158.49
2023-09-01,1.0844,157.47
2023-09-04,1.0801,158.11
2023-09-05,1.0731,158.2
2023-09-06,1.0745,158.18
2023-09-07,1.071,157.7
2023-09-08,1.0704,157.84
2023-09-11,1.0724,157.16
2023-09-12,1.0713,157.42
2023-09-13,1.0733,158.28
2023-09-14,1.073,158.13
2023-09-15,1.0658,157.5
2023-09-18,1.0663,157.44
2023-09-19,1.0713,158.2
2023-09-20,1.0702,158.28
2023-09-21,1.0635,157.34
2023-09-22,1.0647,157.87
2023-09-25,1.0633,158.08
2023-09-26,1.0605,157.87
2023-09-27,1.0536,157.2
2023-09-28,1.0539,157.33
2023-09-29,1.0594,158.1
2023-10-02,1.053,157.67
2023-10-03,1.0469,157.01
2023-10-04,1.0497,156.48
2023-10-05,1.0526,156.71
2023-10-06,1.0563,157.47
2023-10-09,1.0531,157.06
2023-10-10,1.0582,157.71
2023-10-11,1.0604,157.87
2023-10-12,1.0619,158.35
2023-10-13,1.0524,157.44
2023-10-16,1.0538,157.54
2023-10-17,1.0569,158.03
2023-10-18,1.0565,158.1
2023-10-19,1.0558,158.21
2023-10-20,1.0591,158.8
2023-10-23,1.0597,158.91
2023-10-24,1.0632,159.26
2023-10-25,1.0576,158.55
2023-10-26,1.054,158.48
2023-10-27,1.0541,158.08
2023-10-30,1.0605,158.8
2023-10-31,1.0619,160.3
2023-11-01,1.0537,159.33
2023-11-02,1.0661,159.89
2023-11-03,1.0702,159.87
2023-11-06,1.0741,160.87
2023-11-07,1.0686,160.77
2023-11-08,1.0671,160.97
2023-11-09,1.0691,161.57
2023-11-10,1.0683,161.77
2023-11-13,1.067,161.96
2023-11-14,1.0724,162.67
2023-11-15,1.0868,163.39
2023-11-16,1.0849,164.05
2023-11-17,1.0872,162.29
2023-11-20,1.0928,162.12
2023-11-21,1.0955,161.61
2023-11-22,1.0911,162.25
2023-11-23,1.09,162.98
2023-11-24,1.0916,163.3
2023-11-27,1.0951,162.86
2023-11-28,1.0949,162.74
2023-11-29,1.0985,162.12
2023-11-30,1.0931,161.19
2023-12-01,1.0875,161.14
2023-12-04,1.0868,159.47
2023-12-05,1.0817,159.13
2023-12-06,1.0778,158.7
2023-12-07,1.0771,156.18
2023-12-08,1.0777,155.53
2023-12-11,1.0757,157.54
2023-12-12,1.0804,156.84
2023-12-13,1.0787,157.13
2023-12-14,1.0919,154.8
2023-12-15,1.0946,155.15
2023-12-18,1.0918,155.95
2023-12-19,1.0962,158.2
2023-12-20,1.0944,157.12
2023-12-21,1.0983,156.79
2023-12-22,1.1023,156.66
2023-12-27,1.1065,157.81
2023-12-28,1.1114,156.57
2023-12-29,1.105,156.33
2024-01-02,1.0956,155.68
2024-01-03,1.0919,156.16
2024-01-04,1.0953,157.91
2024-01-05,1.0921,158.57
2024-01-08,1.0946,158.19
2024-01-09,1.094,157.63
2024-01-10,1.0946,159.03
2024-01-11,1.0987,159.71
2024-01-12,1.0942,159.17
2024-01-15,1.0945,159.67
2024-01-16,1.0882,159.64
2024-01-17,1.0877,160.65
2024-01-18,1.0875,160.89
2024-01-19,1.0887,161.17
2024-01-22,1.089,160.95
2024-01-23,1.0872,160.88
2024-01-24,1.0905,160.46
2024-01-25,1.0893,160.81
2024-01-26,1.0871,160.62
2024-01-29,1.0823,160.13
2024-01-30,1.0846,159.97
2024-01-31,1.0837,160.19
2024-02-01,1.0814,158.96
2024-02-02,1.0883,159.58
2024-02-05,1.0746,159.72
2024-02-06,1.0743,159.56
2024-02-07,1.0776,159.71
2024-02-08,1.0758,160.55
2024-02-09,1.0772,161
2024-02-12,1.0773,160.51
2024-02-13,1.0793,161.17
2024-02-14,1.0713,161.28
2024-02-15,1.0743,161.26
2024-02-16,1.0768,161.88
2024-02-19,1.0776,161.59
2024-02-20,1.0802,162.18
2024-02-21,1.0809,162.12
2024-02-22,1.0844,163.12
2024-02-23,1.0834,162.91
2024-02-26,1.0852,163.38
2024-02-27,1.0856,163.04
2024-02-28,1.0808,162.87
2024-02-29,1.0826,162.53
2024-03-01,1.0813,162.82
2024-03-04,1.0846,163.22
2024-03-05,1.0849,163.01
2024-03-06,1.0874,162.67
2024-03-07,1.0895,161.09
2024-03-08,1.0932,160.99
2024-03-11,1.0926,160.43
2024-03-12,1.0916,161.39
2024-03-13,1.0939,161.83
2024-03-14,1.0925,161.7
2024-03-15,1.0892,162.03
2024-03-18,1.0892,162.51
2024-03-19,1.0854,163.37
2024-03-20,1.0844,164.54
2024-03-21,1.0907,164.96
2024-03-22,1.0823,163.74
2024-03-25,1.0835,163.78
2024-03-26,1.0855,164.4
2024-03-27,1.0816,163.52
2024-03-28,1.0811,163.45
2024-04-02,1.0749,163.01
2024-04-03,1.0783,163.66
2024-04-04,1.0852,164.69
2024-04-05,1.0841,164.1
2024-04-08,1.0823,164.43
2024-04-09,1.0867,164.97
2024-04-10,1.086,164.89
2024-04-11,1.0729,164.18
2024-04-12,1.0652,163.16
2024-04-15,1.0656,164.05
2024-04-16,1.0637,164.54
2024-04-17,1.0638,164.54
2024-04-18,1.0679,164.82
2024-04-19,1.0653,164.68
2024-04-22,1.0632,164.51
2024-04-23,1.0674,165.23
2024-04-24,1.0686,165.57
2024-04-25,1.072,166.76
2024-04-26,1.0714,168.03
2024-04-29,1.072,167.53
2024-04-30,1.0718,168.27
2024-05-02,1.0698,165.63
2024-05-03,1.0744,164.62
2024-05-06,1.0776,165.7
2024-05-07,1.0766,166.45
2024-05-08,1.0743,167.15
2024-05-09,1.0732,167.32
2024-05-10,1.0779,167.87
2024-05-13,1.0795,168.25
2024-05-14,1.0796,168.89
2024-05-15,1.0832,168.43
2024-05-16,1.0866,168.33
2024-05-17,1.0844,168.96
2024-05-20,1.0861,169.25
2024-05-21,1.0864,169.86
2024-05-22,1.083,169.54
2024-05-23,1.0854,169.9
2024-05-24,1.084,170.28
2024-05-27,1.0843,170.07
2024-05-28,1.0882,170.54
2024-05-29,1.0857,170.74
2024-05-30,1.0815,169.5
2024-05-31,1.0852,170.52
2024-06-03,1.0842,170.09
2024-06-04,1.0865,168.29
2024-06-05,1.0872,169.72
2024-06-06,1.0865,169.74
2024-06-07,1.0898,169.52
2024-06-10,1.0756,168.74
2024-06-11,1.073,168.46
2024-06-12,1.0765,169.35
2024-06-13,1.0784,169.58
2024-06-14,1.0686,167.8
2024-06-17,1.0712,169.11
2024-06-18,1.0715,169.41
2024-06-19,1.0749,169.78
2024-06-20,1.0719,169.82
2024-06-21,1.0688,169.82
2024-06-24,1.073,171.17
2024-06-25,1.0714,170.84
2024-06-26,1.0689,171.42
2024-06-27,1.0696,171.66
2024-06-28,1.0705,171.94
2024-07-01,1.0745,173.15
2024-07-02,1.0729,173.31
2024-07-03,1.0758,174.18
2024-07-04,1.08,173.84
2024-07-05,1.0824,174.06
2024-07-08,1.0835,174.37
2024-07-09,1.0814,174.2
2024-07-10,1.0825,174.79
2024-07-11,1.0855,175.39
2024-07-12,1.089,172.87
2024-07-15,1.0907,172.34
2024-07-16,1.0902,172.65
2024-07-17,1.0934,171.21
2024-07-18,1.093,171.02
2024-07-19,1.089,171.61
2024-07-22,1.0888,170.8
2024-07-23,1.086,169.64
2024-07-24,1.0848,167.23
2024-07-25,1.0851,165.62
2024-07-26,1.086,167.84
2024-07-29,1.0817,166.44
2024-07-30,1.0824,167.61
2024-07-31,1.0828,162.76
2024-08-01,1.0789,162.66
2024-08-02,1.0835,161.37
2024-08-05,1.0966,155.98
2024-08-06,1.0915,158.29
2024-08-07,1.0922,160.62
2024-08-08,1.093,159.74
2024-08-09,1.0917,160.33
2024-08-12,1.0925,161.25
2024-08-13,1.0931,161.17
2024-08-14,1.1019,161.98
2024-08-15,1.1011,162.14
2024-08-16,1.0994,162.72
2024-08-19,1.1041,161.22
2024-08-20,1.1084,162.18
2024-08-21,1.1116,162.26
2024-08-22,1.1135,162.64
2024-08-23,1.1121,162.37
2024-08-26,1.1163,160.94
2024-08-27,1.1162,161.24
2024-08-28,1.1117,160.57
2024-08-29,1.1088,160.36
2024-08-30,1.1087,161.19
2024-09-02,1.1061,162.56
2024-09-03,1.1035,161.26
2024-09-04,1.105,160.26
2024-09-05,1.1097,159.2
2024-09-06,1.1103,158.93
2024-09-09,1.1043,158.53
2024-09-10,1.1031,157.81
2024-09-11,1.1043,156.6
2024-09-12,1.1016,157.02
2024-09-13,1.1081,156.17
2024-09-16,1.1126,155.66
2024-09-17,1.1139,156.71
2024-09-18,1.1124,157.94
2024-09-19,1.1156,159.53
2024-09-20,1.1166,161.08
2024-09-23,1.1119,159.58
2024-09-24,1.1133,160.14
2024-09-25,1.1194,161.49
2024-09-26,1.1155,160.78
2024-09-27,1.1158,159.63
2024-09-30,1.1196,159.82
2024-10-01,1.1086,159.37
2024-10-02,1.1071,160.26
2024-10-03,1.1039,161.98
2024-10-04,1.1029,161.69
2024-10-07,1.0982,162.63
2024-10-08,1.0982,162.49
2024-10-09,1.0957,162.97
2024-10-10,1.0932,162.85
2024-10-11,1.0938,162.94
2024-10-14,1.0915,163.39
2024-10-15,1.0903,162.85
2024-10-16,1.0897,162.57
2024-10-17,1.0866,162.5
2024-10-18,1.0847,162.75
2024-10-21,1.0853,162.79
2024-10-22,1.0821,163.22
2024-10-23,1.0767,164.66
2024-10-24,1.0801,164.12
2024-10-25,1.0825,164.45
2024-10-28,1.0818,165.18
2024-10-29,1.0774,165.66
2024-10-30,1.0815,165.91
2024-10-31,1.0882,166.3
2024-11-01,1.0885,165.54
2024-11-04,1.0904,165.47
2024-11-05,1.0897,165.93
2024-11-06,1.0695,165.05
2024-11-07,1.0785,165.71
2024-11-08,1.0772,164.18
2024-11-11,1.0651,163.82
2024-11-12,1.0617,163.71
2024-11-13,1.0629,164.71
2024-11-14,1.0533,164.24
2024-11-15,1.0583,164.36
2024-11-18,1.0552,163.74
2024-11-19,1.0578,162.71
2024-11-20,1.0562,164.42
2024-11-21,1.0526,162.53
2024-11-22,1.0412,160.84
2024-11-25,1.0495,161.64
2024-11-26,1.0522,161.13
2024-11-27,1.0531,159.65
2024-11-28,1.0542,159.89
2024-11-29,1.0562,158.64
2024-12-02,1.0507,157.74
2024-12-03,1.0512,157.3
2024-12-04,1.0492,158.59
2024-12-05,1.054,158.52
2024-12-06,1.0581,159.25
2024-12-09,1.0568,159.4
2024-12-10,1.0527,159.74
2024-12-11,1.0507,160.35
2024-12-12,1.0491,159.6
2024-12-13,1.0518,161.45
2024-12-16,1.0498,161.73
2024-12-17,1.0497,161.63
2024-12-18,1.0496,161.52
2024-12-19,1.0395,163.07
2024-12-20,1.039,162.89
2024-12-23,1.0393,163.36
2024-12-24,1.0395,163.25
2024-12-27,1.0435,164.65
2024-12-30,1.0444,164.57
2024-12-31,1.0389,163.06
2025-01-02,1.0321,162.04
2025-01-03,1.0299,161.77
2025-01-06,1.0426,163.25
2025-01-07,1.0393,163.86
2025-01-08,1.0286,162.94
2025-01-09,1.0305,162.56
2025-01-10,1.0304,162.86
2025-01-13,1.0198,160.22
2025-01-14,1.0245,161.63
2025-01-15,1.03,161.75
2025-01-16,1.0272,160.46
2025-01-17,1.0298,160.23
2025-01-20,1.0316,161.36
2025-01-21,1.0357,161.26
2025-01-22,1.0443,162.72
2025-01-23,1.0404,162.58
2025-01-24,1.0472,163.9
2025-01-27,1.053,162.21
2025-01-28,1.0421,161.86
2025-01-29,1.0396,161.5
2025-01-30,1.0403,160.32
2025-01-31,1.0393,160.99
2025-02-03,1.0274,158.87
2025-02-04,1.0335,160.52
2025-02-05,1.0422,159.25
2025-02-06,1.036,157.95
2025-02-07,1.0377,157.77
2025-02-10,1.032,156.92
2025-02-11,1.0324,157.28
2025-02-12,1.037,159.22
2025-02-13,1.039,159.79
2025-02-14,1.0478,160.09
2025-02-17,1.0473,158.67
2025-02-18,1.0447,158.55
2025-02-19,1.0434,158.41
2025-02-20,1.0443,156.6
2025-02-21,1.0465,157.46
2025-02-24,1.0466,156.81
2025-02-25,1.0497,157.19
2025-02-26,1.0487,156.7
2025-02-27,1.0477,156.73
2025-02-28,1.0411,156.96
2025-03-03,1.0465,158.33
2025-03-04,1.0557,156.5
2025-03-05,1.0694,160.09
2025-03-06,1.0796,159.24
2025-03-07,1.0857,160.35
2025-03-10,1.0845,159.39
2025-03-11,1.0912,161.52
2025-03-12,1.0886,162.23
2025-03-13,1.083,160.64
2025-03-14,1.0889,161.88
2025-03-17,1.0903,162.26
2025-03-18,1.0918,163.5
2025-03-19,1.0897,163.27
2025-03-20,1.0833,160.85
2025-03-21,1.0827,160.99
2025-03-24,1.0824,162.15
2025-03-25,1.0825,162.32
2025-03-26,1.0788,162.2
2025-03-27,1.0785,162.55
2025-03-28,1.0797,162.64
2025-03-31,1.0815,161.6
2025-04-01,1.0788,160.93
2025-04-02,1.0803,161.22
2025-04-03,1.1097,162.17
2025-04-04,1.1057,160.56
2025-04-07,1.0967,160.58
2025-04-08,1.095,160.65
2025-04-09,1.1045,159.61
2025-04-10,1.1082,161.28
2025-04-11,1.1346,162.07
2025-04-14,1.1377,162.97
2025-04-15,1.1324,161.85
2025-04-16,1.1355,162.09
2025-04-17,1.136,161.98
2025-04-22,1.1476,161.05
2025-04-23,1.1415,161.68
2025-04-24,1.1376,162.16
2025-04-25,1.1357,162.8
2025-04-28,1.1358,162.8
2025-04-29,1.1373,162.28
2025-04-30,1.1373,162.68
2025-05-02,1.1343,163.93
2025-05-05,1.1343,163.19
2025-05-06,1.1325,161.64
2025-05-07,1.136,162.89
2025-05-08,1.1297,163.45
2025-05-09,1.1252,163.36
2025-05-12,1.1106,164.46
2025-05-13,1.1112,164.61
2025-05-14,1.1214,164.01
2025-05-15,1.1185,163.3
2025-05-16,1.1194,163.05
2025-05-19,1.1262,163.26
2025-05-20,1.1241,162.59
2025-05-21,1.1321,162.76
2025-05-22,1.1309,162.19
2025-05-23,1.1301,161.13
2025-05-26,1.1381,162.63
2025-05-27,1.1356,163.72
2025-05-28,1.1317,163.43
2025-05-29,1.1281,163.47
2025-05-30,1.1339,162.96
2025-06-02,1.1419,162.98
2025-06-03,1.1386,163
2025-06-04,1.1384,164.15
2025-06-05,1.1423,163.66
2025-06-06,1.1411,164.62
2025-06-09,1.141,164.88
2025-06-10,1.1429,165.23
2025-06-11,1.1433,166.17
2025-06-12,1.1594,166.64
2025-06-13,1.1512,165.94
2025-06-16,1.1574,166.89
2025-06-17,1.1568,167.35
2025-06-18,1.1508,166.67
2025-06-19,1.1478,167.2
2025-06-20,1.1515,167.67
2025-06-23,1.1472,169.27
2025-06-24,1.1607,168.27
2025-06-25,1.1598,169.07
2025-06-26,1.1695,168.92
2025-06-27,1.1704,169.24
2025-06-30,1.172,169.17
2025-07-01,1.181,168.7
2025-07-02,1.1755,169.45
2025-07-03,1.1782,169.58
2025-07-04,1.1767,169.92
2025-07-07,1.1728,170.71
2025-07-08,1.1718,171.7
2025-07-09,1.1698,171.63
2025-07-10,1.1709,171.33
2025-07-11,1.1683,171.81
2025-07-14,1.169,172.27
2025-07-15,1.1665,172.58
2025-07-16,1.1602,172.56
2025-07-17,1.1579,172.28
2025-07-18,1.165,172.94
2025-07-21,1.1667,172.02
2025-07-22,1.1699,172.17
2025-07-23,1.1726,171.53
2025-07-24,1.1756,172.22
2025-07-25,1.1724,173.11
2025-07-28,1.1654,172.65
2025-07-29,1.1533,171.58
2025-07-30,1.1527,170.96
2025-07-31,1.1446,171.52
2025-08-01,1.1404,171.61
2025-08-04,1.1565,170.45
2025-08-05,1.1546,170.42
2025-08-06,1.1604,171.22
2025-08-07,1.1643,171.6
2025-08-08,1.1648,172.18
2025-08-11,1.1622,171.86
2025-08-12,1.1606,172.3
2025-08-13,1.1711,172.47
2025-08-14,1.169,171.3
2025-08-15,1.1688,171.81
2025-08-18,1.1673,172.27
2025-08-19,1.1682,172.67
2025-08-20,1.1651,171.77
2025-08-21,1.1639,172.09
2025-08-22,1.1608,172.6
2025-08-25,1.1697,172.36
2025-08-26,1.1656,171.77
2025-08-27,1.1593,171.63
2025-08-28,1.1676,171.48
2025-08-29,1.1658,171.72
2025-09-01,1.1715,172.47
2025-09-02,1.1646,173.1
2025-09-03,1.1653,173.17
2025-09-04,1.1647,172.76
2025-09-05,1.1697,173.09
2025-09-08,1.1728,173.39
2025-09-09,1.1744,172.36
2025-09-10,1.1707,172.67
2025-09-11,1.1685,172.88
2025-09-12,1.1718,173.33
2025-09-15,1.1766,173.38
2025-09-16,1.1807,173.55
2025-09-17,1.1837,173.28
2025-09-18,1.1818,174.24
2025-09-19,1.1736,173.79
2025-09-22,1.1781,174.17
2025-09-23,1.1793,174.3
2025-09-24,1.1756,174.51
2025-09-25,1.1739,174.7
2025-09-26,1.1672,174.79
2025-09-29,1.1723,174.38
2025-09-30,1.1741,173.76
2025-10-01,1.1724,172.47
2025-10-02,1.1754,172.53
2025-10-03,1.1734,172.9
2025-10-06,1.1678,175.22
2025-10-07,1.1666,176.05
2025-10-08,1.1627,177.53
2025-10-09,1.1611,177.4
2025-10-10,1.1568,176.46
2025-10-13,1.1569,175.98
2025-10-14,1.1553,175.72
2025-10-15,1.1622,176.13
2025-10-16,1.1649,176.23
2025-10-17,1.1681,175.7
2025-10-20,1.1655,175.71
2025-10-21,1.1607,176.45
2025-10-22,1.1587,175.92
2025-10-23,1.1593,176.94
2025-10-24,1.1612,177.55
2025-10-27,1.164,177.93
2025-10-28,1.163,177.11
2025-10-29,1.1636,177.07
2025-10-30,1.155,178.37
2025-10-31,1.1554,178.14
2025-11-03,1.1514,177.57
2025-11-04,1.1491,176.39
2025-11-05,1.1492,176.67
2025-11-06,1.1533,177.15
2025-11-07,1.1561,176.99
2025-11-10,1.1571,178.31
2025-11-11,1.1575,178.46
2025-11-12,1.1576,179.19
2025-11-13,1.1619,179.57
2025-11-14,1.1648,179.22
2025-11-17,1.1593,179.57
2025-11-18,1.159,179.94
2025-11-19,1.1583,180.85
2025-11-20,1.1514,181.47
2025-11-21,1.152,180.56
2025-11-24,1.1544,181.22
2025-11-25,1.1551,180.42
2025-11-26,1.1577,181.09
2025-11-27,1.1586,181.11
2025-11-28,1.1566,180.57
2025-12-01,1.1646,180.28
2025-12-02,1.1614,181.26
2025-12-03,1.1668,181.28
2025-12-04,1.1666,180.55
2025-12-05,1.1645,180.76
2025-12-08,1.1655,181.29
2025-12-09,1.1637,181.96
2025-12-10,1.1634,182.32
2025-12-11,1.1714,182.25
2025-12-12,1.1731,182.99
2025-12-15,1.1753,182.32
2025-12-16,1.1776,182.07
2025-12-17,1.1722,182.38
2025-12-18,1.1719,182.55
2025-12-19,1.1712,184.15
2025-12-22,1.1745,184.77
2025-12-23,1.1786,183.89
2025-12-24,1.1787,183.83
2025-12-29,1.1766,183.97
2025-12-30,1.1757,183.48
2025-12-31,1.175,184.09
