date,USD,JPY,GBP,CHF,CAD,AUD
1999-01-04,1.1789,133.73,0.7111,1.6168,1.8004,1.91
1999-01-05,1.179,130.96,0.7122000000000001,1.6123,1.7965,1.8944
1999-01-06,1.1743,131.42,0.7076,1.6116,1.7711,1.882
1999-01-07,1.1632,129.43,0.70585,1.6165,1.7602,1.8474
1999-01-08,1.1659,130.09,0.7094,1.6138,1.7643,1.8406
1999-01-11,1.1569,126.33,0.7044,1.6104,1.7463,1.8134
1999-01-12,1.152,129.63,0.7066,1.6072,1.7392,1.809
1999-01-13,1.1744,131.89,0.7084,1.5931,1.8123,1.862
1999-01-14,1.1653,132.74,0.7062,1.5934,1.7707,1.8353
1999-01-15,1.1626,131.74,0.7039,1.5984,1.7797,1.8388
1999-01-18,1.1612,132.9,0.7013,1.6004,1.7717,1.8292
1999-01-19,1.1616,132.14,0.7,1.6001,1.7739,1.8295
1999-01-20,1.1575,131.59,0.7014,1.6024,1.7626,1.8064
1999-01-21,1.1572,130.34,0.7023,1.603,1.7529,1.8171
1999-01-22,1.1567,131.88,0.7005,1.5983,1.7515,1.8225
1999-01-25,1.1584,132.09,0.6989,1.5966,1.762,1.8317
1999-01-26,1.1582,131.81,0.6976,1.6022,1.7609,1.8391
1999-01-27,1.1529,131.91,0.6968,1.6082,1.7526,1.8313
1999-01-28,1.141,132.25,0.6928,1.6129,1.7374,1.8262
1999-01-29,1.1384,132.1,0.6909999999999999,1.6123,1.726,1.8087
1999-02-01,1.1338,130.88,0.6904,1.6089,1.7123,1.7882
1999-02-02,1.1337,127.7,0.6888,1.6002,1.7079,1.7741
1999-02-03,1.1337,126.86,0.6925,1.5975,1.7151,1.7609
1999-02-04,1.1263,127.65,0.6894,1.6017,1.6951,1.7541
1999-02-05,1.1292,127.95,0.6885,1.6012,1.6765,1.7294
1999-02-08,1.1246,127.82,0.6888,1.6018,1.6725,1.723
1999-02-09,1.1333,129.91,0.6911,1.5999,1.6944,1.7548
1999-02-10,1.1342,130.73,0.6954,1.5963,1.6945,1.7569
1999-02-11,1.1312,129.35,0.6975,1.5966,1.685,1.7427
1999-02-12,1.1244,128.92,0.6917,1.5992,1.6752,1.7459
1999-02-15,1.1238,129.31,0.6895,1.595,1.6781,1.7353
1999-02-16,1.1176,131.82,0.6854,1.5975,1.6807,1.7467
1999-02-17,1.1253,133.48,0.6873,1.5973,1.688,1.7751
1999-02-18,1.1232,134.4,0.6871,1.5982,1.676,1.7687
1999-02-19,1.1163,133.97,0.6838,1.5982,1.6616,1.7502
1999-02-22,1.0992,133.61,0.6788999999999999,1.5986,1.6351,1.7237
1999-02-23,1.0969,133.14,0.6796,1.5954,1.6423,1.7145
1999-02-24,1.1037,133.86,0.6883,1.594,1.6582,1.7465
1999-02-25,1.1031,132.87,0.6888,1.5905,1.6543,1.7566
1999-02-26,1.1018,131.33,0.6873,1.589,1.6684,1.7819
1999-03-01,1.0986,131.13,0.6829,1.593,1.6579,1.7766
1999-03-02,1.0887,131.37,0.6764,1.5912,1.6605,1.7492
1999-03-03,1.0899,132.18,0.6723,1.5926,1.6615,1.7454
1999-03-04,1.0866,133.92,0.6758999999999999,1.5883,1.6609,1.7494
1999-03-05,1.0834,133.19,0.6737,1.5912,1.6489,1.7329
1999-03-08,1.0908,132.77,0.6776,1.5933,1.6527,1.7348
1999-03-09,1.0863,132.45,0.6754,1.5931,1.6447,1.7125
1999-03-10,1.0953,131.74,0.6746,1.6014,1.6607,1.7237
1999-03-11,1.0891,131,0.6694,1.5972,1.6586,1.7144
1999-03-12,1.0932,130.8,0.6686,1.5975,1.6658,1.7247
1999-03-15,1.0949,128.85,0.6739000000000001,1.601,1.6712,1.7325
1999-03-16,1.0901,128.65,0.6703,1.5995,1.6658,1.7365
1999-03-17,1.0966,130.18,0.6744,1.5987,1.6685,1.7502
1999-03-18,1.1012,129.78,0.676,1.5975,1.6728,1.7458
1999-03-19,1.0915,127.99,0.6708,1.5986,1.6543,1.7316
1999-03-22,1.0864,128,0.6677,1.5966,1.6426,1.7174
1999-03-23,1.0896,128.94,0.6706,1.5945,1.6415,1.7044
1999-03-24,1.0928,128.6,0.6653,1.5908,1.647,1.7094
1999-03-25,1.0898,128.65,0.6667999999999999,1.5944,1.6471,1.7102
1999-03-26,1.0815,128.93,0.665,1.5965,1.6281,1.6998
1999-03-29,1.0692,128.78,0.6615,1.5943,1.6185,1.6904
1999-03-30,1.0711,128.86,0.6637999999999999,1.5956,1.6223,1.7003
1999-03-31,1.0742,127.81,0.6663,1.5981,1.6211,1.706
1999-04-01,1.0772,128.72,0.669,1.5957,1.6205,1.6928
1999-04-02,1.0772,129.85,0.672,1.5973,1.6162,1.6992
1999-04-05,1.0752,130.55,0.6702,1.5968,1.6096,1.6956
1999-04-06,1.0726,129.99,0.6758999999999999,1.595,1.614,1.7063
1999-04-07,1.0812,131.27,0.6772,1.5952,1.6246,1.7213
1999-04-08,1.0818,130.45,0.6731,1.5958,1.6215,1.7324
1999-04-09,1.0778,130.75,0.6724,1.5968,1.6202,1.7162
1999-04-12,1.0867,130.27,0.6723,1.603,1.6281,1.7106
1999-04-13,1.0765,129.66,0.6671,1.6032,1.6049,1.692
1999-04-14,1.0787,128.55,0.6667,1.6052,1.6103,1.6886
1999-04-15,1.0786,128.01,0.6682,1.6035,1.6114,1.6981
1999-04-16,1.0668,126.16,0.6633,1.6027,1.5851,1.6535
1999-04-19,1.0636,125.67,0.6586,1.6015,1.5759,1.6325
1999-04-20,1.0646,125.48,0.6589,1.604,1.5825,1.6374
1999-04-21,1.0586,126.26,0.6593,1.6,1.5775,1.6349
1999-04-22,1.0581,126.95,0.6585,1.601,1.573,1.6366
1999-04-23,1.0634,127.25,0.6583,1.6023,1.5725,1.6257
1999-04-26,1.0614,126.22,0.6569,1.6027,1.5692,1.6349
1999-04-27,1.063,127.34,0.6587,1.6047,1.5744,1.6429
1999-04-28,1.0666,127.05,0.6583,1.6088,1.5725,1.6324
1999-04-29,1.0604,126.16,0.6584,1.6072,1.5607,1.6123
1999-04-30,1.0597,126.9,0.6571,1.6113,1.5519,1.6078
1999-05-03,1.0589,126.93,0.6571,1.6111,1.5415,1.5987
1999-05-04,1.0564,128.04,0.6553,1.6098,1.5343,1.5996
1999-05-05,1.0667,128.78,0.6552,1.6041,1.5535,1.6194
1999-05-06,1.0799,130.6,0.6601,1.608,1.563,1.6107
1999-05-07,1.0786,130.13,0.661,1.6078,1.5725,1.6122
1999-05-10,1.0735,129.82,0.6604,1.6075,1.5662,1.6012
1999-05-11,1.0732,129.97,0.6619,1.6082,1.5618,1.597
1999-05-12,1.0645,128.88,0.6577,1.6052,1.5495,1.5961
1999-05-13,1.0622,129.2,0.656,1.6013,1.554,1.5891
1999-05-14,1.0676,130.78,0.6601,1.602,1.5561,1.6051
1999-05-17,1.0685,131.47,0.6598000000000001,1.6023,1.5683,1.6117
1999-05-18,1.069,131.62,0.6592,1.6023,1.5585,1.5896
1999-05-19,1.0634,132.4,0.6569,1.6017,1.5598,1.6051
1999-05-20,1.0639,132.16,0.6591,1.602,1.5593,1.6083
1999-05-21,1.0572,131.25,0.6583,1.6034,1.5442,1.5906
1999-05-24,1.0585,130.86,0.6617,1.6023,1.5458,1.6103
1999-05-25,1.0627,130.41,0.6634,1.5964,1.5481,1.6134
1999-05-26,1.0535,128.77,0.658,1.5949,1.5446,1.6205
1999-05-27,1.0473,128.05,0.6551,1.5939,1.5374,1.6057
1999-05-28,1.0479,126.7,0.6546,1.5941,1.5463,1.6046
1999-05-31,1.0456,127.18,0.6524,1.5943,1.5411,1.6074
1999-06-01,1.0434,126.35,0.6505,1.5928,1.5405,1.6187
1999-06-02,1.0382,125.71,0.6443,1.5912,1.54,1.6075
1999-06-03,1.0382,125.8,0.6458,1.5928,1.5344,1.6082
1999-06-04,1.0315,125.45,0.6412,1.5877,1.5233,1.5837
1999-06-07,1.0316,124.7,0.6414,1.5858,1.5148,1.5621
1999-06-08,1.0385,125.99,0.6489,1.5909,1.5242,1.5732
1999-06-09,1.0466,124.48,0.6523,1.5914,1.5413,1.5777
1999-06-10,1.0474,124.5,0.6538,1.5947,1.5395,1.5834
1999-06-11,1.0474,124.09,0.6506,1.597,1.5273,1.5796
1999-06-14,1.0437,125.42,0.6473,1.5952,1.5234,1.5765
1999-06-15,1.0392,125.27,0.6501,1.5941,1.5207,1.5735
1999-06-16,1.0345,124.4,0.651,1.5944,1.5138,1.5754
1999-06-17,1.034,123.97,0.6481,1.5976,1.5046,1.569
1999-06-18,1.0388,124.52,0.6506,1.5969,1.5215,1.5907
1999-06-21,1.0339,126.3,0.6506,1.5967,1.5119,1.5804
1999-06-22,1.0313,125.6,0.6498,1.5952,1.5176,1.5847
1999-06-23,1.028,125.55,0.6511,1.597,1.5104,1.5689
1999-06-24,1.0321,126.05,0.6533,1.5977,1.5165,1.5672
1999-06-25,1.0443,126.8,0.6578000000000001,1.5995,1.5353,1.5746
1999-06-28,1.0388,125.96,0.6564,1.5995,1.5242,1.5781
1999-06-29,1.0364,125.3,0.6544,1.6012,1.5258,1.5775
1999-06-30,1.0328,124.82,0.6563,1.6034,1.5262,1.5598
1999-07-01,1.0264,124.12,0.6502,1.6043,1.5035,1.5336
1999-07-02,1.0241,123.93,0.6498,1.606,1.5066,1.5347
1999-07-05,1.0232,125.18,0.6491,1.6055,1.4985,1.537
1999-07-06,1.0221,124.87,0.6514,1.604,1.4984,1.5274
1999-07-07,1.0222,124.77,0.6563,1.6034,1.5018,1.5417
1999-07-08,1.0182,124.72,0.6544,1.6029,1.4967,1.5342
1999-07-09,1.0204,124.66,0.6577,1.6065,1.5003,1.5289
1999-07-12,1.0124,123.82,0.6526999999999999,1.6072,1.4967,1.5296
1999-07-13,1.0183,123.83,0.6538,1.6031,1.5097,1.5391
1999-07-14,1.0168,122.97,0.6523,1.6043,1.5116,1.541
1999-07-15,1.0201,123.04,0.6513,1.6055,1.5109,1.5435
1999-07-16,1.0202,123.15,0.6509,1.6059,1.5136,1.5459
1999-07-19,1.0146,121.6,0.6511,1.6067,1.5123,1.5438
1999-07-20,1.041,123.09,0.6618000000000001,1.6038,1.5507,1.5963
1999-07-21,1.0462,124.2,0.6653,1.6059,1.5656,1.6235
1999-07-22,1.0499,124.06,0.6642,1.6068,1.5776,1.6199
1999-07-23,1.0496,121.96,0.6634,1.6053,1.582,1.6175
1999-07-26,1.0698,123.8,0.6731,1.6066,1.6203,1.6483
1999-07-27,1.0627,124.27,0.668,1.6,1.6038,1.648
1999-07-28,1.0603,123.15,0.6683,1.5986,1.6042,1.6465
1999-07-29,1.068,123.18,0.6665,1.5979,1.6114,1.6455
1999-07-30,1.0694,123.19,0.6598000000000001,1.5976,1.6099,1.6405
1999-08-02,1.0665,121.88,0.6591,1.5963,1.6093,1.6441
1999-08-03,1.0645,122.69,0.6588000000000001,1.5994,1.5944,1.6293
1999-08-04,1.0761,123.39,0.6627,1.6002,1.6114,1.633
1999-08-05,1.0791,123.37,0.667,1.5986,1.6102,1.6449
1999-08-06,1.074,123.13,0.665,1.6019,1.6108,1.6459
1999-08-09,1.0705,123.37,0.6665,1.5993,1.6056,1.6449
1999-08-10,1.0737,123.25,0.6655,1.6003,1.6129,1.6476
1999-08-11,1.0668,122.92,0.6623,1.6023,1.5926,1.6453
1999-08-12,1.0638,123.25,0.6614,1.6023,1.5816,1.639
1999-08-13,1.0667,122.41,0.6619,1.6015,1.5826,1.6383
1999-08-16,1.0553,121.28,0.6585,1.602,1.5607,1.6184
1999-08-17,1.0527,120.34,0.6584,1.6012,1.5575,1.6242
1999-08-18,1.0517,118.9,0.6556,1.6016,1.5604,1.6351
1999-08-19,1.0517,117.02,0.6556,1.5997,1.5649,1.655
1999-08-20,1.0667,119.16,0.659,1.5975,1.5971,1.6763
1999-08-23,1.0606,118.03,0.658,1.5973,1.5873,1.6639
1999-08-24,1.0512,117.42,0.6576,1.6009,1.5735,1.6463
1999-08-25,1.0433,115.7,0.6572,1.601,1.5576,1.6512
1999-08-26,1.0452,116.38,0.6574,1.602,1.5698,1.6539
1999-08-27,1.045,116.68,0.6588000000000001,1.6014,1.5619,1.6488
1999-08-30,1.0454,116.1,0.6582,1.6019,1.5547,1.6501
1999-08-31,1.0573,115.53,0.6585,1.5997,1.5753,1.6564
1999-09-01,1.0613,116,0.6593,1.6004,1.5852,1.6649
1999-09-02,1.0662,116.16,0.6631,1.5991,1.5878,1.6558
1999-09-03,1.0682,117.32,0.6634,1.5969,1.5988,1.6556
1999-09-06,1.0594,116.3,0.6607,1.5978,1.5788,1.6446
1999-09-07,1.0565,117.44,0.6576,1.5989,1.5729,1.6392
1999-09-08,1.0613,117.49,0.6536,1.5993,1.5813,1.635
1999-09-09,1.0592,115.36,0.6513,1.6002,1.5731,1.6282
1999-09-10,1.052,115,0.6463,1.6025,1.5578,1.6144
1999-09-13,1.0342,109.85,0.6407,1.6056,1.524,1.5771
1999-09-14,1.0362,110.25,0.6468,1.6046,1.5235,1.5826
1999-09-15,1.0369,107.94,0.6462,1.6032,1.5325,1.5985
1999-09-16,1.0372,108.08,0.6415999999999999,1.6032,1.5324,1.6028
1999-09-17,1.0397,110.66,0.6423,1.6047,1.528,1.6013
1999-09-20,1.0406,112.08,0.641,1.6049,1.5363,1.6168
1999-09-21,1.0388,108.72,0.6383,1.6048,1.5326,1.6083
1999-09-22,1.0509,109.48,0.6423,1.6024,1.5449,1.6131
1999-09-23,1.043,108.45,0.639,1.6039,1.534,1.6124
1999-09-24,1.0476,109.4,0.6374,1.6002,1.5431,1.6101
1999-09-27,1.0414,109.67,0.6327,1.6019,1.5297,1.5917
1999-09-28,1.0483,111.31,0.6362,1.6023,1.5335,1.6074
1999-09-29,1.0563,112.85,0.643,1.6003,1.5444,1.6093
1999-09-30,1.0665,112.67,0.6475,1.5967,1.5652,1.6395
1999-10-01,1.0728,113.25,0.6499,1.5985,1.57,1.6307
1999-10-04,1.0719,113.6,0.6469,1.5915,1.5809,1.6259
1999-10-05,1.0686,113.98,0.6456,1.5932,1.5678,1.6053
1999-10-06,1.0737,115.58,0.6488,1.5907,1.5774,1.6249
1999-10-07,1.0729,115.48,0.649,1.5924,1.5759,1.6238
1999-10-08,1.0657,114.55,0.6451,1.5956,1.5656,1.6212
1999-10-11,1.0631,113.42,0.6424,1.5949,1.5656,1.6256
1999-10-12,1.0668,113.45,0.6459,1.5945,1.573,1.6281
1999-10-13,1.0778,116.24,0.6518,1.5907,1.5916,1.6395
1999-10-14,1.0758,114.95,0.6499,1.5908,1.5946,1.6528
1999-10-15,1.0869,115.15,0.6519,1.5872,1.6094,1.6769
1999-10-18,1.0868,114.23,0.6509,1.5882,1.618,1.6877
1999-10-19,1.0818,114.3,0.6474,1.5891,1.6155,1.6726
1999-10-20,1.0777,114.44,0.646,1.5912,1.6032,1.6623
1999-10-21,1.0797,114.52,0.6446,1.5922,1.6072,1.6631
1999-10-22,1.0758,113.65,0.6425999999999999,1.5972,1.5907,1.6522
1999-10-25,1.0683,112.66,0.6433,1.598,1.5809,1.6419
1999-10-26,1.0633,111.33,0.6413,1.5989,1.5626,1.6281
1999-10-27,1.0552,109.75,0.6392,1.5995,1.554,1.6327
1999-10-28,1.0534,109.79,0.6415,1.6023,1.5508,1.6373
1999-10-29,1.0453,109.59,0.6393,1.603,1.5419,1.6361
1999-11-01,1.0572,110.23,0.6413,1.6042,1.5526,1.6554
1999-11-02,1.0507,110.12,0.6382,1.6051,1.5395,1.6393
1999-11-03,1.0491,109.17,0.6361,1.6077,1.541,1.6284
1999-11-04,1.0504,110,0.6389,1.6115,1.5378,1.6499
1999-11-05,1.0408,109.79,0.6397,1.6137,1.5176,1.6359
1999-11-08,1.0405,110.36,0.6412,1.61,1.526,1.6262
1999-11-09,1.0424,109.37,0.6415,1.6087,1.532,1.6372
1999-11-10,1.0402,109.33,0.6415999999999999,1.6079,1.5289,1.6249
1999-11-11,1.0406,109.3,0.6414,1.6085,1.5275,1.6205
1999-11-12,1.0308,108.22,0.638,1.6078,1.5082,1.6021
1999-11-15,1.0301,107.99,0.6371,1.6057,1.5076,1.5989
1999-11-16,1.0336,109.42,0.6369,1.6047,1.515,1.6076
1999-11-17,1.0408,109.58,0.64,1.6015,1.5238,1.62
1999-11-18,1.038,109.63,0.6397,1.602,1.522,1.623
1999-11-19,1.0279,109.1,0.6353,1.6032,1.5053,1.608
1999-11-22,1.0311,108.35,0.6361,1.6029,1.5089,1.6152
1999-11-23,1.0315,107.98,0.6348,1.6009,1.511,1.6194
1999-11-24,1.0215,106.62,0.6331,1.5997,1.4981,1.6147
1999-11-25,1.0194,106.25,0.6312,1.5999,1.4971,1.6082
1999-11-26,1.0101,104.86,0.6301,1.6012,1.4809,1.5855
1999-11-29,1.0077,102.82,0.6297,1.6029,1.4837,1.5808
1999-11-30,1.0097,103,0.6325,1.6021,1.4868,1.5918
1999-12-01,1.0091,103.35,0.6304,1.6007,1.4882,1.5839
1999-12-02,1.0057,103.03,0.6292,1.5999,1.4877,1.5843
1999-12-03,1.0015,102.57,0.6254999999999999,1.5967,1.4823,1.5872
1999-12-06,1.0182,104.62,0.631,1.5969,1.5078,1.6069
1999-12-07,1.0239,105.05,0.6302,1.5999,1.5087,1.6077
1999-12-08,1.0236,105.32,0.6294,1.6014,1.5134,1.6061
1999-12-09,1.0175,104.4,0.6261,1.5991,1.5046,1.5901
1999-12-10,1.0141,103.81,0.6247,1.5984,1.4968,1.5972
1999-12-13,1.0128,103.95,0.6238,1.602,1.4966,1.5924
1999-12-14,1.0038,104.06,0.6215000000000001,1.6017,1.4866,1.5795
1999-12-15,1.0021,103.7,0.6241,1.6001,1.4867,1.5779
1999-12-16,1.0146,104.47,0.6286,1.6016,1.504,1.5864
1999-12-17,1.0128,104.68,0.6287,1.6028,1.4963,1.5723
1999-12-20,1.0096,103.84,0.628,1.6004,1.4944,1.5713
1999-12-21,1.0084,103.07,0.6276,1.5994,1.4932,1.5685
1999-12-22,1.0074,102.48,0.6253,1.599,1.4877,1.5612
1999-12-23,1.0089,102.52,0.6264999999999999,1.6011,1.489,1.5676
1999-12-24,1.0142,104.29,0.6267,1.6043,1.4919,1.5781
1999-12-27,1.0134,103.75,0.6267,1.6046,1.4868,1.5749
1999-12-28,1.0089,103.13,0.6249,1.6057,1.4678,1.5667
1999-12-29,1.0072,103.02,0.6226,1.6059,1.4613,1.5532
1999-12-30,1.0046,102.73,0.6217,1.6051,1.4608,1.5422
2000-01-03,1.009,102.75,0.6246,1.6043,1.4577,1.5346
2000-01-04,1.0305,105.88,0.6296,1.6053,1.4936,1.5677
2000-01-05,1.0368,107.34,0.6324,1.606,1.5065,1.5773
2000-01-06,1.0388,108.72,0.6302,1.6068,1.5091,1.5828
2000-01-07,1.0284,108.09,0.6262,1.6079,1.501,1.5738
2000-01-10,1.0229,107.26,0.6249,1.6089,1.4873,1.5587
2000-01-11,1.0256,108.85,0.6251,1.6093,1.4963,1.5664
2000-01-12,1.0308,109.1,0.6253,1.6098,1.5017,1.5653
2000-01-13,1.0276,108.89,0.6254999999999999,1.6111,1.4897,1.545
2000-01-14,1.0225,108.05,0.6221,1.613,1.4819,1.5332
2000-01-17,1.0094,105.81,0.618,1.6136,1.4651,1.5212
2000-01-18,1.0093,106.42,0.6173999999999999,1.6131,1.4626,1.5222
2000-01-19,1.0105,106.99,0.6172,1.612,1.4647,1.5222
2000-01-20,1.0089,106.44,0.6127,1.6147,1.4625,1.5182
2000-01-21,1.0097,105.53,0.6113,1.6102,1.4607,1.5215
2000-01-24,1.0027,105.54,0.6062,1.6136,1.446,1.5295
2000-01-25,1.0008,105.69,0.6083,1.6121,1.4444,1.5275
2000-01-26,1.0019,106.04,0.6094000000000001,1.6116,1.4405,1.5282
2000-01-27,0.9976,105.43,0.6089,1.6113,1.4331,1.5289
2000-01-28,0.9848,103.74,0.6051,1.6121,1.4178,1.5178
2000-01-31,0.9791,104.62,0.6047,1.6091,1.4195,1.543
2000-02-01,0.971,104.62,0.602,1.6078,1.4121,1.5277
2000-02-02,0.9717,105.51,0.6051,1.6101,1.4098,1.5273
2000-02-03,0.9748,105.78,0.6086,1.6083,1.4045,1.5382
2000-02-04,0.9835,105.99,0.6195000000000001,1.6077,1.4182,1.557
2000-02-07,0.9767,106.02,0.6133999999999999,1.6065,1.4045,1.5261
2000-02-08,0.9903,107.91,0.6182,1.6074,1.4354,1.5634
2000-02-09,0.9933999999999999,108.16,0.6169,1.6092,1.4334,1.562
2000-02-10,0.9868,107.11,0.6126,1.606,1.4317,1.5587
2000-02-11,0.9801,107.42,0.6136,1.6056,1.4173,1.5526
2000-02-14,0.9867,106.85,0.6201,1.6066,1.4308,1.5636
2000-02-15,0.9778,106.46,0.6159,1.6061,1.4259,1.5597
2000-02-16,0.9804,106.97,0.6129,1.6036,1.4279,1.5531
2000-02-17,0.9919,109.3,0.6158,1.6042,1.4409,1.5646
2000-02-18,0.9857,109.27,0.6143999999999999,1.6032,1.4288,1.5627
2000-02-21,0.9857,109.73,0.6161,1.6031,1.4317,1.5717
2000-02-22,1.0022,111.11,0.6226,1.6072,1.4586,1.5976
2000-02-23,1.0068,111.88,0.6252,1.6105,1.4754,1.6225
2000-02-24,0.9898,109.55,0.6188,1.6101,1.4479,1.6067
2000-02-25,0.9813,108.79,0.6155,1.6083,1.4265,1.5834
2000-02-28,0.9639,105.22,0.6072,1.6064,1.3969,1.571
2000-02-29,0.9714,106.81,0.6133999999999999,1.6067,1.4097,1.5795
2000-03-01,0.9667,104.65,0.6123,1.6066,1.3968,1.597
2000-03-02,0.9725,104.38,0.614,1.6075,1.4123,1.5952
2000-03-03,0.9659,104.17,0.6117,1.6063,1.4051,1.5913
2000-03-06,0.964,103.47,0.6111,1.6072,1.3976,1.596
2000-03-07,0.9593,103,0.6096,1.6083,1.3939,1.5879
2000-03-08,0.9543,102.24,0.6042999999999999,1.6061,1.3917,1.5721
2000-03-09,0.9616,102.44,0.6086,1.6061,1.402,1.5702
2000-03-10,0.9613,102.27,0.6095,1.6078,1.3981,1.5658
2000-03-13,0.9716,102.23,0.6146,1.6108,1.4166,1.5819
2000-03-14,0.962,100.93,0.6123,1.6114,1.4054,1.5631
2000-03-15,0.9647,101.74,0.614,1.6115,1.4142,1.5737
2000-03-16,0.9663,101.73,0.6155,1.6112,1.417,1.5753
2000-03-17,0.9671999999999999,102.31,0.6146,1.6126,1.4277,1.5881
2000-03-20,0.9715,103.71,0.6201,1.6126,1.4282,1.6038
2000-03-21,0.9701,103.46,0.6176,1.6116,1.4259,1.5929
2000-03-22,0.9603,102.88,0.6125,1.6095,1.4106,1.5817
2000-03-23,0.9656,103.88,0.6104000000000001,1.6045,1.4203,1.5968
2000-03-24,0.9715,104.09,0.6115,1.5936,1.4238,1.6005
2000-03-27,0.9712,103.77,0.6087,1.5908,1.4207,1.5818
2000-03-28,0.9647,102.59,0.6088,1.5904,1.406,1.5721
2000-03-29,0.9568,100.77,0.6032,1.5896,1.3935,1.5735
2000-03-30,0.9555,100.35,0.601,1.5909,1.3922,1.5611
2000-03-31,0.9553,98.53,0.5985,1.5907,1.3879,1.5811
2000-04-03,0.9564,100.27,0.6,1.5886,1.3873,1.5741
2000-04-04,0.9538,100.74,0.5971,1.5817,1.3842,1.5809
2000-04-05,0.9673,101.71,0.6088,1.5732,1.4078,1.5954
2000-04-06,0.9625,101.04,0.6075,1.5725,1.3946,1.5962
2000-04-07,0.9564,100.71,0.6047,1.5727,1.3917,1.6043
2000-04-10,0.959,101.92,0.6064000000000001,1.5731,1.3989,1.6025
2000-04-11,0.9594,102.61,0.6055,1.5718,1.4017,1.6099
2000-04-12,0.9576,101.11,0.6038,1.5745,1.4018,1.6078
2000-04-13,0.9537,101.09,0.5999,1.5738,1.3931,1.5916
2000-04-14,0.954,100.86,0.6016,1.5737,1.4063,1.5999
2000-04-17,0.9573,99.40000000000001,0.6026,1.5686,1.4184,1.6168
2000-04-18,0.9497,98.97,0.6002999999999999,1.571,1.4142,1.6006
2000-04-19,0.9461000000000001,98.79000000000001,0.5983000000000001,1.5748,1.3994,1.584
2000-04-20,0.9376,98.37,0.5934,1.5727,1.3815,1.5795
2000-04-25,0.9302,98.15000000000001,0.5896,1.5712,1.3724,1.5637
2000-04-26,0.9193,97.84999999999999,0.5827,1.5721,1.3492,1.5608
2000-04-27,0.9163,97.56999999999999,0.5827,1.5742,1.3543,1.5575
2000-04-28,0.9085,97.48,0.5794,1.571,1.3457,1.5552
2000-05-02,0.9116,99.15000000000001,0.5827,1.5599,1.3465,1.5558
2000-05-03,0.8913,97.45999999999999,0.5711000000000001,1.5411,1.3252,1.5156
2000-05-04,0.8947000000000001,97.34999999999999,0.5818,1.5472,1.336,1.5155
2000-05-05,0.8984,97.20999999999999,0.5838,1.5467,1.3457,1.5156
2000-05-08,0.8952,97.17,0.5851,1.5494,1.333,1.5228
2000-05-09,0.8978,98.25,0.5847,1.5481,1.3418,1.5545
2000-05-10,0.9107,99.13,0.5976,1.5604,1.3593,1.5612
2000-05-11,0.9079,98.53,0.6051,1.5559,1.3565,1.5765
2000-05-12,0.9029,98.01000000000001,0.596,1.5528,1.3431,1.5636
2000-05-15,0.9147,100.07,0.6045,1.5554,1.3608,1.5936
2000-05-16,0.9065,98.89,0.6045,1.5525,1.3475,1.576
2000-05-17,0.8922,97.98,0.5987,1.5488,1.3289,1.5723
2000-05-18,0.8942,97.59999999999999,0.6039,1.5534,1.3443,1.578
2000-05-19,0.8875,95.69,0.5988,1.5512,1.3324,1.557
2000-05-22,0.9,96.56999999999999,0.605,1.5527,1.345,1.5766
2000-05-23,0.9111,97.3,0.6151,1.5632,1.3616,1.58
2000-05-24,0.9098000000000001,97.58,0.6165,1.5641,1.3714,1.5908
2000-05-25,0.8981,96.81,0.61,1.5575,1.36,1.581
2000-05-26,0.9143,98.22,0.6209,1.5642,1.3733,1.6002
2000-05-29,0.9262,99.31999999999999,0.6223,1.5677,1.3915,1.614
2000-05-30,0.9359,99.8,0.6226,1.5718,1.4065,1.621
2000-05-31,0.9303,99.90000000000001,0.6225000000000001,1.5716,1.3982,1.625
2000-06-01,0.9330000000000001,101.41,0.624,1.574,1.3958,1.6306
2000-06-02,0.9355,101.62,0.6251,1.5729,1.3944,1.6295
2000-06-05,0.9433,101.51,0.623,1.5734,1.3905,1.6164
2000-06-06,0.9485,101.24,0.6264,1.574,1.4017,1.6287
2000-06-07,0.9554,101,0.6276,1.5676,1.4093,1.622
2000-06-08,0.9668,102.12,0.6359,1.5664,1.4271,1.6315
2000-06-09,0.949,101.42,0.631,1.5661,1.3982,1.6196
2000-06-12,0.9527,101.55,0.6303,1.5624,1.4058,1.6162
2000-06-13,0.9583,102.05,0.633,1.5628,1.4102,1.6075
2000-06-14,0.9636,102.52,0.6402,1.5651,1.4168,1.5996
2000-06-15,0.9524,100.92,0.6316000000000001,1.5648,1.4011,1.5855
2000-06-16,0.9565,101.65,0.6329,1.5611,1.4097,1.5724
2000-06-19,0.964,101.86,0.6373,1.5618,1.4143,1.6022
2000-06-20,0.9538,100.62,0.6326000000000001,1.5577,1.3998,1.5786
2000-06-21,0.947,99.76000000000001,0.6307,1.5522,1.394,1.5783
2000-06-22,0.9405,99.09999999999999,0.6244,1.5451,1.3876,1.5685
2000-06-23,0.9413,98.12,0.625,1.5521,1.3876,1.5788
2000-06-26,0.9327,98.38,0.6215000000000001,1.5478,1.3873,1.5687
2000-06-27,0.9401,99.16,0.6281,1.5486,1.3939,1.565
2000-06-28,0.9415,99.56,0.6253,1.5479,1.394,1.5666
2000-06-29,0.9504,99.56,0.6257,1.5558,1.4052,1.5729
2000-06-30,0.9556,100.57,0.6323,1.5576,1.4157,1.5894
2000-07-03,0.9493,100.58,0.6281,1.5551,1.4049,1.584
2000-07-04,0.9487,100.78,0.6271,1.5528,1.4054,1.5871
2000-07-05,0.9537,101.73,0.6313,1.5532,1.4179,1.6054
2000-07-06,0.9542,102.44,0.631,1.5484,1.4197,1.6165
2000-07-07,0.9483,101.86,0.6278,1.5458,1.407,1.613
2000-07-10,0.9523,101.82,0.628,1.5461,1.4098,1.604
2000-07-11,0.9527,101.77,0.63,1.5516,1.4066,1.6168
2000-07-12,0.9499,102.29,0.627,1.5523,1.4034,1.608
2000-07-13,0.9349,100.12,0.6224,1.5532,1.3861,1.5832
2000-07-14,0.9344,100.82,0.6227,1.5476,1.3863,1.599
2000-07-17,0.9352,101.65,0.627,1.5465,1.3877,1.6003
2000-07-18,0.9353,100.93,0.6241,1.5502,1.3849,1.6025
2000-07-19,0.9216,99.59999999999999,0.6156,1.5473,1.3595,1.592
2000-07-20,0.922,99.73999999999999,0.6165,1.5488,1.3625,1.5951
2000-07-21,0.9363,101.53,0.6185,1.5511,1.3783,1.5945
2000-07-24,0.9332,101.64,0.6151,1.5555,1.37,1.5905
2000-07-25,0.9409999999999999,102.78,0.6201,1.5538,1.3803,1.6072
2000-07-26,0.9389999999999999,102.43,0.6189,1.5519,1.3772,1.5909
2000-07-27,0.9389,102.26,0.6198,1.5531,1.3773,1.5898
2000-07-28,0.9276,101.29,0.615,1.5486,1.3663,1.5752
2000-07-31,0.9243,101.04,0.6179,1.5477,1.3702,1.5986
2000-08-01,0.9264,101.56,0.6172,1.546,1.3794,1.5965
2000-08-02,0.9142,99.8,0.6143,1.5449,1.3544,1.5701
2000-08-03,0.9028,97.84999999999999,0.607,1.5425,1.3372,1.549
2000-08-04,0.9031,98.02,0.6008,1.5464,1.3424,1.5517
2000-08-07,0.9084,98.84999999999999,0.6032,1.5474,1.3575,1.5502
2000-08-08,0.9046999999999999,98.2,0.5996,1.544,1.3452,1.5417
2000-08-09,0.8973,96.81,0.5978,1.5443,1.3351,1.5503
2000-08-10,0.9031,97.93000000000001,0.6018,1.5449,1.3392,1.5585
2000-08-11,0.9132,99.31,0.6061,1.5531,1.3545,1.5702
2000-08-14,0.9011,98.58,0.5984,1.5541,1.3364,1.5575
2000-08-15,0.9118000000000001,99.78,0.6059,1.5591,1.3564,1.5607
2000-08-16,0.9072,98.45,0.6052,1.559,1.3441,1.5447
2000-08-17,0.914,99.12,0.6096,1.5629,1.3505,1.5451
2000-08-18,0.9127,99.42,0.6099,1.5622,1.3468,1.5412
2000-08-21,0.9023,97.63,0.6051,1.5598,1.3288,1.5315
2000-08-22,0.8972,97.27,0.6038,1.5608,1.3264,1.5328
2000-08-23,0.8918,95.7,0.6027,1.5525,1.3237,1.5659
2000-08-24,0.9012,96.64,0.6087,1.5489,1.3375,1.5742
2000-08-25,0.9021,96.61,0.6122,1.5453,1.3361,1.5731
2000-08-28,0.9006999999999999,95.88,0.612,1.5437,1.3371,1.5733
2000-08-29,0.8965,95.44,0.6139,1.5447,1.3288,1.568
2000-08-30,0.8909,94.8,0.6148,1.5483,1.322,1.5606
2000-08-31,0.8905999999999999,94.77,0.6132,1.5498,1.3141,1.5547
2000-09-01,0.8902,94.77,0.6135,1.55,1.3102,1.5534
2000-09-04,0.9,95.12,0.6153999999999999,1.5532,1.3255,1.5632
2000-09-05,0.8885999999999999,94.18000000000001,0.6124000000000001,1.549,1.3109,1.5539
2000-09-06,0.8818,93.27,0.6087,1.5482,1.3032,1.5605
2000-09-07,0.8676,91.20999999999999,0.6047,1.5468,1.2873,1.565
2000-09-08,0.8735000000000001,92.25,0.6124000000000001,1.549,1.2884,1.5612
2000-09-11,0.8609,91.34999999999999,0.6078,1.5298,1.2716,1.542
2000-09-12,0.8614000000000001,91.55,0.6145,1.5218,1.2751,1.5428
2000-09-13,0.8653999999999999,92.83,0.6142,1.5286,1.2801,1.5613
2000-09-14,0.8693,93.15000000000001,0.6133,1.5265,1.2956,1.5735
2000-09-15,0.8615,92.64,0.6125,1.5278,1.2815,1.566
2000-09-18,0.8526,91.09999999999999,0.6096,1.5235,1.2658,1.5692
2000-09-19,0.8541,91.31,0.6084000000000001,1.52,1.2699,1.5736
2000-09-20,0.8476,90.3,0.5989,1.5123,1.2549,1.5645
2000-09-21,0.8524,90.72,0.6004,1.51,1.2671,1.58
2000-09-22,0.889,95.75,0.6063,1.5318,1.3251,1.595
2000-09-25,0.877,94.37,0.6028,1.5221,1.3054,1.6088
2000-09-26,0.8757,93.95,0.6028,1.5188,1.3029,1.5992
2000-09-27,0.8861,95.48999999999999,0.6045,1.5254,1.3206,1.615
2000-09-28,0.8832,94.98,0.6025,1.5257,1.3241,1.6073
2000-09-29,0.8764999999999999,94.94,0.5967,1.524,1.3198,1.618
2000-10-02,0.8802,95.48999999999999,0.5991,1.5237,1.3235,1.6199
2000-10-03,0.8763,95.14,0.6006,1.517,1.3212,1.6175
2000-10-04,0.873,95.31,0.6002999999999999,1.5155,1.3098,1.6263
2000-10-05,0.8786,95.95,0.6027,1.5228,1.3146,1.6305
2000-10-06,0.8703,94.81999999999999,0.6014,1.5252,1.2997,1.6308
2000-10-09,0.8695000000000001,94.75,0.6006,1.5213,1.3069,1.6275
2000-10-10,0.8721,94.2,0.5992,1.5191,1.31,1.6385
2000-10-11,0.872,94.17,0.5968,1.5109,1.3106,1.624
2000-10-12,0.8648,93,0.5921,1.5115,1.3021,1.6292
2000-10-13,0.8627,93,0.5868,1.5067,1.3093,1.6242
2000-10-16,0.8511,92.09,0.5884,1.5122,1.2851,1.6194
2000-10-17,0.8496,91.73,0.5908,1.5123,1.2922,1.6357
2000-10-18,0.8525,92.27,0.5873,1.5086,1.294,1.6345
2000-10-19,0.8411,90.93000000000001,0.5826,1.504,1.272,1.6236
2000-10-20,0.8452,92.06,0.5832000000000001,1.5058,1.2774,1.5958
2000-10-23,0.8377,91,0.576,1.5014,1.2679,1.5788
2000-10-24,0.8386,90.76000000000001,0.577,1.5016,1.2679,1.5862
2000-10-25,0.8307,89.8,0.5770999999999999,1.5015,1.2644,1.5978
2000-10-26,0.8252,89.3,0.5807,1.5088,1.2491,1.5963
2000-10-27,0.8324,90.53,0.5804,1.5124,1.2666,1.601
2000-10-30,0.8482,92.20999999999999,0.5812,1.5235,1.299,1.6115
2000-10-31,0.8417,91.88,0.5809,1.521,1.2887,1.6377
2000-11-01,0.8554,92.83,0.5911999999999999,1.5279,1.3038,1.6341
2000-11-02,0.8646,93.63,0.5956,1.5288,1.3261,1.638
2000-11-03,0.873,93.63,0.6012999999999999,1.53,1.3354,1.652
2000-11-06,0.8667,92.86,0.5995,1.5252,1.3283,1.6425
2000-11-07,0.8587,92.13,0.601,1.5214,1.3126,1.63
2000-11-08,0.8559,92.22,0.6006,1.5198,1.3157,1.6195
2000-11-09,0.8531,91.55,0.6017,1.5209,1.3158,1.6256
2000-11-10,0.8673,93.42,0.6059,1.5233,1.3434,1.6492
2000-11-13,0.862,92.81999999999999,0.6016,1.5215,1.3338,1.6576
2000-11-14,0.8583,92.59999999999999,0.5995,1.5194,1.3228,1.6497
2000-11-15,0.8596,93.22,0.6031,1.5228,1.3316,1.6516
2000-11-16,0.8569,93.29000000000001,0.6018,1.5272,1.3297,1.6478
2000-11-17,0.8535,92.95,0.5999,1.5244,1.3288,1.6402
2000-11-20,0.8488,92.7,0.5955,1.5291,1.3213,1.6535
2000-11-21,0.8474,93.28,0.5968,1.5216,1.3194,1.6587
2000-11-22,0.8429,92.45999999999999,0.5959,1.5204,1.3062,1.6236
2000-11-23,0.8427,92.90000000000001,0.6,1.5191,1.3025,1.6221
2000-11-24,0.8436,93.78,0.5994,1.5205,1.3037,1.6128
2000-11-27,0.8406,93.44,0.5966,1.5152,1.2934,1.616
2000-11-28,0.8561,94.54000000000001,0.6019,1.5148,1.3095,1.6226
2000-11-29,0.865,95.01000000000001,0.6069,1.5134,1.3275,1.6488
2000-11-30,0.8683999999999999,96.44,0.6128,1.5095,1.3375,1.6551
2000-12-01,0.8735000000000001,97.75,0.6095,1.5134,1.3361,1.6302
2000-12-04,0.8908,98.59999999999999,0.6137,1.5166,1.3814,1.634
2000-12-05,0.881,97.52,0.6101,1.5095,1.3573,1.6288
2000-12-06,0.8828,97.76000000000001,0.6152,1.5116,1.3621,1.6182
2000-12-07,0.8943,98.90000000000001,0.6192,1.5152,1.3647,1.6282
2000-12-08,0.8895,98.75,0.6128,1.5128,1.3582,1.6285
2000-12-11,0.8804,97.53,0.6049,1.5091,1.3373,1.6249
2000-12-12,0.8782,97.89,0.6064000000000001,1.504,1.341,1.62
2000-12-13,0.8748,98.40000000000001,0.604,1.5036,1.3376,1.6192
2000-12-14,0.8839,99.55,0.603,1.5055,1.3424,1.6306
2000-12-15,0.8984,100.93,0.6088,1.5086,1.362,1.6459
2000-12-18,0.8966,100.54,0.6074000000000001,1.5055,1.3681,1.6509
2000-12-19,0.8903,99.95999999999999,0.6072,1.5064,1.3587,1.647
2000-12-20,0.9059,102.05,0.6173,1.5162,1.3807,1.651
2000-12-21,0.9146,102.37,0.618,1.5244,1.3924,1.658
2000-12-22,0.924,103.78,0.6242,1.522,1.4053,1.6609
2000-12-27,0.931,106.08,0.6254,1.5243,1.4062,1.6741
2000-12-28,0.9285,106.4,0.6238,1.5276,1.4022,1.675
2000-12-29,0.9305,106.92,0.6241,1.5232,1.3965,1.677
2001-01-02,0.9423,108.26,0.6315,1.5218,1.4115,1.6845
2001-01-03,0.953,108.88,0.6325,1.522,1.4266,1.6915
2001-01-04,0.9458,108.25,0.6326000000000001,1.5217,1.4141,1.6755
2001-01-05,0.9545,111.22,0.6349,1.529,1.4348,1.6734
2001-01-08,0.9497,110.55,0.6328,1.5271,1.4212,1.6745
2001-01-09,0.9401,108.78,0.6314,1.5232,1.4063,1.6767
2001-01-10,0.9412,109.33,0.6308,1.5243,1.4082,1.6847
2001-01-11,0.9523,111.75,0.635,1.5324,1.4259,1.705
2001-01-12,0.9545,112.35,0.6408,1.541,1.4244,1.7003
2001-01-15,0.9428,111.92,0.6388,1.5427,1.417,1.7048
2001-01-16,0.9412,111.27,0.6407,1.5385,1.4141,1.6928
2001-01-17,0.9396,110.6,0.6366000000000001,1.5374,1.4164,1.6875
2001-01-18,0.9404,111.28,0.6385,1.5283,1.4196,1.693
2001-01-19,0.9399999999999999,110.66,0.638,1.5268,1.4185,1.6817
2001-01-22,0.929,108.28,0.639,1.534,1.4023,1.6816
2001-01-23,0.9407,110.22,0.6388,1.5316,1.4157,1.6945
2001-01-24,0.9294,109.79,0.6341,1.5323,1.4059,1.6889
2001-01-25,0.9146,107.15,0.6304,1.5247,1.3861,1.6817
2001-01-26,0.9228,107.69,0.6315,1.5278,1.3878,1.7043
2001-01-29,0.9193,107.15,0.6304,1.5228,1.3825,1.6925
2001-01-30,0.9197,107.38,0.6298,1.5204,1.3809,1.6882
2001-01-31,0.9293,107.87,0.6367,1.5302,1.3954,1.7034
2001-02-01,0.9406,108.7,0.6371,1.5327,1.4075,1.6962
2001-02-02,0.9407,108.43,0.6364,1.5377,1.4046,1.6959
2001-02-05,0.9425,108.78,0.6387,1.5383,1.4107,1.7057
2001-02-06,0.9322,107.05,0.6366000000000001,1.5385,1.4084,1.7005
2001-02-07,0.9325,108.36,0.6384,1.5392,1.4092,1.703
2001-02-08,0.922,106.97,0.6355,1.5312,1.3916,1.698
2001-02-09,0.9227,108.3,0.6382,1.5348,1.3931,1.717
2001-02-12,0.9288,109.22,0.6398,1.5369,1.4064,1.7285
2001-02-13,0.9275,108.59,0.6375999999999999,1.5372,1.4145,1.7252
2001-02-14,0.9177999999999999,106.61,0.6306,1.5355,1.3969,1.7326
2001-02-15,0.909,105.51,0.6279,1.5315,1.3901,1.7332
2001-02-16,0.9113,104.88,0.6284,1.537,1.3991,1.7263
2001-02-19,0.9213,106.71,0.6344,1.5362,1.4202,1.7405
2001-02-20,0.907,104.86,0.6314,1.5351,1.3928,1.7316
2001-02-21,0.9146,106.69,0.6335,1.5361,1.4097,1.7362
2001-02-22,0.9056,105.33,0.627,1.5317,1.3916,1.7341
2001-02-23,0.9064,105.7,0.6264999999999999,1.5334,1.3937,1.736
2001-02-26,0.9105,106.07,0.6283,1.5337,1.3969,1.7338
2001-02-27,0.9163,106.41,0.6349,1.5368,1.4012,1.7428
2001-02-28,0.9248,108.45,0.6387,1.5416,1.4151,1.7557
2001-03-01,0.9268999999999999,108.72,0.6392,1.5411,1.4273,1.7554
2001-03-02,0.9363,111.55,0.6356000000000001,1.5379,1.4488,1.7745
2001-03-05,0.9305,111.14,0.633,1.5376,1.4362,1.7812
2001-03-06,0.9278999999999999,109.89,0.6323,1.5373,1.4314,1.7903
2001-03-07,0.9307,111.38,0.6358,1.5372,1.4395,1.8137
2001-03-08,0.9312,111.38,0.6344,1.5418,1.4451,1.8321
2001-03-09,0.9357,111.71,0.6374,1.5431,1.4463,1.8268
2001-03-12,0.9272,111.44,0.6336000000000001,1.5413,1.4358,1.8253
2001-03-13,0.9202,110.27,0.6341,1.5374,1.4287,1.8293
2001-03-14,0.9182,110.06,0.6304,1.5361,1.4202,1.8386
2001-03-15,0.9064,110.53,0.6284999999999999,1.5387,1.413,1.8353
2001-03-16,0.8947000000000001,109.85,0.6251,1.5367,1.4008,1.8112
2001-03-19,0.8996,109.83,0.6292,1.5354,1.4098,1.796
2001-03-20,0.902,110.64,0.6313,1.5318,1.412,1.8097
2001-03-21,0.899,111.25,0.6293,1.5338,1.4138,1.8057
2001-03-22,0.8889,110.25,0.6257,1.5283,1.3975,1.8126
2001-03-23,0.8922,109.69,0.6258,1.5319,1.3973,1.8117
2001-03-26,0.8935,110.08,0.6231,1.5328,1.3952,1.8075
2001-03-27,0.8952,110.16,0.624,1.5347,1.3962,1.7995
2001-03-28,0.886,107.81,0.6194,1.5304,1.3935,1.7919
2001-03-29,0.884,108.96,0.6148,1.5278,1.3884,1.7941
2001-03-30,0.8832,110.74,0.6192,1.5271,1.3904,1.8158
2001-04-02,0.8772,110.83,0.618,1.5264,1.3808,1.8165
2001-04-03,0.8845,111.36,0.6212,1.5272,1.3974,1.8304
2001-04-04,0.9032,113.52,0.6289,1.5264,1.4208,1.8549
2001-04-05,0.902,112.04,0.6282,1.5291,1.4204,1.836
2001-04-06,0.894,111.38,0.6264999999999999,1.5276,1.4075,1.8189
2001-04-09,0.9018,112.8,0.6243,1.5293,1.4095,1.8248
2001-04-10,0.8945,111.34,0.6199,1.5275,1.3949,1.8063
2001-04-11,0.884,109.8,0.6179,1.5224,1.3765,1.7635
2001-04-12,0.8849,109,0.6173,1.5184,1.379,1.7425
2001-04-17,0.8791,108.75,0.6131,1.5225,1.3727,1.7404
2001-04-18,0.8778,107.82,0.6156,1.5285,1.377,1.7676
2001-04-19,0.8827,107.49,0.6172,1.529,1.3731,1.7422
2001-04-20,0.8989,110.18,0.6235000000000001,1.5311,1.3891,1.7437
2001-04-23,0.9002,109.71,0.6246,1.5311,1.3912,1.7794
2001-04-24,0.8973,109.14,0.6236,1.5282,1.3896,1.7823
2001-04-25,0.8947000000000001,109.55,0.6227,1.532,1.3804,1.775
2001-04-26,0.9013,110.36,0.6246,1.5334,1.3922,1.7747
2001-04-27,0.9023,112.01,0.6254,1.5378,1.3929,1.7631
2001-04-30,0.8875999999999999,109.67,0.6195000000000001,1.5366,1.37,1.7476
2001-05-02,0.8907,108.81,0.6225000000000001,1.5416,1.3641,1.7158
2001-05-03,0.8903,108.24,0.6222,1.5419,1.3656,1.7078
2001-05-04,0.8939,108.19,0.6226,1.5434,1.3686,1.7157
2001-05-07,0.8919,108.2,0.62,1.5432,1.3686,1.72
2001-05-08,0.8866000000000001,108.21,0.6185,1.5419,1.3677,1.7051
2001-05-09,0.8827,107.5,0.6213,1.5401,1.3602,1.6948
2001-05-10,0.885,108.17,0.6223,1.5404,1.3627,1.6923
2001-05-11,0.8773,107.35,0.6181,1.5353,1.3529,1.6742
2001-05-14,0.8745000000000001,107.62,0.6172,1.5327,1.358,1.6907
2001-05-15,0.8768,108.35,0.6185,1.5319,1.3621,1.6962
2001-05-16,0.8834,109.26,0.6193,1.5329,1.3666,1.6922
2001-05-17,0.8815,108.58,0.6165,1.533,1.354,1.6688
2001-05-18,0.8777,108.35,0.6137,1.5341,1.3486,1.6687
2001-05-21,0.8754,107.79,0.609,1.5316,1.3432,1.6575
2001-05-22,0.8685,106.96,0.6069,1.5317,1.3361,1.6593
2001-05-23,0.8585,104.01,0.6037,1.5269,1.3269,1.6575
2001-05-24,0.8604000000000001,103.15,0.6077,1.5269,1.3345,1.6713
2001-05-25,0.8591,103.54,0.6045,1.5272,1.324,1.6485
2001-05-28,0.8584000000000001,103.98,0.6048,1.5272,1.3253,1.6505
2001-05-29,0.8552,102.88,0.6032,1.526,1.3167,1.6608
2001-05-30,0.8558,102.77,0.6024,1.5252,1.3194,1.6673
2001-05-31,0.848,101,0.5973000000000001,1.5206,1.3146,1.6727
2001-06-01,0.8478,100.62,0.5978,1.5209,1.3009,1.666
2001-06-04,0.8512999999999999,101.9,0.6004,1.5218,1.3046,1.6695
2001-06-05,0.8465,101.44,0.5998,1.5142,1.3005,1.6675
2001-06-06,0.8542999999999999,103.13,0.6087,1.5181,1.3047,1.6589
2001-06-07,0.8466,101.7,0.6124000000000001,1.5236,1.2878,1.6375
2001-06-08,0.8468,102.14,0.6128,1.5219,1.2864,1.6187
2001-06-11,0.8494,103.39,0.6136,1.5228,1.2884,1.6157
2001-06-12,0.8474,103.16,0.6152,1.5222,1.2915,1.6137
2001-06-13,0.8542,104.28,0.6203,1.528,1.3014,1.6221
2001-06-14,0.8492,103.52,0.6114000000000001,1.5254,1.2925,1.6212
2001-06-15,0.8662,104.74,0.615,1.5255,1.3244,1.6426
2001-06-18,0.8581,105.71,0.6124000000000001,1.5292,1.3122,1.6444
2001-06-19,0.8563,105.43,0.6132,1.53,1.3124,1.638
2001-06-20,0.8512999999999999,105,0.611,1.5248,1.3072,1.644
2001-06-21,0.8552,106.12,0.6064000000000001,1.5204,1.3076,1.654
2001-06-22,0.8528,105.98,0.6037,1.5168,1.3002,1.651
2001-06-25,0.8607,106.71,0.6082,1.5202,1.3099,1.663
2001-06-26,0.8611,106.71,0.609,1.5222,1.3085,1.6621
2001-06-27,0.8622,107.05,0.6091,1.5223,1.3033,1.6587
2001-06-28,0.8511,106.15,0.6035,1.5193,1.2955,1.6635
2001-06-29,0.848,105.37,0.6031,1.5228,1.2927,1.6735
2001-07-02,0.8455,105.16,0.598,1.5209,1.28,1.6612
2001-07-03,0.8497,105.43,0.6019,1.5236,1.284,1.6423
2001-07-04,0.8453000000000001,105.16,0.6026,1.5194,1.2776,1.6282
2001-07-05,0.8421999999999999,105.74,0.599,1.5216,1.2729,1.6268
2001-07-06,0.8384,105.65,0.5996,1.522,1.2698,1.6578
2001-07-09,0.8459,106.19,0.6014,1.5196,1.2841,1.6724
2001-07-10,0.8545,107.28,0.6052,1.5238,1.298,1.674
2001-07-11,0.8611,107.21,0.6078,1.5194,1.3102,1.6842
2001-07-12,0.8538,106.16,0.6071,1.5138,1.3024,1.6927
2001-07-13,0.8539,106.12,0.6091,1.5118,1.3093,1.6821
2001-07-16,0.8583,107.45,0.6126,1.5135,1.3209,1.683
2001-07-17,0.8516,106.65,0.6088,1.5121,1.3083,1.6811
2001-07-18,0.863,107.8,0.6127,1.504,1.3242,1.6894
2001-07-19,0.8723,107.7,0.615,1.507,1.3432,1.6931
2001-07-20,0.8776,108.36,0.6118,1.5078,1.3531,1.7111
2001-07-23,0.8676,107.62,0.6097,1.5055,1.34,1.7103
2001-07-24,0.8708,108.07,0.6139,1.5064,1.3401,1.7152
2001-07-25,0.8793,108.9,0.6157,1.5054,1.3506,1.7363
2001-07-26,0.8764,108.58,0.6146,1.5107,1.3465,1.724
2001-07-27,0.8768,108.65,0.6141,1.5081,1.3426,1.7323
2001-07-30,0.8751,109.45,0.6136,1.5114,1.3407,1.7314
2001-07-31,0.8754999999999999,109.3,0.6143,1.5102,1.3389,1.7282
2001-08-01,0.8817,109.85,0.6156,1.5106,1.3553,1.7188
2001-08-02,0.8788,109.02,0.6145,1.5094,1.3515,1.6951
2001-08-03,0.8806,109.05,0.6163999999999999,1.5076,1.3516,1.702
2001-08-06,0.8804999999999999,109.08,0.619,1.5076,1.3465,1.7055
2001-08-07,0.8768,108.74,0.6195000000000001,1.506,1.3395,1.702
2001-08-08,0.8763,107.94,0.6187,1.5059,1.3441,1.701
2001-08-09,0.8853,109.16,0.6234,1.5057,1.3584,1.7135
2001-08-10,0.8935999999999999,109.31,0.6269,1.5117,1.3793,1.7332
2001-08-13,0.8991,109.33,0.6312,1.5139,1.383,1.7329
2001-08-14,0.8968,110.04,0.6312,1.5155,1.3802,1.738
2001-08-15,0.9114,109.62,0.6344,1.5184,1.3955,1.7291
2001-08-16,0.9144,109.66,0.6328,1.5193,1.3962,1.7358
2001-08-17,0.9137999999999999,110.34,0.6327,1.5183,1.4053,1.712
2001-08-20,0.9149,110.18,0.633,1.5187,1.4145,1.7145
2001-08-21,0.9127999999999999,109.4,0.6304,1.5166,1.4107,1.711
2001-08-22,0.9216,110.39,0.6326000000000001,1.5199,1.4272,1.7114
2001-08-23,0.9112,109.65,0.6306,1.5194,1.4072,1.7118
2001-08-24,0.9108000000000001,109.56,0.6317,1.5193,1.4048,1.718
2001-08-27,0.909,109.18,0.6307,1.5194,1.4009,1.7231
2001-08-28,0.9042,108.75,0.6281,1.5166,1.3958,1.7162
2001-08-29,0.9122,108.94,0.6269,1.5168,1.4053,1.7202
2001-08-30,0.9095,108.95,0.6257,1.5171,1.4047,1.7139
2001-08-31,0.9157999999999999,108.65,0.6284999999999999,1.5165,1.4143,1.7305
2001-09-03,0.9072,107.92,0.6235000000000001,1.5156,1.4075,1.7225
2001-09-04,0.897,107.1,0.6197,1.5151,1.3899,1.717
2001-09-05,0.8891,106.93,0.6148,1.5101,1.3874,1.708
2001-09-06,0.8855,107.36,0.6109,1.5115,1.3784,1.7002
2001-09-07,0.8952,108.32,0.6161,1.5118,1.3942,1.7232
2001-09-10,0.9046999999999999,109.05,0.6172,1.5145,1.4175,1.7634
2001-09-11,0.8964,109.3,0.6156,1.5146,1.3984,1.7453
2001-09-12,0.9052,108.15,0.6176,1.503,1.4151,1.7568
2001-09-13,0.906,107.88,0.6169,1.504,1.4158,1.7607
2001-09-14,0.9219000000000001,108.33,0.6247,1.4984,1.4483,1.7844
2001-09-17,0.9268999999999999,108.61,0.6304,1.488,1.4555,1.848
2001-09-18,0.9256,108.5,0.6304,1.4788,1.4535,1.8652
2001-09-19,0.9258,108.84,0.6323,1.4835,1.455,1.8837
2001-09-20,0.9258999999999999,108.15,0.632,1.4735,1.4524,1.8748
2001-09-21,0.92,107.18,0.6301,1.4464,1.4385,1.9
2001-09-24,0.9164,107.47,0.6266,1.4602,1.4372,1.8626
2001-09-25,0.9176,107.53,0.6274999999999999,1.46,1.4382,1.861
2001-09-26,0.9219000000000001,108.62,0.6254999999999999,1.4795,1.4475,1.8575
2001-09-27,0.9205,109.75,0.6244,1.4811,1.4478,1.895
2001-09-28,0.9131,109.02,0.622,1.4761,1.4418,1.842
2001-10-01,0.9125,109.2,0.6173999999999999,1.4799,1.4407,1.8536
2001-10-02,0.9189000000000001,110.73,0.6208,1.4803,1.443,1.8622
2001-10-03,0.9209000000000001,111.54,0.6245000000000001,1.4844,1.4431,1.8463
2001-10-04,0.9117,109.95,0.6192,1.4856,1.4283,1.8306
2001-10-05,0.9174,110.31,0.6204,1.4874,1.4382,1.8093
2001-10-08,0.9214,110.35,0.6251,1.4762,1.44,1.817
2001-10-09,0.9193,110.61,0.6257,1.4814,1.4335,1.8247
2001-10-10,0.9136,109.63,0.6286,1.4826,1.4306,1.8189
2001-10-11,0.9062,109.55,0.6252,1.4852,1.4196,1.8133
2001-10-12,0.904,109.65,0.6248,1.4825,1.4114,1.809
2001-10-15,0.9097,109.8,0.6273,1.4776,1.4205,1.7702
2001-10-16,0.9052,110.05,0.6262,1.4809,1.411,1.7641
2001-10-17,0.9022,109.75,0.6241,1.484,1.4121,1.7628
2001-10-18,0.9026,109.23,0.6249,1.478,1.4211,1.775
2001-10-19,0.9009,109.1,0.6249,1.4777,1.4204,1.7793
2001-10-22,0.8969,109.18,0.627,1.4754,1.4136,1.7672
2001-10-23,0.8887,109.03,0.6258,1.4791,1.4008,1.747
2001-10-24,0.8917,109.48,0.6257,1.4798,1.4033,1.755
2001-10-25,0.8889,109.56,0.624,1.4779,1.3992,1.7563
2001-10-26,0.8911,109.25,0.6234,1.4746,1.4027,1.7767
2001-10-29,0.9005,109.94,0.621,1.4738,1.4199,1.7833
2001-10-30,0.9064,110.42,0.6232,1.4703,1.4281,1.7816
2001-10-31,0.9042,110.37,0.6213,1.4682,1.4347,1.7942
2001-11-01,0.9097,110.72,0.6206,1.4725,1.4486,1.7781
2001-11-02,0.9056,110.05,0.6183,1.4741,1.4464,1.7864
2001-11-05,0.8961,109.3,0.6162,1.4713,1.4272,1.7665
2001-11-06,0.8961,108.46,0.6152,1.4715,1.4282,1.747
2001-11-07,0.9014,108.98,0.6155,1.4704,1.4354,1.7485
2001-11-08,0.8972,108.25,0.6128,1.4679,1.4324,1.7434
2001-11-09,0.893,107.47,0.6143999999999999,1.4667,1.4278,1.7347
2001-11-12,0.8919,107.66,0.61355,1.4634,1.429,1.7166
2001-11-13,0.8842,107.14,0.6125,1.4655,1.4113,1.704
2001-11-14,0.8803,107.2,0.6126,1.4701,1.4,1.6855
2001-11-15,0.8825,107.91,0.6149,1.4709,1.4049,1.6989
2001-11-16,0.8845,108.46,0.6175,1.4674,1.4075,1.6893
2001-11-19,0.8793,108.48,0.6186,1.4651,1.3928,1.6868
2001-11-20,0.8824,108.47,0.6227,1.458,1.4044,1.6941
2001-11-21,0.8791,108.02,0.6194,1.4573,1.4052,1.6982
2001-11-22,0.8778,108.66,0.6211,1.4594,1.4048,1.7006
2001-11-23,0.8794999999999999,109.1,0.6219,1.4617,1.4055,1.701
2001-11-26,0.8818,109.33,0.622,1.4663,1.41,1.7007
2001-11-27,0.8788,108.99,0.6236,1.4641,1.4,1.683
2001-11-28,0.8831,108.94,0.6235000000000001,1.4586,1.4031,1.695
2001-11-29,0.8887,109.23,0.6236,1.4635,1.4061,1.7125
2001-11-30,0.8898,110.06,0.6238,1.4724,1.4057,1.7073
2001-12-03,0.8925,110.21,0.6274999999999999,1.4732,1.4054,1.7203
2001-12-04,0.8902,110.5,0.6259,1.4726,1.4007,1.7227
2001-12-05,0.8919,110.84,0.627,1.4747,1.4035,1.7323
2001-12-06,0.8889,110.72,0.6255500000000001,1.4741,1.3973,1.7176
2001-12-07,0.8911,111.5,0.6241,1.4787,1.405,1.7245
2001-12-10,0.885,111.82,0.6198,1.4806,1.3966,1.7209
2001-12-11,0.8908,112.3,0.621,1.4792,1.4063,1.7325
2001-12-12,0.8938,112.6,0.6207,1.4739,1.4005,1.7235
2001-12-13,0.8975,113.29,0.6209,1.473,1.4066,1.7241
2001-12-14,0.9016,115.05,0.6217,1.4737,1.414,1.7398
2001-12-17,0.9049,115.68,0.6213,1.4772,1.4129,1.7458
2001-12-18,0.9012,115.26,0.6189,1.4744,1.4141,1.7452
2001-12-19,0.8983,114.68,0.6197,1.4734,1.4169,1.7465
2001-12-20,0.8973,115.05,0.6203,1.4675,1.4155,1.7677
2001-12-21,0.8943,115.88,0.6176,1.4642,1.4145,1.7649
2001-12-24,0.8798,114.23,0.6127,1.4721,1.4044,1.7319
2001-12-27,0.8823,115.9,0.609,1.4835,1.4134,1.7384
2001-12-28,0.8813,115.33,0.6085,1.4829,1.4077,1.728
2002-01-02,0.9038,119.53,0.6262,1.4833,1.4436,1.7603
2002-01-03,0.9036,119.02,0.6254,1.4856,1.4422,1.752
2002-01-04,0.8954,117.18,0.6217,1.4789,1.4305,1.728
2002-01-07,0.8905,116.72,0.6194,1.4719,1.4212,1.718
2002-01-08,0.8909,118.22,0.6182,1.4703,1.4267,1.711
2002-01-09,0.8921,118.05,0.61875,1.4791,1.4231,1.707
2002-01-10,0.8909,117.96,0.6172,1.4833,1.4254,1.6968
2002-01-11,0.8919,117.82,0.6179,1.4795,1.4292,1.7119
2002-01-14,0.8927,117.64,0.6157,1.4791,1.4252,1.7229
2002-01-15,0.8922,116.97,0.6165,1.4791,1.4209,1.7196
2002-01-16,0.8817,115.83,0.6135,1.4705,1.4027,1.7136
2002-01-17,0.8819,116.47,0.6143999999999999,1.4659,1.423,1.7137
2002-01-18,0.881,117.08,0.6141,1.4698,1.4219,1.7129
2002-01-21,0.884,117.24,0.6156,1.4692,1.4297,1.7072
2002-01-22,0.883,118.53,0.6183999999999999,1.4686,1.4202,1.7015
2002-01-23,0.8856000000000001,118.72,0.6203,1.4737,1.4233,1.7013
2002-01-24,0.8767,117.95,0.6169,1.4687,1.403,1.6976
2002-01-25,0.8663,116.35,0.6126,1.4716,1.3934,1.6805
2002-01-28,0.8578,114.91,0.6096,1.4736,1.383,1.6679
2002-01-29,0.8624000000000001,114.94,0.6106,1.4717,1.3697,1.677
2002-01-30,0.8642,114.69,0.611,1.4709,1.3712,1.7074
2002-01-31,0.8637,114.73,0.6111,1.4748,1.3672,1.6976
2002-02-01,0.8632,115.66,0.61,1.4781,1.3709,1.6933
2002-02-04,0.8643999999999999,115.22,0.6097,1.4805,1.3747,1.693
2002-02-05,0.8683,115.68,0.6115,1.4751,1.3881,1.6993
2002-02-06,0.8663999999999999,115.55,0.6122,1.4703,1.3879,1.7067
2002-02-07,0.8663999999999999,115.74,0.6149,1.4722,1.3902,1.707
2002-02-08,0.874,117.46,0.6183,1.4722,1.3956,1.7125
2002-02-11,0.8794,117.76,0.6176,1.4781,1.4015,1.7141
2002-02-12,0.8753,116.95,0.6136,1.4766,1.393,1.721
2002-02-13,0.8731,115.65,0.6102,1.4776,1.3926,1.719
2002-02-14,0.8693,114.91,0.6093,1.4828,1.3819,1.6864
2002-02-15,0.8705000000000001,115.61,0.6095,1.4813,1.3852,1.6833
2002-02-18,0.8715000000000001,115.68,0.6098,1.4804,1.3862,1.684
2002-02-19,0.8692,116.3,0.6101,1.4786,1.3814,1.683
2002-02-20,0.8743,116.9,0.6114000000000001,1.4812,1.3908,1.6903
2002-02-21,0.8701,116.79,0.6105,1.4793,1.3823,1.6883
2002-02-22,0.8747,117.07,0.6117,1.4796,1.3914,1.6975
2002-02-25,0.8724,116.66,0.6114000000000001,1.4772,1.3938,1.6995
2002-02-26,0.8682,116.38,0.6092,1.4761,1.3939,1.6891
2002-02-27,0.8649,116.6,0.61,1.4767,1.3896,1.6832
2002-02-28,0.8651,116.07,0.61115,1.4759,1.3886,1.6761
2002-03-01,0.8679,115.69,0.6103,1.4759,1.3886,1.6783
2002-03-04,0.8649,114.4,0.6097,1.4779,1.3762,1.662
2002-03-05,0.8682,114.46,0.6109,1.4766,1.3798,1.6692
2002-03-06,0.8712,114.86,0.6125,1.4767,1.3836,1.6743
2002-03-07,0.8764,112.96,0.6165,1.4719,1.3855,1.673
2002-03-08,0.8797,112.5,0.6162,1.4708,1.3946,1.6785
2002-03-11,0.8741,112.52,0.6153,1.4716,1.3872,1.6785
2002-03-12,0.8733,112.4,0.6177,1.4678,1.3831,1.681
2002-03-13,0.8734,113.02,0.6192,1.4681,1.385,1.681
2002-03-14,0.8803,113.25,0.6209,1.4655,1.4055,1.688
2002-03-15,0.8853,114.12,0.6213,1.4617,1.4098,1.6879
2002-03-18,0.8792,115.31,0.6173999999999999,1.4633,1.3951,1.6793
2002-03-19,0.8829,115.97,0.6181,1.4661,1.3969,1.6837
2002-03-20,0.8814,115.72,0.6196,1.4642,1.3908,1.6638
2002-03-21,0.8817,116.56,0.618,1.4633,1.3956,1.6619
2002-03-22,0.8794999999999999,116.76,0.6169,1.4602,1.3859,1.6536
2002-03-25,0.8759,116.66,0.6135,1.4608,1.3871,1.6477
2002-03-26,0.8737,116.32,0.6138,1.4614,1.3927,1.6529
2002-03-27,0.8746,115.92,0.6139,1.4656,1.3897,1.6569
2002-03-28,0.8724,115.51,0.613,1.467,1.3923,1.6382
2002-04-02,0.8786,117.2,0.6109,1.4625,1.4059,1.6464
2002-04-03,0.8803,116.87,0.6121,1.4627,1.401,1.6572
2002-04-04,0.8818,116.68,0.6139,1.4617,1.4029,1.6567
2002-04-05,0.8786,115.98,0.6125,1.4658,1.3997,1.6531
2002-04-08,0.8778,115.61,0.6118,1.4637,1.3957,1.6626
2002-04-09,0.8763,115.29,0.6123,1.4665,1.3985,1.655
2002-04-10,0.8798,114.74,0.6123,1.4666,1.4023,1.6576
2002-04-11,0.8794,115.8,0.6127,1.4674,1.3978,1.6451
2002-04-12,0.8803,116.28,0.6125,1.4656,1.3989,1.6455
2002-04-15,0.8802,115.79,0.6124000000000001,1.4674,1.3964,1.6525
2002-04-16,0.8803,115.73,0.6126,1.4695,1.3974,1.6582
2002-04-17,0.888,115.97,0.6148,1.4707,1.4014,1.6524
2002-04-18,0.8895,116.09,0.6153999999999999,1.4685,1.3986,1.6528
2002-04-19,0.8885999999999999,115.92,0.6143999999999999,1.4673,1.3992,1.6464
2002-04-22,0.8882,115.36,0.6138,1.4667,1.3974,1.6464
2002-04-23,0.8872,115.42,0.6132,1.4684,1.3953,1.6492
2002-04-24,0.8892,115.43,0.615,1.4656,1.3959,1.6475
2002-04-25,0.8969,115.27,0.6178,1.4647,1.4032,1.6471
2002-04-26,0.8971,115.22,0.6177,1.4644,1.4034,1.6507
2002-04-29,0.9038,115.69,0.6186,1.4637,1.413,1.6689
2002-04-30,0.9008,115.66,0.6188,1.4621,1.4126,1.6772
2002-05-02,0.9032,115.51,0.6179,1.4564,1.4123,1.6824
2002-05-03,0.9083,115.55,0.6192,1.4548,1.4165,1.6876
2002-05-06,0.9144,116.34,0.623,1.4563,1.431,1.6982
2002-05-07,0.9125,116.97,0.623,1.4592,1.4322,1.6867
2002-05-08,0.9088000000000001,116.86,0.6227,1.4563,1.4238,1.678
2002-05-09,0.9061,116.6,0.6221,1.4547,1.4222,1.6753
2002-05-10,0.9118000000000001,116.6,0.6239,1.4547,1.4234,1.677
2002-05-13,0.9118000000000001,116.42,0.6244,1.4543,1.4199,1.6686
2002-05-14,0.9062,116.17,0.624,1.4554,1.4127,1.6596
2002-05-15,0.903,115.83,0.6228,1.4562,1.4081,1.6533
2002-05-16,0.9124,116.3,0.6253,1.4559,1.4184,1.661
2002-05-17,0.9152,115.65,0.6279,1.4568,1.4189,1.6605
2002-05-20,0.9202,115.59,0.6302,1.4538,1.4182,1.6684
2002-05-21,0.9213,115.02,0.6321,1.4525,1.4169,1.6591
2002-05-22,0.926,115.15,0.634,1.4526,1.4251,1.6598
2002-05-23,0.9213,115.28,0.6323,1.4537,1.4162,1.6598
2002-05-24,0.9188,114.94,0.6327,1.458,1.4157,1.6578
2002-05-27,0.919,114.83,0.6318,1.459,1.4114,1.6516
2002-05-28,0.9255,115.31,0.6344,1.4627,1.4184,1.6503
2002-05-29,0.9320000000000001,115.87,0.6373,1.4658,1.4244,1.6494
2002-05-30,0.9375,115.76,0.6395,1.4657,1.4383,1.66
2002-05-31,0.9387,116.39,0.6405,1.4644,1.4382,1.6514
2002-06-03,0.9313,115.67,0.6402,1.4673,1.4287,1.6424
2002-06-04,0.9435,116.44,0.645,1.4682,1.4417,1.64
2002-06-05,0.9371,116.55,0.643,1.4704,1.4375,1.636
2002-06-06,0.9386,117.13,0.6438,1.4744,1.4366,1.6401
2002-06-07,0.9452,117.56,0.6465,1.471,1.4475,1.6482
2002-06-10,0.9459,117.93,0.6473,1.4725,1.4527,1.6583
2002-06-11,0.9417,118.14,0.643,1.4752,1.4516,1.6623
2002-06-12,0.9452,118.73,0.6431,1.4774,1.4541,1.6594
2002-06-13,0.9417,118.24,0.6404,1.4762,1.4491,1.6568
2002-06-14,0.9478,117.75,0.642,1.4752,1.4648,1.672
2002-06-17,0.9426,117.1,0.6385999999999999,1.4765,1.4594,1.6899
2002-06-18,0.9484,118.13,0.6393,1.4762,1.4635,1.6836
2002-06-19,0.9560999999999999,118.37,0.6408,1.474,1.4747,1.6891
2002-06-20,0.9592000000000001,118.68,0.6422,1.47,1.4737,1.686
2002-06-21,0.9636,117.92,0.6444,1.4693,1.4728,1.6831
2002-06-24,0.9781,118.62,0.6501,1.4694,1.4836,1.6952
2002-06-25,0.9712,118.2,0.6464,1.4688,1.4777,1.7026
2002-06-26,0.9917,118.54,0.6491,1.4658,1.4995,1.727
2002-06-27,0.9824000000000001,118.07,0.646,1.4722,1.4844,1.743
2002-06-28,0.9975000000000001,118.2,0.6498,1.4721,1.5005,1.7702
2002-07-01,0.9913,118.72,0.6469,1.4699,1.504,1.7667
2002-07-02,0.9838,118.51,0.6432,1.4663,1.5032,1.7563
2002-07-03,0.978,117.44,0.6421,1.462,1.4943,1.7526
2002-07-04,0.979,117.46,0.6414,1.4646,1.4995,1.7608
2002-07-05,0.9725,116.98,0.6412,1.4659,1.4875,1.745
2002-07-08,0.9828,116.8,0.6422,1.4688,1.497,1.7445
2002-07-09,0.993,117.32,0.6425,1.4721,1.511,1.7536
2002-07-10,0.9898,116.7,0.6395999999999999,1.4719,1.5034,1.7405
2002-07-11,0.9836,115.43,0.6379,1.4673,1.5001,1.766
2002-07-12,0.9873,115.62,0.6382,1.4681,1.5063,1.7647
2002-07-15,1.0024,116.22,0.6413,1.4694,1.5371,1.7839
2002-07-16,1.0127,117.18,0.6438,1.4675,1.5574,1.8054
2002-07-17,1.0064,117.39,0.6432,1.466,1.5512,1.8143
2002-07-18,1.0058,117.7,0.6428,1.4642,1.5502,1.8225
2002-07-19,1.0146,117.74,0.643,1.4635,1.5563,1.8271
2002-07-22,1.0086,117.33,0.6411,1.4559,1.5596,1.8243
2002-07-23,0.991,116.37,0.6329,1.4549,1.5625,1.823
2002-07-24,0.9915,115.72,0.6331,1.4517,1.5742,1.8494
2002-07-25,1.0014,116.8,0.636,1.4494,1.5713,1.8495
2002-07-26,1.0008,117.55,0.6337,1.4502,1.5722,1.8548
2002-07-29,0.9821,117.42,0.6284999999999999,1.4529,1.5527,1.8213
2002-07-30,0.9835,117.64,0.6294,1.4579,1.5456,1.8055
2002-07-31,0.9782999999999999,117.42,0.6261,1.4546,1.5425,1.7885
2002-08-01,0.976,116.94,0.6274,1.4505,1.5461,1.8121
2002-08-02,0.9873,117.62,0.6294999999999999,1.4504,1.5688,1.8277
2002-08-05,0.9836,117.1,0.6297,1.4543,1.5606,1.8327
2002-08-06,0.9689,117.12,0.6279,1.4546,1.5486,1.8391
2002-08-07,0.9698,116.89,0.6311,1.459,1.5313,1.8206
2002-08-08,0.9687,116.92,0.6335,1.4621,1.5228,1.8113
2002-08-09,0.9729,117.17,0.6355,1.4588,1.529,1.8153
2002-08-12,0.978,116.53,0.6385999999999999,1.4618,1.5368,1.8083
2002-08-13,0.9799,116.54,0.6391,1.4644,1.5435,1.8217
2002-08-14,0.9857,114.9,0.6394,1.4596,1.5426,1.8312
2002-08-15,0.9777,114.82,0.6381,1.4626,1.5252,1.8069
2002-08-16,0.9825,115.37,0.6403,1.4645,1.5315,1.802
2002-08-19,0.9799,116.15,0.638,1.4673,1.5249,1.8018
2002-08-20,0.9792,116.3,0.6415999999999999,1.4694,1.5387,1.794
2002-08-21,0.9762,115.81,0.6405999999999999,1.4692,1.5308,1.79
2002-08-22,0.977,116.24,0.6395,1.4691,1.5224,1.8087
2002-08-23,0.9697,116.3,0.6384,1.4724,1.5105,1.784
2002-08-26,0.9701,116.13,0.6382,1.4699,1.5097,1.7845
2002-08-27,0.9774,115.46,0.64,1.4697,1.5154,1.7666
2002-08-28,0.9826,116.02,0.6394,1.4706,1.5283,1.7782
2002-08-29,0.9843,116.04,0.6383,1.4702,1.534,1.783
2002-08-30,0.9833,116.35,0.6352,1.4694,1.5315,1.78
2002-09-02,0.9821,116.08,0.6343,1.4714,1.5301,1.7803
2002-09-03,0.991,116.23,0.6363,1.4698,1.539,1.8016
2002-09-04,0.9947,117.05,0.6354,1.4646,1.5444,1.8262
2002-09-05,0.9975000000000001,117.34,0.6354,1.4582,1.5691,1.832
2002-09-06,0.9918,117.32,0.6325499999999999,1.459,1.5558,1.8222
2002-09-09,0.9794,116.79,0.6287,1.4576,1.529,1.7935
2002-09-10,0.976,116.44,0.6281,1.4603,1.5315,1.775
2002-09-11,0.9749,116.93,0.6264,1.4624,1.5386,1.7826
2002-09-12,0.9757,117.17,0.6274,1.4656,1.5425,1.7646
2002-09-13,0.981,117.94,0.6286,1.4679,1.5521,1.7793
2002-09-16,0.9683,118.3,0.628,1.4684,1.5318,1.7692
2002-09-17,0.9649,118.64,0.6297,1.4717,1.5217,1.7683
2002-09-18,0.9725,118.5,0.6316000000000001,1.469,1.543,1.7764
2002-09-19,0.9814000000000001,118.85,0.6314,1.4678,1.5416,1.7778
2002-09-20,0.979,120.66,0.6333,1.4662,1.5403,1.7919
2002-09-23,0.9831,121.04,0.6319,1.4636,1.547,1.7982
2002-09-24,0.9828,121.02,0.6311,1.4626,1.5617,1.8087
2002-09-25,0.9771,119.99,0.6271,1.4645,1.5495,1.7913
2002-09-26,0.9796,120.22,0.6274,1.4644,1.5461,1.8021
2002-09-27,0.9779,119.81,0.6282,1.4666,1.5409,1.7948
2002-09-30,0.986,119.67,0.6294999999999999,1.4611,1.5566,1.8101
2002-10-01,0.9861,120.67,0.6277,1.4574,1.5639,1.8185
2002-10-02,0.9835,120.94,0.6279,1.4604,1.5556,1.8067
2002-10-03,0.989,121.47,0.6296,1.4597,1.5733,1.8179
2002-10-04,0.9865,121.11,0.629,1.4618,1.5665,1.8024
2002-10-07,0.9808,121.84,0.6264999999999999,1.4621,1.5608,1.7832
2002-10-08,0.98,121.73,0.6266,1.4671,1.559,1.7878
2002-10-09,0.9814000000000001,121.89,0.6318,1.4666,1.5668,1.7925
2002-10-10,0.9875,122.08,0.6317,1.4626,1.5719,1.7998
2002-10-11,0.9857,122.53,0.6321,1.4636,1.5648,1.7981
2002-10-14,0.9873,122.57,0.6322,1.4622,1.5648,1.8063
2002-10-15,0.981,122.56,0.631,1.4672,1.5531,1.7948
2002-10-16,0.9823,121.86,0.6318,1.4681,1.559,1.7947
2002-10-17,0.9762999999999999,121.34,0.62665,1.4669,1.539,1.774
2002-10-18,0.9735,121.83,0.6283,1.4682,1.5304,1.7665
2002-10-21,0.9748,121.53,0.63,1.4693,1.53,1.7616
2002-10-22,0.9768,122.32,0.6315,1.4693,1.527,1.7643
2002-10-23,0.9775,121.17,0.6313,1.4662,1.5331,1.7668
2002-10-24,0.9738,121.08,0.6294999999999999,1.4675,1.5221,1.7543
2002-10-25,0.9762999999999999,121.21,0.6286,1.4663,1.5277,1.7572
2002-10-28,0.9745,121.53,0.6299,1.468,1.5237,1.7501
2002-10-29,0.982,121.21,0.6307,1.4657,1.5329,1.7579
2002-10-30,0.9825,120.65,0.6317,1.4649,1.5365,1.7741
2002-10-31,0.9864000000000001,121.04,0.6326000000000001,1.4633,1.5449,1.7813
2002-11-01,0.9974,121.58,0.6368,1.4606,1.5531,1.7915
2002-11-04,0.9944,121.85,0.639,1.4633,1.5483,1.7726
2002-11-05,1.0024,121.95,0.6413,1.4613,1.5601,1.7815
2002-11-06,0.9955000000000001,121.84,0.6394,1.4633,1.5507,1.7756
2002-11-07,1.0013,121.98,0.6384,1.4641,1.5536,1.7758
2002-11-08,1.0107,121.95,0.6375,1.4633,1.5752,1.7861
2002-11-11,1.0126,120.9,0.637,1.4632,1.5905,1.8075
2002-11-12,1.0081,120.61,0.6358,1.4616,1.5844,1.7952
2002-11-13,1.0068,120.8,0.6343,1.4632,1.5899,1.7983
2002-11-14,1.0095,120.85,0.6355,1.4651,1.5911,1.7935
2002-11-15,1.0029,121.05,0.6362,1.4664,1.5869,1.7805
2002-11-18,1.0065,121.98,0.6374,1.4676,1.5934,1.7896
2002-11-19,1.0125,122.75,0.6373,1.4681,1.6101,1.7988
2002-11-20,1.0019,122.67,0.6364,1.4675,1.5866,1.7915
2002-11-21,1.0034,122.75,0.6356000000000001,1.4687,1.5851,1.7845
2002-11-22,1.0024,122.88,0.6335,1.4718,1.5837,1.7788
2002-11-25,0.9905,121.84,0.6326000000000001,1.4746,1.5597,1.7692
2002-11-26,0.991,120.92,0.6345,1.4736,1.5573,1.7698
2002-11-27,0.9927,120.57,0.6413,1.4757,1.5628,1.7829
2002-11-28,0.9933999999999999,121.37,0.6395,1.4746,1.5634,1.7806
2002-11-29,0.9927,121.56,0.6395,1.4754,1.5586,1.7755
2002-12-02,0.9871,123.14,0.6382,1.4774,1.5364,1.7649
2002-12-03,0.9967,124.08,0.6374,1.4721,1.5516,1.7827
2002-12-04,1.0018,124.75,0.6367,1.4721,1.5607,1.7854
2002-12-05,0.9991,125.18,0.6364,1.4727,1.5578,1.7813
2002-12-06,1.0006,125.02,0.6377,1.4717,1.5591,1.7847
2002-12-09,1.0093,123.65,0.6393,1.4737,1.5752,1.7927
2002-12-10,1.0111,124.66,0.6415999999999999,1.4736,1.5768,1.7946
2002-12-11,1.0067,124.18,0.6405999999999999,1.474,1.5693,1.7955
2002-12-12,1.0156,124.55,0.6437,1.4768,1.5775,1.7942
2002-12-13,1.0221,124.46,0.6445,1.4768,1.5892,1.805
2002-12-16,1.0212,123.64,0.6425999999999999,1.477,1.5959,1.807
2002-12-17,1.0307,124.4,0.6445,1.4732,1.6047,1.814
2002-12-18,1.024,124.35,0.6403,1.4663,1.5882,1.812
2002-12-19,1.0273,123.87,0.6403,1.4635,1.5965,1.8165
2002-12-20,1.0255,123.79,0.6399,1.4619,1.5899,1.8145
2002-12-23,1.0282,123.35,0.6446,1.458,1.5962,1.829
2002-12-24,1.0296,123.78,0.6467000000000001,1.4538,1.5976,1.8262
2002-12-27,1.0376,124.45,0.648,1.4567,1.6274,1.8446
2002-12-30,1.0422,124.27,0.65,1.4548,1.6381,1.8515
2002-12-31,1.0487,124.39,0.6505,1.4524,1.655,1.8556
2003-01-02,1.0446,124.4,0.652,1.4528,1.6422,1.8554
2003-01-03,1.0392,124.56,0.65,1.4555,1.6264,1.844
2003-01-06,1.0488,124.4,0.6495,1.4563,1.6383,1.8281
2003-01-07,1.0425,124.82,0.6496,1.4565,1.6257,1.816
2003-01-08,1.0377,124.9,0.6495,1.4586,1.6231,1.8132
2003-01-09,1.0507,125.16,0.653,1.4597,1.6371,1.8172
2003-01-10,1.0503,125.72,0.6534,1.4602,1.6285,1.8107
2003-01-13,1.0549,125.74,0.6568000000000001,1.4613,1.6248,1.8109
2003-01-14,1.0577,125.04,0.6583,1.4623,1.6301,1.8115
2003-01-15,1.0526,124.47,0.6592,1.4636,1.6234,1.8024
2003-01-16,1.0564,124.74,0.6585,1.4626,1.62,1.8028
2003-01-17,1.0652,125.34,0.6582,1.4598,1.6304,1.8012
2003-01-20,1.0653,125.96,0.6635,1.4608,1.6367,1.8056
2003-01-21,1.0653,126.5,0.6626,1.4614,1.6362,1.8134
2003-01-22,1.0718,126.51,0.6645,1.4622,1.6408,1.8273
2003-01-23,1.0757,126.99,0.6637999999999999,1.4635,1.6409,1.819
2003-01-24,1.0784,127.4,0.6606,1.4666,1.6448,1.8235
2003-01-27,1.087,127.92,0.6647,1.4673,1.6504,1.8338
2003-01-28,1.0808,128.08,0.6597,1.4692,1.6501,1.8367
2003-01-29,1.0868,128.49,0.6599,1.4678,1.6543,1.8395
2003-01-30,1.0748,128.23,0.6534,1.4702,1.641,1.8285
2003-01-31,1.0816,129.17,0.6556999999999999,1.4678,1.6562,1.8397
2003-02-03,1.0729,129.27,0.6553,1.4684,1.6303,1.8405
2003-02-04,1.0822,129.95,0.6571,1.4673,1.6415,1.8361
2003-02-05,1.091,130.3,0.6607,1.4666,1.6523,1.8425
2003-02-06,1.0813,129.62,0.6592,1.4666,1.648,1.8312
2003-02-07,1.0789,129.49,0.6627999999999999,1.4667,1.6434,1.8281
2003-02-10,1.0808,130.23,0.6614,1.4658,1.6458,1.823
2003-02-11,1.0706,130.04,0.6606,1.4669,1.6366,1.818
2003-02-12,1.0731,129.96,0.6637999999999999,1.4674,1.6403,1.813
2003-02-13,1.0758,130.38,0.6644,1.4688,1.6411,1.8216
2003-02-14,1.0793,130.04,0.6677,1.4692,1.6393,1.8186
2003-02-17,1.0716,128.83,0.6704,1.4725,1.6315,1.8178
2003-02-18,1.0714,127.32,0.6713,1.4701,1.6325,1.814
2003-02-19,1.0717,127.56,0.6727,1.4722,1.6229,1.808
2003-02-20,1.0763,127.84,0.67445,1.4707,1.6212,1.8059
2003-02-21,1.0838,128.7,0.679,1.4673,1.6316,1.8081
2003-02-24,1.0721,126.35,0.68,1.4692,1.6054,1.781
2003-02-25,1.0774,126.22,0.6840000000000001,1.4649,1.6059,1.7789
2003-02-26,1.0753,126.21,0.6822,1.4612,1.6081,1.7757
2003-02-27,1.0822,126.45,0.6842,1.463,1.612,1.7802
2003-02-28,1.0782,127.32,0.6842,1.4629,1.6088,1.7816
2003-03-03,1.08,127.42,0.6853,1.4621,1.6028,1.7653
2003-03-04,1.0919,128.38,0.6899,1.4595,1.6209,1.7808
2003-03-05,1.0966,128.77,0.6876,1.459,1.6157,1.7778
2003-03-06,1.0963,128.73,0.6831,1.464,1.6137,1.784
2003-03-07,1.1039,128.68,0.6867,1.4653,1.617,1.7898
2003-03-10,1.1042,128.71,0.6905,1.4686,1.6161,1.7948
2003-03-11,1.108,129.34,0.6908,1.4664,1.6209,1.8143
2003-03-12,1.1028,129.21,0.6835,1.4674,1.624,1.8446
2003-03-13,1.0864,128.6,0.6771,1.4689,1.6117,1.8346
2003-03-14,1.0775,127.7,0.6777,1.4677,1.6034,1.8075
2003-03-17,1.0801,127.16,0.6827,1.4671,1.5878,1.8011
2003-03-18,1.0586,126.06,0.6774,1.4714,1.5708,1.7973
2003-03-19,1.057,126.08,0.6787,1.4713,1.5675,1.7863
2003-03-20,1.0592,127.47,0.677,1.4714,1.5696,1.788
2003-03-21,1.0572,127.82,0.6757,1.4756,1.5654,1.7831
2003-03-24,1.0634,128.28,0.6763,1.475,1.5808,1.7928
2003-03-25,1.0691,128.22,0.6784,1.472,1.5769,1.7908
2003-03-26,1.0667,128.19,0.6778999999999999,1.4739,1.5669,1.783
2003-03-27,1.0723,128.39,0.6811,1.4793,1.5711,1.7852
2003-03-28,1.073,128.89,0.6865,1.4766,1.5736,1.7853
2003-03-31,1.0895,129.18,0.6896,1.4764,1.6037,1.8076
2003-04-01,1.0891,128.8,0.6908,1.4768,1.5995,1.8048
2003-04-02,1.083,128.72,0.6877,1.4827,1.6019,1.8023
2003-04-03,1.0702,127.85,0.6853,1.4854,1.5773,1.7936
2003-04-04,1.072,128.7,0.6844,1.4865,1.5824,1.7842
2003-04-07,1.0582,127.82,0.6828,1.4873,1.5758,1.7812
2003-04-08,1.066,127.9,0.6872,1.4859,1.576,1.7768
2003-04-09,1.0742,128.86,0.6902,1.4878,1.5773,1.7807
2003-04-10,1.0805,129.18,0.6899999999999999,1.4948,1.5813,1.7837
2003-04-11,1.0735,129.13,0.6842,1.4974,1.5619,1.7765
2003-04-14,1.0737,129.68,0.6827,1.4966,1.5657,1.7826
2003-04-15,1.0784,129.79,0.6857,1.4999,1.5696,1.7831
2003-04-16,1.0836,130.39,0.6877,1.5021,1.5681,1.7724
2003-04-17,1.092,130.29,0.6917,1.4998,1.5881,1.7789
2003-04-22,1.0971,131.37,0.6961000000000001,1.5058,1.5904,1.7659
2003-04-23,1.0944,131.63,0.6935,1.5068,1.5845,1.7646
2003-04-24,1.1008,132.03,0.6915,1.5055,1.6112,1.7819
2003-04-25,1.0973,132.73,0.6914,1.5021,1.599,1.782
2003-04-28,1.1025,132.54,0.6914,1.5039,1.5951,1.7759
2003-04-29,1.0956,131.91,0.6891,1.5075,1.5927,1.7726
2003-04-30,1.1131,132.98,0.697,1.5131,1.6038,1.7822
2003-05-02,1.1239,133.4,0.6998,1.5104,1.5925,1.7802
2003-05-05,1.1218,133.46,0.6996,1.5134,1.5926,1.7746
2003-05-06,1.1344,133.92,0.7044,1.5144,1.5956,1.7801
2003-05-07,1.1427,133.62,0.7121,1.514,1.5889,1.7805
2003-05-08,1.1435,132.78,0.7119,1.5046,1.5984,1.7839
2003-05-09,1.1466,134.76,0.7156,1.5074,1.6049,1.7806
2003-05-12,1.1597,135.05,0.7197,1.5133,1.6107,1.7868
2003-05-13,1.1518,134.41,0.7165,1.5165,1.6015,1.782
2003-05-14,1.1499,134.25,0.7118,1.5129,1.5977,1.781
2003-05-15,1.1458,132.85,0.7072000000000001,1.5103,1.5759,1.7756
2003-05-16,1.1492,133.53,0.7065,1.5074,1.5769,1.7736
2003-05-19,1.1652,135.93,0.7131999999999999,1.5135,1.5846,1.7808
2003-05-20,1.1644,136.36,0.713,1.5123,1.5777,1.7756
2003-05-21,1.1689,136.95,0.7116,1.5077,1.5783,1.7775
2003-05-22,1.172,137.1,0.7163,1.5124,1.5902,1.7795
2003-05-23,1.179,137.87,0.7201,1.5216,1.6273,1.786
2003-05-26,1.1813,138.53,0.721,1.5262,1.6279,1.7953
2003-05-27,1.1901,138.93,0.7235,1.5279,1.6366,1.8041
2003-05-28,1.1738,138.86,0.7184,1.5237,1.6243,1.8008
2003-05-29,1.1756,139.53,0.7158,1.5288,1.6294,1.8256
2003-05-30,1.1822,140.31,0.7196,1.5277,1.6214,1.8136
2003-06-02,1.1672,138.65,0.7175,1.5277,1.6058,1.7906
2003-06-03,1.1723,139.45,0.7173,1.5364,1.6034,1.7806
2003-06-04,1.1691,138.6,0.7171999999999999,1.5366,1.586,1.7582
2003-06-05,1.1775,139.28,0.7121,1.5437,1.5932,1.7678
2003-06-06,1.1813,139.28,0.7093,1.5444,1.5979,1.7822
2003-06-09,1.1726,138.62,0.7083,1.5454,1.6014,1.7775
2003-06-10,1.1699,138.22,0.7065,1.5422,1.59,1.7768
2003-06-11,1.1748,138.4,0.7047,1.5378,1.5937,1.778
2003-06-12,1.1734,138.14,0.7021500000000001,1.5384,1.5883,1.7696
2003-06-13,1.1751,138.44,0.7053,1.5487,1.5826,1.768
2003-06-16,1.1854,139.43,0.7046,1.5429,1.5825,1.773
2003-06-17,1.1797,139.34,0.702,1.541,1.5868,1.764
2003-06-18,1.1699,138.69,0.6965,1.5463,1.5727,1.7459
2003-06-19,1.1655,138.52,0.6965,1.5518,1.5762,1.7425
2003-06-20,1.1655,137.94,0.6966,1.5429,1.5661,1.737
2003-06-23,1.1539,136.19,0.6947,1.5343,1.5755,1.7368
2003-06-24,1.1565,136.33,0.694,1.5317,1.5676,1.7381
2003-06-25,1.1551,135.68,0.6915,1.5323,1.5628,1.7271
2003-06-26,1.1432,135.78,0.6870000000000001,1.5394,1.5474,1.7174
2003-06-27,1.1413,136.76,0.6901,1.5452,1.5448,1.7166
2003-06-30,1.1427,137.32,0.6932,1.5544,1.5506,1.7116
2003-07-01,1.1543,138.2,0.6960499999999999,1.5582,1.5541,1.7081
2003-07-02,1.1535,137.36,0.6937,1.5516,1.5594,1.702
2003-07-03,1.1457,135.73,0.6896,1.5517,1.5394,1.6863
2003-07-04,1.1466,135.4,0.68675,1.55,1.5341,1.6863
2003-07-07,1.136,134.12,0.68855,1.5546,1.5306,1.6675
2003-07-08,1.1326,133.78,0.6907,1.5516,1.5368,1.695
2003-07-09,1.1355,134.1,0.6958,1.5432,1.5488,1.7193
2003-07-10,1.1342,133.51,0.6981000000000001,1.5489,1.5724,1.7357
2003-07-11,1.1315,133.25,0.69185,1.5485,1.5575,1.7194
2003-07-14,1.1299,132.93,0.695,1.5514,1.5577,1.7116
2003-07-15,1.1319,132.81,0.70325,1.5515,1.5584,1.717
2003-07-16,1.1138,131.93,0.7013,1.5457,1.5542,1.7102
2003-07-17,1.1231,133.29,0.7050999999999999,1.5359,1.5637,1.7152
2003-07-18,1.1205,133.49,0.70445,1.5366,1.5754,1.7303
2003-07-21,1.1284,133.84,0.7089,1.538,1.5886,1.7416
2003-07-22,1.1343,135.18,0.7083,1.5434,1.5951,1.7372
2003-07-23,1.1401,135.67,0.711,1.545,1.6125,1.74
2003-07-24,1.1467,136.5,0.7116,1.5494,1.6011,1.7282
2003-07-25,1.1477,136.46,0.711,1.5479,1.5994,1.7308
2003-07-28,1.1489,137.23,0.7068,1.5481,1.5901,1.7322
2003-07-29,1.1462,137.26,0.7062,1.5484,1.5876,1.726
2003-07-30,1.142,136.97,0.7044,1.5494,1.5922,1.7373
2003-07-31,1.1318,135.72,0.7019,1.5464,1.5867,1.7455
2003-08-01,1.1169,134.63,0.6962,1.5303,1.5709,1.7258
2003-08-04,1.1307,136.28,0.7015,1.5367,1.582,1.7374
2003-08-05,1.1333,136.49,0.7045,1.5321,1.5958,1.758
2003-08-06,1.1392,136.95,0.705,1.5344,1.5942,1.7572
2003-08-07,1.1353,136.11,0.70635,1.5372,1.592,1.7527
2003-08-08,1.1326,134.83,0.70335,1.5367,1.5813,1.7384
2003-08-11,1.1295,133.86,0.70545,1.5383,1.5722,1.7214
2003-08-12,1.1312,134.04,0.7065,1.5426,1.5656,1.7195
2003-08-13,1.1277,134.25,0.7032,1.5462,1.5615,1.7217
2003-08-14,1.127,134.76,0.7012,1.5474,1.5575,1.718
2003-08-15,1.1247,134,0.70375,1.5438,1.5659,1.7089
2003-08-18,1.1188,133.93,0.7033,1.5454,1.5543,1.6965
2003-08-19,1.1065,132.32,0.6991000000000001,1.5483,1.5477,1.6925
2003-08-20,1.1109,131.46,0.6974,1.543,1.551,1.6911
2003-08-21,1.1009,129.76,0.6944,1.5424,1.5476,1.6716
2003-08-22,1.0894,128.37,0.6919,1.5422,1.5375,1.6758
2003-08-25,1.0888,127.85,0.6909,1.54,1.5271,1.6723
2003-08-26,1.0816,127.06,0.6918,1.537,1.5163,1.6809
2003-08-27,1.0907,128.62,0.6943,1.5372,1.5269,1.7039
2003-08-28,1.0828,127.11,0.69035,1.5415,1.5225,1.6941
2003-08-29,1.0927,127.26,0.6926,1.5369,1.5263,1.7012
2003-09-01,1.0965,127.58,0.6981000000000001,1.537,1.5118,1.6981
2003-09-02,1.0849,126.94,0.6921,1.5359,1.5072,1.692
2003-09-03,1.0783,125.4,0.6899999999999999,1.5318,1.5051,1.6938
2003-09-04,1.0818,126.39,0.6887,1.5379,1.4965,1.6943
2003-09-05,1.0923,127.64,0.6919,1.5405,1.5002,1.6993
2003-09-08,1.1071,129.41,0.6985,1.5383,1.5195,1.7129
2003-09-09,1.1135,129.57,0.7025,1.5437,1.5253,1.7038
2003-09-10,1.1172,130.51,0.703,1.5501,1.528,1.6982
2003-09-11,1.1217,131.33,0.7036,1.5532,1.5345,1.7025
2003-09-12,1.1172,130.79,0.701,1.5561,1.5327,1.6934
2003-09-15,1.1281,132.54,0.7038,1.5574,1.5434,1.7004
2003-09-16,1.1235,130.64,0.7048,1.5575,1.5362,1.6937
2003-09-17,1.1212,130.58,0.7002,1.5493,1.5338,1.6894
2003-09-18,1.129,130.15,0.699,1.5583,1.5415,1.691
2003-09-19,1.1312,129.92,0.6951000000000001,1.5597,1.5341,1.6897
2003-09-22,1.1468,128.36,0.6968,1.5535,1.5385,1.6895
2003-09-23,1.1464,127.93,0.6936,1.5533,1.5495,1.693
2003-09-24,1.1466,127.81,0.6929999999999999,1.5533,1.555,1.694
2003-09-25,1.1493,128.35,0.69335,1.5495,1.5516,1.6852
2003-09-26,1.1487,128.77,0.69165,1.5433,1.5557,1.7018
2003-09-29,1.1413,127.36,0.6931,1.5425,1.554,1.7023
2003-09-30,1.1652,128.8,0.6986,1.5404,1.5717,1.7101
2003-10-01,1.1671,129.64,0.7047,1.5396,1.5731,1.7134
2003-10-02,1.1692,129.68,0.7015,1.5411,1.5793,1.7131
2003-10-03,1.1686,129.29,0.7002,1.544,1.5663,1.7081
2003-10-06,1.1579,128.66,0.6952,1.5468,1.5589,1.7013
2003-10-07,1.1768,129.92,0.70455,1.5494,1.5723,1.7071
2003-10-08,1.1781,129.36,0.7083,1.5492,1.5675,1.7038
2003-10-09,1.1788,128.63,0.7087,1.5498,1.5709,1.7039
2003-10-10,1.1788,127.85,0.70845,1.55,1.5676,1.7056
2003-10-13,1.1688,126.82,0.70435,1.5493,1.5458,1.6948
2003-10-14,1.1634,127.79,0.702,1.5467,1.5474,1.6996
2003-10-15,1.1669,127.71,0.6990499999999999,1.5455,1.5496,1.6936
2003-10-16,1.1615,127.45,0.6947,1.5487,1.538,1.6882
2003-10-17,1.1579,127.2,0.6936,1.5514,1.5287,1.6813
2003-10-20,1.1629,128.21,0.69385,1.5524,1.5335,1.6805
2003-10-21,1.1623,128.07,0.6958,1.5534,1.5375,1.6784
2003-10-22,1.1694,128.14,0.695,1.5536,1.5388,1.665
2003-10-23,1.1786,129.32,0.6965,1.5467,1.5399,1.6864
2003-10-24,1.1781,129.02,0.6948,1.5471,1.541,1.683
2003-10-27,1.1748,127.37,0.6935,1.5476,1.5371,1.6694
2003-10-28,1.1673,126.69,0.6904,1.5516,1.5356,1.6602
2003-10-29,1.1684,126.21,0.6858,1.5512,1.531,1.6557
2003-10-30,1.1736,126.97,0.68825,1.5495,1.5337,1.6549
2003-10-31,1.1622,126.72,0.6863,1.5506,1.5306,1.6464
2003-11-03,1.1589,127.71,0.68365,1.5545,1.5391,1.6381
2003-11-04,1.1468,126.47,0.6840000000000001,1.563,1.5329,1.6369
2003-11-05,1.1473,125.7,0.68385,1.5652,1.5279,1.6171
2003-11-06,1.1449,125.9,0.6830000000000001,1.5662,1.5251,1.612
2003-11-07,1.1424,125.82,0.6871,1.5702,1.5203,1.6147
2003-11-10,1.1483,124.8,0.6866,1.5729,1.5109,1.6079
2003-11-11,1.1497,125.03,0.6896,1.5689,1.5104,1.6111
2003-11-12,1.16,126.42,0.6929999999999999,1.5668,1.516,1.621
2003-11-13,1.168,126.69,0.6938,1.5717,1.5195,1.6244
2003-11-14,1.1765,127.42,0.697,1.5668,1.5292,1.6355
2003-11-17,1.1802,128.56,0.6983,1.558,1.5383,1.6467
2003-11-18,1.1778,128.17,0.6970499999999999,1.5568,1.5424,1.6412
2003-11-19,1.191,129.82,0.7020999999999999,1.5518,1.5502,1.6484
2003-11-20,1.1909,129.66,0.6994,1.5481,1.5518,1.6463
2003-11-21,1.1899,129.37,0.6983,1.5463,1.5549,1.645
2003-11-24,1.1823,128.93,0.6960499999999999,1.5527,1.5461,1.6393
2003-11-25,1.1766,129.41,0.69415,1.5535,1.548,1.6407
2003-11-26,1.1828,129.67,0.6968,1.5499,1.5464,1.6422
2003-11-27,1.1902,129.99,0.6947,1.5489,1.5567,1.6477
2003-11-28,1.1994,131.24,0.6971000000000001,1.5484,1.5552,1.6583
2003-12-01,1.2019,131.41,0.6965,1.5504,1.5623,1.6535
2003-12-02,1.1975,130.86,0.69585,1.5552,1.5636,1.6444
2003-12-03,1.2102,131.25,0.6999,1.5569,1.5699,1.6458
2003-12-04,1.2074,130.67,0.70045,1.5579,1.5785,1.6421
2003-12-05,1.2087,130.79,0.7020999999999999,1.5577,1.5772,1.6455
2003-12-08,1.2218,131.4,0.7043,1.5479,1.59,1.6495
2003-12-09,1.2258,131.45,0.70335,1.5473,1.5918,1.6524
2003-12-10,1.2239,132.33,0.7024,1.5462,1.6043,1.6528
2003-12-11,1.2187,131.87,0.698,1.5509,1.6094,1.6508
2003-12-12,1.2254,132.14,0.70125,1.5498,1.6059,1.6493
2003-12-15,1.223,132.09,0.7013,1.5516,1.6138,1.6525
2003-12-16,1.2339,132.74,0.7062,1.5529,1.6278,1.657
2003-12-17,1.2337,132.76,0.703,1.5539,1.6418,1.6655
2003-12-18,1.2403,133.38,0.70155,1.5563,1.6496,1.684
2003-12-19,1.2418,133.63,0.7029,1.5552,1.6585,1.6835
2003-12-22,1.2434,133.53,0.7054,1.5565,1.6584,1.692
2003-12-23,1.2392,133.19,0.7025,1.5611,1.6445,1.6878
2003-12-24,1.2407,133.12,0.70175,1.559,1.6349,1.6727
2003-12-29,1.2499,133.68,0.704,1.5587,1.6315,1.6801
2003-12-30,1.2496,133.72,0.7036,1.5594,1.638,1.6742
2003-12-31,1.263,135.05,0.7048,1.5579,1.6234,1.6802
2004-01-02,1.2592,134.72,0.70545,1.5615,1.628,1.6683
2004-01-05,1.2657,134.53,0.7026,1.5594,1.6249,1.6541
2004-01-06,1.2756,135.46,0.6998,1.5666,1.6336,1.6539
2004-01-07,1.2679,134.63,0.6978,1.5676,1.6311,1.651
2004-01-08,1.2634,134.11,0.69455,1.5697,1.628,1.6396
2004-01-09,1.2737,136.18,0.6944,1.5667,1.6282,1.6443
2004-01-12,1.2828,136.57,0.6925,1.565,1.6323,1.6501
2004-01-13,1.2749,135.64,0.6897,1.5623,1.6259,1.6357
2004-01-14,1.2692,134.7,0.69015,1.5601,1.6159,1.632
2004-01-15,1.2635,134.09,0.6916,1.5626,1.6313,1.6359
2004-01-16,1.2493,132.47,0.6884,1.567,1.6188,1.6257
2004-01-19,1.2373,132.43,0.6928,1.5701,1.6108,1.6323
2004-01-20,1.2536,134.43,0.6913,1.572,1.6206,1.6374
2004-01-21,1.2607,134.86,0.6899999999999999,1.5691,1.6313,1.6328
2004-01-22,1.271,135.27,0.6888,1.5673,1.6487,1.6328
2004-01-23,1.2692,134.48,0.6891,1.5659,1.6668,1.635
2004-01-26,1.2575,133.43,0.6888,1.5645,1.65,1.6254
2004-01-27,1.2517,132.51,0.69085,1.5681,1.6416,1.6197
2004-01-28,1.2563,133.05,0.68685,1.5688,1.6525,1.6209
2004-01-29,1.2468,132.13,0.6850000000000001,1.5621,1.6546,1.6198
2004-01-30,1.2384,131.06,0.6846,1.5626,1.6523,1.6396
2004-02-02,1.2461,131.57,0.6834,1.5687,1.6604,1.639
2004-02-03,1.2585,132.82,0.6836,1.5662,1.674,1.642
2004-02-04,1.2524,132.04,0.6819,1.5693,1.6811,1.6413
2004-02-05,1.2583,132.73,0.6854,1.5699,1.6784,1.6471
2004-02-06,1.2529,133.54,0.68315,1.5694,1.6765,1.6458
2004-02-09,1.2713,134.43,0.6838,1.5688,1.6866,1.6356
2004-02-10,1.2764,134.51,0.6821,1.569,1.6898,1.6296
2004-02-11,1.268,133.84,0.6778999999999999,1.5738,1.689,1.6276
2004-02-12,1.2802,135.04,0.6774,1.5765,1.6911,1.6279
2004-02-13,1.2816,135.04,0.6778,1.579,1.6901,1.6194
2004-02-16,1.2741,134.39,0.6758,1.5754,1.6802,1.6124
2004-02-17,1.2858,135.75,0.6747,1.5747,1.6861,1.6139
2004-02-18,1.2824,135.65,0.6736,1.5768,1.6862,1.6108
2004-02-19,1.2724,135.85,0.6708,1.5763,1.6856,1.6081
2004-02-20,1.2663,136.51,0.6734,1.5758,1.6895,1.6117
2004-02-23,1.2576,136.12,0.6755,1.5786,1.6845,1.6272
2004-02-24,1.2595,136.48,0.6712,1.5745,1.682,1.6259
2004-02-25,1.2629,137.24,0.6682,1.574,1.6809,1.6207
2004-02-26,1.2444,136.4,0.6683,1.574,1.6668,1.6173
2004-02-27,1.2418,135.63,0.67,1.578,1.6758,1.6159
2004-03-01,1.2484,136.28,0.6683,1.5783,1.6707,1.6148
2004-03-02,1.2402,135.98,0.667,1.5838,1.6618,1.6071
2004-03-03,1.2143,133.81,0.6633,1.5807,1.6443,1.6192
2004-03-04,1.2147,134.43,0.6663,1.5793,1.629,1.6178
2004-03-05,1.2192,135.5,0.6704,1.5778,1.6276,1.625
2004-03-08,1.2356,138.6,0.6677999999999999,1.5822,1.636,1.6322
2004-03-09,1.2361,137.7,0.6721,1.5801,1.6398,1.6242
2004-03-10,1.2299,136.36,0.6756,1.5758,1.6262,1.6384
2004-03-11,1.2256,135.58,0.6792,1.567,1.6215,1.663
2004-03-12,1.2235,136.15,0.6814,1.5692,1.6306,1.6748
2004-03-15,1.2278,136.02,0.6818,1.5645,1.6353,1.6727
2004-03-16,1.235,135,0.6792,1.5692,1.643,1.6656
2004-03-17,1.2251,132.75,0.6756,1.567,1.6367,1.6576
2004-03-18,1.2261,131.22,0.67215,1.5625,1.6414,1.6522
2004-03-19,1.2344,132,0.6735,1.5587,1.6428,1.6499
2004-03-22,1.2353,132.17,0.66945,1.5574,1.6407,1.643
2004-03-23,1.2276,131.17,0.6664,1.5524,1.6364,1.6355
2004-03-24,1.2196,129.76,0.6653,1.5533,1.6307,1.6337
2004-03-25,1.2132,128.72,0.6725,1.5505,1.6283,1.6404
2004-03-26,1.2173,128.59,0.6698499999999999,1.556,1.6106,1.6314
2004-03-29,1.2118,128.13,0.6674,1.5583,1.5985,1.6285
2004-03-30,1.2187,128.99,0.6681,1.5586,1.5922,1.6179
2004-03-31,1.2224,126.97,0.6659,1.5594,1.5979,1.6052
2004-04-01,1.232,127.82,0.6666,1.5595,1.615,1.6125
2004-04-02,1.2318,128.36,0.6663,1.5637,1.6103,1.6095
2004-04-05,1.2058,126.34,0.6636,1.5673,1.5842,1.5995
2004-04-06,1.209,128.24,0.6582,1.5657,1.5791,1.5931
2004-04-07,1.2101,127.94,0.6586,1.5583,1.5821,1.5871
2004-04-08,1.2096,128.37,0.6601,1.5521,1.6009,1.5915
2004-04-13,1.1975,126.92,0.6556,1.5495,1.6013,1.5781
2004-04-14,1.1924,128.44,0.6621,1.5479,1.5966,1.6065
2004-04-15,1.1912,129.39,0.668,1.552,1.6009,1.6156
2004-04-16,1.1932,129.49,0.6684,1.5541,1.608,1.6191
2004-04-19,1.2044,129.92,0.66635,1.5492,1.6213,1.6106
2004-04-20,1.1926,128.61,0.66425,1.5548,1.6131,1.6119
2004-04-21,1.1836,129.79,0.6682,1.5551,1.6108,1.6254
2004-04-22,1.1873,130.08,0.6714,1.5551,1.6139,1.6238
2004-04-23,1.1885,129.55,0.6698499999999999,1.5598,1.6105,1.6226
2004-04-26,1.1851,128.93,0.66365,1.5566,1.6043,1.6144
2004-04-27,1.1887,130.47,0.6637999999999999,1.5488,1.6066,1.6212
2004-04-28,1.1907,130.17,0.6665,1.5487,1.6154,1.6304
2004-04-29,1.1826,130.86,0.6713,1.5446,1.6239,1.6525
2004-04-30,1.1947,131.87,0.6737,1.5511,1.6383,1.6577
2004-05-03,1.1953,131.51,0.675,1.5524,1.6402,1.6606
2004-05-04,1.2061,132.53,0.6746,1.5522,1.6492,1.6611
2004-05-05,1.2126,131.93,0.6768999999999999,1.5474,1.671,1.6638
2004-05-06,1.2116,132.64,0.6746,1.5494,1.6682,1.6595
2004-05-07,1.2073,133.54,0.6719000000000001,1.5492,1.6609,1.6782
2004-05-10,1.1843,134.43,0.6677999999999999,1.5417,1.6482,1.7035
2004-05-11,1.1804,134.32,0.672,1.5426,1.6419,1.7009
2004-05-12,1.1857,134.18,0.6697,1.5411,1.6471,1.6976
2004-05-13,1.1823,135.14,0.6703,1.5383,1.6447,1.7255
2004-05-14,1.1802,135.52,0.6739000000000001,1.54,1.6476,1.7199
2004-05-17,1.2023,136.68,0.6796,1.536,1.6632,1.737
2004-05-18,1.1983,136.43,0.6774,1.5346,1.6733,1.7423
2004-05-19,1.1989,135.29,0.6732,1.5382,1.658,1.7217
2004-05-20,1.1922,134.87,0.6733,1.5365,1.6431,1.7179
2004-05-21,1.2031,134.78,0.6717,1.5369,1.6472,1.7178
2004-05-24,1.1968,134.62,0.6683,1.5351,1.6391,1.7115
2004-05-25,1.2063,136.05,0.6682,1.5379,1.6495,1.7143
2004-05-26,1.2106,135.07,0.6664,1.5378,1.6513,1.711
2004-05-27,1.2165,135.59,0.6662,1.5355,1.6636,1.7055
2004-05-28,1.2246,135.77,0.6673,1.5304,1.6685,1.7164
2004-05-31,1.2198,133.24,0.66475,1.5276,1.6611,1.7032
2004-06-01,1.2231,134.04,0.6657999999999999,1.528,1.6703,1.7109
2004-06-02,1.2276,135.64,0.665,1.5276,1.6749,1.7504
2004-06-03,1.2226,136.19,0.6655,1.526,1.6611,1.7585
2004-06-04,1.2203,135.78,0.6638500000000001,1.5273,1.6604,1.7667
2004-06-07,1.2319,135.36,0.67025,1.5242,1.6592,1.7521
2004-06-08,1.2294,135.08,0.6684,1.5229,1.652,1.7507
2004-06-09,1.2157,132.57,0.6646,1.5197,1.6391,1.7442
2004-06-10,1.2052,131.84,0.6614,1.5126,1.6381,1.7374
2004-06-11,1.2006,132.19,0.65935,1.512,1.6428,1.7334
2004-06-14,1.2001,133.45,0.6637,1.5145,1.6377,1.7469
2004-06-15,1.2051,134.01,0.66445,1.5179,1.6603,1.7628
2004-06-16,1.2058,132.63,0.6594,1.5239,1.6561,1.7429
2004-06-17,1.2045,131.8,0.65605,1.516,1.654,1.7499
2004-06-18,1.2042,131.42,0.65595,1.5104,1.6511,1.7523
2004-06-21,1.2112,131.19,0.66115,1.5085,1.6538,1.7526
2004-06-22,1.2091,131.17,0.664,1.5133,1.6462,1.7608
2004-06-23,1.2087,131.6,0.6651,1.5167,1.6424,1.7609
2004-06-24,1.2122,130.32,0.6681,1.513,1.633,1.7412
2004-06-25,1.2138,130.84,0.6666,1.5146,1.6348,1.7379
2004-06-28,1.2208,131.59,0.6666,1.5211,1.6442,1.7457
2004-06-29,1.2169,131.83,0.6682,1.528,1.6358,1.7497
2004-06-30,1.2155,132.4,0.67075,1.5242,1.6343,1.7554
2004-07-01,1.2168,131.64,0.6701,1.5232,1.6172,1.7283
2004-07-02,1.2148,132.64,0.6687,1.5208,1.6198,1.7303
2004-07-05,1.2288,133.98,0.6705,1.5182,1.6272,1.7232
2004-07-06,1.2309,134.38,0.6693,1.5188,1.6255,1.7169
2004-07-07,1.2357,133.96,0.6676,1.5185,1.6318,1.7127
2004-07-08,1.2348,134.58,0.6667999999999999,1.5189,1.6345,1.7189
2004-07-09,1.2372,134.24,0.66835,1.5188,1.6303,1.7196
2004-07-12,1.2397,134.12,0.6667,1.5183,1.6328,1.7072
2004-07-13,1.2372,133.97,0.6647,1.5206,1.6345,1.7034
2004-07-14,1.2381,134.8,0.6662,1.5248,1.6348,1.7069
2004-07-15,1.2374,134.98,0.6677,1.5264,1.6381,1.7102
2004-07-16,1.2353,135.37,0.6645,1.5271,1.6333,1.7047
2004-07-19,1.2412,134.26,0.6636,1.5264,1.6271,1.6934
2004-07-20,1.2385,134.31,0.6668500000000001,1.532,1.6235,1.6987
2004-07-21,1.2296,134.08,0.6673,1.5337,1.6222,1.703
2004-07-22,1.2268,134.26,0.6653,1.5329,1.6199,1.712
2004-07-23,1.2191,134.06,0.6632,1.5289,1.6085,1.7175
2004-07-26,1.2163,133.22,0.66105,1.5331,1.6039,1.7114
2004-07-27,1.2168,133.62,0.661,1.5367,1.6159,1.7079
2004-07-28,1.2034,134.15,0.66165,1.536,1.6076,1.7266
2004-07-29,1.2026,135,0.663,1.5393,1.6028,1.7283
2004-07-30,1.2039,134.19,0.66255,1.5414,1.5921,1.7165
2004-08-02,1.2055,134.09,0.66005,1.5361,1.6011,1.7146
2004-08-03,1.2022,133.23,0.6607,1.5413,1.6042,1.7183
2004-08-04,1.1983,133.72,0.6596,1.5394,1.5844,1.7079
2004-08-05,1.2042,134.13,0.6612,1.5383,1.5866,1.7112
2004-08-06,1.2064,134.62,0.6619,1.538,1.5922,1.7158
2004-08-09,1.2247,135.77,0.66605,1.5392,1.6118,1.7107
2004-08-10,1.2279,136.08,0.6692,1.5389,1.6178,1.7149
2004-08-11,1.2233,135.84,0.669,1.5416,1.6179,1.7167
2004-08-12,1.2256,135.86,0.6695,1.5397,1.6239,1.7131
2004-08-13,1.2219,136.5,0.6701,1.5347,1.6267,1.7231
2004-08-16,1.2337,136.66,0.6702,1.5325,1.6176,1.7207
2004-08-17,1.2338,136.45,0.6713,1.537,1.6109,1.7211
2004-08-18,1.2331,135.56,0.6748499999999999,1.535,1.6111,1.7235
2004-08-19,1.2359,135.36,0.67655,1.5349,1.6111,1.7124
2004-08-20,1.2293,134.76,0.6743,1.5398,1.5975,1.7027
2004-08-23,1.225,134.19,0.6744,1.541,1.5923,1.7006
2004-08-24,1.2139,133.02,0.6725,1.541,1.5831,1.7121
2004-08-25,1.2081,133.19,0.6727,1.5403,1.5823,1.7122
2004-08-26,1.21,133.04,0.6732,1.5398,1.5828,1.7141
2004-08-27,1.2085,132.36,0.6718,1.5401,1.5792,1.7094
2004-08-30,1.2047,132.37,0.6726,1.5409,1.5845,1.7187
2004-08-31,1.2111,133.05,0.6755,1.5428,1.5958,1.7298
2004-09-01,1.2168,133.09,0.67775,1.5386,1.5966,1.7305
2004-09-02,1.2172,133.05,0.6791,1.5338,1.5884,1.7437
2004-09-03,1.2175,132.96,0.6798999999999999,1.534,1.5802,1.745
2004-09-06,1.2071,132.88,0.6782,1.5337,1.5673,1.7446
2004-09-07,1.2079,132.54,0.68115,1.5325,1.5648,1.7453
2004-09-08,1.2039,132.01,0.6788,1.5379,1.5562,1.7447
2004-09-09,1.2191,133.71,0.6828,1.5384,1.5705,1.7607
2004-09-10,1.2219,134.61,0.6832,1.5401,1.5789,1.7673
2004-09-13,1.2236,134.91,0.6801,1.5417,1.5816,1.7545
2004-09-14,1.2237,134.46,0.68135,1.5439,1.5926,1.749
2004-09-15,1.2238,134.19,0.6848,1.5417,1.5889,1.7502
2004-09-16,1.2158,133.24,0.6798,1.5457,1.5724,1.7449
2004-09-17,1.2211,134.32,0.6801,1.548,1.5855,1.7441
2004-09-20,1.2132,133.21,0.6804,1.5468,1.5763,1.736
2004-09-21,1.2276,134.57,0.68335,1.5452,1.5855,1.7442
2004-09-22,1.2245,135.37,0.68345,1.5477,1.5754,1.7394
2004-09-23,1.2315,136.34,0.68375,1.5477,1.5793,1.7258
2004-09-24,1.2309,136.17,0.68315,1.5473,1.5748,1.722
2004-09-27,1.2254,136.3,0.6787,1.5493,1.5648,1.719
2004-09-28,1.2335,137.4,0.6801,1.551,1.5677,1.719
2004-09-29,1.2323,136.62,0.6818,1.5509,1.5661,1.7202
2004-09-30,1.2409,137.17,0.6868,1.5524,1.574,1.7212
2004-10-01,1.2413,136.85,0.69095,1.5495,1.5661,1.7151
2004-10-04,1.2305,136.54,0.68855,1.552,1.5608,1.7064
2004-10-05,1.2304,136.51,0.6896,1.5532,1.5603,1.7014
2004-10-06,1.2282,136.45,0.6895,1.5543,1.5511,1.7026
2004-10-07,1.2301,136.84,0.69055,1.5535,1.5448,1.6917
2004-10-08,1.2315,136.05,0.6891,1.5529,1.5475,1.6944
2004-10-11,1.2392,135.32,0.6903,1.5496,1.5539,1.6881
2004-10-12,1.2312,135.22,0.6889,1.5489,1.5477,1.6858
2004-10-13,1.2267,134.91,0.68625,1.546,1.5537,1.6986
2004-10-14,1.2377,135.41,0.6876,1.5449,1.5534,1.6987
2004-10-15,1.2414,135.66,0.68945,1.5414,1.5639,1.7016
2004-10-18,1.2474,136.51,0.69185,1.5382,1.5658,1.7103
2004-10-19,1.2509,135.81,0.6943,1.5385,1.5751,1.7175
2004-10-20,1.259,136.43,0.6963,1.5374,1.5721,1.714
2004-10-21,1.2606,135.73,0.6900500000000001,1.5365,1.5716,1.7125
2004-10-22,1.2606,135.64,0.6909999999999999,1.5384,1.5684,1.7106
2004-10-25,1.2792,136.3,0.69455,1.5326,1.5629,1.7127
2004-10-26,1.2784,136.51,0.69555,1.5333,1.5639,1.7123
2004-10-27,1.2792,136.37,0.69455,1.5321,1.5628,1.708
2004-10-28,1.2711,135.2,0.6957,1.5316,1.5606,1.7127
2004-10-29,1.2737,135.13,0.69565,1.5299,1.5546,1.7088
2004-11-01,1.2748,135.53,0.6958,1.5318,1.5566,1.7079
2004-11-02,1.2705,135.17,0.6916,1.5317,1.5559,1.7046
2004-11-03,1.2754,135.86,0.6919,1.5331,1.5571,1.6941
2004-11-04,1.2874,136.64,0.6966,1.5304,1.5506,1.6992
2004-11-05,1.2856,136.51,0.69775,1.5316,1.5507,1.6967
2004-11-08,1.2917,136.56,0.69695,1.5286,1.544,1.7031
2004-11-09,1.2911,136.57,0.69625,1.5273,1.5397,1.7049
2004-11-10,1.2977,137.44,0.6987,1.5222,1.5489,1.7005
2004-11-11,1.289,137.65,0.7002,1.5191,1.5405,1.6974
2004-11-12,1.2921,136.93,0.7006,1.5205,1.5394,1.6861
2004-11-15,1.2955,136.48,0.6989,1.5241,1.549,1.6767
2004-11-16,1.2971,136.64,0.69955,1.5238,1.5504,1.678
2004-11-17,1.3026,135.97,0.70135,1.5203,1.5506,1.6709
2004-11-18,1.3024,135.54,0.7025,1.5171,1.5651,1.6685
2004-11-19,1.302,134.97,0.7012,1.5153,1.566,1.6645
2004-11-22,1.3033,134.47,0.70255,1.5157,1.5517,1.6657
2004-11-23,1.3089,134.81,0.6995,1.515,1.5508,1.663
2004-11-24,1.3146,135.26,0.69985,1.5143,1.5537,1.6687
2004-11-25,1.3213,135.75,0.7006,1.5113,1.5572,1.6703
2004-11-26,1.3238,136.39,0.6997,1.5146,1.5631,1.6821
2004-11-29,1.3247,136.24,0.701,1.517,1.5675,1.689
2004-11-30,1.3295,136.54,0.6966,1.5114,1.5785,1.7147
2004-12-01,1.3294,136.83,0.69155,1.52,1.5845,1.7236
2004-12-02,1.3314,136.78,0.6890500000000001,1.5268,1.5739,1.7071
2004-12-03,1.33,137.05,0.6901,1.5273,1.5928,1.7204
2004-12-06,1.3435,137.47,0.6918,1.5272,1.6072,1.731
2004-12-07,1.3456,138.3,0.6906,1.5305,1.6074,1.7319
2004-12-08,1.33,138.63,0.6895,1.533,1.6306,1.7586
2004-12-09,1.3305,139.17,0.6919,1.5344,1.6275,1.7639
2004-12-10,1.3191,139.59,0.6912,1.5349,1.6225,1.7609
2004-12-13,1.3268,139.01,0.69225,1.5348,1.6271,1.7505
2004-12-14,1.3317,139.7,0.6915,1.5368,1.6372,1.7494
2004-12-15,1.3383,139.51,0.69115,1.5282,1.6479,1.7561
2004-12-16,1.3401,138.93,0.6863,1.532,1.6436,1.7516
2004-12-17,1.3264,138.37,0.68585,1.5367,1.6351,1.7479
2004-12-20,1.3378,139.44,0.6874,1.5382,1.6428,1.7516
2004-12-21,1.3394,139.85,0.6923,1.5403,1.6424,1.7476
2004-12-22,1.3384,139.18,0.6990499999999999,1.5436,1.6478,1.7442
2004-12-23,1.3456,139.88,0.7013,1.5443,1.6656,1.758
2004-12-24,1.3542,140.26,0.7033,1.5458,1.6631,1.7587
2004-12-27,1.3527,140.34,0.7036,1.5484,1.6625,1.7526
2004-12-28,1.3633,140.49,0.7031500000000001,1.5441,1.6562,1.7495
2004-12-29,1.3608,140.76,0.7083,1.5426,1.6579,1.7477
2004-12-30,1.3604,141.03,0.7088,1.544,1.6483,1.7539
2004-12-31,1.3621,139.65,0.70505,1.5429,1.6416,1.7459
2005-01-03,1.3507,138.84,0.70725,1.5444,1.6278,1.7329
2005-01-04,1.3365,138.49,0.7062,1.5477,1.6254,1.73
2005-01-05,1.3224,138.09,0.70485,1.5528,1.6269,1.7354
2005-01-06,1.3183,138.3,0.7039,1.5498,1.6224,1.7314
2005-01-07,1.32,138.06,0.7028,1.5488,1.6226,1.7301
2005-01-10,1.3103,136.83,0.6978,1.5469,1.6041,1.7256
2005-01-11,1.3143,136.7,0.7000999999999999,1.547,1.5992,1.726
2005-01-12,1.3139,135.47,0.6999,1.5488,1.5997,1.7326
2005-01-13,1.3232,135.71,0.703,1.5479,1.5917,1.7283
2005-01-14,1.3091,134.32,0.7006,1.5491,1.5859,1.7242
2005-01-17,1.3085,133.52,0.7030999999999999,1.545,1.5883,1.7243
2005-01-18,1.306,134.08,0.6978,1.5433,1.5969,1.7285
2005-01-19,1.3083,133.98,0.69655,1.5416,1.597,1.7145
2005-01-20,1.2936,133.22,0.6933,1.5414,1.5934,1.708
2005-01-21,1.2963,134.6,0.6953,1.5491,1.5938,1.6979
2005-01-24,1.3065,134.34,0.6956,1.5441,1.5939,1.6995
2005-01-25,1.3025,134.85,0.6956,1.546,1.5994,1.6988
2005-01-26,1.3005,134.47,0.6927,1.5505,1.61,1.6879
2005-01-27,1.3026,134.78,0.6919,1.5468,1.6136,1.6847
2005-01-28,1.3035,134.69,0.69255,1.5461,1.6167,1.6847
2005-01-31,1.3035,134.96,0.6912,1.5473,1.6167,1.6826
2005-02-01,1.3027,135.16,0.69255,1.5516,1.6153,1.6896
2005-02-02,1.3061,135.3,0.6923,1.5528,1.6126,1.6864
2005-02-03,1.3001,135.54,0.6894,1.5583,1.6123,1.68
2005-02-04,1.2958,134.71,0.6883,1.5591,1.6101,1.6835
2005-02-07,1.2844,133.98,0.6867,1.5593,1.6086,1.6614
2005-02-08,1.2764,134.85,0.6876,1.5591,1.6011,1.6708
2005-02-09,1.2762,134.85,0.6858,1.5575,1.5949,1.6647
2005-02-10,1.2777,135.96,0.68825,1.5588,1.6016,1.6477
2005-02-11,1.2855,136.11,0.6897,1.5551,1.5986,1.6438
2005-02-14,1.2967,136.2,0.6873,1.5545,1.596,1.6471
2005-02-15,1.3016,136.42,0.6885,1.5507,1.6052,1.6574
2005-02-16,1.304,137,0.69135,1.5469,1.6078,1.6626
2005-02-17,1.3041,137.8,0.6912,1.5485,1.6101,1.6597
2005-02-18,1.3039,137.63,0.6891,1.5475,1.6051,1.659
2005-02-21,1.3055,137.76,0.6891,1.5447,1.6073,1.6558
2005-02-22,1.3193,137.42,0.6913,1.538,1.6205,1.6639
2005-02-23,1.3203,138.45,0.6917,1.5389,1.6271,1.6695
2005-02-24,1.326,139.07,0.69395,1.5391,1.6511,1.6816
2005-02-25,1.3165,138.74,0.68975,1.5426,1.6358,1.6824
2005-02-28,1.3257,138.04,0.68975,1.5392,1.634,1.673
2005-03-01,1.3216,137.9,0.6879,1.5357,1.6306,1.6771
2005-03-02,1.3101,137.43,0.6859,1.5413,1.6286,1.6792
2005-03-03,1.3144,137.83,0.6878,1.5461,1.6341,1.6746
2005-03-04,1.3115,138.33,0.6876,1.5491,1.6317,1.6715
2005-03-07,1.3197,138.88,0.6896,1.5518,1.6267,1.6682
2005-03-08,1.3246,138.94,0.6889,1.5509,1.6242,1.6655
2005-03-09,1.3346,139.18,0.69385,1.5535,1.6145,1.6855
2005-03-10,1.3409,139.62,0.69645,1.5484,1.6112,1.6938
2005-03-11,1.3416,139.67,0.69865,1.55,1.6176,1.6944
2005-03-14,1.3372,140.12,0.6974,1.5516,1.6157,1.6995
2005-03-15,1.3383,139.74,0.6962,1.5503,1.6113,1.6911
2005-03-16,1.3373,139.33,0.696,1.5462,1.6094,1.6906
2005-03-17,1.3378,139.72,0.6959,1.5471,1.614,1.6876
2005-03-18,1.3279,139.28,0.69345,1.5495,1.6027,1.6802
2005-03-21,1.3199,139.09,0.6941000000000001,1.5516,1.6001,1.6751
2005-03-22,1.3175,138.45,0.6941000000000001,1.5523,1.5872,1.6709
2005-03-23,1.305,137.7,0.6946,1.5557,1.5834,1.679
2005-03-24,1.2982,138.1,0.6944,1.5538,1.5809,1.6803
2005-03-29,1.2926,138.61,0.68995,1.5522,1.5683,1.6736
2005-03-30,1.2943,139.13,0.6877,1.5513,1.5685,1.679
2005-03-31,1.2964,138.44,0.6885,1.5486,1.5737,1.6763
2005-04-01,1.2959,139.07,0.68665,1.5527,1.5736,1.6803
2005-04-04,1.2883,139.18,0.6870000000000001,1.5535,1.5691,1.6777
2005-04-05,1.281,139.16,0.6841,1.5541,1.5683,1.6758
2005-04-06,1.286,139.75,0.68505,1.5508,1.5708,1.6804
2005-04-07,1.2923,139.84,0.6874,1.5497,1.5746,1.6798
2005-04-08,1.2819,139.46,0.6859,1.5505,1.5749,1.6717
2005-04-11,1.2971,139.76,0.6864,1.5489,1.5927,1.6745
2005-04-12,1.2985,139.97,0.6854,1.5494,1.6022,1.6738
2005-04-13,1.2922,138.71,0.68335,1.5499,1.5979,1.6598
2005-04-14,1.282,138.64,0.68135,1.5547,1.5956,1.6598
2005-04-15,1.2868,139.08,0.6820000000000001,1.5532,1.6,1.6717
2005-04-18,1.2967,139.6,0.6832,1.5476,1.6193,1.69
2005-04-19,1.2996,139.54,0.6807,1.545,1.6209,1.6947
2005-04-20,1.3049,139.5,0.6813,1.544,1.6162,1.684
2005-04-21,1.3058,140.27,0.68475,1.5427,1.6226,1.6872
2005-04-22,1.3077,138.96,0.68285,1.5435,1.6148,1.6773
2005-04-25,1.2966,137.31,0.67865,1.5441,1.6082,1.6637
2005-04-26,1.2981,137.54,0.68115,1.5418,1.6112,1.6661
2005-04-27,1.292,137.35,0.6796,1.5434,1.6121,1.6654
2005-04-28,1.2905,136.63,0.6773,1.5397,1.6172,1.6591
2005-04-29,1.2957,136.24,0.6775,1.5374,1.6191,1.6565
2005-05-02,1.2863,135.54,0.67625,1.5402,1.6189,1.6481
2005-05-03,1.2856,135.23,0.6799500000000001,1.5438,1.6153,1.6625
2005-05-04,1.2953,135.21,0.68175,1.541,1.6176,1.6652
2005-05-05,1.2954,135.28,0.6807,1.5457,1.6158,1.6589
2005-05-06,1.2947,135.71,0.68205,1.5485,1.6058,1.6622
2005-05-09,1.2824,135.46,0.6815,1.5476,1.5876,1.6588
2005-05-10,1.2854,135.86,0.6828,1.5467,1.5918,1.6615
2005-05-11,1.2882,135.7,0.6841,1.5443,1.6001,1.6543
2005-05-12,1.2771,135.66,0.6833,1.5461,1.5955,1.6565
2005-05-13,1.2635,135.2,0.68015,1.5449,1.584,1.6581
2005-05-16,1.2616,135.63,0.6869,1.5445,1.6016,1.6698
2005-05-17,1.2636,135.52,0.68735,1.543,1.6049,1.6701
2005-05-18,1.2621,135.44,0.68835,1.5426,1.5976,1.669
2005-05-19,1.2642,135.62,0.6872,1.5433,1.5952,1.6669
2005-05-20,1.2607,135.98,0.68715,1.5483,1.589,1.6636
2005-05-23,1.2548,135.45,0.6863,1.5467,1.5848,1.6599
2005-05-24,1.2617,135.39,0.68765,1.5467,1.5893,1.6527
2005-05-25,1.2564,135.33,0.68785,1.5458,1.5831,1.6528
2005-05-26,1.2523,135.58,0.6874,1.5472,1.5886,1.6473
2005-05-27,1.2551,135.27,0.6871,1.5479,1.5845,1.6475
2005-05-30,1.2472,134.68,0.6849499999999999,1.5447,1.5679,1.6386
2005-05-31,1.2331,133.47,0.6771,1.5372,1.5531,1.6309
2005-06-01,1.2228,132.84,0.67545,1.531,1.5341,1.6347
2005-06-02,1.2263,132.72,0.67535,1.5348,1.53,1.6305
2005-06-03,1.2289,132.57,0.6757,1.5359,1.5311,1.6241
2005-06-06,1.2272,131.44,0.6748,1.5319,1.5284,1.6104
2005-06-07,1.2285,131.13,0.67155,1.5303,1.5286,1.601
2005-06-08,1.2324,131.69,0.67095,1.5336,1.5351,1.6013
2005-06-09,1.2239,131.37,0.6713,1.5343,1.5347,1.5946
2005-06-10,1.2229,131.42,0.6704,1.5348,1.5324,1.5952
2005-06-13,1.2062,131.74,0.6683,1.5379,1.5165,1.586
2005-06-14,1.211,132.33,0.6695,1.5397,1.5218,1.583
2005-06-15,1.2069,132.06,0.6667,1.5388,1.5057,1.5757
2005-06-16,1.2115,132.26,0.66465,1.5395,1.4984,1.5738
2005-06-17,1.2177,132.47,0.6677999999999999,1.5441,1.5077,1.567
2005-06-20,1.221,133.09,0.66855,1.5446,1.5031,1.5695
2005-06-21,1.2092,132.2,0.6645,1.5425,1.4971,1.5617
2005-06-22,1.2111,131.79,0.66515,1.5419,1.4931,1.5601
2005-06-23,1.2066,130.88,0.6624,1.5391,1.4916,1.5593
2005-06-24,1.2082,131.92,0.663,1.5412,1.484,1.5647
2005-06-27,1.2164,132.91,0.6651,1.5429,1.5024,1.5815
2005-06-28,1.2095,132.94,0.6646,1.5445,1.4919,1.579
2005-06-29,1.2054,133.03,0.6669,1.5471,1.4864,1.5828
2005-06-30,1.2092,133.95,0.6742,1.5499,1.49,1.5885
2005-07-01,1.2087,134.24,0.679,1.5519,1.4867,1.596
2005-07-04,1.1894,132.67,0.67645,1.5484,1.4784,1.5876
2005-07-05,1.1883,133.03,0.67735,1.5521,1.4747,1.6039
2005-07-06,1.1913,133.23,0.6785,1.5545,1.4803,1.605
2005-07-07,1.1957,133.53,0.6851,1.5472,1.476,1.6094
2005-07-08,1.1904,133.84,0.6863,1.553,1.4607,1.6089
2005-07-11,1.2006,134.4,0.6879999999999999,1.5554,1.4584,1.6129
2005-07-12,1.2166,135.33,0.68815,1.5563,1.4742,1.6143
2005-07-13,1.2184,135.67,0.6899,1.5588,1.4668,1.6176
2005-07-14,1.2067,135.24,0.68645,1.5581,1.4538,1.6062
2005-07-15,1.2073,135.35,0.6862,1.5594,1.4651,1.6087
2005-07-18,1.2054,135.29,0.68995,1.5601,1.469,1.6108
2005-07-19,1.1965,135.07,0.68785,1.5634,1.4617,1.5985
2005-07-20,1.2063,136.35,0.6943,1.5632,1.4668,1.6002
2005-07-21,1.2187,135.21,0.696,1.5603,1.4782,1.5942
2005-07-22,1.2143,134.98,0.6951000000000001,1.5635,1.4779,1.5859
2005-07-25,1.2065,134.87,0.6944,1.5635,1.4711,1.5857
2005-07-26,1.1987,134.56,0.68955,1.5603,1.469,1.5814
2005-07-27,1.199,134.92,0.6903,1.5618,1.4846,1.5889
2005-07-28,1.21,136,0.6907,1.5625,1.494,1.5976
2005-07-29,1.2093,135.91,0.6893,1.5607,1.4856,1.5904
2005-08-01,1.2219,136.67,0.6914,1.5591,1.4874,1.6057
2005-08-02,1.2217,136.07,0.6893,1.5566,1.4803,1.5979
2005-08-03,1.2308,136.81,0.6911,1.5585,1.4902,1.6001
2005-08-04,1.2319,137.33,0.69385,1.5571,1.4984,1.599
2005-08-05,1.2386,138.13,0.6956,1.5593,1.51,1.6069
2005-08-08,1.237,138.13,0.6916,1.5595,1.4996,1.6145
2005-08-09,1.2367,138.64,0.6929,1.556,1.5015,1.6246
2005-08-10,1.2377,137.4,0.69035,1.5566,1.5,1.6207
2005-08-11,1.2405,136.94,0.68825,1.5537,1.4976,1.6103
2005-08-12,1.2457,136.32,0.68675,1.5533,1.4935,1.6105
2005-08-15,1.2374,135.54,0.6836,1.5513,1.4801,1.6036
2005-08-16,1.2313,134.63,0.68145,1.5518,1.4812,1.604
2005-08-17,1.2296,134.85,0.6793,1.5486,1.4773,1.6103
2005-08-18,1.2213,134.82,0.67755,1.5463,1.4846,1.6169
2005-08-19,1.2183,134.51,0.6784,1.5488,1.4831,1.6199
2005-08-22,1.2231,133.93,0.67815,1.5513,1.4765,1.6177
2005-08-23,1.2233,134.61,0.6802,1.5534,1.4675,1.6194
2005-08-24,1.2211,134.77,0.68035,1.5545,1.4613,1.618
2005-08-25,1.2272,135.02,0.6820000000000001,1.5478,1.4621,1.6173
2005-08-26,1.2307,134.93,0.68185,1.5467,1.4709,1.6209
2005-08-29,1.2289,135.73,0.6816,1.5453,1.4634,1.6292
2005-08-30,1.2181,135.81,0.68275,1.5512,1.4628,1.6299
2005-08-31,1.2198,136.06,0.6829,1.5485,1.4552,1.6343
2005-09-01,1.2388,136.95,0.68335,1.5463,1.4708,1.6374
2005-09-02,1.2541,137.66,0.6818,1.5437,1.4885,1.6411
2005-09-05,1.2538,136.69,0.67855,1.5429,1.4868,1.6329
2005-09-06,1.2483,136.75,0.6767,1.5436,1.4865,1.6271
2005-09-07,1.2451,136.97,0.6771,1.5431,1.4826,1.6224
2005-09-08,1.2418,137.16,0.6762,1.543,1.4686,1.6129
2005-09-09,1.2415,136.63,0.67535,1.5435,1.4602,1.607
2005-09-12,1.2313,135.2,0.67435,1.5443,1.4587,1.5945
2005-09-13,1.2276,136.17,0.6741,1.5474,1.4552,1.5988
2005-09-14,1.2314,135.42,0.6734,1.5469,1.4523,1.5953
2005-09-15,1.2223,134.89,0.6765,1.5469,1.4483,1.589
2005-09-16,1.2243,135.78,0.6765,1.551,1.4487,1.5933
2005-09-19,1.2139,135.31,0.6728,1.5511,1.4316,1.5887
2005-09-20,1.2154,135.43,0.6734,1.5524,1.4178,1.5768
2005-09-21,1.2225,135.95,0.67505,1.5519,1.4264,1.5834
2005-09-22,1.2224,135.89,0.6787,1.5534,1.4244,1.5909
2005-09-23,1.2118,135.07,0.6785,1.5557,1.4209,1.5935
2005-09-26,1.2031,135.21,0.6789500000000001,1.5566,1.4167,1.5919
2005-09-27,1.2005,136.01,0.68025,1.5578,1.4095,1.5907
2005-09-28,1.2037,136.08,0.681,1.5556,1.4171,1.5858
2005-09-29,1.2063,135.92,0.6826,1.5578,1.4155,1.5831
2005-09-30,1.2042,136.25,0.6819499999999999,1.5561,1.4063,1.5828
2005-10-03,1.1933,136.07,0.68,1.5537,1.3903,1.5653
2005-10-04,1.1938,136.44,0.6786,1.5508,1.3935,1.5627
2005-10-05,1.1947,136.06,0.6778999999999999,1.5506,1.4027,1.5726
2005-10-06,1.2061,137.3,0.68175,1.546,1.4261,1.5929
2005-10-07,1.2144,137.82,0.6870000000000001,1.5484,1.4325,1.6016
2005-10-10,1.2088,137.9,0.68825,1.5496,1.4208,1.5929
2005-10-11,1.2022,137.22,0.6865,1.5474,1.4203,1.5929
2005-10-12,1.2008,137.49,0.6865,1.5478,1.4079,1.5927
2005-10-13,1.198,137.54,0.6849,1.5514,1.4062,1.5993
2005-10-14,1.1999,137.67,0.6854,1.5506,1.4209,1.5982
2005-10-17,1.2022,138,0.6846,1.5536,1.4235,1.6024
2005-10-18,1.1937,138.29,0.68415,1.5558,1.4167,1.5997
2005-10-19,1.195,138.07,0.68005,1.5516,1.4068,1.5961
2005-10-20,1.1953,138.19,0.6767,1.5511,1.4062,1.5919
2005-10-21,1.2012,138.87,0.6771,1.5463,1.4162,1.6005
2005-10-24,1.1944,138.15,0.6758999999999999,1.5446,1.4226,1.5969
2005-10-25,1.2017,138.78,0.67665,1.5441,1.4261,1.5976
2005-10-26,1.2059,139.67,0.6798,1.5474,1.4189,1.5981
2005-10-27,1.213,139.89,0.6794,1.5462,1.4168,1.5983
2005-10-28,1.2138,140.03,0.6808999999999999,1.5459,1.4211,1.6114
2005-10-31,1.2023,139.64,0.67665,1.5455,1.4161,1.6037
2005-11-01,1.2008,140.02,0.679,1.5466,1.4201,1.609
2005-11-02,1.1992,140.26,0.6789500000000001,1.5422,1.4153,1.6192
2005-11-03,1.2041,140.76,0.67825,1.5428,1.4164,1.6222
2005-11-04,1.1933,140.52,0.6764,1.5439,1.409,1.6207
2005-11-07,1.1824,139.23,0.67655,1.5429,1.4021,1.6138
2005-11-08,1.1741,138.22,0.6761,1.5412,1.4036,1.6055
2005-11-09,1.1738,137.68,0.6753,1.5431,1.3951,1.5995
2005-11-10,1.1762,138.41,0.6729000000000001,1.5393,1.3966,1.6041
2005-11-11,1.1697,138.11,0.6731,1.5381,1.3939,1.5989
2005-11-14,1.1713,139.06,0.6728499999999999,1.5397,1.4003,1.607
2005-11-15,1.1667,139.11,0.6732,1.5413,1.3961,1.602
2005-11-16,1.1677,139.4,0.6768999999999999,1.5469,1.3961,1.6026
2005-11-17,1.1692,138.82,0.6795,1.5467,1.3892,1.5944
2005-11-18,1.1679,139.27,0.6815,1.5468,1.3892,1.5966
2005-11-21,1.1811,140.41,0.68675,1.5488,1.4062,1.6022
2005-11-22,1.1701,139.72,0.68465,1.5471,1.385,1.5965
2005-11-23,1.1776,139.78,0.6846,1.5491,1.3817,1.5988
2005-11-24,1.1783,140.03,0.68345,1.5501,1.3796,1.5939
2005-11-25,1.1763,140.44,0.6834,1.5473,1.3762,1.5975
2005-11-28,1.1726,140.39,0.6855,1.5471,1.3716,1.5949
2005-11-29,1.1793,140.57,0.6843,1.5476,1.3787,1.5933
2005-11-30,1.1769,140.8,0.68215,1.5485,1.3741,1.5925
2005-12-01,1.1745,141.18,0.6798,1.5467,1.3723,1.5852
2005-12-02,1.1697,141.36,0.67745,1.5437,1.3612,1.572
2005-12-05,1.1767,142.19,0.6773,1.5442,1.3599,1.5698
2005-12-06,1.1783,142.64,0.67905,1.541,1.3607,1.5644
2005-12-07,1.171,141.68,0.6768999999999999,1.5401,1.3626,1.5686
2005-12-08,1.1764,141.82,0.67495,1.5387,1.3677,1.5762
2005-12-09,1.1785,142.01,0.6732,1.5398,1.3665,1.5709
2005-12-12,1.1925,143.46,0.6743,1.5413,1.3747,1.5831
2005-12-13,1.1925,143.47,0.67425,1.5433,1.3739,1.5822
2005-12-14,1.202,142.23,0.6783,1.5421,1.3776,1.5892
2005-12-15,1.1999,139.28,0.6767,1.542,1.3888,1.6026
2005-12-16,1.1983,139.28,0.67745,1.546,1.386,1.6122
2005-12-19,1.1977,139.24,0.6796,1.5505,1.3932,1.611
2005-12-20,1.1955,139.36,0.6782,1.5521,1.402,1.6181
2005-12-21,1.1872,139.18,0.6789500000000001,1.5529,1.3918,1.6184
2005-12-22,1.1822,138.84,0.681,1.5551,1.3799,1.6171
2005-12-23,1.1859,138.34,0.6834,1.5566,1.3842,1.627
2005-12-27,1.1852,138.61,0.6829499999999999,1.5573,1.3832,1.6261
2005-12-28,1.1916,139.61,0.6863,1.5581,1.3948,1.632
2005-12-29,1.1825,139.43,0.6883,1.5585,1.3796,1.6197
2005-12-30,1.1797,138.9,0.6853,1.5551,1.3725,1.6109
2006-01-02,1.1826,139.56,0.6865,1.5536,1.3737,1.6125
2006-01-03,1.1875,139.45,0.68725,1.5535,1.3809,1.6145
2006-01-04,1.2083,140.19,0.68815,1.5512,1.3934,1.6243
2006-01-05,1.2088,140.31,0.6888,1.5463,1.3941,1.6206
2006-01-06,1.2093,140.21,0.6888,1.5452,1.4158,1.6174
2006-01-09,1.2078,137.85,0.6834,1.5426,1.4142,1.6077
2006-01-10,1.2064,138.12,0.6833,1.5437,1.4092,1.6045
2006-01-11,1.2088,138.31,0.6884,1.5474,1.4073,1.6061
2006-01-12,1.2113,137.5,0.6846,1.5477,1.4049,1.6059
2006-01-13,1.2039,138.13,0.6814,1.5491,1.3972,1.604
2006-01-16,1.2112,139.23,0.68545,1.5497,1.4055,1.6066
2006-01-17,1.2075,139.23,0.68535,1.5489,1.3996,1.6045
2006-01-18,1.2125,139.51,0.6864,1.5468,1.4122,1.6181
2006-01-19,1.2073,139.06,0.68785,1.5537,1.4223,1.6217
2006-01-20,1.2068,139.15,0.68525,1.5512,1.403,1.6129
2006-01-23,1.2277,140.35,0.6878,1.5471,1.4133,1.6287
2006-01-24,1.2272,140.45,0.6878,1.5489,1.4123,1.6363
2006-01-25,1.2294,141.12,0.6867,1.5479,1.415,1.6273
2006-01-26,1.2254,141.85,0.6859,1.55,1.4149,1.6223
2006-01-27,1.2172,142.19,0.6846,1.5526,1.396,1.6188
2006-01-30,1.2082,141.99,0.68365,1.5555,1.3826,1.6118
2006-01-31,1.2118,142.17,0.6843,1.5547,1.387,1.607
2006-02-01,1.2092,142.22,0.6806,1.5538,1.3782,1.6042
2006-02-02,1.2066,143.04,0.6788,1.5555,1.3786,1.6029
2006-02-03,1.2061,143.05,0.6791,1.5549,1.3821,1.6037
2006-02-06,1.1981,142.28,0.6833,1.5558,1.3706,1.6051
2006-02-07,1.1973,141.24,0.6859,1.5549,1.3734,1.6123
2006-02-08,1.1948,141.51,0.6861,1.5529,1.3808,1.6195
2006-02-09,1.1972,141.91,0.6881,1.5563,1.3761,1.6212
2006-02-10,1.197,140.77,0.6839,1.5551,1.3755,1.614
2006-02-13,1.1888,140.35,0.6837,1.5559,1.3741,1.6125
2006-02-14,1.1898,139.57,0.6858,1.5574,1.3788,1.6139
2006-02-15,1.1904,139.96,0.6835,1.5577,1.3734,1.6042
2006-02-16,1.1858,140.11,0.68425,1.5588,1.3742,1.609
2006-02-17,1.1863,140.77,0.6839,1.5621,1.3725,1.6119
2006-02-20,1.1932,141.11,0.6848,1.5617,1.3715,1.6108
2006-02-21,1.1906,141.61,0.6821,1.5598,1.3668,1.6116
2006-02-22,1.1875,140.91,0.6828,1.5593,1.364,1.6162
2006-02-23,1.1957,139.88,0.68185,1.5587,1.3718,1.612
2006-02-24,1.1896,139.11,0.6803,1.5602,1.3715,1.6062
2006-02-27,1.1852,137.77,0.68105,1.5637,1.359,1.6072
2006-02-28,1.1875,138.18,0.6796,1.5661,1.3532,1.6051
2006-03-01,1.1954,138.56,0.6806,1.5614,1.3607,1.6047
2006-03-02,1.1921,138.73,0.6831,1.5646,1.3524,1.5974
2006-03-03,1.202,139.96,0.6850000000000001,1.5628,1.3627,1.6123
2006-03-06,1.2017,141.04,0.6855,1.5607,1.3686,1.6169
2006-03-07,1.1913,140.34,0.6858,1.5616,1.3636,1.618
2006-03-08,1.1914,140.35,0.68605,1.5598,1.3733,1.6227
2006-03-09,1.192,140.1,0.6858,1.5635,1.3793,1.6194
2006-03-10,1.1919,141.11,0.6862,1.5664,1.3867,1.6217
2006-03-13,1.1922,141.94,0.69015,1.5686,1.3841,1.6284
2006-03-14,1.1948,141.31,0.68855,1.5671,1.3864,1.6301
2006-03-15,1.2026,141.31,0.6892,1.5653,1.3885,1.6277
2006-03-16,1.2069,142.06,0.69085,1.5674,1.399,1.6389
2006-03-17,1.2185,141.47,0.6945,1.5735,1.4072,1.6669
2006-03-20,1.2174,141.07,0.6937,1.5717,1.4213,1.6921
2006-03-21,1.2144,141.61,0.6942,1.5738,1.4143,1.6903
2006-03-22,1.2069,141.34,0.6914,1.5736,1.4139,1.6859
2006-03-23,1.2055,141.12,0.69175,1.577,1.4049,1.6783
2006-03-24,1.1969,141.52,0.6908,1.5763,1.3995,1.6894
2006-03-27,1.2025,140.15,0.6883,1.5733,1.41,1.6999
2006-03-28,1.2084,141.09,0.6907,1.5715,1.408,1.6992
2006-03-29,1.2012,141.58,0.69185,1.5742,1.4098,1.706
2006-03-30,1.2096,141.9,0.6946,1.5746,1.4108,1.6962
2006-03-31,1.2104,142.42,0.6964,1.5801,1.4084,1.6997
2006-04-03,1.2063,142.77,0.6977,1.5802,1.4172,1.6828
2006-04-04,1.2217,143.69,0.69835,1.5804,1.4281,1.6951
2006-04-05,1.2262,144.16,0.7006,1.5791,1.424,1.6921
2006-04-06,1.2312,144.81,0.70055,1.5793,1.4225,1.6799
2006-04-07,1.2179,143.57,0.69645,1.5757,1.3975,1.6653
2006-04-10,1.2099,143.22,0.6938,1.5756,1.3878,1.6616
2006-04-11,1.2105,143.73,0.6939,1.5776,1.3864,1.656
2006-04-12,1.2125,143.22,0.69165,1.5727,1.3883,1.6582
2006-04-13,1.2094,143.48,0.6903,1.5705,1.3885,1.6634
2006-04-18,1.2252,144.53,0.6915,1.5645,1.4029,1.66
2006-04-19,1.2346,144.6,0.69135,1.5688,1.4063,1.6596
2006-04-20,1.2346,145.27,0.6924,1.5723,1.4039,1.6594
2006-04-21,1.2315,144.36,0.69245,1.5755,1.4008,1.6623
2006-04-24,1.2365,142.17,0.6919,1.5712,1.4064,1.6562
2006-04-25,1.2425,142.11,0.6944,1.5733,1.413,1.6636
2006-04-26,1.2425,142.87,0.696,1.5776,1.4058,1.6623
2006-04-27,1.2414,142.71,0.6958,1.5814,1.4043,1.6546
2006-04-28,1.2537,143.29,0.6942,1.5713,1.4097,1.6599
2006-05-02,1.2643,143.48,0.68865,1.5622,1.4005,1.661
2006-05-03,1.2622,143.38,0.6869,1.5623,1.3979,1.6417
2006-05-04,1.2592,143.62,0.6840000000000001,1.5616,1.4003,1.6393
2006-05-05,1.2688,144.51,0.6868,1.5615,1.4063,1.6482
2006-05-08,1.2756,141.88,0.6846,1.5581,1.4137,1.6515
2006-05-09,1.2697,141.62,0.6835,1.5582,1.4114,1.6515
2006-05-10,1.2779,141.27,0.6861,1.5591,1.4047,1.6483
2006-05-11,1.2716,141.41,0.6824,1.5592,1.4044,1.6484
2006-05-12,1.2914,141.56,0.6808,1.5496,1.4214,1.6609
2006-05-15,1.2826,141.32,0.6812,1.5509,1.4305,1.6791
2006-05-16,1.2817,141.33,0.6811,1.5525,1.4263,1.6822
2006-05-17,1.2882,140.88,0.6793,1.5518,1.422,1.671
2006-05-18,1.277,141.94,0.67755,1.5493,1.4235,1.6739
2006-05-19,1.2767,142.64,0.6801,1.5561,1.4321,1.6787
2006-05-22,1.2753,143.55,0.6803,1.5509,1.4352,1.6991
2006-05-23,1.2841,143.04,0.6821,1.5517,1.4327,1.6996
2006-05-24,1.2851,143.86,0.68285,1.5509,1.4418,1.7023
2006-05-25,1.2755,143.08,0.68315,1.5558,1.4235,1.6862
2006-05-26,1.2797,143.5,0.6850000000000001,1.5589,1.4182,1.6884
2006-05-29,1.2758,143.23,0.6855,1.5617,1.4088,1.6812
2006-05-30,1.2839,144.05,0.6847,1.5585,1.4138,1.6848
2006-05-31,1.2868,144.32,0.6859,1.56,1.4107,1.6953
2006-06-01,1.2736,144.19,0.6847,1.5628,1.4099,1.7081
2006-06-02,1.2815,144.59,0.68685,1.5629,1.4148,1.7151
2006-06-05,1.2958,144.66,0.6884,1.5597,1.4235,1.7254
2006-06-06,1.2847,144.74,0.6887,1.5608,1.4257,1.7253
2006-06-07,1.2789,144.89,0.6878,1.5613,1.4264,1.726
2006-06-08,1.2735,145.66,0.6903,1.5617,1.424,1.71
2006-06-09,1.2659,144.25,0.68685,1.5569,1.4067,1.6902
2006-06-12,1.2572,143.89,0.6824,1.554,1.3871,1.6856
2006-06-13,1.2571,144.14,0.68335,1.5517,1.3905,1.697
2006-06-14,1.2563,144.68,0.68265,1.5514,1.3993,1.7004
2006-06-15,1.261,144.84,0.68225,1.5522,1.4045,1.7078
2006-06-16,1.2651,145.41,0.6829,1.5562,1.4101,1.7054
2006-06-19,1.2591,145.43,0.68175,1.5573,1.413,1.706
2006-06-20,1.2546,144.43,0.6824,1.5596,1.4026,1.7017
2006-06-21,1.2632,145.22,0.6855,1.5618,1.4051,1.7181
2006-06-22,1.2582,145.48,0.68735,1.5636,1.4023,1.7112
2006-06-23,1.2502,145.5,0.6879999999999999,1.5641,1.4041,1.7096
2006-06-26,1.2561,146.13,0.6901,1.5632,1.4056,1.7157
2006-06-27,1.2567,146.42,0.6907,1.5669,1.4112,1.717
2006-06-28,1.257,146.12,0.69035,1.5631,1.4138,1.7228
2006-06-29,1.2529,146,0.6911,1.5644,1.4025,1.718
2006-06-30,1.2713,145.75,0.6921,1.5672,1.4132,1.7117
2006-07-03,1.279,146.66,0.6933,1.5674,1.4212,1.7214
2006-07-04,1.2791,146.57,0.69285,1.5677,1.4205,1.715
2006-07-05,1.2794,146.74,0.6937,1.5677,1.4152,1.7172
2006-07-06,1.2735,147.09,0.694,1.5685,1.4182,1.7157
2006-07-07,1.2778,146.59,0.69445,1.569,1.4228,1.7095
2006-07-10,1.2752,145.17,0.6920500000000001,1.5672,1.4335,1.7039
2006-07-11,1.2736,145.69,0.69225,1.5665,1.4357,1.6945
2006-07-12,1.2722,146.56,0.6915,1.5658,1.4452,1.688
2006-07-13,1.2692,146.33,0.6897,1.562,1.4378,1.6827
2006-07-14,1.2666,146.83,0.6875,1.5607,1.4289,1.6806
2006-07-17,1.2541,146.66,0.6884,1.5628,1.4186,1.6753
2006-07-18,1.2531,146.61,0.6849,1.5641,1.4213,1.6684
2006-07-19,1.2482,146.91,0.68365,1.5692,1.4214,1.6766
2006-07-20,1.2643,147.68,0.6830000000000001,1.5707,1.4334,1.6829
2006-07-21,1.268,146.96,0.6829,1.5708,1.4347,1.6833
2006-07-24,1.2633,147.32,0.6816,1.5746,1.4405,1.6773
2006-07-25,1.2636,147.52,0.6833,1.5737,1.4406,1.6727
2006-07-26,1.2587,147.1,0.68415,1.5756,1.4323,1.6599
2006-07-27,1.2737,147.25,0.6842,1.5743,1.442,1.6671
2006-07-28,1.2664,146.57,0.6825,1.5725,1.4387,1.6652
2006-07-31,1.2767,145.82,0.6843,1.5713,1.4346,1.6672
2006-08-01,1.2759,146.42,0.6837,1.5718,1.4457,1.6754
2006-08-02,1.2798,146.88,0.68215,1.5729,1.4441,1.6711
2006-08-03,1.2781,146.84,0.67805,1.5746,1.438,1.6772
2006-08-04,1.2792,147.66,0.6758999999999999,1.5779,1.4492,1.6817
2006-08-07,1.285,147.87,0.674,1.572,1.447,1.6863
2006-08-08,1.2839,147.7,0.6738,1.5738,1.4369,1.6894
2006-08-09,1.2879,148.17,0.6753,1.5754,1.442,1.6846
2006-08-10,1.2857,147.62,0.6752,1.5768,1.4391,1.6706
2006-08-11,1.2775,148.21,0.6738,1.5798,1.4353,1.6638
2006-08-14,1.2718,148.34,0.67435,1.5807,1.4338,1.6692
2006-08-15,1.2725,148.36,0.67365,1.5817,1.4393,1.6703
2006-08-16,1.2793,148.7,0.6762,1.5787,1.4342,1.6733
2006-08-17,1.2879,148.56,0.6791,1.5779,1.4384,1.6808
2006-08-18,1.2802,148.33,0.68035,1.5818,1.4372,1.6879
2006-08-21,1.2919,149.43,0.6808,1.5785,1.444,1.692
2006-08-22,1.2812,149.17,0.6784,1.5777,1.4317,1.6804
2006-08-23,1.2812,149.09,0.6773,1.5799,1.4243,1.6735
2006-08-24,1.2831,149.28,0.6774,1.5808,1.4235,1.6794
2006-08-25,1.2762,149.64,0.6762,1.5809,1.4122,1.6797
2006-08-28,1.28,149.85,0.6755,1.5802,1.4184,1.6895
2006-08-29,1.2808,149.54,0.6745,1.5774,1.4206,1.6773
2006-08-30,1.2818,150.08,0.67405,1.5768,1.419,1.679
2006-08-31,1.2851,150.56,0.6741,1.5751,1.423,1.681
2006-09-01,1.2817,150.3,0.6728,1.5791,1.4163,1.6753
2006-09-04,1.2852,149.22,0.67475,1.5812,1.4219,1.668
2006-09-05,1.281,148.47,0.67495,1.5809,1.4242,1.6647
2006-09-06,1.2793,149.23,0.6791,1.5844,1.4228,1.6672
2006-09-07,1.2731,148.05,0.67955,1.5822,1.4066,1.6728
2006-09-08,1.2713,147.91,0.6793,1.5817,1.4155,1.6777
2006-09-11,1.2713,149.14,0.6816,1.5792,1.4245,1.6872
2006-09-12,1.2709,149.49,0.6785,1.5795,1.4227,1.687
2006-09-13,1.2677,149.23,0.67655,1.5892,1.4228,1.6885
2006-09-14,1.2723,149.58,0.6743,1.5878,1.4207,1.6839
2006-09-15,1.2675,149.09,0.6739000000000001,1.5946,1.4203,1.6853
2006-09-18,1.2665,149.47,0.6748,1.5887,1.42,1.6821
2006-09-19,1.2654,148.81,0.6732,1.5903,1.4201,1.6802
2006-09-20,1.2676,148.7,0.6731,1.5875,1.4299,1.6844
2006-09-21,1.2731,148.84,0.6706,1.5887,1.4302,1.6856
2006-09-22,1.2817,148.89,0.67365,1.5812,1.4264,1.7013
2006-09-25,1.2768,148.78,0.6712,1.5799,1.4259,1.6987
2006-09-26,1.2695,147.83,0.6695,1.5776,1.4149,1.6859
2006-09-27,1.2684,148.9,0.67105,1.5796,1.4143,1.6915
2006-09-28,1.2713,149.57,0.67715,1.5838,1.4132,1.6959
2006-09-29,1.266,149.34,0.6777,1.5881,1.4136,1.6992
2006-10-02,1.2685,149.99,0.6778999999999999,1.5841,1.4226,1.7042
2006-10-03,1.2737,149.86,0.6742,1.5848,1.4246,1.7052
2006-10-04,1.2684,149.8,0.6743,1.5888,1.4299,1.7049
2006-10-05,1.2721,149.45,0.6761,1.5887,1.4321,1.7019
2006-10-06,1.2664,149.47,0.6729000000000001,1.5881,1.4234,1.6969
2006-10-09,1.2603,150.09,0.6756,1.589,1.4154,1.6927
2006-10-10,1.2538,149.97,0.67475,1.5909,1.4154,1.6853
2006-10-11,1.2543,149.96,0.67575,1.5932,1.4239,1.683
2006-10-12,1.2531,149.87,0.6753,1.5932,1.4251,1.6723
2006-10-13,1.255,149.84,0.6744,1.5932,1.4246,1.6689
2006-10-16,1.2515,149.13,0.6727,1.5918,1.4231,1.6623
2006-10-17,1.2524,148.67,0.6708,1.5895,1.4232,1.6616
2006-10-18,1.2543,148.83,0.67005,1.5897,1.4286,1.6618
2006-10-19,1.2561,149.08,0.6723,1.5897,1.4266,1.6603
2006-10-20,1.2618,149.29,0.6693,1.5867,1.4156,1.6607
2006-10-23,1.2556,149.71,0.6706,1.5904,1.4158,1.6555
2006-10-24,1.2541,149.98,0.67015,1.5918,1.418,1.657
2006-10-25,1.258,149.93,0.6702,1.5916,1.4191,1.6561
2006-10-26,1.2653,150.4,0.67155,1.5924,1.4259,1.66
2006-10-27,1.2683,150.26,0.6706,1.5911,1.4262,1.6561
2006-10-30,1.2717,149.17,0.668,1.5882,1.4255,1.6542
2006-10-31,1.2696,149.59,0.6685,1.5887,1.4331,1.6509
2006-11-01,1.2757,149.24,0.66845,1.588,1.4471,1.648
2006-11-02,1.2767,149.4,0.6691,1.5894,1.4489,1.6511
2006-11-03,1.276,149.62,0.6688,1.5929,1.4402,1.6527
2006-11-06,1.2702,150.45,0.6698,1.5965,1.4418,1.6507
2006-11-07,1.2755,150.37,0.66975,1.5963,1.4385,1.65
2006-11-08,1.2776,150.35,0.67045,1.5952,1.4448,1.6601
2006-11-09,1.2796,151.16,0.6724,1.5967,1.4489,1.6689
2006-11-10,1.2864,151.17,0.6723,1.5933,1.4531,1.6755
2006-11-13,1.283,151.28,0.6737,1.5937,1.4572,1.6796
2006-11-14,1.2824,150.88,0.67605,1.5956,1.4602,1.6765
2006-11-15,1.2792,151.01,0.6784,1.599,1.4572,1.6733
2006-11-16,1.2804,151.16,0.6781,1.5977,1.4572,1.668
2006-11-17,1.2774,151.17,0.6776,1.6008,1.4651,1.6706
2006-11-20,1.2841,151.57,0.6768,1.5928,1.4676,1.6687
2006-11-21,1.2814,151.24,0.6748,1.5933,1.4676,1.6646
2006-11-22,1.2886,150.75,0.6749000000000001,1.5884,1.4686,1.6669
2006-11-23,1.2953,150.61,0.6765,1.5843,1.4769,1.6725
2006-11-24,1.3078,151.36,0.6768999999999999,1.5826,1.4817,1.6817
2006-11-27,1.3114,152.24,0.6777,1.5855,1.4866,1.6848
2006-11-28,1.3147,152.99,0.67625,1.5866,1.4863,1.6861
2006-11-29,1.3157,153.01,0.6743,1.5889,1.4953,1.68
2006-11-30,1.32,153.29,0.67425,1.5916,1.5053,1.6753
2006-12-01,1.3244,153.77,0.6729000000000001,1.5884,1.5139,1.6778
2006-12-04,1.3309,153.89,0.6734,1.5932,1.5208,1.6904
2006-12-05,1.3331,152.74,0.6743,1.5885,1.5204,1.6946
2006-12-06,1.3274,152.66,0.6754,1.5888,1.5177,1.6892
2006-12-07,1.3297,152.87,0.6761,1.5875,1.5275,1.6827
2006-12-08,1.3276,153.48,0.6776,1.5891,1.5269,1.6823
2006-12-11,1.3177,154.33,0.6762,1.5916,1.5135,1.6835
2006-12-12,1.3244,154.94,0.6746,1.5928,1.5246,1.685
2006-12-13,1.3265,155.34,0.6728,1.5951,1.5273,1.6811
2006-12-14,1.3192,155.04,0.67155,1.5987,1.5242,1.6848
2006-12-15,1.3106,155.04,0.6699000000000001,1.5977,1.5151,1.6803
2006-12-18,1.3095,154.34,0.67155,1.5993,1.5114,1.6779
2006-12-19,1.3158,155.48,0.67125,1.6024,1.5217,1.6824
2006-12-20,1.3203,156,0.6702,1.6039,1.5137,1.682
2006-12-21,1.3178,155.85,0.6716,1.6032,1.5155,1.6785
2006-12-22,1.3192,156.26,0.6715,1.6029,1.524,1.6792
2006-12-27,1.3159,156.1,0.6708499999999999,1.6058,1.5297,1.6765
2006-12-28,1.3173,156.61,0.67115,1.6058,1.5268,1.6699
2006-12-29,1.317,156.93,0.6715,1.6069,1.5281,1.6691
2007-01-02,1.327,157.76,0.6735,1.6104,1.5452,1.6694
2007-01-03,1.3231,157.76,0.6747,1.6132,1.5457,1.6645
2007-01-04,1.3106,156.11,0.6739000000000001,1.6132,1.539,1.6681
2007-01-05,1.3084,154.55,0.6747,1.6097,1.5374,1.6697
2007-01-08,1.3006,154.42,0.6731,1.6097,1.5282,1.6675
2007-01-09,1.3018,155.26,0.67025,1.6127,1.5327,1.6675
2007-01-10,1.2988,154.99,0.6702,1.6138,1.5301,1.6664
2007-01-11,1.2984,156.16,0.6654,1.6129,1.5296,1.6573
2007-01-12,1.2893,155.24,0.66165,1.6125,1.5136,1.6544
2007-01-15,1.2941,156,0.65845,1.6127,1.5108,1.6503
2007-01-16,1.2953,156.27,0.6592,1.6138,1.5127,1.6511
2007-01-17,1.2909,155.75,0.65685,1.6143,1.5166,1.6429
2007-01-18,1.2922,156.79,0.6565,1.6182,1.5207,1.6423
2007-01-19,1.2958,157.13,0.6565,1.6178,1.5189,1.6453
2007-01-22,1.2936,157.53,0.65485,1.6185,1.5203,1.6382
2007-01-23,1.304,158.02,0.6552,1.6167,1.5399,1.6436
2007-01-24,1.3005,158.06,0.6595,1.6195,1.5336,1.6631
2007-01-25,1.2978,156.88,0.6585,1.6154,1.5287,1.6639
2007-01-26,1.2901,156.71,0.65825,1.6184,1.5255,1.6684
2007-01-29,1.2921,157.7,0.6602,1.6216,1.5306,1.6728
2007-01-30,1.2972,157.99,0.6603,1.6236,1.5342,1.679
2007-01-31,1.2954,157.27,0.66325,1.6214,1.5325,1.6786
2007-02-01,1.302,156.85,0.6613,1.6175,1.5331,1.6782
2007-02-02,1.302,157.63,0.66135,1.6175,1.541,1.6821
2007-02-05,1.2925,155.85,0.66115,1.617,1.5312,1.6683
2007-02-06,1.2955,155.56,0.6578000000000001,1.61,1.5322,1.6674
2007-02-07,1.2987,156.74,0.6585,1.6111,1.537,1.6695
2007-02-08,1.2991,157.68,0.6632,1.6232,1.5413,1.6669
2007-02-09,1.3007,158.06,0.66755,1.6249,1.5296,1.6751
2007-02-12,1.2956,157.94,0.66565,1.6238,1.5177,1.6745
2007-02-13,1.3022,157.99,0.66995,1.6233,1.5253,1.6811
2007-02-14,1.3082,158.55,0.6693,1.6268,1.5265,1.6734
2007-02-15,1.3137,157.78,0.67115,1.6267,1.5326,1.6721
2007-02-16,1.3119,156.27,0.6731,1.6212,1.5259,1.6705
2007-02-19,1.3132,157.01,0.6751,1.6215,1.5308,1.6718
2007-02-20,1.3145,158.01,0.6733,1.6256,1.5323,1.6709
2007-02-21,1.3145,158.91,0.6726,1.6267,1.5349,1.664
2007-02-22,1.3106,159,0.6719000000000001,1.6281,1.5214,1.661
2007-02-23,1.3134,159.35,0.6692,1.6262,1.522,1.663
2007-02-26,1.316,158.7,0.6706,1.6203,1.5256,1.6614
2007-02-27,1.323,157.68,0.6737,1.6183,1.5359,1.6695
2007-02-28,1.3211,156.45,0.67365,1.6136,1.5419,1.6761
2007-03-01,1.3225,155.42,0.67365,1.61,1.5497,1.6814
2007-03-02,1.3163,153.91,0.6768,1.6107,1.5456,1.6806
2007-03-05,1.3083,150.93,0.6822,1.6,1.545,1.6897
2007-03-06,1.31,152.69,0.67965,1.604,1.5434,1.6951
2007-03-07,1.3135,152.81,0.6812,1.605,1.5451,1.6867
2007-03-08,1.3152,154.02,0.6814,1.6066,1.5494,1.689
2007-03-09,1.3155,154.28,0.6806,1.6137,1.5469,1.6889
2007-03-12,1.3156,154.44,0.6822,1.6137,1.5387,1.6833
2007-03-13,1.3218,154.14,0.6831,1.6095,1.5453,1.6793
2007-03-14,1.3183,153.66,0.68535,1.607,1.5495,1.6838
2007-03-15,1.3226,155.09,0.68275,1.6088,1.5548,1.679
2007-03-16,1.3325,155.62,0.6842,1.6059,1.5637,1.6757
2007-03-19,1.3303,156.17,0.68325,1.6107,1.5626,1.6633
2007-03-20,1.3296,156.15,0.6791,1.6123,1.5522,1.662
2007-03-21,1.3293,156.64,0.6788999999999999,1.6153,1.5409,1.659
2007-03-22,1.3351,157.27,0.67855,1.619,1.545,1.6542
2007-03-23,1.3327,156.65,0.6778,1.6164,1.5432,1.6519
2007-03-26,1.3265,157.05,0.67635,1.6208,1.5416,1.6456
2007-03-27,1.3347,157.91,0.679,1.6211,1.5429,1.649
2007-03-28,1.3348,156.38,0.6795,1.6164,1.5477,1.6532
2007-03-29,1.3352,156.75,0.6793,1.6215,1.5487,1.6506
2007-03-30,1.3318,157.32,0.6798,1.6247,1.5366,1.6484
2007-04-02,1.3366,157.35,0.6761,1.6226,1.5459,1.6371
2007-04-03,1.3358,158.53,0.6761,1.6275,1.5467,1.6409
2007-04-04,1.3352,158.7,0.67665,1.6292,1.5441,1.6413
2007-04-05,1.3373,159,0.6797,1.6309,1.541,1.6351
2007-04-10,1.3426,160.05,0.6803,1.6361,1.5424,1.6283
2007-04-11,1.3418,160,0.6788,1.6382,1.5348,1.6263
2007-04-12,1.3467,160.62,0.6807,1.6404,1.5328,1.6304
2007-04-13,1.3532,160.55,0.6808999999999999,1.6361,1.5351,1.6249
2007-04-16,1.355,161.96,0.68055,1.6431,1.5352,1.6249
2007-04-17,1.3549,161.81,0.6763,1.6406,1.5333,1.6215
2007-04-18,1.3577,160.77,0.6773,1.6367,1.5386,1.6291
2007-04-19,1.3601,160.13,0.6793,1.6343,1.5312,1.6336
2007-04-20,1.3606,161.45,0.6793,1.6414,1.5334,1.629
2007-04-23,1.3557,160.91,0.678,1.6423,1.5225,1.6277
2007-04-24,1.3582,161.39,0.6793,1.6387,1.5223,1.6424
2007-04-25,1.3649,161.95,0.681,1.6416,1.5298,1.6405
2007-04-26,1.3596,162.26,0.68215,1.6432,1.5236,1.6409
2007-04-27,1.3643,162.76,0.68225,1.6431,1.5235,1.6423
2007-04-30,1.3605,162.82,0.6827,1.6458,1.5187,1.6427
2007-05-02,1.3588,163.28,0.6821,1.6518,1.5096,1.645
2007-05-03,1.3613,163.47,0.6828,1.6479,1.5086,1.6496
2007-05-04,1.3561,163.15,0.6828,1.6479,1.4985,1.6562
2007-05-07,1.3615,163.31,0.6823,1.6471,1.5028,1.6483
2007-05-08,1.3558,162.29,0.6803,1.6489,1.4946,1.6355
2007-05-09,1.3535,162.35,0.67985,1.6486,1.4984,1.6331
2007-05-10,1.3527,162.86,0.6807,1.6473,1.4983,1.6258
2007-05-11,1.3486,161.46,0.6813,1.6439,1.5036,1.624
2007-05-14,1.3549,163.06,0.68435,1.6515,1.5012,1.6276
2007-05-15,1.3538,163.08,0.68485,1.6505,1.4931,1.6279
2007-05-16,1.3574,163.64,0.68485,1.6545,1.4931,1.636
2007-05-17,1.3516,163.77,0.68385,1.6555,1.4862,1.6421
2007-05-18,1.3477,163,0.6839,1.6536,1.4767,1.6401
2007-05-21,1.3444,163.32,0.68265,1.6562,1.4611,1.6408
2007-05-22,1.3454,163.47,0.68175,1.6561,1.4579,1.6363
2007-05-23,1.349,163.85,0.6794,1.6537,1.461,1.6336
2007-05-24,1.3448,163.2,0.6767,1.6508,1.4552,1.6351
2007-05-25,1.3441,163.5,0.6775,1.6499,1.457,1.6399
2007-05-28,1.3453,163.71,0.67853,1.6525,1.4541,1.6413
2007-05-29,1.3509,164.23,0.6798,1.6504,1.4614,1.6473
2007-05-30,1.342,163.26,0.6795,1.6467,1.4398,1.639
2007-05-31,1.3453,163.56,0.68005,1.6477,1.4388,1.6269
2007-06-01,1.3436,163.81,0.67925,1.6514,1.4335,1.6214
2007-06-04,1.3482,164.34,0.6779500000000001,1.6504,1.4252,1.6177
2007-06-05,1.3532,164.42,0.6783,1.6483,1.4305,1.6122
2007-06-06,1.3513,163.67,0.6783,1.6452,1.4341,1.6053
2007-06-07,1.347,163.43,0.679,1.6477,1.4267,1.5926
2007-06-08,1.3349,162.4,0.67885,1.6475,1.4261,1.587
2007-06-11,1.3355,162.55,0.6784,1.6534,1.4186,1.5849
2007-06-12,1.3345,162.56,0.676,1.6556,1.4175,1.5845
2007-06-13,1.3287,162.52,0.6745,1.6532,1.423,1.5829
2007-06-14,1.3304,163.56,0.67605,1.6549,1.4202,1.5937
2007-06-15,1.3314,164.42,0.6759500000000001,1.6576,1.4159,1.5922
2007-06-18,1.3404,165.46,0.6763,1.662,1.4373,1.5931
2007-06-19,1.3403,165.46,0.67465,1.6627,1.4302,1.5876
2007-06-20,1.3427,165.88,0.6737,1.6605,1.431,1.5851
2007-06-21,1.3397,165.5,0.6721,1.6613,1.4303,1.5819
2007-06-22,1.3441,166.75,0.67305,1.6576,1.4411,1.5847
2007-06-25,1.3461,166.21,0.6735,1.6538,1.4424,1.585
2007-06-26,1.346,165.78,0.67315,1.6547,1.4402,1.5849
2007-06-27,1.3438,164.69,0.67295,1.652,1.4384,1.5965
2007-06-28,1.3467,165.61,0.67215,1.6544,1.4293,1.5918
2007-06-29,1.3505,166.63,0.674,1.6553,1.4245,1.5885
2007-07-02,1.3588,166.66,0.67565,1.649,1.4395,1.5859
2007-07-03,1.3601,166.63,0.6751,1.655,1.438,1.5902
2007-07-04,1.3618,166.87,0.67535,1.6558,1.4415,1.5875
2007-07-05,1.364,167.1,0.6756,1.6553,1.4426,1.5854
2007-07-06,1.3596,167.57,0.67635,1.6589,1.4303,1.5875
2007-07-09,1.3621,168.13,0.6763,1.6582,1.4264,1.5832
2007-07-10,1.3666,167.86,0.67735,1.6553,1.4329,1.5876
2007-07-11,1.3753,167.39,0.6769500000000001,1.6535,1.4569,1.5963
2007-07-12,1.3788,168.39,0.6783,1.6574,1.4484,1.5967
2007-07-13,1.3782,168.68,0.6779500000000001,1.6579,1.4414,1.5879
2007-07-16,1.3781,167.84,0.67655,1.6556,1.4419,1.5774
2007-07-17,1.3771,168.07,0.6732,1.6554,1.438,1.5755
2007-07-18,1.3779,168.3,0.672,1.6572,1.4417,1.5702
2007-07-19,1.382,168.66,0.67455,1.6585,1.442,1.5722
2007-07-20,1.3803,168.46,0.6722,1.662,1.4405,1.5676
2007-07-23,1.3821,167.58,0.67155,1.6633,1.4436,1.5645
2007-07-24,1.3833,167.22,0.6707,1.6645,1.4456,1.5631
2007-07-25,1.3743,165.55,0.66905,1.666,1.4276,1.5536
2007-07-26,1.3722,164.52,0.6708,1.6607,1.4396,1.5561
2007-07-27,1.3651,162.12,0.672,1.6525,1.4456,1.5839
2007-07-30,1.3659,161.58,0.6753,1.6437,1.46,1.6121
2007-07-31,1.3707,163.59,0.674,1.6519,1.454,1.5951
2007-08-01,1.3663,161.9,0.6746,1.6436,1.4557,1.6049
2007-08-02,1.3664,162.8,0.67325,1.6492,1.4444,1.596
2007-08-03,1.3694,163.24,0.6733,1.6501,1.4473,1.5985
2007-08-06,1.3818,162.88,0.68015,1.6385,1.455,1.613
2007-08-07,1.3794,163.67,0.68055,1.6447,1.4569,1.6141
2007-08-08,1.3794,164.5,0.6779500000000001,1.6468,1.4496,1.6039
2007-08-09,1.3729,162.68,0.67705,1.6401,1.4479,1.6058
2007-08-10,1.365,160.37,0.67685,1.6314,1.4399,1.6219
2007-08-13,1.3651,161.47,0.67775,1.6394,1.4372,1.6183
2007-08-14,1.3591,160.74,0.6788,1.6421,1.4352,1.6184
2007-08-15,1.3476,157.39,0.6775,1.6383,1.4508,1.6381
2007-08-16,1.3405,153.19,0.6756,1.6302,1.4469,1.7072
2007-08-17,1.3454,152.74,0.6792,1.6245,1.4416,1.7213
2007-08-20,1.3476,155.14,0.6788999999999999,1.6284,1.4298,1.6791
2007-08-21,1.3508,154.98,0.68105,1.6248,1.4297,1.682
2007-08-22,1.3493,155.32,0.67865,1.6306,1.4299,1.6752
2007-08-23,1.3574,158.26,0.6765,1.6387,1.425,1.6554
2007-08-24,1.3615,157.7,0.67885,1.6362,1.4328,1.6581
2007-08-27,1.3658,158.63,0.6777,1.6436,1.4327,1.6425
2007-08-28,1.3664,157.55,0.6788999999999999,1.6366,1.4421,1.6552
2007-08-29,1.3631,156.48,0.6772,1.637,1.4464,1.6713
2007-08-30,1.361,157.33,0.678,1.6402,1.4454,1.6677
2007-08-31,1.3705,159.25,0.6779500000000001,1.6451,1.4446,1.6692
2007-09-03,1.3632,157.86,0.67575,1.6479,1.4362,1.6592
2007-09-04,1.358,156.84,0.6752,1.6466,1.4305,1.6466
2007-09-05,1.3588,157.11,0.676,1.6462,1.4329,1.6553
2007-09-06,1.3669,157.32,0.6773,1.6427,1.4433,1.6571
2007-09-07,1.3696,157.79,0.6773,1.6437,1.4398,1.6564
2007-09-10,1.3795,156.64,0.67945,1.6377,1.4569,1.6757
2007-09-11,1.3824,157.31,0.6802,1.6401,1.4467,1.6715
2007-09-12,1.3885,158.14,0.6837,1.6422,1.4461,1.6613
2007-09-13,1.3897,159.52,0.68525,1.6415,1.436,1.6565
2007-09-14,1.386,159.2,0.68915,1.6463,1.4286,1.6499
2007-09-17,1.3877,159.45,0.6943,1.6458,1.4252,1.653
2007-09-18,1.3867,160.16,0.6952,1.6479,1.4226,1.6594
2007-09-19,1.3975,161.8,0.69865,1.6493,1.4155,1.6407
2007-09-20,1.403,161.43,0.6988,1.6461,1.4037,1.6248
2007-09-21,1.4049,162.46,0.6973,1.6517,1.4071,1.6324
2007-09-24,1.4113,162.35,0.6969,1.654,1.4113,1.6249
2007-09-25,1.4106,161.24,0.70035,1.6488,1.4137,1.6339
2007-09-26,1.4127,162.93,0.7005,1.6527,1.4208,1.6153
2007-09-27,1.418,163.29,0.6993,1.6577,1.4163,1.6079
2007-09-28,1.4179,163.55,0.6968,1.6601,1.4122,1.6073
2007-10-01,1.4232,164.76,0.69735,1.6603,1.4142,1.6022
2007-10-02,1.4165,163.92,0.6938,1.6646,1.4122,1.5972
2007-10-03,1.4195,164.86,0.6956,1.6633,1.4131,1.596
2007-10-04,1.4109,164.51,0.69355,1.6626,1.4082,1.5943
2007-10-05,1.4136,164.6,0.69285,1.6623,1.3947,1.5846
2007-10-08,1.4089,165.49,0.69125,1.6679,1.3863,1.568
2007-10-09,1.4037,164.54,0.69185,1.6669,1.3869,1.569
2007-10-10,1.4146,166.05,0.6926,1.672,1.388,1.5757
2007-10-11,1.4199,166.96,0.697,1.6733,1.3874,1.5721
2007-10-12,1.4173,166.51,0.6985,1.6803,1.3865,1.572
2007-10-15,1.4226,167.52,0.69695,1.6792,1.3835,1.5685
2007-10-16,1.415,165.17,0.6965,1.6753,1.3878,1.5929
2007-10-17,1.42,166.27,0.6973,1.6767,1.387,1.5901
2007-10-18,1.4299,165,0.698,1.6697,1.395,1.6054
2007-10-19,1.4288,164.86,0.6973,1.6714,1.3809,1.5932
2007-10-22,1.4166,161.4,0.6975,1.665,1.3866,1.612
2007-10-23,1.4254,163.5,0.69575,1.6707,1.3734,1.5948
2007-10-24,1.423,162.67,0.6955,1.6706,1.3797,1.5833
2007-10-25,1.4309,163.64,0.69765,1.6701,1.3785,1.5813
2007-10-26,1.4384,164.5,0.701,1.6732,1.383,1.5734
2007-10-29,1.4391,165.17,0.69895,1.6776,1.3822,1.5652
2007-10-30,1.4407,165.41,0.6972,1.6751,1.3763,1.5688
2007-10-31,1.4447,166.49,0.6973,1.6762,1.3768,1.5658
2007-11-01,1.4423,166.29,0.6924,1.6735,1.3664,1.5626
2007-11-02,1.4479,166.88,0.6951000000000001,1.673,1.3531,1.5696
2007-11-05,1.4488,165.39,0.6962,1.6687,1.3527,1.5765
2007-11-06,1.4547,166.9,0.69685,1.6658,1.3482,1.5695
2007-11-07,1.4722,166.07,0.6996,1.6589,1.3354,1.5703
2007-11-08,1.4666,165.9,0.69625,1.6601,1.3629,1.5783
2007-11-09,1.4683,163.22,0.7004,1.6483,1.379,1.5993
2007-11-12,1.4579,159.55,0.70445,1.6403,1.3956,1.6516
2007-11-13,1.4607,160.96,0.7047,1.6436,1.3945,1.6294
2007-11-14,1.47,163.26,0.7104,1.645,1.4041,1.6308
2007-11-15,1.4639,161.98,0.71485,1.6454,1.4273,1.6425
2007-11-16,1.4651,161.98,0.7162500000000001,1.6406,1.4302,1.6399
2007-11-19,1.4654,161.58,0.71445,1.6379,1.4318,1.6456
2007-11-20,1.4785,162.85,0.71715,1.6408,1.4525,1.6657
2007-11-21,1.4814,160.92,0.7197,1.6379,1.4639,1.6952
2007-11-22,1.4829,161.22,0.71855,1.6352,1.4628,1.7011
2007-11-23,1.4809,159.87,0.7202499999999999,1.6322,1.4616,1.6968
2007-11-26,1.4845,160.96,0.71795,1.6372,1.4633,1.684
2007-11-27,1.4874,160.11,0.71855,1.6326,1.4767,1.7044
2007-11-28,1.4747,162.02,0.71375,1.6463,1.4676,1.6719
2007-11-29,1.4738,162.26,0.71475,1.6505,1.4605,1.6717
2007-11-30,1.4761,163.43,0.71455,1.6541,1.4695,1.6643
2007-12-03,1.4666,161.82,0.7107,1.6568,1.4682,1.6612
2007-12-04,1.4741,161.85,0.7149,1.648,1.4815,1.6843
2007-12-05,1.472,162.33,0.7224,1.6458,1.4975,1.695
2007-12-06,1.4554,161.55,0.7185,1.6503,1.4817,1.6726
2007-12-07,1.4649,163.38,0.7202,1.655,1.4708,1.6712
2007-12-10,1.4718,164.53,0.7195,1.6557,1.48,1.6707
2007-12-11,1.4672,164.24,0.716,1.665,1.482,1.6575
2007-12-12,1.4675,163.41,0.7196,1.6631,1.486,1.6644
2007-12-13,1.4683,164.21,0.71935,1.6683,1.4915,1.6724
2007-12-14,1.4509,163.99,0.7157,1.6668,1.485,1.6704
2007-12-17,1.4393,163.12,0.7137,1.6612,1.4561,1.6766
2007-12-18,1.4416,163.44,0.71485,1.6602,1.4503,1.6703
2007-12-19,1.4385,162.54,0.7175,1.66,1.4461,1.6724
2007-12-20,1.4349,162.3,0.7215,1.6603,1.4338,1.672
2007-12-21,1.438,163.27,0.7236,1.6612,1.4356,1.6613
2007-12-24,1.4398,164.25,0.7271,1.6629,1.4217,1.6527
2007-12-27,1.4516,166.22,0.72885,1.6682,1.4265,1.6624
2007-12-28,1.4692,166.13,0.7348,1.6604,1.4389,1.6731
2007-12-31,1.4721,164.93,0.7333499999999999,1.6547,1.4449,1.6757
2008-01-02,1.4688,163.83,0.7413,1.6529,1.4515,1.6673
2008-01-03,1.4753,160.68,0.7448,1.6422,1.4666,1.674
2008-01-04,1.4727,160.86,0.74495,1.6406,1.4553,1.671
2008-01-07,1.4723,160.65,0.74625,1.6396,1.4714,1.6856
2008-01-08,1.4705,161.23,0.7445000000000001,1.6428,1.4724,1.6712
2008-01-09,1.468,160.61,0.74865,1.6362,1.4739,1.661
2008-01-10,1.4662,161.08,0.7493,1.6294,1.4787,1.6611
2008-01-11,1.4792,161.18,0.7554999999999999,1.6312,1.5082,1.6545
2008-01-14,1.4895,160.55,0.76,1.6265,1.5172,1.6555
2008-01-15,1.4886,160.02,0.7565,1.6218,1.5096,1.6533
2008-01-16,1.4792,157.29,0.754,1.6142,1.5122,1.6806
2008-01-17,1.4691,157.07,0.74615,1.6144,1.5007,1.6642
2008-01-18,1.4674,157.7,0.7481,1.6144,1.5024,1.6697
2008-01-21,1.4482,153.85,0.74325,1.5991,1.493,1.6734
2008-01-22,1.4494,154.13,0.74265,1.599,1.4953,1.6876
2008-01-23,1.4574,153.5,0.7472,1.5879,1.4987,1.6883
2008-01-24,1.4663,156.3,0.74685,1.598,1.4893,1.6763
2008-01-25,1.4705,158.35,0.7425,1.6136,1.4819,1.6652
2008-01-28,1.4755,157.67,0.743,1.6093,1.4843,1.6703
2008-01-29,1.4773,158.02,0.74295,1.6154,1.4759,1.6641
2008-01-30,1.481,158.39,0.7433999999999999,1.6135,1.4724,1.6654
2008-01-31,1.487,157.93,0.7477,1.6051,1.4846,1.6682
2008-02-01,1.4889,158.51,0.74955,1.6065,1.4847,1.651
2008-02-04,1.4829,158.5,0.7502,1.6158,1.4824,1.6336
2008-02-05,1.4688,157.79,0.74605,1.6177,1.467,1.6263
2008-02-06,1.4621,155.58,0.747,1.6061,1.4705,1.6315
2008-02-07,1.4569,154.59,0.7491,1.5985,1.4732,1.6367
2008-02-08,1.4513,155.89,0.7448,1.6014,1.4537,1.6233
2008-02-11,1.4542,155.42,0.7462,1.6005,1.4536,1.6061
2008-02-12,1.4538,156.18,0.7451,1.6041,1.4525,1.6057
2008-02-13,1.4586,156.83,0.74315,1.6083,1.4562,1.6251
2008-02-14,1.4626,158.22,0.7416,1.6112,1.456,1.6164
2008-02-15,1.4674,157.78,0.7478,1.6022,1.4635,1.6189
2008-02-18,1.4636,158.36,0.7503,1.6129,1.4732,1.604
2008-02-19,1.4742,158.64,0.7554999999999999,1.6123,1.4836,1.5984
2008-02-20,1.4656,158.32,0.7544,1.6116,1.4899,1.6031
2008-02-21,1.4736,159.27,0.7527,1.6205,1.4925,1.6037
2008-02-22,1.4848,158.76,0.7548,1.61,1.4995,1.6079
2008-02-25,1.4817,159.71,0.7537,1.6133,1.4885,1.6017
2008-02-26,1.4874,160.45,0.7536,1.6163,1.4722,1.6048
2008-02-27,1.5044,159.95,0.7576000000000001,1.6074,1.4742,1.6021
2008-02-28,1.5121,160.57,0.76135,1.6037,1.4779,1.6038
2008-02-29,1.5167,158.03,0.7652,1.5885,1.4895,1.6226
2008-03-03,1.5203,156.79,0.766,1.5787,1.4948,1.6274
2008-03-04,1.5206,156.78,0.7655999999999999,1.5773,1.5035,1.6304
2008-03-05,1.5196,157.65,0.7685,1.5807,1.5084,1.6405
2008-03-06,1.5319,158.55,0.7638,1.5818,1.5097,1.6351
2008-03-07,1.5417,157.47,0.7647,1.5735,1.5069,1.6481
2008-03-10,1.534,156.87,0.7605,1.5696,1.5194,1.6601
2008-03-11,1.5379,158.37,0.76455,1.579,1.5261,1.6603
2008-03-12,1.5477,158.45,0.7665999999999999,1.5817,1.5302,1.6654
2008-03-13,1.5577,156.45,0.7658,1.5727,1.5362,1.6616
2008-03-14,1.5561,157.07,0.76755,1.5741,1.5479,1.6531
2008-03-17,1.577,152.5,0.7857,1.5519,1.5689,1.7102
2008-03-18,1.5771,154.42,0.7817,1.561,1.5674,1.6974
2008-03-19,1.5692,156.16,0.7859,1.5662,1.5635,1.6841
2008-03-20,1.5423,153.2,0.7783,1.5632,1.5817,1.7087
2008-03-25,1.5569,155.9,0.78105,1.5728,1.587,1.7036
2008-03-26,1.571,155.89,0.7881,1.5684,1.5949,1.7043
2008-03-27,1.5786,157.53,0.7829,1.5688,1.6085,1.7088
2008-03-28,1.5796,157.86,0.7907999999999999,1.5735,1.608,1.7171
2008-03-31,1.5812,157.37,0.7958,1.5738,1.6226,1.7334
2008-04-01,1.566,157.55,0.7887999999999999,1.5737,1.6069,1.7215
2008-04-02,1.5632,159.4,0.7885,1.5814,1.5896,1.7145
2008-04-03,1.5526,159.75,0.7832,1.5845,1.5722,1.7065
2008-04-04,1.5722,160.88,0.7855,1.5872,1.5822,1.711
2008-04-07,1.5693,161.13,0.78935,1.5917,1.5804,1.6977
2008-04-08,1.5694,160.75,0.7974,1.5914,1.591,1.6968
2008-04-09,1.5726,161.36,0.7977,1.5935,1.6022,1.6941
2008-04-10,1.5875,159.18,0.8011,1.5735,1.6166,1.702
2008-04-11,1.5833,159.83,0.8017,1.5808,1.6139,1.7024
2008-04-14,1.5869,159.38,0.7986,1.5777,1.6223,1.7158
2008-04-15,1.5828,159.87,0.8048999999999999,1.5817,1.6168,1.7121
2008-04-16,1.5928,161.41,0.8061,1.5896,1.6073,1.7069
2008-04-17,1.5872,162.74,0.8017,1.5992,1.5896,1.6935
2008-04-18,1.578,163.99,0.7907,1.6138,1.5957,1.6882
2008-04-21,1.5898,164.43,0.8007,1.6059,1.5935,1.6873
2008-04-22,1.5931,164.43,0.7998,1.6065,1.6039,1.6851
2008-04-23,1.594,164.3,0.80345,1.6077,1.6154,1.6755
2008-04-24,1.5769,163.07,0.798,1.6156,1.6042,1.6689
2008-04-25,1.5596,163.01,0.78605,1.617,1.5861,1.6744
2008-04-28,1.5628,163.55,0.7847,1.6181,1.5853,1.6666
2008-04-29,1.5571,161.73,0.78895,1.6153,1.5782,1.671
2008-04-30,1.554,162.62,0.79015,1.6147,1.5689,1.6614
2008-05-02,1.5458,161.94,0.779,1.6238,1.5715,1.6554
2008-05-05,1.546,162.73,0.7852,1.6305,1.5717,1.6424
2008-05-06,1.5528,162.25,0.7881,1.6274,1.5719,1.6448
2008-05-07,1.543,162.55,0.78865,1.63,1.5462,1.6312
2008-05-08,1.5347,160.15,0.78505,1.621,1.5548,1.6312
2008-05-09,1.5458,158.81,0.7938,1.6086,1.5592,1.6466
2008-05-12,1.543,160.42,0.7888500000000001,1.622,1.5509,1.6374
2008-05-13,1.5473,160.71,0.7938,1.6227,1.5562,1.6408
2008-05-14,1.5439,162.48,0.7951,1.631,1.5407,1.6558
2008-05-15,1.5474,162.61,0.7972,1.6341,1.5496,1.6541
2008-05-16,1.5498,162.29,0.7958499999999999,1.6342,1.5466,1.632
2008-05-19,1.5577,162.04,0.7976,1.6308,1.5487,1.6325
2008-05-20,1.5639,162.84,0.7964,1.6294,1.5502,1.6294
2008-05-21,1.5753,162.82,0.80145,1.6228,1.5509,1.6346
2008-05-22,1.5755,162.71,0.79405,1.6194,1.5494,1.64
2008-05-23,1.5742,162.97,0.7944,1.6175,1.5533,1.6376
2008-05-26,1.5761,162.97,0.79655,1.6156,1.5588,1.642
2008-05-27,1.576,163.65,0.797,1.6159,1.5571,1.6371
2008-05-28,1.5656,164.07,0.79315,1.6255,1.5578,1.6339
2008-05-29,1.5551,163.76,0.7866,1.6291,1.5302,1.6214
2008-05-30,1.5508,163.74,0.786,1.6276,1.5382,1.6212
2008-06-02,1.5521,162.64,0.7915,1.6182,1.546,1.6243
2008-06-03,1.5593,163,0.79105,1.611,1.562,1.6272
2008-06-04,1.5466,161.82,0.7902,1.6037,1.561,1.61
2008-06-05,1.5402,163.46,0.7897,1.6147,1.5727,1.6169
2008-06-06,1.5597,165.75,0.7971,1.6184,1.5906,1.626
2008-06-09,1.5784,166.76,0.7974,1.6103,1.6136,1.6414
2008-06-10,1.5526,165.77,0.79335,1.608,1.5979,1.6335
2008-06-11,1.5515,166.37,0.79145,1.6117,1.5777,1.6376
2008-06-12,1.5417,166.08,0.7912,1.6112,1.5806,1.6495
2008-06-13,1.5336,166.05,0.78835,1.6113,1.5747,1.6394
2008-06-16,1.5459,167.26,0.7873,1.6129,1.5888,1.6434
2008-06-17,1.5477,167.59,0.7944,1.6169,1.5816,1.6472
2008-06-18,1.5493,167.62,0.7933,1.616,1.5797,1.6461
2008-06-19,1.5481,166.94,0.7863,1.6196,1.5712,1.6344
2008-06-20,1.561,167.83,0.78965,1.6165,1.5805,1.6352
2008-06-23,1.5521,167.46,0.79155,1.6223,1.5768,1.6305
2008-06-24,1.5568,168,0.79095,1.6185,1.5823,1.6326
2008-06-25,1.5599,168.4,0.7907,1.6218,1.5786,1.6308
2008-06-26,1.5731,169.23,0.79195,1.6184,1.5899,1.6389
2008-06-27,1.5748,167.08,0.79235,1.6053,1.585,1.6383
2008-06-30,1.5764,166.44,0.79225,1.6056,1.5942,1.6371
2008-07-01,1.5775,166.57,0.7909,1.6055,1.6063,1.6519
2008-07-02,1.5806,168.41,0.7952,1.6135,1.6142,1.6438
2008-07-03,1.5885,168.62,0.7992,1.6097,1.6117,1.6509
2008-07-04,1.5671,167.31,0.7907999999999999,1.6085,1.593,1.628
2008-07-07,1.5651,168.47,0.7963,1.6149,1.5988,1.6363
2008-07-08,1.5687,167.96,0.7944,1.6098,1.5973,1.6476
2008-07-09,1.5715,168.87,0.79655,1.6225,1.5953,1.6502
2008-07-10,1.5708,168.5,0.79565,1.6223,1.5878,1.6357
2008-07-11,1.5835,168.35,0.79915,1.6197,1.609,1.6423
2008-07-14,1.5847,169.24,0.7975,1.6232,1.5995,1.6369
2008-07-15,1.599,167.48,0.79555,1.6065,1.5979,1.628
2008-07-16,1.5888,165.66,0.79395,1.604,1.592,1.627
2008-07-17,1.5849,167.43,0.7914,1.6145,1.586,1.6246
2008-07-18,1.5816,169.03,0.79315,1.6207,1.5901,1.6288
2008-07-21,1.5858,169.65,0.7946,1.622,1.5921,1.626
2008-07-22,1.5919,169.26,0.79355,1.6174,1.5943,1.6284
2008-07-23,1.5741,169.75,0.7872,1.6287,1.5869,1.633
2008-07-24,1.5677,168.92,0.789,1.6273,1.5832,1.6319
2008-07-25,1.5734,168.77,0.7887999999999999,1.6268,1.5968,1.6438
2008-07-28,1.5746,169.63,0.7925,1.6285,1.6087,1.6466
2008-07-29,1.5705,169.33,0.78975,1.63,1.6087,1.6454
2008-07-30,1.5589,168.2,0.7867,1.6315,1.5945,1.6468
2008-07-31,1.5611,169.02,0.78895,1.6354,1.597,1.6545
2008-08-01,1.5574,167.44,0.7878500000000001,1.6324,1.598,1.6662
2008-08-04,1.5566,168.39,0.79165,1.6346,1.6035,1.6697
2008-08-05,1.5487,167.06,0.7928500000000001,1.6312,1.6168,1.689
2008-08-06,1.5478,168.16,0.79205,1.6291,1.6159,1.692
2008-08-07,1.5471,169.16,0.79255,1.6322,1.6201,1.6986
2008-08-08,1.5074,165.61,0.7841,1.6238,1.6075,1.6885
2008-08-11,1.5012,164.73,0.78165,1.6202,1.6013,1.685
2008-08-12,1.4907,163.97,0.7844,1.6215,1.5936,1.7048
2008-08-13,1.4903,162.05,0.7942,1.6211,1.5916,1.712
2008-08-14,1.4907,163.36,0.7953,1.6219,1.5775,1.701
2008-08-15,1.4729,162.7,0.7907,1.6158,1.5685,1.7031
2008-08-18,1.4704,162.2,0.7881,1.617,1.5558,1.6837
2008-08-19,1.4677,161.11,0.7885,1.6109,1.5637,1.6931
2008-08-20,1.4734,162.22,0.79315,1.6177,1.564,1.6924
2008-08-21,1.4814,160.35,0.7936,1.6172,1.5598,1.7011
2008-08-22,1.4808,162.55,0.7966,1.6228,1.5502,1.702
2008-08-25,1.4767,162.32,0.7966,1.6214,1.5424,1.7021
2008-08-26,1.4598,160.19,0.7953,1.6138,1.5379,1.712
2008-08-27,1.4767,160.98,0.7997,1.6132,1.5417,1.7114
2008-08-28,1.4771,161.44,0.8047,1.6108,1.5456,1.7045
2008-08-29,1.4735,160.22,0.805,1.6164,1.551,1.7066
2008-09-01,1.4621,157.72,0.81165,1.6064,1.5585,1.7136
2008-09-02,1.4516,158.01,0.81295,1.6096,1.5483,1.7394
2008-09-03,1.4441,156.75,0.8133,1.605,1.55,1.7343
2008-09-04,1.4488,156.76,0.8129999999999999,1.6035,1.5344,1.7328
2008-09-05,1.4247,151.54,0.8093,1.5888,1.5194,1.7608
2008-09-08,1.4214,154.42,0.8072,1.6052,1.5091,1.7346
2008-09-09,1.4144,152.9,0.803,1.5995,1.503,1.7387
2008-09-10,1.4094,150.52,0.802,1.5928,1.509,1.7541
2008-09-11,1.3934,148.69,0.7941,1.5857,1.495,1.7524
2008-09-12,1.4066,150.91,0.7962,1.5998,1.5036,1.7442
2008-09-15,1.4151,149.87,0.79395,1.5903,1.514,1.7544
2008-09-16,1.4267,148.07,0.7975,1.5823,1.5283,1.7958
2008-09-17,1.4224,150.26,0.79515,1.5921,1.5176,1.7905
2008-09-18,1.4502,151.96,0.7944,1.5838,1.539,1.7961
2008-09-19,1.4236,153.03,0.7873,1.5975,1.5154,1.7505
2008-09-22,1.4571,155.2,0.792,1.5988,1.5305,1.7436
2008-09-23,1.4731,155.42,0.79505,1.5926,1.5233,1.7511
2008-09-24,1.469,155.57,0.79235,1.5951,1.5205,1.7558
2008-09-25,1.47,155.91,0.792,1.5944,1.5205,1.7491
2008-09-26,1.464,154.13,0.79475,1.5879,1.5148,1.7664
2008-09-29,1.4349,152.3,0.7959000000000001,1.5845,1.4929,1.7615
2008-09-30,1.4303,150.47,0.7903,1.5774,1.4961,1.7739
2008-10-01,1.4081,149.55,0.7919,1.5818,1.4912,1.7658
2008-10-02,1.3903,146.45,0.7872,1.5732,1.4804,1.7676
2008-10-03,1.3834,145.09,0.78355,1.5654,1.4899,1.78
2008-10-06,1.3634,140.78,0.7728,1.5534,1.4787,1.8218
2008-10-07,1.3632,139.51,0.77725,1.5526,1.4991,1.8785
2008-10-08,1.3731,138.42,0.7809,1.5541,1.5105,2.0022
2008-10-09,1.3682,137.84,0.7895,1.5462,1.5398,1.9503
2008-10-10,1.3579,134.68,0.798,1.5175,1.5839,2.0538
2008-10-13,1.3639,136.63,0.7854,1.5416,1.5903,2.032
2008-10-14,1.3752,141.25,0.78105,1.5526,1.565,1.9066
2008-10-15,1.3625,138.18,0.77615,1.5425,1.5833,1.9571
2008-10-16,1.3507,135.91,0.78265,1.5294,1.6056,2.0018
2008-10-17,1.3404,135.57,0.7751,1.5213,1.5936,1.9617
2008-10-20,1.3424,136.45,0.7716499999999999,1.5299,1.59,1.936
2008-10-21,1.3184,133.06,0.777,1.5224,1.5928,1.928
2008-10-22,1.2843,126.88,0.78815,1.4991,1.6088,1.9073
2008-10-23,1.281,124.41,0.7917,1.4928,1.6285,1.9372
2008-10-24,1.2596,117.4,0.8061,1.4566,1.5994,2.0506
2008-10-27,1.246,115.75,0.8063,1.4438,1.5969,2.0396
2008-10-28,1.2526,119.42,0.7979000000000001,1.452,1.6133,2.0037
2008-10-29,1.277,124,0.7958,1.4695,1.6075,1.9672
2008-10-30,1.3035,128.73,0.7907,1.48,1.5697,1.9204
2008-10-31,1.2757,124.97,0.7869,1.4686,1.5681,1.9247
2008-11-03,1.2822,126.38,0.7969000000000001,1.4832,1.534,1.9102
2008-11-04,1.282,127.35,0.8075,1.4943,1.4949,1.8554
2008-11-05,1.287,127.4,0.8065,1.5051,1.4858,1.8609
2008-11-06,1.277,124.86,0.805,1.4988,1.4972,1.8773
2008-11-07,1.2756,124.29,0.80845,1.4983,1.5224,1.9096
2008-11-10,1.2891,127.89,0.8165,1.5133,1.511,1.8641
2008-11-11,1.2747,124.77,0.8147,1.4978,1.5168,1.9028
2008-11-12,1.253,121.81,0.8231000000000001,1.4868,1.5193,1.8992
2008-11-13,1.2525,120.34,0.8442,1.4917,1.5465,1.9596
2008-11-14,1.2675,122.17,0.8598,1.51,1.5504,1.9301
2008-11-17,1.266,121.93,0.8482499999999999,1.515,1.5502,1.943
2008-11-18,1.2653,121.92,0.8421,1.5166,1.5554,1.9511
2008-11-19,1.2634,122.07,0.8398,1.5228,1.5634,1.9547
2008-11-20,1.2542,119.87,0.8421,1.529,1.5814,1.9927
2008-11-21,1.2602,119.3,0.841,1.5369,1.6151,2.0278
2008-11-24,1.2773,122.52,0.8517,1.5437,1.6134,1.9936
2008-11-25,1.2811,123.08,0.85375,1.544,1.5912,2.0086
2008-11-26,1.2935,123.1,0.8456,1.5456,1.5985,1.9992
2008-11-27,1.29,123.04,0.8358,1.545,1.5937,1.9689
2008-11-28,1.2727,121.46,0.8299,1.5455,1.5775,1.9533
2008-12-01,1.2608,118.42,0.84155,1.5262,1.5725,1.9649
2008-12-02,1.2697,118.56,0.84695,1.5311,1.5756,1.9602
2008-12-03,1.2623,117.39,0.85475,1.5332,1.5853,1.9625
2008-12-04,1.262,117.1,0.8626,1.5335,1.5948,1.9634
2008-12-05,1.2665,116.91,0.8666,1.538,1.6354,1.9895
2008-12-08,1.2854,120.1,0.8651,1.559,1.6067,1.9377
2008-12-09,1.2838,118.85,0.8711,1.5593,1.6171,1.9596
2008-12-10,1.2925,119.77,0.87325,1.5587,1.6295,1.9665
2008-12-11,1.3215,120.67,0.8869,1.5737,1.6383,1.9889
2008-12-12,1.334,120.21,0.89235,1.5746,1.6598,2.0291
2008-12-15,1.351,122.42,0.8994,1.5789,1.6555,2.0246
2008-12-16,1.369,123.2,0.8935999999999999,1.5814,1.6832,2.0374
2008-12-17,1.4059,124.35,0.91855,1.564,1.7004,2.0469
2008-12-18,1.4616,129.22,0.9509,1.5368,1.7433,2.0735
2008-12-19,1.394,124.74,0.9287,1.5448,1.71,2.047
2008-12-22,1.397,125.66,0.9432,1.5367,1.6763,2.0393
2008-12-23,1.3978,126.03,0.94395,1.5175,1.7041,2.0442
2008-12-24,1.4005,126.65,0.9493,1.5043,1.6984,2.054
2008-12-29,1.427,128.98,0.97855,1.4931,1.7408,2.0595
2008-12-30,1.4098,127.4,0.9742,1.4963,1.7331,2.0435
2008-12-31,1.3917,126.14,0.9525,1.485,1.6998,2.0274
2009-01-02,1.3866,126.64,0.961,1.4874,1.6942,1.9884
2009-01-05,1.3582,126.81,0.9358,1.506,1.6475,1.9189
2009-01-06,1.3332,125.84,0.9176,1.5018,1.585,1.8727
2009-01-07,1.3595,126.77,0.9043,1.5006,1.6061,1.8831
2009-01-08,1.3617,124.34,0.8933,1.4941,1.6344,1.9357
2009-01-09,1.3684,124.4,0.8948,1.4998,1.6186,1.9371
2009-01-12,1.3394,120.48,0.8956,1.5005,1.6021,1.9478
2009-01-13,1.3262,118.54,0.9112,1.4858,1.632,1.9874
2009-01-14,1.3173,117.66,0.9083,1.4761,1.6144,1.9769
2009-01-15,1.3085,116.97,0.8966,1.4725,1.6373,1.9818
2009-01-16,1.327,120.11,0.8893,1.4863,1.6434,1.9611
2009-01-19,1.3182,119.16,0.9046999999999999,1.4812,1.6492,1.9628
2009-01-20,1.293,116.9,0.9311,1.4807,1.6364,1.9662
2009-01-21,1.291,116.11,0.9386,1.4764,1.6345,1.9937
2009-01-22,1.2984,114.98,0.9441000000000001,1.5036,1.6392,1.9799
2009-01-23,1.2795,113.65,0.9387,1.4955,1.6087,1.9836
2009-01-26,1.299,115.82,0.9395,1.5031,1.5864,1.9773
2009-01-27,1.3174,117.59,0.9352,1.5017,1.619,1.9884
2009-01-28,1.326,118.57,0.92725,1.5163,1.6161,1.9815
2009-01-29,1.3111,118.07,0.91725,1.5063,1.5963,1.9942
2009-01-30,1.2816,114.98,0.89785,1.4871,1.5895,2.0115
2009-02-02,1.276,114.04,0.90335,1.4872,1.585,2.0318
2009-02-03,1.2849,115.02,0.9029,1.4898,1.6058,2.0113
2009-02-04,1.2818,114.28,0.8901,1.4896,1.5928,2.0006
2009-02-05,1.2829,115.04,0.878,1.4919,1.5807,1.9772
2009-02-06,1.2796,116.7,0.8706,1.5012,1.6001,1.9407
2009-02-09,1.3008,119.21,0.871,1.506,1.5969,1.9257
2009-02-10,1.2967,118.39,0.8771,1.5061,1.5866,1.94
2009-02-11,1.2938,116.5,0.9,1.4972,1.6138,1.9745
2009-02-12,1.2833,115.46,0.903,1.4885,1.5994,1.9844
2009-02-13,1.2823,117.59,0.88415,1.4931,1.5833,1.9404
2009-02-16,1.2765,117.33,0.8945,1.4883,1.5912,1.9622
2009-02-17,1.2634,116.2,0.8851,1.4813,1.5959,1.975
2009-02-18,1.2596,116.83,0.8846000000000001,1.4792,1.5882,1.9726
2009-02-19,1.2705,118.99,0.8823,1.4922,1.5868,1.9597
2009-02-20,1.2591,118.62,0.881,1.4921,1.5911,1.9746
2009-02-23,1.2798,121.09,0.878,1.4908,1.6001,1.9796
2009-02-24,1.2763,122.4,0.8797,1.4805,1.5996,1.9797
2009-02-25,1.2795,123.76,0.8884,1.4848,1.5947,1.9685
2009-02-26,1.2782,125.33,0.8913,1.4848,1.5885,1.959
2009-02-27,1.2644,123.23,0.8931,1.4841,1.5985,1.9891
2009-03-02,1.2596,122.52,0.8933,1.4809,1.6229,1.9869
2009-03-03,1.2615,123.64,0.89575,1.4826,1.6219,1.9619
2009-03-04,1.2555,124.67,0.8902,1.4782,1.6156,1.957
2009-03-05,1.2555,124.71,0.8903,1.4765,1.6139,1.9573
2009-03-06,1.2658,122.53,0.89,1.4637,1.6258,1.9783
2009-03-09,1.2565,124.4,0.9114,1.4669,1.6405,1.9883
2009-03-10,1.2783,125.45,0.9229000000000001,1.4667,1.6349,1.9842
2009-03-11,1.2786,125.35,0.9255,1.4772,1.6325,1.9657
2009-03-12,1.2782,124.3,0.9308,1.5225,1.646,1.9785
2009-03-13,1.2905,127.03,0.922,1.536,1.6413,1.9587
2009-03-16,1.3042,128.51,0.92055,1.5421,1.6534,1.9679
2009-03-17,1.2942,128.1,0.9265,1.5327,1.6495,1.9624
2009-03-18,1.313,128.94,0.9391,1.5332,1.6563,1.984
2009-03-19,1.3671,129.67,0.9405,1.5385,1.6732,1.9771
2009-03-20,1.3549,129.87,0.9395,1.5291,1.677,1.9685
2009-03-23,1.3558,131.12,0.92945,1.5301,1.6753,1.9475
2009-03-24,1.3507,132.68,0.9206,1.5267,1.656,1.9341
2009-03-25,1.3494,132.24,0.92425,1.523,1.6598,1.931
2009-03-26,1.3607,133.63,0.9316,1.5266,1.6707,1.9349
2009-03-27,1.3295,129.91,0.9285,1.5189,1.6446,1.923
2009-03-30,1.3193,127.93,0.9291,1.5159,1.6533,1.9386
2009-03-31,1.3308,131.17,0.9308,1.5152,1.6685,1.9216
2009-04-01,1.3246,130.86,0.9206,1.5106,1.6764,1.9081
2009-04-02,1.3392,133.48,0.9129,1.526,1.6725,1.8797
2009-04-03,1.3425,134.08,0.9093,1.5236,1.6664,1.8813
2009-04-06,1.3496,136.02,0.9052,1.5247,1.6656,1.8954
2009-04-07,1.3255,132.8,0.90505,1.5169,1.6501,1.8715
2009-04-08,1.3231,132.37,0.89935,1.517,1.634,1.8644
2009-04-09,1.3273,133.05,0.9044,1.526,1.6328,1.8595
2009-04-14,1.3276,132.57,0.8915,1.5151,1.6117,1.8221
2009-04-15,1.3173,130.7,0.8821,1.51,1.6004,1.8352
2009-04-16,1.3196,130.5,0.8856000000000001,1.5127,1.5874,1.8315
2009-04-17,1.3058,129.67,0.8828,1.5218,1.5815,1.8125
2009-04-20,1.2966,127.8,0.8895999999999999,1.5174,1.5985,1.8386
2009-04-21,1.2932,126.82,0.8885999999999999,1.5114,1.6051,1.8509
2009-04-22,1.2947,126.85,0.8882,1.5121,1.6106,1.837
2009-04-23,1.305,128.28,0.8968,1.513,1.6108,1.8304
2009-04-24,1.3232,128.3,0.906,1.5102,1.6121,1.8402
2009-04-27,1.3125,126.82,0.9007500000000001,1.5078,1.5953,1.8397
2009-04-28,1.2992,125.08,0.89035,1.5038,1.5918,1.8511
2009-04-29,1.3266,128.53,0.89875,1.5064,1.5942,1.8434
2009-04-30,1.3275,130.34,0.89335,1.5066,1.5786,1.8146
2009-05-04,1.3223,131.52,0.8897,1.5093,1.5681,1.803
2009-05-05,1.3403,132.59,0.8859,1.5113,1.5669,1.7998
2009-05-06,1.3322,131.17,0.8861,1.5089,1.5689,1.7917
2009-05-07,1.3363,132.72,0.8847,1.5166,1.5569,1.7591
2009-05-08,1.3425,133.36,0.8907,1.5142,1.5582,1.7702
2009-05-11,1.3574,132.82,0.8986,1.5057,1.5676,1.7835
2009-05-12,1.3683,132.9,0.8934,1.5088,1.5865,1.7858
2009-05-13,1.3623,130.9,0.8998,1.5054,1.5832,1.7883
2009-05-14,1.3563,129.41,0.8981,1.5053,1.5971,1.8115
2009-05-15,1.3518,128.67,0.8905,1.5023,1.5894,1.7924
2009-05-18,1.3494,129.28,0.8825,1.5115,1.5779,1.7776
2009-05-19,1.3612,130.91,0.8794,1.5146,1.5754,1.7563
2009-05-20,1.369,131.06,0.8826000000000001,1.5124,1.5724,1.7655
2009-05-21,1.3771,130.84,0.879,1.5174,1.5754,1.7861
2009-05-22,1.3972,131.41,0.8781,1.5217,1.5744,1.7832
2009-05-25,1.401,133.22,0.8803,1.5178,1.5777,1.7924
2009-05-26,1.3908,132.06,0.876,1.5144,1.5698,1.7949
2009-05-27,1.3901,132.48,0.8706,1.5135,1.5536,1.7773
2009-05-28,1.3856,134.38,0.87,1.5117,1.5544,1.7753
2009-05-29,1.4098,135.22,0.8729,1.5128,1.5501,1.7671
2009-06-01,1.422,134.89,0.868,1.514,1.5397,1.7552
2009-06-02,1.4238,136.09,0.8652,1.5137,1.5433,1.7443
2009-06-03,1.4207,136.33,0.8597,1.5175,1.5459,1.7414
2009-06-04,1.4095,136.32,0.8689,1.5126,1.5694,1.7732
2009-06-05,1.4177,137.48,0.8792,1.5191,1.5657,1.7606
2009-06-08,1.3866,136.53,0.8709,1.5166,1.5548,1.759
2009-06-09,1.3959,136.8,0.8632,1.5158,1.5402,1.7571
2009-06-10,1.4102,138.03,0.8583,1.5158,1.55,1.7387
2009-06-11,1.3969,137.39,0.8507,1.512,1.5428,1.7209
2009-06-12,1.4004,137.55,0.8538,1.5099,1.5708,1.7255
2009-06-15,1.385,136.08,0.8472,1.511,1.569,1.7285
2009-06-16,1.389,134.78,0.8437,1.507,1.5612,1.7324
2009-06-17,1.384,133.28,0.8522,1.5096,1.5794,1.7528
2009-06-18,1.392,133.57,0.8583,1.5013,1.5758,1.7528
2009-06-19,1.3932,134.84,0.84715,1.5102,1.5708,1.7283
2009-06-22,1.3858,133.02,0.84255,1.5074,1.5871,1.742
2009-06-23,1.3978,133.49,0.8573499999999999,1.5031,1.6101,1.7744
2009-06-24,1.4029,133.77,0.8493000000000001,1.5183,1.6105,1.7566
2009-06-25,1.394,134.34,0.8567,1.5311,1.62,1.7488
2009-06-26,1.4096,134.5,0.8542999999999999,1.5275,1.6168,1.7457
2009-06-29,1.4058,134.03,0.84865,1.526,1.6236,1.7451
2009-06-30,1.4134,135.51,0.8521,1.5265,1.6275,1.7359
2009-07-01,1.4096,136.53,0.8562,1.5241,1.6224,1.7485
2009-07-02,1.4049,135.95,0.8573,1.5235,1.6201,1.7525
2009-07-03,1.4009,134.32,0.85625,1.5228,1.6203,1.7552
2009-07-06,1.3897,132.44,0.8612,1.5198,1.6193,1.7605
2009-07-07,1.4019,133.61,0.8638,1.5181,1.6223,1.7484
2009-07-08,1.3901,131.02,0.86495,1.5162,1.6206,1.7728
2009-07-09,1.399,130.05,0.8606,1.5119,1.6182,1.7831
2009-07-10,1.3901,128.21,0.858,1.514,1.6212,1.794
2009-07-13,1.3975,129.03,0.8678,1.5133,1.6239,1.801
2009-07-14,1.3991,130.34,0.85755,1.5159,1.6018,1.7689
2009-07-15,1.4089,131.57,0.8576,1.5179,1.5813,1.7551
2009-07-16,1.413,132.63,0.8591,1.5154,1.5787,1.7582
2009-07-17,1.409,132.06,0.8653,1.5193,1.5734,1.7621
2009-07-20,1.4217,134.44,0.8601,1.5198,1.5702,1.751
2009-07-21,1.4223,134.1,0.8653,1.5186,1.5689,1.7438
2009-07-22,1.4191,132.49,0.8648,1.5164,1.5704,1.7455
2009-07-23,1.4229,134.23,0.8617,1.5203,1.5606,1.7376
2009-07-24,1.4227,134.92,0.867,1.5217,1.5407,1.7413
2009-07-27,1.4269,135.61,0.8653,1.5237,1.5433,1.7331
2009-07-28,1.4229,134.53,0.8622,1.5224,1.5378,1.7138
2009-07-29,1.4104,133.86,0.8611,1.5268,1.5335,1.722
2009-07-30,1.4053,133.89,0.8524,1.5314,1.524,1.7042
2009-07-31,1.4138,135.33,0.8556,1.5317,1.5234,1.706
2009-08-03,1.4303,135.86,0.8492,1.5246,1.5274,1.702
2009-08-04,1.4384,136.22,0.84845,1.5286,1.5369,1.7116
2009-08-05,1.441,137.38,0.84695,1.5316,1.5507,1.708
2009-08-06,1.437,137.31,0.8524,1.529,1.5416,1.7067
2009-08-07,1.4357,136.89,0.8567,1.5288,1.554,1.7161
2009-08-10,1.4202,138.01,0.85355,1.5345,1.5361,1.6895
2009-08-11,1.4166,136.72,0.8584000000000001,1.5301,1.5537,1.6965
2009-08-12,1.417,135.77,0.85965,1.5276,1.5633,1.7201
2009-08-13,1.4293,137.52,0.85865,1.5328,1.5451,1.6931
2009-08-14,1.4294,135.61,0.8616,1.5267,1.5509,1.6939
2009-08-17,1.4072,132.94,0.8629,1.5212,1.5621,1.7208
2009-08-18,1.4101,134.12,0.8566,1.5207,1.5606,1.7116
2009-08-19,1.4112,132.55,0.8608,1.5152,1.5657,1.7239
2009-08-20,1.4243,134.11,0.8638,1.5169,1.56,1.7124
2009-08-21,1.433,134.19,0.8657,1.516,1.5541,1.7197
2009-08-24,1.4323,135.57,0.8682,1.5184,1.5444,1.7032
2009-08-25,1.4324,135.05,0.87405,1.5171,1.5411,1.7054
2009-08-26,1.427,134.32,0.878,1.5189,1.557,1.7163
2009-08-27,1.4268,133.61,0.8804,1.5234,1.5598,1.7101
2009-08-28,1.4364,134.75,0.8784,1.517,1.5522,1.6995
2009-08-31,1.4272,133.1,0.88135,1.5168,1.5793,1.7087
2009-09-01,1.4314,133.26,0.8815,1.5153,1.5672,1.7096
2009-09-02,1.422,131.63,0.8751,1.5167,1.572,1.7112
2009-09-03,1.4335,132.47,0.8747,1.5143,1.5742,1.7037
2009-09-04,1.4262,132.45,0.872,1.5157,1.5581,1.6915
2009-09-07,1.433,133.33,0.8735000000000001,1.5181,1.5429,1.6748
2009-09-08,1.4473,133.57,0.87365,1.5159,1.5483,1.677
2009-09-09,1.4522,134.13,0.8793,1.5173,1.569,1.6836
2009-09-10,1.4545,133.92,0.87575,1.5151,1.5791,1.6965
2009-09-11,1.4594,132.62,0.8739,1.5137,1.5728,1.6908
2009-09-14,1.4561,132.3,0.879,1.5133,1.5879,1.6963
2009-09-15,1.4611,133.26,0.8869,1.5162,1.5869,1.7014
2009-09-16,1.4671,132.6,0.8897,1.5196,1.5696,1.6843
2009-09-17,1.4712,134.38,0.8905,1.5187,1.5672,1.6863
2009-09-18,1.4705,134.17,0.9003,1.5146,1.5752,1.6934
2009-09-21,1.4658,135.46,0.9066,1.5182,1.578,1.7017
2009-09-22,1.478,135.09,0.9046999999999999,1.5149,1.5787,1.6922
2009-09-23,1.4783,134.96,0.8994,1.5123,1.5794,1.6906
2009-09-24,1.4768,133.85,0.91065,1.5117,1.5843,1.688
2009-09-25,1.467,132.59,0.91875,1.5118,1.6035,1.6952
2009-09-28,1.465,131.15,0.92265,1.5114,1.6027,1.6906
2009-09-29,1.4549,130.91,0.9118000000000001,1.5124,1.5861,1.669
2009-09-30,1.4643,131.07,0.9093,1.5078,1.5709,1.6596
2009-10-01,1.4539,130.78,0.91085,1.5165,1.5601,1.6539
2009-10-02,1.4537,129.95,0.9172,1.5107,1.5856,1.6838
2009-10-05,1.4616,131.41,0.9171,1.5102,1.5693,1.6713
2009-10-06,1.4722,131.21,0.92605,1.5118,1.5648,1.6574
2009-10-07,1.4694,130.68,0.9249000000000001,1.515,1.5546,1.6512
2009-10-08,1.4763,130.46,0.92,1.5166,1.5619,1.6346
2009-10-09,1.475,131.12,0.9228499999999999,1.5187,1.5398,1.6288
2009-10-12,1.4765,132.99,0.9333,1.5175,1.5248,1.6289
2009-10-13,1.4864,133.02,0.9408,1.517,1.5308,1.6341
2009-10-14,1.4881,133.39,0.93025,1.5166,1.5311,1.6326
2009-10-15,1.4864,134.07,0.9147,1.5132,1.536,1.6214
2009-10-16,1.4869,135.6,0.9117499999999999,1.518,1.5458,1.6213
2009-10-19,1.4918,135.66,0.9143,1.5138,1.5445,1.6206
2009-10-20,1.4971,135.53,0.9117,1.5121,1.5443,1.6121
2009-10-21,1.4921,135.82,0.9001,1.5112,1.5754,1.6175
2009-10-22,1.5,136.9,0.9053,1.5105,1.574,1.6235
2009-10-23,1.502,137.97,0.9172,1.5132,1.5807,1.6235
2009-10-26,1.5019,138.09,0.9194,1.5131,1.5872,1.6253
2009-10-27,1.4874,136.91,0.9077499999999999,1.5145,1.5839,1.6199
2009-10-28,1.4785,134.76,0.9056999999999999,1.5109,1.5855,1.6327
2009-10-29,1.4788,135.13,0.8975,1.5109,1.5865,1.6276
2009-10-30,1.48,134.66,0.89375,1.5123,1.5952,1.6274
2009-11-02,1.4772,132.95,0.9033,1.5093,1.5958,1.6323
2009-11-03,1.4658,132.25,0.8986,1.5121,1.5834,1.635
2009-11-04,1.4761,134.3,0.8935999999999999,1.5113,1.5682,1.6277
2009-11-05,1.4867,134.3,0.8953,1.5114,1.5804,1.6362
2009-11-06,1.4862,134.76,0.896,1.5115,1.5923,1.6235
2009-11-09,1.4984,134.81,0.8936500000000001,1.5103,1.5923,1.6141
2009-11-10,1.4966,134.51,0.8986,1.5115,1.5852,1.6145
2009-11-11,1.5037,135.11,0.9029,1.5104,1.5693,1.6133
2009-11-12,1.4922,134.32,0.902,1.5106,1.5702,1.6062
2009-11-13,1.4868,133.51,0.89125,1.5098,1.5655,1.6019
2009-11-16,1.4965,134.02,0.89485,1.5093,1.5635,1.6004
2009-11-17,1.4875,132.76,0.88625,1.5111,1.5735,1.6023
2009-11-18,1.4957,133.39,0.8895,1.5112,1.5657,1.6026
2009-11-19,1.4863,132.05,0.89385,1.5131,1.5776,1.6193
2009-11-20,1.4815,131.87,0.89915,1.5126,1.5876,1.6299
2009-11-23,1.4968,133.03,0.9007500000000001,1.5108,1.5846,1.6212
2009-11-24,1.4969,132.57,0.9031,1.511,1.5815,1.6254
2009-11-25,1.5083,132.1,0.9031,1.5095,1.5787,1.6236
2009-11-26,1.5071,130.7,0.911,1.5098,1.5882,1.6436
2009-11-27,1.4918,129.2,0.9091,1.5064,1.5992,1.6507
2009-11-30,1.5023,129.77,0.91155,1.5071,1.5882,1.6452
2009-12-01,1.5074,131.02,0.90985,1.5079,1.5761,1.6355
2009-12-02,1.509,131.55,0.9043,1.5072,1.5766,1.6262
2009-12-03,1.512,133.17,0.90915,1.5083,1.5873,1.6276
2009-12-04,1.5068,133.08,0.9048,1.5063,1.5778,1.6259
2009-12-07,1.4787,133.24,0.90505,1.5123,1.5664,1.6271
2009-12-08,1.4774,130.74,0.907,1.5111,1.5595,1.6247
2009-12-09,1.4768,129.91,0.9046,1.5114,1.5643,1.6222
2009-12-10,1.473,130.03,0.9043,1.5113,1.5472,1.6074
2009-12-11,1.4757,131.13,0.90515,1.5125,1.5481,1.6076
2009-12-14,1.4647,129.55,0.9006,1.5122,1.5584,1.6071
2009-12-15,1.4541,130.22,0.896,1.5123,1.5459,1.6048
2009-12-16,1.456,130.61,0.88945,1.5126,1.5432,1.6179
2009-12-17,1.4343,129.27,0.88995,1.5053,1.5389,1.6195
2009-12-18,1.4337,129.68,0.887,1.4958,1.5295,1.6156
2009-12-21,1.4368,130.1,0.8918,1.4938,1.5165,1.6211
2009-12-22,1.4279,130.83,0.89305,1.4987,1.5109,1.6259
2009-12-23,1.4276,130.95,0.8947000000000001,1.4895,1.4983,1.627
2009-12-24,1.4398,131.73,0.9008,1.4882,1.5052,1.6294
2009-12-28,1.4405,131.86,0.90143,1.4888,1.5069,1.6222
2009-12-29,1.4433,132.44,0.9026999999999999,1.4882,1.4999,1.6069
2009-12-30,1.4338,132.35,0.904,1.4878,1.5039,1.6036
2009-12-31,1.4406,133.16,0.8881,1.4836,1.5128,1.6008
2010-01-04,1.4389,133.62,0.8914,1.4873,1.4953,1.5885
2010-01-05,1.4442,132.54,0.90045,1.4856,1.4952,1.5769
2010-01-06,1.435,132.69,0.8986,1.4823,1.492,1.5677
2010-01-07,1.4304,133.5,0.8996,1.4832,1.4789,1.5611
2010-01-08,1.4273,133.36,0.8934,1.4815,1.4781,1.561
2010-01-11,1.4528,134.23,0.8989,1.4755,1.4928,1.5593
2010-01-12,1.4481,132.41,0.8972,1.4743,1.4959,1.5668
2010-01-13,1.4563,133.02,0.8946,1.4788,1.5065,1.5729
2010-01-14,1.4486,132.88,0.8905,1.4804,1.4942,1.5591
2010-01-15,1.4374,130.76,0.88105,1.4756,1.4752,1.5547
2010-01-18,1.4369,130.33,0.8794999999999999,1.4745,1.4741,1.5511
2010-01-19,1.4279,129.79,0.8743,1.476,1.4723,1.5541
2010-01-20,1.4132,128.65,0.8692,1.4763,1.4771,1.5468
2010-01-21,1.4064,129.14,0.87,1.4723,1.474,1.5463
2010-01-22,1.4135,127.35,0.8763,1.4708,1.4891,1.5659
2010-01-25,1.4151,127.74,0.8773,1.4728,1.4996,1.5635
2010-01-26,1.4085,126.31,0.8733,1.4723,1.4965,1.5693
2010-01-27,1.4072,125.95,0.86725,1.4721,1.4973,1.5656
2010-01-28,1.3999,126.36,0.8616,1.4725,1.4824,1.5537
2010-01-29,1.3966,126.15,0.86655,1.4662,1.4924,1.5639
2010-02-01,1.3913,125.6,0.87485,1.4725,1.4868,1.5748
2010-02-02,1.3937,126.2,0.87375,1.4733,1.4768,1.5815
2010-02-03,1.3984,126.73,0.8762,1.4738,1.4832,1.5759
2010-02-04,1.3847,125.68,0.8731,1.469,1.4701,1.5726
2010-02-05,1.3691,122.49,0.87325,1.4682,1.4698,1.5822
2010-02-08,1.3675,122.07,0.8761,1.4659,1.464,1.5765
2010-02-09,1.376,123.4,0.8804,1.4672,1.468,1.5729
2010-02-10,1.374,123.01,0.8798,1.4658,1.4667,1.57
2010-02-11,1.3718,123.03,0.8774999999999999,1.4663,1.4502,1.5446
2010-02-12,1.3572,122.33,0.8691,1.465,1.4269,1.5366
2010-02-15,1.3607,122.42,0.8676,1.4661,1.4253,1.5304
2010-02-16,1.3649,122.68,0.8705000000000001,1.4678,1.4264,1.5229
2010-02-17,1.3726,124.69,0.869,1.4679,1.4306,1.5191
2010-02-18,1.3567,123.3,0.8704,1.4651,1.4177,1.5115
2010-02-19,1.3519,124.17,0.8783,1.4658,1.4215,1.5171
2010-02-22,1.3626,124.38,0.8797,1.4649,1.4133,1.5113
2010-02-23,1.3577,123.19,0.8802,1.4667,1.4172,1.507
2010-02-24,1.3547,122.16,0.8774999999999999,1.4641,1.4306,1.5191
2010-02-25,1.3489,120.66,0.8809,1.4633,1.4278,1.5186
2010-02-26,1.357,120.92,0.8927,1.4638,1.4354,1.524
2010-03-01,1.3525,120.67,0.9067,1.4644,1.4266,1.5105
2010-03-02,1.3548,120.68,0.90635,1.4628,1.4029,1.4994
2010-03-03,1.3641,121.1,0.9056999999999999,1.4629,1.4097,1.5116
2010-03-04,1.3668,120.86,0.905,1.4632,1.4071,1.5149
2010-03-05,1.3582,121.48,0.9025,1.4632,1.4011,1.5043
2010-03-08,1.3662,123.48,0.9024,1.4628,1.4023,1.497
2010-03-09,1.3557,121.72,0.9064,1.4626,1.3962,1.4938
2010-03-10,1.361,123.16,0.9114,1.4618,1.3969,1.4855
2010-03-11,1.3657,123.84,0.9086,1.4622,1.4027,1.4916
2010-03-12,1.3765,124.57,0.9083,1.4597,1.4013,1.4991
2010-03-15,1.3705,124.3,0.9105,1.4527,1.3972,1.5022
2010-03-16,1.3723,124.22,0.9069,1.4516,1.3944,1.5005
2010-03-17,1.3756,124.43,0.8962,1.4511,1.3902,1.4898
2010-03-18,1.366,123.33,0.894,1.4474,1.3801,1.4821
2010-03-19,1.3548,122.86,0.8945,1.4374,1.3666,1.4727
2010-03-22,1.3471,121.25,0.899,1.4348,1.3788,1.4815
2010-03-23,1.3519,122.16,0.9005,1.4321,1.3777,1.4742
2010-03-24,1.3338,122.62,0.8946,1.4282,1.3651,1.4655
2010-03-25,1.3356,123.44,0.8944,1.428,1.359,1.4619
2010-03-26,1.3353,124,0.9004,1.4286,1.3721,1.4778
2010-03-29,1.3471,124.75,0.8994,1.4329,1.375,1.4734
2010-03-30,1.3482,124.8,0.8933,1.4316,1.3731,1.465
2010-03-31,1.3479,125.93,0.8898,1.4276,1.3687,1.4741
2010-04-01,1.3468,126.28,0.88485,1.4179,1.3622,1.4685
2010-04-06,1.3396,126.04,0.8824,1.4325,1.3408,1.4521
2010-04-07,1.334,125.04,0.87885,1.4321,1.3363,1.441
2010-04-08,1.3296,123.76,0.875,1.4324,1.3407,1.4394
2010-04-09,1.3384,125.34,0.872,1.4364,1.3466,1.4378
2010-04-12,1.3585,126.99,0.8825,1.4393,1.3688,1.4635
2010-04-13,1.3583,126.34,0.8812,1.437,1.363,1.4646
2010-04-14,1.3615,127.42,0.8814,1.4368,1.3571,1.4583
2010-04-15,1.3544,126.18,0.87735,1.4343,1.3536,1.4513
2010-04-16,1.3535,125.3,0.8771,1.4338,1.3567,1.4519
2010-04-19,1.3432,123.5,0.8804999999999999,1.4345,1.368,1.4625
2010-04-20,1.3486,125.32,0.8764999999999999,1.4334,1.3665,1.4478
2010-04-21,1.3373,124.65,0.869,1.4329,1.3335,1.4387
2010-04-22,1.3339,124.03,0.86675,1.4325,1.3341,1.439
2010-04-23,1.3311,125.11,0.8673,1.4355,1.3337,1.4464
2010-04-26,1.3321,125.46,0.8624000000000001,1.4341,1.331,1.4336
2010-04-27,1.329,124.7,0.86705,1.4353,1.334,1.4395
2010-04-28,1.3245,124.48,0.8708,1.4341,1.3402,1.4343
2010-04-29,1.3256,124.76,0.86785,1.4348,1.3292,1.4272
2010-04-30,1.3315,125.81,0.8703,1.4341,1.3379,1.4292
2010-05-03,1.3238,124.95,0.868,1.4328,1.3422,1.4289
2010-05-04,1.3089,123.66,0.86325,1.4325,1.3329,1.4293
2010-05-05,1.2924,122.66,0.8551,1.4325,1.328,1.425
2010-05-06,1.2727,119.34,0.84295,1.4132,1.3142,1.4075
2010-05-07,1.2746,117.84,0.86805,1.4144,1.3229,1.4345
2010-05-10,1.2969,120.97,0.86405,1.4248,1.3249,1.4311
2010-05-11,1.2698,117.38,0.8596,1.4095,1.3031,1.42
2010-05-12,1.2686,118.06,0.8494,1.4062,1.289,1.4143
2010-05-13,1.2587,116.99,0.853,1.4011,1.278,1.4006
2010-05-14,1.2492,115.55,0.8571,1.402,1.2832,1.4015
2010-05-17,1.2349,114.17,0.8554,1.4014,1.2792,1.4043
2010-05-18,1.2428,115.32,0.85895,1.4028,1.276,1.4178
2010-05-19,1.227,112.49,0.85805,1.4043,1.2837,1.4476
2010-05-20,1.2334,111.93,0.8643999999999999,1.4179,1.312,1.492
2010-05-21,1.2497,112.08,0.87035,1.4408,1.3407,1.5135
2010-05-24,1.236,111.63,0.8608,1.4339,1.3095,1.4928
2010-05-25,1.2223,109.53,0.85205,1.4244,1.3204,1.5047
2010-05-26,1.2309,111.35,0.8547,1.4206,1.309,1.478
2010-05-27,1.2255,110.79,0.8462499999999999,1.4164,1.2919,1.462
2010-05-28,1.2384,113.06,0.84995,1.4258,1.2954,1.4534
2010-05-31,1.2307,112.62,0.84863,1.423,1.2894,1.4576
2010-06-01,1.2155,110.65,0.8347,1.4183,1.2766,1.4595
2010-06-02,1.2218,112.36,0.83345,1.4148,1.2848,1.4641
2010-06-03,1.2268,113.74,0.8357,1.4149,1.2734,1.4469
2010-06-04,1.206,111.73,0.82745,1.3951,1.2595,1.4364
2010-06-07,1.1959,109.86,0.8246,1.3911,1.2672,1.4607
2010-06-08,1.1942,109.32,0.82805,1.3793,1.2576,1.4579
2010-06-09,1.201,109.99,0.8259,1.3762,1.2529,1.4476
2010-06-10,1.2045,109.84,0.8252,1.3788,1.2486,1.431
2010-06-11,1.2127,111.13,0.8293,1.3893,1.2501,1.4301
2010-06-14,1.2249,112.43,0.8308,1.391,1.2583,1.4219
2010-06-15,1.2258,111.77,0.832,1.3998,1.2629,1.4301
2010-06-16,1.2277,112.15,0.83085,1.3888,1.2631,1.4261
2010-06-17,1.2363,112.89,0.8349,1.3778,1.2668,1.4281
2010-06-18,1.2372,112.12,0.8357,1.3745,1.2723,1.4249
2010-06-21,1.2391,113.1,0.8341,1.3738,1.2601,1.4032
2010-06-22,1.2258,111.09,0.834,1.3622,1.2533,1.4012
2010-06-23,1.2271,110.76,0.8229,1.3611,1.268,1.4062
2010-06-24,1.2262,109.59,0.8185,1.3555,1.281,1.4179
2010-06-25,1.2294,109.99,0.8236,1.3533,1.2799,1.4219
2010-06-28,1.2339,110.25,0.82,1.3387,1.2757,1.4119
2010-06-29,1.2198,108.31,0.8104,1.3258,1.2812,1.425
2010-06-30,1.2271,108.79,0.81745,1.3283,1.289,1.4403
2010-07-01,1.2328,108.14,0.82215,1.3178,1.3124,1.4753
2010-07-02,1.2548,109.88,0.8252,1.3376,1.334,1.4864
2010-07-05,1.2531,109.93,0.8275,1.3325,1.3343,1.4916
2010-07-06,1.2579,110.46,0.8295,1.3373,1.3339,1.4788
2010-07-07,1.2567,109.56,0.8319,1.3312,1.3311,1.4821
2010-07-08,1.266,111.49,0.8356,1.3321,1.3213,1.4471
2010-07-09,1.2637,111.85,0.836,1.3331,1.3072,1.4452
2010-07-12,1.2572,111.35,0.8363,1.3349,1.2986,1.4398
2010-07-13,1.2569,110.95,0.8318,1.3337,1.2978,1.4336
2010-07-14,1.2703,112.49,0.8343,1.3428,1.3157,1.4405
2010-07-15,1.2828,113.11,0.83565,1.342,1.3201,1.4504
2010-07-16,1.3,112.54,0.84535,1.3543,1.3586,1.4812
2010-07-19,1.2957,112.84,0.8483000000000001,1.364,1.3667,1.4943
2010-07-20,1.2844,111.5,0.84745,1.3537,1.3583,1.4718
2010-07-21,1.2817,111.52,0.83945,1.344,1.3284,1.4487
2010-07-22,1.285,111.57,0.8428,1.3418,1.3388,1.4476
2010-07-23,1.2897,112.48,0.8372000000000001,1.3488,1.3386,1.4427
2010-07-26,1.2931,112.31,0.83425,1.3574,1.3395,1.4425
2010-07-27,1.3033,113.79,0.8381999999999999,1.3775,1.3382,1.4402
2010-07-28,1.2992,114.01,0.83395,1.376,1.3391,1.4518
2010-07-29,1.3069,113.64,0.8367,1.366,1.3504,1.45
2010-07-30,1.3028,112.62,0.8349,1.3541,1.3454,1.4466
2010-08-02,1.3073,113.27,0.826,1.366,1.3372,1.4348
2010-08-03,1.3221,113.51,0.8298,1.3712,1.3543,1.4509
2010-08-04,1.3206,112.92,0.8284,1.373,1.3508,1.4464
2010-08-05,1.3184,113.66,0.8293,1.382,1.3358,1.4429
2010-08-06,1.3176,113.14,0.8300999999999999,1.383,1.3467,1.4356
2010-08-09,1.3253,113.48,0.8304,1.3771,1.3633,1.4423
2010-08-10,1.3133,113.23,0.8352000000000001,1.3895,1.3595,1.4468
2010-08-11,1.3016,110.56,0.8278,1.3695,1.3504,1.4401
2010-08-12,1.279,109.5,0.8206,1.3492,1.3398,1.4321
2010-08-13,1.2799,109.78,0.8212,1.3488,1.3329,1.428
2010-08-16,1.282,109.49,0.8211000000000001,1.335,1.3366,1.4379
2010-08-17,1.286,109.66,0.823,1.3411,1.3341,1.4251
2010-08-18,1.288,109.93,0.8233,1.3423,1.3236,1.4271
2010-08-19,1.2836,109.82,0.82055,1.3331,1.318,1.4258
2010-08-20,1.2711,108.54,0.8191000000000001,1.3151,1.3326,1.4314
2010-08-23,1.2704,108.23,0.8169,1.316,1.3292,1.4181
2010-08-24,1.2611,106.19,0.8193,1.3156,1.3409,1.4301
2010-08-25,1.2613,106.49,0.8185,1.2994,1.3449,1.4349
2010-08-26,1.2693,107.15,0.81745,1.3027,1.3425,1.4318
2010-08-27,1.2713,107.74,0.8206,1.3004,1.3487,1.4322
2010-08-30,1.27,107.54,0.8165,1.3055,1.3333,1.4161
2010-08-31,1.268,107.07,0.8248,1.2935,1.3489,1.4304
2010-09-01,1.28,107.54,0.83105,1.2967,1.356,1.4141
2010-09-02,1.2818,107.81,0.83275,1.2953,1.3451,1.4099
2010-09-03,1.2834,108.38,0.8332000000000001,1.3043,1.3561,1.4094
2010-09-06,1.2874,108.42,0.8382500000000001,1.307,1.332,1.4032
2010-09-07,1.2744,106.86,0.8316,1.2903,1.3286,1.3982
2010-09-08,1.2697,106.41,0.8220499999999999,1.2837,1.331,1.3845
2010-09-09,1.2715,106.46,0.8258,1.2859,1.3131,1.375
2010-09-10,1.2725,106.84,0.8234,1.302,1.3118,1.3739
2010-09-13,1.2801,107.69,0.8312,1.2991,1.3185,1.3732
2010-09-14,1.285,107.04,0.8343,1.2911,1.3199,1.3758
2010-09-15,1.2989,111.04,0.8355,1.3019,1.3335,1.3863
2010-09-16,1.3078,111.93,0.8372000000000001,1.3225,1.3423,1.3958
2010-09-17,1.306,111.98,0.83575,1.321,1.341,1.3886
2010-09-20,1.3074,112.07,0.8383,1.316,1.3487,1.3826
2010-09-21,1.312,112.05,0.84545,1.3156,1.3536,1.3852
2010-09-22,1.3364,113.14,0.8552999999999999,1.3217,1.3678,1.3983
2010-09-23,1.3323,112.49,0.8505,1.3138,1.3795,1.4058
2010-09-24,1.3412,113.2,0.85345,1.3163,1.3801,1.4047
2010-09-27,1.3477,113.52,0.8504,1.3257,1.3795,1.4026
2010-09-28,1.346,113.22,0.84985,1.3272,1.3897,1.4012
2010-09-29,1.3611,113.85,0.8618,1.3295,1.3978,1.3999
2010-09-30,1.3648,113.68,0.85995,1.3287,1.4073,1.407
2010-10-01,1.3726,114.26,0.8676,1.3423,1.4085,1.4114
2010-10-04,1.3705,114.1,0.8656,1.3327,1.3998,1.4153
2010-10-05,1.378,114.8,0.8667,1.3348,1.407,1.4338
2010-10-06,1.3856,114.98,0.8726,1.3361,1.4018,1.4221
2010-10-07,1.397,115.1,0.87465,1.3415,1.412,1.4132
2010-10-08,1.3874,114.21,0.8751,1.342,1.4168,1.4252
2010-10-11,1.3936,114.24,0.8746,1.3412,1.41,1.4153
2010-10-12,1.3833,113.35,0.8736,1.3298,1.4023,1.4076
2010-10-13,1.3958,114.23,0.8812,1.3352,1.3999,1.4128
2010-10-14,1.4101,114.43,0.8792,1.3386,1.4088,1.4145
2010-10-15,1.4089,114.28,0.8774999999999999,1.3423,1.4165,1.4142
2010-10-18,1.3896,113,0.8747,1.3359,1.4192,1.4087
2010-10-19,1.3859,113.16,0.8806,1.3405,1.4217,1.4159
2010-10-20,1.3861,112.59,0.882,1.3355,1.426,1.4151
2010-10-21,1.4016,113.65,0.8902,1.3493,1.43,1.4208
2010-10-22,1.3934,113.18,0.8873,1.3533,1.4299,1.4198
2010-10-25,1.4031,113.21,0.89255,1.3618,1.4291,1.4107
2010-10-26,1.3912,113.11,0.87685,1.3558,1.4245,1.4108
2010-10-27,1.3803,112.78,0.87235,1.3639,1.421,1.4194
2010-10-28,1.3857,112.57,0.8704,1.3668,1.4195,1.4158
2010-10-29,1.3857,111.87,0.8686,1.3708,1.415,1.4216
2010-11-01,1.3926,111.94,0.86675,1.3756,1.416,1.4094
2010-11-02,1.4018,113.18,0.8749,1.3766,1.4168,1.4021
2010-11-03,1.4014,113.67,0.8703,1.3761,1.4136,1.4058
2010-11-04,1.4244,115.15,0.87585,1.3782,1.4269,1.4056
2010-11-05,1.4084,114.41,0.8679,1.3546,1.41,1.3865
2010-11-08,1.3917,112.88,0.8627,1.3435,1.396,1.377
2010-11-09,1.3945,112.44,0.8623499999999999,1.342,1.3931,1.3726
2010-11-10,1.377,113.48,0.85685,1.3402,1.3832,1.3766
2010-11-11,1.37,112.78,0.8491,1.3282,1.3742,1.3682
2010-11-12,1.3711,112.59,0.8507,1.3357,1.3851,1.3835
2010-11-15,1.3626,113.31,0.8479,1.3428,1.3749,1.3822
2010-11-16,1.3612,113.21,0.851,1.3408,1.3817,1.3874
2010-11-17,1.3481,112.5,0.84895,1.3426,1.3778,1.3801
2010-11-18,1.3647,113.72,0.8522,1.3475,1.3895,1.3812
2010-11-19,1.3674,114.09,0.8552,1.3607,1.3957,1.3903
2010-11-22,1.3647,113.97,0.8549,1.3505,1.3865,1.3817
2010-11-23,1.3496,112.5,0.84795,1.3338,1.3799,1.3789
2010-11-24,1.3339,111.28,0.8438,1.3276,1.3556,1.3632
2010-11-25,1.3321,111.35,0.84645,1.3326,1.3454,1.3595
2010-11-26,1.3225,110.92,0.8447,1.3252,1.3523,1.3715
2010-11-29,1.3146,110.73,0.844,1.3186,1.3429,1.3662
2010-11-30,1.2998,109,0.83765,1.299,1.3306,1.3595
2010-12-01,1.3115,110.37,0.8393,1.3178,1.336,1.3615
2010-12-02,1.3155,110.97,0.8445,1.316,1.3291,1.3614
2010-12-03,1.3246,110.86,0.848,1.3143,1.3269,1.3508
2010-12-06,1.328,110.06,0.8472,1.3084,1.3366,1.3454
2010-12-07,1.3363,110.43,0.8467,1.3062,1.3386,1.3419
2010-12-08,1.32,111.08,0.8367,1.306,1.3361,1.348
2010-12-09,1.3214,111.02,0.8381999999999999,1.306,1.3354,1.3432
2010-12-10,1.3244,110.8,0.8371499999999999,1.2998,1.3371,1.3399
2010-12-13,1.3267,111.55,0.84375,1.2987,1.3359,1.339
2010-12-14,1.3435,111.63,0.84865,1.2916,1.3531,1.3433
2010-12-15,1.336,111.88,0.8529,1.2826,1.344,1.3436
2010-12-16,1.3238,111.28,0.84795,1.2849,1.3297,1.3373
2010-12-17,1.326,111.26,0.85185,1.2738,1.3358,1.3428
2010-12-20,1.3147,110.1,0.8462,1.2698,1.3316,1.3232
2010-12-21,1.3155,110,0.8502999999999999,1.2613,1.341,1.3183
2010-12-22,1.3112,109.68,0.8492,1.2502,1.3322,1.3143
2010-12-23,1.3064,108.95,0.8482,1.2553,1.3273,1.3049
2010-12-24,1.3099,108.63,0.8496,1.2618,1.3236,1.3052
2010-12-27,1.3136,108.89,0.8522999999999999,1.2626,1.324,1.3113
2010-12-28,1.3195,108.2,0.85345,1.2513,1.3221,1.3038
2010-12-29,1.3136,107.99,0.8539,1.2483,1.3155,1.2975
2010-12-30,1.328,108.24,0.8602,1.2475,1.3275,1.3079
2010-12-31,1.3362,108.65,0.86075,1.2504,1.3322,1.3136
2011-01-03,1.3348,108.7,0.86131,1.2465,1.3232,1.3085
2011-01-04,1.3421,110.2,0.85875,1.2669,1.333,1.3298
2011-01-05,1.3213,108.72,0.8483000000000001,1.2617,1.3218,1.3215
2011-01-06,1.3091,108.92,0.8445,1.2677,1.3011,1.3138
2011-01-07,1.2961,108.29,0.8383,1.2512,1.2867,1.306
2011-01-10,1.2903,107.17,0.8318,1.2459,1.285,1.3037
2011-01-11,1.2948,107.61,0.8319,1.2538,1.2839,1.3134
2011-01-12,1.2973,108.17,0.83155,1.2622,1.2784,1.3098
2011-01-13,1.3199,109.5,0.83575,1.2823,1.3052,1.3203
2011-01-14,1.3349,110.71,0.8421999999999999,1.2915,1.33,1.3528
2011-01-17,1.3311,109.91,0.8361,1.2854,1.3139,1.3371
2011-01-18,1.3371,110.29,0.83565,1.2812,1.3182,1.3416
2011-01-19,1.3506,110.85,0.8433,1.2964,1.3388,1.3425
2011-01-20,1.3472,110.93,0.8436,1.2873,1.3463,1.3583
2011-01-21,1.3521,111.87,0.8482499999999999,1.3013,1.3475,1.3666
2011-01-24,1.3571,112.46,0.8516,1.2989,1.3498,1.369
2011-01-25,1.3596,112.08,0.862,1.2871,1.3595,1.3724
2011-01-26,1.3681,112.47,0.86325,1.2922,1.363,1.3725
2011-01-27,1.3716,113.9,0.85955,1.294,1.3651,1.3845
2011-01-28,1.371,112.76,0.8609,1.2942,1.3644,1.3751
2011-01-31,1.3692,112.49,0.8609,1.2891,1.3679,1.3763
2011-02-01,1.3755,112.19,0.8536,1.2954,1.3717,1.3647
2011-02-02,1.3803,112.35,0.8519,1.2922,1.3649,1.3676
2011-02-03,1.3745,112.46,0.84865,1.2987,1.3596,1.3582
2011-02-04,1.3631,111.42,0.8472,1.2954,1.3448,1.3406
2011-02-07,1.3553,111.52,0.8401999999999999,1.2953,1.338,1.3355
2011-02-08,1.3635,112.09,0.8486,1.303,1.3502,1.3457
2011-02-09,1.3647,112.65,0.85,1.3152,1.3573,1.351
2011-02-10,1.3604,112.71,0.8478,1.3105,1.3572,1.3559
2011-02-11,1.3524,113.01,0.8457,1.3163,1.3464,1.3544
2011-02-14,1.344,112.15,0.84,1.3065,1.328,1.343
2011-02-15,1.351,113.21,0.8375,1.3124,1.3317,1.3503
2011-02-16,1.351,113.12,0.8419,1.3073,1.3328,1.3507
2011-02-17,1.356,113.39,0.8409,1.2973,1.3327,1.3498
2011-02-18,1.3627,113.62,0.8395,1.2973,1.3398,1.3479
2011-02-21,1.3668,113.68,0.8425,1.296,1.3444,1.3521
2011-02-22,1.3667,113.63,0.84584,1.2844,1.3491,1.3635
2011-02-23,1.3731,113.69,0.8459,1.2853,1.3629,1.3691
2011-02-24,1.3773,112.69,0.8512999999999999,1.2748,1.355,1.3682
2011-02-25,1.3762,112.52,0.8552999999999999,1.2799,1.3487,1.3577
2011-02-28,1.3834,113.26,0.8528,1.284,1.3535,1.3601
2011-03-01,1.3825,113.39,0.8494,1.2849,1.3408,1.3572
2011-03-02,1.3809,113.33,0.8478,1.2799,1.3454,1.3619
2011-03-03,1.385,113.43,0.8512999999999999,1.2844,1.3469,1.3609
2011-03-04,1.3957,115.63,0.85805,1.3,1.3575,1.3791
2011-03-07,1.4028,115.15,0.861,1.296,1.3616,1.3803
2011-03-08,1.3898,114.64,0.8605,1.2949,1.3539,1.3778
2011-03-09,1.3928,115.14,0.859,1.292,1.3481,1.3759
2011-03-10,1.3817,114.78,0.85655,1.2914,1.3416,1.3782
2011-03-11,1.3773,113.24,0.8612,1.2842,1.3488,1.3768
2011-03-14,1.3948,114.16,0.8659,1.2941,1.3597,1.3846
2011-03-15,1.3884,112.39,0.8673999999999999,1.2756,1.3779,1.4105
2011-03-16,1.3951,112.43,0.8673,1.2755,1.374,1.4066
2011-03-17,1.4004,110.42,0.8674500000000001,1.2625,1.3808,1.4216
2011-03-18,1.413,114.68,0.8738,1.2758,1.3894,1.424
2011-03-21,1.4194,115.04,0.8717,1.2836,1.386,1.4114
2011-03-22,1.4211,115.15,0.8678,1.2843,1.3911,1.4039
2011-03-23,1.4136,114.42,0.8699,1.2746,1.389,1.4006
2011-03-24,1.4128,114.34,0.8741,1.2817,1.3816,1.3888
2011-03-25,1.4115,114.57,0.8778,1.2915,1.3778,1.3807
2011-03-28,1.4032,114.59,0.87825,1.2908,1.3733,1.3678
2011-03-29,1.4066,115.6,0.88145,1.2957,1.3737,1.3759
2011-03-30,1.409,117.01,0.8789,1.2993,1.3674,1.3668
2011-03-31,1.4207,117.61,0.8837,1.3005,1.3785,1.3736
2011-04-01,1.4141,118.56,0.8815,1.3059,1.3686,1.3649
2011-04-04,1.424,119.56,0.88095,1.313,1.3719,1.3722
2011-04-05,1.4166,119.4,0.87285,1.3091,1.3676,1.373
2011-04-06,1.43,121.82,0.8774999999999999,1.3097,1.3714,1.3766
2011-04-07,1.4283,121.7,0.8759,1.3118,1.3695,1.3614
2011-04-08,1.4401,122.8,0.88095,1.3163,1.3741,1.3687
2011-04-11,1.4434,122.26,0.8836000000000001,1.3129,1.3812,1.37
2011-04-12,1.447,121.87,0.88845,1.3017,1.3864,1.3783
2011-04-13,1.4493,121.84,0.8898,1.2995,1.3938,1.3814
2011-04-14,1.4401,119.85,0.8825,1.2879,1.3906,1.3717
2011-04-15,1.445,120.37,0.8838,1.2897,1.3934,1.373
2011-04-18,1.4275,118.25,0.8774999999999999,1.2821,1.3771,1.3575
2011-04-19,1.4302,118.23,0.878,1.2842,1.3694,1.3622
2011-04-20,1.4515,120.13,0.8867,1.2944,1.3808,1.3611
2011-04-21,1.4584,119.52,0.8813,1.2851,1.3826,1.3562
2011-04-26,1.4617,119.43,0.88715,1.283,1.3929,1.3591
2011-04-27,1.4668,120.66,0.8864,1.2886,1.3968,1.3563
2011-04-28,1.4794,120.97,0.8888,1.2954,1.4065,1.3586
2011-04-29,1.486,120.67,0.8917,1.2867,1.4102,1.356
2011-05-02,1.4837,120.85,0.8892,1.2856,1.4088,1.3553
2011-05-03,1.478,119.36,0.89695,1.278,1.4096,1.3604
2011-05-04,1.4882,120.62,0.8999,1.2826,1.4175,1.3727
2011-05-05,1.4814,118.2,0.8986499999999999,1.273,1.4303,1.3883
2011-05-06,1.4501,116.5,0.8839,1.2668,1.3978,1.3581
2011-05-09,1.4397,116.28,0.87925,1.2617,1.3884,1.3389
2011-05-10,1.4358,115.72,0.8779,1.2602,1.3777,1.3295
2011-05-11,1.4357,116.47,0.87075,1.2661,1.3701,1.3255
2011-05-12,1.4153,114.54,0.87015,1.2584,1.3677,1.3331
2011-05-13,1.428,115.32,0.87795,1.2667,1.3753,1.3369
2011-05-16,1.4143,114.35,0.8725000000000001,1.2542,1.3781,1.3391
2011-05-17,1.4171,115.69,0.8729,1.2553,1.3818,1.3393
2011-05-18,1.4227,115.45,0.88065,1.2545,1.386,1.3441
2011-05-19,1.4265,116.83,0.8813,1.2616,1.3804,1.3387
2011-05-20,1.4237,116.27,0.87705,1.2477,1.3799,1.3364
2011-05-23,1.402,114.68,0.86975,1.238,1.3725,1.3332
2011-05-24,1.4089,115.45,0.87285,1.2405,1.378,1.3328
2011-05-25,1.4069,115.47,0.8672,1.2324,1.3768,1.3399
2011-05-26,1.4168,115.95,0.8685,1.2343,1.3855,1.3383
2011-05-27,1.4265,115.7,0.86685,1.2221,1.3925,1.3346
2011-05-30,1.4272,115.36,0.8671,1.2147,1.3927,1.335
2011-05-31,1.4385,117.22,0.87205,1.2275,1.3985,1.3504
2011-06-01,1.4408,117.11,0.87705,1.2182,1.3948,1.341
2011-06-02,1.446,116.6,0.88295,1.2167,1.4135,1.3563
2011-06-03,1.4488,116.89,0.8875,1.2197,1.4177,1.3592
2011-06-06,1.4596,117.05,0.8903,1.2235,1.4317,1.3597
2011-06-07,1.4652,117.55,0.89245,1.2237,1.4297,1.3697
2011-06-08,1.4608,116.6,0.8929,1.2224,1.4332,1.3776
2011-06-09,1.4614,116.86,0.8894,1.2242,1.4298,1.3791
2011-06-10,1.4486,116,0.8884,1.219,1.4075,1.3644
2011-06-13,1.4354,115.39,0.8806,1.2023,1.4031,1.3584
2011-06-14,1.4448,115.91,0.881,1.2116,1.4074,1.3573
2011-06-15,1.4292,115.54,0.8797,1.2164,1.3862,1.3387
2011-06-16,1.4088,113.63,0.8753,1.1958,1.3929,1.3424
2011-06-17,1.427,114.71,0.8826000000000001,1.2103,1.3967,1.344
2011-06-20,1.4235,114.24,0.8794999999999999,1.2039,1.4004,1.3528
2011-06-21,1.4373,115.2,0.8867,1.2127,1.4023,1.3568
2011-06-22,1.4397,115.36,0.8931,1.2109,1.4007,1.3587
2011-06-23,1.4212,114.58,0.8895999999999999,1.1963,1.3845,1.3524
2011-06-24,1.422,114.06,0.88855,1.1902,1.3961,1.3473
2011-06-27,1.4205,114.74,0.8897,1.1849,1.4056,1.3605
2011-06-28,1.4261,115.31,0.8942,1.1884,1.407,1.363
2011-06-29,1.4425,116.93,0.8998,1.2036,1.4037,1.3585
2011-06-30,1.4453,116.25,0.90255,1.2071,1.3951,1.3485
2011-07-01,1.4488,116.92,0.905,1.2267,1.3964,1.3523
2011-07-04,1.45,117.11,0.9015,1.2324,1.3919,1.3521
2011-07-05,1.4461,117.23,0.8984,1.2213,1.3929,1.3526
2011-07-06,1.4318,116.03,0.89485,1.2059,1.3833,1.342
2011-07-07,1.4247,115.64,0.8921,1.205,1.3738,1.3275
2011-07-08,1.4242,115.98,0.8932,1.2102,1.3645,1.3231
2011-07-11,1.4056,113.16,0.8807,1.1715,1.3627,1.3168
2011-07-12,1.3975,111.35,0.88265,1.165,1.3584,1.3184
2011-07-13,1.4073,111.65,0.8823,1.1695,1.3527,1.3188
2011-07-14,1.4202,112.24,0.88095,1.1575,1.36,1.3202
2011-07-15,1.4146,111.97,0.8774999999999999,1.1577,1.3549,1.3264
2011-07-18,1.4045,111.1,0.87315,1.1485,1.3472,1.3237
2011-07-19,1.416,111.77,0.8789,1.1607,1.3534,1.3273
2011-07-20,1.4207,112.05,0.88065,1.1652,1.3451,1.3218
2011-07-21,1.4222,112.09,0.8787,1.169,1.3447,1.3246
2011-07-22,1.4391,112.83,0.8827,1.1789,1.3658,1.3234
2011-07-25,1.438,112.46,0.8825,1.1563,1.3599,1.3249
2011-07-26,1.4471,113.02,0.88235,1.163,1.3623,1.3201
2011-07-27,1.4446,112.46,0.8831,1.1586,1.3625,1.3087
2011-07-28,1.426,110.86,0.8739,1.1437,1.3521,1.2931
2011-07-29,1.426,110.59,0.87485,1.1418,1.3556,1.305
2011-08-01,1.4415,110.84,0.8795500000000001,1.127,1.3713,1.3041
2011-08-02,1.417,109.61,0.8718,1.1049,1.362,1.3075
2011-08-03,1.43,110.18,0.87255,1.1022,1.3724,1.331
2011-08-04,1.4229,113.24,0.8714499999999999,1.1012,1.3829,1.3466
2011-08-05,1.4155,111.25,0.86905,1.0847,1.3899,1.3538
2011-08-08,1.4225,110.79,0.8691,1.0849,1.4029,1.373
2011-08-09,1.4267,110.24,0.8731,1.0594,1.4143,1.399
2011-08-10,1.4367,109.84,0.8843,1.0451,1.4133,1.3891
2011-08-11,1.4143,108.29,0.8757,1.0499,1.4091,1.3875
2011-08-12,1.425,109.07,0.87635,1.0984,1.4063,1.378
2011-08-15,1.4309,109.87,0.877,1.1334,1.4112,1.375
2011-08-16,1.436,110.12,0.8784999999999999,1.1195,1.4165,1.379
2011-08-17,1.4477,110.77,0.8776,1.1402,1.4167,1.3687
2011-08-18,1.4369,110.08,0.8706,1.141,1.4175,1.3754
2011-08-19,1.4385,110,0.86965,1.134,1.4189,1.3783
2011-08-22,1.4413,110.65,0.87365,1.1341,1.4194,1.3781
2011-08-23,1.4462,110.72,0.876,1.141,1.426,1.3771
2011-08-24,1.4433,110.51,0.8771,1.1403,1.4266,1.3767
2011-08-25,1.4424,111.31,0.8812,1.1466,1.4219,1.375
2011-08-26,1.4402,110.41,0.88565,1.1458,1.4241,1.3727
2011-08-29,1.4487,111.05,0.8846000000000001,1.1824,1.4157,1.3647
2011-08-30,1.4402,110.55,0.88365,1.1835,1.4101,1.3536
2011-08-31,1.445,110.55,0.8856000000000001,1.167,1.4141,1.3529
2011-09-01,1.4285,110.08,0.8812,1.1417,1.3954,1.3349
2011-09-02,1.4255,109.56,0.8789,1.1132,1.3944,1.3328
2011-09-05,1.4126,108.56,0.8751,1.1111,1.3968,1.3371
2011-09-06,1.4099,109.09,0.8771,1.2036,1.3992,1.3356
2011-09-07,1.4036,108.38,0.878,1.2052,1.3877,1.3222
2011-09-08,1.4044,108.41,0.8767,1.2135,1.3825,1.3212
2011-09-09,1.3817,107.48,0.8659,1.2165,1.3718,1.3125
2011-09-12,1.3656,105.32,0.86015,1.2055,1.3668,1.3225
2011-09-13,1.3645,105.01,0.86315,1.2037,1.3545,1.3214
2011-09-14,1.3729,105.48,0.8695000000000001,1.2033,1.3583,1.3401
2011-09-15,1.3795,105.67,0.87295,1.2062,1.3635,1.3416
2011-09-16,1.376,105.6,0.8717,1.2058,1.3562,1.3306
2011-09-19,1.3641,104.62,0.8681,1.2061,1.3423,1.3326
2011-09-20,1.371,104.92,0.8723,1.2064,1.358,1.3332
2011-09-21,1.3636,104.07,0.8731,1.2208,1.3594,1.3358
2011-09-22,1.3448,102.59,0.87325,1.2275,1.3894,1.3691
2011-09-23,1.343,102.32,0.87235,1.2195,1.3856,1.3838
2011-09-26,1.35,103.05,0.8696,1.2206,1.3889,1.3794
2011-09-27,1.3579,103.83,0.8698,1.2232,1.3842,1.369
2011-09-28,1.3631,104.22,0.87175,1.2205,1.3972,1.3775
2011-09-29,1.3615,104.46,0.87065,1.2207,1.4049,1.3864
2011-09-30,1.3503,103.79,0.86665,1.217,1.4105,1.3874
2011-10-03,1.3327,102.39,0.8596,1.214,1.3967,1.3838
2011-10-04,1.3181,101.08,0.8565,1.2169,1.3923,1.3984
2011-10-05,1.3337,102.25,0.863,1.2265,1.4025,1.3913
2011-10-06,1.3269,101.87,0.8668,1.2316,1.389,1.3725
2011-10-07,1.3434,103.02,0.8648,1.2365,1.3911,1.3726
2011-10-10,1.3593,104.26,0.8689,1.2326,1.3986,1.368
2011-10-11,1.3607,104.26,0.8702,1.238,1.3988,1.3684
2011-10-12,1.3766,105.77,0.87535,1.2367,1.3996,1.3609
2011-10-13,1.3727,105.48,0.87585,1.2335,1.403,1.3536
2011-10-14,1.3807,106.42,0.8748,1.2388,1.401,1.3467
2011-10-17,1.3776,106.43,0.874,1.2365,1.3955,1.3406
2011-10-18,1.3676,104.97,0.8702,1.2348,1.4018,1.3489
2011-10-19,1.3828,106.19,0.87495,1.2428,1.3981,1.3402
2011-10-20,1.3807,106.07,0.875,1.2362,1.4015,1.3449
2011-10-21,1.3798,105.82,0.86775,1.2307,1.3957,1.3401
2011-10-24,1.3856,105.45,0.8691,1.228,1.3938,1.332
2011-10-25,1.3918,105.98,0.8701,1.2253,1.3926,1.3285
2011-10-26,1.3927,105.67,0.8719,1.2193,1.4114,1.3423
2011-10-27,1.4038,106.39,0.8763,1.2213,1.3964,1.3188
2011-10-28,1.416,107.29,0.87935,1.2211,1.4072,1.327
2011-10-31,1.4001,109.22,0.8731,1.2191,1.393,1.3225
2011-11-01,1.3627,106.58,0.85515,1.2174,1.3855,1.3237
2011-11-02,1.3809,107.78,0.8619,1.2166,1.3977,1.3303
2011-11-03,1.3773,107.33,0.8593,1.2156,1.3874,1.3215
2011-11-04,1.3773,107.55,0.86125,1.2217,1.404,1.328
2011-11-07,1.3742,107.3,0.85655,1.2342,1.3981,1.3296
2011-11-08,1.3788,107.51,0.85805,1.2382,1.3974,1.3339
2011-11-09,1.3633,105.96,0.85385,1.2322,1.3908,1.333
2011-11-10,1.3616,105.66,0.8533500000000001,1.2315,1.3892,1.3389
2011-11-11,1.365,105.59,0.8568,1.236,1.3906,1.3428
2011-11-14,1.3659,105.18,0.8566,1.2368,1.3886,1.3351
2011-11-15,1.3532,104.16,0.85345,1.2405,1.3866,1.3351
2011-11-16,1.3484,103.77,0.8542999999999999,1.2384,1.3831,1.3323
2011-11-17,1.348,103.76,0.854,1.2387,1.3821,1.3403
2011-11-18,1.3576,104.06,0.85805,1.2378,1.3879,1.3479
2011-11-21,1.3458,103.44,0.86,1.2375,1.3937,1.3614
2011-11-22,1.3535,104.15,0.8657,1.235,1.4059,1.3718
2011-11-23,1.3387,103.37,0.8603,1.2305,1.3964,1.3762
2011-11-24,1.3373,103.07,0.8606,1.2268,1.3964,1.3697
2011-11-25,1.3229,102.59,0.85585,1.2253,1.3912,1.3664
2011-11-28,1.3348,103.82,0.8582,1.2309,1.3802,1.3435
2011-11-29,1.3336,103.82,0.85365,1.2282,1.3717,1.3332
2011-11-30,1.3418,104,0.8558,1.2265,1.3678,1.3165
2011-12-01,1.3492,104.84,0.8591,1.2264,1.3736,1.3182
2011-12-02,1.3511,105.25,0.8602,1.2343,1.3695,1.3135
2011-12-05,1.3442,104.81,0.85925,1.2379,1.3644,1.3072
2011-12-06,1.3394,104.15,0.85655,1.2388,1.364,1.3094
2011-12-07,1.3377,103.99,0.85745,1.2413,1.3517,1.3043
2011-12-08,1.341,103.72,0.8528,1.2373,1.3523,1.3011
2011-12-09,1.3384,103.95,0.85315,1.2332,1.3674,1.3179
2011-12-12,1.3251,103.12,0.848,1.2349,1.3576,1.3104
2011-12-13,1.3181,102.6,0.8462499999999999,1.2345,1.3528,1.3016
2011-12-14,1.2993,101.44,0.839,1.2317,1.3475,1.3023
2011-12-15,1.3019,101.3,0.83935,1.2261,1.348,1.3103
2011-12-16,1.3064,101.7,0.84055,1.2249,1.3497,1.306
2011-12-19,1.3039,101.52,0.8398,1.219,1.3505,1.3086
2011-12-20,1.3074,101.88,0.8368,1.2192,1.3508,1.3082
2011-12-21,1.3054,101.66,0.8323,1.219,1.3422,1.2943
2011-12-22,1.3047,101.93,0.8325,1.2232,1.3369,1.2878
2011-12-23,1.3057,101.93,0.8331,1.2221,1.3309,1.2852
2011-12-27,1.3069,101.75,0.8335,1.221,1.3322,1.2862
2011-12-28,1.3074,101.51,0.8342000000000001,1.2196,1.3269,1.2819
2011-12-29,1.2889,100.24,0.836,1.2186,1.3189,1.2799
2011-12-30,1.2939,100.2,0.8353,1.2156,1.3215,1.2723
2012-01-02,1.2935,99.52,0.83514,1.2155,1.3195,1.2662
2012-01-03,1.3014,99.86,0.8351,1.2183,1.317,1.2595
2012-01-04,1.2948,99.43000000000001,0.8310999999999999,1.2196,1.3153,1.2552
2012-01-05,1.2832,98.67,0.82675,1.2187,1.3039,1.2491
2012-01-06,1.2776,98.56,0.8264,1.2177,1.3051,1.2472
2012-01-09,1.2728,97.87,0.824,1.2139,1.3086,1.2468
2012-01-10,1.2808,98.39,0.8282,1.2136,1.3021,1.2379
2012-01-11,1.2718,97.87,0.8259,1.212,1.2928,1.2361
2012-01-12,1.2736,97.92,0.83055,1.2112,1.2946,1.2303
2012-01-13,1.2771,98.06,0.8332000000000001,1.21,1.3019,1.2364
2012-01-16,1.2669,97.25,0.82745,1.2093,1.2929,1.2289
2012-01-17,1.279,98.2,0.83045,1.209,1.2949,1.2279
2012-01-18,1.2831,98.53,0.83385,1.2088,1.3002,1.2344
2012-01-19,1.2911,99.19,0.8356,1.2076,1.3012,1.2391
2012-01-20,1.2902,99.53,0.8339,1.2077,1.3076,1.2379
2012-01-23,1.3017,100.1,0.83625,1.2061,1.3129,1.2332
2012-01-24,1.3003,100.89,0.8346,1.2065,1.3164,1.2429
2012-01-25,1.2942,101.02,0.83205,1.2075,1.3114,1.2367
2012-01-26,1.3145,101.98,0.838,1.2071,1.3166,1.2326
2012-01-27,1.3145,101.18,0.83685,1.2078,1.3129,1.2326
2012-01-30,1.311,100.53,0.8358,1.2046,1.3185,1.2427
2012-01-31,1.3176,100.63,0.8351,1.2048,1.3134,1.2366
2012-02-01,1.3175,100.29,0.8312,1.2048,1.3161,1.2312
2012-02-02,1.3094,99.66,0.82765,1.2048,1.3097,1.2246
2012-02-03,1.316,100.3,0.8322000000000001,1.205,1.3189,1.2311
2012-02-06,1.3042,99.97,0.8280999999999999,1.2067,1.3019,1.2192
2012-02-07,1.3113,100.67,0.8302,1.2087,1.3088,1.2161
2012-02-08,1.3274,102.11,0.83495,1.2114,1.3199,1.2251
2012-02-09,1.3288,102.63,0.83665,1.2103,1.3219,1.2295
2012-02-10,1.3189,102.43,0.8363,1.2098,1.3225,1.2381
2012-02-13,1.3254,102.86,0.83885,1.209,1.3222,1.2326
2012-02-14,1.3169,102.85,0.83765,1.2075,1.3162,1.2298
2012-02-15,1.3092,102.73,0.8348,1.2073,1.3053,1.2195
2012-02-16,1.2982,102.31,0.82845,1.2072,1.3026,1.2168
2012-02-17,1.3159,104.39,0.8310999999999999,1.2083,1.3093,1.223
2012-02-20,1.3266,105.47,0.8364,1.2075,1.3159,1.2303
2012-02-21,1.3222,105.38,0.8364,1.2073,1.3172,1.2385
2012-02-22,1.323,106.22,0.8442,1.2072,1.321,1.2441
2012-02-23,1.33,106.72,0.8461,1.2053,1.3259,1.243
2012-02-24,1.3412,107.99,0.84815,1.2048,1.3393,1.2516
2012-02-27,1.3388,107.81,0.845,1.2052,1.3432,1.2532
2012-02-28,1.3454,108.39,0.8479,1.205,1.3396,1.2486
2012-02-29,1.3443,107.92,0.8439,1.2051,1.3282,1.2414
2012-03-01,1.3312,107.95,0.8349,1.2052,1.312,1.2353
2012-03-02,1.3217,107.74,0.8327,1.2062,1.3044,1.2264
2012-03-05,1.322,107.54,0.83465,1.2061,1.3129,1.2354
2012-03-06,1.3153,106.66,0.83255,1.2055,1.3137,1.2418
2012-03-07,1.312,105.95,0.8349,1.2052,1.314,1.2423
2012-03-08,1.3242,108.18,0.83865,1.205,1.3178,1.2441
2012-03-09,1.3191,107.93,0.83595,1.2053,1.3091,1.2415
2012-03-12,1.3119,107.79,0.8391999999999999,1.2056,1.3026,1.2498
2012-03-13,1.3057,108.03,0.83575,1.206,1.2953,1.2444
2012-03-14,1.3062,109.16,0.8314,1.211,1.2927,1.2474
2012-03-15,1.3057,108.82,0.83345,1.2096,1.296,1.2422
2012-03-16,1.3116,109.81,0.8295,1.207,1.299,1.2401
2012-03-19,1.315,109.73,0.82845,1.2067,1.3037,1.2452
2012-03-20,1.3198,110.48,0.8322000000000001,1.2059,1.3098,1.2586
2012-03-21,1.3225,111.11,0.83495,1.2058,1.3093,1.2644
2012-03-22,1.3167,109.4,0.8333,1.2055,1.3151,1.2696
2012-03-23,1.3242,109.1,0.8363,1.2054,1.3263,1.2745
2012-03-26,1.3276,109.82,0.8352000000000001,1.2054,1.3223,1.2631
2012-03-27,1.3333,110.57,0.8359,1.2056,1.3233,1.2681
2012-03-28,1.3337,110.74,0.839,1.2063,1.3289,1.2824
2012-03-29,1.3272,109.21,0.8358,1.2051,1.3271,1.283
2012-03-30,1.3356,109.56,0.8339,1.2045,1.3311,1.2836
2012-04-02,1.3319,109.95,0.83105,1.2044,1.33,1.2841
2012-04-03,1.3315,109.3,0.83255,1.2035,1.3206,1.2848
2012-04-04,1.3142,108.22,0.8285,1.2038,1.3079,1.2785
2012-04-05,1.3068,107.06,0.8242,1.2025,1.3042,1.271
2012-04-10,1.3114,106.48,0.8269,1.2027,1.3092,1.2741
2012-04-11,1.3131,106.18,0.82595,1.2011,1.3166,1.2743
2012-04-12,1.3153,106.54,0.8247,1.2027,1.3132,1.2645
2012-04-13,1.3148,106.49,0.8248,1.2017,1.3068,1.264
2012-04-16,1.3024,105.18,0.8227,1.2025,1.3029,1.259
2012-04-17,1.3132,105.96,0.8234,1.2018,1.3082,1.2664
2012-04-18,1.3093,106.64,0.81915,1.2032,1.2966,1.2628
2012-04-19,1.3086,106.92,0.8171,1.2021,1.2971,1.2652
2012-04-20,1.3192,107.81,0.81875,1.2017,1.3075,1.2738
2012-04-23,1.3131,106.51,0.8166,1.2018,1.3094,1.2769
2012-04-24,1.3161,106.87,0.8154,1.2021,1.302,1.2775
2012-04-25,1.3206,107.35,0.8194,1.2018,1.3016,1.2771
2012-04-26,1.3215,106.96,0.8164,1.2016,1.2968,1.2736
2012-04-27,1.3229,106.75,0.8153,1.2014,1.2996,1.2679
2012-04-30,1.3214,105.85,0.81295,1.2018,1.2985,1.2684
2012-05-02,1.3131,105.31,0.81205,1.2018,1.2977,1.2718
2012-05-03,1.3123,105.49,0.81125,1.2014,1.2917,1.2762
2012-05-04,1.3132,105.41,0.8119499999999999,1.2014,1.2986,1.283
2012-05-07,1.3033,104.19,0.80647,1.2012,1.2983,1.2792
2012-05-08,1.3025,104.01,0.80645,1.2014,1.2968,1.283
2012-05-09,1.295,102.99,0.8049500000000001,1.201,1.3007,1.2886
2012-05-10,1.2961,103.31,0.8018,1.2013,1.2945,1.2801
2012-05-11,1.2944,103.48,0.8033,1.2012,1.2997,1.2877
2012-05-14,1.2863,102.64,0.8,1.201,1.2911,1.2881
2012-05-15,1.2843,102.65,0.8001,1.201,1.2855,1.2836
2012-05-16,1.2738,102.53,0.79925,1.2011,1.2832,1.2813
2012-05-17,1.2682,101.77,0.8008,1.2011,1.2858,1.2795
2012-05-18,1.2721,100.95,0.8042,1.2012,1.2939,1.2879
2012-05-21,1.275,101.06,0.8075,1.2011,1.3047,1.2969
2012-05-22,1.2768,101.99,0.8087,1.2011,1.2977,1.291
2012-05-23,1.2659,100.59,0.8044,1.2011,1.294,1.2977
2012-05-24,1.2557,99.75,0.8009500000000001,1.201,1.2877,1.2842
2012-05-25,1.2546,99.8,0.8003,1.2014,1.289,1.2815
2012-05-28,1.2566,99.75,0.8001,1.2019,1.2871,1.274
2012-05-29,1.2523,99.64,0.7994,1.2015,1.2835,1.2737
2012-05-30,1.2438,98.38,0.79775,1.201,1.2784,1.2729
2012-05-31,1.2403,97.66,0.7999000000000001,1.201,1.2761,1.2736
2012-06-01,1.2322,96.25,0.805,1.2008,1.2794,1.2772
2012-06-04,1.2437,97.16,0.80845,1.2009,1.2923,1.2796
2012-06-05,1.2429,97.25,0.81005,1.201,1.293,1.2762
2012-06-06,1.2485,98.81999999999999,0.8063,1.2008,1.2909,1.2661
2012-06-07,1.2595,100.08,0.8086,1.2011,1.2892,1.2613
2012-06-08,1.2468,98.90000000000001,0.8079499999999999,1.2012,1.2894,1.2665
2012-06-11,1.2544,99.59999999999999,0.8077,1.201,1.2855,1.2602
2012-06-12,1.2492,99.40000000000001,0.80385,1.2012,1.2852,1.2601
2012-06-13,1.2534,99.8,0.8063,1.2009,1.286,1.2565
2012-06-14,1.2551,99.51000000000001,0.8092,1.2008,1.2885,1.2626
2012-06-15,1.2596,99.23999999999999,0.8119,1.201,1.2901,1.2564
2012-06-18,1.2618,99.75,0.806,1.201,1.2944,1.2519
2012-06-19,1.2619,99.56999999999999,0.8052,1.2009,1.2889,1.2416
2012-06-20,1.2704,100.24,0.806,1.2009,1.2919,1.2456
2012-06-21,1.267,101.46,0.8069499999999999,1.201,1.2907,1.2444
2012-06-22,1.2539,100.68,0.8042,1.2009,1.2893,1.249
2012-06-25,1.2488,99.56999999999999,0.80285,1.2008,1.2861,1.248
2012-06-26,1.2475,98.97,0.7996,1.201,1.2824,1.2432
2012-06-27,1.2478,99.48999999999999,0.7999000000000001,1.2011,1.2796,1.2384
2012-06-28,1.2418,98.59999999999999,0.7988499999999999,1.201,1.2764,1.2357
2012-06-29,1.259,100.13,0.8068,1.203,1.2871,1.2339
2012-07-02,1.2593,100.51,0.8041,1.2015,1.2808,1.2283
2012-07-03,1.2575,100.26,0.80275,1.2012,1.2781,1.2264
2012-07-04,1.256,100.28,0.8032,1.2013,1.2726,1.2221
2012-07-05,1.2426,99.14,0.7984,1.2012,1.258,1.2071
2012-07-06,1.2377,98.87,0.7965,1.2011,1.2559,1.2058
2012-07-09,1.2293,97.81,0.7936,1.201,1.2554,1.2082
2012-07-10,1.2285,97.64,0.7921,1.201,1.251,1.2015
2012-07-11,1.226,97.14,0.78815,1.201,1.2493,1.1953
2012-07-12,1.2178,96.63,0.7886,1.201,1.2461,1.2029
2012-07-13,1.2185,96.59999999999999,0.7875,1.2009,1.2391,1.1984
2012-07-16,1.2177,96.25,0.7844,1.201,1.2367,1.1934
2012-07-17,1.2281,97.14,0.78615,1.201,1.2463,1.1941
2012-07-18,1.2234,96.63,0.784,1.201,1.2399,1.1867
2012-07-19,1.2287,96.51000000000001,0.783,1.201,1.2375,1.1775
2012-07-20,1.22,95.86,0.77835,1.2009,1.2323,1.1739
2012-07-23,1.2105,94.72,0.7798,1.201,1.2314,1.1784
2012-07-24,1.2089,94.63,0.7785,1.201,1.2307,1.1754
2012-07-25,1.2134,94.97,0.7832,1.201,1.236,1.1792
2012-07-26,1.226,95.79000000000001,0.7828000000000001,1.201,1.2356,1.179
2012-07-27,1.2317,96.29000000000001,0.78295,1.201,1.2407,1.1807
2012-07-30,1.2246,95.78,0.77985,1.201,1.2297,1.1668
2012-07-31,1.2284,96.03,0.78395,1.2014,1.2312,1.1675
2012-08-01,1.2298,96.2,0.7875,1.2013,1.232,1.1691
2012-08-02,1.2346,96.64,0.7904,1.2024,1.2373,1.1717
2012-08-03,1.2245,95.84999999999999,0.78745,1.2012,1.2282,1.1649
2012-08-06,1.2379,96.98999999999999,0.795,1.2013,1.2385,1.1727
2012-08-07,1.2436,97.58,0.7934,1.2015,1.2409,1.1741
2012-08-08,1.2336,96.68000000000001,0.7887999999999999,1.2012,1.2309,1.1704
2012-08-09,1.2301,96.53,0.7871,1.201,1.223,1.1639
2012-08-10,1.2262,96.12,0.7861,1.2009,1.2192,1.1661
2012-08-13,1.2339,96.61,0.78615,1.201,1.2235,1.1689
2012-08-14,1.2352,97.14,0.786,1.201,1.2251,1.1728
2012-08-15,1.2276,96.98,0.7826,1.2011,1.2175,1.1725
2012-08-16,1.2279,97.38,0.78195,1.201,1.2139,1.171
2012-08-17,1.2337,97.97,0.78515,1.2011,1.2195,1.1829
2012-08-20,1.23,97.81999999999999,0.78345,1.201,1.2167,1.1784
2012-08-21,1.2428,98.81,0.78835,1.201,1.225,1.1839
2012-08-22,1.2448,98.65000000000001,0.7878500000000001,1.2009,1.2355,1.1926
2012-08-23,1.2552,98.68000000000001,0.7911,1.201,1.2438,1.1981
2012-08-24,1.2507,98.16,0.7896,1.2009,1.2424,1.2031
2012-08-27,1.253,98.70999999999999,0.79244,1.201,1.2403,1.2056
2012-08-28,1.2548,98.59,0.7947,1.201,1.2389,1.2094
2012-08-29,1.2545,98.63,0.7917999999999999,1.201,1.2402,1.2088
2012-08-30,1.2544,98.63,0.7911,1.2009,1.2434,1.2142
2012-08-31,1.2611,98.95999999999999,0.79525,1.2009,1.2487,1.2201
2012-09-03,1.2568,98.43000000000001,0.7912,1.2008,1.24,1.2278
2012-09-04,1.2579,98.58,0.7921,1.201,1.239,1.2267
2012-09-05,1.2578,98.67,0.79035,1.2014,1.2422,1.2337
2012-09-06,1.2638,99.36,0.7936,1.2049,1.247,1.2341
2012-09-07,1.2706,100.26,0.7967,1.2128,1.2472,1.2279
2012-09-10,1.2776,99.98,0.7997,1.209,1.2486,1.2349
2012-09-11,1.2787,99.7,0.7978,1.2074,1.2429,1.2301
2012-09-12,1.2896,100.45,0.8017,1.2083,1.2566,1.2322
2012-09-13,1.291,100.24,0.80145,1.213,1.2599,1.2357
2012-09-14,1.3095,102.24,0.80745,1.2162,1.2628,1.2366
2012-09-17,1.3086,102.61,0.8069499999999999,1.216,1.2733,1.2452
2012-09-18,1.3054,102.64,0.8035,1.2113,1.2732,1.2527
2012-09-19,1.3002,102.38,0.8027,1.2095,1.2672,1.2455
2012-09-20,1.2954,101.21,0.80017,1.2088,1.2678,1.2461
2012-09-21,1.2988,101.58,0.7987,1.211,1.2654,1.2365
2012-09-24,1.2916,100.79,0.7968,1.2095,1.2668,1.2415
2012-09-25,1.2932,100.57,0.7965,1.2092,1.2677,1.2393
2012-09-26,1.2845,99.81999999999999,0.7949000000000001,1.2088,1.2633,1.2421
2012-09-27,1.2874,99.98,0.7939000000000001,1.2084,1.2658,1.2354
2012-09-28,1.293,100.37,0.79805,1.2099,1.2684,1.2396
2012-10-01,1.2877,100.42,0.7983,1.2095,1.2667,1.2431
2012-10-02,1.293,101.02,0.8006,1.2102,1.2693,1.2531
2012-10-03,1.2904,101.1,0.80085,1.2104,1.2727,1.2625
2012-10-04,1.2951,101.88,0.8039500000000001,1.2123,1.2783,1.2673
2012-10-05,1.3002,102.02,0.80325,1.2112,1.275,1.2682
2012-10-08,1.2958,101.45,0.8084,1.211,1.2683,1.2721
2012-10-09,1.2953,101.35,0.8079,1.2111,1.2632,1.2663
2012-10-10,1.2889,100.94,0.8049500000000001,1.211,1.2594,1.2574
2012-10-11,1.2918,101.26,0.80525,1.2087,1.2645,1.2573
2012-10-12,1.297,101.7,0.8065,1.2093,1.2678,1.2654
2012-10-15,1.2971,102.1,0.80745,1.2091,1.2682,1.2661
2012-10-16,1.3046,102.94,0.8097,1.2091,1.287,1.2693
2012-10-17,1.312,103.23,0.8115,1.2106,1.2915,1.269
2012-10-18,1.3118,104.01,0.8119,1.2094,1.2843,1.2632
2012-10-19,1.3035,103.27,0.81275,1.2085,1.2885,1.2586
2012-10-22,1.3063,104.27,0.8145,1.2097,1.2987,1.2657
2012-10-23,1.3005,103.84,0.81365,1.2098,1.2961,1.2662
2012-10-24,1.2942,103.33,0.8083,1.21,1.2807,1.2526
2012-10-25,1.2993,104.15,0.8048999999999999,1.2097,1.2884,1.251
2012-10-26,1.2908,103.15,0.8012,1.209,1.2865,1.2486
2012-10-29,1.2898,102.69,0.80455,1.2087,1.2895,1.2455
2012-10-30,1.2962,103,0.8062,1.2085,1.2961,1.2489
2012-10-31,1.2993,103.78,0.80645,1.2076,1.3005,1.2528
2012-11-01,1.2975,103.82,0.80315,1.2072,1.2969,1.2491
2012-11-02,1.285,103.55,0.8016,1.2073,1.2783,1.2374
2012-11-05,1.2777,102.6,0.7999000000000001,1.2063,1.2732,1.2338
2012-11-06,1.28,102.6,0.8009500000000001,1.2075,1.2722,1.2263
2012-11-07,1.2746,102.11,0.7984,1.2065,1.2662,1.2228
2012-11-08,1.2736,101.74,0.79655,1.2058,1.269,1.223
2012-11-09,1.2694,100.44,0.79725,1.2054,1.273,1.2251
2012-11-12,1.2735,101.13,0.802,1.2057,1.2725,1.22
2012-11-13,1.2696,100.93,0.79965,1.2046,1.2709,1.2187
2012-11-14,1.2726,102,0.8026,1.204,1.2741,1.2217
2012-11-15,1.2756,103.66,0.80545,1.2042,1.2782,1.235
2012-11-16,1.2745,103.44,0.80245,1.2042,1.2753,1.2337
2012-11-19,1.2762,103.6,0.8032,1.2045,1.2744,1.2283
2012-11-20,1.2809,104.39,0.80465,1.2049,1.2755,1.2331
2012-11-21,1.2805,105.49,0.8037,1.2041,1.2774,1.2358
2012-11-22,1.2893,106.42,0.8077,1.2045,1.2841,1.242
2012-11-23,1.2909,106.19,0.8101,1.205,1.2865,1.2393
2012-11-26,1.2964,106.47,0.8099499999999999,1.2046,1.2884,1.2416
2012-11-27,1.2961,106.46,0.8081,1.2043,1.2846,1.2372
2012-11-28,1.2891,105.44,0.80687,1.2033,1.2823,1.2339
2012-11-29,1.2994,106.72,0.81053,1.2043,1.2886,1.2432
2012-11-30,1.2986,107.37,0.8108,1.2054,1.2904,1.2474
2012-12-03,1.3057,107.36,0.8121,1.2087,1.2964,1.2517
2012-12-04,1.3092,107.28,0.8123,1.2136,1.3013,1.2497
2012-12-05,1.3065,107.31,0.8119,1.2128,1.296,1.2483
2012-12-06,1.3072,107.66,0.81135,1.2114,1.2961,1.2456
2012-12-07,1.2905,106.19,0.8061,1.2077,1.2806,1.2318
2012-12-10,1.293,106.23,0.8044,1.2068,1.2761,1.2318
2012-12-11,1.2993,107.11,0.8074,1.2115,1.282,1.2381
2012-12-12,1.304,108.12,0.80775,1.2109,1.285,1.2358
2012-12-13,1.3077,109.18,0.81005,1.209,1.2852,1.2391
2012-12-14,1.3081,109.55,0.8115,1.2089,1.2878,1.2429
2012-12-17,1.316,110.39,0.8120000000000001,1.2082,1.299,1.2494
2012-12-18,1.3178,110.53,0.8128,1.208,1.2972,1.2512
2012-12-19,1.3302,112.36,0.8161,1.2096,1.3126,1.2667
2012-12-20,1.3246,111.52,0.8146,1.2079,1.3106,1.2632
2012-12-21,1.3209,110.99,0.8142,1.2077,1.309,1.2662
2012-12-24,1.3218,111.64,0.8175,1.207,1.3124,1.2715
2012-12-27,1.3266,113.87,0.8199,1.2082,1.3156,1.2782
2012-12-28,1.3183,113.5,0.81695,1.208,1.3122,1.2692
2012-12-31,1.3194,113.61,0.8161,1.2072,1.3137,1.2712
2013-01-02,1.3262,115.38,0.8139999999999999,1.209,1.306,1.2637
2013-01-03,1.3102,113.93,0.81075,1.209,1.2923,1.2471
2013-01-04,1.3012,114.96,0.8123,1.2092,1.2897,1.2494
2013-01-07,1.3039,114.48,0.8117,1.2087,1.2871,1.2421
2013-01-08,1.3086,114.56,0.8145,1.2092,1.2899,1.2466
2013-01-09,1.3056,114.34,0.8150500000000001,1.2089,1.2893,1.2419
2013-01-10,1.3113,115.76,0.8172,1.2104,1.2928,1.2403
2013-01-11,1.3274,118.18,0.8232,1.2157,1.306,1.2561
2013-01-14,1.3341,119.1,0.8312,1.2243,1.3158,1.2632
2013-01-15,1.3327,118.04,0.83025,1.2358,1.3142,1.2653
2013-01-16,1.3277,117.06,0.8300999999999999,1.2359,1.3102,1.2593
2013-01-17,1.3368,119.32,0.8341,1.2453,1.3193,1.2694
2013-01-18,1.3324,119.87,0.8372000000000001,1.2446,1.3192,1.2674
2013-01-21,1.3323,119.37,0.839,1.2421,1.323,1.2665
2013-01-22,1.3317,118.18,0.83965,1.2383,1.3242,1.2613
2013-01-23,1.333,117.98,0.8407,1.2385,1.3222,1.2635
2013-01-24,1.3349,119.73,0.8439,1.2417,1.3374,1.2737
2013-01-25,1.3469,122.71,0.8514,1.2444,1.3553,1.2917
2013-01-28,1.3444,122.21,0.8545,1.2472,1.3562,1.293
2013-01-29,1.3433,121.52,0.8536,1.2416,1.351,1.286
2013-01-30,1.3541,123.55,0.8583,1.2392,1.3573,1.2996
2013-01-31,1.355,123.32,0.857,1.2342,1.3577,1.3009
2013-02-01,1.3644,125.78,0.8617,1.2351,1.3637,1.3132
2013-02-04,1.3552,125.63,0.8619,1.235,1.3509,1.299
2013-02-05,1.3537,126.33,0.8599,1.2299,1.3511,1.303
2013-02-06,1.3517,126.48,0.8631,1.2348,1.3493,1.3109
2013-02-07,1.3546,126.88,0.8624000000000001,1.2312,1.3488,1.3135
2013-02-08,1.3374,123.52,0.84635,1.2282,1.3361,1.2942
2013-02-11,1.3391,125.12,0.8535,1.2294,1.3494,1.3029
2013-02-12,1.3438,126.6,0.8615,1.2328,1.3512,1.3107
2013-02-13,1.348,125.95,0.866,1.2365,1.3518,1.3036
2013-02-14,1.3327,124.39,0.8594000000000001,1.2293,1.3343,1.2879
2013-02-15,1.3325,124.03,0.8604000000000001,1.2303,1.336,1.2895
2013-02-18,1.3352,125.24,0.8619,1.2332,1.3439,1.2946
2013-02-19,1.3349,124.81,0.8631,1.2332,1.3504,1.2905
2013-02-20,1.337,125.09,0.8733,1.2347,1.3567,1.2961
2013-02-21,1.3186,122.85,0.8642,1.229,1.3437,1.2859
2013-02-22,1.3186,122.98,0.86205,1.2272,1.3458,1.2763
2013-02-25,1.3304,125,0.8789,1.2305,1.3602,1.2897
2013-02-26,1.3077,120.2,0.8633,1.2167,1.3418,1.2763
2013-02-27,1.3097,120.06,0.86405,1.2177,1.3434,1.2842
2013-02-28,1.3129,121.07,0.863,1.2209,1.3461,1.2809
2013-03-01,1.3,120.53,0.8647,1.2245,1.3437,1.2741
2013-03-04,1.3007,121.67,0.864,1.2256,1.338,1.2821
2013-03-05,1.3034,121.45,0.8598,1.2277,1.3379,1.2735
2013-03-06,1.3035,121.85,0.8643999999999999,1.2301,1.3408,1.267
2013-03-07,1.301,122.8,0.865,1.2318,1.3422,1.2685
2013-03-08,1.309,125.5,0.871,1.2355,1.347,1.2738
2013-03-11,1.2994,124.91,0.87335,1.236,1.3357,1.2702
2013-03-12,1.3053,125.25,0.8763,1.2344,1.3392,1.2633
2013-03-13,1.2981,124.59,0.8678,1.2319,1.3304,1.2573
2013-03-14,1.2937,124.79,0.8657,1.2347,1.3279,1.2495
2013-03-15,1.3086,125.56,0.864,1.2308,1.3352,1.2609
2013-03-18,1.2929,122.88,0.8562,1.2221,1.3211,1.2446
2013-03-19,1.2944,123.49,0.85585,1.2218,1.3265,1.2475
2013-03-20,1.2945,123.69,0.8552,1.2222,1.3271,1.2469
2013-03-21,1.291,122.95,0.85165,1.2225,1.3211,1.2375
2013-03-22,1.2948,122.85,0.8528,1.2212,1.3259,1.2412
2013-03-25,1.2935,122.55,0.8516,1.2213,1.3199,1.2356
2013-03-26,1.2861,121.25,0.849,1.2209,1.3103,1.2263
2013-03-27,1.2768,120.3,0.84515,1.2174,1.2984,1.2234
2013-03-28,1.2805,120.87,0.8456,1.2195,1.3021,1.2308
2013-04-02,1.284,119.79,0.8469,1.2159,1.3006,1.2267
2013-04-03,1.2828,119.96,0.8484,1.2167,1.301,1.2237
2013-04-04,1.2818,122.31,0.84745,1.2155,1.3012,1.229
2013-04-05,1.2944,124.49,0.8491,1.2158,1.3134,1.2425
2013-04-08,1.3023,128.46,0.85095,1.2168,1.3244,1.2503
2013-04-09,1.304,128.92,0.85175,1.22,1.3234,1.2449
2013-04-10,1.3086,129.69,0.8548,1.2183,1.329,1.2429
2013-04-11,1.3119,130.39,0.852,1.2187,1.3242,1.2411
2013-04-12,1.3052,129.54,0.8497,1.2167,1.3207,1.2396
2013-04-15,1.3081,127.83,0.8529,1.2147,1.335,1.2573
2013-04-16,1.3129,128.37,0.8569,1.2163,1.3411,1.2654
2013-04-17,1.3129,128.61,0.8613,1.2149,1.3469,1.2691
2013-04-18,1.3045,128.4,0.8548,1.2164,1.3362,1.2633
2013-04-19,1.3115,130.21,0.8544,1.2176,1.3443,1.2692
2013-04-22,1.3037,130,0.8563,1.2188,1.3375,1.2696
2013-04-23,1.299,128.56,0.85165,1.2219,1.335,1.2676
2013-04-24,1.3006,129.46,0.8525,1.2302,1.3345,1.2659
2013-04-25,1.308,129.67,0.8458,1.2334,1.3374,1.2669
2013-04-26,1.2999,128.13,0.84,1.2273,1.3256,1.2651
2013-04-29,1.3113,128.27,0.844,1.2279,1.3293,1.2671
2013-04-30,1.3072,127.35,0.8443000000000001,1.2238,1.3213,1.2649
2013-05-02,1.3191,129.04,0.8466,1.2244,1.3285,1.2871
2013-05-03,1.3114,128.6,0.8431,1.2235,1.3263,1.278
2013-05-06,1.3107,130.18,0.8431,1.228,1.3217,1.2801
2013-05-07,1.3107,129.98,0.8442,1.2333,1.3175,1.2908
2013-05-08,1.3135,129.89,0.8469,1.2336,1.319,1.2873
2013-05-09,1.3142,129.8,0.84435,1.229,1.3189,1.2858
2013-05-10,1.2988,131.94,0.8443000000000001,1.243,1.3113,1.2978
2013-05-13,1.2973,132.01,0.8441,1.2404,1.3092,1.3003
2013-05-14,1.2977,131.88,0.84815,1.2416,1.3157,1.308
2013-05-15,1.2864,132.04,0.8464,1.2499,1.3133,1.3015
2013-05-16,1.289,132.15,0.8455,1.2444,1.314,1.312
2013-05-17,1.2869,131.87,0.84475,1.2449,1.322,1.3216
2013-05-20,1.2853,131.86,0.8456,1.246,1.3212,1.314
2013-05-21,1.2866,132.33,0.8491,1.2476,1.3212,1.3147
2013-05-22,1.2923,133.26,0.8557,1.2599,1.3315,1.3253
2013-05-23,1.2888,131.07,0.85515,1.2486,1.3339,1.3302
2013-05-24,1.2939,131.25,0.85695,1.2466,1.3369,1.3348
2013-05-27,1.2939,130.59,0.8556,1.2452,1.3357,1.3405
2013-05-28,1.2938,131.98,0.8552999999999999,1.2533,1.3383,1.3355
2013-05-29,1.2952,130.9,0.85695,1.248,1.3434,1.3447
2013-05-30,1.2944,131.7,0.8557,1.2487,1.3433,1.3493
2013-05-31,1.3006,130.47,0.85365,1.2406,1.3434,1.354
2013-06-03,1.3008,130.37,0.8518,1.2456,1.3455,1.3457
2013-06-04,1.3092,131.28,0.8558,1.2397,1.351,1.3538
2013-06-05,1.3067,130.13,0.85105,1.2371,1.3509,1.3647
2013-06-06,1.3118,129.96,0.8491,1.2357,1.3529,1.3789
2013-06-07,1.326,126.81,0.8512999999999999,1.2273,1.3568,1.3926
2013-06-10,1.3209,130.47,0.8504,1.2395,1.3455,1.3983
2013-06-11,1.3273,128.6,0.8539,1.2305,1.3594,1.4206
2013-06-12,1.3277,128.3,0.8482499999999999,1.2323,1.3489,1.3927
2013-06-13,1.3315,125.36,0.8495,1.229,1.3541,1.3919
2013-06-14,1.3303,126.37,0.8515,1.2322,1.3524,1.3841
2013-06-17,1.3337,126.36,0.84755,1.2308,1.3548,1.3876
2013-06-18,1.3374,127.55,0.8562,1.2315,1.3635,1.4131
2013-06-19,1.3406,127.44,0.8558,1.2326,1.3673,1.4105
2013-06-20,1.32,129.26,0.8545,1.2319,1.3651,1.4323
2013-06-21,1.318,128.66,0.8532999999999999,1.2257,1.3705,1.4296
2013-06-24,1.3086,128.54,0.85115,1.2241,1.3797,1.4246
2013-06-25,1.3134,127.79,0.8486,1.2268,1.377,1.4156
2013-06-26,1.3024,127.33,0.8482,1.2262,1.3649,1.4033
2013-06-27,1.3032,127.93,0.8531,1.2326,1.3599,1.3995
2013-06-28,1.308,129.39,0.8572,1.2338,1.3714,1.4171
2013-07-01,1.3037,129.99,0.85625,1.234,1.3714,1.419
2013-07-02,1.3017,130.08,0.8579,1.2354,1.3756,1.4222
2013-07-03,1.2959,128.85,0.8492,1.2285,1.3664,1.4278
2013-07-04,1.2984,129.64,0.8598,1.2328,1.369,1.4239
2013-07-05,1.2883,128.97,0.86055,1.2348,1.3554,1.4049
2013-07-08,1.285,130.04,0.8616,1.2404,1.3567,1.4145
2013-07-09,1.2857,130.07,0.865,1.2452,1.3558,1.4024
2013-07-10,1.2813,128.44,0.8602,1.244,1.3475,1.3935
2013-07-11,1.3044,129.63,0.8629,1.2414,1.3572,1.4162
2013-07-12,1.3034,129.75,0.8627,1.2388,1.3537,1.4436
2013-07-15,1.3012,130.68,0.8647,1.2394,1.3568,1.438
2013-07-16,1.3118,130.35,0.8693,1.2371,1.3657,1.4225
2013-07-17,1.3136,131.15,0.86315,1.234,1.3656,1.4273
2013-07-18,1.3093,131.22,0.8609,1.237,1.364,1.429
2013-07-19,1.3123,131.67,0.85995,1.2361,1.3618,1.424
2013-07-22,1.3166,131.47,0.859,1.237,1.3618,1.4272
2013-07-23,1.318,131.91,0.85955,1.2387,1.362,1.4268
2013-07-24,1.3246,132.6,0.8626,1.2388,1.3604,1.4361
2013-07-25,1.3202,131.81,0.8637,1.2365,1.3593,1.4388
2013-07-26,1.326,130.84,0.86105,1.2334,1.3638,1.434
2013-07-29,1.327,129.91,0.8633999999999999,1.233,1.3636,1.4364
2013-07-30,1.3284,129.99,0.86735,1.2335,1.3629,1.4618
2013-07-31,1.3275,130,0.8735000000000001,1.2317,1.3669,1.4725
2013-08-01,1.3236,130.69,0.8692,1.2317,1.363,1.4733
2013-08-02,1.3203,131.78,0.87135,1.2383,1.3734,1.4837
2013-08-05,1.3257,130.62,0.86425,1.2352,1.3782,1.491
2013-08-06,1.328,130.27,0.86575,1.2313,1.3778,1.4817
2013-08-07,1.3305,129.21,0.85955,1.2321,1.3868,1.4878
2013-08-08,1.336,128.68,0.862,1.2307,1.3909,1.4726
2013-08-09,1.3373,128.96,0.8613499999999999,1.231,1.3762,1.4587
2013-08-12,1.328,128.66,0.8586,1.2327,1.3693,1.4496
2013-08-13,1.329,130.27,0.85955,1.2358,1.3715,1.4549
2013-08-14,1.3243,130.17,0.8544,1.2415,1.3689,1.4524
2013-08-15,1.3297,130.48,0.8532999999999999,1.2427,1.3732,1.4525
2013-08-16,1.334,130.03,0.85325,1.2354,1.3771,1.454
2013-08-19,1.3344,130.72,0.8529,1.2352,1.3786,1.4592
2013-08-20,1.3392,130.33,0.8549,1.2323,1.3897,1.4761
2013-08-21,1.3384,130.52,0.85295,1.231,1.3966,1.4811
2013-08-22,1.3323,131.45,0.85505,1.2349,1.3984,1.4813
2013-08-23,1.3355,132.35,0.8591,1.2358,1.4114,1.4879
2013-08-26,1.3361,131.74,0.8585,1.2352,1.4064,1.4831
2013-08-27,1.3338,130.07,0.8609,1.2293,1.404,1.4877
2013-08-28,1.3347,130.1,0.8632,1.229,1.4001,1.4975
2013-08-29,1.3266,130.34,0.8549,1.2308,1.3923,1.4839
2013-08-30,1.3235,130.01,0.85395,1.231,1.3936,1.482
2013-09-02,1.3207,131.09,0.84775,1.2317,1.3907,1.468
2013-09-03,1.3172,130.98,0.8473000000000001,1.2325,1.3864,1.4583
2013-09-04,1.3171,131.06,0.8438,1.2345,1.3814,1.4373
2013-09-05,1.3202,131.64,0.8431,1.239,1.3837,1.4451
2013-09-06,1.3117,130.71,0.842,1.2382,1.3682,1.4309
2013-09-09,1.3194,131.3,0.8413,1.235,1.3699,1.4338
2013-09-10,1.324,132.8,0.8438,1.2392,1.3684,1.4255
2013-09-11,1.3268,132.96,0.8414,1.2395,1.3716,1.4288
2013-09-12,1.329,132.18,0.841,1.2368,1.3715,1.4367
2013-09-13,1.3295,132.43,0.8399,1.2376,1.3739,1.438
2013-09-16,1.3357,132.05,0.8385,1.2374,1.3759,1.4248
2013-09-17,1.3356,132.44,0.8397,1.2375,1.3774,1.4279
2013-09-18,1.3352,132.18,0.8358,1.237,1.3762,1.4281
2013-09-19,1.3545,134.09,0.842,1.2333,1.3829,1.4261
2013-09-20,1.3514,134.57,0.8436,1.233,1.3898,1.4354
2013-09-23,1.3508,133.59,0.84115,1.2323,1.3909,1.4313
2013-09-24,1.3473,132.92,0.84431,1.2295,1.3857,1.4347
2013-09-25,1.3504,133.14,0.84165,1.2304,1.3924,1.443
2013-09-26,1.3499,133.41,0.8418,1.2288,1.3909,1.439
2013-09-27,1.3537,133.28,0.84,1.2248,1.3967,1.4542
2013-09-30,1.3505,131.78,0.83605,1.2225,1.3912,1.4486
2013-10-01,1.3554,132.6,0.8345,1.2253,1.3962,1.4388
2013-10-02,1.3515,131.76,0.8341,1.2241,1.3988,1.4458
2013-10-03,1.3594,132.81,0.8394,1.2276,1.4053,1.45
2013-10-04,1.3593,132.03,0.8469,1.2271,1.4042,1.4409
2013-10-07,1.3572,131.46,0.8437,1.2262,1.401,1.4421
2013-10-08,1.3576,131.94,0.84265,1.2284,1.3994,1.4316
2013-10-09,1.3515,131.55,0.8464,1.2313,1.4029,1.4299
2013-10-10,1.3532,132.37,0.8481,1.2311,1.4053,1.4346
2013-10-11,1.3566,133.38,0.849,1.2314,1.4094,1.4318
2013-10-14,1.3564,133.19,0.8483000000000001,1.2334,1.4041,1.4313
2013-10-15,1.3493,132.89,0.84635,1.2361,1.3975,1.4167
2013-10-16,1.3561,133.38,0.8459,1.2341,1.4067,1.4227
2013-10-17,1.3662,133.64,0.8476,1.2327,1.4069,1.4197
2013-10-18,1.3684,133.73,0.84515,1.2343,1.4089,1.4173
2013-10-21,1.3667,134.17,0.8465,1.2352,1.4069,1.4139
2013-10-22,1.3674,134.52,0.8476,1.2355,1.4084,1.4143
2013-10-23,1.3752,133.95,0.8516,1.2307,1.4189,1.4298
2013-10-24,1.3805,134.32,0.8537,1.2303,1.4358,1.4354
2013-10-25,1.3777,134.15,0.8519,1.2348,1.438,1.4369
2013-10-28,1.3784,134.65,0.8534,1.2343,1.4396,1.4387
2013-10-29,1.3768,134.88,0.8567,1.2358,1.4379,1.4505
2013-10-30,1.3755,135.11,0.8559,1.2347,1.4364,1.4471
2013-10-31,1.3641,133.99,0.8502,1.2333,1.4251,1.4353
2013-11-01,1.3505,132.9,0.84635,1.231,1.4082,1.4265
2013-11-04,1.3506,133.28,0.8456,1.2321,1.4048,1.4215
2013-11-05,1.3494,132.59,0.8403,1.2297,1.4073,1.4157
2013-11-06,1.3517,133.33,0.8403,1.2321,1.4112,1.4186
2013-11-07,1.3365,132,0.8321,1.2298,1.394,1.4088
2013-11-08,1.3431,131.58,0.83525,1.2302,1.4042,1.4193
2013-11-11,1.3394,132.86,0.8381,1.2328,1.4026,1.4314
2013-11-12,1.3432,133.87,0.8447,1.2328,1.4097,1.4401
2013-11-13,1.3415,133.27,0.8399,1.2316,1.4071,1.4409
2013-11-14,1.3436,134.26,0.8371499999999999,1.2332,1.4106,1.4454
2013-11-15,1.346,134.99,0.8377,1.2346,1.4085,1.4422
2013-11-18,1.3517,135.23,0.8388,1.2321,1.4081,1.4378
2013-11-19,1.3502,134.89,0.8385,1.2333,1.4092,1.4341
2013-11-20,1.3527,135.2,0.83765,1.2323,1.4145,1.4418
2013-11-21,1.3472,135.83,0.835,1.2318,1.4109,1.4536
2013-11-22,1.3518,136.74,0.8344,1.2302,1.4249,1.4746
2013-11-25,1.3514,137.57,0.8348,1.2311,1.4272,1.4754
2013-11-26,1.3547,137.34,0.8383,1.2312,1.4258,1.4861
2013-11-27,1.3596,138.43,0.83405,1.2305,1.4382,1.4952
2013-11-28,1.3592,139.06,0.8321499999999999,1.2323,1.4376,1.4915
2013-11-29,1.3611,139.21,0.83275,1.2298,1.4394,1.4934
2013-12-02,1.3536,139.16,0.82605,1.2321,1.4387,1.4812
2013-12-03,1.3578,139.31,0.8270999999999999,1.2287,1.4465,1.4873
2013-12-04,1.3592,139.31,0.83,1.2268,1.4484,1.5046
2013-12-05,1.3594,138.73,0.8313,1.2262,1.4487,1.5038
2013-12-06,1.3661,139.63,0.8358,1.2231,1.4548,1.5065
2013-12-09,1.3722,141.33,0.83765,1.2231,1.4633,1.5101
2013-12-10,1.375,141.35,0.83645,1.2214,1.4604,1.5039
2013-12-11,1.3767,141.22,0.8402500000000001,1.2219,1.4581,1.5123
2013-12-12,1.3775,141.51,0.8397,1.2211,1.4571,1.521
2013-12-13,1.3727,141.93,0.8437,1.2226,1.4626,1.5355
2013-12-16,1.3776,141.87,0.84385,1.2212,1.4579,1.54
2013-12-17,1.3749,141.61,0.8456,1.2206,1.4557,1.5421
2013-12-18,1.3749,141.61,0.8401,1.2211,1.4621,1.5434
2013-12-19,1.3667,142.55,0.8349,1.2261,1.465,1.5445
2013-12-20,1.3655,142.66,0.8348,1.2263,1.46,1.5405
2013-12-23,1.3702,142.38,0.8377,1.2257,1.4524,1.532
2013-12-24,1.3684,142.66,0.8360300000000001,1.2243,1.4519,1.533
2013-12-27,1.3814,145.02,0.83665,1.2234,1.4731,1.5506
2013-12-30,1.3783,145.02,0.8364,1.2259,1.4764,1.552
2013-12-31,1.3791,144.72,0.8337,1.2276,1.4671,1.5423
2014-01-02,1.3658,143.82,0.8282,1.2307,1.452,1.5424
2014-01-03,1.3634,142.46,0.83045,1.2309,1.4468,1.5156
2014-01-06,1.3602,142.28,0.8303,1.2319,1.4496,1.5207
2014-01-07,1.3641,142.43,0.8311500000000001,1.2367,1.4585,1.528
2014-01-08,1.3594,142.33,0.8277,1.2383,1.4692,1.5212
2014-01-09,1.3612,142.92,0.82575,1.2368,1.478,1.5343
2014-01-10,1.3587,142.67,0.828,1.2342,1.4777,1.5265
2014-01-13,1.3654,141.37,0.8317,1.2342,1.4897,1.5066
2014-01-14,1.3667,141.62,0.83145,1.2334,1.4883,1.5189
2014-01-15,1.3606,141.86,0.8302,1.2354,1.4905,1.5263
2014-01-16,1.3597,142.21,0.8321499999999999,1.235,1.4851,1.5457
2014-01-17,1.3584,141.8,0.8262,1.2332,1.49,1.5455
2014-01-20,1.3566,141.05,0.8262,1.2337,1.4838,1.5388
2014-01-21,1.3526,141.58,0.8239,1.2357,1.4877,1.5403
2014-01-22,1.3566,141.57,0.819,1.2345,1.4876,1.5291
2014-01-23,1.3639,141.99,0.82175,1.2317,1.5199,1.554
2014-01-24,1.3687,140.18,0.8290999999999999,1.2256,1.5141,1.5715
2014-01-27,1.3658,140.39,0.82505,1.2267,1.508,1.5618
2014-01-28,1.3649,140.61,0.82285,1.2278,1.521,1.5515
2014-01-29,1.3608,139.73,0.8221000000000001,1.2255,1.5173,1.5535
2014-01-30,1.3574,139.28,0.8238,1.2233,1.5176,1.5459
2014-01-31,1.3516,138.13,0.82135,1.222,1.5131,1.5516
2014-02-03,1.3498,137.82,0.8259,1.2226,1.495,1.5346
2014-02-04,1.3519,137.05,0.82905,1.2215,1.497,1.5195
2014-02-05,1.3543,136.78,0.8322000000000001,1.2222,1.4976,1.5174
2014-02-06,1.3495,136.93,0.82875,1.2224,1.4925,1.5051
2014-02-07,1.3574,138.79,0.8314,1.2237,1.5025,1.5178
2014-02-10,1.3638,139.26,0.8316,1.2234,1.5063,1.5259
2014-02-11,1.3676,140,0.83075,1.2235,1.5093,1.5148
2014-02-12,1.3573,138.89,0.8216,1.2249,1.493,1.5016
2014-02-13,1.3675,139.42,0.8215,1.2216,1.5047,1.5257
2014-02-14,1.3707,139.48,0.82035,1.2221,1.5017,1.5176
2014-02-17,1.3699,139.6,0.81885,1.2221,1.5015,1.5159
2014-02-18,1.3731,140.77,0.8233,1.2221,1.5059,1.5212
2014-02-19,1.3745,140.08,0.8250999999999999,1.2214,1.5051,1.5217
2014-02-20,1.3706,139.91,0.822,1.2203,1.5189,1.5269
2014-02-21,1.3707,140.5,0.8218299999999999,1.2195,1.5304,1.5283
2014-02-24,1.3735,140.69,0.82465,1.2209,1.5243,1.5271
2014-02-25,1.3754,140.65,0.82395,1.2193,1.5233,1.5239
2014-02-26,1.3726,140.5,0.8226,1.2198,1.523,1.5288
2014-02-27,1.3656,139.15,0.82035,1.2161,1.52,1.5286
2014-02-28,1.3813,140.63,0.82625,1.2153,1.5357,1.5414
2014-03-03,1.3768,139.51,0.8230499999999999,1.2129,1.5278,1.5432
2014-03-04,1.3768,140.2,0.8246,1.2172,1.5244,1.5392
2014-03-05,1.3732,140.71,0.8217,1.2186,1.519,1.5295
2014-03-06,1.3745,141.22,0.8234,1.219,1.5162,1.5168
2014-03-07,1.3894,143.02,0.8285,1.2191,1.5261,1.5216
2014-03-10,1.3881,143.39,0.8338,1.2192,1.5419,1.5359
2014-03-11,1.385,143.05,0.8336,1.2175,1.539,1.533
2014-03-12,1.3887,142.68,0.8359,1.2159,1.5465,1.5507
2014-03-13,1.3942,143.3,0.83545,1.216,1.5428,1.5372
2014-03-14,1.3884,140.63,0.83665,1.2124,1.5393,1.5382
2014-03-17,1.3906,141.45,0.83675,1.2154,1.5393,1.5311
2014-03-18,1.3902,141.1,0.8383,1.2162,1.5355,1.5255
2014-03-19,1.3913,141.31,0.8368,1.2167,1.5545,1.5269
2014-03-20,1.3762,140.85,0.83455,1.219,1.5507,1.5257
2014-03-21,1.378,141.07,0.8357,1.2182,1.5435,1.5199
2014-03-24,1.3774,141.05,0.8354,1.2197,1.5448,1.5091
2014-03-25,1.3789,141.22,0.8348,1.2197,1.5413,1.5069
2014-03-26,1.3791,141.25,0.8336,1.2216,1.5398,1.4934
2014-03-27,1.3758,140.75,0.8277,1.2187,1.5262,1.4899
2014-03-28,1.3759,140.9,0.8272,1.2186,1.5187,1.4886
2014-03-31,1.3788,142.42,0.8282,1.2194,1.5225,1.4941
2014-04-01,1.379,142.53,0.8292,1.2178,1.5241,1.4929
2014-04-02,1.3795,143.03,0.828,1.219,1.5191,1.4905
2014-04-03,1.3771,143.12,0.8297,1.2209,1.5172,1.4912
2014-04-04,1.37,142.33,0.8267,1.2235,1.51,1.481
2014-04-07,1.3723,141.65,0.8270999999999999,1.2202,1.5084,1.4818
2014-04-08,1.3774,140.9,0.8242,1.22,1.5055,1.476
2014-04-09,1.3794,140.73,0.82375,1.2184,1.5082,1.4727
2014-04-10,1.3867,141,0.8272,1.218,1.5118,1.4732
2014-04-11,1.3872,140.69,0.8290999999999999,1.2161,1.5216,1.4772
2014-04-14,1.3827,140.87,0.8274,1.2154,1.5163,1.4692
2014-04-15,1.3803,140.62,0.8250999999999999,1.2162,1.5171,1.4697
2014-04-16,1.384,141.55,0.8239,1.2169,1.52,1.4788
2014-04-17,1.3855,141.57,0.8243,1.2175,1.5253,1.4822
2014-04-22,1.3817,141.69,0.8205,1.2214,1.5218,1.4753
2014-04-23,1.3834,141.46,0.8239,1.2198,1.5249,1.4905
2014-04-24,1.382,141.63,0.823,1.2203,1.5237,1.4916
2014-04-25,1.3831,141.05,0.82285,1.2194,1.5239,1.4883
2014-04-28,1.3861,141.85,0.8228,1.2181,1.528,1.4934
2014-04-29,1.3826,142.03,0.8222,1.22,1.5167,1.4916
2014-04-30,1.385,142.07,0.823,1.22,1.5191,1.4947
2014-05-02,1.3862,142.06,0.8214,1.2189,1.52,1.4971
2014-05-05,1.3874,141.44,0.8229300000000001,1.2174,1.5242,1.4975
2014-05-06,1.3945,141.89,0.82115,1.2169,1.5232,1.4932
2014-05-07,1.3927,141.68,0.8207,1.2186,1.5164,1.4909
2014-05-08,1.3953,141.95,0.8233,1.2178,1.5175,1.4857
2014-05-09,1.3781,140.14,0.81725,1.2186,1.4925,1.4714
2014-05-12,1.3765,140.31,0.81515,1.2211,1.4976,1.4684
2014-05-13,1.3703,140.25,0.81395,1.2201,1.4935,1.4625
2014-05-14,1.3719,139.65,0.8177,1.2199,1.4958,1.4597
2014-05-15,1.3659,139.17,0.8152,1.2227,1.4845,1.4589
2014-05-16,1.3696,138.95,0.8148,1.221,1.4897,1.4633
2014-05-19,1.3715,138.79,0.8146,1.2228,1.4904,1.4654
2014-05-20,1.3702,138.88,0.8139999999999999,1.2223,1.4921,1.4797
2014-05-21,1.3676,138.18,0.8094,1.2216,1.4908,1.4819
2014-05-22,1.3668,138.96,0.8104,1.2215,1.4915,1.4799
2014-05-23,1.363,138.92,0.80935,1.221,1.4858,1.4782
2014-05-26,1.3635,138.97,0.8099,1.221,1.4812,1.4761
2014-05-27,1.3638,139.01,0.8110000000000001,1.2221,1.4796,1.4737
2014-05-28,1.3608,138.73,0.8125,1.2225,1.4781,1.4745
2014-05-29,1.3612,138.34,0.8145,1.221,1.4774,1.4648
2014-05-30,1.3607,138.36,0.8131,1.2204,1.4745,1.4635
2014-06-02,1.3611,138.94,0.8129,1.2214,1.4786,1.4714
2014-06-03,1.3645,139.64,0.8147,1.2216,1.4888,1.4731
2014-06-04,1.3627,139.78,0.8129999999999999,1.2204,1.4893,1.4695
2014-06-05,1.3567,139.24,0.8103,1.22,1.4842,1.4608
2014-06-06,1.3642,139.71,0.8108,1.2185,1.4902,1.4613
2014-06-09,1.3608,139.39,0.80985,1.2193,1.4861,1.4545
2014-06-10,1.3547,138.63,0.8075,1.2188,1.4784,1.4458
2014-06-11,1.3547,138.19,0.8070000000000001,1.2179,1.4749,1.4419
2014-06-12,1.3528,138.12,0.8038999999999999,1.2174,1.469,1.4383
2014-06-13,1.3534,138.08,0.7979000000000001,1.2178,1.4683,1.4414
2014-06-16,1.3532,137.81,0.7974,1.2176,1.4724,1.4426
2014-06-17,1.3568,138.4,0.7994,1.2188,1.4742,1.4492
2014-06-18,1.3563,138.65,0.8005,1.218,1.4742,1.4525
2014-06-19,1.362,138.82,0.7998499999999999,1.217,1.4749,1.4478
2014-06-20,1.3588,138.68,0.7975,1.2169,1.4694,1.4456
2014-06-23,1.3596,138.46,0.7994,1.2167,1.4594,1.4405
2014-06-24,1.3618,138.8,0.8015,1.2173,1.4615,1.449
2014-06-25,1.3615,138.73,0.80225,1.2168,1.462,1.4539
2014-06-26,1.3606,138.49,0.7991,1.2164,1.4577,1.446
2014-06-27,1.362,138.09,0.79965,1.2162,1.4556,1.446
2014-06-30,1.3658,138.44,0.8015,1.2156,1.4589,1.4537
2014-07-01,1.3688,138.98,0.7981,1.2138,1.4587,1.4479
2014-07-02,1.3656,138.65,0.7958,1.2137,1.4535,1.4447
2014-07-03,1.3646,139.06,0.7965,1.2147,1.453,1.4552
2014-07-04,1.3588,138.67,0.7926,1.216,1.4451,1.4529
2014-07-07,1.3592,138.53,0.7938499999999999,1.2155,1.4466,1.4522
2014-07-08,1.3589,138.26,0.7938499999999999,1.2155,1.4508,1.4459
2014-07-09,1.3603,138.38,0.79555,1.2158,1.4506,1.4486
2014-07-10,1.3604,137.87,0.79505,1.2143,1.4515,1.452
2014-07-11,1.3595,137.75,0.7941,1.2143,1.4466,1.4463
2014-07-14,1.3627,138.29,0.7966,1.2139,1.4619,1.45
2014-07-15,1.3613,138.28,0.7931,1.2142,1.4611,1.4522
2014-07-16,1.3532,137.73,0.7903,1.2156,1.4564,1.448
2014-07-17,1.3525,137.27,0.7909,1.2147,1.4537,1.4426
2014-07-18,1.3525,137.07,0.79155,1.2144,1.4533,1.4407
2014-07-21,1.3518,136.97,0.7915,1.2144,1.4524,1.4407
2014-07-22,1.3481,136.93,0.7905,1.2151,1.4502,1.4368
2014-07-23,1.3465,136.51,0.7907999999999999,1.215,1.4436,1.4248
2014-07-24,1.3472,136.97,0.79215,1.2152,1.4449,1.4272
2014-07-25,1.344,136.97,0.79115,1.2152,1.4472,1.4289
2014-07-28,1.3433,136.74,0.79055,1.215,1.452,1.4275
2014-07-29,1.3429,137.04,0.7924,1.2152,1.4529,1.4303
2014-07-30,1.3401,137.05,0.7917,1.2165,1.4572,1.431
2014-07-31,1.3379,137.66,0.7927999999999999,1.2169,1.461,1.4396
2014-08-01,1.3395,137.92,0.7961,1.2163,1.4635,1.4431
2014-08-04,1.3422,137.72,0.7972,1.2167,1.466,1.4408
2014-08-05,1.3382,137.46,0.7939000000000001,1.2175,1.4655,1.4365
2014-08-06,1.3345,136.58,0.7928500000000001,1.2152,1.4643,1.4329
2014-08-07,1.3368,136.76,0.794,1.215,1.4615,1.4414
2014-08-08,1.3388,136.45,0.7967,1.2137,1.4614,1.4419
2014-08-11,1.3386,136.72,0.7976,1.2134,1.4663,1.4443
2014-08-12,1.3346,136.49,0.7955,1.2138,1.4614,1.4406
2014-08-13,1.336,136.89,0.7997,1.2135,1.4593,1.4375
2014-08-14,1.3373,136.99,0.8016,1.2124,1.4565,1.4354
2014-08-15,1.3388,137.33,0.80215,1.2114,1.4593,1.4362
2014-08-18,1.3383,137.22,0.8002,1.2107,1.4559,1.436
2014-08-19,1.3354,137.12,0.80265,1.2104,1.4568,1.4298
2014-08-20,1.3284,137.23,0.7981,1.2106,1.4549,1.4295
2014-08-21,1.3262,137.71,0.79925,1.2109,1.454,1.4283
2014-08-22,1.3267,137.7,0.8003,1.21,1.4537,1.4248
2014-08-25,1.32,137.13,0.79567,1.2087,1.4457,1.4175
2014-08-26,1.3192,137.15,0.79605,1.2086,1.4465,1.4157
2014-08-27,1.3177,136.88,0.794,1.2068,1.4372,1.4102
2014-08-28,1.3178,136.68,0.7945,1.206,1.429,1.4079
2014-08-29,1.3188,137.11,0.7953,1.2061,1.4314,1.4123
2014-09-01,1.3133,136.97,0.79025,1.2072,1.4266,1.4059
2014-09-02,1.3115,137.63,0.7933,1.2072,1.4307,1.4129
2014-09-03,1.3151,138.11,0.79855,1.2078,1.4336,1.4094
2014-09-04,1.3015,136.89,0.7932,1.2055,1.416,1.3927
2014-09-05,1.2948,136.27,0.79455,1.2064,1.4085,1.3826
2014-09-08,1.2947,136.32,0.80235,1.2069,1.4119,1.387
2014-09-09,1.2902,136.9,0.8005,1.206,1.4163,1.3903
2014-09-10,1.2929,137.9,0.80125,1.2072,1.4213,1.4146
2014-09-11,1.2928,138.38,0.7958,1.21,1.4236,1.4182
2014-09-12,1.2931,138.72,0.7966,1.2089,1.43,1.4283
2014-09-15,1.2911,138.48,0.79495,1.2099,1.4313,1.4311
2014-09-16,1.2949,138.67,0.7992,1.2085,1.4297,1.434
2014-09-17,1.2956,139.05,0.7936,1.2101,1.4218,1.4302
2014-09-18,1.2872,140.11,0.7883,1.2086,1.4159,1.439
2014-09-19,1.2852,139.84,0.7865,1.2067,1.4109,1.4321
2014-09-22,1.2845,140.09,0.7866,1.2069,1.4135,1.4481
2014-09-23,1.2892,139.87,0.786,1.2069,1.4185,1.4481
2014-09-24,1.2826,139.5,0.7823,1.2077,1.4207,1.446
2014-09-25,1.2712,138.88,0.7804,1.2076,1.4136,1.4432
2014-09-26,1.2732,138.93,0.7806999999999999,1.2071,1.4148,1.4483
2014-09-29,1.2701,138.97,0.7827,1.2071,1.4172,1.4555
2014-09-30,1.2583,138.11,0.7773,1.2063,1.4058,1.4442
2014-10-01,1.2603,138.53,0.7782,1.2072,1.4139,1.4496
2014-10-02,1.2631,137.47,0.7824,1.2085,1.4067,1.4393
2014-10-03,1.2616,137.46,0.78525,1.2089,1.4108,1.4415
2014-10-06,1.2565,137.25,0.7857499999999999,1.212,1.4078,1.4381
2014-10-07,1.2607,136.9,0.784,1.2115,1.4054,1.4329
2014-10-08,1.2645,136.97,0.787,1.2132,1.4131,1.4416
2014-10-09,1.2763,137.37,0.7875,1.2107,1.418,1.4408
2014-10-10,1.2638,136.27,0.7882,1.2092,1.4151,1.4511
2014-10-13,1.2679,135.95,0.788,1.2077,1.4216,1.448
2014-10-14,1.2646,135.29,0.7945,1.2079,1.4223,1.4475
2014-10-15,1.2666,135.5,0.7957,1.2072,1.4405,1.4527
2014-10-16,1.2749,134.95,0.797,1.2061,1.4446,1.4645
2014-10-17,1.2823,136.45,0.7955,1.2074,1.4416,1.4597
2014-10-20,1.2773,136.62,0.7914,1.2064,1.4381,1.456
2014-10-21,1.2762,136.2,0.79,1.2068,1.4356,1.4475
2014-10-22,1.2693,135.79,0.7909,1.2062,1.4242,1.443
2014-10-23,1.2669,136.42,0.7904,1.2067,1.4208,1.4404
2014-10-24,1.2659,136.64,0.7887,1.206,1.4191,1.4396
2014-10-27,1.2679,136.76,0.7871,1.206,1.4261,1.4422
2014-10-28,1.2748,137.45,0.7881,1.2056,1.4287,1.437
2014-10-29,1.2737,137.75,0.79095,1.2059,1.4192,1.4334
2014-10-30,1.2598,137.27,0.7872,1.2059,1.4074,1.4311
2014-10-31,1.2524,140.18,0.78425,1.2067,1.412,1.4249
2014-11-03,1.2493,142.19,0.78085,1.2054,1.41,1.4347
2014-11-04,1.2514,141.96,0.7819,1.2055,1.4286,1.4342
2014-11-05,1.248,143.21,0.7843,1.2043,1.4281,1.4494
2014-11-06,1.2517,143.33,0.78615,1.2045,1.4281,1.453
2014-11-07,1.2393,142.89,0.7834,1.204,1.4168,1.4418
2014-11-10,1.2486,142.56,0.7852,1.2028,1.4124,1.4406
2014-11-11,1.2424,143.88,0.7836,1.2024,1.415,1.4386
2014-11-12,1.2467,143.63,0.788,1.2023,1.4109,1.4318
2014-11-13,1.2456,143.87,0.7912,1.2018,1.4111,1.4254
2014-11-14,1.2436,144.94,0.7944,1.2015,1.4155,1.4336
2014-11-17,1.2496,145.3,0.7989000000000001,1.2013,1.4133,1.4312
2014-11-18,1.2514,145.91,0.7994,1.2013,1.413,1.4342
2014-11-19,1.2535,147.45,0.79965,1.2014,1.4226,1.4512
2014-11-20,1.2539,148.25,0.7989000000000001,1.2014,1.42,1.4565
2014-11-21,1.2422,146.46,0.7921,1.2024,1.3987,1.4257
2014-11-24,1.241,146.82,0.7916,1.2027,1.3961,1.4387
2014-11-25,1.2424,146.66,0.7929,1.203,1.4003,1.4563
2014-11-26,1.2475,146.91,0.79095,1.2026,1.4057,1.4667
2014-11-27,1.248,146.67,0.792,1.2022,1.4039,1.456
2014-11-28,1.2483,147.69,0.7953,1.2018,1.4227,1.4647
2014-12-01,1.2469,147.62,0.7927,1.2028,1.4213,1.4681
2014-12-02,1.2424,148.08,0.7936,1.204,1.4125,1.472
2014-12-03,1.2331,147.2,0.7862,1.2032,1.4034,1.462
2014-12-04,1.2311,147.64,0.7861,1.2035,1.3998,1.4692
2014-12-05,1.2362,149.03,0.7881,1.2021,1.4085,1.4765
2014-12-08,1.2258,148.45,0.7845,1.2023,1.4027,1.4789
2014-12-09,1.2369,148.02,0.79015,1.2021,1.4166,1.4903
2014-12-10,1.2392,147.33,0.78975,1.2024,1.4186,1.4846
2014-12-11,1.2428,147.2,0.7927,1.2012,1.4281,1.5056
2014-12-12,1.245,147.41,0.7925,1.201,1.4417,1.5056
2014-12-15,1.2426,147.67,0.7936,1.2011,1.4407,1.5128
2014-12-16,1.2537,145.79,0.7965,1.2009,1.4612,1.5206
2014-12-17,1.2448,145.89,0.7932,1.201,1.4482,1.5203
2014-12-18,1.2285,145.96,0.7865,1.2052,1.4248,1.5005
2014-12-19,1.2279,146.41,0.7847,1.2039,1.4239,1.5012
2014-12-22,1.2259,147.06,0.7849,1.2035,1.4257,1.5057
2014-12-23,1.2213,146.8,0.7867,1.2032,1.4213,1.5027
2014-12-24,1.2219,147.07,0.7865,1.2025,1.4164,1.5053
2014-12-29,1.2197,146.96,0.7842,1.2028,1.4183,1.4964
2014-12-30,1.216,145.41,0.7823,1.2028,1.4132,1.4878
2014-12-31,1.2141,145.23,0.7789,1.2024,1.4063,1.4829
2015-01-02,1.2043,145.21,0.78,1.2022,1.4069,1.4841
2015-01-05,1.1915,143,0.7827,1.2016,1.4041,1.4755
2015-01-06,1.1914,141.69,0.7842,1.2014,1.4014,1.464
2015-01-07,1.1831,141.17,0.7823,1.2011,1.3996,1.466
2015-01-08,1.1768,141,0.7811,1.201,1.3905,1.4518
2015-01-09,1.1813,140.81,0.7799,1.201,1.3963,1.4506
2015-01-12,1.1804,140.56,0.7791,1.201,1.4043,1.4498
2015-01-13,1.1782,139.56,0.7766999999999999,1.201,1.4098,1.4441
2015-01-14,1.1775,137.48,0.7753,1.201,1.4089,1.4473
2015-01-15,1.1708,136.48,0.7672,1.028,1.3855,1.4143
2015-01-16,1.1588,135.06,0.7637,1.0128,1.3946,1.4113
2015-01-19,1.1605,136.27,0.7664,1.012,1.3906,1.4134
2015-01-20,1.1579,137.37,0.7637,1.0087,1.391,1.4123
2015-01-21,1.1593,136.07,0.7671,0.9997,1.3999,1.4113
2015-01-22,1.1618,136.7,0.7644,0.9943,1.4353,1.4299
2015-01-23,1.1198,132.12,0.7473,0.9816,1.3937,1.4169
2015-01-26,1.1244,133.03,0.74895,1.0014,1.4009,1.4227
2015-01-27,1.1306,133.08,0.74725,1.017,1.4085,1.4233
2015-01-28,1.1344,133.7,0.7466,1.0242,1.409,1.4234
2015-01-29,1.1315,133.43,0.74775,1.0372,1.4179,1.4535
2015-01-30,1.1305,133.08,0.7511,1.0468,1.4323,1.4535
2015-02-02,1.131,133.06,0.7526,1.0519,1.4332,1.4523
2015-02-03,1.1376,133.48,0.75395,1.0526,1.4316,1.4799
2015-02-04,1.1446,134.49,0.7516,1.0602,1.4253,1.4722
2015-02-05,1.141,133.98,0.7482,1.0587,1.429,1.4616
2015-02-06,1.1447,134.28,0.7473,1.0534,1.4246,1.4572
2015-02-09,1.1275,133.72,0.7415,1.0428,1.4094,1.443
2015-02-10,1.1297,134.67,0.742,1.0457,1.4088,1.4522
2015-02-11,1.1314,135.5,0.7396,1.0465,1.4268,1.4606
2015-02-12,1.1328,135.72,0.7376,1.0559,1.4228,1.4761
2015-02-13,1.1381,135.46,0.7401,1.0576,1.4235,1.4689
2015-02-16,1.1408,135.26,0.7421,1.0626,1.4206,1.4669
2015-02-17,1.1415,135.61,0.7433999999999999,1.0631,1.4125,1.4593
2015-02-18,1.1372,135.69,0.7372,1.0707,1.4158,1.4598
2015-02-19,1.1387,135.52,0.7379,1.0796,1.4257,1.4632
2015-02-20,1.1298,133.91,0.7348,1.0718,1.4073,1.4399
2015-02-23,1.1298,134.5,0.7352,1.0727,1.4256,1.451
2015-02-24,1.1328,135.36,0.7344000000000001,1.0755,1.4322,1.4609
2015-02-25,1.1346,134.92,0.7328,1.0773,1.4116,1.4388
2015-02-26,1.1317,134.54,0.7301,1.0745,1.4112,1.4357
2015-02-27,1.124,134.05,0.7278,1.0636,1.3995,1.4358
2015-03-02,1.1227,134.47,0.7294,1.0724,1.4025,1.4433
2015-03-03,1.1168,133.74,0.7276,1.0736,1.3981,1.4288
2015-03-04,1.1124,133.15,0.7259,1.0694,1.3922,1.4191
2015-03-05,1.1069,133.1,0.7251,1.0697,1.377,1.4205
2015-03-06,1.0963,131.48,0.722,1.07,1.3666,1.399
2015-03-09,1.086,131.31,0.7186,1.0691,1.3674,1.4043
2015-03-10,1.0738,130.29,0.7128,1.0703,1.3566,1.4034
2015-03-11,1.0578,128.33,0.70355,1.0655,1.3432,1.3899
2015-03-12,1.0613,128.29,0.7091,1.0636,1.3432,1.3771
2015-03-13,1.0572,128.41,0.7152500000000001,1.0648,1.3462,1.38
2015-03-16,1.0557,127.96,0.7131,1.0615,1.3493,1.3797
2015-03-17,1.0635,128.9,0.71995,1.066,1.3585,1.3914
2015-03-18,1.0592,128.35,0.723,1.0627,1.3583,1.3901
2015-03-19,1.0677,129.12,0.7183,1.0595,1.3578,1.3966
2015-03-20,1.0776,130.26,0.7255,1.0552,1.3655,1.3988
2015-03-23,1.0912,130.8,0.7318,1.0561,1.3667,1.3938
2015-03-24,1.095,130.89,0.7344000000000001,1.0491,1.3649,1.3843
2015-03-25,1.0985,131.13,0.7365,1.0517,1.3711,1.3925
2015-03-26,1.0973,130.67,0.7371,1.0498,1.3653,1.399
2015-03-27,1.0856,129.39,0.7298,1.0476,1.358,1.394
2015-03-30,1.0845,130.02,0.7328,1.0439,1.3709,1.4158
2015-03-31,1.0759,128.95,0.7272999999999999,1.0463,1.3738,1.4154
2015-04-01,1.0755,129.29,0.7285,1.0426,1.3632,1.4153
2015-04-02,1.083,129.59,0.7316,1.04,1.3693,1.4343
2015-04-07,1.0847,130.33,0.7286,1.0438,1.3563,1.4192
2015-04-08,1.0862,130.09,0.7264,1.0438,1.3487,1.4078
2015-04-09,1.0774,129.22,0.7268,1.0447,1.3493,1.3951
2015-04-10,1.057,127.32,0.7244,1.039,1.3386,1.3824
2015-04-13,1.0552,127.2,0.7215,1.0373,1.3324,1.3925
2015-04-14,1.0564,126.67,0.7217,1.0344,1.3292,1.3936
2015-04-15,1.0579,126.52,0.7168,1.0321,1.3277,1.3945
2015-04-16,1.0711,127.64,0.7189,1.0327,1.318,1.379
2015-04-17,1.0814,128.45,0.7199,1.0297,1.3183,1.3842
2015-04-20,1.0723,127.68,0.71955,1.0283,1.3138,1.3823
2015-04-21,1.07,127.75,0.7187,1.0252,1.3085,1.3821
2015-04-22,1.0743,128.45,0.7129,1.0323,1.3152,1.3796
2015-04-23,1.0772,129.36,0.717,1.0383,1.317,1.3937
2015-04-24,1.0824,129.36,0.7159,1.0338,1.3118,1.3884
2015-04-27,1.0822,129.23,0.7161999999999999,1.0367,1.3155,1.3867
2015-04-28,1.0927,130.09,0.715,1.0464,1.3188,1.3752
2015-04-29,1.1002,131.2,0.7161,1.0491,1.3262,1.3762
2015-04-30,1.1215,133.26,0.7267,1.0486,1.348,1.4161
2015-05-04,1.1152,134.07,0.73788,1.0431,1.3512,1.4225
2015-05-05,1.1117,133.92,0.735,1.0376,1.344,1.4119
2015-05-06,1.123,134.59,0.7376,1.0374,1.3487,1.403
2015-05-07,1.1305,134.72,0.7425,1.0343,1.3645,1.4186
2015-05-08,1.1221,134.9,0.728,1.0385,1.3581,1.4181
2015-05-11,1.1142,133.64,0.7196,1.0403,1.3497,1.4117
2015-05-12,1.1239,134.85,0.7164,1.0396,1.3532,1.407
2015-05-13,1.1221,134.31,0.7174,1.041,1.3436,1.3945
2015-05-14,1.1419,136.12,0.7231,1.0386,1.3645,1.4087
2015-05-15,1.1328,135.78,0.7211,1.0463,1.3636,1.4159
2015-05-18,1.1389,136.33,0.727,1.0482,1.3733,1.4228
2015-05-19,1.118,134.36,0.72185,1.042,1.3618,1.4027
2015-05-20,1.1118,134.43,0.7157,1.0429,1.3578,1.407
2015-05-21,1.1133,134.79,0.7099,1.0394,1.36,1.4112
2015-05-22,1.1164,135.01,0.7138,1.0417,1.362,1.4163
2015-05-25,1.0978,133.39,0.71,1.0349,1.3496,1.4023
2015-05-26,1.0926,134.07,0.7096,1.0351,1.352,1.402
2015-05-27,1.0863,134.37,0.707,1.0331,1.3531,1.4089
2015-05-28,1.0896,135.36,0.7124,1.0344,1.3594,1.4267
2015-05-29,1.097,135.95,0.719,1.0341,1.365,1.4338
2015-06-01,1.0944,135.79,0.7192499999999999,1.0331,1.3673,1.4341
2015-06-02,1.1029,137.52,0.7243000000000001,1.0391,1.3784,1.4342
2015-06-03,1.1134,138.46,0.7275,1.0427,1.3856,1.4321
2015-06-04,1.1317,140.47,0.7354000000000001,1.0551,1.4089,1.4618
2015-06-05,1.1218,139.97,0.7317,1.0478,1.4023,1.4534
2015-06-08,1.1162,139.84,0.7318,1.047,1.3879,1.4615
2015-06-09,1.1249,139.56,0.7354000000000001,1.0465,1.3889,1.4606
2015-06-10,1.1279,138.69,0.7284,1.0486,1.3801,1.4571
2015-06-11,1.1232,138.95,0.7266,1.0523,1.3839,1.4533
2015-06-12,1.122,138.78,0.7245,1.0469,1.3804,1.456
2015-06-15,1.1218,138.54,0.7234,1.0512,1.3845,1.4466
2015-06-16,1.1215,138.42,0.7181999999999999,1.0465,1.3843,1.4482
2015-06-17,1.1279,139.78,0.717,1.0451,1.3887,1.4694
2015-06-18,1.1404,139.94,0.7167,1.0461,1.3867,1.457
2015-06-19,1.1299,139.19,0.7134,1.0449,1.3865,1.4591
2015-06-22,1.1345,139.8,0.7169,1.0435,1.3879,1.4616
2015-06-23,1.1204,138.72,0.7101,1.0449,1.3825,1.4538
2015-06-24,1.1213,138.93,0.7118,1.0449,1.3793,1.4473
2015-06-25,1.1206,138.52,0.7126,1.0507,1.3878,1.4477
2015-06-26,1.1202,138.58,0.7123,1.0447,1.3851,1.4631
2015-06-29,1.1133,136.81,0.7085,1.0376,1.3776,1.4526
2015-06-30,1.1189,137.01,0.7114,1.0413,1.3839,1.455
2015-07-01,1.11,136.63,0.70905,1.0457,1.3902,1.4458
2015-07-02,1.1066,136.82,0.7103,1.0507,1.3963,1.4573
2015-07-03,1.1096,136.38,0.7102000000000001,1.0466,1.3961,1.4747
2015-07-06,1.1008,135.11,0.708,1.0422,1.3914,1.4688
2015-07-07,1.0931,133.88,0.7077,1.0383,1.3925,1.4722
2015-07-08,1.1024,133.88,0.7173,1.0463,1.4048,1.4866
2015-07-09,1.1054,134.3,0.7176,1.0504,1.4022,1.4816
2015-07-10,1.1185,136.88,0.7208,1.0464,1.4212,1.4975
2015-07-13,1.1049,136.3,0.7115,1.0478,1.4055,1.4874
2015-07-14,1.1031,136.02,0.7084,1.0422,1.4076,1.4828
2015-07-15,1.1009,135.95,0.7045,1.0439,1.403,1.4753
2015-07-16,1.0867,134.9,0.6981000000000001,1.0407,1.407,1.4713
2015-07-17,1.0889,135.01,0.6983,1.0431,1.4132,1.4712
2015-07-20,1.0852,134.83,0.6971000000000001,1.0443,1.4091,1.4703
2015-07-21,1.0867,135.17,0.6987,1.044,1.4118,1.4746
2015-07-22,1.0902,134.98,0.6982,1.0482,1.4167,1.4765
2015-07-23,1.0999,136.15,0.7044,1.0517,1.4271,1.4844
2015-07-24,1.0939,135.7,0.7069,1.0512,1.432,1.5058
2015-07-27,1.1058,136.23,0.7127,1.0595,1.4409,1.5184
2015-07-28,1.1025,136.46,0.7074,1.0659,1.4348,1.5089
2015-07-29,1.103,136.5,0.7053,1.0622,1.4289,1.5101
2015-07-30,1.0955,136.25,0.701,1.0633,1.422,1.5065
2015-07-31,1.0967,136.34,0.7040999999999999,1.0565,1.431,1.514
2015-08-03,1.0951,136.07,0.7028,1.0598,1.4404,1.5071
2015-08-04,1.0973,136.07,0.70275,1.064,1.4408,1.4831
2015-08-05,1.0883,135.23,0.6963,1.0658,1.4334,1.4755
2015-08-06,1.0885,135.94,0.7014,1.0713,1.4333,1.4849
2015-08-07,1.0941,136.43,0.7050999999999999,1.0738,1.4313,1.4809
2015-08-10,1.096,136.67,0.7071,1.08,1.4392,1.4884
2015-08-11,1.1055,137.99,0.7088,1.0859,1.4454,1.5092
2015-08-12,1.1155,138.45,0.7149,1.0864,1.4467,1.5128
2015-08-13,1.1109,138.23,0.7106,1.0849,1.4455,1.5121
2015-08-14,1.1171,138.7,0.7145,1.0875,1.4571,1.5122
2015-08-17,1.11,138.22,0.7105,1.0841,1.4581,1.5096
2015-08-18,1.106,137.44,0.7042,1.0798,1.4494,1.5065
2015-08-19,1.1041,137.31,0.7049,1.0755,1.4431,1.5026
2015-08-20,1.1183,138.5,0.7138,1.0772,1.4679,1.5287
2015-08-21,1.1281,138.4,0.7198,1.0765,1.4787,1.5384
2015-08-24,1.1497,137.8,0.7302,1.0777,1.5236,1.5903
2015-08-25,1.1506,137.84,0.729,1.0834,1.5181,1.5937
2015-08-26,1.1402,136.46,0.7314000000000001,1.0778,1.5125,1.5963
2015-08-27,1.1284,135.62,0.7312,1.0771,1.4924,1.579
2015-08-28,1.1268,136.16,0.7321,1.0807,1.4954,1.5789
2015-08-31,1.1215,136.07,0.72753,1.0825,1.4863,1.5753
2015-09-01,1.1236,134.87,0.7328,1.0825,1.4856,1.5956
2015-09-02,1.1255,135.21,0.7369,1.0867,1.4919,1.6061
2015-09-03,1.1229,134.98,0.7345,1.0903,1.4893,1.6035
2015-09-04,1.1138,132.82,0.7315,1.0839,1.4736,1.5948
2015-09-07,1.1146,133.09,0.7303500000000001,1.0871,1.4802,1.6062
2015-09-08,1.1162,133.82,0.7244,1.092,1.4757,1.5976
2015-09-09,1.1139,134.65,0.7251,1.0893,1.4757,1.586
2015-09-10,1.1185,135.38,0.72655,1.0923,1.4822,1.5831
2015-09-11,1.1268,136.02,0.7306,1.1031,1.4945,1.5955
2015-09-14,1.1305,136.04,0.7334000000000001,1.0979,1.4983,1.5874
2015-09-15,1.132,135.44,0.7346,1.0971,1.4984,1.5885
2015-09-16,1.1228,135.45,0.72665,1.0943,1.4877,1.5677
2015-09-17,1.1312,136.76,0.72865,1.095,1.4925,1.5776
2015-09-18,1.1419,136.31,0.7298,1.0913,1.4876,1.5709
2015-09-21,1.125,135.5,0.7243000000000001,1.0906,1.4831,1.5693
2015-09-22,1.1155,133.75,0.7223000000000001,1.086,1.4804,1.5732
2015-09-23,1.115,134.03,0.7297,1.0882,1.479,1.5813
2015-09-24,1.1241,134.48,0.7387,1.0928,1.5039,1.6147
2015-09-25,1.1151,134.92,0.73475,1.0922,1.4845,1.5895
2015-09-28,1.117,134.13,0.7352,1.0941,1.4921,1.5967
2015-09-29,1.1204,134.38,0.7391,1.0901,1.5,1.6009
2015-09-30,1.1203,134.69,0.7385,1.0915,1.5034,1.5939
2015-10-01,1.1153,133.56,0.7367,1.0903,1.4799,1.5777
2015-10-02,1.116,134.24,0.7358,1.0923,1.4775,1.587
2015-10-05,1.1236,135.07,0.7402,1.0938,1.4735,1.5853
2015-10-06,1.1224,135.07,0.7399,1.0936,1.4701,1.5781
2015-10-07,1.1266,135.3,0.7358,1.0882,1.4649,1.5586
2015-10-08,1.1254,134.92,0.7366,1.0935,1.4683,1.5664
2015-10-09,1.1362,136.65,0.7407,1.0919,1.4698,1.5502
2015-10-12,1.1373,136.61,0.7401,1.0928,1.4702,1.5429
2015-10-13,1.1374,136.16,0.748,1.091,1.484,1.5585
2015-10-14,1.141,136.48,0.7418,1.0901,1.4816,1.5722
2015-10-15,1.1439,135.23,0.7397,1.0873,1.4756,1.5612
2015-10-16,1.136,135.25,0.7356,1.0809,1.4685,1.5654
2015-10-19,1.1333,135.29,0.7317,1.0834,1.4671,1.5581
2015-10-20,1.1373,136.16,0.7352,1.0823,1.4788,1.5612
2015-10-21,1.1354,136.3,0.7349,1.0864,1.4764,1.5707
2015-10-22,1.1313,135.49,0.7314000000000001,1.0886,1.4847,1.5692
2015-10-23,1.1084,133.8,0.71955,1.0793,1.4483,1.525
2015-10-26,1.1011,133.26,0.7184,1.0823,1.4482,1.5182
2015-10-27,1.1061,133.06,0.7214,1.088,1.4622,1.5299
2015-10-28,1.1085,133.38,0.7248,1.0899,1.4643,1.5539
2015-10-29,1.093,132.3,0.7167,1.0851,1.4411,1.5446
2015-10-30,1.1017,132.88,0.7181999999999999,1.09,1.4515,1.5544
2015-11-02,1.1032,133.02,0.7131999999999999,1.0885,1.445,1.5457
2015-11-03,1.0976,132.65,0.71315,1.0869,1.4406,1.5301
2015-11-04,1.0935,132.45,0.7094,1.0813,1.4292,1.521
2015-11-05,1.0883,132.65,0.7126,1.0833,1.432,1.5233
2015-11-06,1.0864,132.41,0.71765,1.083,1.4342,1.5204
2015-11-09,1.0776,133.08,0.7141,1.0815,1.4285,1.5263
2015-11-10,1.0711,131.98,0.7084,1.0765,1.4204,1.5189
2015-11-11,1.0716,131.9,0.706,1.0783,1.4213,1.5183
2015-11-12,1.0726,131.92,0.7064,1.0769,1.4293,1.5073
2015-11-13,1.0764,132.04,0.70705,1.0786,1.4322,1.5077
2015-11-16,1.0723,132.01,0.7058,1.0791,1.4293,1.511
2015-11-17,1.067,131.49,0.7017,1.0806,1.42,1.496
2015-11-18,1.0666,131.65,0.7009,1.0838,1.4223,1.5028
2015-11-19,1.0687,131.6,0.6998,1.0893,1.4203,1.4925
2015-11-20,1.0688,131.28,0.701,1.0844,1.4229,1.4825
2015-11-23,1.0631,130.92,0.7025,1.0848,1.4222,1.4793
2015-11-24,1.0651,130.52,0.7062,1.0832,1.4229,1.4763
2015-11-25,1.0586,129.94,0.70175,1.082,1.4108,1.4601
2015-11-26,1.0612,130.06,0.7028,1.0868,1.4119,1.4685
2015-11-27,1.058,129.75,0.7029,1.09,1.4121,1.4689
2015-11-30,1.0579,130.22,0.7048,1.0903,1.4143,1.4671
2015-12-01,1.06,130.57,0.7036,1.0908,1.4118,1.454
2015-12-02,1.0612,130.7,0.7059,1.088,1.4204,1.4489
2015-12-03,1.0671,131.58,0.7122000000000001,1.084,1.4213,1.455
2015-12-04,1.0902,134.08,0.7201,1.0882,1.454,1.4899
2015-12-07,1.0809,133.4,0.7177,1.083,1.455,1.4849
2015-12-08,1.0875,133.64,0.7271,1.082,1.4793,1.5099
2015-12-09,1.0941,134.04,0.7251,1.083,1.4847,1.5182
2015-12-10,1.0943,132.97,0.7235,1.0806,1.4817,1.5
2015-12-11,1.095,133.02,0.7224,1.0819,1.4962,1.518
2015-12-14,1.0983,132.54,0.726,1.0771,1.5106,1.5231
2015-12-15,1.099,132.97,0.7252,1.0831,1.5069,1.52
2015-12-16,1.0933,133.18,0.7282999999999999,1.0824,1.505,1.5186
2015-12-17,1.0841,132.82,0.7266,1.0807,1.4995,1.5097
2015-12-18,1.0836,131.6,0.72666,1.0768,1.5123,1.5206
2015-12-21,1.087,131.93,0.72985,1.0804,1.5169,1.5168
2015-12-22,1.0952,132.42,0.7362,1.0818,1.5242,1.5109
2015-12-23,1.0916,131.92,0.733,1.0812,1.5176,1.5115
2015-12-24,1.0947,131.83,0.7342,1.0806,1.5183,1.5074
2015-12-28,1.0962,132.05,0.7353499999999999,1.0838,1.5207,1.5089
2015-12-29,1.0952,131.88,0.74005,1.0846,1.5241,1.5056
2015-12-30,1.0926,131.66,0.73799,1.0814,1.5171,1.499
2015-12-31,1.0887,131.07,0.73395,1.0835,1.5116,1.4897
2016-01-04,1.0898,129.78,0.7381,1.0891,1.5172,1.5153
2016-01-05,1.0746,127.88,0.7323499999999999,1.0847,1.4976,1.4982
2016-01-06,1.0742,127.19,0.7344000000000001,1.0846,1.5137,1.5187
2016-01-07,1.0868,127.74,0.7454499999999999,1.0875,1.536,1.555
2016-01-08,1.0861,128.51,0.74519,1.086,1.5321,1.5495
2016-01-11,1.0888,128.33,0.74705,1.0863,1.5336,1.5516
2016-01-12,1.0836,127.79,0.7508,1.0855,1.537,1.546
2016-01-13,1.0816,127.74,0.7502,1.0926,1.5381,1.5413
2016-01-14,1.0893,128.26,0.75703,1.095,1.5647,1.5695
2016-01-15,1.0914,127.8,0.7615,1.0951,1.5849,1.5895
2016-01-18,1.0892,127.78,0.76263,1.0946,1.58,1.581
2016-01-19,1.0868,128.12,0.76473,1.0922,1.575,1.5673
2016-01-20,1.0907,127.28,0.77,1.0932,1.5965,1.5916
2016-01-21,1.0893,127.43,0.77182,1.0949,1.575,1.5755
2016-01-22,1.0808,127.77,0.75459,1.095,1.5316,1.538
2016-01-25,1.0815,128.07,0.7589,1.0981,1.5351,1.5496
2016-01-26,1.0837,128.22,0.76095,1.1008,1.5411,1.555
2016-01-27,1.0888,128.91,0.75965,1.1068,1.5331,1.5461
2016-01-28,1.0903,129.62,0.76228,1.1053,1.5357,1.5419
2016-01-29,1.092,132.25,0.7641,1.1144,1.5363,1.5388
2016-02-01,1.0884,131.99,0.761,1.1096,1.5253,1.5377
2016-02-02,1.0919,131.84,0.7586000000000001,1.1147,1.5292,1.5475
2016-02-03,1.0933,130.58,0.7533,1.1115,1.5234,1.5484
2016-02-04,1.1206,131.49,0.76595,1.1169,1.5366,1.5546
2016-02-05,1.1202,130.71,0.76975,1.1101,1.5404,1.5583
2016-02-08,1.1101,129.11,0.7724,1.1051,1.5487,1.5726
2016-02-09,1.1236,129.07,0.77945,1.0997,1.5623,1.6083
2016-02-10,1.1257,129.42,0.77328,1.096,1.5601,1.5848
2016-02-11,1.1347,127.3,0.7874,1.1027,1.5842,1.6018
2016-02-12,1.1275,127.07,0.77735,1.0989,1.5698,1.5901
2016-02-15,1.118,127.6,0.772,1.1009,1.5454,1.5624
2016-02-16,1.1166,127.02,0.7758,1.1018,1.543,1.5605
2016-02-17,1.1136,127.1,0.77835,1.1034,1.5387,1.5629
2016-02-18,1.1084,126.17,0.7714299999999999,1.1028,1.5168,1.5496
2016-02-19,1.1096,125.4,0.77715,1.1017,1.5274,1.5605
2016-02-22,1.1026,124.85,0.78243,1.1008,1.5128,1.5322
2016-02-23,1.1002,123.12,0.77985,1.0921,1.5116,1.5202
2016-02-24,1.0981,122.86,0.78935,1.0914,1.5197,1.5319
2016-02-25,1.1027,124.01,0.7892,1.0935,1.5025,1.5292
2016-02-26,1.1006,124.42,0.78745,1.0929,1.4909,1.5275
2016-02-29,1.0888,123.14,0.7858000000000001,1.0914,1.4767,1.526
2016-03-01,1.0872,122.94,0.778,1.086,1.4699,1.5196
2016-03-02,1.0856,124.07,0.7741,1.0845,1.4595,1.501
2016-03-03,1.0901,124.23,0.77435,1.084,1.4644,1.4852
2016-03-04,1.097,124.77,0.77483,1.0898,1.4717,1.4859
2016-03-07,1.0953,124.45,0.77438,1.0962,1.4652,1.4776
2016-03-08,1.1028,124.6,0.77608,1.0952,1.4695,1.4794
2016-03-09,1.0973,123.63,0.77135,1.0978,1.4705,1.465
2016-03-10,1.0857,123.87,0.76728,1.0941,1.4424,1.4522
2016-03-11,1.109,126.17,0.77595,1.0948,1.4698,1.4766
2016-03-14,1.1119,126.36,0.77428,1.0969,1.4737,1.4755
2016-03-15,1.1109,125.36,0.7835800000000001,1.0954,1.4832,1.4877
2016-03-16,1.1064,125.68,0.7873,1.096,1.4798,1.4911
2016-03-17,1.1311,126.28,0.78218,1.0959,1.4701,1.4828
2016-03-18,1.1279,125.79,0.77855,1.0919,1.4627,1.4804
2016-03-21,1.1271,125.94,0.78303,1.0916,1.4703,1.4819
2016-03-22,1.1212,125.13,0.7879,1.0887,1.4679,1.4751
2016-03-23,1.1171,126.01,0.7898500000000001,1.0894,1.4676,1.478
2016-03-24,1.1154,125.41,0.78938,1.0875,1.4821,1.4858
2016-03-29,1.1194,127.13,0.7845,1.0915,1.4741,1.4901
2016-03-30,1.1324,127.37,0.7858000000000001,1.0913,1.4755,1.4766
2016-03-31,1.1385,127.9,0.79155,1.0931,1.4738,1.4807
2016-04-01,1.1432,128.07,0.7989000000000001,1.0946,1.4894,1.4884
2016-04-04,1.138,126.97,0.79738,1.0919,1.4832,1.4917
2016-04-05,1.1367,125.81,0.8016,1.0892,1.4968,1.5085
2016-04-06,1.1336,125.13,0.80808,1.0887,1.4912,1.5029
2016-04-07,1.1364,123.15,0.80728,1.0884,1.4906,1.5092
2016-04-08,1.1363,123.36,0.8073,1.0874,1.4861,1.5091
2016-04-11,1.139,123.28,0.8006,1.0877,1.4794,1.506
2016-04-12,1.1396,123.44,0.7984,1.0874,1.4674,1.4882
2016-04-13,1.1298,123.47,0.79388,1.0887,1.4466,1.4768
2016-04-14,1.1252,123.09,0.7956,1.0878,1.4434,1.461
2016-04-15,1.1284,122.91,0.79575,1.0919,1.4535,1.4648
2016-04-18,1.1306,122.32,0.7978,1.0916,1.4612,1.4685
2016-04-19,1.1343,124.1,0.78975,1.0922,1.4418,1.4547
2016-04-20,1.1379,124.2,0.791,1.0939,1.4421,1.4556
2016-04-21,1.1355,124.5,0.78693,1.0989,1.4346,1.4496
2016-04-22,1.1263,124.86,0.78335,1.0991,1.4342,1.457
2016-04-25,1.1264,124.95,0.7764,1.0973,1.4286,1.4587
2016-04-26,1.1287,125.45,0.77483,1.1,1.4276,1.46
2016-04-27,1.1303,125.79,0.77475,1.0998,1.4223,1.4885
2016-04-28,1.1358,122.84,0.77838,1.0974,1.4262,1.4906
2016-04-29,1.1403,122.34,0.78025,1.0984,1.4286,1.4948
2016-05-02,1.1493,122.47,0.78248,1.0999,1.4388,1.5025
2016-05-03,1.1569,122.53,0.79103,1.0977,1.4559,1.5303
2016-05-04,1.1505,122.62,0.79284,1.0993,1.467,1.5379
2016-05-05,1.1439,122.51,0.7886,1.1018,1.4665,1.5266
2016-05-06,1.1427,122.23,0.7885,1.107,1.4717,1.5501
2016-05-09,1.1395,123.39,0.78998,1.1053,1.4743,1.5544
2016-05-10,1.1375,124.12,0.7876,1.1079,1.4744,1.5486
2016-05-11,1.1409,124.09,0.7895799999999999,1.1099,1.4686,1.5474
2016-05-12,1.1389,124.5,0.78888,1.1063,1.4594,1.5541
2016-05-13,1.1348,123.56,0.7875799999999999,1.1024,1.4619,1.5579
2016-05-16,1.1324,123.27,0.788,1.1059,1.4634,1.5526
2016-05-17,1.1318,123.93,0.7815,1.108,1.4631,1.5457
2016-05-18,1.1279,123.38,0.77485,1.1086,1.4637,1.5521
2016-05-19,1.1197,123.17,0.76585,1.1089,1.4679,1.5563
2016-05-20,1.1219,123.81,0.77008,1.1123,1.4704,1.5519
2016-05-23,1.1215,122.7,0.77443,1.1105,1.4745,1.5542
2016-05-24,1.1168,122.56,0.76513,1.1079,1.4684,1.5597
2016-05-25,1.1146,122.79,0.75925,1.1049,1.4608,1.5475
2016-05-26,1.1168,122.93,0.7597,1.1075,1.4443,1.5481
2016-05-27,1.1168,122.46,0.76245,1.1068,1.456,1.5483
2016-05-30,1.1139,123.85,0.76125,1.1058,1.4524,1.5504
2016-05-31,1.1154,123.83,0.76185,1.1044,1.453,1.5366
2016-06-01,1.1174,122.07,0.77358,1.1055,1.4586,1.537
2016-06-02,1.1188,121.96,0.77335,1.1062,1.4662,1.5516
2016-06-03,1.1154,121.47,0.77285,1.105,1.4594,1.5397
2016-06-06,1.1349,121.58,0.7872,1.1051,1.4665,1.5417
2016-06-07,1.1348,122.16,0.7788,1.0979,1.4505,1.526
2016-06-08,1.1378,121.77,0.78048,1.0942,1.443,1.5228
2016-06-09,1.1343,120.72,0.78438,1.0916,1.4459,1.525
2016-06-10,1.1304,120.79,0.7848000000000001,1.0885,1.441,1.5274
2016-06-13,1.1268,119.51,0.79515,1.0888,1.439,1.5228
2016-06-14,1.1225,118.98,0.79478,1.0832,1.4449,1.5277
2016-06-15,1.123,119.29,0.79158,1.0817,1.4438,1.5188
2016-06-16,1.1174,116.65,0.79033,1.0812,1.453,1.5212
2016-06-17,1.1254,117.34,0.7877,1.0818,1.4519,1.5234
2016-06-20,1.1332,118.57,0.77375,1.0884,1.452,1.5188
2016-06-21,1.1314,118.39,0.76755,1.085,1.4451,1.5073
2016-06-22,1.1283,118.01,0.76793,1.083,1.4399,1.5033
2016-06-23,1.1389,120.38,0.76595,1.0876,1.4517,1.506
2016-06-24,1.1066,113.23,0.8075,1.0808,1.4392,1.491
2016-06-27,1.0998,111.8,0.834,1.0736,1.435,1.4857
2016-06-28,1.1073,113.4,0.8272,1.0845,1.4438,1.4984
2016-06-29,1.109,113.85,0.8255,1.0854,1.4407,1.4911
2016-06-30,1.1102,114.05,0.8265,1.0867,1.4384,1.4929
2016-07-01,1.1135,114.29,0.8383,1.0835,1.439,1.4884
2016-07-04,1.1138,114.29,0.83905,1.0839,1.4328,1.4792
2016-07-05,1.1146,113.5,0.84997,1.0837,1.4418,1.4902
2016-07-06,1.1069,111.48,0.853,1.0821,1.4419,1.4812
2016-07-07,1.108,111.9,0.85085,1.082,1.4328,1.4737
2016-07-08,1.107,111.17,0.85243,1.0855,1.4406,1.4731
2016-07-11,1.1049,113.23,0.85097,1.0867,1.4437,1.4617
2016-07-12,1.1092,115.29,0.84275,1.0904,1.4452,1.4532
2016-07-13,1.1072,115.82,0.8339800000000001,1.0909,1.4452,1.4517
2016-07-14,1.1157,117.88,0.83311,1.09,1.4422,1.4588
2016-07-15,1.1128,117.63,0.83275,1.0899,1.4317,1.4538
2016-07-18,1.1053,116.82,0.83372,1.0869,1.4315,1.4557
2016-07-19,1.1035,117.2,0.8395,1.0877,1.4364,1.4727
2016-07-20,1.1013,117.33,0.83605,1.0882,1.4382,1.4712
2016-07-21,1.1015,117.05,0.83595,1.0872,1.4376,1.471
2016-07-22,1.1014,116.86,0.84108,1.086,1.4436,1.4717
2016-07-25,1.0982,116.64,0.8367,1.0839,1.4465,1.4666
2016-07-26,1.0997,114.67,0.8371,1.087,1.4553,1.4599
2016-07-27,1.0991,116.23,0.83875,1.0928,1.4497,1.4715
2016-07-28,1.109,116.14,0.8421999999999999,1.0892,1.4595,1.4735
2016-07-29,1.1113,114.83,0.844,1.0823,1.4643,1.4782
2016-08-01,1.1164,114.28,0.8454,1.0807,1.4587,1.4751
2016-08-02,1.1193,113.72,0.8431,1.081,1.4608,1.4717
2016-08-03,1.12,113.22,0.8391,1.0845,1.4672,1.475
2016-08-04,1.1136,112.66,0.8460299999999999,1.0834,1.4536,1.4604
2016-08-05,1.1156,112.73,0.8481,1.0852,1.4529,1.4567
2016-08-08,1.1087,113.59,0.84955,1.0883,1.4573,1.452
2016-08-09,1.1078,113.27,0.85399,1.0899,1.4567,1.4463
2016-08-10,1.1184,113.09,0.85541,1.0923,1.4557,1.445
2016-08-11,1.1153,113.05,0.86038,1.0859,1.4559,1.446
2016-08-12,1.1158,113.77,0.8605,1.0888,1.4478,1.4535
2016-08-15,1.118,112.97,0.86677,1.0893,1.4446,1.4577
2016-08-16,1.1295,112.74,0.8706,1.0849,1.4477,1.4602
2016-08-17,1.1276,113.53,0.8663999999999999,1.0863,1.4529,1.478
2016-08-18,1.1321,113.6,0.86073,1.0853,1.4524,1.4766
2016-08-19,1.1326,113.53,0.86537,1.0852,1.4547,1.4877
2016-08-22,1.1306,113.73,0.8624000000000001,1.0886,1.4602,1.4856
2016-08-23,1.1339,113.48,0.85995,1.0896,1.4625,1.4823
2016-08-24,1.1268,112.95,0.8512999999999999,1.0891,1.4581,1.4782
2016-08-25,1.129,113.45,0.8557,1.0905,1.4597,1.484
2016-08-26,1.129,113.33,0.8545,1.0933,1.4546,1.4771
2016-08-29,1.117,114.24,0.85476,1.0937,1.4536,1.479
2016-08-30,1.1168,114.27,0.8517,1.0951,1.4562,1.4787
2016-08-31,1.1132,115.01,0.84806,1.0957,1.4583,1.4806
2016-09-01,1.1146,115.59,0.8405,1.0978,1.4634,1.4801
2016-09-02,1.1193,115.83,0.8426,1.0959,1.4643,1.481
2016-09-05,1.1156,115.24,0.83643,1.0925,1.4436,1.4696
2016-09-06,1.1159,115.39,0.83535,1.0923,1.4405,1.4625
2016-09-07,1.1237,114.23,0.83968,1.0891,1.4444,1.4637
2016-09-08,1.1296,114.8,0.8456,1.0917,1.4546,1.4632
2016-09-09,1.1268,115.85,0.84558,1.0969,1.46,1.4836
2016-09-12,1.1226,114.38,0.84475,1.0935,1.4722,1.493
2016-09-13,1.1247,114.98,0.84763,1.0925,1.4744,1.4938
2016-09-14,1.1218,115.37,0.85078,1.0945,1.4799,1.5022
2016-09-15,1.1254,114.98,0.85198,1.0941,1.4831,1.5037
2016-09-16,1.1226,114.35,0.85203,1.0941,1.4817,1.4949
2016-09-19,1.1165,113.65,0.855,1.0955,1.4684,1.4792
2016-09-20,1.1184,113.93,0.86213,1.0943,1.4792,1.4812
2016-09-21,1.115,112.49,0.85693,1.0883,1.4653,1.4665
2016-09-22,1.1238,113.19,0.85925,1.0867,1.4623,1.4674
2016-09-23,1.1214,113.02,0.86435,1.0887,1.4625,1.4685
2016-09-26,1.1262,113.11,0.8709,1.0905,1.4825,1.4751
2016-09-27,1.122,112.52,0.86413,1.088,1.4873,1.4661
2016-09-28,1.1225,112.93,0.86208,1.0891,1.4829,1.4637
2016-09-29,1.1221,113.88,0.86138,1.0876,1.4683,1.4642
2016-09-30,1.1161,113.09,0.86103,1.0876,1.469,1.4657
2016-10-03,1.1236,113.9,0.87318,1.0918,1.4702,1.4638
2016-10-04,1.1161,114.5,0.8754,1.0949,1.4697,1.4564
2016-10-05,1.1211,115.65,0.8815499999999999,1.0959,1.4816,1.4722
2016-10-06,1.1185,116,0.88323,1.0942,1.4769,1.4762
2016-10-07,1.114,115.44,0.9035300000000001,1.0946,1.4784,1.4696
2016-10-10,1.116,115.39,0.9006999999999999,1.096,1.479,1.469
2016-10-11,1.1079,114.9,0.90233,1.0938,1.4653,1.4679
2016-10-12,1.102,114.5,0.8999,1.0906,1.4598,1.4553
2016-10-13,1.1038,114.49,0.9043,1.0904,1.462,1.4604
2016-10-14,1.1002,114.76,0.8991,1.0889,1.4485,1.4421
2016-10-17,1.0994,114.46,0.90485,1.0872,1.4433,1.4436
2016-10-18,1.0993,114.37,0.8956499999999999,1.0886,1.4382,1.4332
2016-10-19,1.0979,113.49,0.89338,1.0854,1.4361,1.4298
2016-10-20,1.098,113.76,0.89568,1.0852,1.446,1.4314
2016-10-21,1.0886,112.96,0.8932,1.0825,1.4401,1.4268
2016-10-24,1.0891,113.29,0.89015,1.0821,1.4547,1.4282
2016-10-25,1.0872,113.65,0.88998,1.0848,1.4478,1.4229
2016-10-26,1.0925,113.97,0.8946499999999999,1.0838,1.4602,1.422
2016-10-27,1.0927,114.39,0.89158,1.0838,1.4605,1.4339
2016-10-28,1.0922,115.1,0.89905,1.0855,1.4623,1.4424
2016-10-31,1.0946,114.97,0.9005,1.082,1.4665,1.4397
2016-11-01,1.1025,115.57,0.90173,1.0823,1.473,1.4341
2016-11-02,1.1095,114.62,0.90063,1.0787,1.484,1.4479
2016-11-03,1.1064,114.25,0.88658,1.0787,1.4814,1.4434
2016-11-04,1.1093,114.24,0.88808,1.0774,1.4901,1.4438
2016-11-07,1.1062,115.4,0.8904,1.0789,1.4813,1.4397
2016-11-08,1.1038,115.66,0.89088,1.0778,1.4756,1.4332
2016-11-09,1.1022,114.54,0.8903,1.0793,1.4798,1.4336
2016-11-10,1.0895,116.4,0.87785,1.0762,1.4689,1.4336
2016-11-11,1.0904,115.96,0.86133,1.0732,1.4711,1.4338
2016-11-14,1.0777,116.27,0.85985,1.0739,1.459,1.4276
2016-11-15,1.0765,116.55,0.86638,1.0758,1.456,1.424
2016-11-16,1.0702,117.25,0.8611,1.0738,1.4425,1.4333
2016-11-17,1.0717,117.12,0.86055,1.0737,1.4389,1.4359
2016-11-18,1.0629,116.95,0.8621799999999999,1.0711,1.4365,1.4376
2016-11-21,1.0631,117.59,0.85725,1.0727,1.4308,1.4424
2016-11-22,1.0617,117.74,0.85423,1.073,1.423,1.4352
2016-11-23,1.0602,118.04,0.85393,1.0731,1.426,1.4294
2016-11-24,1.0548,119.43,0.848,1.0727,1.4232,1.4274
2016-11-25,1.0592,119.73,0.85182,1.0736,1.429,1.423
2016-11-28,1.0588,119.25,0.85303,1.0751,1.4242,1.4194
2016-11-29,1.0576,119.48,0.84815,1.0752,1.4232,1.421
2016-11-30,1.0635,120.48,0.8525,1.0803,1.4233,1.4291
2016-12-01,1.0627,121.39,0.8409799999999999,1.0764,1.424,1.4378
2016-12-02,1.0642,121.2,0.8430299999999999,1.0751,1.4157,1.4333
2016-12-05,1.0702,122.32,0.84168,1.0797,1.424,1.4391
2016-12-06,1.0734,122.28,0.8421,1.0833,1.4242,1.4395
2016-12-07,1.073,122.42,0.85095,1.0834,1.4242,1.4408
2016-12-08,1.0762,122.61,0.84995,1.0853,1.4222,1.4406
2016-12-09,1.0559,121.48,0.83935,1.0756,1.3914,1.4141
2016-12-12,1.0596,122.69,0.839,1.0772,1.3918,1.4174
2016-12-13,1.061,122.27,0.83488,1.0742,1.3921,1.4155
2016-12-14,1.0644,122.39,0.83963,1.0747,1.3961,1.4177
2016-12-15,1.0419,123.03,0.8359799999999999,1.0733,1.3902,1.4109
2016-12-16,1.0439,123.38,0.8389,1.0751,1.396,1.4239
2016-12-19,1.0422,122.19,0.8414,1.0709,1.3947,1.4351
2016-12-20,1.0364,122.43,0.83978,1.0687,1.3896,1.432
2016-12-21,1.0421,122.31,0.8424,1.0689,1.3932,1.4342
2016-12-22,1.0444,122.86,0.84645,1.0706,1.4066,1.447
2016-12-23,1.0446,122.6,0.85278,1.0711,1.4117,1.4566
2016-12-27,1.0445,122.61,0.853,1.0754,1.4136,1.4532
2016-12-28,1.0401,122.39,0.85128,1.0714,1.4119,1.4492
2016-12-29,1.0453,122.04,0.853,1.0714,1.4154,1.4505
2016-12-30,1.0541,123.4,0.8561800000000001,1.0739,1.4188,1.4596
2017-01-02,1.0465,122.92,0.8514,1.0711,1.407,1.4574
2017-01-03,1.0385,122.75,0.84565,1.0702,1.3962,1.4387
2017-01-04,1.0437,122.64,0.84945,1.0707,1.3894,1.4373
2017-01-05,1.0501,122.38,0.8544,1.0704,1.3966,1.4401
2017-01-06,1.0589,122.83,0.85648,1.0725,1.4039,1.4433
2017-01-09,1.0516,122.66,0.8666,1.0721,1.3954,1.4357
2017-01-10,1.0567,122.84,0.8694,1.0737,1.3992,1.44
2017-01-11,1.0503,122.14,0.86725,1.0721,1.3919,1.4241
2017-01-12,1.0679,121.69,0.86843,1.0742,1.3944,1.4205
2017-01-13,1.0661,121.91,0.87548,1.0728,1.401,1.4225
2017-01-16,1.0594,120.91,0.87808,1.0709,1.3927,1.4172
2017-01-17,1.0684,121.1,0.8679,1.0712,1.3953,1.4162
2017-01-18,1.0664,121.05,0.86833,1.0706,1.3986,1.4128
2017-01-19,1.0668,122.23,0.86555,1.0729,1.4169,1.4113
2017-01-20,1.0632,122.47,0.86595,1.0727,1.4217,1.4115
2017-01-23,1.0715,121.72,0.86148,1.0727,1.4266,1.4157
2017-01-24,1.0748,121.85,0.8635,1.0738,1.4267,1.4198
2017-01-25,1.0743,121.79,0.85323,1.0732,1.407,1.4213
2017-01-26,1.07,122.4,0.85143,1.0693,1.4048,1.4205
2017-01-27,1.0681,123.01,0.8517,1.0689,1.4012,1.4169
2017-01-30,1.063,121.76,0.84935,1.0669,1.3983,1.4109
2017-01-31,1.0755,121.94,0.86105,1.0668,1.4056,1.4198
2017-02-01,1.079,122.25,0.8541800000000001,1.068,1.4097,1.4225
2017-02-02,1.0808,121.4,0.86068,1.069,1.405,1.406
2017-02-03,1.0741,121.49,0.86013,1.0695,1.4023,1.4057
2017-02-06,1.0712,120.28,0.8595,1.067,1.3987,1.4006
2017-02-07,1.0675,119.94,0.8633,1.0658,1.4072,1.4014
2017-02-08,1.0665,119.39,0.85315,1.0637,1.402,1.396
2017-02-09,1.0692,120.04,0.8509,1.0672,1.4016,1.3965
2017-02-10,1.0629,120.65,0.8529,1.0669,1.3965,1.3905
2017-02-13,1.0629,120.9,0.8489,1.0673,1.3917,1.3867
2017-02-14,1.0623,120.43,0.85098,1.0659,1.3842,1.3813
2017-02-15,1.0555,120.85,0.84998,1.0652,1.3809,1.3761
2017-02-16,1.0652,120.95,0.8511,1.0647,1.3865,1.3808
2017-02-17,1.065,120.08,0.8572,1.0637,1.3929,1.3892
2017-02-20,1.0616,120.11,0.85145,1.065,1.3918,1.3835
2017-02-21,1.0537,119.77,0.8486,1.0639,1.384,1.3762
2017-02-22,1.0513,118.79,0.8445,1.0642,1.3844,1.3689
2017-02-23,1.0573,119.3,0.84628,1.0663,1.3868,1.3691
2017-02-24,1.0609,119.04,0.8450299999999999,1.0649,1.3907,1.3816
2017-02-27,1.0587,118.87,0.8528,1.0664,1.3889,1.3796
2017-02-28,1.0597,118.83,0.85305,1.0648,1.3984,1.3807
2017-03-01,1.0533,119.84,0.8555,1.0647,1.4044,1.3752
2017-03-02,1.0514,120.24,0.8556,1.0651,1.4069,1.384
2017-03-03,1.0565,120.83,0.86355,1.0675,1.4161,1.3956
2017-03-06,1.0592,120.55,0.863,1.0694,1.4183,1.3937
2017-03-07,1.0576,120.61,0.8671,1.073,1.4191,1.392
2017-03-08,1.0556,120.65,0.86753,1.0702,1.4193,1.3968
2017-03-09,1.0551,120.95,0.86653,1.0709,1.4272,1.4044
2017-03-10,1.0606,122.42,0.8725000000000001,1.0743,1.4322,1.4095
2017-03-13,1.0663,122.35,0.87258,1.0749,1.435,1.4078
2017-03-14,1.0631,122.13,0.87563,1.0726,1.4338,1.4073
2017-03-15,1.0622,121.77,0.87073,1.0715,1.4291,1.3992
2017-03-16,1.0726,121.55,0.8681,1.0695,1.4277,1.3945
2017-03-17,1.0737,121.49,0.86868,1.0698,1.4296,1.394
2017-03-20,1.0752,121.19,0.86793,1.072,1.4359,1.3922
2017-03-21,1.0802,121.58,0.86753,1.075,1.4349,1.3969
2017-03-22,1.0807,120.07,0.8679,1.0714,1.4458,1.4086
2017-03-23,1.0786,119.36,0.86273,1.07,1.4387,1.4132
2017-03-24,1.0805,120.09,0.866,1.0718,1.4448,1.4182
2017-03-27,1.0889,119.93,0.86403,1.0713,1.4536,1.4261
2017-03-28,1.0859,119.84,0.86455,1.0693,1.4546,1.4281
2017-03-29,1.0748,119.17,0.86385,1.0712,1.438,1.406
2017-03-30,1.0737,119.39,0.8618,1.0698,1.432,1.3988
2017-03-31,1.0691,119.55,0.85553,1.0696,1.4265,1.3982
2017-04-03,1.0661,118.64,0.8526,1.0682,1.4229,1.4012
2017-04-04,1.0651,117.55,0.85623,1.0673,1.432,1.4109
2017-04-05,1.0678,118.49,0.8551,1.0708,1.4291,1.4085
2017-04-06,1.0666,118.23,0.8559,1.0702,1.4322,1.4103
2017-04-07,1.063,117.64,0.85573,1.0695,1.4256,1.4123
2017-04-10,1.0578,117.72,0.8533500000000001,1.0682,1.4155,1.412
2017-04-11,1.0616,117.36,0.8532999999999999,1.0696,1.4139,1.4137
2017-04-12,1.0605,116.22,0.8484,1.0678,1.4114,1.4163
2017-04-13,1.063,116.01,0.84763,1.0686,1.4069,1.4027
2017-04-18,1.0682,116.26,0.84375,1.0686,1.4273,1.4155
2017-04-19,1.0725,116.91,0.8343,1.069,1.4415,1.4255
2017-04-20,1.0745,117.16,0.8391999999999999,1.0701,1.4494,1.4278
2017-04-21,1.0698,116.72,0.8372000000000001,1.068,1.4413,1.4219
2017-04-24,1.0848,119.67,0.8483000000000001,1.0806,1.457,1.433
2017-04-25,1.0891,120.34,0.84928,1.0826,1.479,1.4454
2017-04-26,1.0893,121.35,0.84903,1.0835,1.4792,1.4559
2017-04-27,1.0881,121.27,0.8442,1.082,1.4783,1.4576
2017-04-28,1.093,121.76,0.84473,1.0831,1.4914,1.4629
2017-05-02,1.0915,122.55,0.8452,1.0852,1.4928,1.4518
2017-05-03,1.0919,122.47,0.8444,1.0812,1.499,1.4615
2017-05-04,1.0927,123.31,0.84765,1.0843,1.501,1.4773
2017-05-05,1.0961,123.29,0.8471,1.0839,1.5094,1.4832
2017-05-08,1.0938,123.1,0.84465,1.0878,1.4986,1.4791
2017-05-09,1.0888,124.04,0.843,1.0938,1.4921,1.4809
2017-05-10,1.0882,123.84,0.83985,1.0949,1.4905,1.474
2017-05-11,1.086,123.69,0.84485,1.0952,1.4906,1.4737
2017-05-12,1.0876,123.82,0.84588,1.0963,1.4941,1.4731
2017-05-15,1.0972,124.45,0.84928,1.0944,1.4931,1.4741
2017-05-16,1.1059,125.67,0.85868,1.0958,1.5058,1.492
2017-05-17,1.1117,124.82,0.85745,1.0923,1.5136,1.5014
2017-05-18,1.1129,123.05,0.85363,1.0874,1.5183,1.4957
2017-05-19,1.1179,124.35,0.85908,1.0921,1.5169,1.5031
2017-05-22,1.1243,125.18,0.86353,1.0911,1.5174,1.5049
2017-05-23,1.1215,124.62,0.86463,1.0912,1.5104,1.4939
2017-05-24,1.1193,125.15,0.8633999999999999,1.0929,1.5109,1.497
2017-05-25,1.1214,125.33,0.86528,1.0904,1.5063,1.5022
2017-05-26,1.1196,124.38,0.8719,1.0888,1.5077,1.5038
2017-05-29,1.1188,124.57,0.87093,1.09,1.5053,1.5045
2017-05-30,1.1173,123.97,0.86793,1.0903,1.5048,1.4992
2017-05-31,1.1221,124.4,0.87365,1.0896,1.5108,1.5054
2017-06-01,1.1219,124.53,0.8723,1.0883,1.5155,1.5182
2017-06-02,1.1217,125.02,0.87268,1.0893,1.5169,1.5173
2017-06-05,1.1249,124.3,0.8713,1.0856,1.5174,1.504
2017-06-06,1.1258,123.12,0.8723,1.0851,1.517,1.504
2017-06-07,1.1217,122.78,0.86908,1.0843,1.5085,1.4845
2017-06-08,1.1229,123.77,0.86755,1.0856,1.5175,1.4894
2017-06-09,1.1176,123.44,0.87638,1.0863,1.5098,1.4837
2017-06-12,1.1221,123.3,0.88545,1.0857,1.5078,1.4875
2017-06-13,1.1217,123.43,0.88075,1.085,1.4892,1.488
2017-06-14,1.1203,123.58,0.8796,1.0874,1.4796,1.4778
2017-06-15,1.1166,122.95,0.8764,1.0874,1.4826,1.4722
2017-06-16,1.1167,124.33,0.87453,1.0885,1.4766,1.4683
2017-06-19,1.1199,124.26,0.87518,1.087,1.4827,1.4705
2017-06-20,1.1156,124.25,0.88143,1.0854,1.4812,1.4674
2017-06-21,1.1147,124.21,0.8781,1.0857,1.4803,1.4738
2017-06-22,1.1169,124.27,0.88168,1.0867,1.4853,1.4812
2017-06-23,1.1173,124.36,0.87805,1.0851,1.4783,1.4764
2017-06-26,1.1187,124.93,0.8783,1.0881,1.4812,1.4771
2017-06-27,1.1278,126.16,0.8837,1.0883,1.4895,1.4819
2017-06-28,1.1375,127.53,0.88525,1.0913,1.4888,1.4986
2017-06-29,1.1413,128.59,0.8799,1.0935,1.4867,1.4868
2017-06-30,1.1412,127.75,0.8793299999999999,1.093,1.4785,1.4851
2017-07-03,1.1369,128.46,0.87705,1.0943,1.4755,1.4848
2017-07-04,1.1353,128.57,0.87805,1.0954,1.473,1.4922
2017-07-05,1.1329,128.64,0.87735,1.095,1.4682,1.4916
2017-07-06,1.1385,129.01,0.88013,1.0975,1.4728,1.5008
2017-07-07,1.1412,129.8,0.88488,1.0983,1.4806,1.5006
2017-07-10,1.1387,129.98,0.88443,1.1007,1.4703,1.4999
2017-07-11,1.1405,130.36,0.88318,1.104,1.4718,1.4988
2017-07-12,1.1449,130.02,0.88925,1.1027,1.4808,1.4966
2017-07-13,1.1417,129.17,0.88215,1.1011,1.4564,1.477
2017-07-14,1.1415,129.1,0.87983,1.1051,1.4524,1.471
2017-07-17,1.1462,128.86,0.8775500000000001,1.1012,1.4502,1.4637
2017-07-18,1.1555,129.46,0.8878,1.1025,1.4548,1.4565
2017-07-19,1.1533,129.03,0.88485,1.0994,1.454,1.4532
2017-07-20,1.1485,128.92,0.88718,1.1039,1.4487,1.451
2017-07-21,1.1642,129.72,0.8961,1.1051,1.4664,1.4699
2017-07-24,1.1648,129.09,0.8935,1.102,1.4584,1.4661
2017-07-25,1.1694,130.28,0.89395,1.1063,1.4608,1.4693
2017-07-26,1.1644,130.26,0.89275,1.1152,1.4576,1.4717
2017-07-27,1.1694,130.32,0.88978,1.1232,1.4603,1.4617
2017-07-28,1.1729,130.37,0.89568,1.1357,1.4712,1.4732
2017-07-31,1.1727,129.7,0.8942,1.1359,1.4625,1.4713
2017-08-01,1.1812,130.53,0.8944,1.1414,1.4737,1.4813
2017-08-02,1.1829,130.98,0.89425,1.1459,1.4841,1.4847
2017-08-03,1.186,130.91,0.90318,1.1501,1.4951,1.4943
2017-08-04,1.1868,130.67,0.9028,1.1494,1.492,1.4888
2017-08-07,1.1797,130.78,0.90435,1.148,1.4959,1.4909
2017-08-08,1.1814,130.31,0.90678,1.1478,1.4959,1.4882
2017-08-09,1.1731,128.74,0.90338,1.1293,1.4875,1.4879
2017-08-10,1.1732,128.76,0.90303,1.1341,1.4923,1.4888
2017-08-11,1.1765,128.41,0.90645,1.132,1.4956,1.4962
2017-08-14,1.1797,129.28,0.90935,1.1422,1.4975,1.4986
2017-08-15,1.1744,129.67,0.91145,1.1417,1.496,1.498
2017-08-16,1.171,129.79,0.90993,1.1406,1.4908,1.4903
2017-08-17,1.1697,128.81,0.90895,1.1311,1.4767,1.4756
2017-08-18,1.174,128.02,0.91188,1.1287,1.4859,1.483
2017-08-21,1.1761,128.17,0.91318,1.1362,1.4815,1.4831
2017-08-22,1.1771,128.73,0.91713,1.1364,1.4806,1.4887
2017-08-23,1.1799,128.71,0.92133,1.1392,1.4848,1.4936
2017-08-24,1.1806,129.06,0.92,1.1375,1.4784,1.4951
2017-08-25,1.1808,129.59,0.92083,1.139,1.4769,1.4919
2017-08-28,1.1925,130.34,0.92328,1.1389,1.4866,1.5008
2017-08-29,1.2048,130.86,0.92965,1.1386,1.5037,1.5111
2017-08-30,1.1916,131.25,0.9224599999999999,1.1422,1.4961,1.5016
2017-08-31,1.1825,130.81,0.91973,1.1446,1.497,1.5016
2017-09-01,1.192,131.29,0.92075,1.1441,1.483,1.5021
2017-09-04,1.1905,130.6,0.91855,1.1399,1.4774,1.496
2017-09-05,1.189,129.99,0.9174,1.1407,1.4732,1.4902
2017-09-06,1.1931,129.92,0.91428,1.1399,1.4787,1.4961
2017-09-07,1.1971,130.34,0.91403,1.1412,1.4587,1.4926
2017-09-08,1.206,129.5,0.91268,1.1405,1.4577,1.4881
2017-09-11,1.1997,130.38,0.9077499999999999,1.1404,1.4541,1.4915
2017-09-12,1.1933,130.93,0.89878,1.1444,1.4477,1.4847
2017-09-13,1.1979,131.79,0.90243,1.1496,1.4542,1.4909
2017-09-14,1.1885,131.55,0.89123,1.1496,1.4501,1.4877
2017-09-15,1.1963,132.92,0.88043,1.148,1.452,1.4911
2017-09-18,1.1948,133.09,0.88253,1.1464,1.4581,1.4947
2017-09-19,1.1972,133.44,0.88622,1.1535,1.4714,1.4969
2017-09-20,1.2007,133.63,0.8868,1.1532,1.4701,1.4891
2017-09-21,1.1905,133.86,0.8824,1.1585,1.4712,1.5002
2017-09-22,1.1961,134.01,0.8815499999999999,1.1588,1.4675,1.5011
2017-09-25,1.1867,133.19,0.8793800000000001,1.1562,1.463,1.4917
2017-09-26,1.1787,131.99,0.87775,1.1452,1.4605,1.4944
2017-09-27,1.1741,132.6,0.87565,1.1451,1.4554,1.4954
2017-09-28,1.1778,132.56,0.87635,1.146,1.4684,1.5054
2017-09-29,1.1806,132.82,0.88178,1.1457,1.4687,1.5075
2017-10-02,1.1744,132.5,0.88418,1.1399,1.4693,1.5036
2017-10-03,1.1753,132.77,0.88793,1.1449,1.4692,1.5039
2017-10-04,1.1787,132.47,0.88768,1.1456,1.4678,1.4986
2017-10-05,1.1742,132.05,0.89153,1.1472,1.4655,1.5015
2017-10-06,1.1707,132.23,0.89535,1.1473,1.4721,1.506
2017-10-09,1.1746,132.36,0.89195,1.1497,1.4731,1.5142
2017-10-10,1.1797,132.55,0.8941,1.1522,1.4745,1.5155
2017-10-11,1.183,132.72,0.8971,1.1524,1.4798,1.5186
2017-10-12,1.1856,133.12,0.90235,1.1552,1.4785,1.5175
2017-10-13,1.181,132.49,0.8898,1.1533,1.4761,1.508
2017-10-16,1.1803,131.99,0.88753,1.1514,1.48,1.4996
2017-10-17,1.1759,131.94,0.8914800000000001,1.1504,1.4741,1.4994
2017-10-18,1.1749,132.62,0.89283,1.1551,1.472,1.5009
2017-10-19,1.1834,133.18,0.89815,1.1541,1.4743,1.5033
2017-10-20,1.1818,133.75,0.89623,1.1597,1.4765,1.5055
2017-10-23,1.174,133.59,0.8909,1.1581,1.4835,1.5018
2017-10-24,1.1761,133.95,0.89303,1.1613,1.4875,1.5117
2017-10-25,1.1785,134.41,0.88883,1.169,1.4963,1.5282
2017-10-26,1.1753,133.75,0.8901,1.1678,1.5041,1.5248
2017-10-27,1.1605,132.52,0.88633,1.1632,1.4961,1.5196
2017-10-30,1.1612,131.83,0.8798,1.1603,1.4918,1.5148
2017-10-31,1.1638,132,0.87853,1.1622,1.5004,1.521
2017-11-01,1.1612,132.6,0.87385,1.164,1.4986,1.5136
2017-11-02,1.1645,132.9,0.8869,1.1647,1.496,1.5117
2017-11-03,1.1657,132.82,0.88923,1.1635,1.483,1.5184
2017-11-06,1.159,132.29,0.8839,1.1593,1.4787,1.512
2017-11-07,1.1562,132.03,0.8803800000000001,1.1557,1.4761,1.5112
2017-11-08,1.159,131.54,0.88405,1.1581,1.4753,1.5094
2017-11-09,1.163,131.75,0.88633,1.1589,1.4779,1.5144
2017-11-10,1.1654,132.08,0.8837,1.1591,1.4766,1.5197
2017-11-13,1.1656,132.07,0.89018,1.1591,1.4809,1.5256
2017-11-14,1.1745,133.29,0.89585,1.1643,1.4933,1.5361
2017-11-15,1.184,133.45,0.8991,1.1675,1.5103,1.5582
2017-11-16,1.1771,133.12,0.89183,1.1686,1.5025,1.5507
2017-11-17,1.1795,132.82,0.89385,1.1696,1.5053,1.5632
2017-11-20,1.1781,132.1,0.8894,1.1676,1.5066,1.5592
2017-11-21,1.1718,131.87,0.88498,1.1641,1.5006,1.5466
2017-11-22,1.1749,131.61,0.8881,1.1609,1.4969,1.5503
2017-11-23,1.1848,131.79,0.89005,1.1613,1.5024,1.5532
2017-11-24,1.1877,132.24,0.8912,1.165,1.5093,1.5585
2017-11-27,1.1952,132.69,0.89375,1.1718,1.5156,1.5656
2017-11-28,1.1888,132.24,0.89538,1.168,1.5208,1.5619
2017-11-29,1.1827,132.24,0.88293,1.1664,1.5176,1.5627
2017-11-30,1.1849,133.08,0.87985,1.1699,1.5267,1.5659
2017-12-01,1.1885,133.7,0.88115,1.1691,1.5301,1.5693
2017-12-04,1.1865,133.91,0.87725,1.1665,1.5034,1.5585
2017-12-05,1.1847,133.37,0.88183,1.1673,1.4966,1.5512
2017-12-06,1.1817,132.52,0.88335,1.1678,1.4963,1.5565
2017-12-07,1.1786,132.88,0.88068,1.17,1.5131,1.5682
2017-12-08,1.1742,133.26,0.87525,1.1704,1.5072,1.562
2017-12-11,1.1796,133.66,0.8825,1.1679,1.5168,1.5674
2017-12-12,1.1766,133.54,0.88068,1.1671,1.5098,1.5541
2017-12-13,1.1736,132.99,0.87905,1.1647,1.5092,1.5503
2017-12-14,1.1845,133.39,0.88163,1.1686,1.5196,1.5452
2017-12-15,1.1806,132.45,0.88253,1.1669,1.507,1.5382
2017-12-18,1.1795,132.66,0.88208,1.1652,1.5185,1.5392
2017-12-19,1.1823,133.23,0.885,1.1643,1.5207,1.5406
2017-12-20,1.1845,134.16,0.8832,1.1702,1.5221,1.5427
2017-12-21,1.1859,134.59,0.88763,1.1725,1.5184,1.5451
2017-12-22,1.1853,134.37,0.88568,1.1735,1.5057,1.5358
2017-12-27,1.1895,134.7,0.88593,1.1772,1.5028,1.5316
2017-12-28,1.1934,134.74,0.88768,1.1704,1.5049,1.533
2017-12-29,1.1993,135.01,0.88723,1.1702,1.5039,1.5346
2018-01-02,1.2065,135.35,0.88953,1.1718,1.5128,1.5413
2018-01-03,1.2023,134.97,0.8864,1.1736,1.5047,1.5339
2018-01-04,1.2065,135.92,0.89103,1.1763,1.5114,1.5398
2018-01-05,1.2045,136.45,0.88883,1.1757,1.5068,1.5361
2018-01-08,1.1973,135.34,0.88413,1.1709,1.488,1.5289
2018-01-09,1.1932,134.31,0.8827,1.1727,1.4826,1.5242
2018-01-10,1.1992,133.62,0.8867,1.1725,1.4931,1.5289
2018-01-11,1.2017,134.19,0.89075,1.1736,1.5093,1.5281
2018-01-12,1.2137,134.88,0.88983,1.1787,1.5194,1.5417
2018-01-15,1.2277,135.81,0.8904300000000001,1.1799,1.5263,1.5434
2018-01-16,1.223,135.4,0.8885999999999999,1.1795,1.5194,1.5379
2018-01-17,1.2203,135.21,0.88568,1.1774,1.5185,1.5314
2018-01-18,1.2235,136.07,0.88208,1.1748,1.5229,1.5311
2018-01-19,1.2255,135.54,0.88365,1.1758,1.5246,1.5302
2018-01-22,1.2239,135.66,0.88085,1.1764,1.527,1.5287
2018-01-23,1.2249,135.35,0.8783,1.1779,1.5289,1.5365
2018-01-24,1.2352,135.13,0.87183,1.1735,1.5229,1.531
2018-01-25,1.2407,135.12,0.87038,1.168,1.5289,1.5358
2018-01-26,1.2436,135.95,0.87335,1.1632,1.5325,1.538
2018-01-29,1.2379,134.75,0.8794,1.1563,1.5269,1.5302
2018-01-30,1.2421,134.98,0.8793,1.1589,1.5304,1.5345
2018-01-31,1.2457,135.6,0.8791,1.1631,1.529,1.5357
2018-02-01,1.2459,136.62,0.8752,1.1603,1.5348,1.5567
2018-02-02,1.2492,137.22,0.8784999999999999,1.1596,1.5387,1.563
2018-02-05,1.244,136.67,0.88568,1.1599,1.5468,1.5664
2018-02-06,1.2329,134.97,0.88885,1.1571,1.5488,1.5728
2018-02-07,1.2338,134.84,0.88675,1.161,1.5445,1.5684
2018-02-08,1.2252,134.31,0.87513,1.1555,1.5402,1.5694
2018-02-09,1.2273,133.59,0.8874,1.15,1.5475,1.5721
2018-02-12,1.2263,133.23,0.886,1.1503,1.5427,1.5645
2018-02-13,1.2333,132.82,0.88935,1.1522,1.5544,1.5715
2018-02-14,1.2348,132.4,0.8904,1.1519,1.5528,1.5707
2018-02-15,1.2493,133.11,0.8866000000000001,1.1545,1.5604,1.5757
2018-02-16,1.2464,132.34,0.88803,1.1521,1.5587,1.5695
2018-02-19,1.241,132.24,0.8859,1.1513,1.5592,1.5676
2018-02-20,1.234,132.25,0.88168,1.1537,1.5553,1.5648
2018-02-21,1.2312,132.41,0.88463,1.1551,1.5601,1.5684
2018-02-22,1.2276,131.47,0.88343,1.1508,1.5589,1.5699
2018-02-23,1.2299,131.28,0.8794,1.1505,1.5614,1.572
2018-02-26,1.232,131.6,0.8782,1.153,1.5617,1.571
2018-02-27,1.2301,131.77,0.884,1.1539,1.5647,1.5698
2018-02-28,1.2214,130.72,0.88415,1.152,1.5608,1.5637
2018-03-01,1.2171,129.98,0.8852,1.1519,1.5654,1.5746
2018-03-02,1.2312,129.77,0.8932,1.1512,1.5858,1.5885
2018-03-05,1.2307,130.02,0.8907,1.1549,1.5914,1.5887
2018-03-06,1.2411,131.84,0.8916500000000001,1.1626,1.5993,1.584
2018-03-07,1.2417,131.41,0.89513,1.1673,1.6056,1.5909
2018-03-08,1.2421,131.83,0.8946499999999999,1.1731,1.6044,1.5912
2018-03-09,1.2291,131.31,0.88893,1.1695,1.5848,1.5772
2018-03-12,1.2302,131.04,0.8859,1.1681,1.5782,1.5641
2018-03-13,1.2378,132.31,0.8865,1.169,1.589,1.5683
2018-03-14,1.2369,131.77,0.8863,1.1704,1.5993,1.5644
2018-03-15,1.2341,130.9,0.8848,1.1689,1.6025,1.5735
2018-03-16,1.2301,130.21,0.88253,1.1702,1.6087,1.586
2018-03-19,1.2309,130.65,0.87593,1.1717,1.6105,1.5994
2018-03-20,1.2276,130.72,0.87715,1.1721,1.604,1.5934
2018-03-21,1.2286,130.5,0.87403,1.1709,1.5947,1.5994
2018-03-22,1.2316,129.75,0.872,1.1671,1.5889,1.5974
2018-03-23,1.2346,129.74,0.87285,1.1703,1.5868,1.5978
2018-03-26,1.2411,130.47,0.87248,1.1739,1.5997,1.6048
2018-03-27,1.2376,131.04,0.8794,1.1764,1.5949,1.607
2018-03-28,1.2398,131.6,0.87605,1.1801,1.5974,1.6132
2018-03-29,1.2321,131.15,0.8749,1.1779,1.5895,1.6036
2018-04-03,1.2308,130.76,0.87523,1.1775,1.5818,1.5994
2018-04-04,1.2276,130.43,0.87573,1.1776,1.5756,1.5978
2018-04-05,1.226,131.26,0.87395,1.1796,1.5659,1.594
2018-04-06,1.2234,131.32,0.87295,1.1798,1.565,1.5934
2018-04-09,1.2304,131.66,0.87088,1.179,1.5726,1.605
2018-04-10,1.2361,132.28,0.87183,1.1792,1.5645,1.5976
2018-04-11,1.2384,132.26,0.8736,1.1855,1.5625,1.598
2018-04-12,1.2323,132.04,0.8674500000000001,1.1876,1.5517,1.5893
2018-04-13,1.2317,132.64,0.864,1.1854,1.5482,1.5801
2018-04-16,1.237,132.77,0.86465,1.1878,1.5596,1.5928
2018-04-17,1.2357,132.35,0.8628,1.1908,1.5511,1.591
2018-04-18,1.2388,132.82,0.87105,1.1979,1.5572,1.5953
2018-04-19,1.2382,132.88,0.86975,1.1976,1.5606,1.5892
2018-04-20,1.2309,132.41,0.87608,1.197,1.5557,1.5983
2018-04-23,1.2238,132.38,0.8764,1.1941,1.5649,1.601
2018-04-24,1.2213,132.92,0.87468,1.1944,1.5662,1.6038
2018-04-25,1.2185,133.03,0.8738,1.1986,1.5704,1.6118
2018-04-26,1.2168,132.87,0.871,1.1976,1.5618,1.607
2018-04-27,1.207,131.95,0.877,1.196,1.5549,1.5975
2018-04-30,1.2079,132.12,0.8796,1.1968,1.5542,1.6013
2018-05-02,1.2007,131.84,0.8804,1.1957,1.5401,1.5987
2018-05-03,1.1992,131.03,0.8818,1.1958,1.5404,1.5926
2018-05-04,1.1969,130.37,0.88235,1.195,1.541,1.5915
2018-05-07,1.1902,130.15,0.8801,1.1964,1.5338,1.5882
2018-05-08,1.187,129.45,0.8793,1.1906,1.5398,1.5929
2018-05-09,1.1879,130.24,0.8744499999999999,1.1895,1.5299,1.5923
2018-05-10,1.1878,130.22,0.8781,1.1908,1.5172,1.5865
2018-05-11,1.1934,130.44,0.88,1.1933,1.5197,1.5801
2018-05-14,1.1988,131.27,0.8824,1.1965,1.5301,1.5861
2018-05-15,1.1883,130.77,0.879,1.191,1.5253,1.5857
2018-05-16,1.1784,129.83,0.87418,1.1792,1.5161,1.5741
2018-05-17,1.1805,130.66,0.8735000000000001,1.1819,1.5077,1.5681
2018-05-18,1.1781,130.69,0.87325,1.1773,1.5074,1.5673
2018-05-21,1.1759,130.84,0.8764,1.1753,1.5139,1.5619
2018-05-22,1.1794,130.7,0.87688,1.1738,1.5066,1.5543
2018-05-23,1.1708,128.61,0.87953,1.1598,1.5109,1.5544
2018-05-24,1.1728,128.46,0.87475,1.1607,1.5111,1.5519
2018-05-25,1.1675,127.72,0.8754,1.1593,1.5126,1.5424
2018-05-28,1.1644,127.33,0.87465,1.1577,1.5114,1.541
2018-05-29,1.1558,125.88,0.87143,1.1517,1.5058,1.5366
2018-05-30,1.1632,126.76,0.875,1.1513,1.5093,1.5409
2018-05-31,1.1699,127.33,0.8768,1.1526,1.5038,1.5414
2018-06-01,1.1669,127.74,0.8768,1.1531,1.5142,1.5494
2018-06-04,1.1737,128.44,0.87673,1.1546,1.5148,1.5311
2018-06-05,1.1675,128.08,0.8739,1.1515,1.5158,1.5335
2018-06-06,1.1765,129.57,0.87683,1.1629,1.515,1.5365
2018-06-07,1.1836,130.26,0.88123,1.1613,1.5313,1.5457
2018-06-08,1.1754,128.64,0.8773300000000001,1.1572,1.5274,1.5496
2018-06-11,1.179,129.62,0.8818,1.1631,1.5348,1.5501
2018-06-12,1.1788,130.03,0.88175,1.1615,1.5335,1.5506
2018-06-13,1.1764,130.03,0.8821,1.1616,1.5313,1.5506
2018-06-14,1.173,129.15,0.87683,1.1585,1.5222,1.5514
2018-06-15,1.1596,128.31,0.8732,1.1575,1.5223,1.5518
2018-06-18,1.1613,128.27,0.8765500000000001,1.1554,1.5307,1.561
2018-06-19,1.1534,126.78,0.87693,1.1501,1.5319,1.5695
2018-06-20,1.1578,127.39,0.87878,1.1537,1.5398,1.5688
2018-06-21,1.1538,127.59,0.8737,1.1496,1.5381,1.5664
2018-06-22,1.1648,128.3,0.87663,1.1534,1.5459,1.5681
2018-06-25,1.17,128.21,0.8804,1.1549,1.5542,1.5742
2018-06-26,1.1672,127.95,0.8816000000000001,1.1543,1.5549,1.5778
2018-06-27,1.1616,128.08,0.88173,1.1536,1.5443,1.5725
2018-06-28,1.1583,127.63,0.8852,1.1556,1.5398,1.5778
2018-06-29,1.1658,129.04,0.88605,1.1569,1.5442,1.5787
2018-07-02,1.1639,128.86,0.8865,1.1563,1.5342,1.5825
2018-07-03,1.1665,129.09,0.8835,1.1573,1.5344,1.5761
2018-07-04,1.1642,128.64,0.88108,1.1557,1.5306,1.5763
2018-07-05,1.1709,129.53,0.8831,1.1613,1.5374,1.5821
2018-07-06,1.1724,129.65,0.88595,1.1634,1.5397,1.5809
2018-07-09,1.1789,130.21,0.88345,1.1646,1.5415,1.5755
2018-07-10,1.1713,130.3,0.8833800000000001,1.1649,1.5382,1.5739
2018-07-11,1.1735,130.53,0.8848200000000001,1.1653,1.5421,1.5869
2018-07-12,1.1658,131.13,0.88263,1.1642,1.5369,1.5778
2018-07-13,1.1643,131.04,0.88488,1.1704,1.5358,1.5764
2018-07-16,1.172,131.65,0.8827,1.1696,1.5399,1.5773
2018-07-17,1.1707,131.81,0.88725,1.1648,1.5403,1.581
2018-07-18,1.1611,130.92,0.89118,1.1611,1.5389,1.5794
2018-07-19,1.1588,130.98,0.89298,1.1622,1.5351,1.5804
2018-07-20,1.167,130.94,0.89445,1.1633,1.5443,1.5818
2018-07-23,1.1716,130.18,0.8917,1.1614,1.5387,1.5821
2018-07-24,1.1706,130.06,0.89178,1.1626,1.5393,1.5797
2018-07-25,1.169,129.8,0.88855,1.1598,1.5341,1.5766
2018-07-26,1.1716,129.91,0.8885999999999999,1.1616,1.5287,1.5792
2018-07-27,1.1625,129.25,0.88823,1.1597,1.5193,1.5765
2018-07-30,1.1684,129.79,0.8907,1.1598,1.5245,1.5795
2018-07-31,1.1736,130.84,0.8922,1.1592,1.5298,1.5804
2018-08-01,1.1696,130.81,0.8904,1.1589,1.5231,1.5767
2018-08-02,1.1617,129.43,0.89145,1.155,1.5144,1.5781
2018-08-03,1.1588,129.3,0.8905,1.1528,1.5085,1.5689
2018-08-06,1.1543,128.68,0.8928,1.1513,1.5032,1.5629
2018-08-07,1.1602,128.88,0.89483,1.153,1.5047,1.5599
2018-08-08,1.1589,128.72,0.90085,1.1544,1.5158,1.5647
2018-08-09,1.1593,128.84,0.8994,1.1512,1.5111,1.5626
2018-08-10,1.1456,127.07,0.89675,1.1391,1.5002,1.5675
2018-08-13,1.1403,126.11,0.8933,1.1338,1.4996,1.567
2018-08-14,1.1406,126.42,0.893,1.1298,1.4909,1.5696
2018-08-15,1.1321,125.67,0.8913,1.1289,1.4833,1.5669
2018-08-16,1.137,126.02,0.89498,1.1299,1.4942,1.5647
2018-08-17,1.1391,125.75,0.89575,1.1338,1.4976,1.567
2018-08-20,1.142,126.25,0.89478,1.1366,1.4927,1.5631
2018-08-21,1.1502,127.01,0.8974,1.1372,1.4978,1.5657
2018-08-22,1.1616,128.08,0.89928,1.1401,1.5126,1.5785
2018-08-23,1.1579,128.31,0.89878,1.1383,1.5089,1.5888
2018-08-24,1.1588,128.97,0.902,1.1398,1.5143,1.5868
2018-08-27,1.1633,129.16,0.90365,1.1428,1.5182,1.5886
2018-08-28,1.171,130.03,0.9068000000000001,1.1427,1.5128,1.5924
2018-08-29,1.166,129.73,0.905,1.1385,1.5093,1.5989
2018-08-30,1.1692,130.32,0.89758,1.1339,1.5117,1.6015
2018-08-31,1.1651,129.05,0.8974,1.1281,1.5192,1.6129
2018-09-03,1.1609,129.03,0.90158,1.1268,1.5175,1.6109
2018-09-04,1.1562,128.6,0.90058,1.1261,1.5234,1.6091
2018-09-05,1.1582,129.17,0.90328,1.1288,1.5263,1.6144
2018-09-06,1.1634,129.55,0.89824,1.1275,1.5338,1.6164
2018-09-07,1.1615,128.74,0.89275,1.1217,1.5238,1.6219
2018-09-10,1.1571,128.54,0.8934,1.1267,1.5268,1.6257
2018-09-11,1.1574,128.82,0.89068,1.1276,1.5231,1.631
2018-09-12,1.1585,129.13,0.89028,1.1277,1.5137,1.6268
2018-09-13,1.162,129.68,0.89,1.1265,1.5112,1.6167
2018-09-14,1.1689,130.75,0.89228,1.1274,1.5206,1.626
2018-09-17,1.1671,130.79,0.88875,1.1236,1.5193,1.6258
2018-09-18,1.1697,131.21,0.88963,1.1245,1.5237,1.6244
2018-09-19,1.1667,130.94,0.88813,1.1304,1.5136,1.6109
2018-09-20,1.1769,131.98,0.8859,1.1312,1.5174,1.6158
2018-09-21,1.1759,132.44,0.894,1.1228,1.5197,1.6154
2018-09-24,1.1773,132.56,0.89458,1.129,1.5231,1.6187
2018-09-25,1.1777,132.78,0.89425,1.1376,1.5262,1.6234
2018-09-26,1.1737,132.61,0.8908,1.1369,1.5214,1.6202
2018-09-27,1.1707,132.15,0.88973,1.1371,1.5301,1.62
2018-09-28,1.1576,131.23,0.8873,1.1316,1.5064,1.6048
2018-10-01,1.1606,132.25,0.89078,1.1414,1.4867,1.607
2018-10-02,1.1543,131.46,0.8904300000000001,1.1354,1.4795,1.6081
2018-10-03,1.1548,131.47,0.88895,1.1412,1.482,1.6146
2018-10-04,1.1502,131.31,0.8858,1.1409,1.48,1.6234
2018-10-05,1.1506,131.03,0.88165,1.1433,1.4862,1.627
2018-10-08,1.1478,130.11,0.8801,1.1396,1.4915,1.6242
2018-10-09,1.1435,129.45,0.8768,1.1381,1.4861,1.6203
2018-10-10,1.15,130.23,0.87448,1.1412,1.4907,1.6206
2018-10-11,1.1575,130,0.8749,1.143,1.5102,1.6314
2018-10-12,1.1574,129.99,0.8764,1.147,1.5054,1.6236
2018-10-15,1.1581,129.53,0.88045,1.1428,1.5085,1.6231
2018-10-16,1.1587,129.92,0.87593,1.1444,1.501,1.6243
2018-10-17,1.153,129.43,0.87945,1.1453,1.4957,1.619
2018-10-18,1.1505,129.44,0.87843,1.1451,1.5009,1.6119
2018-10-19,1.147,129.05,0.8802,1.1421,1.4947,1.6065
2018-10-22,1.1494,129.63,0.88425,1.1456,1.5044,1.6185
2018-10-23,1.1478,128.76,0.88103,1.1424,1.5047,1.6243
2018-10-24,1.1389,128.37,0.8823299999999999,1.1373,1.49,1.6067
2018-10-25,1.1416,128.27,0.88533,1.1407,1.4893,1.6095
2018-10-26,1.1345,127.13,0.8868,1.1367,1.4916,1.6142
2018-10-29,1.1381,127.92,0.88788,1.1384,1.4917,1.6061
2018-10-30,1.1372,128.28,0.8914800000000001,1.1386,1.4941,1.6025
2018-10-31,1.1318,128.15,0.88873,1.1399,1.4856,1.5972
2018-11-01,1.1393,128.52,0.88173,1.143,1.4904,1.5857
2018-11-02,1.1417,128.89,0.8787,1.1422,1.4956,1.584
2018-11-05,1.137,128.81,0.87535,1.1437,1.4887,1.5803
2018-11-06,1.1428,129.31,0.87313,1.146,1.4996,1.5789
2018-11-07,1.1487,130.02,0.87403,1.1444,1.5019,1.575
2018-11-08,1.1424,129.9,0.87163,1.1456,1.4972,1.5668
2018-11-09,1.1346,129.26,0.87053,1.1414,1.4969,1.5663
2018-11-12,1.1265,128.2,0.87563,1.1368,1.4873,1.5623
2018-11-13,1.1261,128.32,0.8694499999999999,1.1368,1.4888,1.5628
2018-11-14,1.1296,128.64,0.87048,1.1395,1.4937,1.5657
2018-11-15,1.1305,128.16,0.8837,1.1365,1.4949,1.5564
2018-11-16,1.1346,128.37,0.8835,1.1431,1.4955,1.5623
2018-11-19,1.1427,128.89,0.89083,1.1391,1.5055,1.566
2018-11-20,1.1421,128.34,0.88908,1.1328,1.5071,1.5712
2018-11-21,1.1409,129.04,0.89108,1.1341,1.5144,1.5725
2018-11-22,1.1403,128.8,0.88598,1.1351,1.5074,1.5721
2018-11-23,1.1352,128.07,0.8848,1.1316,1.5019,1.5708
2018-11-26,1.1363,128.7,0.8844,1.1332,1.5011,1.5664
2018-11-27,1.1328,128.66,0.88748,1.1309,1.5018,1.5631
2018-11-28,1.1284,128.47,0.88245,1.1273,1.5036,1.5595
2018-11-29,1.1387,128.99,0.89135,1.1324,1.5117,1.5525
2018-11-30,1.1359,128.99,0.89068,1.134,1.5116,1.5565
2018-12-03,1.1332,128.7,0.8915,1.1323,1.4931,1.5354
2018-12-04,1.1409,128.68,0.89058,1.1348,1.5031,1.5451
2018-12-05,1.1354,128.31,0.88885,1.1328,1.5076,1.5569
2018-12-06,1.1351,128.04,0.8893,1.1304,1.5229,1.5745
2018-12-07,1.1371,128.36,0.89085,1.1299,1.523,1.5766
2018-12-10,1.1425,128.79,0.90245,1.1295,1.5218,1.5842
2018-12-11,1.1379,128.75,0.90228,1.1248,1.5239,1.5778
2018-12-12,1.1346,128.67,0.90135,1.1286,1.517,1.5732
2018-12-13,1.1371,129.06,0.8984799999999999,1.1287,1.5193,1.5729
2018-12-14,1.1285,128.13,0.89835,1.1254,1.5095,1.5753
2018-12-17,1.1341,128.44,0.8989,1.1254,1.5189,1.5801
2018-12-18,1.1377,127.86,0.89715,1.1281,1.5249,1.581
2018-12-19,1.1405,128.11,0.90318,1.1328,1.5332,1.5879
2018-12-20,1.1451,127.94,0.90335,1.1331,1.5424,1.605
2018-12-21,1.1414,126.98,0.90215,1.1312,1.5459,1.6081
2018-12-24,1.1408,126.47,0.90038,1.1312,1.5506,1.6186
2018-12-27,1.1377,126.14,0.90073,1.1279,1.55,1.6161
2018-12-28,1.1454,126.4,0.90273,1.1227,1.5602,1.6215
2018-12-31,1.145,125.85,0.89453,1.1269,1.5605,1.622
2019-01-02,1.1397,124.28,0.90165,1.1239,1.5547,1.6273
2019-01-03,1.1348,122.21,0.90312,1.1219,1.5392,1.6287
2019-01-04,1.1403,123.2,0.89988,1.1256,1.5328,1.6189
2019-01-07,1.1445,123.9,0.8972,1.1227,1.5281,1.604
2019-01-08,1.144,124.46,0.8974299999999999,1.1232,1.5208,1.6042
2019-01-09,1.1455,124.7,0.89913,1.123,1.5172,1.5982
2019-01-10,1.1535,124.7,0.90423,1.1276,1.5251,1.6031
2019-01-11,1.1533,124.91,0.90015,1.1327,1.5247,1.597
2019-01-14,1.1467,123.93,0.89263,1.1258,1.5226,1.5945
2019-01-15,1.1424,124.02,0.89025,1.1266,1.5154,1.5884
2019-01-16,1.1389,123.91,0.8859,1.1269,1.5101,1.5874
2019-01-17,1.1396,123.95,0.8826000000000001,1.1312,1.5153,1.5895
2019-01-18,1.1402,124.78,0.88125,1.1331,1.5134,1.585
2019-01-21,1.1362,124.6,0.88303,1.1343,1.5117,1.5889
2019-01-22,1.1354,124.25,0.88,1.1326,1.5128,1.5923
2019-01-23,1.1367,124.7,0.87213,1.1335,1.5132,1.5934
2019-01-24,1.1341,124.43,0.87085,1.1283,1.516,1.5967
2019-01-25,1.1346,124.72,0.8658,1.131,1.5107,1.5939
2019-01-28,1.1418,124.94,0.86888,1.1331,1.5115,1.5913
2019-01-29,1.1422,125.03,0.86735,1.1352,1.5142,1.5954
2019-01-30,1.1429,125.08,0.87341,1.1403,1.5111,1.5885
2019-01-31,1.1488,124.81,0.87578,1.1409,1.5109,1.5787
2019-02-01,1.1471,124.91,0.87888,1.1396,1.5075,1.5789
2019-02-04,1.1445,125.77,0.87678,1.1421,1.5011,1.5852
2019-02-05,1.1423,125.59,0.87803,1.1436,1.4996,1.5771
2019-02-06,1.1394,125.05,0.8787,1.1394,1.502,1.5968
2019-02-07,1.1345,124.41,0.8774999999999999,1.1357,1.505,1.5954
2019-02-08,1.1346,124.57,0.8749,1.1357,1.5098,1.6006
2019-02-11,1.1309,124.63,0.87615,1.1351,1.5005,1.5983
2019-02-12,1.1296,124.7,0.87705,1.1381,1.4969,1.5926
2019-02-13,1.1305,125.19,0.87553,1.1371,1.4972,1.59
2019-02-14,1.1268,125.12,0.87945,1.137,1.4949,1.5848
2019-02-15,1.126,124.45,0.8793800000000001,1.134,1.4959,1.5836
2019-02-18,1.1328,125.23,0.8762,1.1361,1.4992,1.5825
2019-02-19,1.1294,125.09,0.87185,1.1351,1.4961,1.5881
2019-02-20,1.1342,125.61,0.8694499999999999,1.1342,1.4956,1.5844
2019-02-21,1.1354,125.7,0.86805,1.1367,1.4951,1.5969
2019-02-22,1.1325,125.56,0.87263,1.1346,1.4976,1.5923
2019-02-25,1.1355,125.75,0.8682800000000001,1.1351,1.4924,1.5831
2019-02-26,1.1361,125.93,0.86055,1.1371,1.5024,1.5897
2019-02-27,1.1386,125.9,0.85503,1.1354,1.4962,1.5909
2019-02-28,1.1416,126.44,0.8583499999999999,1.1335,1.5042,1.5988
2019-03-01,1.1383,127.35,0.85968,1.1363,1.4971,1.6
2019-03-04,1.1337,126.91,0.85775,1.1352,1.5092,1.599
2019-03-05,1.1329,126.8,0.86358,1.1341,1.5116,1.6017
2019-03-06,1.1305,126.4,0.8597,1.136,1.5128,1.6072
2019-03-07,1.1271,125.97,0.8588,1.1355,1.5131,1.6014
2019-03-08,1.1222,124.72,0.85905,1.1324,1.5099,1.5964
2019-03-11,1.1244,124.91,0.8624000000000001,1.1349,1.5093,1.5935
2019-03-12,1.1275,125.27,0.86145,1.1369,1.5111,1.5926
2019-03-13,1.1303,125.89,0.8588,1.1373,1.5087,1.6005
2019-03-14,1.1295,126.09,0.85228,1.1351,1.5074,1.603
2019-03-15,1.1308,126.16,0.85415,1.136,1.5118,1.5988
2019-03-18,1.1349,126.54,0.8566,1.136,1.5134,1.5981
2019-03-19,1.1358,126.59,0.85548,1.1353,1.506,1.5986
2019-03-20,1.1354,126.63,0.8628,1.1338,1.5125,1.5999
2019-03-21,1.1387,125.92,0.8665,1.1309,1.5189,1.5985
2019-03-22,1.1302,124.6,0.8589,1.1243,1.5155,1.5923
2019-03-25,1.1325,124.65,0.85638,1.1237,1.5204,1.5931
2019-03-26,1.1291,124.72,0.8532999999999999,1.1222,1.5132,1.5832
2019-03-27,1.1261,124.42,0.85118,1.1196,1.5101,1.5888
2019-03-28,1.1218,124.16,0.85555,1.1185,1.5066,1.585
2019-03-29,1.1235,124.45,0.8583,1.1181,1.5,1.5821
2019-04-01,1.1236,124.68,0.85658,1.118,1.5006,1.5775
2019-04-02,1.12,124.73,0.86,1.1195,1.4919,1.5817
2019-04-03,1.1243,125.3,0.8539,1.1206,1.4964,1.5794
2019-04-04,1.1219,125.01,0.8541800000000001,1.1207,1.4987,1.5781
2019-04-05,1.1233,125.44,0.85938,1.1235,1.503,1.5787
2019-04-08,1.1246,125.36,0.86183,1.1245,1.5042,1.5823
2019-04-09,1.1277,125.51,0.86335,1.127,1.4984,1.5781
2019-04-10,1.1279,125.38,0.86083,1.128,1.5032,1.5785
2019-04-11,1.1264,125.3,0.86168,1.1304,1.5067,1.576
2019-04-12,1.1321,126.76,0.8629,1.1326,1.5082,1.5771
2019-04-15,1.1313,126.66,0.86305,1.1345,1.506,1.5761
2019-04-16,1.1305,126.59,0.8639,1.1371,1.511,1.5767
2019-04-17,1.1301,126.51,0.86593,1.14,1.507,1.5712
2019-04-18,1.125,125.86,0.8647,1.1383,1.5065,1.5719
2019-04-23,1.1245,125.82,0.8645,1.147,1.5057,1.5814
2019-04-24,1.1209,125.34,0.8654500000000001,1.1416,1.5078,1.5922
2019-04-25,1.1123,124.45,0.86435,1.1368,1.5023,1.5906
2019-04-26,1.1133,124.45,0.8633999999999999,1.1372,1.502,1.5824
2019-04-29,1.115,124.64,0.8633999999999999,1.1379,1.5028,1.5825
2019-04-30,1.1218,124.93,0.86248,1.1437,1.5075,1.5911
2019-05-02,1.1212,125.01,0.8593,1.1419,1.5064,1.597
2019-05-03,1.1155,124.4,0.85785,1.1383,1.5019,1.5943
2019-05-06,1.1199,124.13,0.8547,1.1403,1.5095,1.6021
2019-05-07,1.1185,123.73,0.85645,1.1415,1.5065,1.5944
2019-05-08,1.1202,123.31,0.86095,1.1407,1.5074,1.5987
2019-05-09,1.1193,122.91,0.8612,1.139,1.5093,1.6046
2019-05-10,1.123,123.25,0.8625,1.1378,1.5132,1.6059
2019-05-13,1.1245,123.06,0.8635,1.1319,1.5117,1.6142
2019-05-14,1.1226,123,0.8672299999999999,1.1307,1.5117,1.6162
2019-05-15,1.1183,122.24,0.8682,1.1276,1.5075,1.6166
2019-05-16,1.1203,122.81,0.87463,1.1306,1.5039,1.6213
2019-05-17,1.1172,122.34,0.87595,1.1283,1.5074,1.6239
2019-05-20,1.1167,122.67,0.8762,1.1263,1.5,1.6141
2019-05-21,1.1161,123.27,0.8761,1.1274,1.4966,1.6223
2019-05-22,1.1171,123.27,0.8828,1.1252,1.4952,1.6221
2019-05-23,1.1139,122.56,0.881,1.1224,1.5,1.6199
2019-05-24,1.1187,122.61,0.88318,1.1215,1.5053,1.6205
2019-05-27,1.1198,122.56,0.88225,1.1257,1.5061,1.6168
2019-05-28,1.1192,122.45,0.88373,1.1254,1.5071,1.6162
2019-05-29,1.1156,121.91,0.88225,1.1217,1.5065,1.6116
2019-05-30,1.1134,122.1,0.88178,1.1228,1.5029,1.6098
2019-05-31,1.1151,121.27,0.88693,1.1214,1.5115,1.6136
2019-06-03,1.1185,121.17,0.88618,1.1162,1.5098,1.6077
2019-06-04,1.1244,121.62,0.8873799999999999,1.1178,1.5111,1.6116
2019-06-05,1.1257,121.96,0.88631,1.1163,1.507,1.6114
2019-06-06,1.1266,121.82,0.88558,1.1174,1.5096,1.6132
2019-06-07,1.1273,122.27,0.88675,1.1191,1.5061,1.6173
2019-06-10,1.1301,122.78,0.8924800000000001,1.12,1.5004,1.6235
2019-06-11,1.132,123.09,0.89085,1.1233,1.5002,1.6273
2019-06-12,1.1323,122.72,0.88805,1.1252,1.5059,1.6292
2019-06-13,1.1289,122.44,0.88948,1.1207,1.5021,1.6336
2019-06-14,1.1265,121.9,0.89093,1.1211,1.5018,1.6324
2019-06-17,1.1234,122.06,0.89208,1.1214,1.5069,1.6355
2019-06-18,1.1187,121.08,0.89403,1.1175,1.5016,1.6349
2019-06-19,1.1207,121.49,0.8902,1.1176,1.499,1.6303
2019-06-20,1.1307,121.71,0.89155,1.1142,1.4886,1.6323
2019-06-21,1.1316,121.64,0.89425,1.1107,1.4928,1.6386
2019-06-24,1.1394,122.25,0.8936500000000001,1.1109,1.503,1.6385
2019-06-25,1.1388,121.97,0.89485,1.1108,1.5001,1.6341
2019-06-26,1.1362,122.4,0.89603,1.1113,1.4947,1.6277
2019-06-27,1.137,122.64,0.89428,1.1121,1.4928,1.6251
2019-06-28,1.138,122.6,0.89655,1.1105,1.4893,1.6244
2019-07-01,1.1349,122.93,0.89718,1.1141,1.4866,1.6226
2019-07-02,1.1301,122.36,0.8944299999999999,1.1169,1.4819,1.6155
2019-07-03,1.1293,121.61,0.8975,1.1116,1.4794,1.6093
2019-07-04,1.1288,121.65,0.8973,1.112,1.4749,1.6076
2019-07-05,1.126,121.77,0.89703,1.1126,1.4712,1.6057
2019-07-08,1.1215,121.8,0.89625,1.1127,1.4642,1.6058
2019-07-09,1.1205,121.93,0.89975,1.1137,1.4706,1.6164
2019-07-10,1.122,122.2,0.89928,1.1133,1.4713,1.621
2019-07-11,1.1285,121.94,0.8979,1.1114,1.4735,1.6154
2019-07-12,1.1253,121.83,0.89788,1.1087,1.4667,1.6102
2019-07-15,1.1269,121.62,0.89873,1.1071,1.4684,1.6023
2019-07-16,1.1223,121.13,0.9026,1.1075,1.4643,1.5955
2019-07-17,1.1215,121.42,0.9034,1.1095,1.4654,1.6009
2019-07-18,1.1216,120.89,0.8985300000000001,1.1064,1.465,1.5944
2019-07-19,1.1226,120.93,0.89635,1.1033,1.4655,1.5913
2019-07-22,1.1215,121.03,0.89968,1.1007,1.4665,1.5912
2019-07-23,1.1173,120.82,0.8983,1.0985,1.4691,1.5898
2019-07-24,1.114,120.41,0.8914299999999999,1.0982,1.4627,1.596
2019-07-25,1.1115,120.15,0.88963,1.0989,1.4591,1.5943
2019-07-26,1.1138,121.06,0.89633,1.1053,1.468,1.6082
2019-07-29,1.1119,120.81,0.90443,1.1037,1.4645,1.611
2019-07-30,1.1154,121,0.91653,1.1038,1.4691,1.6189
2019-07-31,1.1151,121.04,0.91623,1.1041,1.4662,1.6175
2019-08-01,1.1037,120.18,0.9115,1.0988,1.4602,1.6135
2019-08-02,1.1106,118.57,0.91505,1.0931,1.4698,1.6365
2019-08-05,1.1182,118.61,0.9188,1.0893,1.4775,1.652
2019-08-06,1.1187,119.1,0.9183,1.0919,1.4785,1.6467
2019-08-07,1.1202,118.48,0.92353,1.0921,1.492,1.6628
2019-08-08,1.1193,118.64,0.92115,1.0923,1.4874,1.6483
2019-08-09,1.1198,118.51,0.9282,1.0897,1.4796,1.6452
2019-08-12,1.1194,117.69,0.92615,1.0876,1.4807,1.6589
2019-08-13,1.1222,118.01,0.9283,1.0853,1.4889,1.6589
2019-08-14,1.1188,118.48,0.9267300000000001,1.0862,1.4872,1.6579
2019-08-15,1.115,118.37,0.9186299999999999,1.0863,1.4841,1.6442
2019-08-16,1.1076,117.77,0.91033,1.0854,1.473,1.632
2019-08-19,1.1103,118.34,0.91583,1.0884,1.4729,1.6376
2019-08-20,1.1076,117.79,0.91623,1.086,1.4762,1.6347
2019-08-21,1.1104,118.24,0.91545,1.0875,1.4761,1.6337
2019-08-22,1.1083,118.13,0.9115,1.0905,1.4722,1.638
2019-08-23,1.1065,117.79,0.9045299999999999,1.0893,1.4741,1.6396
2019-08-26,1.1116,117.67,0.90808,1.0885,1.4788,1.643
2019-08-27,1.1104,117.43,0.90435,1.0884,1.4689,1.6412
2019-08-28,1.1083,117.18,0.90823,1.0872,1.4754,1.6431
2019-08-29,1.1072,117.68,0.9053099999999999,1.088,1.4699,1.6402
2019-08-30,1.1036,117.28,0.90565,1.0909,1.4658,1.6398
2019-09-02,1.0968,116.66,0.9082,1.0875,1.4632,1.6338
2019-09-03,1.0937,116.05,0.90885,1.0829,1.4627,1.6247
2019-09-04,1.1018,117.03,0.90255,1.0848,1.4679,1.6225
2019-09-05,1.1058,117.97,0.8958,1.0863,1.4602,1.621
2019-09-06,1.1027,118.01,0.89635,1.0928,1.4583,1.6135
2019-09-09,1.1033,118.01,0.89275,1.0923,1.4515,1.6066
2019-09-10,1.104,118.52,0.893,1.0943,1.4536,1.6103
2019-09-11,1.1003,118.51,0.89133,1.0934,1.4468,1.6021
2019-09-12,1.0963,118.14,0.8892,1.0892,1.4468,1.5943
2019-09-13,1.1096,119.83,0.89093,1.094,1.4663,1.6126
2019-09-16,1.1031,118.96,0.8851,1.0932,1.4619,1.6054
2019-09-17,1.1026,119.23,0.88813,1.0966,1.462,1.6122
2019-09-18,1.1053,119.54,0.8872,1.0999,1.4645,1.6149
2019-09-19,1.1067,119.46,0.88735,1.097,1.4686,1.6291
2019-09-20,1.103,119.11,0.8823,1.0942,1.4636,1.6243
2019-09-23,1.0985,118.07,0.88343,1.0891,1.4586,1.6224
2019-09-24,1.1003,118.45,0.88153,1.0878,1.4586,1.6189
2019-09-25,1.0982,118,0.88668,1.0841,1.458,1.6236
2019-09-26,1.0938,117.73,0.88505,1.0864,1.4482,1.6162
2019-09-27,1.0935,118.21,0.88778,1.086,1.4493,1.6187
2019-09-30,1.0889,117.59,0.88573,1.0847,1.4426,1.6126
2019-10-01,1.0898,118,0.88955,1.0906,1.4466,1.6274
2019-10-02,1.0925,117.47,0.8897,1.094,1.4467,1.6351
2019-10-03,1.0951,117.17,0.8879,1.0957,1.4606,1.6294
2019-10-04,1.0979,117.23,0.89045,1.0913,1.4612,1.6247
2019-10-07,1.0993,117.44,0.89155,1.0924,1.4633,1.6316
2019-10-08,1.0986,117.43,0.89795,1.0898,1.4623,1.6286
2019-10-09,1.0981,117.91,0.8985,1.0927,1.4607,1.6282
2019-10-10,1.103,118.52,0.90155,1.0948,1.4678,1.6307
2019-10-11,1.1043,119.75,0.87518,1.1025,1.4679,1.6246
2019-10-14,1.1031,119.4,0.87983,1.0983,1.4576,1.6325
2019-10-15,1.1007,119.23,0.87058,1.0977,1.4562,1.6293
2019-10-16,1.1025,119.9,0.8656,1.0997,1.4563,1.6394
2019-10-17,1.1113,120.81,0.8683999999999999,1.0991,1.4644,1.6294
2019-10-18,1.1144,120.97,0.86435,1.0996,1.4639,1.6278
2019-10-21,1.1173,121.29,0.8593,1.1002,1.4643,1.624
2019-10-22,1.113,120.87,0.86065,1.1004,1.4581,1.6237
2019-10-23,1.1123,120.63,0.86408,1.1004,1.4558,1.6252
2019-10-24,1.1128,120.86,0.86288,1.1019,1.4545,1.6273
2019-10-25,1.1107,120.59,0.86598,1.1019,1.4511,1.627
2019-10-28,1.1087,120.69,0.86328,1.1047,1.4487,1.6245
2019-10-29,1.1095,120.88,0.86328,1.1041,1.4486,1.6186
2019-10-30,1.1106,120.99,0.862,1.1032,1.4534,1.6199
2019-10-31,1.1154,120.73,0.86133,1.1007,1.4673,1.6137
2019-11-01,1.1139,120.43,0.86008,1.1013,1.4682,1.6151
2019-11-04,1.1158,120.93,0.86368,1.1021,1.468,1.6158
2019-11-05,1.1109,120.93,0.86113,1.1009,1.4584,1.6079
2019-11-06,1.109,120.88,0.86033,1.101,1.4599,1.607
2019-11-07,1.1077,120.9,0.86442,1.0998,1.4585,1.6059
2019-11-08,1.1034,120.72,0.86158,1.0991,1.4561,1.6065
2019-11-11,1.1041,120.29,0.85743,1.0972,1.4607,1.6105
2019-11-12,1.1015,120.24,0.8582,1.0963,1.4588,1.6087
2019-11-13,1.1006,119.79,0.8576,1.0894,1.4592,1.6127
2019-11-14,1.0997,119.49,0.85643,1.0873,1.4588,1.6213
2019-11-15,1.1034,119.95,0.8566,1.0924,1.4608,1.6221
2019-11-18,1.1061,120.55,0.8532999999999999,1.096,1.4622,1.6242
2019-11-19,1.1077,120.46,0.85573,1.0979,1.4633,1.6234
2019-11-20,1.1059,119.96,0.85715,1.0977,1.4711,1.6227
2019-11-21,1.1091,120.46,0.85548,1.0998,1.4759,1.6282
2019-11-22,1.1058,120.03,0.8598,1.0994,1.4679,1.6287
2019-11-25,1.1008,119.88,0.85515,1.0986,1.4648,1.6232
2019-11-26,1.102,120.09,0.85715,1.0993,1.4663,1.6251
2019-11-27,1.1009,120.18,0.8545,1.0986,1.4605,1.622
2019-11-28,1.1005,120.5,0.8518,1.0991,1.4625,1.6253
2019-11-29,1.0982,120.43,0.85225,1.0998,1.4614,1.6228
2019-12-02,1.1023,120.75,0.85218,1.0995,1.4656,1.624
2019-12-03,1.1071,120.39,0.852,1.0947,1.4747,1.6186
2019-12-04,1.1081,120.45,0.8461,1.0956,1.4707,1.6203
2019-12-05,1.1094,120.69,0.8447,1.0964,1.461,1.6251
2019-12-06,1.1094,120.44,0.84453,1.0968,1.4618,1.619
2019-12-09,1.1075,120.15,0.84195,1.0959,1.4675,1.6228
2019-12-10,1.1077,120.27,0.84073,1.0922,1.4666,1.6275
2019-12-11,1.1075,120.44,0.84245,1.0916,1.4661,1.6194
2019-12-12,1.1137,120.95,0.8456,1.0939,1.4676,1.6165
2019-12-13,1.1174,122.43,0.83508,1.0982,1.4712,1.6159
2019-12-16,1.1146,121.97,0.8341499999999999,1.0953,1.4621,1.6177
2019-12-17,1.1162,122.31,0.84748,1.0946,1.469,1.6294
2019-12-18,1.1115,121.81,0.85055,1.0913,1.4624,1.6227
2019-12-19,1.1117,121.73,0.85073,1.0899,1.4588,1.6188
2019-12-20,1.1097,121.31,0.85133,1.0883,1.4579,1.6088
2019-12-23,1.1075,121.18,0.85708,1.087,1.4577,1.6008
2019-12-24,1.108,121.19,0.85533,1.0878,1.4582,1.6019
2019-12-27,1.1153,122.23,0.8512999999999999,1.089,1.4592,1.5996
2019-12-30,1.1189,122.19,0.8520799999999999,1.0871,1.4621,1.5992
2019-12-31,1.1234,121.94,0.8508,1.0854,1.4598,1.5995
2020-01-02,1.1193,121.75,0.84828,1.0865,1.4549,1.6006
2020-01-03,1.1147,120.54,0.85115,1.084,1.4471,1.6031
2020-01-06,1.1194,121.02,0.85215,1.085,1.4525,1.6119
2020-01-07,1.1172,121.15,0.85183,1.085,1.452,1.6251
2020-01-08,1.1115,120.86,0.84868,1.0792,1.447,1.6195
2020-01-09,1.111,121.54,0.85285,1.0808,1.4505,1.6193
2020-01-10,1.1091,121.6,0.8481,1.0822,1.4498,1.6132
2020-01-13,1.1126,122.25,0.8576,1.0811,1.4514,1.6117
2020-01-14,1.1115,122.32,0.8561800000000001,1.0767,1.4528,1.611
2020-01-15,1.1142,122.43,0.85683,1.0751,1.4565,1.6188
2020-01-16,1.1169,122.8,0.8547,1.0739,1.4559,1.6115
2020-01-17,1.1108,122.31,0.85105,1.0736,1.4498,1.6122
2020-01-20,1.1085,122.14,0.85275,1.0737,1.4487,1.6154
2020-01-21,1.1115,122.31,0.8502999999999999,1.0743,1.4512,1.6177
2020-01-22,1.1088,121.93,0.84445,1.0757,1.4465,1.6184
2020-01-23,1.1091,121.5,0.84498,1.0734,1.4599,1.6149
2020-01-24,1.1035,120.96,0.84313,1.0712,1.4491,1.6127
2020-01-27,1.1025,120.11,0.84358,1.0689,1.4539,1.6291
2020-01-28,1.1005,120.02,0.8460299999999999,1.0703,1.4516,1.629
2020-01-29,1.1001,120.06,0.8458,1.0729,1.4496,1.6299
2020-01-30,1.1029,120.03,0.84183,1.069,1.4577,1.6412
2020-01-31,1.1052,120.35,0.84175,1.0694,1.4627,1.6494
2020-02-03,1.1066,120.1,0.84775,1.0672,1.4647,1.6521
2020-02-04,1.1048,120.52,0.8488,1.0702,1.4671,1.6439
2020-02-05,1.1023,120.94,0.84444,1.0717,1.4644,1.6299
2020-02-06,1.1003,120.87,0.84835,1.0715,1.461,1.6282
2020-02-07,1.0969,120.51,0.8472,1.0705,1.4604,1.6417
2020-02-10,1.0951,120.18,0.84628,1.07,1.458,1.6373
2020-02-11,1.0901,119.73,0.8432500000000001,1.0667,1.4495,1.626
2020-02-12,1.0914,120.03,0.84058,1.0645,1.4468,1.6175
2020-02-13,1.0867,119.21,0.83375,1.0633,1.4406,1.6138
2020-02-14,1.0842,119.11,0.83208,1.0641,1.4363,1.6151
2020-02-17,1.0835,119.05,0.83238,1.0641,1.4334,1.6129
2020-02-18,1.0816,118.7,0.82985,1.0619,1.4345,1.6195
2020-02-19,1.08,119.35,0.83148,1.0621,1.4281,1.6142
2020-02-20,1.079,120.86,0.8384,1.0616,1.4304,1.6294
2020-02-21,1.0801,120.96,0.8351,1.061,1.432,1.6363
2020-02-24,1.0818,120.52,0.83833,1.06,1.4372,1.6384
2020-02-25,1.084,119.92,0.8363,1.0605,1.4403,1.6442
2020-02-26,1.0875,120.13,0.8415,1.0606,1.4469,1.6565
2020-02-27,1.0964,120.46,0.84995,1.0627,1.4636,1.6672
2020-02-28,1.0977,119.36,0.85315,1.0614,1.4757,1.6875
2020-03-02,1.1122,119.82,0.87113,1.0655,1.4857,1.6998
2020-03-03,1.1117,119.77,0.8701,1.0646,1.4857,1.6911
2020-03-04,1.1125,119.58,0.8685,1.0647,1.4862,1.6794
2020-03-05,1.1187,119.63,0.8667,1.0663,1.5021,1.6917
2020-03-06,1.1336,119.08,0.87165,1.0589,1.5213,1.7103
2020-03-09,1.1456,117.12,0.87383,1.0594,1.5613,1.733
2020-03-10,1.139,118.65,0.87385,1.0594,1.5579,1.7377
2020-03-11,1.1336,118.55,0.8769,1.0591,1.5579,1.7389
2020-03-12,1.124,116.84,0.88623,1.0549,1.5524,1.7674
2020-03-13,1.1104,119.11,0.8907,1.0608,1.5389,1.7684
2020-03-16,1.1157,117.76,0.90918,1.0546,1.5539,1.8198
2020-03-17,1.0982,117.5,0.90823,1.0561,1.5512,1.8287
2020-03-18,1.0934,117.78,0.9219000000000001,1.0546,1.5749,1.8568
2020-03-19,1.0801,118.63,0.92985,1.0535,1.5623,1.8635
2020-03-20,1.0707,118.37,0.91028,1.0546,1.5257,1.8226
2020-03-23,1.0783,119.11,0.9297,1.059,1.551,1.8586
2020-03-24,1.0843,119.99,0.921,1.0572,1.5716,1.8315
2020-03-25,1.0827,120.67,0.91503,1.0602,1.5539,1.7993
2020-03-26,1.0981,120.18,0.91348,1.0634,1.5466,1.8162
2020-03-27,1.0977,119.36,0.8974299999999999,1.0581,1.5521,1.8209
2020-03-30,1.1034,119.34,0.889,1.0571,1.5626,1.8021
2020-03-31,1.0956,118.9,0.8864300000000001,1.0585,1.5617,1.7967
2020-04-01,1.0936,117.55,0.8846000000000001,1.0564,1.5601,1.8053
2020-04-02,1.0906,117.06,0.87738,1.0551,1.5451,1.797
2020-04-03,1.0785,117.1,0.8784999999999999,1.0547,1.5299,1.8004
2020-04-06,1.0791,117.54,0.878,1.056,1.528,1.779
2020-04-07,1.0885,118.55,0.88093,1.0582,1.5259,1.7578
2020-04-08,1.0871,118.36,0.87948,1.0557,1.5233,1.7596
2020-04-09,1.0867,118.33,0.87565,1.0558,1.5265,1.7444
2020-04-14,1.0963,117.66,0.87253,1.0543,1.5257,1.7139
2020-04-15,1.0903,117.12,0.87385,1.0534,1.533,1.7299
2020-04-16,1.0888,117.12,0.87163,1.0516,1.5359,1.7266
2020-04-17,1.086,116.86,0.86978,1.0515,1.528,1.7088
2020-04-20,1.086,117.11,0.87343,1.0518,1.5325,1.7085
2020-04-21,1.0837,116.39,0.8812,1.0517,1.5393,1.7266
2020-04-22,1.0867,117.01,0.8792,1.0523,1.5375,1.7199
2020-04-23,1.0772,115.75,0.872,1.0511,1.5226,1.6918
2020-04-24,1.08,116.22,0.87498,1.0525,1.5173,1.6943
2020-04-27,1.0852,116.22,0.87263,1.0557,1.5255,1.6795
2020-04-28,1.0877,116.06,0.87078,1.0586,1.5179,1.6734
2020-04-29,1.0842,115.52,0.87378,1.0571,1.5129,1.6655
2020-04-30,1.0876,115.87,0.86905,1.0558,1.5077,1.6598
2020-05-04,1.0942,116.84,0.87898,1.0548,1.539,1.7022
2020-05-05,1.0843,115.71,0.8706,1.0525,1.5201,1.6825
2020-05-06,1.0807,114.65,0.87253,1.053,1.5225,1.7046
2020-05-07,1.0783,114.91,0.87478,1.053,1.5177,1.6704
2020-05-08,1.0843,115.34,0.87535,1.0529,1.5118,1.6613
2020-05-11,1.0824,116.16,0.87875,1.0519,1.5136,1.6709
2020-05-12,1.0858,116.56,0.87773,1.052,1.5178,1.6625
2020-05-13,1.0875,116.28,0.88245,1.0528,1.5243,1.6687
2020-05-14,1.0792,115.48,0.88495,1.0512,1.5224,1.6805
2020-05-15,1.0798,115.53,0.8873799999999999,1.0513,1.5231,1.6805
2020-05-18,1.0832,116.31,0.89153,1.0521,1.5202,1.6736
2020-05-19,1.095,118,0.89535,1.0633,1.5251,1.6751
2020-05-20,1.0958,117.95,0.89358,1.0584,1.5211,1.6653
2020-05-21,1.1,118.42,0.89943,1.0628,1.531,1.671
2020-05-22,1.0904,117.26,0.89563,1.0591,1.5273,1.6694
2020-05-25,1.091,117.47,0.89515,1.0597,1.5261,1.6678
2020-05-26,1.0975,117.92,0.88878,1.06,1.5184,1.6539
2020-05-27,1.0991,118.58,0.89595,1.0675,1.5126,1.6565
2020-05-28,1.1016,118.68,0.89728,1.0683,1.5155,1.6624
2020-05-29,1.1136,119.29,0.90088,1.072,1.528,1.6681
2020-06-01,1.1116,119.75,0.89673,1.0686,1.5228,1.6488
2020-06-02,1.1174,120.83,0.89083,1.0741,1.5106,1.631
2020-06-03,1.1194,121.54,0.8906500000000001,1.0793,1.5173,1.628
2020-06-04,1.125,122.48,0.89685,1.0786,1.5203,1.6276
2020-06-05,1.133,123.77,0.8944800000000001,1.0866,1.5237,1.6227
2020-06-08,1.1285,123.41,0.89173,1.0861,1.5126,1.6156
2020-06-09,1.1294,122.14,0.8912,1.077,1.5187,1.6267
2020-06-10,1.1375,122.16,0.88963,1.0762,1.5228,1.622
2020-06-11,1.1348,121.52,0.8966499999999999,1.0697,1.5321,1.6421
2020-06-12,1.1304,121.26,0.89653,1.0697,1.5347,1.6447
2020-06-15,1.1253,120.83,0.8964800000000001,1.0679,1.5342,1.6476
2020-06-16,1.1308,121.39,0.8937,1.0717,1.532,1.6324
2020-06-17,1.1232,120.65,0.8944800000000001,1.0669,1.5204,1.6292
2020-06-18,1.1222,120,0.90028,1.0667,1.5218,1.6356
2020-06-19,1.121,119.77,0.90505,1.0656,1.5209,1.6261
2020-06-22,1.1213,119.89,0.90328,1.0654,1.521,1.6292
2020-06-23,1.1318,121.05,0.9063,1.0705,1.5269,1.6272
2020-06-24,1.128,120.3,0.90343,1.0679,1.5331,1.6342
2020-06-25,1.12,120.25,0.90133,1.0637,1.5282,1.6321
2020-06-26,1.1213,119.93,0.9057500000000001,1.0631,1.5318,1.6313
2020-06-29,1.1284,121.07,0.9154,1.0669,1.5409,1.6406
2020-06-30,1.1198,120.66,0.91243,1.0651,1.5324,1.6344
2020-07-01,1.12,120.31,0.9043,1.062,1.5217,1.6268
2020-07-02,1.1286,121.24,0.90225,1.0648,1.5343,1.6296
2020-07-03,1.1224,120.68,0.9012,1.0623,1.5233,1.6175
2020-07-06,1.1325,121.78,0.90505,1.0642,1.5333,1.623
2020-07-07,1.129,121.61,0.9015,1.0643,1.5317,1.6261
2020-07-08,1.1286,121.39,0.89923,1.0624,1.5338,1.6242
2020-07-09,1.1342,121.67,0.89655,1.0634,1.5314,1.6239
2020-07-10,1.1276,120.48,0.8957000000000001,1.0625,1.5336,1.6247
2020-07-13,1.1329,121.4,0.89938,1.0685,1.5366,1.6248
2020-07-14,1.1375,122.17,0.90778,1.0691,1.5488,1.6348
2020-07-15,1.1444,122.25,0.9054,1.0783,1.5527,1.6293
2020-07-16,1.1414,122.24,0.9087499999999999,1.0787,1.5452,1.6338
2020-07-17,1.1428,122.53,0.91078,1.0753,1.551,1.636
2020-07-20,1.1448,122.63,0.9057500000000001,1.0736,1.5532,1.6359
2020-07-21,1.1443,122.7,0.90055,1.074,1.5399,1.6154
2020-07-22,1.1578,123.94,0.91123,1.0785,1.554,1.6139
2020-07-23,1.1569,123.98,0.91195,1.0731,1.5486,1.6246
2020-07-24,1.1608,123.36,0.90985,1.073,1.5578,1.6376
2020-07-27,1.176,123.88,0.9134,1.0838,1.5729,1.6472
2020-07-28,1.1717,123.34,0.90968,1.0758,1.5693,1.6412
2020-07-29,1.1725,123.28,0.90385,1.0766,1.5665,1.6348
2020-07-30,1.1743,123.58,0.90268,1.0744,1.5771,1.6446
2020-07-31,1.1848,124.31,0.9005300000000001,1.0769,1.5898,1.6488
2020-08-03,1.1726,124.51,0.90013,1.0784,1.5755,1.6508
2020-08-04,1.1765,124.78,0.90335,1.0761,1.5773,1.6495
2020-08-05,1.1854,125.37,0.90265,1.077,1.5703,1.6415
2020-08-06,1.1843,124.96,0.90033,1.0759,1.5748,1.6492
2020-08-07,1.1817,124.91,0.90373,1.0804,1.577,1.6403
2020-08-10,1.1763,124.74,0.90155,1.079,1.5739,1.6445
2020-08-11,1.1783,124.97,0.89843,1.0743,1.5656,1.6406
2020-08-12,1.1771,125.92,0.9047500000000001,1.0755,1.5644,1.6514
2020-08-13,1.1833,126.58,0.90373,1.0784,1.5637,1.6522
2020-08-14,1.1813,126.01,0.90173,1.0754,1.5649,1.6525
2020-08-17,1.1853,125.99,0.90625,1.0765,1.5684,1.6485
2020-08-18,1.1906,125.54,0.9037500000000001,1.0773,1.5672,1.6447
2020-08-19,1.1933,125.74,0.90345,1.0811,1.5688,1.6428
2020-08-20,1.185,125.46,0.90173,1.0786,1.5654,1.6544
2020-08-21,1.1769,124.53,0.89755,1.0744,1.5563,1.6442
2020-08-24,1.1847,125.26,0.9017500000000001,1.0761,1.5574,1.6454
2020-08-25,1.1814,125.67,0.89945,1.0752,1.5597,1.6472
2020-08-26,1.1789,125.34,0.8969,1.0738,1.5543,1.6371
2020-08-27,1.1806,125.34,0.89505,1.075,1.5521,1.6291
2020-08-28,1.1915,125.39,0.89468,1.0758,1.5553,1.6216
2020-08-31,1.194,126.47,0.89605,1.0774,1.5601,1.6214
2020-09-01,1.1987,126.92,0.88975,1.0865,1.56,1.6242
2020-09-02,1.1861,126,0.8884,1.0799,1.5495,1.6171
2020-09-03,1.1813,125.85,0.89135,1.0776,1.5491,1.6219
2020-09-04,1.1842,125.79,0.89325,1.0793,1.5508,1.6291
2020-09-07,1.1824,125.59,0.89835,1.0809,1.5484,1.6232
2020-09-08,1.1785,125.2,0.9045299999999999,1.082,1.5523,1.6286
2020-09-09,1.1773,125.05,0.91213,1.0806,1.5563,1.6264
2020-09-10,1.1849,125.76,0.9159,1.0766,1.5586,1.6282
2020-09-11,1.1854,125.82,0.92408,1.0777,1.5622,1.6244
2020-09-14,1.1876,125.82,0.9219000000000001,1.0768,1.5641,1.6327
2020-09-15,1.1892,125.39,0.92095,1.0768,1.5634,1.6219
2020-09-16,1.1869,124.72,0.91423,1.0753,1.5628,1.6174
2020-09-17,1.1797,123.38,0.9153,1.0742,1.5567,1.6152
2020-09-18,1.1833,123.49,0.91318,1.0776,1.5601,1.6242
2020-09-21,1.1787,122.7,0.91608,1.0761,1.5604,1.624
2020-09-22,1.174,122.78,0.91743,1.0748,1.5631,1.6288
2020-09-23,1.1692,122.91,0.9188499999999999,1.0773,1.5594,1.6439
2020-09-24,1.1645,122.73,0.91228,1.0772,1.56,1.6539
2020-09-25,1.1634,122.74,0.91343,1.0798,1.556,1.6548
2020-09-28,1.167,123.02,0.90508,1.0816,1.562,1.6513
2020-09-29,1.1702,123.61,0.90963,1.0795,1.5655,1.6412
2020-09-30,1.1708,123.76,0.91235,1.0804,1.5676,1.6438
2020-10-01,1.1752,123.98,0.90723,1.0787,1.5616,1.6319
2020-10-02,1.173,123.4,0.90673,1.079,1.5603,1.6372
2020-10-05,1.1768,124.25,0.9081,1.0781,1.5614,1.6379
2020-10-06,1.1795,124.58,0.9105799999999999,1.0781,1.563,1.6472
2020-10-07,1.177,124.73,0.91413,1.0787,1.564,1.65
2020-10-08,1.1765,124.69,0.91035,1.0799,1.5583,1.6421
2020-10-09,1.1795,124.95,0.91167,1.0773,1.5542,1.6405
2020-10-12,1.1799,124.41,0.90598,1.0742,1.5493,1.6357
2020-10-13,1.1787,124.38,0.90591,1.0734,1.545,1.6403
2020-10-14,1.175,123.7,0.90395,1.0738,1.5432,1.6378
2020-10-15,1.1698,123.15,0.90535,1.0697,1.5453,1.6554
2020-10-16,1.1741,123.59,0.90915,1.0721,1.5497,1.6555
2020-10-19,1.1785,124.11,0.90588,1.0724,1.5523,1.6575
2020-10-20,1.181,124.79,0.91329,1.0724,1.5577,1.6801
2020-10-21,1.1852,124.27,0.90754,1.0715,1.5557,1.6733
2020-10-22,1.1821,123.72,0.90273,1.0726,1.5559,1.6644
2020-10-23,1.1856,124.17,0.9067499999999999,1.0715,1.5563,1.6578
2020-10-26,1.1819,124.14,0.90755,1.0719,1.558,1.6592
2020-10-27,1.1832,123.74,0.90718,1.0732,1.5589,1.6585
2020-10-28,1.1727,122.36,0.90662,1.0693,1.5578,1.6603
2020-10-29,1.1704,122.09,0.9043,1.0684,1.5658,1.6673
2020-10-30,1.1698,122.36,0.90208,1.0698,1.5556,1.6563
2020-11-02,1.1652,121.93,0.9005300000000001,1.0695,1.5466,1.6533
2020-11-03,1.1702,122.56,0.90042,1.0709,1.5385,1.6406
2020-11-04,1.1721,122.31,0.89954,1.0675,1.5411,1.6346
2020-11-05,1.1855,122.86,0.9045,1.0724,1.5478,1.6356
2020-11-06,1.187,122.66,0.9043,1.0682,1.5525,1.6359
2020-11-09,1.1883,124.67,0.90224,1.0778,1.5388,1.6234
2020-11-10,1.1808,124.36,0.89183,1.0817,1.5393,1.6237
2020-11-11,1.1766,124.07,0.88935,1.0793,1.5364,1.6172
2020-11-12,1.1791,124.25,0.8976499999999999,1.0805,1.5443,1.6263
2020-11-13,1.1815,123.88,0.89683,1.0805,1.5528,1.63
2020-11-16,1.183,124.15,0.89819,1.0819,1.5476,1.6226
2020-11-17,1.1882,123.78,0.89585,1.0816,1.556,1.6236
2020-11-18,1.1868,123.28,0.89373,1.0812,1.5514,1.6226
2020-11-19,1.1832,123.08,0.89378,1.0797,1.5501,1.6272
2020-11-20,1.1863,123.18,0.89393,1.0811,1.5484,1.6227
2020-11-23,1.1901,123.47,0.88888,1.0806,1.553,1.6233
2020-11-24,1.1865,124.06,0.89012,1.0833,1.5504,1.6175
2020-11-25,1.189,124.19,0.89129,1.0835,1.5478,1.619
2020-11-26,1.19,124.04,0.89129,1.0813,1.5472,1.6163
2020-11-27,1.1922,124.23,0.89442,1.0826,1.5497,1.6182
2020-11-30,1.198,124.79,0.89845,1.0839,1.5516,1.6246
2020-12-01,1.1968,124.92,0.89798,1.0836,1.5522,1.6274
2020-12-02,1.2066,126.13,0.9049,1.0819,1.5619,1.6384
2020-12-03,1.2151,126.49,0.90358,1.0831,1.5692,1.6361
2020-12-04,1.2159,126.44,0.90282,1.0822,1.5633,1.6387
2020-12-07,1.2128,126.3,0.91215,1.0802,1.5537,1.6374
2020-12-08,1.2114,126.18,0.91143,1.0781,1.5508,1.6334
2020-12-09,1.2109,126.05,0.9,1.0764,1.5472,1.6185
2020-12-10,1.2115,126.53,0.911,1.0757,1.5456,1.6161
2020-12-11,1.2127,126.28,0.92294,1.0786,1.5487,1.609
2020-12-14,1.2162,126.11,0.907,1.0776,1.5476,1.6064
2020-12-15,1.214,126.08,0.90795,1.077,1.5473,1.6113
2020-12-16,1.2189,125.97,0.8995,1.0786,1.5551,1.6103
2020-12-17,1.2246,126.19,0.9005,1.0821,1.5546,1.6052
2020-12-18,1.2259,126.69,0.90828,1.0845,1.5638,1.6107
2020-12-21,1.2173,126.04,0.9161,1.081,1.5686,1.62
2020-12-22,1.2239,126.52,0.91148,1.0837,1.5753,1.6191
2020-12-23,1.2166,125.99,0.907,1.0837,1.5671,1.6118
2020-12-24,1.2193,126.38,0.89795,1.0851,1.5656,1.6039
2020-12-28,1.2219,126.54,0.90408,1.0854,1.5677,1.6083
2020-12-29,1.2259,127.23,0.90863,1.0862,1.5713,1.6121
2020-12-30,1.2281,126.57,0.90307,1.0857,1.5701,1.6025
2020-12-31,1.2271,126.49,0.89903,1.0802,1.5633,1.5896
2021-01-04,1.2296,126.62,0.9016,1.0811,1.5621,1.5928
2021-01-05,1.2271,126.25,0.90333,1.0803,1.5651,1.5927
2021-01-06,1.2338,127.03,0.90635,1.0821,1.564,1.5824
2021-01-07,1.2276,127.13,0.9019,1.0833,1.5601,1.5836
2021-01-08,1.225,127.26,0.90128,1.0827,1.5543,1.5758
2021-01-11,1.2163,126.76,0.90235,1.0838,1.5551,1.5783
2021-01-12,1.2161,126.74,0.8944,1.0812,1.551,1.5742
2021-01-13,1.2166,126.44,0.88983,1.0812,1.5487,1.5734
2021-01-14,1.2124,126.21,0.8894300000000001,1.0805,1.5381,1.5642
2021-01-15,1.2123,125.74,0.88998,1.077,1.5413,1.568
2021-01-18,1.2064,125.18,0.89073,1.0747,1.5413,1.5721
2021-01-19,1.2132,126.16,0.891,1.0769,1.5438,1.5723
2021-01-20,1.2101,125.62,0.88563,1.0778,1.5379,1.5666
2021-01-21,1.2158,125.72,0.88625,1.0773,1.5345,1.5635
2021-01-22,1.2158,126.19,0.89045,1.0773,1.5458,1.577
2021-01-25,1.2152,126.06,0.888,1.0772,1.5459,1.5728
2021-01-26,1.2143,125.93,0.88698,1.0789,1.5444,1.5709
2021-01-27,1.2114,125.87,0.88395,1.0759,1.5453,1.5744
2021-01-28,1.2091,126.2,0.88603,1.0783,1.5564,1.5914
2021-01-29,1.2136,127.05,0.88383,1.0798,1.552,1.5819
2021-02-01,1.2084,126.77,0.882,1.0816,1.5474,1.5831
2021-02-02,1.2044,126.46,0.88075,1.0808,1.5422,1.5847
2021-02-03,1.2017,126.25,0.88145,1.0804,1.5373,1.5781
2021-02-04,1.1996,126.24,0.87693,1.0818,1.5358,1.5727
2021-02-05,1.1983,126.72,0.87538,1.0825,1.5344,1.5761
2021-02-08,1.2025,126.97,0.8783300000000001,1.0842,1.5363,1.5693
2021-02-09,1.2104,126.58,0.8782799999999999,1.0817,1.5414,1.5681
2021-02-10,1.2127,127.04,0.8764999999999999,1.0805,1.5394,1.5682
2021-02-11,1.2147,127.12,0.8775500000000001,1.0802,1.5384,1.5638
2021-02-12,1.2108,127.15,0.87753,1.0803,1.5418,1.5666
2021-02-15,1.2129,127.72,0.87225,1.0802,1.5346,1.5602
2021-02-16,1.2143,128.16,0.8733300000000001,1.08,1.5365,1.5613
2021-02-17,1.206,127.94,0.8696,1.0806,1.5304,1.5573
2021-02-18,1.2084,127.69,0.8653999999999999,1.0829,1.5307,1.5518
2021-02-19,1.2139,127.81,0.86508,1.0851,1.5307,1.5445
2021-02-22,1.2133,128,0.8653,1.0888,1.5328,1.5392
2021-02-23,1.2143,127.98,0.86308,1.0946,1.5319,1.5378
2021-02-24,1.2146,128.69,0.8603,1.1029,1.5266,1.5347
2021-02-25,1.2225,129.73,0.86408,1.1076,1.5257,1.5317
2021-02-26,1.2121,128.83,0.87053,1.0986,1.5331,1.5605
2021-03-01,1.2053,128.63,0.86558,1.1014,1.5274,1.557
2021-03-02,1.2028,128.58,0.86433,1.105,1.5225,1.5422
2021-03-03,1.2048,128.81,0.86351,1.1064,1.5234,1.5455
2021-03-04,1.2034,129.23,0.8627,1.1114,1.5213,1.5449
2021-03-05,1.1938,129.3,0.863,1.1066,1.516,1.5565
2021-03-08,1.1866,128.9,0.85728,1.1087,1.5035,1.5499
2021-03-09,1.1894,129.5,0.85704,1.1071,1.499,1.544
2021-03-10,1.1892,129.12,0.85655,1.1069,1.5041,1.543
2021-03-11,1.1969,129.82,0.8567,1.1066,1.5051,1.5384
2021-03-12,1.1933,130.14,0.8583499999999999,1.1094,1.4975,1.5394
2021-03-15,1.192,130.17,0.8567,1.1084,1.4874,1.5419
2021-03-16,1.1926,129.88,0.85945,1.1033,1.4867,1.539
2021-03-17,1.1907,130.02,0.85668,1.1047,1.4852,1.5427
2021-03-18,1.1912,130.08,0.85575,1.1069,1.4824,1.5347
2021-03-19,1.1891,129.54,0.85763,1.1066,1.4877,1.5365
2021-03-22,1.1926,129.77,0.86233,1.1023,1.4903,1.54
2021-03-23,1.1883,128.99,0.86198,1.1066,1.4938,1.5491
2021-03-24,1.1825,128.6,0.8625,1.1068,1.4884,1.5532
2021-03-25,1.1802,128.75,0.86068,1.1045,1.4849,1.5548
2021-03-26,1.1782,129.34,0.85503,1.109,1.4814,1.5459
2021-03-29,1.1784,129.19,0.8512,1.1075,1.4833,1.5398
2021-03-30,1.1741,129.48,0.85378,1.1057,1.4814,1.5419
2021-03-31,1.1725,129.91,0.85209,1.107,1.4782,1.5412
2021-04-01,1.1746,130.03,0.85195,1.1099,1.4787,1.55
2021-04-06,1.1812,130.27,0.85358,1.107,1.484,1.5482
2021-04-07,1.1884,130.56,0.86065,1.1044,1.4982,1.5581
2021-04-08,1.1873,129.71,0.8629,1.1021,1.4947,1.5539
2021-04-09,1.1888,130.42,0.86658,1.101,1.495,1.5579
2021-04-12,1.1904,130.2,0.8651799999999999,1.0998,1.4931,1.5613
2021-04-13,1.1896,130.23,0.86698,1.1001,1.5006,1.5652
2021-04-14,1.1964,130.33,0.86918,1.1033,1.5026,1.5561
2021-04-15,1.197,130.14,0.86753,1.1046,1.4955,1.5448
2021-04-16,1.1986,130.37,0.86793,1.1011,1.4986,1.5459
2021-04-19,1.2035,130.09,0.86355,1.0998,1.5038,1.5491
2021-04-20,1.2051,130.64,0.86295,1.1029,1.5089,1.5492
2021-04-21,1.2007,129.8,0.8625,1.1026,1.5137,1.5554
2021-04-22,1.2046,130.3,0.86855,1.1035,1.5067,1.5581
2021-04-23,1.2066,129.98,0.86905,1.1038,1.5062,1.559
2021-04-26,1.2085,130.54,0.86975,1.1067,1.503,1.5518
2021-04-27,1.2088,130.88,0.86895,1.1038,1.4985,1.5533
2021-04-28,1.207,131.47,0.86988,1.1044,1.4955,1.5576
2021-04-29,1.2129,132.2,0.8691,1.102,1.4902,1.5554
2021-04-30,1.2082,131.62,0.86863,1.0998,1.4834,1.5581
2021-05-03,1.2044,131.9,0.86838,1.1016,1.4807,1.5573
2021-05-04,1.2021,131.26,0.8677,1.098,1.4836,1.5608
2021-05-05,1.2005,131.2,0.86274,1.0965,1.4731,1.551
2021-05-06,1.206,131.69,0.86708,1.0953,1.4764,1.5547
2021-05-07,1.2059,131.76,0.8681,1.0963,1.4689,1.5523
2021-05-10,1.2169,132.31,0.86195,1.0939,1.4743,1.5433
2021-05-11,1.217,132.12,0.86013,1.0976,1.4729,1.5509
2021-05-12,1.2118,131.82,0.85798,1.0966,1.4643,1.5526
2021-05-13,1.2081,132.37,0.86063,1.096,1.4665,1.5673
2021-05-14,1.2123,132.49,0.86083,1.0952,1.47,1.5634
2021-05-17,1.2143,132.6,0.86215,1.095,1.472,1.5683
2021-05-18,1.2222,133.09,0.85998,1.0963,1.4693,1.5652
2021-05-19,1.2212,133.3,0.86233,1.1008,1.4747,1.5765
2021-05-20,1.2203,132.95,0.864,1.0991,1.4778,1.5736
2021-05-21,1.2188,132.61,0.8587,1.0951,1.468,1.5698
2021-05-24,1.2212,132.97,0.86408,1.0957,1.4731,1.5804
2021-05-25,1.2264,133.49,0.86573,1.0977,1.4758,1.5785
2021-05-26,1.2229,133.16,0.8633,1.0958,1.4784,1.5732
2021-05-27,1.2198,133.42,0.86068,1.0967,1.4746,1.5753
2021-05-28,1.2142,133.65,0.85765,1.096,1.4711,1.5796
2021-05-31,1.2201,133.79,0.86013,1.0982,1.4727,1.5775
2021-06-01,1.2225,134.05,0.86285,1.0986,1.4708,1.5793
2021-06-02,1.2186,133.72,0.86125,1.0982,1.4705,1.5756
2021-06-03,1.2187,133.81,0.85955,1.0961,1.471,1.5792
2021-06-04,1.2117,133.39,0.8569,1.0951,1.468,1.5804
2021-06-07,1.2162,132.98,0.85825,1.0934,1.4681,1.5678
2021-06-08,1.2182,133.28,0.861,1.0914,1.4706,1.5718
2021-06-09,1.2195,133.38,0.86053,1.0913,1.4729,1.5731
2021-06-10,1.2174,133.35,0.86293,1.0909,1.4739,1.5731
2021-06-11,1.2125,132.88,0.8571,1.0883,1.4687,1.5687
2021-06-14,1.2112,132.95,0.85898,1.0889,1.4737,1.5696
2021-06-15,1.2108,133.28,0.8615,1.0899,1.4758,1.5742
2021-06-16,1.2124,133.19,0.8583,1.0896,1.4764,1.5719
2021-06-17,1.1937,132.09,0.85525,1.0925,1.4718,1.5763
2021-06-18,1.1898,131.12,0.85785,1.0941,1.4721,1.5832
2021-06-21,1.1891,130.91,0.8567,1.0954,1.4758,1.5821
2021-06-22,1.1894,131.5,0.8556,1.0943,1.4726,1.5818
2021-06-23,1.1951,132.44,0.8543500000000001,1.0963,1.4667,1.5762
2021-06-24,1.1936,132.2,0.85883,1.0967,1.4678,1.5756
2021-06-25,1.195,132.27,0.8595,1.0956,1.4696,1.5726
2021-06-28,1.191,132.13,0.8571,1.0969,1.4687,1.5753
2021-06-29,1.1888,131.54,0.85948,1.0965,1.4706,1.5811
2021-06-30,1.1884,131.43,0.85805,1.098,1.4722,1.5853
2021-07-01,1.1884,132.42,0.86033,1.0985,1.4698,1.5836
2021-07-02,1.1823,131.74,0.86003,1.0945,1.4677,1.5836
2021-07-05,1.1866,131.58,0.85665,1.0935,1.4669,1.576
2021-07-06,1.1838,130.99,0.8545,1.093,1.464,1.5633
2021-07-07,1.1831,130.86,0.855,1.0917,1.4708,1.5711
2021-07-08,1.1838,129.91,0.86133,1.0851,1.4893,1.5957
2021-07-09,1.1858,130.46,0.85758,1.0852,1.4817,1.5868
2021-07-12,1.1852,130.55,0.8557,1.0852,1.4813,1.5888
2021-07-13,1.1844,130.55,0.8551800000000001,1.0857,1.4782,1.584
2021-07-14,1.1812,130.3,0.85158,1.084,1.4732,1.5817
2021-07-15,1.1809,129.93,0.85188,1.0828,1.4808,1.5876
2021-07-16,1.1802,130.03,0.85298,1.0853,1.4856,1.5907
2021-07-19,1.1766,128.96,0.8591299999999999,1.084,1.5028,1.6043
2021-07-20,1.1775,129.03,0.8654500000000001,1.0838,1.5023,1.6082
2021-07-21,1.1772,129.63,0.86363,1.0848,1.4932,1.6089
2021-07-22,1.1775,129.83,0.85563,1.0829,1.4779,1.5959
2021-07-23,1.1767,130.11,0.85543,1.0838,1.4788,1.5944
2021-07-26,1.1787,130.05,0.85468,1.0826,1.4804,1.601
2021-07-27,1.181,129.98,0.85503,1.0806,1.4839,1.6029
2021-07-28,1.1807,129.97,0.85095,1.0802,1.484,1.6081
2021-07-29,1.1873,130.41,0.8508,1.0788,1.4808,1.6062
2021-07-30,1.1891,130.39,0.8514,1.0771,1.4791,1.6133
2021-08-02,1.1886,130.17,0.85568,1.0761,1.4816,1.6141
2021-08-03,1.1885,129.7,0.85355,1.0735,1.4874,1.6086
2021-08-04,1.1861,129.31,0.85153,1.0729,1.488,1.6002
2021-08-05,1.185,129.79,0.8506,1.0733,1.4817,1.599
2021-08-06,1.1807,129.64,0.8484,1.0724,1.4763,1.5968
2021-08-09,1.1761,129.5,0.84745,1.0786,1.4747,1.6002
2021-08-10,1.1722,129.48,0.84568,1.0813,1.4729,1.5965
2021-08-11,1.1718,129.68,0.84698,1.0818,1.4677,1.5958
2021-08-12,1.1739,129.61,0.84743,1.0824,1.4694,1.5963
2021-08-13,1.1765,129.64,0.85093,1.0829,1.4724,1.6006
2021-08-16,1.1772,128.75,0.84873,1.0758,1.4782,1.6059
2021-08-17,1.1767,128.57,0.85323,1.0713,1.4838,1.6138
2021-08-18,1.1723,128.67,0.85183,1.0726,1.4793,1.617
2021-08-19,1.1696,128.21,0.85523,1.0723,1.4919,1.6319
2021-08-20,1.1671,127.97,0.8575,1.0711,1.5069,1.6373
2021-08-23,1.1718,129.02,0.8563499999999999,1.0744,1.4911,1.6311
2021-08-24,1.174,128.74,0.85578,1.0711,1.4822,1.6203
2021-08-25,1.1736,129,0.8559,1.0739,1.4827,1.6191
2021-08-26,1.1767,129.6,0.8571800000000001,1.0789,1.4838,1.6206
2021-08-27,1.1761,129.59,0.85703,1.0796,1.4914,1.622
2021-08-30,1.1801,129.66,0.85748,1.0798,1.4867,1.6167
2021-08-31,1.1834,129.95,0.85875,1.0799,1.4896,1.6156
2021-09-01,1.1817,130.35,0.85863,1.0845,1.4879,1.6088
2021-09-02,1.1846,130.31,0.85915,1.0848,1.4944,1.6038
2021-09-03,1.1872,130.54,0.8584000000000001,1.0863,1.4879,1.5961
2021-09-06,1.1864,130.34,0.8571,1.0869,1.4883,1.5952
2021-09-07,1.186,130.51,0.86115,1.0853,1.4936,1.6044
2021-09-08,1.1827,130.31,0.85873,1.0888,1.4982,1.6027
2021-09-09,1.1838,130.1,0.85555,1.0861,1.5002,1.6035
2021-09-10,1.1841,130.03,0.8526,1.0854,1.4919,1.5986
2021-09-13,1.178,129.62,0.8512,1.0873,1.4931,1.6015
2021-09-14,1.1814,130.08,0.8526,1.0887,1.4951,1.6114
2021-09-15,1.1824,129.11,0.8551,1.0845,1.5004,1.6153
2021-09-16,1.1763,128.67,0.85025,1.0886,1.4863,1.6077
2021-09-17,1.178,129.61,0.85363,1.0931,1.4913,1.6111
2021-09-20,1.1711,128.18,0.85705,1.0883,1.5056,1.6201
2021-09-21,1.1738,128.34,0.85855,1.0845,1.4995,1.62
2021-09-22,1.1729,128.5,0.86,1.082,1.4997,1.6178
2021-09-23,1.1715,128.88,0.85495,1.0831,1.485,1.611
2021-09-24,1.1719,129.49,0.85703,1.083,1.4895,1.6165
2021-09-27,1.1698,129.74,0.8542,1.085,1.4812,1.6129
2021-09-28,1.1678,130.17,0.8595,1.084,1.4776,1.6115
2021-09-29,1.1654,129.89,0.86443,1.0829,1.4793,1.6112
2021-09-30,1.1579,129.67,0.86053,1.083,1.475,1.6095
2021-10-01,1.16,128.97,0.85653,1.0791,1.4698,1.5985
2021-10-04,1.1636,129.21,0.8552999999999999,1.0768,1.4668,1.5957
2021-10-05,1.1602,128.99,0.85173,1.0752,1.4612,1.5937
2021-10-06,1.1542,128.52,0.8497,1.0715,1.4575,1.5913
2021-10-07,1.1562,128.78,0.85023,1.0712,1.4545,1.5839
2021-10-08,1.1569,129.32,0.8489,1.0734,1.4499,1.5837
2021-10-11,1.1574,130.7,0.84878,1.0722,1.4431,1.5751
2021-10-12,1.1555,131.06,0.84755,1.0729,1.4395,1.566
2021-10-13,1.1562,131.3,0.84898,1.0722,1.4386,1.5722
2021-10-14,1.1602,131.65,0.84618,1.0686,1.4361,1.5644
2021-10-15,1.1602,132.65,0.84368,1.0729,1.4342,1.564
2021-10-18,1.1604,132.46,0.84438,1.0712,1.4384,1.5707
2021-10-19,1.1655,133.12,0.84275,1.0716,1.4389,1.5601
2021-10-20,1.1623,132.78,0.8450299999999999,1.0739,1.4349,1.5528
2021-10-21,1.1637,132.85,0.8429,1.069,1.4359,1.5528
2021-10-22,1.163,132.43,0.8437,1.0668,1.4341,1.551
2021-10-25,1.1603,131.88,0.8438,1.0666,1.4347,1.5505
2021-10-26,1.1618,132.47,0.84178,1.0684,1.4361,1.5465
2021-10-27,1.1617,132,0.8453000000000001,1.067,1.4414,1.5458
2021-10-28,1.1593,131.7,0.84373,1.0656,1.4325,1.5411
2021-10-29,1.1645,132.62,0.8449,1.0611,1.4383,1.5455
2021-11-01,1.1578,132.19,0.84575,1.0562,1.4325,1.54
2021-11-02,1.1603,132.03,0.84955,1.0594,1.4389,1.5544
2021-11-03,1.1578,131.9,0.84823,1.0568,1.4386,1.5574
2021-11-04,1.1569,131.77,0.8535,1.0554,1.4365,1.5602
2021-11-05,1.1519,130.98,0.85545,1.0559,1.4341,1.5594
2021-11-08,1.1579,131.29,0.85478,1.0591,1.4411,1.5621
2021-11-09,1.1577,130.9,0.8538,1.0592,1.4397,1.5642
2021-11-10,1.1558,130.9,0.85548,1.0555,1.4371,1.5697
2021-11-11,1.146,130.59,0.85538,1.0561,1.4419,1.5699
2021-11-12,1.1448,130.5,0.85505,1.0568,1.4416,1.569
2021-11-15,1.1444,130.32,0.85165,1.0533,1.4334,1.5537
2021-11-16,1.1368,129.89,0.84533,1.0528,1.4248,1.549
2021-11-17,1.1316,129.78,0.8409,1.053,1.4206,1.5521
2021-11-18,1.1345,129.58,0.84173,1.0511,1.4295,1.558
2021-11-19,1.1271,128.22,0.83928,1.0462,1.4254,1.5581
2021-11-22,1.1278,128.69,0.83923,1.0454,1.4257,1.5532
2021-11-23,1.1259,129.36,0.84185,1.0492,1.4324,1.5581
2021-11-24,1.1206,129.06,0.83935,1.0484,1.4227,1.5549
2021-11-25,1.1223,129.41,0.84295,1.048,1.4223,1.5627
2021-11-26,1.1291,128.82,0.8462,1.0446,1.4397,1.5795
2021-11-29,1.1276,128.21,0.84583,1.044,1.4362,1.5782
2021-11-30,1.1363,128.2,0.85173,1.043,1.4518,1.5898
2021-12-01,1.1314,128.27,0.85,1.0427,1.4433,1.5849
2021-12-02,1.1339,127.94,0.8513500000000001,1.0414,1.4526,1.5975
2021-12-03,1.1291,127.97,0.85048,1.0387,1.4471,1.5999
2021-12-06,1.1287,127.78,0.85128,1.0416,1.4437,1.6034
2021-12-07,1.1256,127.83,0.84933,1.0414,1.4258,1.5836
2021-12-08,1.1299,128.57,0.85603,1.0432,1.4281,1.5841
2021-12-09,1.1311,128.21,0.8574000000000001,1.0446,1.4363,1.584
2021-12-10,1.1273,128.2,0.85355,1.0424,1.434,1.5765
2021-12-13,1.1278,128.19,0.85158,1.0418,1.4388,1.5795
2021-12-14,1.1309,128.45,0.85345,1.0404,1.449,1.5866
2021-12-15,1.1262,128.25,0.8498,1.0416,1.4496,1.5763
2021-12-16,1.1336,129.37,0.84835,1.0457,1.4484,1.5714
2021-12-17,1.133,128.28,0.8520799999999999,1.0409,1.4527,1.5815
2021-12-20,1.1273,127.98,0.85205,1.0408,1.4569,1.5855
2021-12-21,1.1295,128.44,0.8528,1.0417,1.4599,1.584
2021-12-22,1.1301,129.08,0.849,1.0432,1.4589,1.5758
2021-12-23,1.131,129.39,0.84228,1.0413,1.451,1.5639
2021-12-24,1.1317,129.45,0.84389,1.0402,1.4502,1.5645
2021-12-27,1.1312,129.79,0.8433,1.0396,1.4529,1.5685
2021-12-28,1.1331,130.16,0.84248,1.0381,1.4487,1.5603
2021-12-29,1.1303,129.97,0.84115,1.038,1.4486,1.5638
2021-12-30,1.1334,130.44,0.8393,1.0363,1.4481,1.5594
2021-12-31,1.1326,130.38,0.84028,1.0331,1.4393,1.5615
2022-01-03,1.1355,130.56,0.84135,1.0372,1.442,1.5691
2022-01-04,1.1279,131.17,0.83618,1.0355,1.4382,1.5682
2022-01-05,1.1319,131.03,0.83546,1.0364,1.4399,1.56
2022-01-06,1.1315,131.05,0.83593,1.0395,1.4451,1.5778
2022-01-07,1.1298,130.9,0.8343,1.0422,1.4374,1.5804
2022-01-10,1.1318,130.45,0.8339800000000001,1.0446,1.4327,1.5774
2022-01-11,1.1336,130.95,0.83475,1.0502,1.4329,1.5804
2022-01-12,1.137,131.19,0.83338,1.0486,1.4261,1.5762
2022-01-13,1.1463,130.98,0.83545,1.0453,1.4304,1.5709
2022-01-14,1.1447,130.17,0.83508,1.0429,1.433,1.5803
2022-01-17,1.1403,130.64,0.83573,1.0429,1.4287,1.5811
2022-01-18,1.1367,130.39,0.83673,1.0414,1.4228,1.5833
2022-01-19,1.1345,129.86,0.83168,1.0383,1.4144,1.5709
2022-01-20,1.1338,129.53,0.83265,1.0382,1.4158,1.5662
2022-01-21,1.1348,129.14,0.83633,1.0353,1.4211,1.5774
2022-01-24,1.1304,128.62,0.8380300000000001,1.0308,1.4269,1.5866
2022-01-25,1.1268,128.49,0.83713,1.0364,1.4247,1.5814
2022-01-26,1.1277,128.86,0.83458,1.0386,1.4173,1.5727
2022-01-27,1.116,128.74,0.83368,1.0391,1.4161,1.5771
2022-01-28,1.1138,128.68,0.83178,1.0378,1.4239,1.5971
2022-01-31,1.1156,128.79,0.83153,1.0404,1.4233,1.582
2022-02-01,1.126,129.12,0.8349800000000001,1.0374,1.4299,1.5868
2022-02-02,1.1323,129.37,0.83395,1.0399,1.433,1.5828
2022-02-03,1.1286,129.63,0.83208,1.0407,1.4334,1.5849
2022-02-04,1.1464,131.72,0.84593,1.0567,1.4583,1.6165
2022-02-07,1.1447,131.59,0.84685,1.0571,1.4546,1.6097
2022-02-08,1.1408,131.68,0.84363,1.0545,1.4505,1.6025
2022-02-09,1.1435,132.04,0.84255,1.0555,1.4514,1.5933
2022-02-10,1.1439,132.42,0.84248,1.0571,1.4498,1.5894
2022-02-11,1.1417,132.24,0.83958,1.0557,1.4498,1.5927
2022-02-14,1.1316,130.6,0.8372000000000001,1.0472,1.4431,1.5902
2022-02-15,1.1345,131.18,0.83765,1.0483,1.4433,1.5888
2022-02-16,1.1372,131.56,0.8394,1.0516,1.4416,1.5859
2022-02-17,1.137,130.84,0.8349299999999999,1.0466,1.4439,1.5786
2022-02-18,1.1354,130.59,0.83425,1.0452,1.4424,1.5754
2022-02-21,1.1338,130.2,0.8329800000000001,1.0387,1.4454,1.5751
2022-02-22,1.1342,130.54,0.83685,1.0422,1.4441,1.5739
2022-02-23,1.1344,130.58,0.83463,1.0431,1.4394,1.5592
2022-02-24,1.1163,128.28,0.83463,1.032,1.4316,1.5593
2022-02-25,1.1216,129.64,0.8374,1.0398,1.4325,1.5541
2022-02-28,1.1199,129.31,0.8355,1.0336,1.4264,1.5508
2022-03-01,1.1162,128.15,0.8329,1.0247,1.4158,1.5365
2022-03-02,1.1106,128.08,0.83316,1.0216,1.4088,1.5272
2022-03-03,1.1076,128.18,0.82773,1.0192,1.3992,1.5139
2022-03-04,1.0929,126.17,0.8238799999999999,1.0056,1.3937,1.4872
2022-03-07,1.0895,125.55,0.82625,1.0069,1.3864,1.4751
2022-03-08,1.0892,126.03,0.83185,1.0111,1.3978,1.4971
2022-03-09,1.0993,127.31,0.8357,1.0198,1.4108,1.4991
2022-03-10,1.1084,128.54,0.84175,1.027,1.4189,1.5109
2022-03-11,1.099,128.46,0.8397,1.023,1.4024,1.5017
2022-03-14,1.096,129.3,0.83915,1.0249,1.3978,1.5137
2022-03-15,1.0991,129.67,0.84053,1.0322,1.4099,1.5234
2022-03-16,1.0994,130.05,0.83988,1.0336,1.3967,1.5165
2022-03-17,1.1051,131.27,0.84315,1.0385,1.3998,1.5055
2022-03-18,1.1008,131.4,0.8392500000000001,1.0314,1.3911,1.4945
2022-03-21,1.1038,131.57,0.83775,1.0278,1.3898,1.4897
2022-03-22,1.1024,132.96,0.83228,1.0275,1.3867,1.4802
2022-03-23,1.0985,132.65,0.8328,1.0269,1.384,1.4728
2022-03-24,1.0978,133.71,0.83288,1.0225,1.3806,1.4668
2022-03-25,1.1002,134.07,0.8338,1.0207,1.3781,1.4624
2022-03-28,1.0966,135.93,0.83643,1.0257,1.3702,1.459
2022-03-29,1.1085,136.66,0.8444,1.0362,1.387,1.4795
2022-03-30,1.1126,135.47,0.84563,1.0309,1.3891,1.4809
2022-03-31,1.1101,135.17,0.84595,1.0267,1.3896,1.4829
2022-04-01,1.1052,135.35,0.84145,1.0217,1.3805,1.4696
2022-04-04,1.1005,135.08,0.8389,1.0203,1.3749,1.4651
2022-04-05,1.0969,134.76,0.8349,1.0141,1.3647,1.4374
2022-04-06,1.0923,135.3,0.83473,1.0187,1.3647,1.4431
2022-04-07,1.0916,135.32,0.8345,1.0185,1.3704,1.4578
2022-04-08,1.0861,134.87,0.83355,1.0155,1.3675,1.4552
2022-04-11,1.09,137.01,0.83693,1.018,1.3738,1.4654
2022-04-12,1.0861,136.29,0.83455,1.0131,1.3724,1.4599
2022-04-13,1.0826,136.26,0.8328,1.0116,1.37,1.4603
2022-04-14,1.0878,136.32,0.82908,1.0189,1.3663,1.4612
2022-04-19,1.0803,138.4,0.82955,1.0208,1.3631,1.4663
2022-04-20,1.083,138.53,0.82965,1.0254,1.3579,1.4581
2022-04-21,1.0887,139.61,0.83523,1.0335,1.36,1.4653
2022-04-22,1.0817,138.83,0.8392500000000001,1.0336,1.3714,1.4816
2022-04-25,1.0746,137.73,0.8433,1.0267,1.3709,1.4972
2022-04-26,1.0674,136.15,0.84135,1.0229,1.3613,1.4828
2022-04-27,1.0583,135.57,0.84215,1.0229,1.3572,1.4828
2022-04-28,1.0485,137.13,0.8435,1.0216,1.3498,1.4814
2022-04-29,1.054,137.01,0.83908,1.0229,1.3426,1.4699
2022-05-02,1.0524,136.63,0.8381,1.0253,1.356,1.4913
2022-05-03,1.0556,137.06,0.8413,1.0272,1.357,1.4825
2022-05-04,1.0531,136.84,0.84194,1.0324,1.3498,1.478
2022-05-05,1.0568,137.18,0.8519,1.0355,1.3483,1.4669
2022-05-06,1.057,137.9,0.85625,1.0419,1.356,1.4888
2022-05-09,1.0559,138.1,0.8523500000000001,1.0462,1.3656,1.5048
2022-05-10,1.0554,137.38,0.85595,1.0479,1.3707,1.5162
2022-05-11,1.0553,137.07,0.85393,1.0446,1.3685,1.5055
2022-05-12,1.0408,133.85,0.85293,1.0377,1.3569,1.5163
2022-05-13,1.0385,133.91,0.85115,1.0385,1.3505,1.5067
2022-05-16,1.0422,135.01,0.85045,1.0479,1.3473,1.5057
2022-05-17,1.0541,136.32,0.844,1.0457,1.3517,1.4993
2022-05-18,1.0523,135.76,0.8467,1.0486,1.3488,1.498
2022-05-19,1.0525,134.46,0.84728,1.0265,1.349,1.5036
2022-05-20,1.0577,135.34,0.8482,1.028,1.3526,1.498
2022-05-23,1.0659,136.05,0.84783,1.031,1.3626,1.4982
2022-05-24,1.072,136.49,0.8575,1.0334,1.3714,1.5152
2022-05-25,1.0656,135.34,0.85295,1.0269,1.372,1.5126
2022-05-26,1.0697,135.95,0.85073,1.0283,1.3715,1.511
2022-05-27,1.0722,136.05,0.84875,1.0258,1.3661,1.4995
2022-05-30,1.0764,137.25,0.8515,1.0327,1.3647,1.4982
2022-05-31,1.0713,137.36,0.85138,1.0281,1.3573,1.4933
2022-06-01,1.0712,138.68,0.85158,1.0305,1.3536,1.4861
2022-06-02,1.0692,138.72,0.85195,1.0264,1.352,1.4829
2022-06-03,1.073,139.59,0.8542,1.0296,1.3484,1.4805
2022-06-06,1.0726,140.16,0.85415,1.032,1.3463,1.4842
2022-06-07,1.0662,141.66,0.85365,1.0423,1.3437,1.4884
2022-06-08,1.0739,143.92,0.85575,1.0486,1.3467,1.4917
2022-06-09,1.0743,143.93,0.85653,1.0495,1.3506,1.4985
2022-06-10,1.0578,141.69,0.85048,1.0404,1.3484,1.4845
2022-06-13,1.0455,140.51,0.8585,1.0375,1.3435,1.4998
2022-06-14,1.0452,140.62,0.86578,1.0394,1.3522,1.5174
2022-06-15,1.0431,140.49,0.86328,1.0435,1.3498,1.5051
2022-06-16,1.04,138.24,0.8555,1.0142,1.3446,1.4939
2022-06-17,1.0486,141.21,0.855,1.0105,1.3631,1.5039
2022-06-20,1.0517,141.94,0.85748,1.0162,1.3662,1.5061
2022-06-21,1.055,143.75,0.8601,1.0214,1.366,1.5177
2022-06-22,1.0521,143.11,0.85885,1.0153,1.366,1.5254
2022-06-23,1.0493,142.11,0.8581800000000001,1.013,1.36,1.5212
2022-06-24,1.0524,142.19,0.85773,1.0072,1.3657,1.5248
2022-06-27,1.0572,143.25,0.862,1.0143,1.3639,1.5278
2022-06-28,1.0561,143.67,0.8635,1.0101,1.3565,1.521
2022-06-29,1.0517,143.53,0.86461,1.0005,1.3513,1.5256
2022-06-30,1.0387,141.54,0.8582,0.996,1.3425,1.5099
2022-07-01,1.0425,141.05,0.86648,1.0027,1.3492,1.5382
2022-07-04,1.0455,141.51,0.8596,1.0037,1.3435,1.5205
2022-07-05,1.029,139.77,0.85845,0.9932,1.3364,1.518
2022-07-06,1.0177,137.71,0.85676,0.9896,1.3274,1.4961
2022-07-07,1.018,138.11,0.85105,0.9906,1.3227,1.4883
2022-07-08,1.0163,138.05,0.84585,0.9913,1.3201,1.4871
2022-07-11,1.0098,138.77,0.8454,0.9908,1.314,1.491
2022-07-12,1.0042,137.31,0.84823,0.9883,1.3094,1.49
2022-07-13,1.0067,138.02,0.84371,0.9829,1.3073,1.4802
2022-07-14,1.0005,139.04,0.8456,0.9841,1.3162,1.4893
2022-07-15,1.0059,139.49,0.84988,0.9849,1.3147,1.4886
2022-07-18,1.0131,140.16,0.8470800000000001,0.9911,1.3151,1.4839
2022-07-19,1.0245,141.01,0.85303,0.9918,1.3264,1.4869
2022-07-20,1.0199,140.92,0.85178,0.9896,1.3132,1.4767
2022-07-21,1.0199,141.46,0.85545,0.9923999999999999,1.3178,1.4848
2022-07-22,1.019,139.51,0.85141,0.9832,1.3105,1.4677
2022-07-25,1.0236,139.84,0.8481300000000001,0.9869,1.3168,1.4707
2022-07-26,1.0124,138.35,0.84558,0.9765,1.3035,1.4605
2022-07-27,1.0152,138.89,0.84138,0.9768,1.3049,1.462
2022-07-28,1.0122,137.26,0.83586,0.9745,1.2986,1.4535
2022-07-29,1.0198,136.42,0.8399,0.9744,1.31,1.4646
2022-08-01,1.0233,135.38,0.837,0.9717,1.3076,1.4535
2022-08-02,1.0224,133.9,0.83665,0.9744,1.315,1.4745
2022-08-03,1.0194,136.18,0.83629,0.9772999999999999,1.3085,1.4681
2022-08-04,1.0181,135.81,0.84231,0.9765,1.307,1.4607
2022-08-05,1.0233,136.22,0.84268,0.9776,1.3185,1.4713
2022-08-08,1.0199,137.62,0.84165,0.9762999999999999,1.3134,1.4607
2022-08-09,1.0234,138.26,0.8452,0.9762999999999999,1.3163,1.4687
2022-08-10,1.0252,138.16,0.8460800000000001,0.9713000000000001,1.3207,1.4682
2022-08-11,1.0338,136.57,0.84575,0.9712,1.3202,1.4532
2022-08-12,1.0285,137.47,0.84715,0.9689,1.3148,1.4496
2022-08-15,1.0195,135.61,0.84375,0.9631,1.3167,1.4508
2022-08-16,1.0131,136.11,0.84218,0.9625,1.3076,1.4463
2022-08-17,1.0164,137.36,0.8420800000000001,0.9686,1.3117,1.4655
2022-08-18,1.0178,137.17,0.84391,0.9683,1.3118,1.4617
2022-08-19,1.0054,137.67,0.84938,0.9616,1.3062,1.4584
2022-08-22,1.0001,137.08,0.84658,0.958,1.2989,1.4478
2022-08-23,0.9927,136.34,0.84343,0.9602000000000001,1.2928,1.4437
2022-08-24,0.9933999999999999,135.74,0.84283,0.9576,1.2908,1.4389
2022-08-25,0.997,136.07,0.84293,0.9616,1.2881,1.4306
2022-08-26,1.0007,137.02,0.8459,0.9641999999999999,1.2944,1.4333
2022-08-29,0.9986,138.49,0.8542,0.967,1.3026,1.4529
2022-08-30,1.0034,138.71,0.85645,0.9741,1.3047,1.4472
2022-08-31,1,138.72,0.8603499999999999,0.9796,1.3111,1.4591
2022-09-01,1.0004,139.34,0.86473,0.9802,1.3169,1.4651
2022-09-02,0.9993,140.36,0.86478,0.9839,1.3131,1.4671
2022-09-05,0.992,139.47,0.86358,0.9747,1.3043,1.4616
2022-09-06,0.9928,140.91,0.85743,0.9745,1.3029,1.4651
2022-09-07,0.9885,143.2,0.8651,0.975,1.3037,1.4748
2022-09-08,1.0009,143.65,0.86656,0.9739,1.3134,1.4824
2022-09-09,1.0049,143.3,0.8686,0.9657,1.307,1.4704
2022-09-12,1.0155,144.49,0.86778,0.9667,1.3194,1.4749
2022-09-13,1.0175,144.5,0.86793,0.9669,1.32,1.4736
2022-09-14,0.999,143.08,0.86498,0.9612000000000001,1.3177,1.4873
2022-09-15,0.9992,143.43,0.86934,0.9572000000000001,1.3172,1.4853
2022-09-16,0.9954,142.53,0.874,0.9579,1.3226,1.4894
2022-09-19,0.999,143.42,0.87785,0.9658,1.3294,1.495
2022-09-20,0.9986,143.34,0.87395,0.9644,1.3268,1.4893
2022-09-21,0.9906,142.66,0.87335,0.9549,1.3262,1.4851
2022-09-22,0.9883999999999999,139.18,0.87256,0.9684,1.3278,1.484
2022-09-23,0.9754,139.43,0.88201,0.9565,1.3177,1.4828
2022-09-26,0.9646,139.07,0.8940399999999999,0.9555,1.3195,1.4858
2022-09-27,0.9644,139.28,0.89275,0.9503,1.3196,1.4859
2022-09-28,0.9565,138.39,0.90268,0.9437,1.3157,1.4924
2022-09-29,0.9706,140.46,0.89485,0.9538,1.3294,1.4982
2022-09-30,0.9748,141.01,0.883,0.9560999999999999,1.3401,1.5076
2022-10-03,0.9764,141.49,0.8707,0.9658,1.3412,1.5128
2022-10-04,0.9891,143.3,0.87273,0.9767,1.3503,1.5318
2022-10-05,0.9915,143.18,0.8734,0.9756,1.3493,1.538
2022-10-06,0.986,142.68,0.87583,0.9709,1.3475,1.5263
2022-10-07,0.9797,141.92,0.87383,0.97,1.3437,1.5266
2022-10-10,0.9697,141.16,0.8773,0.968,1.3312,1.536
2022-10-11,0.9723000000000001,141.54,0.87703,0.9675,1.3402,1.545
2022-10-12,0.9706,142.34,0.8784,0.9664,1.3395,1.5525
2022-10-13,0.9739,142.94,0.86513,0.9725,1.3443,1.5495
2022-10-14,0.9717,143.63,0.8682299999999999,0.9757,1.3426,1.5493
2022-10-17,0.9739,145,0.8625,0.9762,1.3452,1.5599
2022-10-18,0.9835,146.65,0.8692800000000001,0.9792,1.3495,1.5557
2022-10-19,0.9778,146.34,0.86993,0.981,1.3479,1.5568
2022-10-20,0.9811,146.99,0.87258,0.9836,1.3461,1.5554
2022-10-21,0.973,147.59,0.8772799999999999,0.9855,1.3465,1.5646
2022-10-24,0.9851,146.76,0.8707,0.9856,1.3502,1.5631
2022-10-25,0.9861,146.84,0.87143,0.9888,1.3537,1.5599
2022-10-26,1.0023,147.32,0.86603,0.9917,1.3568,1.5466
2022-10-27,1.0037,147.37,0.8674500000000001,0.9949,1.3672,1.561
2022-10-28,0.9951,146.79,0.8612,0.992,1.3542,1.5511
2022-10-31,0.9913999999999999,147.4,0.86115,0.9925,1.3553,1.5529
2022-11-01,0.9947,146.35,0.86058,0.9878,1.3469,1.5409
2022-11-02,0.9908,145.75,0.861,0.9861,1.347,1.5426
2022-11-03,0.9752999999999999,144.58,0.8722800000000001,0.9889,1.3452,1.5517
2022-11-04,0.9872,145.19,0.87478,0.9863,1.3351,1.5311
2022-11-07,0.9993,146.18,0.87135,0.9874000000000001,1.3464,1.5428
2022-11-08,0.9996,146.25,0.87378,0.9911,1.3489,1.5435
2022-11-09,1.0039,146.82,0.87774,0.988,1.3501,1.5538
2022-11-10,0.9954,145.47,0.87298,0.9834000000000001,1.3467,1.5525
2022-11-11,1.0308,143.89,0.87538,0.9844000000000001,1.3698,1.5459
2022-11-14,1.0319,144.86,0.87513,0.9751,1.3706,1.5427
2022-11-15,1.0404,144.84,0.87455,0.979,1.3816,1.5415
2022-11-16,1.0412,145.29,0.87483,0.9795,1.3801,1.54
2022-11-17,1.0319,144.8,0.87475,0.9818,1.382,1.5526
2022-11-18,1.0366,145.12,0.87063,0.9881,1.3841,1.5433
2022-11-21,1.0246,145.33,0.86793,0.9817,1.377,1.5471
2022-11-22,1.0274,145.2,0.86358,0.9791,1.3765,1.5473
2022-11-23,1.0325,145.75,0.86369,0.9795,1.3856,1.5522
2022-11-24,1.0413,143.9,0.85933,0.9818,1.3894,1.5414
2022-11-25,1.0375,144.62,0.85885,0.9836,1.3864,1.5404
2022-11-28,1.0463,144.9,0.8660600000000001,0.9872,1.4062,1.5632
2022-11-29,1.0366,143.36,0.8621799999999999,0.9862,1.4005,1.5414
2022-11-30,1.0376,144.28,0.86488,0.9854000000000001,1.4021,1.5425
2022-12-01,1.0454,142.48,0.85715,0.9868,1.4059,1.5377
2022-12-02,1.0538,141.32,0.85855,0.9834000000000001,1.416,1.5457
2022-12-05,1.0587,143.07,0.86085,0.9893,1.4198,1.5542
2022-12-06,1.0516,143.33,0.8617,0.9872,1.4326,1.5625
2022-12-07,1.0529,144.44,0.86408,0.9893,1.4387,1.5728
2022-12-08,1.0519,143.75,0.86258,0.9889,1.4307,1.559
2022-12-09,1.0559,143.3,0.8595,0.9856,1.438,1.5553
2022-12-12,1.0562,144.86,0.86006,0.9855,1.4428,1.5625
2022-12-13,1.0545,144.85,0.85753,0.9869,1.4341,1.5553
2022-12-14,1.0649,143.68,0.8611799999999999,0.9865,1.4441,1.551
2022-12-15,1.0621,145.07,0.86194,0.9862,1.4443,1.5695
2022-12-16,1.0619,145.53,0.87233,0.9879,1.4506,1.5866
2022-12-19,1.0598,144.65,0.87118,0.9883999999999999,1.4472,1.5794
2022-12-20,1.0599,140.58,0.8753,0.9854000000000001,1.4451,1.5972
2022-12-21,1.0636,140.29,0.87651,0.9836,1.4475,1.5859
2022-12-22,1.0633,140.42,0.88243,0.9852,1.4484,1.5804
2022-12-23,1.0622,140.86,0.8803,0.9867,1.4433,1.5857
2022-12-27,1.0624,141.68,0.8833299999999999,0.9885,1.4384,1.577
2022-12-28,1.064,142.21,0.88058,0.9863,1.4361,1.566
2022-12-29,1.0649,142.24,0.88549,0.984,1.4475,1.5859
2022-12-30,1.0666,140.66,0.88693,0.9847,1.444,1.5693
2023-01-02,1.0683,139.62,0.8863,0.9873,1.4506,1.5699
2023-01-03,1.0545,137.93,0.88048,0.9879,1.4414,1.5708
2023-01-04,1.0599,138.74,0.88076,0.9843,1.4363,1.5452
2023-01-05,1.0601,140.95,0.88303,0.9839,1.4316,1.5515
2023-01-06,1.05,141.3,0.88475,0.9864000000000001,1.4331,1.559
2023-01-09,1.0696,141.35,0.88048,0.9865,1.4299,1.5446
2023-01-10,1.0723,141.92,0.8833,0.9908,1.4382,1.5616
2023-01-11,1.0747,142.61,0.88673,0.9967,1.4429,1.5588
2023-01-12,1.0772,140.61,0.8869,1.0056,1.4439,1.557
2023-01-13,1.0814,139.02,0.888,1.0051,1.4494,1.5586
2023-01-16,1.0812,138.92,0.88758,1.0026,1.4486,1.5537
2023-01-17,1.0843,139.5,0.88595,0.9998,1.4547,1.5611
2023-01-18,1.0839,139.79,0.8753,0.9906,1.4505,1.5413
2023-01-19,1.0815,139.02,0.87648,0.9921,1.4603,1.5726
2023-01-20,1.0826,140.86,0.876,0.9962,1.4583,1.5619
2023-01-23,1.0871,141.65,0.8797,1.0013,1.4523,1.5529
2023-01-24,1.0858,141.47,0.88368,1.0053,1.4517,1.547
2023-01-25,1.0878,141.17,0.88248,1.002,1.4544,1.536
2023-01-26,1.0895,141.38,0.87945,1.0002,1.4568,1.5308
2023-01-27,1.0865,141.1,0.87885,1.0017,1.4479,1.5289
2023-01-30,1.0903,141.79,0.87978,1.0045,1.4532,1.539
2023-01-31,1.0833,141.27,0.88073,1.0032,1.457,1.5476
2023-02-01,1.0894,141.37,0.88413,0.998,1.4506,1.5392
2023-02-02,1.0988,141.12,0.89289,0.9992,1.4602,1.5407
2023-02-03,1.0937,140.45,0.8925,0.9989,1.4616,1.5499
2023-02-06,1.0776,142.41,0.89278,0.9964,1.4459,1.5596
2023-02-07,1.07,141.3,0.89338,0.9906,1.4371,1.547
2023-02-08,1.0735,140.81,0.888,0.9881,1.4389,1.5416
2023-02-09,1.0771,140.8,0.88515,0.989,1.4423,1.5409
2023-02-10,1.069,139.88,0.88348,0.9872,1.4364,1.5432
2023-02-13,1.0686,141.65,0.88281,0.9849,1.4263,1.5388
2023-02-14,1.0759,142.14,0.88125,0.987,1.4332,1.5411
2023-02-15,1.07,143.05,0.88825,0.9885,1.4356,1.5529
2023-02-16,1.07,143.31,0.88883,0.9873,1.4334,1.55
2023-02-17,1.0625,143.18,0.88888,0.9896,1.4366,1.556
2023-02-20,1.0674,143.09,0.8873799999999999,0.9861,1.4367,1.5456
2023-02-21,1.0664,143.76,0.87925,0.9853,1.4351,1.5517
2023-02-22,1.0644,143.24,0.87945,0.987,1.4408,1.5576
2023-02-23,1.0616,143.32,0.8814,0.9892,1.4366,1.5551
2023-02-24,1.057,143.55,0.88245,0.9898,1.4374,1.5668
2023-02-27,1.0554,143.88,0.88073,0.9929,1.4334,1.5739
2023-02-28,1.0619,145.23,0.87701,0.9947,1.4411,1.576
2023-03-01,1.0684,144.82,0.88574,0.9997,1.4531,1.5776
2023-03-02,1.0605,145.07,0.88785,0.9988,1.4448,1.5773
2023-03-03,1.0615,144.55,0.8853,0.9958,1.4437,1.5728
2023-03-06,1.0646,144.64,0.8863,0.9947,1.4493,1.5807
2023-03-07,1.0665,145.21,0.88968,0.9959,1.4552,1.6002
2023-03-08,1.0545,144.7,0.89074,0.9931,1.4499,1.5978
2023-03-09,1.0554,143.82,0.88814,0.9911,1.4574,1.5965
2023-03-10,1.0586,144.7,0.88258,0.9824000000000001,1.4643,1.6064
2023-03-13,1.0706,141.96,0.8837,0.975,1.4745,1.6066
2023-03-14,1.0737,144.09,0.88054,0.9784,1.4689,1.6052
2023-03-15,1.0549,139.51,0.87243,0.9727,1.4504,1.5888
2023-03-16,1.0595,140.18,0.8782,0.982,1.4565,1.5932
2023-03-17,1.0623,140.57,0.87488,0.9858,1.4584,1.5874
2023-03-20,1.0717,140.77,0.8756,0.9928,1.4669,1.5978
2023-03-21,1.0776,142.63,0.8803299999999999,0.997,1.4726,1.6136
2023-03-22,1.0785,143.13,0.87925,0.996,1.4782,1.6132
2023-03-23,1.0879,142.87,0.88523,0.9969,1.4875,1.6242
2023-03-24,1.0745,139.85,0.8794,0.9874000000000001,1.4816,1.6189
2023-03-27,1.0773,141.64,0.87818,0.9875,1.4769,1.6204
2023-03-28,1.0841,141.69,0.8793800000000001,0.9947,1.4803,1.6219
2023-03-29,1.0847,143.58,0.87988,0.9973,1.4739,1.6252
2023-03-30,1.0886,144.42,0.88164,0.9963,1.474,1.6263
2023-03-31,1.0875,144.83,0.8792,0.9968,1.4737,1.6268
2023-04-03,1.087,144.51,0.8779,0.9949,1.4628,1.608
2023-04-04,1.0901,144.94,0.8733300000000001,0.9954,1.4641,1.6154
2023-04-05,1.094,143.74,0.87685,0.9901,1.4719,1.6325
2023-04-06,1.0915,143.49,0.87495,0.9878,1.4704,1.6312
2023-04-11,1.0905,145.28,0.87738,0.9868,1.4732,1.6387
2023-04-12,1.0922,146.09,0.8803800000000001,0.9853,1.4728,1.6377
2023-04-13,1.1015,146.81,0.88058,0.9804,1.4759,1.6343
2023-04-14,1.1057,146.6,0.8844,0.9827,1.4725,1.6309
2023-04-17,1.0981,146.97,0.88373,0.9812,1.4673,1.6356
2023-04-18,1.0972,146.89,0.88143,0.9831,1.4679,1.6276
2023-04-19,1.0933,147.24,0.88108,0.9828,1.4698,1.6301
2023-04-20,1.0944,147.46,0.88153,0.981,1.4757,1.629
2023-04-21,1.0978,146.92,0.8857,0.9795,1.4859,1.6394
2023-04-24,1.1002,148.17,0.88463,0.98,1.4906,1.6468
2023-04-25,1.1022,147.91,0.88645,0.9786,1.4984,1.6564
2023-04-26,1.1039,147.67,0.8856000000000001,0.9824000000000001,1.5035,1.6725
2023-04-27,1.1042,147.16,0.88428,0.9862,1.5041,1.6672
2023-04-28,1.0981,149.35,0.8804999999999999,0.9839,1.4981,1.6664
2023-05-02,1.0965,150.7,0.87868,0.9841,1.4885,1.6371
2023-05-03,1.1043,149.66,0.88265,0.9809,1.5045,1.6564
2023-05-04,1.1074,148.92,0.88015,0.9802,1.5072,1.6585
2023-05-05,1.1014,147.8,0.87378,0.9828,1.486,1.6379
2023-05-08,1.1037,149.15,0.8722800000000001,0.9813,1.471,1.6244
2023-05-09,1.0959,147.97,0.8699,0.9788,1.4679,1.6217
2023-05-10,1.095,148.18,0.86813,0.9771,1.4657,1.6222
2023-05-11,1.093,146.54,0.86795,0.9758,1.4672,1.6226
2023-05-12,1.0892,147.02,0.8702,0.9744,1.4702,1.631
2023-05-15,1.0876,148.15,0.86943,0.9747,1.4684,1.6261
2023-05-16,1.0881,147.89,0.86938,0.9732,1.4652,1.6307
2023-05-17,1.0829,148.31,0.86895,0.9746,1.4609,1.6273
2023-05-18,1.0813,149.08,0.8689,0.9735,1.4568,1.6285
2023-05-19,1.0808,149.55,0.8683999999999999,0.9738,1.4575,1.6231
2023-05-22,1.0822,149.64,0.86846,0.97,1.4618,1.6294
2023-05-23,1.0779,149.2,0.86993,0.9718,1.4571,1.6282
2023-05-24,1.0785,149.3,0.86993,0.9732,1.46,1.6402
2023-05-25,1.0735,149.63,0.86793,0.9708,1.4599,1.6443
2023-05-26,1.0751,150.24,0.86813,0.9707,1.463,1.6439
2023-05-29,1.0715,150.29,0.86805,0.9683,1.4564,1.6384
2023-05-30,1.0744,150.01,0.86365,0.969,1.4586,1.6397
2023-05-31,1.0683,149.13,0.86405,0.9724,1.4582,1.6497
2023-06-01,1.0697,149.25,0.85823,0.9732,1.4514,1.6407
2023-06-02,1.0763,149.46,0.8593,0.9758,1.4443,1.6248
2023-06-05,1.069,149.96,0.8632300000000001,0.9732,1.4367,1.6219
2023-06-06,1.0683,149.09,0.86103,0.9698,1.4342,1.6038
2023-06-07,1.0717,149.42,0.8597,0.9704,1.4351,1.6004
2023-06-08,1.0737,149.98,0.86113,0.9751,1.4342,1.6061
2023-06-09,1.078,150.24,0.85795,0.9716,1.4362,1.6023
2023-06-12,1.0765,150.03,0.85678,0.9751,1.4357,1.592
2023-06-13,1.0793,150.62,0.8585,0.9784,1.4403,1.5922
2023-06-14,1.0809,151.21,0.85455,0.9751,1.4378,1.5915
2023-06-15,1.0819,152.86,0.85555,0.9761,1.4415,1.5924
2023-06-16,1.0966,154.65,0.85428,0.977,1.45,1.5941
2023-06-19,1.0922,154.94,0.85268,0.9772,1.4411,1.5964
2023-06-20,1.0933,154.51,0.85705,0.9808,1.4473,1.612
2023-06-21,1.0923,154.89,0.85828,0.9802999999999999,1.4435,1.6154
2023-06-22,1.0985,156.05,0.86115,0.9825,1.4463,1.6194
2023-06-23,1.0884,155.84,0.85479,0.9772999999999999,1.438,1.6285
2023-06-26,1.0918,156.41,0.85878,0.9737,1.4354,1.6346
2023-06-27,1.0951,157.14,0.8599,0.9789,1.4408,1.6369
2023-06-28,1.0938,157.82,0.8642,0.9822,1.4491,1.6525
2023-06-29,1.0938,157.74,0.864,0.9782999999999999,1.4503,1.648
2023-06-30,1.0866,157.16,0.85828,0.9788,1.4415,1.6398
2023-07-03,1.0899,157.81,0.8598,0.98,1.4441,1.6383
2023-07-04,1.0895,157.34,0.85673,0.9762,1.4403,1.6286
2023-07-05,1.0879,157.26,0.85685,0.9782,1.4447,1.6329
2023-07-06,1.0899,156.57,0.8531,0.9757,1.4489,1.6308
2023-07-07,1.0888,156.01,0.85298,0.9754,1.4557,1.6416
2023-07-10,1.0956,155.73,0.85733,0.9752999999999999,1.4552,1.6488
2023-07-11,1.0989,154.27,0.8511,0.9693000000000001,1.4588,1.6493
2023-07-12,1.1022,153.84,0.85378,0.9683,1.4574,1.6479
2023-07-13,1.1182,154.84,0.85553,0.9644,1.4714,1.6299
2023-07-14,1.1221,155.51,0.8559,0.9649,1.4728,1.635
2023-07-17,1.123,155.38,0.85873,0.9651999999999999,1.4845,1.6487
2023-07-18,1.1255,155.4,0.85838,0.9647,1.4862,1.6523
2023-07-19,1.1222,156.76,0.86918,0.9628,1.4795,1.6582
2023-07-20,1.1197,156.35,0.8692,0.9635,1.4716,1.6416
2023-07-21,1.1123,157.63,0.8670600000000001,0.963,1.4668,1.651
2023-07-24,1.1096,156.47,0.8635,0.9595,1.4635,1.6469
2023-07-25,1.1051,156.18,0.86148,0.9598,1.4562,1.6328
2023-07-26,1.1059,155.3,0.85695,0.9549,1.462,1.6401
2023-07-27,1.1125,155.95,0.85885,0.9542,1.4654,1.6383
2023-07-28,1.101,153.35,0.8556,0.9554,1.4553,1.6508
2023-07-31,1.1023,156.73,0.85765,0.9619,1.4566,1.6436
2023-08-01,1.097,156.85,0.85865,0.961,1.4569,1.6557
2023-08-02,1.0985,156.88,0.86038,0.9641999999999999,1.4621,1.6691
2023-08-03,1.0932,156.24,0.86468,0.9579,1.4619,1.6748
2023-08-04,1.0946,156.11,0.86193,0.9598,1.4648,1.6694
2023-08-07,1.0984,156.21,0.86163,0.9625,1.4688,1.6715
2023-08-08,1.0944,156.55,0.86158,0.96,1.4755,1.6827
2023-08-09,1.0968,157.35,0.8618,0.9627,1.474,1.6779
2023-08-10,1.1019,158.43,0.86313,0.9618,1.4764,1.6767
2023-08-11,1.1004,158.97,0.86415,0.9617,1.4791,1.685
2023-08-14,1.093,158.68,0.86215,0.9608,1.47,1.6853
2023-08-15,1.0926,159.04,0.85955,0.9586,1.4742,1.6888
2023-08-16,1.0916,159.07,0.85645,0.9605,1.4726,1.6895
2023-08-17,1.09,158.88,0.85395,0.9555,1.4718,1.6931
2023-08-18,1.0867,158.11,0.85493,0.9571,1.4733,1.6999
2023-08-21,1.0908,159.15,0.85475,0.9588,1.4723,1.6995
2023-08-22,1.0887,158.7,0.85288,0.9565,1.4716,1.6878
2023-08-23,1.0805,157.28,0.85653,0.9524,1.4667,1.684
2023-08-24,1.084,157.96,0.8565,0.9562,1.4686,1.6838
2023-08-25,1.0808,157.75,0.85643,0.9564,1.4672,1.6809
2023-08-28,1.0808,158.35,0.85815,0.9559,1.4693,1.6839
2023-08-29,1.0803,158.93,0.8586,0.9558,1.4722,1.6832
2023-08-30,1.0886,159.15,0.8592,0.9568,1.4764,1.6814
2023-08-31,1.0868,158.49,0.8571800000000001,0.9584,1.4721,1.6785
2023-09-01,1.0844,157.47,0.85538,0.9574,1.4656,1.6737
2023-09-04,1.0801,158.11,0.8555,0.9548,1.4686,1.6708
2023-09-05,1.0731,158.2,0.8553500000000001,0.9548,1.4652,1.6859
2023-09-06,1.0745,158.18,0.85503,0.9560999999999999,1.4659,1.6801
2023-09-07,1.071,157.7,0.859,0.9557,1.4625,1.6767
2023-09-08,1.0704,157.84,0.8573499999999999,0.9543,1.4623,1.6743
2023-09-11,1.0724,157.16,0.8565,0.956,1.4565,1.6655
2023-09-12,1.0713,157.42,0.85925,0.9560999999999999,1.455,1.6682
2023-09-13,1.0733,158.28,0.8609,0.9589,1.4556,1.6762
2023-09-14,1.073,158.13,0.85995,0.9588,1.4505,1.6648
2023-09-15,1.0658,157.5,0.85878,0.9554,1.4409,1.6498
2023-09-18,1.0663,157.44,0.86141,0.9564,1.44,1.6575
2023-09-19,1.0713,158.2,0.86263,0.9595,1.4373,1.6566
2023-09-20,1.0702,158.28,0.8653,0.9601,1.4366,1.6498
2023-09-21,1.0635,157.34,0.86713,0.9628,1.4368,1.6617
2023-09-22,1.0647,157.87,0.86795,0.965,1.4303,1.6496
2023-09-25,1.0633,158.08,0.86965,0.9676,1.4311,1.6544
2023-09-26,1.0605,157.87,0.8702,0.9675,1.4318,1.6539
2023-09-27,1.0536,157.2,0.8681,0.968,1.4255,1.6541
2023-09-28,1.0539,157.33,0.86333,0.9678,1.4206,1.6483
2023-09-29,1.0594,158.1,0.86458,0.9669,1.4227,1.6339
2023-10-02,1.053,157.67,0.86628,0.9634,1.4335,1.6472
2023-10-03,1.0469,157.01,0.86775,0.966,1.4365,1.6612
2023-10-04,1.0497,156.48,0.86588,0.9634,1.4391,1.6615
2023-10-05,1.0526,156.71,0.86605,0.9625,1.4479,1.658
2023-10-06,1.0563,157.47,0.8651,0.9629,1.4492,1.6612
2023-10-09,1.0531,157.06,0.8652,0.9581,1.438,1.6546
2023-10-10,1.0582,157.71,0.8639,0.9589,1.4387,1.6538
2023-10-11,1.0604,157.87,0.86265,0.9576,1.4429,1.6529
2023-10-12,1.0619,158.35,0.8626,0.9566,1.4435,1.6584
2023-10-13,1.0524,157.44,0.86415,0.9546,1.4397,1.6662
2023-10-16,1.0538,157.54,0.8654500000000001,0.9505,1.436,1.666
2023-10-17,1.0569,158.03,0.8682,0.9517,1.4411,1.6622
2023-10-18,1.0565,158.1,0.8661,0.9492,1.4425,1.6586
2023-10-19,1.0558,158.21,0.87098,0.947,1.4485,1.6718
2023-10-20,1.0591,158.8,0.87213,0.9442,1.4492,1.6772
2023-10-23,1.0597,158.91,0.87153,0.9461000000000001,1.4542,1.6805
2023-10-24,1.0632,159.26,0.87025,0.9500999999999999,1.4564,1.6708
2023-10-25,1.0576,158.55,0.8724,0.9474,1.4549,1.6678
2023-10-26,1.054,158.48,0.8717,0.9466,1.4565,1.6719
2023-10-27,1.0541,158.08,0.8702299999999999,0.9502,1.4572,1.6616
2023-10-30,1.0605,158.8,0.8734499999999999,0.9564,1.467,1.6637
2023-10-31,1.0619,160.3,0.87366,0.9607,1.4712,1.6739
2023-11-01,1.0537,159.33,0.8694499999999999,0.9572000000000001,1.461,1.6561
2023-11-02,1.0661,159.89,0.87305,0.9622000000000001,1.4707,1.6543
2023-11-03,1.0702,159.87,0.86983,0.9625,1.4653,1.6478
2023-11-06,1.0741,160.87,0.8663999999999999,0.9646,1.4664,1.6524
2023-11-07,1.0686,160.77,0.86855,0.9626,1.4679,1.6636
2023-11-08,1.0671,160.97,0.87015,0.9599,1.4711,1.6592
2023-11-09,1.0691,161.57,0.87205,0.9637,1.4736,1.6699
2023-11-10,1.0683,161.77,0.87435,0.9636,1.4753,1.6795
2023-11-13,1.067,161.96,0.87155,0.9656,1.4754,1.6742
2023-11-14,1.0724,162.67,0.8723,0.9668,1.4832,1.6819
2023-11-15,1.0868,163.39,0.87188,0.964,1.4854,1.6648
2023-11-16,1.0849,164.05,0.8752,0.9651,1.4891,1.6736
2023-11-17,1.0872,162.29,0.87395,0.9643,1.4908,1.6709
2023-11-20,1.0928,162.12,0.8763,0.9665,1.4994,1.6669
2023-11-21,1.0955,161.61,0.87326,0.9673,1.5029,1.6653
2023-11-22,1.0911,162.25,0.8703,0.964,1.4959,1.6618
2023-11-23,1.09,162.98,0.8694,0.9644,1.494,1.6633
2023-11-24,1.0916,163.3,0.86818,0.964,1.4935,1.6621
2023-11-27,1.0951,162.86,0.86671,0.964,1.4929,1.6575
2023-11-28,1.0949,162.74,0.8682,0.9645,1.4887,1.6567
2023-11-29,1.0985,162.12,0.86525,0.9628,1.492,1.6586
2023-11-30,1.0931,161.19,0.86368,0.9562,1.487,1.6542
2023-12-01,1.0875,161.14,0.86045,0.953,1.4736,1.6448
2023-12-04,1.0868,159.47,0.8579,0.9476,1.4716,1.6351
2023-12-05,1.0817,159.13,0.85723,0.9456,1.47,1.6492
2023-12-06,1.0778,158.7,0.8561,0.9429,1.4616,1.6391
2023-12-07,1.0771,156.18,0.8575,0.9446,1.4656,1.6407
2023-12-08,1.0777,155.53,0.8569,0.9438,1.4627,1.6327
2023-12-11,1.0757,157.54,0.8558,0.9478,1.4609,1.642
2023-12-12,1.0804,156.84,0.85928,0.9443,1.4656,1.6398
2023-12-13,1.0787,157.13,0.8612,0.9452,1.4644,1.6452
2023-12-14,1.0919,154.8,0.85955,0.949,1.4677,1.6288
2023-12-15,1.0946,155.15,0.85833,0.9488,1.4653,1.6324
2023-12-18,1.0918,155.95,0.86263,0.948,1.4584,1.6225
2023-12-19,1.0962,158.2,0.86095,0.947,1.4673,1.6273
2023-12-20,1.0944,157.12,0.86555,0.946,1.4609,1.6186
2023-12-21,1.0983,156.79,0.86805,0.9432,1.4668,1.6243
2023-12-22,1.1023,156.66,0.8666,0.9417,1.4639,1.6197
2023-12-27,1.1065,157.81,0.8683,0.9438,1.4612,1.617
2023-12-28,1.1114,156.57,0.8706,0.9302,1.4698,1.6246
2023-12-29,1.105,156.33,0.86905,0.926,1.4642,1.6263
2024-01-02,1.0956,155.68,0.8664500000000001,0.9305,1.4565,1.6147
2024-01-03,1.0919,156.16,0.8647,0.9322,1.4574,1.6236
2024-01-04,1.0953,157.91,0.86278,0.9313,1.4603,1.628
2024-01-05,1.0921,158.57,0.8621,0.9320000000000001,1.46,1.6337
2024-01-08,1.0946,158.19,0.8615,0.9308,1.4651,1.6378
2024-01-09,1.094,157.63,0.85938,0.9313,1.4613,1.6339
2024-01-10,1.0946,159.03,0.8602300000000001,0.9336,1.4649,1.6334
2024-01-11,1.0987,159.71,0.86145,0.9338,1.4677,1.6369
2024-01-12,1.0942,159.17,0.8595,0.9350000000000001,1.4634,1.6375
2024-01-15,1.0945,159.67,0.86075,0.9351,1.4695,1.6449
2024-01-16,1.0882,159.64,0.86078,0.9361,1.4661,1.6484
2024-01-17,1.0877,160.65,0.8581800000000001,0.9406,1.4701,1.6592
2024-01-18,1.0875,160.89,0.85773,0.9432,1.4681,1.6579
2024-01-19,1.0887,161.17,0.85825,0.9459,1.4656,1.65
2024-01-22,1.089,160.95,0.85575,0.9458,1.462,1.652
2024-01-23,1.0872,160.88,0.85493,0.9446,1.4648,1.6493
2024-01-24,1.0905,160.46,0.85543,0.9415,1.4669,1.652
2024-01-25,1.0893,160.81,0.85538,0.9419999999999999,1.4714,1.6537
2024-01-26,1.0871,160.62,0.85368,0.9396,1.4607,1.6483
2024-01-29,1.0823,160.13,0.8525,0.9339,1.4542,1.6398
2024-01-30,1.0846,159.97,0.85628,0.9365,1.4564,1.6462
2024-01-31,1.0837,160.19,0.8543500000000001,0.9348,1.4558,1.6468
2024-02-01,1.0814,158.96,0.85353,0.9336,1.4544,1.6594
2024-02-02,1.0883,159.58,0.85263,0.9315,1.4556,1.6468
2024-02-05,1.0746,159.72,0.85595,0.9347,1.4507,1.6562
2024-02-06,1.0743,159.56,0.8546,0.9366,1.4526,1.6515
2024-02-07,1.0776,159.71,0.85305,0.9393,1.4501,1.6504
2024-02-08,1.0758,160.55,0.85378,0.9409,1.4505,1.6569
2024-02-09,1.0772,161,0.8544,0.9432,1.4486,1.6543
2024-02-12,1.0773,160.51,0.8539099999999999,0.9429999999999999,1.4504,1.6505
2024-02-13,1.0793,161.17,0.85098,0.9481000000000001,1.4511,1.6526
2024-02-14,1.0713,161.28,0.85258,0.9493,1.4509,1.6521
2024-02-15,1.0743,161.26,0.8563499999999999,0.9484,1.4547,1.6525
2024-02-16,1.0768,161.88,0.85605,0.9491000000000001,1.4518,1.6517
2024-02-19,1.0776,161.59,0.85448,0.9492,1.4522,1.6479
2024-02-20,1.0802,162.18,0.8566,0.9526,1.4562,1.6457
2024-02-21,1.0809,162.12,0.85619,0.951,1.4618,1.6486
2024-02-22,1.0844,163.12,0.85625,0.9535,1.4618,1.6515
2024-02-23,1.0834,162.91,0.8534,0.9522,1.4587,1.6467
2024-02-26,1.0852,163.38,0.85495,0.9546,1.4674,1.656
2024-02-27,1.0856,163.04,0.8562,0.9544,1.465,1.6565
2024-02-28,1.0808,162.87,0.85548,0.952,1.4689,1.6639
2024-02-29,1.0826,162.53,0.85655,0.9534,1.4719,1.6684
2024-03-01,1.0813,162.82,0.85588,0.9582000000000001,1.4679,1.6637
2024-03-04,1.0846,163.22,0.85583,0.9604,1.4719,1.664
2024-03-05,1.0849,163.01,0.85543,0.9609,1.4747,1.6709
2024-03-06,1.0874,162.67,0.85498,0.9619,1.477,1.6667
2024-03-07,1.0895,161.09,0.85445,0.9577,1.4705,1.6501
2024-03-08,1.0932,160.99,0.85168,0.9588,1.4701,1.6469
2024-03-11,1.0926,160.43,0.8520799999999999,0.9594,1.4753,1.6546
2024-03-12,1.0916,161.39,0.85458,0.9588,1.4739,1.6533
2024-03-13,1.0939,161.83,0.85451,0.9599,1.4756,1.6542
2024-03-14,1.0925,161.7,0.8542,0.9616,1.4725,1.6529
2024-03-15,1.0892,162.03,0.8541,0.9613,1.4731,1.6579
2024-03-18,1.0892,162.51,0.85525,0.963,1.4745,1.6583
2024-03-19,1.0854,163.37,0.85445,0.963,1.4767,1.6651
2024-03-20,1.0844,164.54,0.85438,0.9658,1.4736,1.6633
2024-03-21,1.0907,164.96,0.85678,0.9766,1.4736,1.6535
2024-03-22,1.0823,163.74,0.85795,0.9729,1.4688,1.6601
2024-03-25,1.0835,163.78,0.85698,0.9724,1.4722,1.658
2024-03-26,1.0855,164.4,0.85846,0.981,1.4718,1.6574
2024-03-27,1.0816,163.52,0.85768,0.9811,1.4712,1.66
2024-03-28,1.0811,163.45,0.8551,0.9766,1.4672,1.6607
2024-04-02,1.0749,163.01,0.8551,0.9765,1.4577,1.6522
2024-04-03,1.0783,163.66,0.8571299999999999,0.9792,1.4626,1.6539
2024-04-04,1.0852,164.69,0.85788,0.9846,1.4652,1.6446
2024-04-05,1.0841,164.1,0.85773,0.9792999999999999,1.4702,1.6461
2024-04-08,1.0823,164.43,0.85795,0.9807,1.4715,1.6433
2024-04-09,1.0867,164.97,0.85663,0.9819,1.4749,1.6407
2024-04-10,1.086,164.89,0.85515,0.981,1.4728,1.6399
2024-04-11,1.0729,164.18,0.85525,0.9787,1.4688,1.6448
2024-04-12,1.0652,163.16,0.85424,0.9716,1.4643,1.6413
2024-04-15,1.0656,164.05,0.85405,0.9725,1.4645,1.6441
2024-04-16,1.0637,164.54,0.8544,0.9712,1.4668,1.6578
2024-04-17,1.0638,164.54,0.854,0.9693000000000001,1.4691,1.6556
2024-04-18,1.0679,164.82,0.85628,0.9704,1.4687,1.6567
2024-04-19,1.0653,164.68,0.8562,0.968,1.4666,1.6622
2024-04-22,1.0632,164.51,0.86328,0.9693000000000001,1.4592,1.6517
2024-04-23,1.0674,165.23,0.8605,0.9724,1.4623,1.6536
2024-04-24,1.0686,165.57,0.85945,0.9774,1.4628,1.6421
2024-04-25,1.072,166.76,0.85675,0.9792,1.4659,1.6415
2024-04-26,1.0714,168.03,0.85643,0.9779,1.4632,1.6392
2024-04-29,1.072,167.53,0.85493,0.9776,1.4635,1.6322
2024-04-30,1.0718,168.27,0.85478,0.9787,1.4672,1.6423
2024-05-02,1.0698,165.63,0.85538,0.9759,1.4678,1.6386
2024-05-03,1.0744,164.62,0.85573,0.9744,1.4682,1.633
2024-05-06,1.0776,165.7,0.8566,0.9754,1.4731,1.6248
2024-05-07,1.0766,166.45,0.85805,0.977,1.473,1.6297
2024-05-08,1.0743,167.15,0.86083,0.977,1.4784,1.6374
2024-05-09,1.0732,167.32,0.85995,0.976,1.4728,1.6299
2024-05-10,1.0779,167.87,0.86055,0.9779,1.4747,1.632
2024-05-13,1.0795,168.25,0.8602300000000001,0.9784,1.4757,1.6305
2024-05-14,1.0796,168.89,0.85983,0.9801,1.4753,1.6329
2024-05-15,1.0832,168.43,0.8584000000000001,0.98,1.4763,1.6308
2024-05-16,1.0866,168.33,0.8585,0.9822,1.481,1.629
2024-05-17,1.0844,168.96,0.85685,0.9855,1.4784,1.6281
2024-05-20,1.0861,169.25,0.85548,0.988,1.4798,1.6259
2024-05-21,1.0864,169.86,0.8544,0.9883999999999999,1.4797,1.6278
2024-05-22,1.083,169.54,0.85165,0.9905,1.481,1.6288
2024-05-23,1.0854,169.9,0.85175,0.9907,1.4832,1.6333
2024-05-24,1.084,170.28,0.85241,0.9923999999999999,1.4865,1.6394
2024-05-27,1.0843,170.07,0.8507,0.9922,1.4813,1.632
2024-05-28,1.0882,170.54,0.8508,0.9908,1.482,1.6314
2024-05-29,1.0857,170.74,0.8512999999999999,0.9907,1.4838,1.637
2024-05-30,1.0815,169.5,0.85105,0.9808,1.4828,1.6341
2024-05-31,1.0852,170.52,0.85365,0.9818,1.4804,1.6315
2024-06-03,1.0842,170.09,0.85175,0.9772,1.4784,1.629
2024-06-04,1.0865,168.29,0.85143,0.9703000000000001,1.486,1.6364
2024-06-05,1.0872,169.72,0.85048,0.9704,1.4867,1.6353
2024-06-06,1.0865,169.74,0.85088,0.9687,1.4879,1.6368
2024-06-07,1.0898,169.52,0.8512,0.9696,1.4902,1.6345
2024-06-10,1.0756,168.74,0.84565,0.9637,1.4801,1.6304
2024-06-11,1.073,168.46,0.84198,0.9622000000000001,1.4781,1.626
2024-06-12,1.0765,169.35,0.84365,0.9641,1.4795,1.628
2024-06-13,1.0784,169.58,0.84468,0.9668,1.4823,1.6232
2024-06-14,1.0686,167.8,0.84205,0.9534,1.4704,1.6156
2024-06-17,1.0712,169.11,0.84573,0.9560999999999999,1.4726,1.6246
2024-06-18,1.0715,169.41,0.8454,0.9512,1.4731,1.6207
2024-06-19,1.0749,169.78,0.84455,0.9506,1.4737,1.6125
2024-06-20,1.0719,169.82,0.84513,0.9546,1.4696,1.6076
2024-06-21,1.0688,169.82,0.84531,0.9537,1.4632,1.6031
2024-06-24,1.073,171.17,0.8473000000000001,0.9586,1.4682,1.6157
2024-06-25,1.0714,170.84,0.84465,0.9575,1.465,1.6109
2024-06-26,1.0689,171.42,0.84453,0.9585,1.4628,1.6053
2024-06-27,1.0696,171.66,0.8459,0.9604,1.4647,1.6078
2024-06-28,1.0705,171.94,0.84638,0.9634,1.467,1.6079
2024-07-01,1.0745,173.15,0.8479,0.9689,1.4711,1.6109
2024-07-02,1.0729,173.31,0.84755,0.9697,1.4727,1.612
2024-07-03,1.0758,174.18,0.8468,0.9718,1.4703,1.6123
2024-07-04,1.08,173.84,0.84663,0.9717,1.4705,1.6046
2024-07-05,1.0824,174.06,0.84613,0.973,1.4736,1.6073
2024-07-08,1.0835,174.37,0.8441,0.9711,1.4772,1.6067
2024-07-09,1.0814,174.2,0.84491,0.9712,1.4752,1.6062
2024-07-10,1.0825,174.79,0.84518,0.9723000000000001,1.4758,1.6056
2024-07-11,1.0855,175.39,0.84305,0.9749,1.4796,1.6075
2024-07-12,1.089,172.87,0.84029,0.9747,1.4834,1.6076
2024-07-15,1.0907,172.34,0.84045,0.9755,1.4879,1.6088
2024-07-16,1.0902,172.65,0.84058,0.9761,1.4911,1.6169
2024-07-17,1.0934,171.21,0.83915,0.9693000000000001,1.4949,1.6222
2024-07-18,1.093,171.02,0.84175,0.9666,1.4953,1.6237
2024-07-19,1.089,171.61,0.8428,0.9688,1.4938,1.6276
2024-07-22,1.0888,170.8,0.84215,0.9671,1.4971,1.637
2024-07-23,1.086,169.64,0.84073,0.9681,1.4944,1.6396
2024-07-24,1.0848,167.23,0.83973,0.9609,1.4953,1.6428
2024-07-25,1.0851,165.62,0.8428,0.9534,1.502,1.6638
2024-07-26,1.086,167.84,0.84378,0.9594,1.5009,1.6559
2024-07-29,1.0817,166.44,0.84345,0.9578,1.4976,1.6534
2024-07-30,1.0824,167.61,0.8426,0.9592000000000001,1.4996,1.656
2024-07-31,1.0828,162.76,0.8438,0.9533,1.4977,1.6635
2024-08-01,1.0789,162.66,0.84328,0.9467,1.4912,1.6501
2024-08-02,1.0835,161.37,0.85,0.9433,1.5035,1.6629
2024-08-05,1.0966,155.98,0.85878,0.9304,1.5188,1.7008
2024-08-06,1.0915,158.29,0.85998,0.9325,1.5097,1.6837
2024-08-07,1.0922,160.62,0.85808,0.9409,1.501,1.6643
2024-08-08,1.093,159.74,0.86093,0.9368,1.5021,1.6677
2024-08-09,1.0917,160.33,0.85708,0.9435,1.5007,1.6609
2024-08-12,1.0925,161.25,0.85554,0.9491000000000001,1.4998,1.656
2024-08-13,1.0931,161.17,0.85458,0.948,1.5014,1.6572
2024-08-14,1.1019,161.98,0.85783,0.9515,1.5115,1.6643
2024-08-15,1.1011,162.14,0.85615,0.9540999999999999,1.509,1.6609
2024-08-16,1.0994,162.72,0.85128,0.954,1.5095,1.6577
2024-08-19,1.1041,161.22,0.85243,0.9543,1.5098,1.6486
2024-08-20,1.1084,162.18,0.85194,0.9527,1.5085,1.6454
2024-08-21,1.1116,162.26,0.85303,0.9503,1.5117,1.6495
2024-08-22,1.1135,162.64,0.84943,0.949,1.513,1.655
2024-08-23,1.1121,162.37,0.84733,0.9476,1.5106,1.6518
2024-08-26,1.1163,160.94,0.84645,0.946,1.5076,1.6496
2024-08-27,1.1162,161.24,0.84438,0.944,1.5041,1.6461
2024-08-28,1.1117,160.57,0.84163,0.9375,1.4982,1.6407
2024-08-29,1.1088,160.36,0.84175,0.9364,1.4927,1.6274
2024-08-30,1.1087,161.19,0.8411999999999999,0.9416,1.4941,1.6301
2024-09-02,1.1061,162.56,0.84218,0.9415,1.4932,1.6322
2024-09-03,1.1035,161.26,0.84085,0.9409,1.4951,1.6394
2024-09-04,1.105,160.26,0.84248,0.9396,1.498,1.645
2024-09-05,1.1097,159.2,0.84318,0.9389999999999999,1.4996,1.6498
2024-09-06,1.1103,158.93,0.84293,0.9365,1.4984,1.6503
2024-09-09,1.1043,158.53,0.84365,0.9376,1.4979,1.6596
2024-09-10,1.1031,157.81,0.84265,0.9349,1.4973,1.6551
2024-09-11,1.1043,156.6,0.84375,0.9358,1.4997,1.656
2024-09-12,1.1016,157.02,0.8446,0.9414,1.4964,1.6497
2024-09-13,1.1081,156.17,0.84475,0.9387,1.5061,1.6542
2024-09-16,1.1126,155.66,0.84278,0.9394,1.5109,1.6492
2024-09-17,1.1139,156.71,0.84278,0.9405,1.5134,1.6472
2024-09-18,1.1124,157.94,0.8422500000000001,0.9388,1.5117,1.64
2024-09-19,1.1156,159.53,0.83953,0.946,1.511,1.6352
2024-09-20,1.1166,161.08,0.8391,0.9486,1.5148,1.6388
2024-09-23,1.1119,159.58,0.83518,0.9448,1.5065,1.6274
2024-09-24,1.1133,160.14,0.8322000000000001,0.9439,1.5033,1.6237
2024-09-25,1.1194,161.49,0.83653,0.9495,1.5044,1.6276
2024-09-26,1.1155,160.78,0.83428,0.9452,1.5025,1.6217
2024-09-27,1.1158,159.63,0.83338,0.9419999999999999,1.5036,1.618
2024-09-30,1.1196,159.82,0.83543,0.9439,1.5133,1.6166
2024-10-01,1.1086,159.37,0.8319299999999999,0.9394,1.4986,1.604
2024-10-02,1.1071,160.26,0.83288,0.9388,1.4932,1.6048
2024-10-03,1.1039,161.98,0.84258,0.9387,1.4945,1.6124
2024-10-04,1.1029,161.69,0.83735,0.9394,1.4952,1.6121
2024-10-07,1.0982,162.63,0.83918,0.9388,1.4914,1.6155
2024-10-08,1.0982,162.49,0.83778,0.9409999999999999,1.4981,1.6293
2024-10-09,1.0957,162.97,0.8374,0.9397,1.4985,1.6283
2024-10-10,1.0932,162.85,0.83686,0.9393,1.5031,1.6276
2024-10-11,1.0938,162.94,0.83705,0.9378,1.5063,1.6233
2024-10-14,1.0915,163.39,0.83665,0.9409,1.5047,1.6248
2024-10-15,1.0903,162.85,0.83355,0.9401,1.5063,1.6236
2024-10-16,1.0897,162.57,0.83605,0.9397,1.5013,1.6291
2024-10-17,1.0866,162.5,0.83455,0.9379999999999999,1.4975,1.6228
2024-10-18,1.0847,162.75,0.83165,0.9401,1.496,1.6165
2024-10-21,1.0853,162.79,0.8331499999999999,0.9379999999999999,1.4998,1.623
2024-10-22,1.0821,163.22,0.8334,0.9365,1.4964,1.6177
2024-10-23,1.0767,164.66,0.83148,0.9340000000000001,1.49,1.6233
2024-10-24,1.0801,164.12,0.8321,0.9349,1.4922,1.6234
2024-10-25,1.0825,164.45,0.83358,0.9382,1.4989,1.6311
2024-10-28,1.0818,165.18,0.8329,0.9367,1.503,1.6372
2024-10-29,1.0774,165.66,0.8302,0.9369,1.4981,1.6423
2024-10-30,1.0815,165.91,0.83425,0.9393,1.5072,1.646
2024-10-31,1.0882,166.3,0.83753,0.9412,1.5134,1.6559
2024-11-01,1.0885,165.54,0.8399799999999999,0.9427,1.5144,1.653
2024-11-04,1.0904,165.47,0.84063,0.9409999999999999,1.5155,1.6516
2024-11-05,1.0897,165.93,0.8391999999999999,0.9402,1.5128,1.6452
2024-11-06,1.0695,165.05,0.83223,0.9368,1.4893,1.6301
2024-11-07,1.0785,165.71,0.83185,0.9432,1.496,1.6196
2024-11-08,1.0772,164.18,0.83188,0.9393,1.4983,1.6259
2024-11-11,1.0651,163.82,0.8268,0.9369,1.4848,1.6186
2024-11-12,1.0617,163.71,0.82835,0.9354,1.4799,1.6206
2024-11-13,1.0629,164.71,0.83413,0.9379,1.484,1.6299
2024-11-14,1.0533,164.24,0.83158,0.9369,1.4759,1.6285
2024-11-15,1.0583,164.36,0.83455,0.9389,1.4861,1.6345
2024-11-18,1.0552,163.74,0.8356,0.9364,1.4873,1.6352
2024-11-19,1.0578,162.71,0.83638,0.9329,1.4833,1.6264
2024-11-20,1.0562,164.42,0.8338,0.9342,1.4767,1.6225
2024-11-21,1.0526,162.53,0.83273,0.9294,1.47,1.6141
2024-11-22,1.0412,160.84,0.83205,0.9272,1.4561,1.6018
2024-11-25,1.0495,161.64,0.83465,0.9324,1.4648,1.6111
2024-11-26,1.0522,161.13,0.8348,0.9314,1.4833,1.6191
2024-11-27,1.0531,159.65,0.834,0.9308999999999999,1.4807,1.6247
2024-11-28,1.0542,159.89,0.8323,0.9314,1.477,1.6228
2024-11-29,1.0562,158.64,0.83205,0.9308999999999999,1.4796,1.6245
2024-12-02,1.0507,157.74,0.8289800000000001,0.9316,1.4748,1.6211
2024-12-03,1.0512,157.3,0.83123,0.9308999999999999,1.4753,1.622
2024-12-04,1.0492,158.59,0.8283,0.9305,1.4755,1.6384
2024-12-05,1.054,158.52,0.828,0.9305,1.4809,1.6377
2024-12-06,1.0581,159.25,0.82855,0.9284,1.4882,1.6506
2024-12-09,1.0568,159.4,0.82805,0.9295,1.4919,1.638
2024-12-10,1.0527,159.74,0.82555,0.9267,1.4908,1.6452
2024-12-11,1.0507,160.35,0.82458,0.928,1.4905,1.6525
2024-12-12,1.0491,159.6,0.82428,0.9319,1.4865,1.6413
2024-12-13,1.0518,161.45,0.83043,0.9385,1.4954,1.6488
2024-12-16,1.0498,161.73,0.82945,0.9372,1.4959,1.651
2024-12-17,1.0497,161.63,0.82648,0.9413,1.4995,1.6547
2024-12-18,1.0496,161.52,0.8252,0.9382,1.5022,1.6602
2024-12-19,1.0395,163.07,0.82445,0.9319,1.493,1.6631
2024-12-20,1.039,162.89,0.82965,0.9297,1.4946,1.6674
2024-12-23,1.0393,163.36,0.82995,0.9336,1.4978,1.6667
2024-12-24,1.0395,163.25,0.82805,0.9358,1.4988,1.6681
2024-12-27,1.0435,164.65,0.8309800000000001,0.9396,1.5002,1.6777
2024-12-30,1.0444,164.57,0.8295,0.9435,1.5035,1.6756
2024-12-31,1.0389,163.06,0.82918,0.9412,1.4948,1.6772
2025-01-02,1.0321,162.04,0.83118,0.9371,1.4885,1.6618
2025-01-03,1.0299,161.77,0.8299299999999999,0.9362,1.4842,1.6556
2025-01-06,1.0426,163.25,0.8309800000000001,0.9396,1.4914,1.6555
2025-01-07,1.0393,163.86,0.8291500000000001,0.9426,1.4878,1.6557
2025-01-08,1.0286,162.94,0.83403,0.9379,1.4803,1.66
2025-01-09,1.0305,162.56,0.83808,0.9397,1.4831,1.663
2025-01-10,1.0304,162.86,0.83693,0.9416,1.4845,1.6655
2025-01-13,1.0198,160.22,0.8416,0.9346,1.4699,1.6578
2025-01-14,1.0245,161.63,0.84288,0.9395,1.4744,1.6601
2025-01-15,1.03,161.75,0.84313,0.9394,1.4784,1.6616
2025-01-16,1.0272,160.46,0.84258,0.9376,1.4776,1.6574
2025-01-17,1.0298,160.23,0.84453,0.9394,1.4864,1.6646
2025-01-20,1.0316,161.36,0.84588,0.9429,1.4924,1.6627
2025-01-21,1.0357,161.26,0.84553,0.9427,1.4963,1.6639
2025-01-22,1.0443,162.72,0.84466,0.9449,1.4972,1.6603
2025-01-23,1.0404,162.58,0.84468,0.9442,1.4984,1.6594
2025-01-24,1.0472,163.9,0.84413,0.9494,1.5015,1.66
2025-01-27,1.053,162.21,0.84106,0.9453,1.5096,1.67
2025-01-28,1.0421,161.86,0.83868,0.9441000000000001,1.5019,1.6698
2025-01-29,1.0396,161.5,0.83723,0.9429999999999999,1.5011,1.671
2025-01-30,1.0403,160.32,0.83685,0.9441000000000001,1.4997,1.6705
2025-01-31,1.0393,160.99,0.83608,0.9449,1.5035,1.6702
2025-02-03,1.0274,158.87,0.83136,0.9393,1.5051,1.6671
2025-02-04,1.0335,160.52,0.83188,0.9396,1.4894,1.6629
2025-02-05,1.0422,159.25,0.83085,0.9395,1.4876,1.658
2025-02-06,1.036,157.95,0.83688,0.9385,1.4865,1.6547
2025-02-07,1.0377,157.77,0.83353,0.9418,1.4883,1.6525
2025-02-10,1.032,156.92,0.83283,0.9396,1.4798,1.6448
2025-02-11,1.0324,157.28,0.83355,0.9429,1.4789,1.6442
2025-02-12,1.037,159.22,0.83338,0.9457,1.483,1.6525
2025-02-13,1.039,159.79,0.83313,0.9421,1.4844,1.6591
2025-02-14,1.0478,160.09,0.8321499999999999,0.9442,1.4856,1.6514
2025-02-17,1.0473,158.67,0.83133,0.944,1.4861,1.6456
2025-02-18,1.0447,158.55,0.83025,0.9425,1.4844,1.6466
2025-02-19,1.0434,158.41,0.82838,0.9435,1.4821,1.6419
2025-02-20,1.0443,156.6,0.82823,0.9423,1.4841,1.6382
2025-02-21,1.0465,157.46,0.8276,0.9419999999999999,1.4856,1.6394
2025-02-24,1.0466,156.81,0.8283,0.9415,1.4876,1.6434
2025-02-25,1.0497,157.19,0.82908,0.9386,1.4969,1.6538
2025-02-26,1.0487,156.7,0.82868,0.9392,1.5054,1.6622
2025-02-27,1.0477,156.73,0.82673,0.9407,1.504,1.6638
2025-02-28,1.0411,156.96,0.82608,0.9394,1.5019,1.6741
2025-03-03,1.0465,158.33,0.8253,0.9428,1.5104,1.6811
2025-03-04,1.0557,156.5,0.8278799999999999,0.9371,1.5224,1.6919
2025-03-05,1.0694,160.09,0.835,0.9514,1.5398,1.703
2025-03-06,1.0796,159.24,0.8379,0.9565,1.5509,1.7037
2025-03-07,1.0857,160.35,0.84088,0.9557,1.5566,1.7258
2025-03-10,1.0845,159.39,0.83849,0.9512,1.5642,1.7158
2025-03-11,1.0912,161.52,0.84374,0.9608,1.5731,1.7357
2025-03-12,1.0886,162.23,0.84078,0.9619,1.5684,1.7297
2025-03-13,1.083,160.64,0.83778,0.9579,1.5591,1.7264
2025-03-14,1.0889,161.88,0.84183,0.9641,1.5691,1.7237
2025-03-17,1.0903,162.26,0.84026,0.9616,1.5625,1.716
2025-03-18,1.0918,163.5,0.84173,0.9601,1.5599,1.7147
2025-03-19,1.0897,163.27,0.84078,0.9583,1.5606,1.7208
2025-03-20,1.0833,160.85,0.8369,0.9564,1.5592,1.7242
2025-03-21,1.0827,160.99,0.83765,0.9547,1.5551,1.724
2025-03-24,1.0824,162.15,0.83663,0.9544,1.552,1.7223
2025-03-25,1.0825,162.32,0.83565,0.9539,1.5459,1.7123
2025-03-26,1.0788,162.2,0.83623,0.9532,1.5387,1.7077
2025-03-27,1.0785,162.55,0.83318,0.9524,1.5425,1.7101
2025-03-28,1.0797,162.64,0.83358,0.9525,1.5444,1.712
2025-03-31,1.0815,161.6,0.83536,0.9530999999999999,1.5533,1.7318
2025-04-01,1.0788,160.93,0.83665,0.952,1.5529,1.7255
2025-04-02,1.0803,161.22,0.83455,0.9543,1.5479,1.7146
2025-04-03,1.1097,162.17,0.84163,0.9538,1.5636,1.7448
2025-04-04,1.1057,160.56,0.84985,0.9407,1.5696,1.8098
2025-04-07,1.0967,160.58,0.85588,0.9377,1.5657,1.8174
2025-04-08,1.095,160.65,0.85644,0.9349,1.5512,1.8073
2025-04-09,1.1045,159.61,0.86435,0.9278,1.5671,1.8391
2025-04-10,1.1082,161.28,0.85755,0.9298999999999999,1.5607,1.7905
2025-04-11,1.1346,162.07,0.86678,0.9252,1.5736,1.8201
2025-04-14,1.1377,162.97,0.86383,0.9329,1.5786,1.8034
2025-04-15,1.1324,161.85,0.8557,0.9242,1.5711,1.7794
2025-04-16,1.1355,162.09,0.8561800000000001,0.926,1.5807,1.7816
2025-04-17,1.136,161.98,0.85873,0.9291,1.5773,1.7845
2025-04-22,1.1476,161.05,0.85858,0.9318,1.5891,1.7945
2025-04-23,1.1415,161.68,0.85793,0.9382,1.5789,1.7814
2025-04-24,1.1376,162.16,0.855,0.9392,1.5769,1.7823
2025-04-25,1.1357,162.8,0.8531,0.9421,1.5754,1.7797
2025-04-28,1.1358,162.8,0.8514,0.9419999999999999,1.5744,1.7759
2025-04-29,1.1373,162.28,0.8498,0.9392,1.5746,1.7754
2025-04-30,1.1373,162.68,0.8518,0.9389,1.5728,1.7798
2025-05-02,1.1343,163.93,0.8532999999999999,0.9343,1.5675,1.762
2025-05-05,1.1343,163.19,0.8515,0.9336,1.566,1.7492
2025-05-06,1.1325,161.64,0.8469,0.9346,1.5629,1.7522
2025-05-07,1.136,162.89,0.8511,0.9359,1.5673,1.7553
2025-05-08,1.1297,163.45,0.8476,0.9325,1.5694,1.7605
2025-05-09,1.1252,163.36,0.8477,0.9353,1.5658,1.7572
2025-05-12,1.1106,164.46,0.8429,0.9369,1.5531,1.7384
2025-05-13,1.1112,164.61,0.8406,0.9358,1.5552,1.7341
2025-05-14,1.1214,164.01,0.8415,0.9389999999999999,1.5632,1.734
2025-05-15,1.1185,163.3,0.8424,0.9377,1.5645,1.7457
2025-05-16,1.1194,163.05,0.8427,0.9381,1.564,1.7458
2025-05-19,1.1262,163.26,0.8419,0.9394,1.5707,1.7471
2025-05-20,1.1241,162.59,0.8418,0.9366,1.5683,1.7538
2025-05-21,1.1321,162.76,0.8446,0.9352,1.5721,1.7569
2025-05-22,1.1309,162.19,0.8427,0.9343,1.568,1.7608
2025-05-23,1.1301,161.13,0.8381999999999999,0.9298999999999999,1.563,1.7569
2025-05-26,1.1381,162.63,0.8391999999999999,0.9356,1.5614,1.7488
2025-05-27,1.1356,163.72,0.8381,0.9386,1.5642,1.7624
2025-05-28,1.1317,163.43,0.8398,0.9364,1.5649,1.758
2025-05-29,1.1281,163.47,0.8377,0.9339,1.5594,1.7513
2025-05-30,1.1339,162.96,0.8411999999999999,0.9341,1.5656,1.7647
2025-06-02,1.1419,162.98,0.8434,0.9336,1.5643,1.7606
2025-06-03,1.1386,163,0.8436,0.9358,1.5643,1.764
2025-06-04,1.1384,164.15,0.8421,0.9370000000000001,1.5601,1.7552
2025-06-05,1.1423,163.66,0.8419,0.9365,1.5603,1.755
2025-06-06,1.1411,164.62,0.8426,0.9383,1.563,1.7592
2025-06-09,1.141,164.88,0.8424,0.9369,1.5615,1.7514
2025-06-10,1.1429,165.23,0.8464,0.9389,1.5647,1.7529
2025-06-11,1.1433,166.17,0.8476,0.9405,1.5647,1.7578
2025-06-12,1.1594,166.64,0.8538,0.9427,1.5807,1.7799
2025-06-13,1.1512,165.94,0.8505,0.9359,1.569,1.7777
2025-06-16,1.1574,166.89,0.8522999999999999,0.9393,1.5701,1.7732
2025-06-17,1.1568,167.35,0.8525,0.9406,1.5688,1.7693
2025-06-18,1.1508,166.67,0.8552,0.9403,1.5714,1.7703
2025-06-19,1.1478,167.2,0.8541,0.9389,1.5735,1.7744
2025-06-20,1.1515,167.67,0.8537,0.9415,1.5793,1.7754
2025-06-23,1.1472,169.27,0.8567,0.9387,1.5818,1.7963
2025-06-24,1.1607,168.27,0.8527,0.9387,1.5915,1.7834
2025-06-25,1.1598,169.07,0.8526,0.9361,1.5928,1.7854
2025-06-26,1.1695,168.92,0.8535,0.9379,1.6008,1.7906
2025-06-27,1.1704,169.24,0.8529,0.9359,1.5977,1.7912
2025-06-30,1.172,169.17,0.8555,0.9347,1.6027,1.7948
2025-07-01,1.181,168.7,0.8588,0.9324,1.6076,1.7935
2025-07-02,1.1755,169.45,0.8605,0.9330000000000001,1.6041,1.7934
2025-07-03,1.1782,169.58,0.8629,0.9351,1.601,1.7928
2025-07-04,1.1767,169.92,0.8625,0.9346,1.5995,1.7948
2025-07-07,1.1728,170.71,0.8611,0.9354,1.6016,1.8043
2025-07-08,1.1718,171.7,0.8632,0.9351,1.6006,1.7925
2025-07-09,1.1698,171.63,0.8613,0.9325,1.603,1.7938
2025-07-10,1.1709,171.33,0.8627,0.9320000000000001,1.6028,1.7873
2025-07-11,1.1683,171.81,0.8657,0.931,1.6007,1.7777
2025-07-14,1.169,172.27,0.8667,0.9307,1.5984,1.7806
2025-07-15,1.1665,172.58,0.8679,0.9298999999999999,1.5973,1.7785
2025-07-16,1.1602,172.56,0.8659,0.9326,1.5924,1.7794
2025-07-17,1.1579,172.28,0.8643999999999999,0.9323,1.5937,1.7923
2025-07-18,1.165,172.94,0.8656,0.9324,1.5984,1.7852
2025-07-21,1.1667,172.02,0.8656,0.9325,1.599,1.7883
2025-07-22,1.1699,172.17,0.8675,0.9326,1.5993,1.7944
2025-07-23,1.1726,171.53,0.8665,0.9306,1.5928,1.7776
2025-07-24,1.1756,172.22,0.8675,0.9341,1.6009,1.7771
2025-07-25,1.1724,173.11,0.8715000000000001,0.9343,1.6035,1.7852
2025-07-28,1.1654,172.65,0.8679,0.9334,1.5992,1.7853
2025-07-29,1.1533,171.58,0.865,0.9305,1.5887,1.7753
2025-07-30,1.1527,170.96,0.8622,0.9301,1.59,1.7775
2025-07-31,1.1446,171.52,0.8649,0.9297,1.5838,1.7762
2025-08-01,1.1404,171.61,0.8665,0.9312,1.5822,1.7756
2025-08-04,1.1565,170.45,0.8704,0.9344,1.5934,1.7846
2025-08-05,1.1546,170.42,0.8693,0.9347,1.5928,1.786
2025-08-06,1.1604,171.22,0.8717,0.9369,1.5967,1.7844
2025-08-07,1.1643,171.6,0.8673,0.9413,1.6001,1.7852
2025-08-08,1.1648,172.18,0.8671,0.9409999999999999,1.6003,1.7857
2025-08-11,1.1622,171.86,0.8656,0.9429999999999999,1.602,1.7858
2025-08-12,1.1606,172.3,0.8621,0.9418,1.6015,1.7887
2025-08-13,1.1711,172.47,0.8631,0.9409,1.6114,1.7872
2025-08-14,1.169,171.3,0.861,0.9415,1.6113,1.7918
2025-08-15,1.1688,171.81,0.8622,0.9418,1.612,1.7947
2025-08-18,1.1673,172.27,0.8621,0.9423,1.6098,1.7931
2025-08-19,1.1682,172.67,0.864,0.9409,1.6133,1.7994
2025-08-20,1.1651,171.77,0.8645,0.9403,1.6156,1.8094
2025-08-21,1.1639,172.09,0.8653999999999999,0.9389,1.6164,1.8118
2025-08-22,1.1608,172.6,0.8653,0.9383,1.6151,1.8068
2025-08-25,1.1697,172.36,0.8659,0.9385,1.6171,1.8005
2025-08-26,1.1656,171.77,0.8642,0.9376,1.6137,1.7956
2025-08-27,1.1593,171.63,0.8626,0.9350000000000001,1.6056,1.7916
2025-08-28,1.1676,171.48,0.8637,0.9353,1.6062,1.788
2025-08-29,1.1658,171.72,0.8668,0.9364,1.6031,1.7865
2025-09-01,1.1715,172.47,0.8662,0.9383,1.6105,1.7885
2025-09-02,1.1646,173.1,0.8702,0.9366,1.6056,1.7897
2025-09-03,1.1653,173.17,0.8687,0.9374,1.6079,1.7823
2025-09-04,1.1647,172.76,0.8663,0.9383,1.6094,1.787
2025-09-05,1.1697,173.09,0.8678,0.9389999999999999,1.6138,1.787
2025-09-08,1.1728,173.39,0.8669,0.9328,1.619,1.7799
2025-09-09,1.1744,172.36,0.8663,0.9331,1.622,1.7771
2025-09-10,1.1707,172.67,0.865,0.9338,1.6224,1.772
2025-09-11,1.1685,172.88,0.8647,0.9346,1.6222,1.7697
2025-09-12,1.1718,173.33,0.8653,0.9347,1.6227,1.7646
2025-09-15,1.1766,173.38,0.8641,0.9353,1.6262,1.7659
2025-09-16,1.1807,173.55,0.8656,0.9336,1.6233,1.7698
2025-09-17,1.1837,173.28,0.8675,0.9317,1.6281,1.7728
2025-09-18,1.1818,174.24,0.868,0.9331,1.6288,1.7781
2025-09-19,1.1736,173.79,0.8708,0.9344,1.6214,1.7802
2025-09-22,1.1781,174.17,0.8729,0.9348,1.6272,1.7865
2025-09-23,1.1793,174.3,0.8729,0.9344,1.6307,1.7854
2025-09-24,1.1756,174.51,0.8731,0.9335,1.6302,1.7791
2025-09-25,1.1739,174.7,0.8748,0.9344,1.631,1.7832
2025-09-26,1.1672,174.79,0.874,0.9332,1.628,1.7881
2025-09-29,1.1723,174.38,0.8723,0.9357,1.6333,1.7859
2025-09-30,1.1741,173.76,0.8734,0.9364,1.6346,1.776
2025-10-01,1.1724,172.47,0.8704,0.9365,1.6337,1.7741
2025-10-02,1.1754,172.53,0.8721,0.9350000000000001,1.6387,1.7786
2025-10-03,1.1734,172.9,0.8726,0.9343,1.6387,1.7771
2025-10-06,1.1678,175.22,0.8695000000000001,0.9314,1.6304,1.7698
2025-10-07,1.1666,176.05,0.8703,0.9314,1.628,1.7708
2025-10-08,1.1627,177.53,0.8671,0.9305,1.621,1.7689
2025-10-09,1.1611,177.4,0.8683,0.9308999999999999,1.6198,1.76
2025-10-10,1.1568,176.46,0.8709,0.9324,1.6218,1.765
2025-10-13,1.1569,175.98,0.8677,0.9304,1.6207,1.7775
2025-10-14,1.1553,175.72,0.8712,0.9296,1.6249,1.7906
2025-10-15,1.1622,176.13,0.8705000000000001,0.9305,1.6323,1.7839
2025-10-16,1.1649,176.23,0.8676,0.9302,1.637,1.7926
2025-10-17,1.1681,175.7,0.8695000000000001,0.9257,1.6393,1.7995
2025-10-20,1.1655,175.71,0.8691,0.9239000000000001,1.6368,1.7965
2025-10-21,1.1607,176.45,0.8678,0.923,1.6301,1.7885
2025-10-22,1.1587,175.92,0.8689,0.9228,1.6254,1.7864
2025-10-23,1.1593,176.94,0.8691,0.9249000000000001,1.6221,1.7825
2025-10-24,1.1612,177.55,0.8726,0.9248,1.6286,1.7862
2025-10-27,1.164,177.93,0.8721,0.9264,1.6276,1.7747
2025-10-28,1.163,177.11,0.876,0.9262,1.6284,1.7745
2025-10-29,1.1636,177.07,0.8807,0.9278,1.6207,1.7631
2025-10-30,1.155,178.37,0.8801,0.9281,1.6179,1.7672
2025-10-31,1.1554,178.14,0.8816000000000001,0.9287,1.6207,1.7672
2025-11-03,1.1514,177.57,0.8764999999999999,0.9298,1.617,1.7597
2025-11-04,1.1491,176.39,0.8794999999999999,0.9295,1.6178,1.7691
2025-11-05,1.1492,176.67,0.881,0.9307,1.6238,1.7724
2025-11-06,1.1533,177.15,0.8807,0.9316,1.6252,1.7697
2025-11-07,1.1561,176.99,0.8811,0.9312,1.6311,1.7838
2025-11-10,1.1571,178.31,0.8778,0.9318,1.6213,1.771
2025-11-11,1.1575,178.46,0.8804,0.9278,1.6234,1.7738
2025-11-12,1.1576,179.19,0.8823,0.925,1.6216,1.7696
2025-11-13,1.1619,179.57,0.8819,0.9244,1.6272,1.7722
2025-11-14,1.1648,179.22,0.8846000000000001,0.9185,1.6331,1.7847
2025-11-17,1.1593,179.57,0.8794999999999999,0.9225,1.627,1.7798
2025-11-18,1.159,179.94,0.8821,0.9233,1.6257,1.783
2025-11-19,1.1583,180.85,0.8827,0.9284,1.623,1.7853
2025-11-20,1.1514,181.47,0.8815,0.9294,1.6194,1.7773
2025-11-21,1.152,180.56,0.8803,0.9288999999999999,1.6226,1.7873
2025-11-24,1.1544,181.22,0.8804,0.9324,1.6279,1.7878
2025-11-25,1.1551,180.42,0.8788,0.9345,1.6301,1.7877
2025-11-26,1.1577,181.09,0.8776,0.9341,1.6309,1.7818
2025-11-27,1.1586,181.11,0.8754,0.9337,1.6273,1.7753
2025-11-28,1.1566,180.57,0.8752,0.9318,1.621,1.7721
2025-12-01,1.1646,180.28,0.8778,0.9323,1.6259,1.774
2025-12-02,1.1614,181.26,0.8796,0.9346,1.6264,1.7723
2025-12-03,1.1668,181.28,0.8766,0.9336,1.627,1.77
2025-12-04,1.1666,180.55,0.8745000000000001,0.9340000000000001,1.6299,1.7657
2025-12-05,1.1645,180.76,0.8727,0.9365,1.623,1.7546
2025-12-08,1.1655,181.29,0.8746,0.9388,1.609,1.7549
2025-12-09,1.1637,181.96,0.8735000000000001,0.9385,1.6114,1.7532
2025-12-10,1.1634,182.32,0.8741,0.9356,1.6108,1.7513
2025-12-11,1.1714,182.25,0.8751,0.9333,1.6164,1.7601
2025-12-12,1.1731,182.99,0.8767,0.9333,1.6139,1.7594
2025-12-15,1.1753,182.32,0.8779,0.9355,1.6169,1.7669
2025-12-16,1.1776,182.07,0.8764,0.9351,1.6206,1.7737
2025-12-17,1.1722,182.38,0.8784999999999999,0.9332,1.6165,1.7704
2025-12-18,1.1719,182.55,0.8746,0.9316,1.6161,1.7734
2025-12-19,1.1712,184.15,0.876,0.9318,1.6155,1.7739
2025-12-22,1.1745,184.77,0.8742,0.9316,1.6168,1.7667
2025-12-23,1.1786,183.89,0.8729,0.9287,1.6148,1.7607
2025-12-24,1.1787,183.83,0.8729,0.9284,1.6128,1.7587
2025-12-29,1.1766,183.97,0.8726,0.9293,1.6106,1.7583
2025-12-30,1.1757,183.48,0.8712,0.9293,1.6104,1.7543
2025-12-31,1.175,184.09,0.8726,0.9314,1.6088,1.7581
2026-01-02,1.1721,183.94,0.8719,0.9296,1.6097,1.7508
2026-01-05,1.1664,182.93,0.8676,0.9288999999999999,1.6087,1.7492
2026-01-06,1.1707,183.14,0.8663,0.9287,1.6129,1.7422
2026-01-07,1.1684,182.91,0.8663999999999999,0.9304,1.6135,1.7367
2026-01-08,1.1675,182.97,0.8687,0.9312,1.6183,1.7433
2026-01-09,1.1642,183.52,0.8677,0.9314,1.6163,1.7441
2026-01-12,1.1692,184.42,0.8673999999999999,0.9313,1.6219,1.7409
2026-01-13,1.1654,185.12,0.866,0.9311,1.6172,1.7394
2026-01-14,1.1651,184.82,0.8668,0.9333,1.6169,1.745
2026-01-15,1.1624,184.31,0.8673999999999999,0.9314,1.6162,1.7382
2026-01-16,1.1617,183.67,0.867,0.9313,1.6135,1.7344
2026-01-19,1.1631,183.69,0.8671,0.9282,1.6149,1.7342
2026-01-20,1.1728,185.18,0.8722,0.9268,1.6215,1.742
2026-01-21,1.1739,185.23,0.8744,0.9268,1.6192,1.734
2026-01-22,1.1706,185.88,0.8722,0.9283,1.6171,1.7197
2026-01-23,1.1742,185.71,0.8681,0.9277,1.6161,1.7104
2026-01-26,1.1836,182.52,0.8675,0.9223,1.623,1.7133
2026-01-27,1.1929,182.92,0.8683,0.9197,1.6316,1.7167
2026-01-28,1.1974,182.76,0.8685,0.9188,1.6242,1.7107
2026-01-29,1.1968,183.48,0.8662,0.9182,1.6186,1.6935
2026-01-30,1.1919,183.59,0.8662,0.9157,1.612,1.7001
2026-02-02,1.184,183.59,0.8658,0.9199000000000001,1.6157,1.7042
2026-02-03,1.1801,183.92,0.8623,0.9173,1.6116,1.683
2026-02-04,1.182,185.15,0.8616,0.9167999999999999,1.6138,1.6814
2026-02-05,1.1798,185.11,0.8691,0.9161,1.6144,1.6922
2026-02-06,1.1794,185.27,0.8679,0.9175,1.6118,1.688
2026-02-09,1.1886,185.65,0.8701,0.915,1.6174,1.6843
2026-02-10,1.1894,184.51,0.8695000000000001,0.9123,1.6141,1.683
2026-02-11,1.19,182.79,0.8699,0.9136,1.6138,1.6737
2026-02-12,1.1874,182.52,0.8711,0.9142,1.6128,1.6678
2026-02-13,1.1862,181.83,0.8716,0.9121,1.6161,1.6824
2026-02-16,1.1855,181.79,0.869,0.9129,1.6155,1.6731
2026-02-17,1.1826,181.06,0.8733,0.9116,1.6149,1.6776
2026-02-18,1.1845,181.99,0.8724,0.9124,1.6164,1.6748
2026-02-19,1.1753,182.05,0.8738,0.9119,1.6107,1.6698
2026-02-20,1.1767,182.63,0.8728,0.9132,1.6112,1.6697
2026-02-23,1.1784,182.44,0.8734,0.9145,1.6132,1.6669
2026-02-24,1.1777,183.53,0.8731,0.912,1.6148,1.6718
2026-02-25,1.1784,184.7,0.8714,0.913,1.6133,1.6617
2026-02-26,1.1814,184.37,0.8719,0.914,1.6155,1.6592
2026-02-27,1.1805,184.13,0.8763,0.9104,1.6139,1.6612
2026-03-02,1.1698,184.19,0.8739,0.9117,1.5991,1.6579
2026-03-03,1.1606,182.98,0.8717,0.9107,1.5883,1.6534
2026-03-04,1.1649,183.02,0.8705000000000001,0.9082,1.591,1.6503
2026-03-05,1.1618,183.03,0.8695000000000001,0.9064,1.5828,1.649
2026-03-06,1.1561,182.57,0.86693,0.9045,1.5782,1.6501
2026-03-09,1.1555,183.15,0.8653,0.9008,1.568,1.6465
2026-03-10,1.1641,183.67,0.8654500000000001,0.9026999999999999,1.5777,1.6355
2026-03-11,1.1581,183.63,0.86363,0.9031,1.5742,1.6195
2026-03-12,1.1547,183.43,0.86243,0.9028,1.5706,1.619
2026-03-13,1.1476,182.85,0.86503,0.9034,1.5726,1.6293
2026-03-16,1.1478,182.66,0.86408,0.9041,1.5703,1.6272
2026-03-17,1.1531,183.29,0.8643,0.9068000000000001,1.5804,1.6227
2026-03-18,1.15,183.49,0.86393,0.9073,1.5774,1.6305
2026-03-19,1.1489,182.46,0.86388,0.9121,1.577,1.6403
2026-03-20,1.1555,183.46,0.86438,0.9096,1.5849,1.6351
2026-03-23,1.1596,183.86,0.8642,0.9124,1.5896,1.6519
2026-03-24,1.1572,183.91,0.86541,0.9145,1.591,1.6652
2026-03-25,1.1592,184.27,0.86558,0.9153,1.5977,1.6647
2026-03-26,1.1539,184.19,0.86515,0.9151,1.5964,1.6693
2026-03-27,1.1517,184.16,0.8672,0.9177999999999999,1.5974,1.6731
2026-03-30,1.1484,183.12,0.86803,0.9187,1.5987,1.674
2026-03-31,1.1498,183.39,0.86833,0.9194,1.6022,1.6693
2026-04-01,1.1605,183.73,0.87113,0.9191,1.6124,1.6689
2026-04-02,1.1525,183.94,0.87253,0.9213,1.603,1.6771
2026-04-07,1.1557,184.73,0.87258,0.9242,1.6078,1.6665
2026-04-08,1.1706,185.13,0.86893,0.9223,1.6225,1.6589
2026-04-09,1.1685,185.7,0.87053,0.924,1.6175,1.6593
2026-04-10,1.1711,186.43,0.87105,0.9241,1.6187,1.6561
2026-04-13,1.1684,186.75,0.87058,0.9242,1.6177,1.661
2026-04-14,1.1793,187.33,0.86913,0.921,1.6225,1.6558
2026-04-15,1.178,187.41,0.86935,0.922,1.6235,1.6507
2026-04-16,1.1782,187.31,0.86993,0.923,1.6174,1.6425
2026-04-17,1.1797,187.72,0.87168,0.9231,1.6129,1.6438
2026-04-20,1.176,186.88,0.8704499999999999,0.9189000000000001,1.6105,1.6432
2026-04-21,1.1767,187.14,0.87035,0.9172,1.607,1.6423
2026-04-22,1.1733,186.81,0.86903,0.9175,1.6034,1.6404
2026-04-23,1.1694,186.5,0.86575,0.9177,1.5986,1.6347
2026-04-24,1.1712,186.71,0.86803,0.9199000000000001,1.6023,1.6393
2026-04-27,1.1749,187.06,0.8658,0.921,1.5979,1.6337
2026-04-28,1.168,186.58,0.86715,0.9238,1.5974,1.6327
2026-04-29,1.1706,187.05,0.86643,0.9236,1.6007,1.6344
2026-04-30,1.1702,183.21,0.86625,0.919,1.5994,1.6371
2026-05-04,1.17,183.83,0.86358,0.9173,1.593,1.6289
2026-05-05,1.1686,184.42,0.86343,0.9165,1.591,1.6299
2026-05-06,1.1762,183.74,0.8637,0.9165,1.5999,1.6238
2026-05-07,1.177,184.07,0.8641,0.9157,1.604,1.6219
2026-05-08,1.1761,184.37,0.8641,0.9156,1.6063,1.6259
2026-05-11,1.1765,184.87,0.86488,0.9163,1.6079,1.6249
2026-05-12,1.1738,184.98,0.86803,0.9172,1.6088,1.6252
2026-05-13,1.1715,184.83,0.86713,0.9155,1.6039,1.6158
2026-05-14,1.1702,184.83,0.8661799999999999,0.915,1.606,1.6162
2026-05-15,1.1628,184.36,0.8705000000000001,0.9144,1.5995,1.6265
2026-05-18,1.1648,184.93,0.8702,0.9144,1.6006,1.6256
2026-05-19,1.162,184.89,0.86671,0.915,1.5985,1.6327
2026-05-20,1.16,184.48,0.86555,0.9165,1.5959,1.6271
2026-05-21,1.1599,184.59,0.86433,0.9145,1.5972,1.6273
2026-05-22,1.1595,184.53,0.8641799999999999,0.9119,1.6002,1.6283
2026-05-25,1.1643,185.04,0.86255,0.9099,1.6082,1.624
2026-05-26,1.1634,185.22,0.86375,0.9136,1.6069,1.6236
2026-05-27,1.1637,185.52,0.8661799999999999,0.9153,1.6099,1.6321
2026-05-28,1.1617,185.24,0.86665,0.9167,1.6094,1.6318
2026-05-29,1.1644,185.45,0.8672299999999999,0.9111,1.6074,1.6238
2026-06-01,1.1646,185.74,0.86493,0.9127999999999999,1.6106,1.6234
2026-06-02,1.1649,186.09,0.86465,0.9149,1.6119,1.6221
2026-06-03,1.1614,185.66,0.8637,0.9167,1.6094,1.6218
2026-06-04,1.164,186.01,0.8649,0.9167999999999999,1.6176,1.6297
2026-06-05,1.164,186.08,0.86433,0.9175,1.6159,1.6301
2026-06-08,1.154,184.6,0.8636,0.9187,1.6083,1.6311
2026-06-09,1.1573,185.35,0.8633999999999999,0.9206,1.6111,1.6391
2026-06-10,1.1539,185.19,0.86228,0.9222,1.6073,1.6475
2026-06-11,1.1537,185.21,0.8633,0.9221,1.6127,1.6487
2026-06-12,1.1567,185.3,0.86305,0.9217,1.618,1.6442
2026-06-15,1.1607,185.93,0.86483,0.9212,1.6228,1.6424
2026-06-16,1.1594,185.94,0.86471,0.9224,1.6248,1.6411
2026-06-17,1.1591,185.82,0.86463,0.9193,1.6241,1.6418
2026-06-18,1.1461,184.44,0.86638,0.9218,1.6189,1.6362
2026-06-19,1.1467,184.88,0.86653,0.9248,1.6228,1.6348
2026-06-22,1.1456,185.33,0.86468,0.9257,1.6223,1.6346
2026-06-23,1.1392,184.02,0.862,0.9225,1.6162,1.6423
2026-06-24,1.134,183.35,0.86165,0.9216,1.614,1.6436
2026-06-25,1.1342,183.57,0.86183,0.9223,1.6151,1.6454
2026-06-26,1.1401,184.3,0.86253,0.9218,1.6169,1.6518
2026-06-29,1.1406,184.62,0.86215,0.9222,1.6201,1.6531
2026-06-30,1.1394,185.08,0.86178,0.9224,1.622,1.6544
2026-07-01,1.1383,185.21,0.85973,0.9234,1.6191,1.6518
2026-07-02,1.1399,184.19,0.85665,0.92,1.6203,1.6546
2026-07-03,1.1448,184.48,0.8572,0.919,1.6258,1.65
2026-07-06,1.1415,185.31,0.85538,0.9201,1.6236,1.6462
2026-07-07,1.1433,185.09,0.85411,0.9218,1.6255,1.6455
2026-07-08,1.1404,185.3,0.8543500000000001,0.9222,1.6176,1.6471
2026-07-09,1.1435,185.72,0.85363,0.9227,1.6202,1.6478
2026-07-10,1.143,185.02,0.85155,0.9223,1.6177,1.6447
2026-07-13,1.1424,185.23,0.8532999999999999,0.9253,1.6148,1.6454
2026-07-14,1.1405,185.01,0.85215,0.9257,1.6095,1.6428
2026-07-15,1.1406,185.22,0.85093,0.9256,1.6053,1.6335
2026-07-16,1.1467,185.99,0.84873,0.925,1.6082,1.6362
2026-07-17,1.1435,185.65,0.85098,0.9228,1.6035,1.6394
2026-07-20,1.1426,185.54,0.84888,0.9236,1.6032,1.6307
2026-07-21,1.1418,185.82,0.85205,0.9258999999999999,1.6069,1.6276
2026-07-22,1.1408,186.03,0.8534,0.9268,1.6071,1.6312
2026-07-23,1.1392,186.23,0.85318,0.9295,1.6034,1.6291
2026-07-24,1.1377,186.38,0.85388,0.9302,1.6026,1.6281
2026-07-27,1.1389,186.37,0.85524,0.9284,1.6064,1.6271
2026-07-28,1.1367,186.32,0.8555,0.9319,1.6036,1.6312
2026-07-29,1.138,186.27,0.8563499999999999,0.9332,1.6051,1.6397
2026-07-30,1.1476,186.99,0.85715,0.9324,1.6119,1.6439
2026-07-31,1.1485,184.03,0.85573,0.9304,1.6126,1.6365
2026-08-03,1.1535,180.73,0.85633,0.9320000000000001,1.6181,1.6463
2026-08-04,1.1515,181.26,0.85639,0.9319,1.6191,1.6377
2026-08-05,1.1554,182.08,0.8572,0.9345,1.623,1.6385
2026-08-06,1.1542,182.17,0.85705,0.9346,1.6156,1.639
2026-08-07,1.1535,182.64,0.85765,0.9347,1.616,1.6384
2026-08-10,1.1555,183.31,0.85565,0.9340000000000001,1.6108,1.6359
2026-08-11,1.154,183.72,0.85483,0.9351,1.6084,1.6336
2026-08-12,1.1545,183.67,0.85358,0.9366,1.6077,1.6327
2026-08-13,1.1534,183.77,0.8549,0.9373,1.6089,1.6356
2026-08-14,1.1567,183.93,0.8545,0.9389999999999999,1.6049,1.6333
2026-08-17,1.1593,184.59,0.855,0.9389,1.6067,1.6271
2026-08-18,1.1576,184.87,0.85585,0.9406,1.606,1.6278
2026-08-19,1.1605,184.62,0.85608,0.9402,1.6098,1.6401
2026-08-20,1.1681,185.45,0.85725,0.9333,1.6085,1.6438
2026-08-21,1.1699,185.66,0.8567,0.9353,1.6074,1.6321
2026-08-24,1.1664,185.6,0.8555,0.9362,1.6154,1.6287
2026-08-25,1.1662,185.7,0.8555,0.9361,1.6163,1.6303
2026-08-26,1.1669,185.62,0.8561299999999999,0.9379999999999999,1.6176,1.6241
2026-08-27,1.1645,185.61,0.8574000000000001,0.9376,1.6151,1.6196
2026-08-28,1.1643,185.92,0.8572,0.9364,1.613,1.6183
2026-08-31,1.1596,185.22,0.85648,0.9376,1.6102,1.6191
2026-09-01,1.159,185.63,0.85655,0.9394,1.6096,1.623
2026-09-02,1.1578,184.78,0.8587,0.9424,1.6122,1.6199
2026-09-03,1.1615,181.21,0.86055,0.9389999999999999,1.6019,1.6147
2026-09-04,1.1622,181.59,0.85898,0.9405,1.6038,1.6134
2026-09-07,1.1622,179.85,0.85894,0.9405,1.6062,1.6109
2026-09-08,1.1614,179.2,0.8574000000000001,0.9425,1.6033,1.6098
2026-09-09,1.1652,178.59,0.85898,0.9404,1.6043,1.6128
2026-09-10,1.1616,179.09,0.85915,0.9432,1.6049,1.6167
2026-09-11,1.1592,178.56,0.85815,0.9451000000000001,1.6064,1.6161
2026-09-14,1.1551,178.52,0.85598,0.9431,1.6041,1.6202
2026-09-15,1.1539,178.86,0.8558,0.9441000000000001,1.6062,1.6194
2026-09-16,1.1537,178.88,0.8574000000000001,0.9449,1.6082,1.6176
2026-09-17,1.1481,178.75,0.8583,0.9466,1.6068,1.6139
2026-09-18,1.146,180.94,0.8588,0.9462,1.6056,1.6095
2026-09-21,1.149,180.7,0.8578,0.9438,1.6091,1.6098
2026-09-22,1.1463,180.17,0.8578,0.9393,1.6099,1.6122
2026-09-23,1.1411,180.2,0.8595,0.9389999999999999,1.6077,1.6146
2026-09-24,1.1367,180.57,0.85986,0.9409,1.6047,1.6177
2026-09-25,1.1403,179.7,0.86045,0.9445,1.6127,1.622
2026-09-28,1.1378,178.5,0.85785,0.9464,1.6118,1.6199
2026-09-29,1.1355,178.41,0.8571800000000001,0.9461000000000001,1.6101,1.6211
2026-09-30,1.1355,178.27,0.85463,0.9478,1.6105,1.6297
