currency,split,episode_id,start_date,end_date,strategy,cost_bps,common_premium,premium_vol,pnl,loss,cost,gross_replication_pnl,turnover,trades
USD,validation,0,2017-01-02,2017-01-31,frozen_rolling63_daily,0,1.019570245082775,0.08853388650611861,-0.2622179191146614,0.2622179191146614,0,-0.2622179191146614,298.3305120889939,22
USD,validation,1,2017-01-31,2017-03-01,frozen_rolling63_daily,0,1.168379898069077,0.1014565652570547,0.3185226867033819,-0.3185226867033819,0,0.3185226867033819,158.0370518628692,22
USD,validation,2,2017-03-01,2017-03-30,frozen_rolling63_daily,0,1.147416848586097,0.09963610688449649,0.2522790523974692,-0.2522790523974692,0,0.2522790523974692,228.9699109589574,22
USD,validation,3,2017-03-30,2017-05-03,frozen_rolling63_daily,0,0.9648184406661287,0.08377930186691938,0.03615965206283533,-0.03615965206283533,0,0.03615965206283533,295.0734834729752,22
USD,validation,4,2017-05-03,2017-06-01,frozen_rolling63_daily,0,0.7934787240556034,0.06890059973989822,-0.03093382873166206,0.03093382873166206,0,-0.03093382873166206,245.1944493917036,22
USD,validation,5,2017-06-01,2017-06-30,frozen_rolling63_daily,0,0.7607292656108555,0.06605675893102921,0.05065988537178612,-0.05065988537178612,0,0.05065988537178612,304.179452865608,22
USD,validation,6,2017-06-30,2017-07-31,frozen_rolling63_daily,0,0.7058186216879108,0.06128854817359929,-0.1752152245955614,0.1752152245955614,0,-0.1752152245955614,291.6669575999758,22
USD,validation,7,2017-07-31,2017-08-29,frozen_rolling63_daily,0,0.7222407445423897,0.06271457352228163,0.07725657650063056,-0.07725657650063056,0,0.07725657650063056,316.1763858101912,22
USD,validation,8,2017-08-29,2017-09-27,frozen_rolling63_daily,0,0.7652385343416341,0.06644832633556184,-0.3878928321757257,0.3878928321757257,0,-0.3878928321757257,272.9685133268565,22
USD,validation,9,2017-09-27,2017-10-26,frozen_rolling63_daily,0,0.9164720876087884,0.07958099223870733,0.4629942812603218,-0.4629942812603218,0,0.4629942812603218,296.3728486813347,22
USD,validation,10,2017-10-26,2017-11-24,frozen_rolling63_daily,0,0.8661951383352289,0.07521506411021012,-0.1508547873630306,0.1508547873630306,0,-0.1508547873630306,367.833581127126,22
USD,validation,11,2017-11-24,2017-12-27,frozen_rolling63_daily,0,0.8949055505462269,0.0777082027860693,0.4209763918949392,-0.4209763918949392,0,0.4209763918949392,234.1915980106644,22
USD,validation,12,2017-12-27,2018-01-26,frozen_rolling63_daily,0,0.7537689572793198,0.06545235316924064,-0.1234170481688608,0.1234170481688608,0,-0.1234170481688608,262.156440316948,22
USD,validation,13,2018-01-26,2018-02-26,frozen_rolling63_daily,0,0.8439163526982014,0.07328043814421953,-0.08373343167750624,0.08373343167750624,0,-0.08373343167750624,237.8465851282656,22
USD,validation,14,2018-02-26,2018-03-27,frozen_rolling63_daily,0,0.8214878121724851,0.07133281366380059,0.01316532757078903,-0.01316532757078903,0,0.01316532757078903,348.5465510884226,22
USD,validation,15,2018-03-27,2018-04-27,frozen_rolling63_daily,0,0.8825005051698867,0.07663097919623478,0.1975974232334591,-0.1975974232334591,0,0.1975974232334591,192.9039633629378,22
USD,validation,16,2018-04-27,2018-05-29,frozen_rolling63_daily,0,0.8127553431567023,0.07057451483360759,-0.03085583065819007,0.03085583065819007,0,-0.03085583065819007,136.8796366420073,22
USD,validation,17,2018-05-29,2018-06-27,frozen_rolling63_daily,0,0.8075496782538991,0.07012247245228501,-0.3294510501192889,0.3294510501192889,0,-0.3294510501192889,376.0068372551689,22
USD,validation,18,2018-06-27,2018-07-26,frozen_rolling63_daily,0,0.8594149030337235,0.07462628727288742,0.04610966547680562,-0.04610966547680562,0,0.04610966547680562,334.8091102093533,22
USD,validation,19,2018-07-26,2018-08-24,frozen_rolling63_daily,0,0.8887230973077465,0.07717133353953876,-0.09477710387094673,0.09477710387094673,0,-0.09477710387094673,171.4894886443743,22
USD,validation,20,2018-08-24,2018-09-24,frozen_rolling63_daily,0,0.9436330059385369,0.0819395934370489,0.2232533968486337,-0.2232533968486337,0,0.2232533968486337,294.855805895215,22
USD,validation,21,2018-09-24,2018-10-23,frozen_rolling63_daily,0,0.8394419868897955,0.07289189772030455,0.003090844864039131,-0.003090844864039131,0,0.003090844864039131,122.174932284322,22
USD,validation,22,2018-10-23,2018-11-21,frozen_rolling63_daily,0,0.8174119972136538,0.07097888321943249,-0.03856767339489409,0.03856767339489409,0,-0.03856767339489409,243.2704584812237,22
USD,validation,23,2018-11-21,2018-12-20,frozen_rolling63_daily,0,0.7640131516420681,0.06634191883440189,0.007134736148110221,-0.007134736148110221,0,0.007134736148110221,304.941524768084,22
USD,validation,24,2018-12-20,2019-01-23,frozen_rolling63_daily,0,0.7898837843682571,0.06858842802878308,0.1687072559972513,-0.1687072559972513,0,0.1687072559972513,218.4006829710626,22
USD,validation,25,2019-01-23,2019-02-21,frozen_rolling63_daily,0,0.7643889263336519,0.06637454965570014,0.3397325542240885,-0.3397325542240885,0,0.3397325542240885,230.9876805729933,22
USD,validation,26,2019-02-21,2019-03-22,frozen_rolling63_daily,0,0.6668755273558418,0.05790691039584236,0.01498363381440981,-0.01498363381440981,0,0.01498363381440981,280.2801596181428,22
USD,validation,27,2019-03-22,2019-04-24,frozen_rolling63_daily,0,0.5828877698002231,0.05061384878617129,0.1304294749793877,-0.1304294749793877,0,0.1304294749793877,218.3133406774814,22
USD,validation,28,2019-04-24,2019-05-24,frozen_rolling63_daily,0,0.5224851750949497,0.04536883563065042,-0.01240763083125773,0.01240763083125773,0,-0.01240763083125773,249.9030309262793,22
USD,validation,29,2019-05-24,2019-06-24,frozen_rolling63_daily,0,0.531556053524568,0.04615649669495694,-0.1341476078574715,0.1341476078574715,0,-0.1341476078574715,325.2240887535964,22
USD,validation,30,2019-06-24,2019-07-23,frozen_rolling63_daily,0,0.5576956585102266,0.04842630769879704,0.04440152103762893,-0.04440152103762893,0,0.04440152103762893,128.8081265252988,22
USD,validation,31,2019-07-23,2019-08-21,frozen_rolling63_daily,0,0.5565720525925855,0.04832874020203033,-0.205201592533158,0.205201592533158,0,-0.205201592533158,258.4183349115908,22
USD,validation,32,2019-08-21,2019-09-19,frozen_rolling63_daily,0,0.6021707671853065,0.05228827909417299,-0.1862949674881342,0.1862949674881342,0,-0.1862949674881342,264.7169716141042,22
USD,validation,33,2019-09-19,2019-10-18,frozen_rolling63_daily,0,0.662354979150706,0.05751436785528586,0.008328189052321022,-0.008328189052321022,0,0.008328189052321022,311.6081942863337,22
USD,validation,34,2019-10-18,2019-11-18,frozen_rolling63_daily,0,0.684418531141695,0.05943026176225305,0.1986480883156726,-0.1986480883156726,0,0.1986480883156726,158.9977286769422,22
USD,validation,35,2019-11-18,2019-12-17,frozen_rolling63_daily,0,0.603156883906145,0.05237390817239662,0.1231539830037178,-0.1231539830037178,0,0.1231539830037178,290.5514538941871,22
USD,validation,36,2019-12-17,2020-01-20,frozen_rolling63_daily,0,0.4859260981866669,0.04219426894723551,-0.244157983046732,0.244157983046732,0,-0.244157983046732,337.9240949407084,22
USD,validation,37,2020-01-20,2020-02-18,frozen_rolling63_daily,0,0.5087377304250964,0.04417509051822137,0.04789301468851256,-0.04789301468851256,0,0.04789301468851256,157.7847885935975,22
USD,validation,38,2020-02-18,2020-03-18,frozen_rolling63_daily,0,0.5147016199298378,0.04469295852027797,-0.1026189216138391,0.1026189216138391,0,-0.1026189216138391,217.2617542532665,22
USD,validation,39,2020-03-18,2020-04-20,frozen_rolling63_daily,0,0.8946164677417983,0.07768309952599686,-0.3666392376935832,0.3666392376935832,0,-0.3666392376935832,316.7379478568912,22
USD,validation,40,2020-04-20,2020-05-20,frozen_rolling63_daily,0,1.07792799529502,0.0936016533512031,0.113927789059872,-0.113927789059872,0,0.113927789059872,350.8633903575875,22
USD,validation,41,2020-05-20,2020-06-18,frozen_rolling63_daily,0,1.168595821020453,0.1014753163220898,0.09521991951531561,-0.09521991951531561,0,0.09521991951531561,234.0205421460276,22
USD,validation,42,2020-06-18,2020-07-17,frozen_rolling63_daily,0,1.021363110855056,0.08868957763055126,0.0193890501381162,-0.0193890501381162,0,0.0193890501381162,331.7621335538528,22
USD,validation,43,2020-07-17,2020-08-17,frozen_rolling63_daily,0,0.927720427959656,0.08055777505194592,-0.1267254448268744,0.1267254448268744,0,-0.1267254448268744,220.0842494273297,22
USD,validation,44,2020-08-17,2020-09-15,frozen_rolling63_daily,0,0.9702554350028265,0.08425144249153997,0.2961119821642839,-0.2961119821642839,0,0.2961119821642839,307.0894102936212,22
USD,validation,45,2020-09-15,2020-10-14,frozen_rolling63_daily,0,0.9534795448824767,0.08279465001445441,0.3517942459043004,-0.3517942459043004,0,0.3517942459043004,154.0533775382302,22
USD,validation,46,2020-10-14,2020-11-12,frozen_rolling63_daily,0,0.8403172557294596,0.07296790340685112,0.05411574498070593,-0.05411574498070593,0,0.05411574498070593,306.1198787479063,22
USD,validation,47,2020-11-12,2020-12-11,frozen_rolling63_daily,0,0.75213139366344,0.0653101536670658,0.09193488043970888,-0.09193488043970888,0,0.09193488043970888,233.9320979746607,22
USD,validation,0,2017-01-02,2017-01-31,rolling63_daily,0,1.019570245082775,0.08853388650611861,-0.2697023100207048,0.2697023100207048,0,-0.2697023100207048,296.307124613044,22
USD,validation,1,2017-01-31,2017-03-01,rolling63_daily,0,1.168379898069077,0.1014565652570547,0.3228355982894423,-0.3228355982894423,0,0.3228355982894423,158.7506666147101,22
USD,validation,2,2017-03-01,2017-03-30,rolling63_daily,0,1.147416848586097,0.09963610688449649,0.3213239230073981,-0.3213239230073981,0,0.3213239230073981,227.395452119422,22
USD,validation,3,2017-03-30,2017-05-03,rolling63_daily,0,0.9648184406661287,0.08377930186691938,-0.006214590442624512,0.006214590442624512,0,-0.006214590442624512,303.7643699560938,22
USD,validation,4,2017-05-03,2017-06-01,rolling63_daily,0,0.7934787240556034,0.06890059973989822,-0.03873752347691095,0.03873752347691095,0,-0.03873752347691095,245.5586299537427,22
USD,validation,5,2017-06-01,2017-06-30,rolling63_daily,0,0.7607292656108555,0.06605675893102921,0.05147358341001507,-0.05147358341001507,0,0.05147358341001507,307.8806364037699,22
USD,validation,6,2017-06-30,2017-07-31,rolling63_daily,0,0.7058186216879108,0.06128854817359929,-0.1766782816326042,0.1766782816326042,0,-0.1766782816326042,291.6965705243678,22
USD,validation,7,2017-07-31,2017-08-29,rolling63_daily,0,0.7222407445423897,0.06271457352228163,0.08721290426024098,-0.08721290426024098,0,0.08721290426024098,316.9202920275075,22
USD,validation,8,2017-08-29,2017-09-27,rolling63_daily,0,0.7652385343416341,0.06644832633556184,-0.3761496522815078,0.3761496522815078,0,-0.3761496522815078,263.2451829195427,22
USD,validation,9,2017-09-27,2017-10-26,rolling63_daily,0,0.9164720876087884,0.07958099223870733,0.4506409168736383,-0.4506409168736383,0,0.4506409168736383,300.9499477050334,22
USD,validation,10,2017-10-26,2017-11-24,rolling63_daily,0,0.8661951383352289,0.07521506411021012,-0.1334134099904816,0.1334134099904816,0,-0.1334134099904816,358.8838570774988,22
USD,validation,11,2017-11-24,2017-12-27,rolling63_daily,0,0.8949055505462269,0.0777082027860693,0.3838522364308652,-0.3838522364308652,0,0.3838522364308652,242.2234591475218,22
USD,validation,12,2017-12-27,2018-01-26,rolling63_daily,0,0.7537689572793198,0.06545235316924064,-0.1430063443995806,0.1430063443995806,0,-0.1430063443995806,262.4013853876925,22
USD,validation,13,2018-01-26,2018-02-26,rolling63_daily,0,0.8439163526982014,0.07328043814421953,-0.0933027389864679,0.0933027389864679,0,-0.0933027389864679,240.3614034705552,22
USD,validation,14,2018-02-26,2018-03-27,rolling63_daily,0,0.8214878121724851,0.07133281366380059,0.03004686562313452,-0.03004686562313452,0,0.03004686562313452,339.266760134772,22
USD,validation,15,2018-03-27,2018-04-27,rolling63_daily,0,0.8825005051698867,0.07663097919623478,0.2077075653080438,-0.2077075653080438,0,0.2077075653080438,196.0277377949273,22
USD,validation,16,2018-04-27,2018-05-29,rolling63_daily,0,0.8127553431567023,0.07057451483360759,-0.03221790278507102,0.03221790278507102,0,-0.03221790278507102,136.5426322298731,22
USD,validation,17,2018-05-29,2018-06-27,rolling63_daily,0,0.8075496782538991,0.07012247245228501,-0.3465289473568873,0.3465289473568873,0,-0.3465289473568873,377.0383427733902,22
USD,validation,18,2018-06-27,2018-07-26,rolling63_daily,0,0.8594149030337235,0.07462628727288742,0.05294736650418486,-0.05294736650418486,0,0.05294736650418486,330.245864043606,22
USD,validation,19,2018-07-26,2018-08-24,rolling63_daily,0,0.8887230973077465,0.07717133353953876,-0.1060753187404959,0.1060753187404959,0,-0.1060753187404959,174.188497916031,22
USD,validation,20,2018-08-24,2018-09-24,rolling63_daily,0,0.9436330059385369,0.0819395934370489,0.2442920652636076,-0.2442920652636076,0,0.2442920652636076,295.7120018581139,22
USD,validation,21,2018-09-24,2018-10-23,rolling63_daily,0,0.8394419868897955,0.07289189772030455,0.002362412162406668,-0.002362412162406668,0,0.002362412162406668,122.6557274781481,22
USD,validation,22,2018-10-23,2018-11-21,rolling63_daily,0,0.8174119972136538,0.07097888321943249,-0.038157904809486,0.038157904809486,0,-0.038157904809486,241.6909219039969,22
USD,validation,23,2018-11-21,2018-12-20,rolling63_daily,0,0.7640131516420681,0.06634191883440189,0.014867197833631,-0.014867197833631,0,0.014867197833631,302.9312880759451,22
USD,validation,24,2018-12-20,2019-01-23,rolling63_daily,0,0.7898837843682571,0.06858842802878308,0.1632438417079918,-0.1632438417079918,0,0.1632438417079918,221.3116239714586,22
USD,validation,25,2019-01-23,2019-02-21,rolling63_daily,0,0.7643889263336519,0.06637454965570014,0.3152983837211956,-0.3152983837211956,0,0.3152983837211956,236.4092448557457,22
USD,validation,26,2019-02-21,2019-03-22,rolling63_daily,0,0.6668755273558418,0.05790691039584236,-0.02650004002489936,0.02650004002489936,0,-0.02650004002489936,293.9882673909387,22
USD,validation,27,2019-03-22,2019-04-24,rolling63_daily,0,0.5828877698002231,0.05061384878617129,0.1209809516965867,-0.1209809516965867,0,0.1209809516965867,225.7863215429677,22
USD,validation,28,2019-04-24,2019-05-24,rolling63_daily,0,0.5224851750949497,0.04536883563065042,-0.002877094763526378,0.002877094763526378,0,-0.002877094763526378,242.8214625000075,22
USD,validation,29,2019-05-24,2019-06-24,rolling63_daily,0,0.531556053524568,0.04615649669495694,-0.1382378448487174,0.1382378448487174,0,-0.1382378448487174,326.4094762865873,22
USD,validation,30,2019-06-24,2019-07-23,rolling63_daily,0,0.5576956585102266,0.04842630769879704,0.04788128044048273,-0.04788128044048273,0,0.04788128044048273,128.8870468518046,22
USD,validation,31,2019-07-23,2019-08-21,rolling63_daily,0,0.5565720525925855,0.04832874020203033,-0.2008207549198435,0.2008207549198435,0,-0.2008207549198435,258.914336069737,22
USD,validation,32,2019-08-21,2019-09-19,rolling63_daily,0,0.6021707671853065,0.05228827909417299,-0.1711392198852799,0.1711392198852799,0,-0.1711392198852799,264.4568778262741,22
USD,validation,33,2019-09-19,2019-10-18,rolling63_daily,0,0.662354979150706,0.05751436785528586,0.006968556230802392,-0.006968556230802392,0,0.006968556230802392,309.8311975025165,22
USD,validation,34,2019-10-18,2019-11-18,rolling63_daily,0,0.684418531141695,0.05943026176225305,0.2063613119694238,-0.2063613119694238,0,0.2063613119694238,160.9012612478566,22
USD,validation,35,2019-11-18,2019-12-17,rolling63_daily,0,0.603156883906145,0.05237390817239662,0.1425828402545619,-0.1425828402545619,0,0.1425828402545619,294.0029070349262,22
USD,validation,36,2019-12-17,2020-01-20,rolling63_daily,0,0.4859260981866669,0.04219426894723551,-0.2318134942389607,0.2318134942389607,0,-0.2318134942389607,329.6024553530402,22
USD,validation,37,2020-01-20,2020-02-18,rolling63_daily,0,0.5087377304250964,0.04417509051822137,0.05052092166153183,-0.05052092166153183,0,0.05052092166153183,157.2485942334658,22
USD,validation,38,2020-02-18,2020-03-18,rolling63_daily,0,0.5147016199298378,0.04469295852027797,-0.1129864458277723,0.1129864458277723,0,-0.1129864458277723,217.3617529481065,22
USD,validation,39,2020-03-18,2020-04-20,rolling63_daily,0,0.8946164677417983,0.07768309952599686,-0.2764760599407179,0.2764760599407179,0,-0.2764760599407179,295.7553853569884,22
USD,validation,40,2020-04-20,2020-05-20,rolling63_daily,0,1.07792799529502,0.0936016533512031,0.1333640883296283,-0.1333640883296283,0,0.1333640883296283,341.5551787974827,22
USD,validation,41,2020-05-20,2020-06-18,rolling63_daily,0,1.168595821020453,0.1014753163220898,0.09423582634146044,-0.09423582634146044,0,0.09423582634146044,232.4735636372134,22
USD,validation,42,2020-06-18,2020-07-17,rolling63_daily,0,1.021363110855056,0.08868957763055126,0.01327562198920873,-0.01327562198920873,0,0.01327562198920873,340.9044111298815,22
USD,validation,43,2020-07-17,2020-08-17,rolling63_daily,0,0.927720427959656,0.08055777505194592,-0.1428270293464919,0.1428270293464919,0,-0.1428270293464919,222.3601784213562,22
USD,validation,44,2020-08-17,2020-09-15,rolling63_daily,0,0.9702554350028265,0.08425144249153997,0.2909417720780567,-0.2909417720780567,0,0.2909417720780567,308.9493296996787,22
USD,validation,45,2020-09-15,2020-10-14,rolling63_daily,0,0.9534795448824767,0.08279465001445441,0.3436508069859663,-0.3436508069859663,0,0.3436508069859663,152.0990537091334,22
USD,validation,46,2020-10-14,2020-11-12,rolling63_daily,0,0.8403172557294596,0.07296790340685112,-0.004504967467354959,0.004504967467354959,0,-0.004504967467354959,321.501014492422,22
USD,validation,47,2020-11-12,2020-12-11,rolling63_daily,0,0.75213139366344,0.0653101536670658,0.1446111994287094,-0.1446111994287094,0,0.1446111994287094,233.9650461950178,22
USD,validation,0,2017-01-02,2017-01-31,ewma_daily,0,1.019570245082775,0.08853388650611861,-0.258871041463749,0.258871041463749,0,-0.258871041463749,290.0659629592532,22
USD,validation,1,2017-01-31,2017-03-01,ewma_daily,0,1.168379898069077,0.1014565652570547,0.33502784093711,-0.33502784093711,0,0.33502784093711,159.2642470404628,22
USD,validation,2,2017-03-01,2017-03-30,ewma_daily,0,1.147416848586097,0.09963610688449649,0.3320553195101894,-0.3320553195101894,0,0.3320553195101894,232.1360359224498,22
USD,validation,3,2017-03-30,2017-05-03,ewma_daily,0,0.9648184406661287,0.08377930186691938,-0.0003685289651400581,0.0003685289651400581,0,-0.0003685289651400581,305.1454090312786,22
USD,validation,4,2017-05-03,2017-06-01,ewma_daily,0,0.7934787240556034,0.06890059973989822,-0.05798141791598255,0.05798141791598255,0,-0.05798141791598255,243.4913643579025,22
USD,validation,5,2017-06-01,2017-06-30,ewma_daily,0,0.7607292656108555,0.06605675893102921,0.04371144008632655,-0.04371144008632655,0,0.04371144008632655,310.1434229488688,22
USD,validation,6,2017-06-30,2017-07-31,ewma_daily,0,0.7058186216879108,0.06128854817359929,-0.178627066524939,0.178627066524939,0,-0.178627066524939,291.2847052064285,22
USD,validation,7,2017-07-31,2017-08-29,ewma_daily,0,0.7222407445423897,0.06271457352228163,0.09491757371657172,-0.09491757371657172,0,0.09491757371657172,309.8349597054564,22
USD,validation,8,2017-08-29,2017-09-27,ewma_daily,0,0.7652385343416341,0.06644832633556184,-0.3619447707034488,0.3619447707034488,0,-0.3619447707034488,257.5194024845964,22
USD,validation,9,2017-09-27,2017-10-26,ewma_daily,0,0.9164720876087884,0.07958099223870733,0.4356950463730271,-0.4356950463730271,0,0.4356950463730271,307.520374312586,22
USD,validation,10,2017-10-26,2017-11-24,ewma_daily,0,0.8661951383352289,0.07521506411021012,-0.1700512123827735,0.1700512123827735,0,-0.1700512123827735,369.4309084188314,22
USD,validation,11,2017-11-24,2017-12-27,ewma_daily,0,0.8949055505462269,0.0777082027860693,0.3873283361177506,-0.3873283361177506,0,0.3873283361177506,242.6566796802563,22
USD,validation,12,2017-12-27,2018-01-26,ewma_daily,0,0.7537689572793198,0.06545235316924064,-0.1443565703030742,0.1443565703030742,0,-0.1443565703030742,261.2491392139934,22
USD,validation,13,2018-01-26,2018-02-26,ewma_daily,0,0.8439163526982014,0.07328043814421953,-0.09489583271557622,0.09489583271557622,0,-0.09489583271557622,237.0109773929644,22
USD,validation,14,2018-02-26,2018-03-27,ewma_daily,0,0.8214878121724851,0.07133281366380059,0.04289774218354125,-0.04289774218354125,0,0.04289774218354125,336.8356582331643,22
USD,validation,15,2018-03-27,2018-04-27,ewma_daily,0,0.8825005051698867,0.07663097919623478,0.2028804350971055,-0.2028804350971055,0,0.2028804350971055,202.2363578243888,22
USD,validation,16,2018-04-27,2018-05-29,ewma_daily,0,0.8127553431567023,0.07057451483360759,-0.02093054620789052,0.02093054620789052,0,-0.02093054620789052,137.4647064244763,22
USD,validation,17,2018-05-29,2018-06-27,ewma_daily,0,0.8075496782538991,0.07012247245228501,-0.3031556935060848,0.3031556935060848,0,-0.3031556935060848,366.0476377378749,22
USD,validation,18,2018-06-27,2018-07-26,ewma_daily,0,0.8594149030337235,0.07462628727288742,0.05427080747206503,-0.05427080747206503,0,0.05427080747206503,330.2201946528789,22
USD,validation,19,2018-07-26,2018-08-24,ewma_daily,0,0.8887230973077465,0.07717133353953876,-0.09132087675510436,0.09132087675510436,0,-0.09132087675510436,174.8756383678509,22
USD,validation,20,2018-08-24,2018-09-24,ewma_daily,0,0.9436330059385369,0.0819395934370489,0.2451866765049147,-0.2451866765049147,0,0.2451866765049147,297.7419654713893,22
USD,validation,21,2018-09-24,2018-10-23,ewma_daily,0,0.8394419868897955,0.07289189772030455,0.01212352041477347,-0.01212352041477347,0,0.01212352041477347,122.1385410332855,22
USD,validation,22,2018-10-23,2018-11-21,ewma_daily,0,0.8174119972136538,0.07097888321943249,-0.04594632160476841,0.04594632160476841,0,-0.04594632160476841,246.0039049408964,22
USD,validation,23,2018-11-21,2018-12-20,ewma_daily,0,0.7640131516420681,0.06634191883440189,0.02454137261037914,-0.02454137261037914,0,0.02454137261037914,298.9318200566061,22
USD,validation,24,2018-12-20,2019-01-23,ewma_daily,0,0.7898837843682571,0.06858842802878308,0.1652688525390196,-0.1652688525390196,0,0.1652688525390196,221.0723892760639,22
USD,validation,25,2019-01-23,2019-02-21,ewma_daily,0,0.7643889263336519,0.06637454965570014,0.3075731493315281,-0.3075731493315281,0,0.3075731493315281,238.9973033122799,22
USD,validation,26,2019-02-21,2019-03-22,ewma_daily,0,0.6668755273558418,0.05790691039584236,-0.03002027722780554,0.03002027722780554,0,-0.03002027722780554,296.1586267485694,22
USD,validation,27,2019-03-22,2019-04-24,ewma_daily,0,0.5828877698002231,0.05061384878617129,0.1293994799765574,-0.1293994799765574,0,0.1293994799765574,218.9046834095188,22
USD,validation,28,2019-04-24,2019-05-24,ewma_daily,0,0.5224851750949497,0.04536883563065042,0.01669761882989262,-0.01669761882989262,0,0.01669761882989262,233.5402696609963,22
USD,validation,29,2019-05-24,2019-06-24,ewma_daily,0,0.531556053524568,0.04615649669495694,-0.1412450086509125,0.1412450086509125,0,-0.1412450086509125,326.6678986579456,22
USD,validation,30,2019-06-24,2019-07-23,ewma_daily,0,0.5576956585102266,0.04842630769879704,0.03893510534426916,-0.03893510534426916,0,0.03893510534426916,128.9369363339346,22
USD,validation,31,2019-07-23,2019-08-21,ewma_daily,0,0.5565720525925855,0.04832874020203033,-0.1751298968841344,0.1751298968841344,0,-0.1751298968841344,250.8110632005599,22
USD,validation,32,2019-08-21,2019-09-19,ewma_daily,0,0.6021707671853065,0.05228827909417299,-0.1683917936405663,0.1683917936405663,0,-0.1683917936405663,264.7997536843225,22
USD,validation,33,2019-09-19,2019-10-18,ewma_daily,0,0.662354979150706,0.05751436785528586,-0.01675980543825517,0.01675980543825517,0,-0.01675980543825517,314.1607696982527,22
USD,validation,34,2019-10-18,2019-11-18,ewma_daily,0,0.684418531141695,0.05943026176225305,0.2141052154299285,-0.2141052154299285,0,0.2141052154299285,165.5589424997112,22
USD,validation,35,2019-11-18,2019-12-17,ewma_daily,0,0.603156883906145,0.05237390817239662,0.1233323610356507,-0.1233323610356507,0,0.1233323610356507,302.0208556681725,22
USD,validation,36,2019-12-17,2020-01-20,ewma_daily,0,0.4859260981866669,0.04219426894723551,-0.2093612026589762,0.2093612026589762,0,-0.2093612026589762,316.4830717294289,22
USD,validation,37,2020-01-20,2020-02-18,ewma_daily,0,0.5087377304250964,0.04417509051822137,0.04782868379058294,-0.04782868379058294,0,0.04782868379058294,153.9752293566359,22
USD,validation,38,2020-02-18,2020-03-18,ewma_daily,0,0.5147016199298378,0.04469295852027797,-0.1128278749660865,0.1128278749660865,0,-0.1128278749660865,218.0490126168844,22
USD,validation,39,2020-03-18,2020-04-20,ewma_daily,0,0.8946164677417983,0.07768309952599686,-0.2013641364192065,0.2013641364192065,0,-0.2013641364192065,278.33213115597,22
USD,validation,40,2020-04-20,2020-05-20,ewma_daily,0,1.07792799529502,0.0936016533512031,0.0865251901888513,-0.0865251901888513,0,0.0865251901888513,359.3289848147624,22
USD,validation,41,2020-05-20,2020-06-18,ewma_daily,0,1.168595821020453,0.1014753163220898,0.1617398238476682,-0.1617398238476682,0,0.1617398238476682,236.110643639898,22
USD,validation,42,2020-06-18,2020-07-17,ewma_daily,0,1.021363110855056,0.08868957763055126,0.01100963284858381,-0.01100963284858381,0,0.01100963284858381,336.7006441330933,22
USD,validation,43,2020-07-17,2020-08-17,ewma_daily,0,0.927720427959656,0.08055777505194592,-0.1566011318809473,0.1566011318809473,0,-0.1566011318809473,222.7310934541135,22
USD,validation,44,2020-08-17,2020-09-15,ewma_daily,0,0.9702554350028265,0.08425144249153997,0.2889512476579483,-0.2889512476579483,0,0.2889512476579483,310.0607501524315,22
USD,validation,45,2020-09-15,2020-10-14,ewma_daily,0,0.9534795448824767,0.08279465001445441,0.3423019363873201,-0.3423019363873201,0,0.3423019363873201,152.4299795263767,22
USD,validation,46,2020-10-14,2020-11-12,ewma_daily,0,0.8403172557294596,0.07296790340685112,-0.005350326663815963,0.005350326663815963,0,-0.005350326663815963,323.9747800181274,22
USD,validation,47,2020-11-12,2020-12-11,ewma_daily,0,0.75213139366344,0.0653101536670658,0.1147124070369046,-0.1147124070369046,0,0.1147124070369046,233.0298961095467,22
USD,validation,0,2017-01-02,2017-01-31,ridge_daily,0,1.019570245082775,0.08853388650611861,-0.2526824391847668,0.2526824391847668,0,-0.2526824391847668,290.8822518098065,22
USD,validation,1,2017-01-31,2017-03-01,ridge_daily,0,1.168379898069077,0.1014565652570547,0.3227920108428666,-0.3227920108428666,0,0.3227920108428666,158.2787074973111,22
USD,validation,2,2017-03-01,2017-03-30,ridge_daily,0,1.147416848586097,0.09963610688449649,0.31320139129663,-0.31320139129663,0,0.31320139129663,230.7291875649487,22
USD,validation,3,2017-03-30,2017-05-03,ridge_daily,0,0.9648184406661287,0.08377930186691938,0.01539913031557205,-0.01539913031557205,0,0.01539913031557205,297.5586772503628,22
USD,validation,4,2017-05-03,2017-06-01,ridge_daily,0,0.7934787240556034,0.06890059973989822,-0.05872306074181211,0.05872306074181211,0,-0.05872306074181211,241.0958575581593,22
USD,validation,5,2017-06-01,2017-06-30,ridge_daily,0,0.7607292656108555,0.06605675893102921,0.05791417975969182,-0.05791417975969182,0,0.05791417975969182,301.1129996085501,22
USD,validation,6,2017-06-30,2017-07-31,ridge_daily,0,0.7058186216879108,0.06128854817359929,-0.1875957326634534,0.1875957326634534,0,-0.1875957326634534,285.649280541255,22
USD,validation,7,2017-07-31,2017-08-29,ridge_daily,0,0.7222407445423897,0.06271457352228163,0.09098365902121941,-0.09098365902121941,0,0.09098365902121941,303.7244245350802,22
USD,validation,8,2017-08-29,2017-09-27,ridge_daily,0,0.7652385343416341,0.06644832633556184,-0.3755562502958222,0.3755562502958222,0,-0.3755562502958222,259.7562966126563,22
USD,validation,9,2017-09-27,2017-10-26,ridge_daily,0,0.9164720876087884,0.07958099223870733,0.450858296185217,-0.450858296185217,0,0.450858296185217,301.1173864094135,22
USD,validation,10,2017-10-26,2017-11-24,ridge_daily,0,0.8661951383352289,0.07521506411021012,-0.1373302265055401,0.1373302265055401,0,-0.1373302265055401,362.3567442499875,22
USD,validation,11,2017-11-24,2017-12-27,ridge_daily,0,0.8949055505462269,0.0777082027860693,0.4089055105403503,-0.4089055105403503,0,0.4089055105403503,236.7286607410238,22
USD,validation,12,2017-12-27,2018-01-26,ridge_daily,0,0.7537689572793198,0.06545235316924064,-0.1657385452804903,0.1657385452804903,0,-0.1657385452804903,261.4572400630768,22
USD,validation,13,2018-01-26,2018-02-26,ridge_daily,0,0.8439163526982014,0.07328043814421953,-0.08590907958150829,0.08590907958150829,0,-0.08590907958150829,234.5453174565425,22
USD,validation,14,2018-02-26,2018-03-27,ridge_daily,0,0.8214878121724851,0.07133281366380059,0.06472835422682977,-0.06472835422682977,0,0.06472835422682977,326.1492722088797,22
USD,validation,15,2018-03-27,2018-04-27,ridge_daily,0,0.8825005051698867,0.07663097919623478,0.201694867568729,-0.201694867568729,0,0.201694867568729,197.6419344255295,22
USD,validation,16,2018-04-27,2018-05-29,ridge_daily,0,0.8127553431567023,0.07057451483360759,-0.04838219981266438,0.04838219981266438,0,-0.04838219981266438,134.9167099871035,22
USD,validation,17,2018-05-29,2018-06-27,ridge_daily,0,0.8075496782538991,0.07012247245228501,-0.2907376082452657,0.2907376082452657,0,-0.2907376082452657,361.5616608746924,22
USD,validation,18,2018-06-27,2018-07-26,ridge_daily,0,0.8594149030337235,0.07462628727288742,0.06697621175376867,-0.06697621175376867,0,0.06697621175376867,322.0414567201401,22
USD,validation,19,2018-07-26,2018-08-24,ridge_daily,0,0.8887230973077465,0.07717133353953876,-0.1227389193696229,0.1227389193696229,0,-0.1227389193696229,173.3983507885121,22
USD,validation,20,2018-08-24,2018-09-24,ridge_daily,0,0.9436330059385369,0.0819395934370489,0.242863383444373,-0.242863383444373,0,0.242863383444373,294.846839690713,22
USD,validation,21,2018-09-24,2018-10-23,ridge_daily,0,0.8394419868897955,0.07289189772030455,-0.002083391358442075,0.002083391358442075,0,-0.002083391358442075,123.9201680133681,22
USD,validation,22,2018-10-23,2018-11-21,ridge_daily,0,0.8174119972136538,0.07097888321943249,-0.02106963933487549,0.02106963933487549,0,-0.02106963933487549,238.6195578338962,22
USD,validation,23,2018-11-21,2018-12-20,ridge_daily,0,0.7640131516420681,0.06634191883440189,0.05597541774067594,-0.05597541774067594,0,0.05597541774067594,286.9332156280743,22
USD,validation,24,2018-12-20,2019-01-23,ridge_daily,0,0.7898837843682571,0.06858842802878308,0.1834986386415509,-0.1834986386415509,0,0.1834986386415509,211.8181987366579,22
USD,validation,25,2019-01-23,2019-02-21,ridge_daily,0,0.7643889263336519,0.06637454965570014,0.3266854618373856,-0.3266854618373856,0,0.3266854618373856,232.398942504766,22
USD,validation,26,2019-02-21,2019-03-22,ridge_daily,0,0.6668755273558418,0.05790691039584236,0.00392454809349374,-0.00392454809349374,0,0.00392454809349374,281.6525689024439,22
USD,validation,27,2019-03-22,2019-04-24,ridge_daily,0,0.5828877698002231,0.05061384878617129,0.1342030855626728,-0.1342030855626728,0,0.1342030855626728,211.040078584819,22
USD,validation,28,2019-04-24,2019-05-24,ridge_daily,0,0.5224851750949497,0.04536883563065042,0.03567926682317246,-0.03567926682317246,0,0.03567926682317246,222.5516154163292,22
USD,validation,29,2019-05-24,2019-06-24,ridge_daily,0,0.531556053524568,0.04615649669495694,-0.1286365069119597,0.1286365069119597,0,-0.1286365069119597,317.5719076138529,22
USD,validation,30,2019-06-24,2019-07-23,ridge_daily,0,0.5576956585102266,0.04842630769879704,0.01468681279977725,-0.01468681279977725,0,0.01468681279977725,129.6754473533139,22
USD,validation,31,2019-07-23,2019-08-21,ridge_daily,0,0.5565720525925855,0.04832874020203033,-0.1759165967985257,0.1759165967985257,0,-0.1759165967985257,245.0827480698652,22
USD,validation,32,2019-08-21,2019-09-19,ridge_daily,0,0.6021707671853065,0.05228827909417299,-0.1595819045090394,0.1595819045090394,0,-0.1595819045090394,256.8652382818613,22
USD,validation,33,2019-09-19,2019-10-18,ridge_daily,0,0.662354979150706,0.05751436785528586,0.01003045287419013,-0.01003045287419013,0,0.01003045287419013,304.4838385150521,22
USD,validation,34,2019-10-18,2019-11-18,ridge_daily,0,0.684418531141695,0.05943026176225305,0.2014338148395553,-0.2014338148395553,0,0.2014338148395553,161.2160232417676,22
USD,validation,35,2019-11-18,2019-12-17,ridge_daily,0,0.603156883906145,0.05237390817239662,0.1314199776757334,-0.1314199776757334,0,0.1314199776757334,289.2964010054363,22
USD,validation,36,2019-12-17,2020-01-20,ridge_daily,0,0.4859260981866669,0.04219426894723551,-0.179664934546186,0.179664934546186,0,-0.179664934546186,301.1431181655011,22
USD,validation,37,2020-01-20,2020-02-18,ridge_daily,0,0.5087377304250964,0.04417509051822137,0.02256281047232252,-0.02256281047232252,0,0.02256281047232252,147.7131918703125,22
USD,validation,38,2020-02-18,2020-03-18,ridge_daily,0,0.5147016199298378,0.04469295852027797,-0.1639031103400299,0.1639031103400299,0,-0.1639031103400299,215.1763134876666,22
USD,validation,39,2020-03-18,2020-04-20,ridge_daily,0,0.8946164677417983,0.07768309952599686,-0.2192120978436076,0.2192120978436076,0,-0.2192120978436076,282.4908834278652,22
USD,validation,40,2020-04-20,2020-05-20,ridge_daily,0,1.07792799529502,0.0936016533512031,0.08743517773974929,-0.08743517773974929,0,0.08743517773974929,360.4818192400476,22
USD,validation,41,2020-05-20,2020-06-18,ridge_daily,0,1.168595821020453,0.1014753163220898,0.1451425790681071,-0.1451425790681071,0,0.1451425790681071,237.0775584961703,22
USD,validation,42,2020-06-18,2020-07-17,ridge_daily,0,1.021363110855056,0.08868957763055126,0.002424816152839071,-0.002424816152839071,0,0.002424816152839071,338.1453061407105,22
USD,validation,43,2020-07-17,2020-08-17,ridge_daily,0,0.927720427959656,0.08055777505194592,-0.1724621913104585,0.1724621913104585,0,-0.1724621913104585,224.6040537167151,22
USD,validation,44,2020-08-17,2020-09-15,ridge_daily,0,0.9702554350028265,0.08425144249153997,0.3143900390191945,-0.3143900390191945,0,0.3143900390191945,299.3367522912067,22
USD,validation,45,2020-09-15,2020-10-14,ridge_daily,0,0.9534795448824767,0.08279465001445441,0.3479920036221364,-0.3479920036221364,0,0.3479920036221364,145.9793194036408,22
USD,validation,46,2020-10-14,2020-11-12,ridge_daily,0,0.8403172557294596,0.07296790340685112,0.01702015017298208,-0.01702015017298208,0,0.01702015017298208,318.3218234259676,22
USD,validation,47,2020-11-12,2020-12-11,ridge_daily,0,0.75213139366344,0.0653101536670658,0.08470181907701146,-0.08470181907701146,0,0.08470181907701146,232.0919084605961,22
USD,validation,0,2017-01-02,2017-01-31,selected_daily,0,1.019570245082775,0.08853388650611861,-0.258871041463749,0.258871041463749,0,-0.258871041463749,290.0659629592532,22
USD,validation,1,2017-01-31,2017-03-01,selected_daily,0,1.168379898069077,0.1014565652570547,0.33502784093711,-0.33502784093711,0,0.33502784093711,159.2642470404628,22
USD,validation,2,2017-03-01,2017-03-30,selected_daily,0,1.147416848586097,0.09963610688449649,0.3320553195101894,-0.3320553195101894,0,0.3320553195101894,232.1360359224498,22
USD,validation,3,2017-03-30,2017-05-03,selected_daily,0,0.9648184406661287,0.08377930186691938,-0.0003685289651400581,0.0003685289651400581,0,-0.0003685289651400581,305.1454090312786,22
USD,validation,4,2017-05-03,2017-06-01,selected_daily,0,0.7934787240556034,0.06890059973989822,-0.05798141791598255,0.05798141791598255,0,-0.05798141791598255,243.4913643579025,22
USD,validation,5,2017-06-01,2017-06-30,selected_daily,0,0.7607292656108555,0.06605675893102921,0.04371144008632655,-0.04371144008632655,0,0.04371144008632655,310.1434229488688,22
USD,validation,6,2017-06-30,2017-07-31,selected_daily,0,0.7058186216879108,0.06128854817359929,-0.178627066524939,0.178627066524939,0,-0.178627066524939,291.2847052064285,22
USD,validation,7,2017-07-31,2017-08-29,selected_daily,0,0.7222407445423897,0.06271457352228163,0.09491757371657172,-0.09491757371657172,0,0.09491757371657172,309.8349597054564,22
USD,validation,8,2017-08-29,2017-09-27,selected_daily,0,0.7652385343416341,0.06644832633556184,-0.3619447707034488,0.3619447707034488,0,-0.3619447707034488,257.5194024845964,22
USD,validation,9,2017-09-27,2017-10-26,selected_daily,0,0.9164720876087884,0.07958099223870733,0.4356950463730271,-0.4356950463730271,0,0.4356950463730271,307.520374312586,22
USD,validation,10,2017-10-26,2017-11-24,selected_daily,0,0.8661951383352289,0.07521506411021012,-0.1700512123827735,0.1700512123827735,0,-0.1700512123827735,369.4309084188314,22
USD,validation,11,2017-11-24,2017-12-27,selected_daily,0,0.8949055505462269,0.0777082027860693,0.3873283361177506,-0.3873283361177506,0,0.3873283361177506,242.6566796802563,22
USD,validation,12,2017-12-27,2018-01-26,selected_daily,0,0.7537689572793198,0.06545235316924064,-0.1443565703030742,0.1443565703030742,0,-0.1443565703030742,261.2491392139934,22
USD,validation,13,2018-01-26,2018-02-26,selected_daily,0,0.8439163526982014,0.07328043814421953,-0.09489583271557622,0.09489583271557622,0,-0.09489583271557622,237.0109773929644,22
USD,validation,14,2018-02-26,2018-03-27,selected_daily,0,0.8214878121724851,0.07133281366380059,0.04289774218354125,-0.04289774218354125,0,0.04289774218354125,336.8356582331643,22
USD,validation,15,2018-03-27,2018-04-27,selected_daily,0,0.8825005051698867,0.07663097919623478,0.2028804350971055,-0.2028804350971055,0,0.2028804350971055,202.2363578243888,22
USD,validation,16,2018-04-27,2018-05-29,selected_daily,0,0.8127553431567023,0.07057451483360759,-0.02093054620789052,0.02093054620789052,0,-0.02093054620789052,137.4647064244763,22
USD,validation,17,2018-05-29,2018-06-27,selected_daily,0,0.8075496782538991,0.07012247245228501,-0.3031556935060848,0.3031556935060848,0,-0.3031556935060848,366.0476377378749,22
USD,validation,18,2018-06-27,2018-07-26,selected_daily,0,0.8594149030337235,0.07462628727288742,0.05427080747206503,-0.05427080747206503,0,0.05427080747206503,330.2201946528789,22
USD,validation,19,2018-07-26,2018-08-24,selected_daily,0,0.8887230973077465,0.07717133353953876,-0.09132087675510436,0.09132087675510436,0,-0.09132087675510436,174.8756383678509,22
USD,validation,20,2018-08-24,2018-09-24,selected_daily,0,0.9436330059385369,0.0819395934370489,0.2451866765049147,-0.2451866765049147,0,0.2451866765049147,297.7419654713893,22
USD,validation,21,2018-09-24,2018-10-23,selected_daily,0,0.8394419868897955,0.07289189772030455,0.01212352041477347,-0.01212352041477347,0,0.01212352041477347,122.1385410332855,22
USD,validation,22,2018-10-23,2018-11-21,selected_daily,0,0.8174119972136538,0.07097888321943249,-0.04594632160476841,0.04594632160476841,0,-0.04594632160476841,246.0039049408964,22
USD,validation,23,2018-11-21,2018-12-20,selected_daily,0,0.7640131516420681,0.06634191883440189,0.02454137261037914,-0.02454137261037914,0,0.02454137261037914,298.9318200566061,22
USD,validation,24,2018-12-20,2019-01-23,selected_daily,0,0.7898837843682571,0.06858842802878308,0.1652688525390196,-0.1652688525390196,0,0.1652688525390196,221.0723892760639,22
USD,validation,25,2019-01-23,2019-02-21,selected_daily,0,0.7643889263336519,0.06637454965570014,0.3075731493315281,-0.3075731493315281,0,0.3075731493315281,238.9973033122799,22
USD,validation,26,2019-02-21,2019-03-22,selected_daily,0,0.6668755273558418,0.05790691039584236,-0.03002027722780554,0.03002027722780554,0,-0.03002027722780554,296.1586267485694,22
USD,validation,27,2019-03-22,2019-04-24,selected_daily,0,0.5828877698002231,0.05061384878617129,0.1293994799765574,-0.1293994799765574,0,0.1293994799765574,218.9046834095188,22
USD,validation,28,2019-04-24,2019-05-24,selected_daily,0,0.5224851750949497,0.04536883563065042,0.01669761882989262,-0.01669761882989262,0,0.01669761882989262,233.5402696609963,22
USD,validation,29,2019-05-24,2019-06-24,selected_daily,0,0.531556053524568,0.04615649669495694,-0.1412450086509125,0.1412450086509125,0,-0.1412450086509125,326.6678986579456,22
USD,validation,30,2019-06-24,2019-07-23,selected_daily,0,0.5576956585102266,0.04842630769879704,0.03893510534426916,-0.03893510534426916,0,0.03893510534426916,128.9369363339346,22
USD,validation,31,2019-07-23,2019-08-21,selected_daily,0,0.5565720525925855,0.04832874020203033,-0.1751298968841344,0.1751298968841344,0,-0.1751298968841344,250.8110632005599,22
USD,validation,32,2019-08-21,2019-09-19,selected_daily,0,0.6021707671853065,0.05228827909417299,-0.1683917936405663,0.1683917936405663,0,-0.1683917936405663,264.7997536843225,22
USD,validation,33,2019-09-19,2019-10-18,selected_daily,0,0.662354979150706,0.05751436785528586,-0.01675980543825517,0.01675980543825517,0,-0.01675980543825517,314.1607696982527,22
USD,validation,34,2019-10-18,2019-11-18,selected_daily,0,0.684418531141695,0.05943026176225305,0.2141052154299285,-0.2141052154299285,0,0.2141052154299285,165.5589424997112,22
USD,validation,35,2019-11-18,2019-12-17,selected_daily,0,0.603156883906145,0.05237390817239662,0.1233323610356507,-0.1233323610356507,0,0.1233323610356507,302.0208556681725,22
USD,validation,36,2019-12-17,2020-01-20,selected_daily,0,0.4859260981866669,0.04219426894723551,-0.2093612026589762,0.2093612026589762,0,-0.2093612026589762,316.4830717294289,22
USD,validation,37,2020-01-20,2020-02-18,selected_daily,0,0.5087377304250964,0.04417509051822137,0.04782868379058294,-0.04782868379058294,0,0.04782868379058294,153.9752293566359,22
USD,validation,38,2020-02-18,2020-03-18,selected_daily,0,0.5147016199298378,0.04469295852027797,-0.1128278749660865,0.1128278749660865,0,-0.1128278749660865,218.0490126168844,22
USD,validation,39,2020-03-18,2020-04-20,selected_daily,0,0.8946164677417983,0.07768309952599686,-0.2013641364192065,0.2013641364192065,0,-0.2013641364192065,278.33213115597,22
USD,validation,40,2020-04-20,2020-05-20,selected_daily,0,1.07792799529502,0.0936016533512031,0.0865251901888513,-0.0865251901888513,0,0.0865251901888513,359.3289848147624,22
USD,validation,41,2020-05-20,2020-06-18,selected_daily,0,1.168595821020453,0.1014753163220898,0.1617398238476682,-0.1617398238476682,0,0.1617398238476682,236.110643639898,22
USD,validation,42,2020-06-18,2020-07-17,selected_daily,0,1.021363110855056,0.08868957763055126,0.01100963284858381,-0.01100963284858381,0,0.01100963284858381,336.7006441330933,22
USD,validation,43,2020-07-17,2020-08-17,selected_daily,0,0.927720427959656,0.08055777505194592,-0.1566011318809473,0.1566011318809473,0,-0.1566011318809473,222.7310934541135,22
USD,validation,44,2020-08-17,2020-09-15,selected_daily,0,0.9702554350028265,0.08425144249153997,0.2889512476579483,-0.2889512476579483,0,0.2889512476579483,310.0607501524315,22
USD,validation,45,2020-09-15,2020-10-14,selected_daily,0,0.9534795448824767,0.08279465001445441,0.3423019363873201,-0.3423019363873201,0,0.3423019363873201,152.4299795263767,22
USD,validation,46,2020-10-14,2020-11-12,selected_daily,0,0.8403172557294596,0.07296790340685112,-0.005350326663815963,0.005350326663815963,0,-0.005350326663815963,323.9747800181274,22
USD,validation,47,2020-11-12,2020-12-11,selected_daily,0,0.75213139366344,0.0653101536670658,0.1147124070369046,-0.1147124070369046,0,0.1147124070369046,233.0298961095467,22
USD,validation,0,2017-01-02,2017-01-31,selected_every5,0,1.019570245082775,0.08853388650611861,0.1886325112549798,-0.1886325112549798,0,0.1886325112549798,202.6150987843931,6
USD,validation,1,2017-01-31,2017-03-01,selected_every5,0,1.168379898069077,0.1014565652570547,0.4395227313515406,-0.4395227313515406,0,0.4395227313515406,100.4212186279794,6
USD,validation,2,2017-03-01,2017-03-30,selected_every5,0,1.147416848586097,0.09963610688449649,0.2328247645266828,-0.2328247645266828,0,0.2328247645266828,202.8428833809738,6
USD,validation,3,2017-03-30,2017-05-03,selected_every5,0,0.9648184406661287,0.08377930186691938,-0.1272808994661716,0.1272808994661716,0,-0.1272808994661716,251.5122131334743,6
USD,validation,4,2017-05-03,2017-06-01,selected_every5,0,0.7934787240556034,0.06890059973989822,-0.357955300315254,0.357955300315254,0,-0.357955300315254,218.9135215335511,6
USD,validation,5,2017-06-01,2017-06-30,selected_every5,0,0.7607292656108555,0.06605675893102921,-0.5231860181451538,0.5231860181451538,0,-0.5231860181451538,244.7861408109148,6
USD,validation,6,2017-06-30,2017-07-31,selected_every5,0,0.7058186216879108,0.06128854817359929,-0.3065507315769054,0.3065507315769054,0,-0.3065507315769054,203.8821588566804,6
USD,validation,7,2017-07-31,2017-08-29,selected_every5,0,0.7222407445423897,0.06271457352228163,-0.008922114649394075,0.008922114649394075,0,-0.008922114649394075,213.6835521807209,6
USD,validation,8,2017-08-29,2017-09-27,selected_every5,0,0.7652385343416341,0.06644832633556184,-0.1789928707483656,0.1789928707483656,0,-0.1789928707483656,109.6874794536533,6
USD,validation,9,2017-09-27,2017-10-26,selected_every5,0,0.9164720876087884,0.07958099223870733,0.6959141514199843,-0.6959141514199843,0,0.6959141514199843,191.6423454035872,6
USD,validation,10,2017-10-26,2017-11-24,selected_every5,0,0.8661951383352289,0.07521506411021012,0.2001764987946331,-0.2001764987946331,0,0.2001764987946331,244.2415562501486,6
USD,validation,11,2017-11-24,2017-12-27,selected_every5,0,0.8949055505462269,0.0777082027860693,0.50214604369501,-0.50214604369501,0,0.50214604369501,122.686711759451,6
USD,validation,12,2017-12-27,2018-01-26,selected_every5,0,0.7537689572793198,0.06545235316924064,-0.3073691453449641,0.3073691453449641,0,-0.3073691453449641,211.8865945329312,6
USD,validation,13,2018-01-26,2018-02-26,selected_every5,0,0.8439163526982014,0.07328043814421953,-0.4573419486365753,0.4573419486365753,0,-0.4573419486365753,196.2143288708817,6
USD,validation,14,2018-02-26,2018-03-27,selected_every5,0,0.8214878121724851,0.07133281366380059,0.4437565247720414,-0.4437565247720414,0,0.4437565247720414,196.6456656058565,6
USD,validation,15,2018-03-27,2018-04-27,selected_every5,0,0.8825005051698867,0.07663097919623478,-0.1536556899733647,0.1536556899733647,0,-0.1536556899733647,143.8582718391813,6
USD,validation,16,2018-04-27,2018-05-29,selected_every5,0,0.8127553431567023,0.07057451483360759,-0.3379506357297605,0.3379506357297605,0,-0.3379506357297605,120.361995768617,6
USD,validation,17,2018-05-29,2018-06-27,selected_every5,0,0.8075496782538991,0.07012247245228501,-0.4142909898080092,0.4142909898080092,0,-0.4142909898080092,289.1275953393424,6
USD,validation,18,2018-06-27,2018-07-26,selected_every5,0,0.8594149030337235,0.07462628727288742,0.295586969611989,-0.295586969611989,0,0.295586969611989,233.5984547305888,6
USD,validation,19,2018-07-26,2018-08-24,selected_every5,0,0.8887230973077465,0.07717133353953876,-0.06752058024632102,0.06752058024632102,0,-0.06752058024632102,100.6397729038378,6
USD,validation,20,2018-08-24,2018-09-24,selected_every5,0,0.9436330059385369,0.0819395934370489,0.3822550034275594,-0.3822550034275594,0,0.3822550034275594,211.9672773873156,6
USD,validation,21,2018-09-24,2018-10-23,selected_every5,0,0.8394419868897955,0.07289189772030455,-0.1302200292459303,0.1302200292459303,0,-0.1302200292459303,104.0606160999122,6
USD,validation,22,2018-10-23,2018-11-21,selected_every5,0,0.8174119972136538,0.07097888321943249,-0.01451335325948833,0.01451335325948833,0,-0.01451335325948833,134.8777587083009,6
USD,validation,23,2018-11-21,2018-12-20,selected_every5,0,0.7640131516420681,0.06634191883440189,0.3219885267518308,-0.3219885267518308,0,0.3219885267518308,156.9247043063964,6
USD,validation,24,2018-12-20,2019-01-23,selected_every5,0,0.7898837843682571,0.06858842802878308,0.4255557172396025,-0.4255557172396025,0,0.4255557172396025,100.426712395729,6
USD,validation,25,2019-01-23,2019-02-21,selected_every5,0,0.7643889263336519,0.06637454965570014,0.5034848264720146,-0.5034848264720146,0,0.5034848264720146,129.2259499307641,6
USD,validation,26,2019-02-21,2019-03-22,selected_every5,0,0.6668755273558418,0.05790691039584236,-0.2544619573274645,0.2544619573274645,0,-0.2544619573274645,245.3284708938502,6
USD,validation,27,2019-03-22,2019-04-24,selected_every5,0,0.5828877698002231,0.05061384878617129,0.08710302098226297,-0.08710302098226297,0,0.08710302098226297,161.8742972684257,6
USD,validation,28,2019-04-24,2019-05-24,selected_every5,0,0.5224851750949497,0.04536883563065042,0.2264516929346019,-0.2264516929346019,0,0.2264516929346019,106.8953347295536,6
USD,validation,29,2019-05-24,2019-06-24,selected_every5,0,0.531556053524568,0.04615649669495694,-0.02593625062534954,0.02593625062534954,0,-0.02593625062534954,224.4273709737437,6
USD,validation,30,2019-06-24,2019-07-23,selected_every5,0,0.5576956585102266,0.04842630769879704,-0.09037043022226478,0.09037043022226478,0,-0.09037043022226478,102.0974267168181,6
USD,validation,31,2019-07-23,2019-08-21,selected_every5,0,0.5565720525925855,0.04832874020203033,-0.1480402800116355,0.1480402800116355,0,-0.1480402800116355,152.3552011603926,6
USD,validation,32,2019-08-21,2019-09-19,selected_every5,0,0.6021707671853065,0.05228827909417299,0.2894836822445477,-0.2894836822445477,0,0.2894836822445477,100.307507130551,6
USD,validation,33,2019-09-19,2019-10-18,selected_every5,0,0.662354979150706,0.05751436785528586,0.05132888334969721,-0.05132888334969721,0,0.05132888334969721,238.3359847932562,6
USD,validation,34,2019-10-18,2019-11-18,selected_every5,0,0.684418531141695,0.05943026176225305,0.1764529827013933,-0.1764529827013933,0,0.1764529827013933,116.1342559309701,6
USD,validation,35,2019-11-18,2019-12-17,selected_every5,0,0.603156883906145,0.05237390817239662,0.1794089980333382,-0.1794089980333382,0,0.1794089980333382,231.3797931367184,6
USD,validation,36,2019-12-17,2020-01-20,selected_every5,0,0.4859260981866669,0.04219426894723551,0.06151104659935225,-0.06151104659935225,0,0.06151104659935225,139.2167237374331,6
USD,validation,37,2020-01-20,2020-02-18,selected_every5,0,0.5087377304250964,0.04417509051822137,-0.1287599437970444,0.1287599437970444,0,-0.1287599437970444,120.1357070872457,6
USD,validation,38,2020-02-18,2020-03-18,selected_every5,0,0.5147016199298378,0.04469295852027797,-0.6860736395048264,0.6860736395048264,0,-0.6860736395048264,202.294906058781,6
USD,validation,39,2020-03-18,2020-04-20,selected_every5,0,0.8946164677417983,0.07768309952599686,0.4082818298313651,-0.4082818298313651,0,0.4082818298313651,132.7344378646251,6
USD,validation,40,2020-04-20,2020-05-20,selected_every5,0,1.07792799529502,0.0936016533512031,0.6523137254052074,-0.6523137254052074,0,0.6523137254052074,193.7647154049537,6
USD,validation,41,2020-05-20,2020-06-18,selected_every5,0,1.168595821020453,0.1014753163220898,0.008828215801827355,-0.008828215801827355,0,0.008828215801827355,203.5685273103108,6
USD,validation,42,2020-06-18,2020-07-17,selected_every5,0,1.021363110855056,0.08868957763055126,0.3917025441196103,-0.3917025441196103,0,0.3917025441196103,209.7663964208793,6
USD,validation,43,2020-07-17,2020-08-17,selected_every5,0,0.927720427959656,0.08055777505194592,-0.3195121242815873,0.3195121242815873,0,-0.3195121242815873,204.9661684344329,6
USD,validation,44,2020-08-17,2020-09-15,selected_every5,0,0.9702554350028265,0.08425144249153997,0.6283358804717665,-0.6283358804717665,0,0.6283358804717665,179.7790126431677,6
USD,validation,45,2020-09-15,2020-10-14,selected_every5,0,0.9534795448824767,0.08279465001445441,0.3239006148165089,-0.3239006148165089,0,0.3239006148165089,115.3882401146537,6
USD,validation,46,2020-10-14,2020-11-12,selected_every5,0,0.8403172557294596,0.07296790340685112,0.4417992306706964,-0.4417992306706964,0,0.4417992306706964,185.9396235970893,6
USD,validation,47,2020-11-12,2020-12-11,selected_every5,0,0.75213139366344,0.0653101536670658,-0.1619050385715184,0.1619050385715184,0,-0.1619050385715184,203.7636675064878,6
USD,validation,0,2017-01-02,2017-01-31,selected_threshold,0,1.019570245082775,0.08853388650611861,-0.1672349562528126,0.1672349562528126,0,-0.1672349562528126,233.3647428271983,8
USD,validation,1,2017-01-31,2017-03-01,selected_threshold,0,1.168379898069077,0.1014565652570547,0.2543878740143359,-0.2543878740143359,0,0.2543878740143359,128.6334643281569,7
USD,validation,2,2017-03-01,2017-03-30,selected_threshold,0,1.147416848586097,0.09963610688449649,0.384511678182605,-0.384511678182605,0,0.384511678182605,196.8331721436628,6
USD,validation,3,2017-03-30,2017-05-03,selected_threshold,0,0.9648184406661287,0.08377930186691938,0.06313367069876108,-0.06313367069876108,0,0.06313367069876108,247.2875341978722,8
USD,validation,4,2017-05-03,2017-06-01,selected_threshold,0,0.7934787240556034,0.06890059973989822,-0.09744052511730672,0.09744052511730672,0,-0.09744052511730672,208.2974597410551,6
USD,validation,5,2017-06-01,2017-06-30,selected_threshold,0,0.7607292656108555,0.06605675893102921,0.1682377492493288,-0.1682377492493288,0,0.1682377492493288,229.0909709863414,5
USD,validation,6,2017-06-30,2017-07-31,selected_threshold,0,0.7058186216879108,0.06128854817359929,-0.1654912818578538,0.1654912818578538,0,-0.1654912818578538,244.7407331010068,8
USD,validation,7,2017-07-31,2017-08-29,selected_threshold,0,0.7222407445423897,0.06271457352228163,0.06799677429826545,-0.06799677429826545,0,0.06799677429826545,302.2762829752863,14
USD,validation,8,2017-08-29,2017-09-27,selected_threshold,0,0.7652385343416341,0.06644832633556184,-0.1162164275721302,0.1162164275721302,0,-0.1162164275721302,165.9954827980498,10
USD,validation,9,2017-09-27,2017-10-26,selected_threshold,0,0.9164720876087884,0.07958099223870733,0.4726475902488261,-0.4726475902488261,0,0.4726475902488261,254.9648875581,9
USD,validation,10,2017-10-26,2017-11-24,selected_threshold,0,0.8661951383352289,0.07521506411021012,-0.138205123164596,0.138205123164596,0,-0.138205123164596,334.0923288457796,11
USD,validation,11,2017-11-24,2017-12-27,selected_threshold,0,0.8949055505462269,0.0777082027860693,0.403838698960584,-0.403838698960584,0,0.403838698960584,194.3904923253386,9
USD,validation,12,2017-12-27,2018-01-26,selected_threshold,0,0.7537689572793198,0.06545235316924064,-0.2358930722410122,0.2358930722410122,0,-0.2358930722410122,214.1740514522749,7
USD,validation,13,2018-01-26,2018-02-26,selected_threshold,0,0.8439163526982014,0.07328043814421953,-0.07267218330481118,0.07267218330481118,0,-0.07267218330481118,192.4135468389516,9
USD,validation,14,2018-02-26,2018-03-27,selected_threshold,0,0.8214878121724851,0.07133281366380059,0.124848578733932,-0.124848578733932,0,0.124848578733932,295.0739365115105,10
USD,validation,15,2018-03-27,2018-04-27,selected_threshold,0,0.8825005051698867,0.07663097919623478,0.1371084193178067,-0.1371084193178067,0,0.1371084193178067,168.7398124945813,10
USD,validation,16,2018-04-27,2018-05-29,selected_threshold,0,0.8127553431567023,0.07057451483360759,-0.05865478990538509,0.05865478990538509,0,-0.05865478990538509,120.6412916144414,7
USD,validation,17,2018-05-29,2018-06-27,selected_threshold,0,0.8075496782538991,0.07012247245228501,-0.08168051677662902,0.08168051677662902,0,-0.08168051677662902,299.6929311110716,11
USD,validation,18,2018-06-27,2018-07-26,selected_threshold,0,0.8594149030337235,0.07462628727288742,0.1141387668582752,-0.1141387668582752,0,0.1141387668582752,269.213444413387,10
USD,validation,19,2018-07-26,2018-08-24,selected_threshold,0,0.8887230973077465,0.07717133353953876,0.02173363763134084,-0.02173363763134084,0,0.02173363763134084,134.7979943099358,7
USD,validation,20,2018-08-24,2018-09-24,selected_threshold,0,0.9436330059385369,0.0819395934370489,0.2276943760175385,-0.2276943760175385,0,0.2276943760175385,229.3147623209328,6
USD,validation,21,2018-09-24,2018-10-23,selected_threshold,0,0.8394419868897955,0.07289189772030455,-0.01072081153707138,0.01072081153707138,0,-0.01072081153707138,99.97430046417099,5
USD,validation,22,2018-10-23,2018-11-21,selected_threshold,0,0.8174119972136538,0.07097888321943249,0.009546807450979244,-0.009546807450979244,0,0.009546807450979244,200.4741519221216,11
USD,validation,23,2018-11-21,2018-12-20,selected_threshold,0,0.7640131516420681,0.06634191883440189,0.02710597175985896,-0.02710597175985896,0,0.02710597175985896,280.0847961022185,15
USD,validation,24,2018-12-20,2019-01-23,selected_threshold,0,0.7898837843682571,0.06858842802878308,0.1397524496016427,-0.1397524496016427,0,0.1397524496016427,216.3926611920635,13
USD,validation,25,2019-01-23,2019-02-21,selected_threshold,0,0.7643889263336519,0.06637454965570014,0.288209408011582,-0.288209408011582,0,0.288209408011582,217.2455862030301,11
USD,validation,26,2019-02-21,2019-03-22,selected_threshold,0,0.6668755273558418,0.05790691039584236,-0.1295951757195724,0.1295951757195724,0,-0.1295951757195724,268.7584376256896,9
USD,validation,27,2019-03-22,2019-04-24,selected_threshold,0,0.5828877698002231,0.05061384878617129,0.1391889804167938,-0.1391889804167938,0,0.1391889804167938,159.3197374785798,7
USD,validation,28,2019-04-24,2019-05-24,selected_threshold,0,0.5224851750949497,0.04536883563065042,0.007701774131066541,-0.007701774131066541,0,0.007701774131066541,189.5870702292108,10
USD,validation,29,2019-05-24,2019-06-24,selected_threshold,0,0.531556053524568,0.04615649669495694,-0.2138021271685915,0.2138021271685915,0,-0.2138021271685915,315.2528244699421,11
USD,validation,30,2019-06-24,2019-07-23,selected_threshold,0,0.5576956585102266,0.04842630769879704,0.05926300297111586,-0.05926300297111586,0,0.05926300297111586,100.1029754535888,6
USD,validation,31,2019-07-23,2019-08-21,selected_threshold,0,0.5565720525925855,0.04832874020203033,-0.08166967531599667,0.08166967531599667,0,-0.08166967531599667,208.176870792273,10
USD,validation,32,2019-08-21,2019-09-19,selected_threshold,0,0.6021707671853065,0.05228827909417299,-0.02346048741542006,0.02346048741542006,0,-0.02346048741542006,205.3994898395139,9
USD,validation,33,2019-09-19,2019-10-18,selected_threshold,0,0.662354979150706,0.05751436785528586,-0.02086428282156305,0.02086428282156305,0,-0.02086428282156305,267.1234759357017,7
USD,validation,34,2019-10-18,2019-11-18,selected_threshold,0,0.684418531141695,0.05943026176225305,0.1877221202112564,-0.1877221202112564,0,0.1877221202112564,137.2098846616629,8
USD,validation,35,2019-11-18,2019-12-17,selected_threshold,0,0.603156883906145,0.05237390817239662,0.1827932655462803,-0.1827932655462803,0,0.1827932655462803,237.2394293820102,8
USD,validation,36,2019-12-17,2020-01-20,selected_threshold,0,0.4859260981866669,0.04219426894723551,-0.2605431219192349,0.2605431219192349,0,-0.2605431219192349,301.1740301645987,15
USD,validation,37,2020-01-20,2020-02-18,selected_threshold,0,0.5087377304250964,0.04417509051822137,-0.05281636489354913,0.05281636489354913,0,-0.05281636489354913,127.5840140945621,7
USD,validation,38,2020-02-18,2020-03-18,selected_threshold,0,0.5147016199298378,0.04469295852027797,-0.1403616002933745,0.1403616002933745,0,-0.1403616002933745,199.4715186000849,5
USD,validation,39,2020-03-18,2020-04-20,selected_threshold,0,0.8946164677417983,0.07768309952599686,-0.1237434442840186,0.1237434442840186,0,-0.1237434442840186,239.7304280286641,12
USD,validation,40,2020-04-20,2020-05-20,selected_threshold,0,1.07792799529502,0.0936016533512031,0.05371840136520234,-0.05371840136520234,0,0.05371840136520234,310.0328176064343,10
USD,validation,41,2020-05-20,2020-06-18,selected_threshold,0,1.168595821020453,0.1014753163220898,0.1506963268403325,-0.1506963268403325,0,0.1506963268403325,199.9179442667177,5
USD,validation,42,2020-06-18,2020-07-17,selected_threshold,0,1.021363110855056,0.08868957763055126,0.08034065721639649,-0.08034065721639649,0,0.08034065721639649,279.8865016311098,11
USD,validation,43,2020-07-17,2020-08-17,selected_threshold,0,0.927720427959656,0.08055777505194592,-0.2451412767959766,0.2451412767959766,0,-0.2451412767959766,185.4745417232958,4
USD,validation,44,2020-08-17,2020-09-15,selected_threshold,0,0.9702554350028265,0.08425144249153997,0.3695414575483937,-0.3695414575483937,0,0.3695414575483937,266.8896042484313,13
USD,validation,45,2020-09-15,2020-10-14,selected_threshold,0,0.9534795448824767,0.08279465001445441,0.2582362774420304,-0.2582362774420304,0,0.2582362774420304,120.5755485091799,7
USD,validation,46,2020-10-14,2020-11-12,selected_threshold,0,0.8403172557294596,0.07296790340685112,-0.08537410796915879,0.08537410796915879,0,-0.08537410796915879,287.0685413759568,11
USD,validation,47,2020-11-12,2020-12-11,selected_threshold,0,0.75213139366344,0.0653101536670658,0.02865010918803534,-0.02865010918803534,0,0.02865010918803534,200.4451113088169,5
USD,validation,0,2017-01-02,2017-01-31,frozen_rolling63_daily,5,1.019570245082775,0.08853388650611861,-0.411383175159159,0.411383175159159,0.149165256044497,-0.2622179191146621,298.3305120889939,22
USD,validation,1,2017-01-31,2017-03-01,frozen_rolling63_daily,5,1.168379898069077,0.1014565652570547,0.239504160771941,-0.239504160771941,0.07901852593143462,0.3185226867033756,158.0370518628692,22
USD,validation,2,2017-03-01,2017-03-30,frozen_rolling63_daily,5,1.147416848586097,0.09963610688449649,0.1377940969179718,-0.1377940969179718,0.1144849554794787,0.2522790523974505,228.9699109589574,22
USD,validation,3,2017-03-30,2017-05-03,frozen_rolling63_daily,5,0.9648184406661287,0.08377930186691938,-0.1113770896736526,0.1113770896736526,0.1475367417364876,0.03615965206283503,295.0734834729752,22
USD,validation,4,2017-05-03,2017-06-01,frozen_rolling63_daily,5,0.7934787240556034,0.06890059973989822,-0.1535310534275425,0.1535310534275425,0.1225972246958518,-0.0309338287316907,245.1944493917036,22
USD,validation,5,2017-06-01,2017-06-30,frozen_rolling63_daily,5,0.7607292656108555,0.06605675893102921,-0.1014298410610053,0.1014298410610053,0.152089726432804,0.05065988537179875,304.179452865608,22
USD,validation,6,2017-06-30,2017-07-31,frozen_rolling63_daily,5,0.7058186216879108,0.06128854817359929,-0.3210487033955616,0.3210487033955616,0.1458334787999879,-0.1752152245955737,291.6669575999758,22
USD,validation,7,2017-07-31,2017-08-29,frozen_rolling63_daily,5,0.7222407445423897,0.06271457352228163,-0.08083161640443848,0.08083161640443848,0.1580881929050955,0.07725657650065706,316.1763858101912,22
USD,validation,8,2017-08-29,2017-09-27,frozen_rolling63_daily,5,0.7652385343416341,0.06644832633556184,-0.5243770888391566,0.5243770888391566,0.1364842566634283,-0.3878928321757282,272.9685133268565,22
USD,validation,9,2017-09-27,2017-10-26,frozen_rolling63_daily,5,0.9164720876087884,0.07958099223870733,0.3148078569196429,-0.3148078569196429,0.1481864243406674,0.4629942812603102,296.3728486813347,22
USD,validation,10,2017-10-26,2017-11-24,frozen_rolling63_daily,5,0.8661951383352289,0.07521506411021012,-0.3347715779265599,0.3347715779265599,0.183916790563563,-0.1508547873629968,367.833581127126,22
USD,validation,11,2017-11-24,2017-12-27,frozen_rolling63_daily,5,0.8949055505462269,0.0777082027860693,0.3038805928895982,-0.3038805928895982,0.1170957990053322,0.4209763918949305,234.1915980106644,22
USD,validation,12,2017-12-27,2018-01-26,frozen_rolling63_daily,5,0.7537689572793198,0.06545235316924064,-0.2544952683273607,0.2544952683273607,0.131078220158474,-0.1234170481688867,262.156440316948,22
USD,validation,13,2018-01-26,2018-02-26,frozen_rolling63_daily,5,0.8439163526982014,0.07328043814421953,-0.2026567242416367,0.2026567242416367,0.1189232925641328,-0.0837334316775039,237.8465851282656,22
USD,validation,14,2018-02-26,2018-03-27,frozen_rolling63_daily,5,0.8214878121724851,0.07133281366380059,-0.1611079479734485,0.1611079479734485,0.1742732755442113,0.01316532757076275,348.5465510884226,22
USD,validation,15,2018-03-27,2018-04-27,frozen_rolling63_daily,5,0.8825005051698867,0.07663097919623478,0.1011454415519808,-0.1011454415519808,0.09645198168146889,0.1975974232334497,192.9039633629378,22
USD,validation,16,2018-04-27,2018-05-29,frozen_rolling63_daily,5,0.8127553431567023,0.07057451483360759,-0.09929564897919452,0.09929564897919452,0.06843981832100365,-0.03085583065819086,136.8796366420073,22
USD,validation,17,2018-05-29,2018-06-27,frozen_rolling63_daily,5,0.8075496782538991,0.07012247245228501,-0.5174544687468483,0.5174544687468483,0.1880034186275844,-0.3294510501192639,376.0068372551689,22
USD,validation,18,2018-06-27,2018-07-26,frozen_rolling63_daily,5,0.8594149030337235,0.07462628727288742,-0.1212948896278476,0.1212948896278476,0.1674045551046767,0.04610966547682904,334.8091102093533,22
USD,validation,19,2018-07-26,2018-08-24,frozen_rolling63_daily,5,0.8887230973077465,0.07717133353953876,-0.1805218481931494,0.1805218481931494,0.08574474432218716,-0.09477710387096226,171.4894886443743,22
USD,validation,20,2018-08-24,2018-09-24,frozen_rolling63_daily,5,0.9436330059385369,0.0819395934370489,0.07582549390103566,-0.07582549390103566,0.1474279029476075,0.2232533968486431,294.855805895215,22
USD,validation,21,2018-09-24,2018-10-23,frozen_rolling63_daily,5,0.8394419868897955,0.07289189772030455,-0.05799662127812695,0.05799662127812695,0.06108746614216099,0.003090844864034041,122.174932284322,22
USD,validation,22,2018-10-23,2018-11-21,frozen_rolling63_daily,5,0.8174119972136538,0.07097888321943249,-0.160202902635513,0.160202902635513,0.1216352292406118,-0.03856767339490111,243.2704584812237,22
USD,validation,23,2018-11-21,2018-12-20,frozen_rolling63_daily,5,0.7640131516420681,0.06634191883440189,-0.145336026235924,0.145336026235924,0.152470762384042,0.00713473614811802,304.941524768084,22
USD,validation,24,2018-12-20,2019-01-23,frozen_rolling63_daily,5,0.7898837843682571,0.06858842802878308,0.05950691451170131,-0.05950691451170131,0.1092003414855313,0.1687072559972326,218.4006829710626,22
USD,validation,25,2019-01-23,2019-02-21,frozen_rolling63_daily,5,0.7643889263336519,0.06637454965570014,0.2242387139375737,-0.2242387139375737,0.1154938402864966,0.3397325542240703,230.9876805729933,22
USD,validation,26,2019-02-21,2019-03-22,frozen_rolling63_daily,5,0.6668755273558418,0.05790691039584236,-0.1251564459946337,0.1251564459946337,0.1401400798090714,0.01498363381443771,280.2801596181428,22
USD,validation,27,2019-03-22,2019-04-24,frozen_rolling63_daily,5,0.5828877698002231,0.05061384878617129,0.02127280464065695,-0.02127280464065695,0.1091566703387407,0.1304294749793977,218.3133406774814,22
USD,validation,28,2019-04-24,2019-05-24,frozen_rolling63_daily,5,0.5224851750949497,0.04536883563065042,-0.1373591462944028,0.1373591462944028,0.1249515154631397,-0.01240763083126313,249.9030309262793,22
USD,validation,29,2019-05-24,2019-06-24,frozen_rolling63_daily,5,0.531556053524568,0.04615649669495694,-0.2967596522342859,0.2967596522342859,0.1626120443767982,-0.1341476078574877,325.2240887535964,22
USD,validation,30,2019-06-24,2019-07-23,frozen_rolling63_daily,5,0.5576956585102266,0.04842630769879704,-0.02000254222503457,0.02000254222503457,0.06440406326264944,0.04440152103761488,128.8081265252988,22
USD,validation,31,2019-07-23,2019-08-21,frozen_rolling63_daily,5,0.5565720525925855,0.04832874020203033,-0.3344107599889528,0.3344107599889528,0.1292091674557954,-0.2052015925331573,258.4183349115908,22
USD,validation,32,2019-08-21,2019-09-19,frozen_rolling63_daily,5,0.6021707671853065,0.05228827909417299,-0.3186534532952017,0.3186534532952017,0.1323584858070521,-0.1862949674881496,264.7169716141042,22
USD,validation,33,2019-09-19,2019-10-18,frozen_rolling63_daily,5,0.662354979150706,0.05751436785528586,-0.1474759080908541,0.1474759080908541,0.1558040971431669,0.008328189052312807,311.6081942863337,22
USD,validation,34,2019-10-18,2019-11-18,frozen_rolling63_daily,5,0.684418531141695,0.05943026176225305,0.1191492239772063,-0.1191492239772063,0.0794988643384711,0.1986480883156774,158.9977286769422,22
USD,validation,35,2019-11-18,2019-12-17,frozen_rolling63_daily,5,0.603156883906145,0.05237390817239662,-0.02212174394337296,0.02212174394337296,0.1452757269470935,0.1231539830037206,290.5514538941871,22
USD,validation,36,2019-12-17,2020-01-20,frozen_rolling63_daily,5,0.4859260981866669,0.04219426894723551,-0.4131200305170712,0.4131200305170712,0.1689620474703542,-0.244157983046717,337.9240949407084,22
USD,validation,37,2020-01-20,2020-02-18,frozen_rolling63_daily,5,0.5087377304250964,0.04417509051822137,-0.03099937960829415,0.03099937960829415,0.07889239429679876,0.04789301468850461,157.7847885935975,22
USD,validation,38,2020-02-18,2020-03-18,frozen_rolling63_daily,5,0.5147016199298378,0.04469295852027797,-0.211249798740468,0.211249798740468,0.1086308771266332,-0.1026189216138348,217.2617542532665,22
USD,validation,39,2020-03-18,2020-04-20,frozen_rolling63_daily,5,0.8946164677417983,0.07768309952599686,-0.5250082116220316,0.5250082116220316,0.1583689739284456,-0.366639237693586,316.7379478568912,22
USD,validation,40,2020-04-20,2020-05-20,frozen_rolling63_daily,5,1.07792799529502,0.0936016533512031,-0.06150390611892931,0.06150390611892931,0.1754316951787938,0.1139277890598644,350.8633903575875,22
USD,validation,41,2020-05-20,2020-06-18,frozen_rolling63_daily,5,1.168595821020453,0.1014753163220898,-0.02179035155769782,0.02179035155769782,0.1170102710730138,0.095219919515316,234.0205421460276,22
USD,validation,42,2020-06-18,2020-07-17,frozen_rolling63_daily,5,1.021363110855056,0.08868957763055126,-0.1464920166388168,0.1464920166388168,0.1658810667769264,0.01938905013810954,331.7621335538528,22
USD,validation,43,2020-07-17,2020-08-17,frozen_rolling63_daily,5,0.927720427959656,0.08055777505194592,-0.2367675695404898,0.2367675695404898,0.1100421247136649,-0.126725444826825,220.0842494273297,22
USD,validation,44,2020-08-17,2020-09-15,frozen_rolling63_daily,5,0.9702554350028265,0.08425144249153997,0.1425672770174771,-0.1425672770174771,0.1535447051468106,0.2961119821642877,307.0894102936212,22
USD,validation,45,2020-09-15,2020-10-14,frozen_rolling63_daily,5,0.9534795448824767,0.08279465001445441,0.2747675571351875,-0.2747675571351875,0.07702668876911513,0.3517942459043026,154.0533775382302,22
USD,validation,46,2020-10-14,2020-11-12,frozen_rolling63_daily,5,0.8403172557294596,0.07296790340685112,-0.09894419439327606,0.09894419439327606,0.1530599393739532,0.05411574498067712,306.1198787479063,22
USD,validation,47,2020-11-12,2020-12-11,frozen_rolling63_daily,5,0.75213139366344,0.0653101536670658,-0.02503116854762766,0.02503116854762766,0.1169660489873303,0.09193488043970269,233.9320979746607,22
USD,validation,0,2017-01-02,2017-01-31,rolling63_daily,5,1.019570245082775,0.08853388650611861,-0.4178558723272516,0.4178558723272516,0.1481535623065219,-0.2697023100207297,296.307124613044,22
USD,validation,1,2017-01-31,2017-03-01,rolling63_daily,5,1.168379898069077,0.1014565652570547,0.2434602649820884,-0.2434602649820884,0.07937533330735506,0.3228355982894435,158.7506666147101,22
USD,validation,2,2017-03-01,2017-03-30,rolling63_daily,5,1.147416848586097,0.09963610688449649,0.2076261969476718,-0.2076261969476718,0.113697726059711,0.3213239230073828,227.395452119422,22
USD,validation,3,2017-03-30,2017-05-03,rolling63_daily,5,0.9648184406661287,0.08377930186691938,-0.1580967754206455,0.1580967754206455,0.1518821849780469,-0.006214590442598589,303.7643699560938,22
USD,validation,4,2017-05-03,2017-06-01,rolling63_daily,5,0.7934787240556034,0.06890059973989822,-0.1615168384537782,0.1615168384537782,0.1227793149768714,-0.03873752347690682,245.5586299537427,22
USD,validation,5,2017-06-01,2017-06-30,rolling63_daily,5,0.7607292656108555,0.06605675893102921,-0.1024667347918751,0.1024667347918751,0.1539403182018849,0.05147358341000988,307.8806364037699,22
USD,validation,6,2017-06-30,2017-07-31,rolling63_daily,5,0.7058186216879108,0.06128854817359929,-0.3225265668947799,0.3225265668947799,0.1458482852621839,-0.176678281632596,291.6965705243678,22
USD,validation,7,2017-07-31,2017-08-29,rolling63_daily,5,0.7222407445423897,0.06271457352228163,-0.07124724175352526,0.07124724175352526,0.1584601460137537,0.08721290426022846,316.9202920275075,22
USD,validation,8,2017-08-29,2017-09-27,rolling63_daily,5,0.7652385343416341,0.06644832633556184,-0.5077722437412621,0.5077722437412621,0.1316225914597714,-0.3761496522814907,263.2451829195427,22
USD,validation,9,2017-09-27,2017-10-26,rolling63_daily,5,0.9164720876087884,0.07958099223870733,0.3001659430211419,-0.3001659430211419,0.1504749738525167,0.4506409168736586,300.9499477050334,22
USD,validation,10,2017-10-26,2017-11-24,rolling63_daily,5,0.8661951383352289,0.07521506411021012,-0.3128553385292463,0.3128553385292463,0.1794419285387494,-0.1334134099904969,358.8838570774988,22
USD,validation,11,2017-11-24,2017-12-27,rolling63_daily,5,0.8949055505462269,0.0777082027860693,0.2627405068571171,-0.2627405068571171,0.1211117295737609,0.383852236430878,242.2234591475218,22
USD,validation,12,2017-12-27,2018-01-26,rolling63_daily,5,0.7537689572793198,0.06545235316924064,-0.2742070370934186,0.2742070370934186,0.1312006926938463,-0.1430063443995724,262.4013853876925,22
USD,validation,13,2018-01-26,2018-02-26,rolling63_daily,5,0.8439163526982014,0.07328043814421953,-0.2134834407217582,0.2134834407217582,0.1201807017352776,-0.09330273898648053,240.3614034705552,22
USD,validation,14,2018-02-26,2018-03-27,rolling63_daily,5,0.8214878121724851,0.07133281366380059,-0.1395865144442752,0.1395865144442752,0.169633380067386,0.03004686562311082,339.266760134772,22
USD,validation,15,2018-03-27,2018-04-27,rolling63_daily,5,0.8825005051698867,0.07663097919623478,0.1096936964105785,-0.1096936964105785,0.09801386889746365,0.2077075653080421,196.0277377949273,22
USD,validation,16,2018-04-27,2018-05-29,rolling63_daily,5,0.8127553431567023,0.07057451483360759,-0.100489218900003,0.100489218900003,0.06827131611493656,-0.03221790278506644,136.5426322298731,22
USD,validation,17,2018-05-29,2018-06-27,rolling63_daily,5,0.8075496782538991,0.07012247245228501,-0.5350481187436031,0.5350481187436031,0.1885191713866952,-0.346528947356908,377.0383427733902,22
USD,validation,18,2018-06-27,2018-07-26,rolling63_daily,5,0.8594149030337235,0.07462628727288742,-0.1121755655176031,0.1121755655176031,0.165122932021803,0.0529473665041999,330.245864043606,22
USD,validation,19,2018-07-26,2018-08-24,rolling63_daily,5,0.8887230973077465,0.07717133353953876,-0.1931695676985141,0.1931695676985141,0.08709424895801551,-0.1060753187404986,174.188497916031,22
USD,validation,20,2018-08-24,2018-09-24,rolling63_daily,5,0.9436330059385369,0.0819395934370489,0.09643606433456853,-0.09643606433456853,0.1478560009290569,0.2442920652636255,295.7120018581139,22
USD,validation,21,2018-09-24,2018-10-23,rolling63_daily,5,0.8394419868897955,0.07289189772030455,-0.05896545157665978,0.05896545157665978,0.06132786373907406,0.002362412162414278,122.6557274781481,22
USD,validation,22,2018-10-23,2018-11-21,rolling63_daily,5,0.8174119972136538,0.07097888321943249,-0.1590033657614942,0.1590033657614942,0.1208454609519984,-0.03815790480949578,241.6909219039969,22
USD,validation,23,2018-11-21,2018-12-20,rolling63_daily,5,0.7640131516420681,0.06634191883440189,-0.1365984462043528,0.1365984462043528,0.1514656440379726,0.01486719783361981,302.9312880759451,22
USD,validation,24,2018-12-20,2019-01-23,rolling63_daily,5,0.7898837843682571,0.06858842802878308,0.05258802972225718,-0.05258802972225718,0.1106558119857293,0.1632438417079865,221.3116239714586,22
USD,validation,25,2019-01-23,2019-02-21,rolling63_daily,5,0.7643889263336519,0.06637454965570014,0.1970937612933312,-0.1970937612933312,0.1182046224278729,0.3152983837212041,236.4092448557457,22
USD,validation,26,2019-02-21,2019-03-22,rolling63_daily,5,0.6668755273558418,0.05790691039584236,-0.1734941737203712,0.1734941737203712,0.1469941336954693,-0.02650004002490189,293.9882673909387,22
USD,validation,27,2019-03-22,2019-04-24,rolling63_daily,5,0.5828877698002231,0.05061384878617129,0.008087790925107807,-0.008087790925107807,0.1128931607714839,0.1209809516965917,225.7863215429677,22
USD,validation,28,2019-04-24,2019-05-24,rolling63_daily,5,0.5224851750949497,0.04536883563065042,-0.124287826013544,0.124287826013544,0.1214107312500038,-0.002877094763540256,242.8214625000075,22
USD,validation,29,2019-05-24,2019-06-24,rolling63_daily,5,0.531556053524568,0.04615649669495694,-0.30144258299201,0.30144258299201,0.1632047381432937,-0.1382378448487163,326.4094762865873,22
USD,validation,30,2019-06-24,2019-07-23,rolling63_daily,5,0.5576956585102266,0.04842630769879704,-0.01656224298542346,0.01656224298542346,0.06444352342590229,0.04788128044047883,128.8870468518046,22
USD,validation,31,2019-07-23,2019-08-21,rolling63_daily,5,0.5565720525925855,0.04832874020203033,-0.3302779229547262,0.3302779229547262,0.1294571680348685,-0.2008207549198577,258.914336069737,22
USD,validation,32,2019-08-21,2019-09-19,rolling63_daily,5,0.6021707671853065,0.05228827909417299,-0.3033676587984147,0.3033676587984147,0.1322284389131371,-0.1711392198852776,264.4568778262741,22
USD,validation,33,2019-09-19,2019-10-18,rolling63_daily,5,0.662354979150706,0.05751436785528586,-0.1479470425204568,0.1479470425204568,0.1549155987512583,0.006968556230801504,309.8311975025165,22
USD,validation,34,2019-10-18,2019-11-18,rolling63_daily,5,0.684418531141695,0.05943026176225305,0.1259106813455001,-0.1259106813455001,0.08045063062392831,0.2063613119694284,160.9012612478566,22
USD,validation,35,2019-11-18,2019-12-17,rolling63_daily,5,0.603156883906145,0.05237390817239662,-0.004418613262913595,0.004418613262913595,0.1470014535174632,0.1425828402545496,294.0029070349262,22
USD,validation,36,2019-12-17,2020-01-20,rolling63_daily,5,0.4859260981866669,0.04219426894723551,-0.3966147219154896,0.3966147219154896,0.1648012276765201,-0.2318134942389695,329.6024553530402,22
USD,validation,37,2020-01-20,2020-02-18,rolling63_daily,5,0.5087377304250964,0.04417509051822137,-0.02810337545519883,0.02810337545519883,0.07862429711673294,0.05052092166153411,157.2485942334658,22
USD,validation,38,2020-02-18,2020-03-18,rolling63_daily,5,0.5147016199298378,0.04469295852027797,-0.2216673223018546,0.2216673223018546,0.1086808764740533,-0.1129864458278013,217.3617529481065,22
USD,validation,39,2020-03-18,2020-04-20,rolling63_daily,5,0.8946164677417983,0.07768309952599686,-0.4243537526192451,0.4243537526192451,0.1478776926784942,-0.2764760599407509,295.7553853569884,22
USD,validation,40,2020-04-20,2020-05-20,rolling63_daily,5,1.07792799529502,0.0936016533512031,-0.03741350106909636,0.03741350106909636,0.1707775893987413,0.133364088329645,341.5551787974827,22
USD,validation,41,2020-05-20,2020-06-18,rolling63_daily,5,1.168595821020453,0.1014753163220898,-0.02200095547715364,0.02200095547715364,0.1162367818186067,0.09423582634145308,232.4735636372134,22
USD,validation,42,2020-06-18,2020-07-17,rolling63_daily,5,1.021363110855056,0.08868957763055126,-0.1571765835757333,0.1571765835757333,0.1704522055649408,0.01327562198920748,340.9044111298815,22
USD,validation,43,2020-07-17,2020-08-17,rolling63_daily,5,0.927720427959656,0.08055777505194592,-0.2540071185571549,0.2540071185571549,0.1111800892106781,-0.1428270293464768,222.3601784213562,22
USD,validation,44,2020-08-17,2020-09-15,rolling63_daily,5,0.9702554350028265,0.08425144249153997,0.1364671072282277,-0.1364671072282277,0.1544746648498394,0.2909417720780672,308.9493296996787,22
USD,validation,45,2020-09-15,2020-10-14,rolling63_daily,5,0.9534795448824767,0.08279465001445441,0.2676012801314065,-0.2676012801314065,0.07604952685456666,0.3436508069859732,152.0990537091334,22
USD,validation,46,2020-10-14,2020-11-12,rolling63_daily,5,0.8403172557294596,0.07296790340685112,-0.1652554747135468,0.1652554747135468,0.160750507246211,-0.004504967467335808,321.501014492422,22
USD,validation,47,2020-11-12,2020-12-11,rolling63_daily,5,0.75213139366344,0.0653101536670658,0.02762867633117594,-0.02762867633117594,0.1169825230975089,0.1446111994286849,233.9650461950178,22
USD,validation,0,2017-01-02,2017-01-31,ewma_daily,5,1.019570245082775,0.08853388650611861,-0.4039040229433226,0.4039040229433226,0.1450329814796266,-0.258871041463696,290.0659629592532,22
USD,validation,1,2017-01-31,2017-03-01,ewma_daily,5,1.168379898069077,0.1014565652570547,0.2553957174168804,-0.2553957174168804,0.07963212352023138,0.3350278409371118,159.2642470404628,22
USD,validation,2,2017-03-01,2017-03-30,ewma_daily,5,1.147416848586097,0.09963610688449649,0.2159873015489921,-0.2159873015489921,0.1160680179612249,0.3320553195102171,232.1360359224498,22
USD,validation,3,2017-03-30,2017-05-03,ewma_daily,5,0.9648184406661287,0.08377930186691938,-0.1529412334807887,0.1529412334807887,0.1525727045156393,-0.0003685289651494117,305.1454090312786,22
USD,validation,4,2017-05-03,2017-06-01,ewma_daily,5,0.7934787240556034,0.06890059973989822,-0.179727100094965,0.179727100094965,0.1217456821789512,-0.05798141791601372,243.4913643579025,22
USD,validation,5,2017-06-01,2017-06-30,ewma_daily,5,0.7607292656108555,0.06605675893102921,-0.1113602713881079,0.1113602713881079,0.1550717114744344,0.04371144008632649,310.1434229488688,22
USD,validation,6,2017-06-30,2017-07-31,ewma_daily,5,0.7058186216879108,0.06128854817359929,-0.3242694191281856,0.3242694191281856,0.1456423526032142,-0.1786270665249714,291.2847052064285,22
USD,validation,7,2017-07-31,2017-08-29,ewma_daily,5,0.7222407445423897,0.06271457352228163,-0.05999990613611317,0.05999990613611317,0.1549174798527282,0.09491757371661505,309.8349597054564,22
USD,validation,8,2017-08-29,2017-09-27,ewma_daily,5,0.7652385343416341,0.06644832633556184,-0.4907044719457522,0.4907044719457522,0.1287597012422982,-0.361944770703454,257.5194024845964,22
USD,validation,9,2017-09-27,2017-10-26,ewma_daily,5,0.9164720876087884,0.07958099223870733,0.2819348592167472,-0.2819348592167472,0.153760187156293,0.4356950463730402,307.520374312586,22
USD,validation,10,2017-10-26,2017-11-24,ewma_daily,5,0.8661951383352289,0.07521506411021012,-0.354766666592198,0.354766666592198,0.1847154542094157,-0.1700512123827824,369.4309084188314,22
USD,validation,11,2017-11-24,2017-12-27,ewma_daily,5,0.8949055505462269,0.0777082027860693,0.2659999962776318,-0.2659999962776318,0.1213283398401281,0.38732833611776,242.6566796802563,22
USD,validation,12,2017-12-27,2018-01-26,ewma_daily,5,0.7537689572793198,0.06545235316924064,-0.2749811399100679,0.2749811399100679,0.1306245696069967,-0.1443565703030712,261.2491392139934,22
USD,validation,13,2018-01-26,2018-02-26,ewma_daily,5,0.8439163526982014,0.07328043814421953,-0.2134013214120598,0.2134013214120598,0.1185054886964822,-0.09489583271557765,237.0109773929644,22
USD,validation,14,2018-02-26,2018-03-27,ewma_daily,5,0.8214878121724851,0.07133281366380059,-0.1255200869330366,0.1255200869330366,0.1684178291165821,0.04289774218354547,336.8356582331643,22
USD,validation,15,2018-03-27,2018-04-27,ewma_daily,5,0.8825005051698867,0.07663097919623478,0.1017622561849137,-0.1017622561849137,0.1011181789121944,0.2028804350971081,202.2363578243888,22
USD,validation,16,2018-04-27,2018-05-29,ewma_daily,5,0.8127553431567023,0.07057451483360759,-0.08966289942013335,0.08966289942013335,0.06873235321223815,-0.0209305462078952,137.4647064244763,22
USD,validation,17,2018-05-29,2018-06-27,ewma_daily,5,0.8075496782538991,0.07012247245228501,-0.4861795123750312,0.4861795123750312,0.1830238188689375,-0.3031556935060937,366.0476377378749,22
USD,validation,18,2018-06-27,2018-07-26,ewma_daily,5,0.8594149030337235,0.07462628727288742,-0.1108392898543968,0.1108392898543968,0.1651100973264395,0.05427080747204263,330.2201946528789,22
USD,validation,19,2018-07-26,2018-08-24,ewma_daily,5,0.8887230973077465,0.07717133353953876,-0.178758695939029,0.178758695939029,0.08743781918392547,-0.09132087675510357,174.8756383678509,22
USD,validation,20,2018-08-24,2018-09-24,ewma_daily,5,0.9436330059385369,0.0819395934370489,0.09631569376918492,-0.09631569376918492,0.1488709827356946,0.2451866765048795,297.7419654713893,22
USD,validation,21,2018-09-24,2018-10-23,ewma_daily,5,0.8394419868897955,0.07289189772030455,-0.04894575010186705,0.04894575010186705,0.06106927051664274,0.01212352041477569,122.1385410332855,22
USD,validation,22,2018-10-23,2018-11-21,ewma_daily,5,0.8174119972136538,0.07097888321943249,-0.1689482740752162,0.1689482740752162,0.1230019524704482,-0.04594632160476794,246.0039049408964,22
USD,validation,23,2018-11-21,2018-12-20,ewma_daily,5,0.7640131516420681,0.06634191883440189,-0.1249245374179253,0.1249245374179253,0.149465910028303,0.0245413726103777,298.9318200566061,22
USD,validation,24,2018-12-20,2019-01-23,ewma_daily,5,0.7898837843682571,0.06858842802878308,0.05473265790104276,-0.05473265790104276,0.110536194638032,0.1652688525390747,221.0723892760639,22
USD,validation,25,2019-01-23,2019-02-21,ewma_daily,5,0.7643889263336519,0.06637454965570014,0.1880744976753732,-0.1880744976753732,0.1194986516561399,0.3075731493315131,238.9973033122799,22
USD,validation,26,2019-02-21,2019-03-22,ewma_daily,5,0.6668755273558418,0.05790691039584236,-0.1780995906020877,0.1780995906020877,0.1480793133742847,-0.03002027722780298,296.1586267485694,22
USD,validation,27,2019-03-22,2019-04-24,ewma_daily,5,0.5828877698002231,0.05061384878617129,0.01994713827181638,-0.01994713827181638,0.1094523417047594,0.1293994799765757,218.9046834095188,22
USD,validation,28,2019-04-24,2019-05-24,ewma_daily,5,0.5224851750949497,0.04536883563065042,-0.1000725160005984,0.1000725160005984,0.1167701348304982,0.01669761882989976,233.5402696609963,22
USD,validation,29,2019-05-24,2019-06-24,ewma_daily,5,0.531556053524568,0.04615649669495694,-0.3045789579798566,0.3045789579798566,0.1633339493289728,-0.1412450086508838,326.6678986579456,22
USD,validation,30,2019-06-24,2019-07-23,ewma_daily,5,0.5576956585102266,0.04842630769879704,-0.02553336282271141,0.02553336282271141,0.06446846816696733,0.03893510534425591,128.9369363339346,22
USD,validation,31,2019-07-23,2019-08-21,ewma_daily,5,0.5565720525925855,0.04832874020203033,-0.3005354284844237,0.3005354284844237,0.12540553160028,-0.1751298968841438,250.8110632005599,22
USD,validation,32,2019-08-21,2019-09-19,ewma_daily,5,0.6021707671853065,0.05228827909417299,-0.3007916704827167,0.3007916704827167,0.1323998768421613,-0.1683917936405554,264.7997536843225,22
USD,validation,33,2019-09-19,2019-10-18,ewma_daily,5,0.662354979150706,0.05751436785528586,-0.1738401902873932,0.1738401902873932,0.1570803848491264,-0.01675980543826677,314.1607696982527,22
USD,validation,34,2019-10-18,2019-11-18,ewma_daily,5,0.684418531141695,0.05943026176225305,0.1313257441800699,-0.1313257441800699,0.08277947124985562,0.2141052154299256,165.5589424997112,22
USD,validation,35,2019-11-18,2019-12-17,ewma_daily,5,0.603156883906145,0.05237390817239662,-0.02767806679845819,0.02767806679845819,0.1510104278340862,0.1233323610356281,302.0208556681725,22
USD,validation,36,2019-12-17,2020-01-20,ewma_daily,5,0.4859260981866669,0.04219426894723551,-0.36760273852365,0.36760273852365,0.1582415358647145,-0.2093612026589355,316.4830717294289,22
USD,validation,37,2020-01-20,2020-02-18,ewma_daily,5,0.5087377304250964,0.04417509051822137,-0.02915893088772342,0.02915893088772342,0.07698761467831793,0.04782868379059451,153.9752293566359,22
USD,validation,38,2020-02-18,2020-03-18,ewma_daily,5,0.5147016199298378,0.04469295852027797,-0.221852381274573,0.221852381274573,0.1090245063084422,-0.1128278749661308,218.0490126168844,22
USD,validation,39,2020-03-18,2020-04-20,ewma_daily,5,0.8946164677417983,0.07768309952599686,-0.3405302019971881,0.3405302019971881,0.139166065577985,-0.2013641364192031,278.33213115597,22
USD,validation,40,2020-04-20,2020-05-20,ewma_daily,5,1.07792799529502,0.0936016533512031,-0.09313930221854605,0.09313930221854605,0.1796644924073812,0.08652519018883517,359.3289848147624,22
USD,validation,41,2020-05-20,2020-06-18,ewma_daily,5,1.168595821020453,0.1014753163220898,0.04368450202767349,-0.04368450202767349,0.118055321819949,0.1617398238476224,236.110643639898,22
USD,validation,42,2020-06-18,2020-07-17,ewma_daily,5,1.021363110855056,0.08868957763055126,-0.1573406892179321,0.1573406892179321,0.1683503220665467,0.01100963284861456,336.7006441330933,22
USD,validation,43,2020-07-17,2020-08-17,ewma_daily,5,0.927720427959656,0.08055777505194592,-0.267966678607948,0.267966678607948,0.1113655467270567,-0.1566011318808913,222.7310934541135,22
USD,validation,44,2020-08-17,2020-09-15,ewma_daily,5,0.9702554350028265,0.08425144249153997,0.1339208725817258,-0.1339208725817258,0.1550303750762158,0.2889512476579416,310.0607501524315,22
USD,validation,45,2020-09-15,2020-10-14,ewma_daily,5,0.9534795448824767,0.08279465001445441,0.2660869466241256,-0.2660869466241256,0.07621498976318837,0.3423019363873139,152.4299795263767,22
USD,validation,46,2020-10-14,2020-11-12,ewma_daily,5,0.8403172557294596,0.07296790340685112,-0.1673377166729111,0.1673377166729111,0.1619873900090637,-0.005350326663847382,323.9747800181274,22
USD,validation,47,2020-11-12,2020-12-11,ewma_daily,5,0.75213139366344,0.0653101536670658,-0.001802541017838166,0.001802541017838166,0.1165149480547733,0.1147124070369351,233.0298961095467,22
USD,validation,0,2017-01-02,2017-01-31,ridge_daily,5,1.019570245082775,0.08853388650611861,-0.398123565089648,0.398123565089648,0.1454411259049033,-0.2526824391847447,290.8822518098065,22
USD,validation,1,2017-01-31,2017-03-01,ridge_daily,5,1.168379898069077,0.1014565652570547,0.2436526570942238,-0.2436526570942238,0.07913935374865555,0.3227920108428793,158.2787074973111,22
USD,validation,2,2017-03-01,2017-03-30,ridge_daily,5,1.147416848586097,0.09963610688449649,0.1978367975141992,-0.1978367975141992,0.1153645937824743,0.3132013912966736,230.7291875649487,22
USD,validation,3,2017-03-30,2017-05-03,ridge_daily,5,0.9648184406661287,0.08377930186691938,-0.1333802083096032,0.1333802083096032,0.1487793386251814,0.01539913031557821,297.5586772503628,22
USD,validation,4,2017-05-03,2017-06-01,ridge_daily,5,0.7934787240556034,0.06890059973989822,-0.1792709895209157,0.1792709895209157,0.1205479287790796,-0.05872306074183604,241.0958575581593,22
USD,validation,5,2017-06-01,2017-06-30,ridge_daily,5,0.7607292656108555,0.06605675893102921,-0.09264232004458961,0.09264232004458961,0.150556499804275,0.05791417975968541,301.1129996085501,22
USD,validation,6,2017-06-30,2017-07-31,ridge_daily,5,0.7058186216879108,0.06128854817359929,-0.330420372934114,0.330420372934114,0.1428246402706275,-0.1875957326634864,285.649280541255,22
USD,validation,7,2017-07-31,2017-08-29,ridge_daily,5,0.7222407445423897,0.06271457352228163,-0.06087855324628322,0.06087855324628322,0.1518622122675401,0.09098365902125688,303.7244245350802,22
USD,validation,8,2017-08-29,2017-09-27,ridge_daily,5,0.7652385343416341,0.06644832633556184,-0.5054343986021466,0.5054343986021466,0.1298781483063282,-0.3755562502958184,259.7562966126563,22
USD,validation,9,2017-09-27,2017-10-26,ridge_daily,5,0.9164720876087884,0.07958099223870733,0.3002996029805161,-0.3002996029805161,0.1505586932047068,0.4508582961852228,301.1173864094135,22
USD,validation,10,2017-10-26,2017-11-24,ridge_daily,5,0.8661951383352289,0.07521506411021012,-0.3185085986305296,0.3185085986305296,0.1811783721249938,-0.1373302265055358,362.3567442499875,22
USD,validation,11,2017-11-24,2017-12-27,ridge_daily,5,0.8949055505462269,0.0777082027860693,0.2905411801698534,-0.2905411801698534,0.1183643303705119,0.4089055105403653,236.7286607410238,22
USD,validation,12,2017-12-27,2018-01-26,ridge_daily,5,0.7537689572793198,0.06545235316924064,-0.2964671653120234,0.2964671653120234,0.1307286200315384,-0.1657385452804851,261.4572400630768,22
USD,validation,13,2018-01-26,2018-02-26,ridge_daily,5,0.8439163526982014,0.07328043814421953,-0.203181738309796,0.203181738309796,0.1172726587282712,-0.0859090795815248,234.5453174565425,22
USD,validation,14,2018-02-26,2018-03-27,ridge_daily,5,0.8214878121724851,0.07133281366380059,-0.0983462818775962,0.0983462818775962,0.1630746361044399,0.06472835422684367,326.1492722088797,22
USD,validation,15,2018-03-27,2018-04-27,ridge_daily,5,0.8825005051698867,0.07663097919623478,0.1028739003559604,-0.1028739003559604,0.09882096721276476,0.2016948675687252,197.6419344255295,22
USD,validation,16,2018-04-27,2018-05-29,ridge_daily,5,0.8127553431567023,0.07057451483360759,-0.1158405548062229,0.1158405548062229,0.06745835499355173,-0.04838219981267117,134.9167099871035,22
USD,validation,17,2018-05-29,2018-06-27,ridge_daily,5,0.8075496782538991,0.07012247245228501,-0.4715184386826223,0.4715184386826223,0.1807808304373462,-0.2907376082452761,361.5616608746924,22
USD,validation,18,2018-06-27,2018-07-26,ridge_daily,5,0.8594149030337235,0.07462628727288742,-0.09404451660628865,0.09404451660628865,0.1610207283600701,0.06697621175378143,322.0414567201401,22
USD,validation,19,2018-07-26,2018-08-24,ridge_daily,5,0.8887230973077465,0.07717133353953876,-0.2094380947638697,0.2094380947638697,0.08669917539425605,-0.1227389193696136,173.3983507885121,22
USD,validation,20,2018-08-24,2018-09-24,ridge_daily,5,0.9436330059385369,0.0819395934370489,0.09543996359900575,-0.09543996359900575,0.1474234198453565,0.2428633834443623,294.846839690713,22
USD,validation,21,2018-09-24,2018-10-23,ridge_daily,5,0.8394419868897955,0.07289189772030455,-0.06404347536513721,0.06404347536513721,0.06196008400668407,-0.002083391358453146,123.9201680133681,22
USD,validation,22,2018-10-23,2018-11-21,ridge_daily,5,0.8174119972136538,0.07097888321943249,-0.1403794182518237,0.1403794182518237,0.1193097789169481,-0.02106963933487556,238.6195578338962,22
USD,validation,23,2018-11-21,2018-12-20,ridge_daily,5,0.7640131516420681,0.06634191883440189,-0.08749119007337924,0.08749119007337924,0.1434666078140371,0.0559754177406579,286.9332156280743,22
USD,validation,24,2018-12-20,2019-01-23,ridge_daily,5,0.7898837843682571,0.06858842802878308,0.07758953927321466,-0.07758953927321466,0.105909099368329,0.1834986386415436,211.8181987366579,22
USD,validation,25,2019-01-23,2019-02-21,ridge_daily,5,0.7643889263336519,0.06637454965570014,0.2104859905849956,-0.2104859905849956,0.1161994712523829,0.3266854618373786,232.398942504766,22
USD,validation,26,2019-02-21,2019-03-22,ridge_daily,5,0.6668755273558418,0.05790691039584236,-0.1369017363577285,0.1369017363577285,0.140826284451222,0.003924548093493463,281.6525689024439,22
USD,validation,27,2019-03-22,2019-04-24,ridge_daily,5,0.5828877698002231,0.05061384878617129,0.02868304627026408,-0.02868304627026408,0.1055200392924095,0.1342030855626736,211.040078584819,22
USD,validation,28,2019-04-24,2019-05-24,ridge_daily,5,0.5224851750949497,0.04536883563065042,-0.07559654088498391,0.07559654088498391,0.1112758077081646,0.03567926682318071,222.5516154163292,22
USD,validation,29,2019-05-24,2019-06-24,ridge_daily,5,0.531556053524568,0.04615649669495694,-0.2874224607189007,0.2874224607189007,0.1587859538069264,-0.1286365069119742,317.5719076138529,22
USD,validation,30,2019-06-24,2019-07-23,ridge_daily,5,0.5576956585102266,0.04842630769879704,-0.05015091087687706,0.05015091087687706,0.06483772367665699,0.01468681279977993,129.6754473533139,22
USD,validation,31,2019-07-23,2019-08-21,ridge_daily,5,0.5565720525925855,0.04832874020203033,-0.2984579708334685,0.2984579708334685,0.1225413740349326,-0.1759165967985359,245.0827480698652,22
USD,validation,32,2019-08-21,2019-09-19,ridge_daily,5,0.6021707671853065,0.05228827909417299,-0.2880145236499505,0.2880145236499505,0.1284326191409306,-0.1595819045090199,256.8652382818613,22
USD,validation,33,2019-09-19,2019-10-18,ridge_daily,5,0.662354979150706,0.05751436785528586,-0.142211466383344,0.142211466383344,0.1522419192575261,0.01003045287418203,304.4838385150521,22
USD,validation,34,2019-10-18,2019-11-18,ridge_daily,5,0.684418531141695,0.05943026176225305,0.1208258032186706,-0.1208258032186706,0.08060801162088381,0.2014338148395545,161.2160232417676,22
USD,validation,35,2019-11-18,2019-12-17,ridge_daily,5,0.603156883906145,0.05237390817239662,-0.01322822282702418,0.01322822282702418,0.1446482005027181,0.131419977675694,289.2964010054363,22
USD,validation,36,2019-12-17,2020-01-20,ridge_daily,5,0.4859260981866669,0.04219426894723551,-0.330236493628953,0.330236493628953,0.1505715590827506,-0.1796649345462025,301.1431181655011,22
USD,validation,37,2020-01-20,2020-02-18,ridge_daily,5,0.5087377304250964,0.04417509051822137,-0.05129378546280811,0.05129378546280811,0.07385659593515624,0.02256281047234814,147.7131918703125,22
USD,validation,38,2020-02-18,2020-03-18,ridge_daily,5,0.5147016199298378,0.04469295852027797,-0.2714912670838174,0.2714912670838174,0.1075881567438333,-0.1639031103399841,215.1763134876666,22
USD,validation,39,2020-03-18,2020-04-20,ridge_daily,5,0.8946164677417983,0.07768309952599686,-0.3604575395575402,0.3604575395575402,0.1412454417139326,-0.2192120978436076,282.4908834278652,22
USD,validation,40,2020-04-20,2020-05-20,ridge_daily,5,1.07792799529502,0.0936016533512031,-0.09280573188026153,0.09280573188026153,0.1802409096200238,0.08743517773976225,360.4818192400476,22
USD,validation,41,2020-05-20,2020-06-18,ridge_daily,5,1.168595821020453,0.1014753163220898,0.02660379982000904,-0.02660379982000904,0.1185387792480851,0.1451425790680942,237.0775584961703,22
USD,validation,42,2020-06-18,2020-07-17,ridge_daily,5,1.021363110855056,0.08868957763055126,-0.1666478369175337,0.1666478369175337,0.1690726530703552,0.00242481615282153,338.1453061407105,22
USD,validation,43,2020-07-17,2020-08-17,ridge_daily,5,0.927720427959656,0.08055777505194592,-0.2847642181688315,0.2847642181688315,0.1123020268583576,-0.1724621913104739,224.6040537167151,22
USD,validation,44,2020-08-17,2020-09-15,ridge_daily,5,0.9702554350028265,0.08425144249153997,0.1647216628735961,-0.1647216628735961,0.1496683761456033,0.3143900390191994,299.3367522912067,22
USD,validation,45,2020-09-15,2020-10-14,ridge_daily,5,0.9534795448824767,0.08279465001445441,0.2750023439203155,-0.2750023439203155,0.07298965970182043,0.3479920036221359,145.9793194036408,22
USD,validation,46,2020-10-14,2020-11-12,ridge_daily,5,0.8403172557294596,0.07296790340685112,-0.1421407615399843,0.1421407615399843,0.1591609117129838,0.01702015017299946,318.3218234259676,22
USD,validation,47,2020-11-12,2020-12-11,ridge_daily,5,0.75213139366344,0.0653101536670658,-0.03134413515326173,0.03134413515326173,0.116045954230298,0.08470181907703631,232.0919084605961,22
USD,validation,0,2017-01-02,2017-01-31,selected_daily,5,1.019570245082775,0.08853388650611861,-0.4039040229433226,0.4039040229433226,0.1450329814796266,-0.258871041463696,290.0659629592532,22
USD,validation,1,2017-01-31,2017-03-01,selected_daily,5,1.168379898069077,0.1014565652570547,0.2553957174168804,-0.2553957174168804,0.07963212352023138,0.3350278409371118,159.2642470404628,22
USD,validation,2,2017-03-01,2017-03-30,selected_daily,5,1.147416848586097,0.09963610688449649,0.2159873015489921,-0.2159873015489921,0.1160680179612249,0.3320553195102171,232.1360359224498,22
USD,validation,3,2017-03-30,2017-05-03,selected_daily,5,0.9648184406661287,0.08377930186691938,-0.1529412334807887,0.1529412334807887,0.1525727045156393,-0.0003685289651494117,305.1454090312786,22
USD,validation,4,2017-05-03,2017-06-01,selected_daily,5,0.7934787240556034,0.06890059973989822,-0.179727100094965,0.179727100094965,0.1217456821789512,-0.05798141791601372,243.4913643579025,22
USD,validation,5,2017-06-01,2017-06-30,selected_daily,5,0.7607292656108555,0.06605675893102921,-0.1113602713881079,0.1113602713881079,0.1550717114744344,0.04371144008632649,310.1434229488688,22
USD,validation,6,2017-06-30,2017-07-31,selected_daily,5,0.7058186216879108,0.06128854817359929,-0.3242694191281856,0.3242694191281856,0.1456423526032142,-0.1786270665249714,291.2847052064285,22
USD,validation,7,2017-07-31,2017-08-29,selected_daily,5,0.7222407445423897,0.06271457352228163,-0.05999990613611317,0.05999990613611317,0.1549174798527282,0.09491757371661505,309.8349597054564,22
USD,validation,8,2017-08-29,2017-09-27,selected_daily,5,0.7652385343416341,0.06644832633556184,-0.4907044719457522,0.4907044719457522,0.1287597012422982,-0.361944770703454,257.5194024845964,22
USD,validation,9,2017-09-27,2017-10-26,selected_daily,5,0.9164720876087884,0.07958099223870733,0.2819348592167472,-0.2819348592167472,0.153760187156293,0.4356950463730402,307.520374312586,22
USD,validation,10,2017-10-26,2017-11-24,selected_daily,5,0.8661951383352289,0.07521506411021012,-0.354766666592198,0.354766666592198,0.1847154542094157,-0.1700512123827824,369.4309084188314,22
USD,validation,11,2017-11-24,2017-12-27,selected_daily,5,0.8949055505462269,0.0777082027860693,0.2659999962776318,-0.2659999962776318,0.1213283398401281,0.38732833611776,242.6566796802563,22
USD,validation,12,2017-12-27,2018-01-26,selected_daily,5,0.7537689572793198,0.06545235316924064,-0.2749811399100679,0.2749811399100679,0.1306245696069967,-0.1443565703030712,261.2491392139934,22
USD,validation,13,2018-01-26,2018-02-26,selected_daily,5,0.8439163526982014,0.07328043814421953,-0.2134013214120598,0.2134013214120598,0.1185054886964822,-0.09489583271557765,237.0109773929644,22
USD,validation,14,2018-02-26,2018-03-27,selected_daily,5,0.8214878121724851,0.07133281366380059,-0.1255200869330366,0.1255200869330366,0.1684178291165821,0.04289774218354547,336.8356582331643,22
USD,validation,15,2018-03-27,2018-04-27,selected_daily,5,0.8825005051698867,0.07663097919623478,0.1017622561849137,-0.1017622561849137,0.1011181789121944,0.2028804350971081,202.2363578243888,22
USD,validation,16,2018-04-27,2018-05-29,selected_daily,5,0.8127553431567023,0.07057451483360759,-0.08966289942013335,0.08966289942013335,0.06873235321223815,-0.0209305462078952,137.4647064244763,22
USD,validation,17,2018-05-29,2018-06-27,selected_daily,5,0.8075496782538991,0.07012247245228501,-0.4861795123750312,0.4861795123750312,0.1830238188689375,-0.3031556935060937,366.0476377378749,22
USD,validation,18,2018-06-27,2018-07-26,selected_daily,5,0.8594149030337235,0.07462628727288742,-0.1108392898543968,0.1108392898543968,0.1651100973264395,0.05427080747204263,330.2201946528789,22
USD,validation,19,2018-07-26,2018-08-24,selected_daily,5,0.8887230973077465,0.07717133353953876,-0.178758695939029,0.178758695939029,0.08743781918392547,-0.09132087675510357,174.8756383678509,22
USD,validation,20,2018-08-24,2018-09-24,selected_daily,5,0.9436330059385369,0.0819395934370489,0.09631569376918492,-0.09631569376918492,0.1488709827356946,0.2451866765048795,297.7419654713893,22
USD,validation,21,2018-09-24,2018-10-23,selected_daily,5,0.8394419868897955,0.07289189772030455,-0.04894575010186705,0.04894575010186705,0.06106927051664274,0.01212352041477569,122.1385410332855,22
USD,validation,22,2018-10-23,2018-11-21,selected_daily,5,0.8174119972136538,0.07097888321943249,-0.1689482740752162,0.1689482740752162,0.1230019524704482,-0.04594632160476794,246.0039049408964,22
USD,validation,23,2018-11-21,2018-12-20,selected_daily,5,0.7640131516420681,0.06634191883440189,-0.1249245374179253,0.1249245374179253,0.149465910028303,0.0245413726103777,298.9318200566061,22
USD,validation,24,2018-12-20,2019-01-23,selected_daily,5,0.7898837843682571,0.06858842802878308,0.05473265790104276,-0.05473265790104276,0.110536194638032,0.1652688525390747,221.0723892760639,22
USD,validation,25,2019-01-23,2019-02-21,selected_daily,5,0.7643889263336519,0.06637454965570014,0.1880744976753732,-0.1880744976753732,0.1194986516561399,0.3075731493315131,238.9973033122799,22
USD,validation,26,2019-02-21,2019-03-22,selected_daily,5,0.6668755273558418,0.05790691039584236,-0.1780995906020877,0.1780995906020877,0.1480793133742847,-0.03002027722780298,296.1586267485694,22
USD,validation,27,2019-03-22,2019-04-24,selected_daily,5,0.5828877698002231,0.05061384878617129,0.01994713827181638,-0.01994713827181638,0.1094523417047594,0.1293994799765757,218.9046834095188,22
USD,validation,28,2019-04-24,2019-05-24,selected_daily,5,0.5224851750949497,0.04536883563065042,-0.1000725160005984,0.1000725160005984,0.1167701348304982,0.01669761882989976,233.5402696609963,22
USD,validation,29,2019-05-24,2019-06-24,selected_daily,5,0.531556053524568,0.04615649669495694,-0.3045789579798566,0.3045789579798566,0.1633339493289728,-0.1412450086508838,326.6678986579456,22
USD,validation,30,2019-06-24,2019-07-23,selected_daily,5,0.5576956585102266,0.04842630769879704,-0.02553336282271141,0.02553336282271141,0.06446846816696733,0.03893510534425591,128.9369363339346,22
USD,validation,31,2019-07-23,2019-08-21,selected_daily,5,0.5565720525925855,0.04832874020203033,-0.3005354284844237,0.3005354284844237,0.12540553160028,-0.1751298968841438,250.8110632005599,22
USD,validation,32,2019-08-21,2019-09-19,selected_daily,5,0.6021707671853065,0.05228827909417299,-0.3007916704827167,0.3007916704827167,0.1323998768421613,-0.1683917936405554,264.7997536843225,22
USD,validation,33,2019-09-19,2019-10-18,selected_daily,5,0.662354979150706,0.05751436785528586,-0.1738401902873932,0.1738401902873932,0.1570803848491264,-0.01675980543826677,314.1607696982527,22
USD,validation,34,2019-10-18,2019-11-18,selected_daily,5,0.684418531141695,0.05943026176225305,0.1313257441800699,-0.1313257441800699,0.08277947124985562,0.2141052154299256,165.5589424997112,22
USD,validation,35,2019-11-18,2019-12-17,selected_daily,5,0.603156883906145,0.05237390817239662,-0.02767806679845819,0.02767806679845819,0.1510104278340862,0.1233323610356281,302.0208556681725,22
USD,validation,36,2019-12-17,2020-01-20,selected_daily,5,0.4859260981866669,0.04219426894723551,-0.36760273852365,0.36760273852365,0.1582415358647145,-0.2093612026589355,316.4830717294289,22
USD,validation,37,2020-01-20,2020-02-18,selected_daily,5,0.5087377304250964,0.04417509051822137,-0.02915893088772342,0.02915893088772342,0.07698761467831793,0.04782868379059451,153.9752293566359,22
USD,validation,38,2020-02-18,2020-03-18,selected_daily,5,0.5147016199298378,0.04469295852027797,-0.221852381274573,0.221852381274573,0.1090245063084422,-0.1128278749661308,218.0490126168844,22
USD,validation,39,2020-03-18,2020-04-20,selected_daily,5,0.8946164677417983,0.07768309952599686,-0.3405302019971881,0.3405302019971881,0.139166065577985,-0.2013641364192031,278.33213115597,22
USD,validation,40,2020-04-20,2020-05-20,selected_daily,5,1.07792799529502,0.0936016533512031,-0.09313930221854605,0.09313930221854605,0.1796644924073812,0.08652519018883517,359.3289848147624,22
USD,validation,41,2020-05-20,2020-06-18,selected_daily,5,1.168595821020453,0.1014753163220898,0.04368450202767349,-0.04368450202767349,0.118055321819949,0.1617398238476224,236.110643639898,22
USD,validation,42,2020-06-18,2020-07-17,selected_daily,5,1.021363110855056,0.08868957763055126,-0.1573406892179321,0.1573406892179321,0.1683503220665467,0.01100963284861456,336.7006441330933,22
USD,validation,43,2020-07-17,2020-08-17,selected_daily,5,0.927720427959656,0.08055777505194592,-0.267966678607948,0.267966678607948,0.1113655467270567,-0.1566011318808913,222.7310934541135,22
USD,validation,44,2020-08-17,2020-09-15,selected_daily,5,0.9702554350028265,0.08425144249153997,0.1339208725817258,-0.1339208725817258,0.1550303750762158,0.2889512476579416,310.0607501524315,22
USD,validation,45,2020-09-15,2020-10-14,selected_daily,5,0.9534795448824767,0.08279465001445441,0.2660869466241256,-0.2660869466241256,0.07621498976318837,0.3423019363873139,152.4299795263767,22
USD,validation,46,2020-10-14,2020-11-12,selected_daily,5,0.8403172557294596,0.07296790340685112,-0.1673377166729111,0.1673377166729111,0.1619873900090637,-0.005350326663847382,323.9747800181274,22
USD,validation,47,2020-11-12,2020-12-11,selected_daily,5,0.75213139366344,0.0653101536670658,-0.001802541017838166,0.001802541017838166,0.1165149480547733,0.1147124070369351,233.0298961095467,22
USD,validation,0,2017-01-02,2017-01-31,selected_every5,5,1.019570245082775,0.08853388650611861,0.08732496186279093,-0.08732496186279093,0.1013075493921965,0.1886325112549875,202.6150987843931,6
USD,validation,1,2017-01-31,2017-03-01,selected_every5,5,1.168379898069077,0.1014565652570547,0.3893121220375499,-0.3893121220375499,0.0502106093139897,0.4395227313515396,100.4212186279794,6
USD,validation,2,2017-03-01,2017-03-30,selected_every5,5,1.147416848586097,0.09963610688449649,0.1314033228362064,-0.1314033228362064,0.1014214416904869,0.2328247645266933,202.8428833809738,6
USD,validation,3,2017-03-30,2017-05-03,selected_every5,5,0.9648184406661287,0.08377930186691938,-0.2530370060328977,0.2530370060328977,0.1257561065667372,-0.1272808994661605,251.5122131334743,6
USD,validation,4,2017-05-03,2017-06-01,selected_every5,5,0.7934787240556034,0.06890059973989822,-0.467412061082058,0.467412061082058,0.1094567607667756,-0.3579553003152824,218.9135215335511,6
USD,validation,5,2017-06-01,2017-06-30,selected_every5,5,0.7607292656108555,0.06605675893102921,-0.6455790885506048,0.6455790885506048,0.1223930704054574,-0.5231860181451473,244.7861408109148,6
USD,validation,6,2017-06-30,2017-07-31,selected_every5,5,0.7058186216879108,0.06128854817359929,-0.4084918110052485,0.4084918110052485,0.1019410794283402,-0.3065507315769083,203.8821588566804,6
USD,validation,7,2017-07-31,2017-08-29,selected_every5,5,0.7222407445423897,0.06271457352228163,-0.1157638907397569,0.1157638907397569,0.1068417760903604,-0.008922114649396462,213.6835521807209,6
USD,validation,8,2017-08-29,2017-09-27,selected_every5,5,0.7652385343416341,0.06644832633556184,-0.2338366104751929,0.2338366104751929,0.05484373972682663,-0.1789928707483663,109.6874794536533,6
USD,validation,9,2017-09-27,2017-10-26,selected_every5,5,0.9164720876087884,0.07958099223870733,0.6000929787181946,-0.6000929787181946,0.09582117270179358,0.6959141514199881,191.6423454035872,6
USD,validation,10,2017-10-26,2017-11-24,selected_every5,5,0.8661951383352289,0.07521506411021012,0.07805572066956756,-0.07805572066956756,0.1221207781250743,0.2001764987946419,244.2415562501486,6
USD,validation,11,2017-11-24,2017-12-27,selected_every5,5,0.8949055505462269,0.0777082027860693,0.4408026878152782,-0.4408026878152782,0.0613433558797255,0.5021460436950037,122.686711759451,6
USD,validation,12,2017-12-27,2018-01-26,selected_every5,5,0.7537689572793198,0.06545235316924064,-0.4133124426114136,0.4133124426114136,0.1059432972664656,-0.3073691453449481,211.8865945329312,6
USD,validation,13,2018-01-26,2018-02-26,selected_every5,5,0.8439163526982014,0.07328043814421953,-0.5554491130720018,0.5554491130720018,0.09810716443544085,-0.457341948636561,196.2143288708817,6
USD,validation,14,2018-02-26,2018-03-27,selected_every5,5,0.8214878121724851,0.07133281366380059,0.3454336919691059,-0.3454336919691059,0.09832283280292825,0.4437565247720341,196.6456656058565,6
USD,validation,15,2018-03-27,2018-04-27,selected_every5,5,0.8825005051698867,0.07663097919623478,-0.2255848258929557,0.2255848258929557,0.07192913591959063,-0.1536556899733651,143.8582718391813,6
USD,validation,16,2018-04-27,2018-05-29,selected_every5,5,0.8127553431567023,0.07057451483360759,-0.3981316336140725,0.3981316336140725,0.06018099788430853,-0.337950635729764,120.361995768617,6
USD,validation,17,2018-05-29,2018-06-27,selected_every5,5,0.8075496782538991,0.07012247245228501,-0.558854787477685,0.558854787477685,0.1445637976696712,-0.4142909898080138,289.1275953393424,6
USD,validation,18,2018-06-27,2018-07-26,selected_every5,5,0.8594149030337235,0.07462628727288742,0.1787877422467119,-0.1787877422467119,0.1167992273652944,0.2955869696120063,233.5984547305888,6
USD,validation,19,2018-07-26,2018-08-24,selected_every5,5,0.8887230973077465,0.07717133353953876,-0.1178404666982409,0.1178404666982409,0.05031988645191889,-0.06752058024632199,100.6397729038378,6
USD,validation,20,2018-08-24,2018-09-24,selected_every5,5,0.9436330059385369,0.0819395934370489,0.2762713647339012,-0.2762713647339012,0.1059836386936578,0.382255003427559,211.9672773873156,6
USD,validation,21,2018-09-24,2018-10-23,selected_every5,5,0.8394419868897955,0.07289189772030455,-0.1822503372958848,0.1822503372958848,0.05203030804995609,-0.1302200292459287,104.0606160999122,6
USD,validation,22,2018-10-23,2018-11-21,selected_every5,5,0.8174119972136538,0.07097888321943249,-0.08195223261364504,0.08195223261364504,0.06743887935415047,-0.01451335325949457,134.8777587083009,6
USD,validation,23,2018-11-21,2018-12-20,selected_every5,5,0.7640131516420681,0.06634191883440189,0.2435261745986281,-0.2435261745986281,0.07846235215319823,0.3219885267518264,156.9247043063964,6
USD,validation,24,2018-12-20,2019-01-23,selected_every5,5,0.7898837843682571,0.06858842802878308,0.3753423610417317,-0.3753423610417317,0.0502133561978645,0.4255557172395962,100.426712395729,6
USD,validation,25,2019-01-23,2019-02-21,selected_every5,5,0.7643889263336519,0.06637454965570014,0.4388718515066365,-0.4388718515066365,0.06461297496538207,0.5034848264720186,129.2259499307641,6
USD,validation,26,2019-02-21,2019-03-22,selected_every5,5,0.6668755273558418,0.05790691039584236,-0.3771261927743836,0.3771261927743836,0.1226642354469251,-0.2544619573274585,245.3284708938502,6
USD,validation,27,2019-03-22,2019-04-24,selected_every5,5,0.5828877698002231,0.05061384878617129,0.006165872348054435,-0.006165872348054435,0.08093714863421284,0.08710302098226727,161.8742972684257,6
USD,validation,28,2019-04-24,2019-05-24,selected_every5,5,0.5224851750949497,0.04536883563065042,0.1730040255698244,-0.1730040255698244,0.05344766736477679,0.2264516929346012,106.8953347295536,6
USD,validation,29,2019-05-24,2019-06-24,selected_every5,5,0.531556053524568,0.04615649669495694,-0.1381499361121996,0.1381499361121996,0.1122136854868718,-0.02593625062532778,224.4273709737437,6
USD,validation,30,2019-06-24,2019-07-23,selected_every5,5,0.5576956585102266,0.04842630769879704,-0.1414191435806769,0.1414191435806769,0.05104871335840906,-0.09037043022226786,102.0974267168181,6
USD,validation,31,2019-07-23,2019-08-21,selected_every5,5,0.5565720525925855,0.04832874020203033,-0.2242178805918281,0.2242178805918281,0.07617760058019629,-0.1480402800116318,152.3552011603926,6
USD,validation,32,2019-08-21,2019-09-19,selected_every5,5,0.6021707671853065,0.05228827909417299,0.2393299286792718,-0.2393299286792718,0.05015375356527551,0.2894836822445473,100.307507130551,6
USD,validation,33,2019-09-19,2019-10-18,selected_every5,5,0.662354979150706,0.05751436785528586,-0.06783910904694324,0.06783910904694324,0.1191679923966281,0.05132888334968488,238.3359847932562,6
USD,validation,34,2019-10-18,2019-11-18,selected_every5,5,0.684418531141695,0.05943026176225305,0.1183858547359025,-0.1183858547359025,0.05806712796548504,0.1764529827013875,116.1342559309701,6
USD,validation,35,2019-11-18,2019-12-17,selected_every5,5,0.603156883906145,0.05237390817239662,0.06371910146496873,-0.06371910146496873,0.1156898965683592,0.179408998033328,231.3797931367184,6
USD,validation,36,2019-12-17,2020-01-20,selected_every5,5,0.4859260981866669,0.04219426894723551,-0.008097315269362859,0.008097315269362859,0.06960836186871654,0.06151104659935368,139.2167237374331,6
USD,validation,37,2020-01-20,2020-02-18,selected_every5,5,0.5087377304250964,0.04417509051822137,-0.1888277973406625,0.1888277973406625,0.06006785354362287,-0.1287599437970396,120.1357070872457,6
USD,validation,38,2020-02-18,2020-03-18,selected_every5,5,0.5147016199298378,0.04469295852027797,-0.7872210925342387,0.7872210925342387,0.1011474530293905,-0.6860736395048481,202.294906058781,6
USD,validation,39,2020-03-18,2020-04-20,selected_every5,5,0.8946164677417983,0.07768309952599686,0.3419146108990443,-0.3419146108990443,0.06636721893231257,0.4082818298313569,132.7344378646251,6
USD,validation,40,2020-04-20,2020-05-20,selected_every5,5,1.07792799529502,0.0936016533512031,0.5554313677027238,-0.5554313677027238,0.09688235770247687,0.6523137254052007,193.7647154049537,6
USD,validation,41,2020-05-20,2020-06-18,selected_every5,5,1.168595821020453,0.1014753163220898,-0.09295604785334888,0.09295604785334888,0.1017842636551554,0.008828215801806538,203.5685273103108,6
USD,validation,42,2020-06-18,2020-07-17,selected_every5,5,1.021363110855056,0.08868957763055126,0.2868193459091657,-0.2868193459091657,0.1048831982104397,0.3917025441196054,209.7663964208793,6
USD,validation,43,2020-07-17,2020-08-17,selected_every5,5,0.927720427959656,0.08055777505194592,-0.4219952084987995,0.4219952084987995,0.1024830842172164,-0.319512124281583,204.9661684344329,6
USD,validation,44,2020-08-17,2020-09-15,selected_every5,5,0.9702554350028265,0.08425144249153997,0.538446374150169,-0.538446374150169,0.08988950632158382,0.6283358804717529,179.7790126431677,6
USD,validation,45,2020-09-15,2020-10-14,selected_every5,5,0.9534795448824767,0.08279465001445441,0.2662064947591822,-0.2662064947591822,0.05769412005732685,0.3239006148165091,115.3882401146537,6
USD,validation,46,2020-10-14,2020-11-12,selected_every5,5,0.8403172557294596,0.07296790340685112,0.3488294188721355,-0.3488294188721355,0.0929698117985446,0.4417992306706801,185.9396235970893,6
USD,validation,47,2020-11-12,2020-12-11,selected_every5,5,0.75213139366344,0.0653101536670658,-0.2637868723247578,0.2637868723247578,0.1018818337532439,-0.1619050385715139,203.7636675064878,6
USD,validation,0,2017-01-02,2017-01-31,selected_threshold,5,1.019570245082775,0.08853388650611861,-0.2839173276664155,0.2839173276664155,0.1166823714135991,-0.1672349562528164,233.3647428271983,8
USD,validation,1,2017-01-31,2017-03-01,selected_threshold,5,1.168379898069077,0.1014565652570547,0.1900711418502574,-0.1900711418502574,0.06431673216407845,0.2543878740143359,128.6334643281569,7
USD,validation,2,2017-03-01,2017-03-30,selected_threshold,5,1.147416848586097,0.09963610688449649,0.2860950921107843,-0.2860950921107843,0.09841658607183137,0.3845116781826157,196.8331721436628,6
USD,validation,3,2017-03-30,2017-05-03,selected_threshold,5,0.9648184406661287,0.08377930186691938,-0.06051009640017924,0.06051009640017924,0.1236437670989362,0.06313367069875692,247.2875341978722,8
USD,validation,4,2017-05-03,2017-06-01,selected_threshold,5,0.7934787240556034,0.06890059973989822,-0.2015892549878515,0.2015892549878515,0.1041487298705276,-0.09744052511732396,208.2974597410551,6
USD,validation,5,2017-06-01,2017-06-30,selected_threshold,5,0.7607292656108555,0.06605675893102921,0.05369226375614744,-0.05369226375614744,0.1145454854931707,0.1682377492493181,229.0909709863414,5
USD,validation,6,2017-06-30,2017-07-31,selected_threshold,5,0.7058186216879108,0.06128854817359929,-0.2878616484083807,0.2878616484083807,0.1223703665505034,-0.1654912818578773,244.7407331010068,8
USD,validation,7,2017-07-31,2017-08-29,selected_threshold,5,0.7222407445423897,0.06271457352228163,-0.08314136718938414,0.08314136718938414,0.1511381414876432,0.06799677429825901,302.2762829752863,14
USD,validation,8,2017-08-29,2017-09-27,selected_threshold,5,0.7652385343416341,0.06644832633556184,-0.1992141689711495,0.1992141689711495,0.0829977413990249,-0.1162164275721246,165.9954827980498,10
USD,validation,9,2017-09-27,2017-10-26,selected_threshold,5,0.9164720876087884,0.07958099223870733,0.3451651464697818,-0.3451651464697818,0.12748244377905,0.4726475902488319,254.9648875581,9
USD,validation,10,2017-10-26,2017-11-24,selected_threshold,5,0.8661951383352289,0.07521506411021012,-0.3052512875874953,0.3052512875874953,0.1670461644228898,-0.1382051231646055,334.0923288457796,11
USD,validation,11,2017-11-24,2017-12-27,selected_threshold,5,0.8949055505462269,0.0777082027860693,0.3066434527979069,-0.3066434527979069,0.09719524616266929,0.4038386989605762,194.3904923253386,9
USD,validation,12,2017-12-27,2018-01-26,selected_threshold,5,0.7537689572793198,0.06545235316924064,-0.3429800979671427,0.3429800979671427,0.1070870257261374,-0.2358930722410053,214.1740514522749,7
USD,validation,13,2018-01-26,2018-02-26,selected_threshold,5,0.8439163526982014,0.07328043814421953,-0.1688789567242823,0.1688789567242823,0.09620677341947581,-0.07267218330480651,192.4135468389516,9
USD,validation,14,2018-02-26,2018-03-27,selected_threshold,5,0.8214878121724851,0.07133281366380059,-0.02268838952183216,0.02268838952183216,0.1475369682557553,0.1248485787339231,295.0739365115105,10
USD,validation,15,2018-03-27,2018-04-27,selected_threshold,5,0.8825005051698867,0.07663097919623478,0.05273851307052979,-0.05273851307052979,0.08436990624729065,0.1371084193178204,168.7398124945813,10
USD,validation,16,2018-04-27,2018-05-29,selected_threshold,5,0.8127553431567023,0.07057451483360759,-0.1189754357126076,0.1189754357126076,0.06032064580722071,-0.05865478990538689,120.6412916144414,7
USD,validation,17,2018-05-29,2018-06-27,selected_threshold,5,0.8075496782538991,0.07012247245228501,-0.23152698233217,0.23152698233217,0.1498464655555358,-0.08168051677663413,299.6929311110716,11
USD,validation,18,2018-06-27,2018-07-26,selected_threshold,5,0.8594149030337235,0.07462628727288742,-0.02046795534842261,0.02046795534842261,0.1346067222066935,0.1141387668582709,269.213444413387,10
USD,validation,19,2018-07-26,2018-08-24,selected_threshold,5,0.8887230973077465,0.07717133353953876,-0.04566535952363271,0.04566535952363271,0.06739899715496792,0.02173363763133521,134.7979943099358,7
USD,validation,20,2018-08-24,2018-09-24,selected_threshold,5,0.9436330059385369,0.0819395934370489,0.1130369948570547,-0.1130369948570547,0.1146573811604664,0.2276943760175211,229.3147623209328,6
USD,validation,21,2018-09-24,2018-10-23,selected_threshold,5,0.8394419868897955,0.07289189772030455,-0.06070796176915394,0.06070796176915394,0.0499871502320855,-0.01072081153706844,99.97430046417099,5
USD,validation,22,2018-10-23,2018-11-21,selected_threshold,5,0.8174119972136538,0.07097888321943249,-0.09069026851008388,0.09069026851008388,0.1002370759610608,0.009546807450976941,200.4741519221216,11
USD,validation,23,2018-11-21,2018-12-20,selected_threshold,5,0.7640131516420681,0.06634191883440189,-0.112936426291256,0.112936426291256,0.1400423980511093,0.02710597175985327,280.0847961022185,15
USD,validation,24,2018-12-20,2019-01-23,selected_threshold,5,0.7898837843682571,0.06858842802878308,0.03155611900561972,-0.03155611900561972,0.1081963305960317,0.1397524496016515,216.3926611920635,13
USD,validation,25,2019-01-23,2019-02-21,selected_threshold,5,0.7643889263336519,0.06637454965570014,0.1795866149100682,-0.1795866149100682,0.108622793101515,0.2882094080115832,217.2455862030301,11
USD,validation,26,2019-02-21,2019-03-22,selected_threshold,5,0.6668755273558418,0.05790691039584236,-0.2639743945324255,0.2639743945324255,0.1343792188128448,-0.1295951757195808,268.7584376256896,9
USD,validation,27,2019-03-22,2019-04-24,selected_threshold,5,0.5828877698002231,0.05061384878617129,0.05952911167749875,-0.05952911167749875,0.07965986873928986,0.1391889804167886,159.3197374785798,7
USD,validation,28,2019-04-24,2019-05-24,selected_threshold,5,0.5224851750949497,0.04536883563065042,-0.08709176098352223,0.08709176098352223,0.09479353511460541,0.007701774131083181,189.5870702292108,10
USD,validation,29,2019-05-24,2019-06-24,selected_threshold,5,0.531556053524568,0.04615649669495694,-0.3714285394035386,0.3714285394035386,0.1576264122349711,-0.2138021271685675,315.2528244699421,11
USD,validation,30,2019-06-24,2019-07-23,selected_threshold,5,0.5576956585102266,0.04842630769879704,0.009211515244320623,-0.009211515244320623,0.05005148772679438,0.059263002971115,100.1029754535888,6
USD,validation,31,2019-07-23,2019-08-21,selected_threshold,5,0.5565720525925855,0.04832874020203033,-0.1857581107121318,0.1857581107121318,0.1040884353961365,-0.08166967531599527,208.176870792273,10
USD,validation,32,2019-08-21,2019-09-19,selected_threshold,5,0.6021707671853065,0.05228827909417299,-0.1261602323351845,0.1261602323351845,0.102699744919757,-0.02346048741542749,205.3994898395139,9
USD,validation,33,2019-09-19,2019-10-18,selected_threshold,5,0.662354979150706,0.05751436785528586,-0.1544260207894297,0.1544260207894297,0.1335617379678508,-0.02086428282157884,267.1234759357017,7
USD,validation,34,2019-10-18,2019-11-18,selected_threshold,5,0.684418531141695,0.05943026176225305,0.1191171778804258,-0.1191171778804258,0.06860494233083148,0.1877221202112573,137.2098846616629,8
USD,validation,35,2019-11-18,2019-12-17,selected_threshold,5,0.603156883906145,0.05237390817239662,0.06417355085525855,-0.06417355085525855,0.1186197146910051,0.1827932655462637,237.2394293820102,8
USD,validation,36,2019-12-17,2020-01-20,selected_threshold,5,0.4859260981866669,0.04219426894723551,-0.4111301370015132,0.4111301370015132,0.1505870150822994,-0.2605431219192139,301.1740301645987,15
USD,validation,37,2020-01-20,2020-02-18,selected_threshold,5,0.5087377304250964,0.04417509051822137,-0.1166083719408402,0.1166083719408402,0.06379200704728105,-0.05281636489355912,127.5840140945621,7
USD,validation,38,2020-02-18,2020-03-18,selected_threshold,5,0.5147016199298378,0.04469295852027797,-0.2400973595934204,0.2400973595934204,0.09973575930004244,-0.1403616002933779,199.4715186000849,5
USD,validation,39,2020-03-18,2020-04-20,selected_threshold,5,0.8946164677417983,0.07768309952599686,-0.2436086582983616,0.2436086582983616,0.119865214014332,-0.1237434442840296,239.7304280286641,12
USD,validation,40,2020-04-20,2020-05-20,selected_threshold,5,1.07792799529502,0.0936016533512031,-0.1012980074380323,0.1012980074380323,0.1550164088032172,0.05371840136518485,310.0328176064343,10
USD,validation,41,2020-05-20,2020-06-18,selected_threshold,5,1.168595821020453,0.1014753163220898,0.05073735470699603,-0.05073735470699603,0.09995897213335883,0.1506963268403549,199.9179442667177,5
USD,validation,42,2020-06-18,2020-07-17,selected_threshold,5,1.021363110855056,0.08868957763055126,-0.0596025935991662,0.0596025935991662,0.1399432508155549,0.08034065721638869,279.8865016311098,11
USD,validation,43,2020-07-17,2020-08-17,selected_threshold,5,0.927720427959656,0.08055777505194592,-0.3378785476576098,0.3378785476576098,0.09273727086164792,-0.2451412767959619,185.4745417232958,4
USD,validation,44,2020-08-17,2020-09-15,selected_threshold,5,0.9702554350028265,0.08425144249153997,0.236096655424177,-0.236096655424177,0.1334448021242156,0.3695414575483926,266.8896042484313,13
USD,validation,45,2020-09-15,2020-10-14,selected_threshold,5,0.9534795448824767,0.08279465001445441,0.1979485031874457,-0.1979485031874457,0.06028777425458996,0.2582362774420357,120.5755485091799,7
USD,validation,46,2020-10-14,2020-11-12,selected_threshold,5,0.8403172557294596,0.07296790340685112,-0.2289083786571595,0.2289083786571595,0.1435342706879784,-0.0853741079691811,287.0685413759568,11
USD,validation,47,2020-11-12,2020-12-11,selected_threshold,5,0.75213139366344,0.0653101536670658,-0.07157244646636229,0.07157244646636229,0.1002225556544084,0.02865010918804614,200.4451113088169,5
USD,validation,0,2017-01-02,2017-01-31,frozen_rolling63_daily,10,1.019570245082775,0.08853388650611861,-0.5605484312036424,0.5605484312036424,0.2983305120889939,-0.2622179191146485,298.3305120889939,22
USD,validation,1,2017-01-31,2017-03-01,frozen_rolling63_daily,10,1.168379898069077,0.1014565652570547,0.1604856348405126,-0.1604856348405126,0.1580370518628692,0.3185226867033818,158.0370518628692,22
USD,validation,2,2017-03-01,2017-03-30,frozen_rolling63_daily,10,1.147416848586097,0.09963610688449649,0.02330914143855978,-0.02330914143855978,0.2289699109589574,0.2522790523975172,228.9699109589574,22
USD,validation,3,2017-03-30,2017-05-03,frozen_rolling63_daily,10,0.9648184406661287,0.08377930186691938,-0.2589138314101405,0.2589138314101405,0.2950734834729752,0.03615965206283472,295.0734834729752,22
USD,validation,4,2017-05-03,2017-06-01,frozen_rolling63_daily,10,0.7934787240556034,0.06890059973989822,-0.276128278123366,0.276128278123366,0.2451944493917035,-0.0309338287316625,245.1944493917036,22
USD,validation,5,2017-06-01,2017-06-30,frozen_rolling63_daily,10,0.7607292656108555,0.06605675893102921,-0.2535195674937825,0.2535195674937825,0.304179452865608,0.05065988537182559,304.179452865608,22
USD,validation,6,2017-06-30,2017-07-31,frozen_rolling63_daily,10,0.7058186216879108,0.06128854817359929,-0.4668821821955476,0.4668821821955476,0.2916669575999758,-0.1752152245955718,291.6669575999758,22
USD,validation,7,2017-07-31,2017-08-29,frozen_rolling63_daily,10,0.7222407445423897,0.06271457352228163,-0.2389198093095644,0.2389198093095644,0.3161763858101911,0.07725657650062673,316.1763858101912,22
USD,validation,8,2017-08-29,2017-09-27,frozen_rolling63_daily,10,0.7652385343416341,0.06644832633556184,-0.6608613455025873,0.6608613455025873,0.2729685133268566,-0.3878928321757307,272.9685133268565,22
USD,validation,9,2017-09-27,2017-10-26,frozen_rolling63_daily,10,0.9164720876087884,0.07958099223870733,0.1666214325789781,-0.1666214325789781,0.2963728486813347,0.4629942812603128,296.3728486813347,22
USD,validation,10,2017-10-26,2017-11-24,frozen_rolling63_daily,10,0.8661951383352289,0.07521506411021012,-0.518688368490146,0.518688368490146,0.3678335811271261,-0.1508547873630199,367.833581127126,22
USD,validation,11,2017-11-24,2017-12-27,frozen_rolling63_daily,10,0.8949055505462269,0.0777082027860693,0.1867847938842431,-0.1867847938842431,0.2341915980106644,0.4209763918949075,234.1915980106644,22
USD,validation,12,2017-12-27,2018-01-26,frozen_rolling63_daily,10,0.7537689572793198,0.06545235316924064,-0.3855734884858322,0.3855734884858322,0.262156440316948,-0.1234170481688842,262.156440316948,22
USD,validation,13,2018-01-26,2018-02-26,frozen_rolling63_daily,10,0.8439163526982014,0.07328043814421953,-0.3215800168057885,0.3215800168057885,0.2378465851282656,-0.08373343167752287,237.8465851282656,22
USD,validation,14,2018-02-26,2018-03-27,frozen_rolling63_daily,10,0.8214878121724851,0.07133281366380059,-0.335381223517615,0.335381223517615,0.3485465510884225,0.01316532757080752,348.5465510884226,22
USD,validation,15,2018-03-27,2018-04-27,frozen_rolling63_daily,10,0.8825005051698867,0.07663097919623478,0.004693459870520302,-0.004693459870520302,0.1929039633629378,0.1975974232334581,192.9039633629378,22
USD,validation,16,2018-04-27,2018-05-29,frozen_rolling63_daily,10,0.8127553431567023,0.07057451483360759,-0.1677354673002086,0.1677354673002086,0.1368796366420073,-0.0308558306582013,136.8796366420073,22
USD,validation,17,2018-05-29,2018-06-27,frozen_rolling63_daily,10,0.8075496782538991,0.07012247245228501,-0.7054578873744362,0.7054578873744362,0.3760068372551689,-0.3294510501192673,376.0068372551689,22
USD,validation,18,2018-06-27,2018-07-26,frozen_rolling63_daily,10,0.8594149030337235,0.07462628727288742,-0.2886994447325435,0.2886994447325435,0.3348091102093533,0.04610966547680984,334.8091102093533,22
USD,validation,19,2018-07-26,2018-08-24,frozen_rolling63_daily,10,0.8887230973077465,0.07717133353953876,-0.2662665925153307,0.2662665925153307,0.1714894886443743,-0.09477710387095636,171.4894886443743,22
USD,validation,20,2018-08-24,2018-09-24,frozen_rolling63_daily,10,0.9436330059385369,0.0819395934370489,-0.07160240904660498,0.07160240904660498,0.294855805895215,0.22325339684861,294.855805895215,22
USD,validation,21,2018-09-24,2018-10-23,frozen_rolling63_daily,10,0.8394419868897955,0.07289189772030455,-0.1190840874202886,0.1190840874202886,0.122174932284322,0.00309084486403341,122.174932284322,22
USD,validation,22,2018-10-23,2018-11-21,frozen_rolling63_daily,10,0.8174119972136538,0.07097888321943249,-0.281838131876107,0.281838131876107,0.2432704584812237,-0.03856767339488326,243.2704584812237,22
USD,validation,23,2018-11-21,2018-12-20,frozen_rolling63_daily,10,0.7640131516420681,0.06634191883440189,-0.2978067886199653,0.2978067886199653,0.3049415247680841,0.007134736148118714,304.941524768084,22
USD,validation,24,2018-12-20,2019-01-23,frozen_rolling63_daily,10,0.7898837843682571,0.06858842802878308,-0.04969342697382029,0.04969342697382029,0.2184006829710626,0.1687072559972423,218.4006829710626,22
USD,validation,25,2019-01-23,2019-02-21,frozen_rolling63_daily,10,0.7643889263336519,0.06637454965570014,0.1087448736510837,-0.1087448736510837,0.2309876805729932,0.3397325542240769,230.9876805729933,22
USD,validation,26,2019-02-21,2019-03-22,frozen_rolling63_daily,10,0.6668755273558418,0.05790691039584236,-0.2652965258037057,0.2652965258037057,0.2802801596181428,0.01498363381443718,280.2801596181428,22
USD,validation,27,2019-03-22,2019-04-24,frozen_rolling63_daily,10,0.5828877698002231,0.05061384878617129,-0.08788386569811024,0.08788386569811024,0.2183133406774814,0.1304294749793712,218.3133406774814,22
USD,validation,28,2019-04-24,2019-05-24,frozen_rolling63_daily,10,0.5224851750949497,0.04536883563065042,-0.2623106617575266,0.2623106617575266,0.2499030309262794,-0.01240763083124721,249.9030309262793,22
USD,validation,29,2019-05-24,2019-06-24,frozen_rolling63_daily,10,0.531556053524568,0.04615649669495694,-0.4593716966110861,0.4593716966110861,0.3252240887535964,-0.1341476078574897,325.2240887535964,22
USD,validation,30,2019-06-24,2019-07-23,frozen_rolling63_daily,10,0.5576956585102266,0.04842630769879704,-0.08440660548768388,0.08440660548768388,0.1288081265252989,0.04440152103761501,128.8081265252988,22
USD,validation,31,2019-07-23,2019-08-21,frozen_rolling63_daily,10,0.5565720525925855,0.04832874020203033,-0.4636199274447395,0.4636199274447395,0.2584183349115908,-0.2052015925331487,258.4183349115908,22
USD,validation,32,2019-08-21,2019-09-19,frozen_rolling63_daily,10,0.6021707671853065,0.05228827909417299,-0.4510119391022354,0.4510119391022354,0.2647169716141042,-0.1862949674881311,264.7169716141042,22
USD,validation,33,2019-09-19,2019-10-18,frozen_rolling63_daily,10,0.662354979150706,0.05751436785528586,-0.303280005234015,0.303280005234015,0.3116081942863338,0.008328189052318802,311.6081942863337,22
USD,validation,34,2019-10-18,2019-11-18,frozen_rolling63_daily,10,0.684418531141695,0.05943026176225305,0.03965035963873254,-0.03965035963873254,0.1589977286769422,0.1986480883156747,158.9977286769422,22
USD,validation,35,2019-11-18,2019-12-17,frozen_rolling63_daily,10,0.603156883906145,0.05237390817239662,-0.167397470890478,0.167397470890478,0.2905514538941871,0.1231539830037091,290.5514538941871,22
USD,validation,36,2019-12-17,2020-01-20,frozen_rolling63_daily,10,0.4859260981866669,0.04219426894723551,-0.5820820779874247,0.5820820779874247,0.3379240949407085,-0.2441579830467163,337.9240949407084,22
USD,validation,37,2020-01-20,2020-02-18,frozen_rolling63_daily,10,0.5087377304250964,0.04417509051822137,-0.1098917739050839,0.1098917739050839,0.1577847885935975,0.04789301468851359,157.7847885935975,22
USD,validation,38,2020-02-18,2020-03-18,frozen_rolling63_daily,10,0.5147016199298378,0.04469295852027797,-0.3198806758671253,0.3198806758671253,0.2172617542532665,-0.1026189216138588,217.2617542532665,22
USD,validation,39,2020-03-18,2020-04-20,frozen_rolling63_daily,10,0.8946164677417983,0.07768309952599686,-0.683377185550464,0.683377185550464,0.3167379478568912,-0.3666392376935728,316.7379478568912,22
USD,validation,40,2020-04-20,2020-05-20,frozen_rolling63_daily,10,1.07792799529502,0.0936016533512031,-0.2369356012977164,0.2369356012977164,0.3508633903575875,0.1139277890598711,350.8633903575875,22
USD,validation,41,2020-05-20,2020-06-18,frozen_rolling63_daily,10,1.168595821020453,0.1014753163220898,-0.1388006226307397,0.1388006226307397,0.2340205421460276,0.09521991951528797,234.0205421460276,22
USD,validation,42,2020-06-18,2020-07-17,frozen_rolling63_daily,10,1.021363110855056,0.08868957763055126,-0.3123730834157215,0.3123730834157215,0.3317621335538528,0.0193890501381313,331.7621335538528,22
USD,validation,43,2020-07-17,2020-08-17,frozen_rolling63_daily,10,0.927720427959656,0.08055777505194592,-0.3468096942541763,0.3468096942541763,0.2200842494273297,-0.1267254448268466,220.0842494273297,22
USD,validation,44,2020-08-17,2020-09-15,frozen_rolling63_daily,10,0.9702554350028265,0.08425144249153997,-0.0109774281293511,0.0109774281293511,0.3070894102936212,0.2961119821642701,307.0894102936212,22
USD,validation,45,2020-09-15,2020-10-14,frozen_rolling63_daily,10,0.9534795448824767,0.08279465001445441,0.1977408683660657,-0.1977408683660657,0.1540533775382303,0.351794245904296,154.0533775382302,22
USD,validation,46,2020-10-14,2020-11-12,frozen_rolling63_daily,10,0.8403172557294596,0.07296790340685112,-0.2520041337672083,0.2520041337672083,0.3061198787479064,0.05411574498069804,306.1198787479063,22
USD,validation,47,2020-11-12,2020-12-11,frozen_rolling63_daily,10,0.75213139366344,0.0653101536670658,-0.14199721753495,0.14199721753495,0.2339320979746607,0.09193488043971071,233.9320979746607,22
USD,validation,0,2017-01-02,2017-01-31,rolling63_daily,10,1.019570245082775,0.08853388650611861,-0.5660094346337701,0.5660094346337701,0.2963071246130439,-0.2697023100207262,296.307124613044,22
USD,validation,1,2017-01-31,2017-03-01,rolling63_daily,10,1.168379898069077,0.1014565652570547,0.1640849316747305,-0.1640849316747305,0.1587506666147101,0.3228355982894406,158.7506666147101,22
USD,validation,2,2017-03-01,2017-03-30,rolling63_daily,10,1.147416848586097,0.09963610688449649,0.09392847088798817,-0.09392847088798817,0.2273954521194221,0.3213239230074102,227.395452119422,22
USD,validation,3,2017-03-30,2017-05-03,rolling63_daily,10,0.9648184406661287,0.08377930186691938,-0.3099789603987233,0.3099789603987233,0.3037643699560938,-0.006214590442629508,303.7643699560938,22
USD,validation,4,2017-05-03,2017-06-01,rolling63_daily,10,0.7934787240556034,0.06890059973989822,-0.2842961534306454,0.2842961534306454,0.2455586299537427,-0.03873752347690268,245.5586299537427,22
USD,validation,5,2017-06-01,2017-06-30,rolling63_daily,10,0.7607292656108555,0.06605675893102921,-0.256407052993751,0.256407052993751,0.3078806364037699,0.0514735834100189,307.8806364037699,22
USD,validation,6,2017-06-30,2017-07-31,rolling63_daily,10,0.7058186216879108,0.06128854817359929,-0.4683748521569413,0.4683748521569413,0.2916965705243677,-0.1766782816325736,291.6965705243678,22
USD,validation,7,2017-07-31,2017-08-29,rolling63_daily,10,0.7222407445423897,0.06271457352228163,-0.2297073877673057,0.2297073877673057,0.3169202920275074,0.08721290426020173,316.9202920275075,22
USD,validation,8,2017-08-29,2017-09-27,rolling63_daily,10,0.7652385343416341,0.06644832633556184,-0.6393948352010342,0.6393948352010342,0.2632451829195427,-0.3761496522814915,263.2451829195427,22
USD,validation,9,2017-09-27,2017-10-26,rolling63_daily,10,0.9164720876087884,0.07958099223870733,0.149690969168617,-0.149690969168617,0.3009499477050334,0.4506409168736504,300.9499477050334,22
USD,validation,10,2017-10-26,2017-11-24,rolling63_daily,10,0.8661951383352289,0.07521506411021012,-0.4922972670679684,0.4922972670679684,0.3588838570774989,-0.1334134099904695,358.8838570774988,22
USD,validation,11,2017-11-24,2017-12-27,rolling63_daily,10,0.8949055505462269,0.0777082027860693,0.1416287772833442,-0.1416287772833442,0.2422234591475217,0.383852236430866,242.2234591475218,22
USD,validation,12,2017-12-27,2018-01-26,rolling63_daily,10,0.7537689572793198,0.06545235316924064,-0.4054077297872567,0.4054077297872567,0.2624013853876926,-0.1430063443995641,262.4013853876925,22
USD,validation,13,2018-01-26,2018-02-26,rolling63_daily,10,0.8439163526982014,0.07328043814421953,-0.3336641424570325,0.3336641424570325,0.2403614034705553,-0.09330273898647717,240.3614034705552,22
USD,validation,14,2018-02-26,2018-03-27,rolling63_daily,10,0.8214878121724851,0.07133281366380059,-0.3092198945116422,0.3092198945116422,0.339266760134772,0.03004686562312975,339.266760134772,22
USD,validation,15,2018-03-27,2018-04-27,rolling63_daily,10,0.8825005051698867,0.07663097919623478,0.01167982751311277,-0.01167982751311277,0.1960277377949273,0.2077075653080401,196.0277377949273,22
USD,validation,16,2018-04-27,2018-05-29,rolling63_daily,10,0.8127553431567023,0.07057451483360759,-0.168760535014937,0.168760535014937,0.1365426322298731,-0.03221790278506387,136.5426322298731,22
USD,validation,17,2018-05-29,2018-06-27,rolling63_daily,10,0.8075496782538991,0.07012247245228501,-0.7235672901303047,0.7235672901303047,0.3770383427733903,-0.3465289473569144,377.0383427733902,22
USD,validation,18,2018-06-27,2018-07-26,rolling63_daily,10,0.8594149030337235,0.07462628727288742,-0.2772984975394337,0.2772984975394337,0.330245864043606,0.05294736650417231,330.245864043606,22
USD,validation,19,2018-07-26,2018-08-24,rolling63_daily,10,0.8887230973077465,0.07717133353953876,-0.2802638166565465,0.2802638166565465,0.174188497916031,-0.1060753187405155,174.188497916031,22
USD,validation,20,2018-08-24,2018-09-24,rolling63_daily,10,0.9436330059385369,0.0819395934370489,-0.05141993659447053,0.05141993659447053,0.2957120018581139,0.2442920652636433,295.7120018581139,22
USD,validation,21,2018-09-24,2018-10-23,rolling63_daily,10,0.8394419868897955,0.07289189772030455,-0.1202933153157467,0.1202933153157467,0.1226557274781481,0.002362412162401462,122.6557274781481,22
USD,validation,22,2018-10-23,2018-11-21,rolling63_daily,10,0.8174119972136538,0.07097888321943249,-0.2798488267134882,0.2798488267134882,0.2416909219039969,-0.03815790480949136,241.6909219039969,22
USD,validation,23,2018-11-21,2018-12-20,rolling63_daily,10,0.7640131516420681,0.06634191883440189,-0.2880640902423295,0.2880640902423295,0.3029312880759452,0.01486719783361573,302.9312880759451,22
USD,validation,24,2018-12-20,2019-01-23,rolling63_daily,10,0.7898837843682571,0.06858842802878308,-0.0580677822634641,0.0580677822634641,0.2213116239714586,0.1632438417079945,221.3116239714586,22
USD,validation,25,2019-01-23,2019-02-21,rolling63_daily,10,0.7643889263336519,0.06637454965570014,0.07888913886545623,-0.07888913886545623,0.2364092448557458,0.315298383721202,236.4092448557457,22
USD,validation,26,2019-02-21,2019-03-22,rolling63_daily,10,0.6668755273558418,0.05790691039584236,-0.3204883074158715,0.3204883074158715,0.2939882673909387,-0.02650004002493284,293.9882673909387,22
USD,validation,27,2019-03-22,2019-04-24,rolling63_daily,10,0.5828877698002231,0.05061384878617129,-0.1048053698463733,0.1048053698463733,0.2257863215429677,0.1209809516965944,225.7863215429677,22
USD,validation,28,2019-04-24,2019-05-24,rolling63_daily,10,0.5224851750949497,0.04536883563065042,-0.24569855726353,0.24569855726353,0.2428214625000076,-0.002877094763522381,242.8214625000075,22
USD,validation,29,2019-05-24,2019-06-24,rolling63_daily,10,0.531556053524568,0.04615649669495694,-0.4646473211353168,0.4646473211353168,0.3264094762865873,-0.1382378448487295,326.4094762865873,22
USD,validation,30,2019-06-24,2019-07-23,rolling63_daily,10,0.5576956585102266,0.04842630769879704,-0.08100576641131899,0.08100576641131899,0.1288870468518046,0.04788128044048559,128.8870468518046,22
USD,validation,31,2019-07-23,2019-08-21,rolling63_daily,10,0.5565720525925855,0.04832874020203033,-0.4597350909896089,0.4597350909896089,0.2589143360697371,-0.2008207549198718,258.914336069737,22
USD,validation,32,2019-08-21,2019-09-19,rolling63_daily,10,0.6021707671853065,0.05228827909417299,-0.4355960977115529,0.4355960977115529,0.2644568778262741,-0.1711392198852788,264.4568778262741,22
USD,validation,33,2019-09-19,2019-10-18,rolling63_daily,10,0.662354979150706,0.05751436785528586,-0.3028626412717159,0.3028626412717159,0.3098311975025165,0.006968556230800615,309.8311975025165,22
USD,validation,34,2019-10-18,2019-11-18,rolling63_daily,10,0.684418531141695,0.05943026176225305,0.04546005072157036,-0.04546005072157036,0.1609012612478566,0.206361311969427,160.9012612478566,22
USD,validation,35,2019-11-18,2019-12-17,rolling63_daily,10,0.603156883906145,0.05237390817239662,-0.1514200667803607,0.1514200667803607,0.2940029070349263,0.1425828402545656,294.0029070349262,22
USD,validation,36,2019-12-17,2020-01-20,rolling63_daily,10,0.4859260981866669,0.04219426894723551,-0.5614159495920186,0.5614159495920186,0.3296024553530402,-0.2318134942389783,329.6024553530402,22
USD,validation,37,2020-01-20,2020-02-18,rolling63_daily,10,0.5087377304250964,0.04417509051822137,-0.1067276725719384,0.1067276725719384,0.1572485942334659,0.05052092166152751,157.2485942334658,22
USD,validation,38,2020-02-18,2020-03-18,rolling63_daily,10,0.5147016199298378,0.04469295852027797,-0.3303481987758801,0.3303481987758801,0.2173617529481065,-0.1129864458277736,217.3617529481065,22
USD,validation,39,2020-03-18,2020-04-20,rolling63_daily,10,0.8946164677417983,0.07768309952599686,-0.5722314452977137,0.5722314452977137,0.2957553853569884,-0.2764760599407253,295.7553853569884,22
USD,validation,40,2020-04-20,2020-05-20,rolling63_daily,10,1.07792799529502,0.0936016533512031,-0.2081910904678352,0.2081910904678352,0.3415551787974827,0.1333640883296474,341.5551787974827,22
USD,validation,41,2020-05-20,2020-06-18,rolling63_daily,10,1.168595821020453,0.1014753163220898,-0.1382377372957677,0.1382377372957677,0.2324735636372134,0.09423582634144573,232.4735636372134,22
USD,validation,42,2020-06-18,2020-07-17,rolling63_daily,10,1.021363110855056,0.08868957763055126,-0.3276287891406895,0.3276287891406895,0.3409044111298815,0.01327562198919202,340.9044111298815,22
USD,validation,43,2020-07-17,2020-08-17,rolling63_daily,10,0.927720427959656,0.08055777505194592,-0.3651872077678462,0.3651872077678462,0.2223601784213562,-0.14282702934649,222.3601784213562,22
USD,validation,44,2020-08-17,2020-09-15,rolling63_daily,10,0.9702554350028265,0.08425144249153997,-0.01800755762162964,0.01800755762162964,0.3089493296996788,0.2909417720780491,308.9493296996787,22
USD,validation,45,2020-09-15,2020-10-14,rolling63_daily,10,0.9534795448824767,0.08279465001445441,0.1915517532768383,-0.1915517532768383,0.1520990537091333,0.3436508069859716,152.0990537091334,22
USD,validation,46,2020-10-14,2020-11-12,rolling63_daily,10,0.8403172557294596,0.07296790340685112,-0.3260059819598169,0.3260059819598169,0.3215010144924221,-0.004504967467394816,321.501014492422,22
USD,validation,47,2020-11-12,2020-12-11,rolling63_daily,10,0.75213139366344,0.0653101536670658,-0.08935384676632907,0.08935384676632907,0.2339650461950178,0.1446111994286888,233.9650461950178,22
USD,validation,0,2017-01-02,2017-01-31,ewma_daily,10,1.019570245082775,0.08853388650611861,-0.54893700442301,0.54893700442301,0.2900659629592531,-0.2588710414637568,290.0659629592532,22
USD,validation,1,2017-01-31,2017-03-01,ewma_daily,10,1.168379898069077,0.1014565652570547,0.17576359389665,-0.17576359389665,0.1592642470404628,0.3350278409371128,159.2642470404628,22
USD,validation,2,2017-03-01,2017-03-30,ewma_daily,10,1.147416848586097,0.09963610688449649,0.09991928358773805,-0.09991928358773805,0.2321360359224498,0.3320553195101879,232.1360359224498,22
USD,validation,3,2017-03-30,2017-05-03,ewma_daily,10,0.9648184406661287,0.08377930186691938,-0.3055139379964231,0.3055139379964231,0.3051454090312786,-0.0003685289651445545,305.1454090312786,22
USD,validation,4,2017-05-03,2017-06-01,ewma_daily,10,0.7934787240556034,0.06890059973989822,-0.3014727822739331,0.3014727822739331,0.2434913643579025,-0.05798141791603068,243.4913643579025,22
USD,validation,5,2017-06-01,2017-06-30,ewma_daily,10,0.7607292656108555,0.06605675893102921,-0.2664319828625281,0.2664319828625281,0.3101434229488688,0.04371144008634065,310.1434229488688,22
USD,validation,6,2017-06-30,2017-07-31,ewma_daily,10,0.7058186216879108,0.06128854817359929,-0.4699117717313754,0.4699117717313754,0.2912847052064285,-0.178627066524947,291.2847052064285,22
USD,validation,7,2017-07-31,2017-08-29,ewma_daily,10,0.7222407445423897,0.06271457352228163,-0.2149173859888691,0.2149173859888691,0.3098349597054564,0.09491757371658732,309.8349597054564,22
USD,validation,8,2017-08-29,2017-09-27,ewma_daily,10,0.7652385343416341,0.06644832633556184,-0.6194641731880522,0.6194641731880522,0.2575194024845964,-0.3619447707034558,257.5194024845964,22
USD,validation,9,2017-09-27,2017-10-26,ewma_daily,10,0.9164720876087884,0.07958099223870733,0.1281746720604389,-0.1281746720604389,0.3075203743125859,0.4356950463730248,307.520374312586,22
USD,validation,10,2017-10-26,2017-11-24,ewma_daily,10,0.8661951383352289,0.07521506411021012,-0.5394821208016083,0.5394821208016083,0.3694309084188313,-0.170051212382777,369.4309084188314,22
USD,validation,11,2017-11-24,2017-12-27,ewma_daily,10,0.8949055505462269,0.0777082027860693,0.144671656437513,-0.144671656437513,0.2426566796802563,0.3873283361177693,242.6566796802563,22
USD,validation,12,2017-12-27,2018-01-26,ewma_daily,10,0.7537689572793198,0.06545235316924064,-0.4056057095170615,0.4056057095170615,0.2612491392139935,-0.1443565703030681,261.2491392139934,22
USD,validation,13,2018-01-26,2018-02-26,ewma_daily,10,0.8439163526982014,0.07328043814421953,-0.3319068101085307,0.3319068101085307,0.2370109773929643,-0.09489583271556642,237.0109773929644,22
USD,validation,14,2018-02-26,2018-03-27,ewma_daily,10,0.8214878121724851,0.07133281366380059,-0.2939379160496003,0.2939379160496003,0.3368356582331642,0.0428977421835639,336.8356582331643,22
USD,validation,15,2018-03-27,2018-04-27,ewma_daily,10,0.8825005051698867,0.07663097919623478,0.0006440772727179082,-0.0006440772727179082,0.2022363578243888,0.2028804350971067,202.2363578243888,22
USD,validation,16,2018-04-27,2018-05-29,ewma_daily,10,0.8127553431567023,0.07057451483360759,-0.1583952526323782,0.1583952526323782,0.1374647064244763,-0.02093054620790186,137.4647064244763,22
USD,validation,17,2018-05-29,2018-06-27,ewma_daily,10,0.8075496782538991,0.07012247245228501,-0.6692033312439349,0.6692033312439349,0.3660476377378749,-0.30315569350606,366.0476377378749,22
USD,validation,18,2018-06-27,2018-07-26,ewma_daily,10,0.8594149030337235,0.07462628727288742,-0.2759493871808303,0.2759493871808303,0.3302201946528789,0.05427080747204865,330.2201946528789,22
USD,validation,19,2018-07-26,2018-08-24,ewma_daily,10,0.8887230973077465,0.07717133353953876,-0.2661965151229573,0.2661965151229573,0.1748756383678509,-0.09132087675510633,174.8756383678509,22
USD,validation,20,2018-08-24,2018-09-24,ewma_daily,10,0.9436330059385369,0.0819395934370489,-0.05255528896648798,0.05255528896648798,0.2977419654713892,0.2451866765049012,297.7419654713893,22
USD,validation,21,2018-09-24,2018-10-23,ewma_daily,10,0.8394419868897955,0.07289189772030455,-0.1100150206185083,0.1100150206185083,0.1221385410332855,0.01212352041477714,122.1385410332855,22
USD,validation,22,2018-10-23,2018-11-21,ewma_daily,10,0.8174119972136538,0.07097888321943249,-0.2919502265456657,0.2919502265456657,0.2460039049408965,-0.04594632160476925,246.0039049408964,22
USD,validation,23,2018-11-21,2018-12-20,ewma_daily,10,0.7640131516420681,0.06634191883440189,-0.2743904474462084,0.2743904474462084,0.298931820056606,0.02454137261039757,298.9318200566061,22
USD,validation,24,2018-12-20,2019-01-23,ewma_daily,10,0.7898837843682571,0.06858842802878308,-0.05580353673700156,0.05580353673700156,0.2210723892760639,0.1652688525390624,221.0723892760639,22
USD,validation,25,2019-01-23,2019-02-21,ewma_daily,10,0.7643889263336519,0.06637454965570014,0.0685758460192325,-0.0685758460192325,0.2389973033122798,0.3075731493315124,238.9973033122799,22
USD,validation,26,2019-02-21,2019-03-22,ewma_daily,10,0.6668755273558418,0.05790691039584236,-0.3261789039763698,0.3261789039763698,0.2961586267485694,-0.03002027722780043,296.1586267485694,22
USD,validation,27,2019-03-22,2019-04-24,ewma_daily,10,0.5828877698002231,0.05061384878617129,-0.089505203432938,0.089505203432938,0.2189046834095188,0.1293994799765808,218.9046834095188,22
USD,validation,28,2019-04-24,2019-05-24,ewma_daily,10,0.5224851750949497,0.04536883563065042,-0.2168426508311037,0.2168426508311037,0.2335402696609963,0.01669761882989268,233.5402696609963,22
USD,validation,29,2019-05-24,2019-06-24,ewma_daily,10,0.531556053524568,0.04615649669495694,-0.4679129073088575,0.4679129073088575,0.3266678986579455,-0.1412450086509119,326.6678986579456,22
USD,validation,30,2019-06-24,2019-07-23,ewma_daily,10,0.5576956585102266,0.04842630769879704,-0.09000183098968559,0.09000183098968559,0.1289369363339347,0.03893510534424907,128.9369363339346,22
USD,validation,31,2019-07-23,2019-08-21,ewma_daily,10,0.5565720525925855,0.04832874020203033,-0.4259409600847129,0.4259409600847129,0.2508110632005599,-0.175129896884153,250.8110632005599,22
USD,validation,32,2019-08-21,2019-09-19,ewma_daily,10,0.6021707671853065,0.05228827909417299,-0.4331915473248795,0.4331915473248795,0.2647997536843226,-0.1683917936405569,264.7997536843225,22
USD,validation,33,2019-09-19,2019-10-18,ewma_daily,10,0.662354979150706,0.05751436785528586,-0.3309205751364885,0.3309205751364885,0.3141607696982528,-0.01675980543823574,314.1607696982527,22
USD,validation,34,2019-10-18,2019-11-18,ewma_daily,10,0.684418531141695,0.05943026176225305,0.04854627293020815,-0.04854627293020815,0.1655589424997112,0.2141052154299194,165.5589424997112,22
USD,validation,35,2019-11-18,2019-12-17,ewma_daily,10,0.603156883906145,0.05237390817239662,-0.1786884946325245,0.1786884946325245,0.3020208556681725,0.123332361035648,302.0208556681725,22
USD,validation,36,2019-12-17,2020-01-20,ewma_daily,10,0.4859260981866669,0.04219426894723551,-0.5258442743883736,0.5258442743883736,0.3164830717294289,-0.2093612026589446,316.4830717294289,22
USD,validation,37,2020-01-20,2020-02-18,ewma_daily,10,0.5087377304250964,0.04417509051822137,-0.1061465455660538,0.1061465455660538,0.1539752293566359,0.04782868379058205,153.9752293566359,22
USD,validation,38,2020-02-18,2020-03-18,ewma_daily,10,0.5147016199298378,0.04469295852027797,-0.3308768875829742,0.3308768875829742,0.2180490126168844,-0.1128278749660898,218.0490126168844,22
USD,validation,39,2020-03-18,2020-04-20,ewma_daily,10,0.8946164677417983,0.07768309952599686,-0.4796962675751679,0.4796962675751679,0.2783321311559699,-0.201364136419198,278.33213115597,22
USD,validation,40,2020-04-20,2020-05-20,ewma_daily,10,1.07792799529502,0.0936016533512031,-0.272803794625915,0.272803794625915,0.3593289848147624,0.08652519018884747,359.3289848147624,22
USD,validation,41,2020-05-20,2020-06-18,ewma_daily,10,1.168595821020453,0.1014753163220898,-0.07437081979227855,0.07437081979227855,0.2361106436398979,0.1617398238476194,236.110643639898,22
USD,validation,42,2020-06-18,2020-07-17,ewma_daily,10,1.021363110855056,0.08868957763055126,-0.3256910112844906,0.3256910112844906,0.3367006441330933,0.01100963284860268,336.7006441330933,22
USD,validation,43,2020-07-17,2020-08-17,ewma_daily,10,0.927720427959656,0.08055777505194592,-0.3793322253349913,0.3793322253349913,0.2227310934541135,-0.1566011318808778,222.7310934541135,22
USD,validation,44,2020-08-17,2020-09-15,ewma_daily,10,0.9702554350028265,0.08425144249153997,-0.02110950249451093,0.02110950249451093,0.3100607501524315,0.2889512476579206,310.0607501524315,22
USD,validation,45,2020-09-15,2020-10-14,ewma_daily,10,0.9534795448824767,0.08279465001445441,0.1898719568609468,-0.1898719568609468,0.1524299795263767,0.3423019363873235,152.4299795263767,22
USD,validation,46,2020-10-14,2020-11-12,ewma_daily,10,0.8403172557294596,0.07296790340685112,-0.3293251066819636,0.3293251066819636,0.3239747800181274,-0.005350326663836169,323.9747800181274,22
USD,validation,47,2020-11-12,2020-12-11,ewma_daily,10,0.75213139366344,0.0653101536670658,-0.1183174890725951,0.1183174890725951,0.2330298961095466,0.1147124070369515,233.0298961095467,22
USD,validation,0,2017-01-02,2017-01-31,ridge_daily,10,1.019570245082775,0.08853388650611861,-0.5435646909946144,0.5435646909946144,0.2908822518098065,-0.2526824391848078,290.8822518098065,22
USD,validation,1,2017-01-31,2017-03-01,ridge_daily,10,1.168379898069077,0.1014565652570547,0.1645133033455628,-0.1645133033455628,0.1582787074973111,0.3227920108428739,158.2787074973111,22
USD,validation,2,2017-03-01,2017-03-30,ridge_daily,10,1.147416848586097,0.09963610688449649,0.08247220373166897,-0.08247220373166897,0.2307291875649487,0.3132013912966176,230.7291875649487,22
USD,validation,3,2017-03-30,2017-05-03,ridge_daily,10,0.9648184406661287,0.08377930186691938,-0.2821595469347926,0.2821595469347926,0.2975586772503628,0.01539913031557016,297.5586772503628,22
USD,validation,4,2017-05-03,2017-06-01,ridge_daily,10,0.7934787240556034,0.06890059973989822,-0.2998189182999909,0.2998189182999909,0.2410958575581593,-0.05872306074183156,241.0958575581593,22
USD,validation,5,2017-06-01,2017-06-30,ridge_daily,10,0.7607292656108555,0.06605675893102921,-0.2431988198488426,0.2431988198488426,0.30111299960855,0.05791417975970742,301.1129996085501,22
USD,validation,6,2017-06-30,2017-07-31,ridge_daily,10,0.7058186216879108,0.06128854817359929,-0.473245013204675,0.473245013204675,0.285649280541255,-0.18759573266342,285.649280541255,22
USD,validation,7,2017-07-31,2017-08-29,ridge_daily,10,0.7222407445423897,0.06271457352228163,-0.2127407655138427,0.2127407655138427,0.3037244245350802,0.09098365902123751,303.7244245350802,22
USD,validation,8,2017-08-29,2017-09-27,ridge_daily,10,0.7652385343416341,0.06644832633556184,-0.6353125469084775,0.6353125469084775,0.2597562966126564,-0.3755562502958211,259.7562966126563,22
USD,validation,9,2017-09-27,2017-10-26,ridge_daily,10,0.9164720876087884,0.07958099223870733,0.1497409097758009,-0.1497409097758009,0.3011173864094135,0.4508582961852144,301.1173864094135,22
USD,validation,10,2017-10-26,2017-11-24,ridge_daily,10,0.8661951383352289,0.07521506411021012,-0.4996869707555334,0.4996869707555334,0.3623567442499875,-0.1373302265055458,362.3567442499875,22
USD,validation,11,2017-11-24,2017-12-27,ridge_daily,10,0.8949055505462269,0.0777082027860693,0.1721768497993423,-0.1721768497993423,0.2367286607410238,0.4089055105403662,236.7286607410238,22
USD,validation,12,2017-12-27,2018-01-26,ridge_daily,10,0.7537689572793198,0.06545235316924064,-0.4271957853435566,0.4271957853435566,0.2614572400630767,-0.1657385452804799,261.4572400630768,22
USD,validation,13,2018-01-26,2018-02-26,ridge_daily,10,0.8439163526982014,0.07328043814421953,-0.3204543970380622,0.3204543970380622,0.2345453174565424,-0.08590907958151978,234.5453174565425,22
USD,validation,14,2018-02-26,2018-03-27,ridge_daily,10,0.8214878121724851,0.07133281366380059,-0.2614209179820506,0.2614209179820506,0.3261492722088797,0.06472835422682915,326.1492722088797,22
USD,validation,15,2018-03-27,2018-04-27,ridge_daily,10,0.8825005051698867,0.07663097919623478,0.004052933143197516,-0.004052933143197516,0.1976419344255295,0.201694867568727,197.6419344255295,22
USD,validation,16,2018-04-27,2018-05-29,ridge_daily,10,0.8127553431567023,0.07057451483360759,-0.183298909799765,0.183298909799765,0.1349167099871035,-0.04838219981266154,134.9167099871035,22
USD,validation,17,2018-05-29,2018-06-27,ridge_daily,10,0.8075496782538991,0.07012247245228501,-0.6522992691199505,0.6522992691199505,0.3615616608746924,-0.2907376082452581,361.5616608746924,22
USD,validation,18,2018-06-27,2018-07-26,ridge_daily,10,0.8594149030337235,0.07462628727288742,-0.2550652449663744,0.2550652449663744,0.3220414567201402,0.06697621175376578,322.0414567201401,22
USD,validation,19,2018-07-26,2018-08-24,ridge_daily,10,0.8887230973077465,0.07717133353953876,-0.2961372701581468,0.2961372701581468,0.1733983507885121,-0.1227389193696347,173.3983507885121,22
USD,validation,20,2018-08-24,2018-09-24,ridge_daily,10,0.9436330059385369,0.0819395934370489,-0.05198345624637568,0.05198345624637568,0.2948468396907131,0.2428633834443374,294.846839690713,22
USD,validation,21,2018-09-24,2018-10-23,ridge_daily,10,0.8394419868897955,0.07289189772030455,-0.1260035593718164,0.1260035593718164,0.1239201680133681,-0.002083391358448233,123.9201680133681,22
USD,validation,22,2018-10-23,2018-11-21,ridge_daily,10,0.8174119972136538,0.07097888321943249,-0.2596891971687629,0.2596891971687629,0.2386195578338962,-0.02106963933486675,238.6195578338962,22
USD,validation,23,2018-11-21,2018-12-20,ridge_daily,10,0.7640131516420681,0.06634191883440189,-0.2309577978874202,0.2309577978874202,0.2869332156280743,0.05597541774065407,286.9332156280743,22
USD,validation,24,2018-12-20,2019-01-23,ridge_daily,10,0.7898837843682571,0.06858842802878308,-0.02831956009512115,0.02831956009512115,0.2118181987366579,0.1834986386415368,211.8181987366579,22
USD,validation,25,2019-01-23,2019-02-21,ridge_daily,10,0.7643889263336519,0.06637454965570014,0.09428651933259857,-0.09428651933259857,0.2323989425047659,0.3266854618373645,232.398942504766,22
USD,validation,26,2019-02-21,2019-03-22,ridge_daily,10,0.6668755273558418,0.05790691039584236,-0.277728020808965,0.277728020808965,0.2816525689024439,0.003924548093478974,281.6525689024439,22
USD,validation,27,2019-03-22,2019-04-24,ridge_daily,10,0.5828877698002231,0.05061384878617129,-0.07683699302212954,0.07683699302212954,0.211040078584819,0.1342030855626895,211.040078584819,22
USD,validation,28,2019-04-24,2019-05-24,ridge_daily,10,0.5224851750949497,0.04536883563065042,-0.1868723485931723,0.1868723485931723,0.2225516154163292,0.03567926682315697,222.5516154163292,22
USD,validation,29,2019-05-24,2019-06-24,ridge_daily,10,0.531556053524568,0.04615649669495694,-0.4462084145258416,0.4462084145258416,0.3175719076138528,-0.1286365069119887,317.5719076138529,22
USD,validation,30,2019-06-24,2019-07-23,ridge_daily,10,0.5576956585102266,0.04842630769879704,-0.1149886345535359,0.1149886345535359,0.129675447353314,0.01468681279977806,129.6754473533139,22
USD,validation,31,2019-07-23,2019-08-21,ridge_daily,10,0.5565720525925855,0.04832874020203033,-0.4209993448683813,0.4209993448683813,0.2450827480698652,-0.1759165967985161,245.0827480698652,22
USD,validation,32,2019-08-21,2019-09-19,ridge_daily,10,0.6021707671853065,0.05228827909417299,-0.4164471427908953,0.4164471427908953,0.2568652382818613,-0.1595819045090341,256.8652382818613,22
USD,validation,33,2019-09-19,2019-10-18,ridge_daily,10,0.662354979150706,0.05751436785528586,-0.294453385640864,0.294453385640864,0.3044838385150521,0.01003045287418813,304.4838385150521,22
USD,validation,34,2019-10-18,2019-11-18,ridge_daily,10,0.684418531141695,0.05943026176225305,0.04021779159779026,-0.04021779159779026,0.1612160232417676,0.2014338148395579,161.2160232417676,22
USD,validation,35,2019-11-18,2019-12-17,ridge_daily,10,0.603156883906145,0.05237390817239662,-0.1578764233297107,0.1578764233297107,0.2892964010054363,0.1314199776757256,289.2964010054363,22
USD,validation,36,2019-12-17,2020-01-20,ridge_daily,10,0.4859260981866669,0.04219426894723551,-0.4808080527116845,0.4808080527116845,0.3011431181655011,-0.1796649345461834,301.1431181655011,22
USD,validation,37,2020-01-20,2020-02-18,ridge_daily,10,0.5087377304250964,0.04417509051822137,-0.1251503813979708,0.1251503813979708,0.1477131918703125,0.02256281047234168,147.7131918703125,22
USD,validation,38,2020-02-18,2020-03-18,ridge_daily,10,0.5147016199298378,0.04469295852027797,-0.3790794238276334,0.3790794238276334,0.2151763134876666,-0.1639031103399668,215.1763134876666,22
USD,validation,39,2020-03-18,2020-04-20,ridge_daily,10,0.8946164677417983,0.07768309952599686,-0.5017029812714959,0.5017029812714959,0.2824908834278652,-0.2192120978436307,282.4908834278652,22
USD,validation,40,2020-04-20,2020-05-20,ridge_daily,10,1.07792799529502,0.0936016533512031,-0.273046641500315,0.273046641500315,0.3604818192400476,0.08743517773973258,360.4818192400476,22
USD,validation,41,2020-05-20,2020-06-18,ridge_daily,10,1.168595821020453,0.1014753163220898,-0.09193497942803219,0.09193497942803219,0.2370775584961702,0.145142579068138,237.0775584961703,22
USD,validation,42,2020-06-18,2020-07-17,ridge_daily,10,1.021363110855056,0.08868957763055126,-0.3357204899878781,0.3357204899878781,0.3381453061407105,0.00242481615283241,338.1453061407105,22
USD,validation,43,2020-07-17,2020-08-17,ridge_daily,10,0.927720427959656,0.08055777505194592,-0.397066245027176,0.397066245027176,0.2246040537167151,-0.1724621913104609,224.6040537167151,22
USD,validation,44,2020-08-17,2020-09-15,ridge_daily,10,0.9702554350028265,0.08425144249153997,0.01505328672800488,-0.01505328672800488,0.2993367522912066,0.3143900390192115,299.3367522912067,22
USD,validation,45,2020-09-15,2020-10-14,ridge_daily,10,0.9534795448824767,0.08279465001445441,0.2020126842185004,-0.2020126842185004,0.1459793194036409,0.3479920036221412,145.9793194036408,22
USD,validation,46,2020-10-14,2020-11-12,ridge_daily,10,0.8403172557294596,0.07296790340685112,-0.3013016732529863,0.3013016732529863,0.3183218234259676,0.01702015017298131,318.3218234259676,22
USD,validation,47,2020-11-12,2020-12-11,ridge_daily,10,0.75213139366344,0.0653101536670658,-0.1473900893835918,0.1473900893835918,0.2320919084605961,0.0847018190770043,232.0919084605961,22
USD,validation,0,2017-01-02,2017-01-31,selected_daily,10,1.019570245082775,0.08853388650611861,-0.54893700442301,0.54893700442301,0.2900659629592531,-0.2588710414637568,290.0659629592532,22
USD,validation,1,2017-01-31,2017-03-01,selected_daily,10,1.168379898069077,0.1014565652570547,0.17576359389665,-0.17576359389665,0.1592642470404628,0.3350278409371128,159.2642470404628,22
USD,validation,2,2017-03-01,2017-03-30,selected_daily,10,1.147416848586097,0.09963610688449649,0.09991928358773805,-0.09991928358773805,0.2321360359224498,0.3320553195101879,232.1360359224498,22
USD,validation,3,2017-03-30,2017-05-03,selected_daily,10,0.9648184406661287,0.08377930186691938,-0.3055139379964231,0.3055139379964231,0.3051454090312786,-0.0003685289651445545,305.1454090312786,22
USD,validation,4,2017-05-03,2017-06-01,selected_daily,10,0.7934787240556034,0.06890059973989822,-0.3014727822739331,0.3014727822739331,0.2434913643579025,-0.05798141791603068,243.4913643579025,22
USD,validation,5,2017-06-01,2017-06-30,selected_daily,10,0.7607292656108555,0.06605675893102921,-0.2664319828625281,0.2664319828625281,0.3101434229488688,0.04371144008634065,310.1434229488688,22
USD,validation,6,2017-06-30,2017-07-31,selected_daily,10,0.7058186216879108,0.06128854817359929,-0.4699117717313754,0.4699117717313754,0.2912847052064285,-0.178627066524947,291.2847052064285,22
USD,validation,7,2017-07-31,2017-08-29,selected_daily,10,0.7222407445423897,0.06271457352228163,-0.2149173859888691,0.2149173859888691,0.3098349597054564,0.09491757371658732,309.8349597054564,22
USD,validation,8,2017-08-29,2017-09-27,selected_daily,10,0.7652385343416341,0.06644832633556184,-0.6194641731880522,0.6194641731880522,0.2575194024845964,-0.3619447707034558,257.5194024845964,22
USD,validation,9,2017-09-27,2017-10-26,selected_daily,10,0.9164720876087884,0.07958099223870733,0.1281746720604389,-0.1281746720604389,0.3075203743125859,0.4356950463730248,307.520374312586,22
USD,validation,10,2017-10-26,2017-11-24,selected_daily,10,0.8661951383352289,0.07521506411021012,-0.5394821208016083,0.5394821208016083,0.3694309084188313,-0.170051212382777,369.4309084188314,22
USD,validation,11,2017-11-24,2017-12-27,selected_daily,10,0.8949055505462269,0.0777082027860693,0.144671656437513,-0.144671656437513,0.2426566796802563,0.3873283361177693,242.6566796802563,22
USD,validation,12,2017-12-27,2018-01-26,selected_daily,10,0.7537689572793198,0.06545235316924064,-0.4056057095170615,0.4056057095170615,0.2612491392139935,-0.1443565703030681,261.2491392139934,22
USD,validation,13,2018-01-26,2018-02-26,selected_daily,10,0.8439163526982014,0.07328043814421953,-0.3319068101085307,0.3319068101085307,0.2370109773929643,-0.09489583271556642,237.0109773929644,22
USD,validation,14,2018-02-26,2018-03-27,selected_daily,10,0.8214878121724851,0.07133281366380059,-0.2939379160496003,0.2939379160496003,0.3368356582331642,0.0428977421835639,336.8356582331643,22
USD,validation,15,2018-03-27,2018-04-27,selected_daily,10,0.8825005051698867,0.07663097919623478,0.0006440772727179082,-0.0006440772727179082,0.2022363578243888,0.2028804350971067,202.2363578243888,22
USD,validation,16,2018-04-27,2018-05-29,selected_daily,10,0.8127553431567023,0.07057451483360759,-0.1583952526323782,0.1583952526323782,0.1374647064244763,-0.02093054620790186,137.4647064244763,22
USD,validation,17,2018-05-29,2018-06-27,selected_daily,10,0.8075496782538991,0.07012247245228501,-0.6692033312439349,0.6692033312439349,0.3660476377378749,-0.30315569350606,366.0476377378749,22
USD,validation,18,2018-06-27,2018-07-26,selected_daily,10,0.8594149030337235,0.07462628727288742,-0.2759493871808303,0.2759493871808303,0.3302201946528789,0.05427080747204865,330.2201946528789,22
USD,validation,19,2018-07-26,2018-08-24,selected_daily,10,0.8887230973077465,0.07717133353953876,-0.2661965151229573,0.2661965151229573,0.1748756383678509,-0.09132087675510633,174.8756383678509,22
USD,validation,20,2018-08-24,2018-09-24,selected_daily,10,0.9436330059385369,0.0819395934370489,-0.05255528896648798,0.05255528896648798,0.2977419654713892,0.2451866765049012,297.7419654713893,22
USD,validation,21,2018-09-24,2018-10-23,selected_daily,10,0.8394419868897955,0.07289189772030455,-0.1100150206185083,0.1100150206185083,0.1221385410332855,0.01212352041477714,122.1385410332855,22
USD,validation,22,2018-10-23,2018-11-21,selected_daily,10,0.8174119972136538,0.07097888321943249,-0.2919502265456657,0.2919502265456657,0.2460039049408965,-0.04594632160476925,246.0039049408964,22
USD,validation,23,2018-11-21,2018-12-20,selected_daily,10,0.7640131516420681,0.06634191883440189,-0.2743904474462084,0.2743904474462084,0.298931820056606,0.02454137261039757,298.9318200566061,22
USD,validation,24,2018-12-20,2019-01-23,selected_daily,10,0.7898837843682571,0.06858842802878308,-0.05580353673700156,0.05580353673700156,0.2210723892760639,0.1652688525390624,221.0723892760639,22
USD,validation,25,2019-01-23,2019-02-21,selected_daily,10,0.7643889263336519,0.06637454965570014,0.0685758460192325,-0.0685758460192325,0.2389973033122798,0.3075731493315124,238.9973033122799,22
USD,validation,26,2019-02-21,2019-03-22,selected_daily,10,0.6668755273558418,0.05790691039584236,-0.3261789039763698,0.3261789039763698,0.2961586267485694,-0.03002027722780043,296.1586267485694,22
USD,validation,27,2019-03-22,2019-04-24,selected_daily,10,0.5828877698002231,0.05061384878617129,-0.089505203432938,0.089505203432938,0.2189046834095188,0.1293994799765808,218.9046834095188,22
USD,validation,28,2019-04-24,2019-05-24,selected_daily,10,0.5224851750949497,0.04536883563065042,-0.2168426508311037,0.2168426508311037,0.2335402696609963,0.01669761882989268,233.5402696609963,22
USD,validation,29,2019-05-24,2019-06-24,selected_daily,10,0.531556053524568,0.04615649669495694,-0.4679129073088575,0.4679129073088575,0.3266678986579455,-0.1412450086509119,326.6678986579456,22
USD,validation,30,2019-06-24,2019-07-23,selected_daily,10,0.5576956585102266,0.04842630769879704,-0.09000183098968559,0.09000183098968559,0.1289369363339347,0.03893510534424907,128.9369363339346,22
USD,validation,31,2019-07-23,2019-08-21,selected_daily,10,0.5565720525925855,0.04832874020203033,-0.4259409600847129,0.4259409600847129,0.2508110632005599,-0.175129896884153,250.8110632005599,22
USD,validation,32,2019-08-21,2019-09-19,selected_daily,10,0.6021707671853065,0.05228827909417299,-0.4331915473248795,0.4331915473248795,0.2647997536843226,-0.1683917936405569,264.7997536843225,22
USD,validation,33,2019-09-19,2019-10-18,selected_daily,10,0.662354979150706,0.05751436785528586,-0.3309205751364885,0.3309205751364885,0.3141607696982528,-0.01675980543823574,314.1607696982527,22
USD,validation,34,2019-10-18,2019-11-18,selected_daily,10,0.684418531141695,0.05943026176225305,0.04854627293020815,-0.04854627293020815,0.1655589424997112,0.2141052154299194,165.5589424997112,22
USD,validation,35,2019-11-18,2019-12-17,selected_daily,10,0.603156883906145,0.05237390817239662,-0.1786884946325245,0.1786884946325245,0.3020208556681725,0.123332361035648,302.0208556681725,22
USD,validation,36,2019-12-17,2020-01-20,selected_daily,10,0.4859260981866669,0.04219426894723551,-0.5258442743883736,0.5258442743883736,0.3164830717294289,-0.2093612026589446,316.4830717294289,22
USD,validation,37,2020-01-20,2020-02-18,selected_daily,10,0.5087377304250964,0.04417509051822137,-0.1061465455660538,0.1061465455660538,0.1539752293566359,0.04782868379058205,153.9752293566359,22
USD,validation,38,2020-02-18,2020-03-18,selected_daily,10,0.5147016199298378,0.04469295852027797,-0.3308768875829742,0.3308768875829742,0.2180490126168844,-0.1128278749660898,218.0490126168844,22
USD,validation,39,2020-03-18,2020-04-20,selected_daily,10,0.8946164677417983,0.07768309952599686,-0.4796962675751679,0.4796962675751679,0.2783321311559699,-0.201364136419198,278.33213115597,22
USD,validation,40,2020-04-20,2020-05-20,selected_daily,10,1.07792799529502,0.0936016533512031,-0.272803794625915,0.272803794625915,0.3593289848147624,0.08652519018884747,359.3289848147624,22
USD,validation,41,2020-05-20,2020-06-18,selected_daily,10,1.168595821020453,0.1014753163220898,-0.07437081979227855,0.07437081979227855,0.2361106436398979,0.1617398238476194,236.110643639898,22
USD,validation,42,2020-06-18,2020-07-17,selected_daily,10,1.021363110855056,0.08868957763055126,-0.3256910112844906,0.3256910112844906,0.3367006441330933,0.01100963284860268,336.7006441330933,22
USD,validation,43,2020-07-17,2020-08-17,selected_daily,10,0.927720427959656,0.08055777505194592,-0.3793322253349913,0.3793322253349913,0.2227310934541135,-0.1566011318808778,222.7310934541135,22
USD,validation,44,2020-08-17,2020-09-15,selected_daily,10,0.9702554350028265,0.08425144249153997,-0.02110950249451093,0.02110950249451093,0.3100607501524315,0.2889512476579206,310.0607501524315,22
USD,validation,45,2020-09-15,2020-10-14,selected_daily,10,0.9534795448824767,0.08279465001445441,0.1898719568609468,-0.1898719568609468,0.1524299795263767,0.3423019363873235,152.4299795263767,22
USD,validation,46,2020-10-14,2020-11-12,selected_daily,10,0.8403172557294596,0.07296790340685112,-0.3293251066819636,0.3293251066819636,0.3239747800181274,-0.005350326663836169,323.9747800181274,22
USD,validation,47,2020-11-12,2020-12-11,selected_daily,10,0.75213139366344,0.0653101536670658,-0.1183174890725951,0.1183174890725951,0.2330298961095466,0.1147124070369515,233.0298961095467,22
USD,validation,0,2017-01-02,2017-01-31,selected_every5,10,1.019570245082775,0.08853388650611861,-0.01398258752941217,0.01398258752941217,0.2026150987843931,0.1886325112549809,202.6150987843931,6
USD,validation,1,2017-01-31,2017-03-01,selected_every5,10,1.168379898069077,0.1014565652570547,0.3391015127235628,-0.3391015127235628,0.1004212186279794,0.4395227313515422,100.4212186279794,6
USD,validation,2,2017-03-01,2017-03-30,selected_every5,10,1.147416848586097,0.09963610688449649,0.02998188114570155,-0.02998188114570155,0.2028428833809738,0.2328247645266754,202.8428833809738,6
USD,validation,3,2017-03-30,2017-05-03,selected_every5,10,0.9648184406661287,0.08377930186691938,-0.3787931125996522,0.3787931125996522,0.2515122131334743,-0.1272808994661779,251.5122131334743,6
USD,validation,4,2017-05-03,2017-06-01,selected_every5,10,0.7934787240556034,0.06890059973989822,-0.5768688218488194,0.5768688218488194,0.2189135215335512,-0.3579553003152682,218.9135215335511,6
USD,validation,5,2017-06-01,2017-06-30,selected_every5,10,0.7607292656108555,0.06605675893102921,-0.7679721589560558,0.7679721589560558,0.2447861408109148,-0.5231860181451409,244.7861408109148,6
USD,validation,6,2017-06-30,2017-07-31,selected_every5,10,0.7058186216879108,0.06128854817359929,-0.5104328904335915,0.5104328904335915,0.2038821588566804,-0.3065507315769111,203.8821588566804,6
USD,validation,7,2017-07-31,2017-08-29,selected_every5,10,0.7222407445423897,0.06271457352228163,-0.2226056668301339,0.2226056668301339,0.2136835521807209,-0.00892211464941306,213.6835521807209,6
USD,validation,8,2017-08-29,2017-09-27,selected_every5,10,0.7652385343416341,0.06644832633556184,-0.2886803502020202,0.2886803502020202,0.1096874794536533,-0.178992870748367,109.6874794536533,6
USD,validation,9,2017-09-27,2017-10-26,selected_every5,10,0.9164720876087884,0.07958099223870733,0.5042718060164049,-0.5042718060164049,0.1916423454035872,0.695914151419992,191.6423454035872,6
USD,validation,10,2017-10-26,2017-11-24,selected_every5,10,0.8661951383352289,0.07521506411021012,-0.04406505745551215,0.04406505745551215,0.2442415562501486,0.2001764987946364,244.2415562501486,6
USD,validation,11,2017-11-24,2017-12-27,selected_every5,10,0.8949055505462269,0.0777082027860693,0.3794593319355606,-0.3794593319355606,0.122686711759451,0.5021460436950116,122.686711759451,6
USD,validation,12,2017-12-27,2018-01-26,selected_every5,10,0.7537689572793198,0.06545235316924064,-0.5192557398778916,0.5192557398778916,0.2118865945329312,-0.3073691453449605,211.8865945329312,6
USD,validation,13,2018-01-26,2018-02-26,selected_every5,10,0.8439163526982014,0.07328043814421953,-0.6535562775074568,0.6535562775074568,0.1962143288708817,-0.4573419486365751,196.2143288708817,6
USD,validation,14,2018-02-26,2018-03-27,selected_every5,10,0.8214878121724851,0.07133281366380059,0.2471108591661846,-0.2471108591661846,0.1966456656058565,0.4437565247720411,196.6456656058565,6
USD,validation,15,2018-03-27,2018-04-27,selected_every5,10,0.8825005051698867,0.07663097919623478,-0.2975139618125539,0.2975139618125539,0.1438582718391813,-0.1536556899733726,143.8582718391813,6
USD,validation,16,2018-04-27,2018-05-29,selected_every5,10,0.8127553431567023,0.07057451483360759,-0.4583126314983774,0.4583126314983774,0.1203619957686171,-0.3379506357297603,120.361995768617,6
USD,validation,17,2018-05-29,2018-06-27,selected_every5,10,0.8075496782538991,0.07012247245228501,-0.7034185851473183,0.7034185851473183,0.2891275953393424,-0.4142909898079759,289.1275953393424,6
USD,validation,18,2018-06-27,2018-07-26,selected_every5,10,0.8594149030337235,0.07462628727288742,0.06198851488142054,-0.06198851488142054,0.2335984547305888,0.2955869696120094,233.5984547305888,6
USD,validation,19,2018-07-26,2018-08-24,selected_every5,10,0.8887230973077465,0.07717133353953876,-0.168160353150161,0.168160353150161,0.1006397729038378,-0.06752058024632319,100.6397729038378,6
USD,validation,20,2018-08-24,2018-09-24,selected_every5,10,0.9436330059385369,0.0819395934370489,0.1702877260402573,-0.1702877260402573,0.2119672773873156,0.382255003427573,211.9672773873156,6
USD,validation,21,2018-09-24,2018-10-23,selected_every5,10,0.8394419868897955,0.07289189772030455,-0.2342806453458438,0.2342806453458438,0.1040606160999122,-0.1302200292459316,104.0606160999122,6
USD,validation,22,2018-10-23,2018-11-21,selected_every5,10,0.8174119972136538,0.07097888321943249,-0.1493911119677875,0.1493911119677875,0.1348777587083009,-0.01451335325948661,134.8777587083009,6
USD,validation,23,2018-11-21,2018-12-20,selected_every5,10,0.7640131516420681,0.06634191883440189,0.1650638224454397,-0.1650638224454397,0.1569247043063965,0.3219885267518362,156.9247043063964,6
USD,validation,24,2018-12-20,2019-01-23,selected_every5,10,0.7898837843682571,0.06858842802878308,0.3251290048438751,-0.3251290048438751,0.100426712395729,0.4255557172396041,100.426712395729,6
USD,validation,25,2019-01-23,2019-02-21,selected_every5,10,0.7643889263336519,0.06637454965570014,0.3742588765412513,-0.3742588765412513,0.1292259499307641,0.5034848264720155,129.2259499307641,6
USD,validation,26,2019-02-21,2019-03-22,selected_every5,10,0.6668755273558418,0.05790691039584236,-0.4997904282213028,0.4997904282213028,0.2453284708938502,-0.2544619573274526,245.3284708938502,6
USD,validation,27,2019-03-22,2019-04-24,selected_every5,10,0.5828877698002231,0.05061384878617129,-0.07477127628615321,0.07477127628615321,0.1618742972684257,0.08710302098227246,161.8742972684257,6
USD,validation,28,2019-04-24,2019-05-24,selected_every5,10,0.5224851750949497,0.04536883563065042,0.1195563582050541,-0.1195563582050541,0.1068953347295536,0.2264516929346077,106.8953347295536,6
USD,validation,29,2019-05-24,2019-06-24,selected_every5,10,0.531556053524568,0.04615649669495694,-0.2503636215990923,0.2503636215990923,0.2244273709737437,-0.02593625062534866,224.4273709737437,6
USD,validation,30,2019-06-24,2019-07-23,selected_every5,10,0.5576956585102266,0.04842630769879704,-0.1924678569390828,0.1924678569390828,0.1020974267168181,-0.09037043022226471,102.0974267168181,6
USD,validation,31,2019-07-23,2019-08-21,selected_every5,10,0.5565720525925855,0.04832874020203033,-0.3003954811720206,0.3003954811720206,0.1523552011603926,-0.1480402800116281,152.3552011603926,6
USD,validation,32,2019-08-21,2019-09-19,selected_every5,10,0.6021707671853065,0.05228827909417299,0.189176175113996,-0.189176175113996,0.100307507130551,0.289483682244547,100.307507130551,6
USD,validation,33,2019-09-19,2019-10-18,selected_every5,10,0.662354979150706,0.05751436785528586,-0.1870071014435553,0.1870071014435553,0.2383359847932562,0.05132888334970098,238.3359847932562,6
USD,validation,34,2019-10-18,2019-11-18,selected_every5,10,0.684418531141695,0.05943026176225305,0.06031872677042587,-0.06031872677042587,0.1161342559309701,0.1764529827013959,116.1342559309701,6
USD,validation,35,2019-11-18,2019-12-17,selected_every5,10,0.603156883906145,0.05237390817239662,-0.05197079510337232,0.05197079510337232,0.2313797931367185,0.1794089980333461,231.3797931367184,6
USD,validation,36,2019-12-17,2020-01-20,selected_every5,10,0.4859260981866669,0.04219426894723551,-0.07770567713807441,0.07770567713807441,0.1392167237374331,0.06151104659935866,139.2167237374331,6
USD,validation,37,2020-01-20,2020-02-18,selected_every5,10,0.5087377304250964,0.04417509051822137,-0.2488956508842873,0.2488956508842873,0.1201357070872457,-0.1287599437970415,120.1357070872457,6
USD,validation,38,2020-02-18,2020-03-18,selected_every5,10,0.5147016199298378,0.04469295852027797,-0.8883685455636225,0.8883685455636225,0.202294906058781,-0.6860736395048416,202.294906058781,6
USD,validation,39,2020-03-18,2020-04-20,selected_every5,10,0.8946164677417983,0.07768309952599686,0.2755473919667288,-0.2755473919667288,0.1327344378646251,0.408281829831354,132.7344378646251,6
USD,validation,40,2020-04-20,2020-05-20,selected_every5,10,1.07792799529502,0.0936016533512031,0.4585490100002545,-0.4585490100002545,0.1937647154049537,0.6523137254052083,193.7647154049537,6
USD,validation,41,2020-05-20,2020-06-18,selected_every5,10,1.168595821020453,0.1014753163220898,-0.1947403115084825,0.1947403115084825,0.2035685273103108,0.008828215801828354,203.5685273103108,6
USD,validation,42,2020-06-18,2020-07-17,selected_every5,10,1.021363110855056,0.08868957763055126,0.1819361476987353,-0.1819361476987353,0.2097663964208794,0.3917025441196147,209.7663964208793,6
USD,validation,43,2020-07-17,2020-08-17,selected_every5,10,0.927720427959656,0.08055777505194592,-0.5244782927160259,0.5244782927160259,0.2049661684344329,-0.319512124281593,204.9661684344329,6
USD,validation,44,2020-08-17,2020-09-15,selected_every5,10,0.9702554350028265,0.08425144249153997,0.4485568678285858,-0.4485568678285858,0.1797790126431676,0.6283358804717535,179.7790126431677,6
USD,validation,45,2020-09-15,2020-10-14,selected_every5,10,0.9534795448824767,0.08279465001445441,0.2085123747018518,-0.2085123747018518,0.1153882401146537,0.3239006148165055,115.3882401146537,6
USD,validation,46,2020-10-14,2020-11-12,selected_every5,10,0.8403172557294596,0.07296790340685112,0.255859607073603,-0.255859607073603,0.1859396235970892,0.4417992306706922,185.9396235970893,6
USD,validation,47,2020-11-12,2020-12-11,selected_every5,10,0.75213139366344,0.0653101536670658,-0.3656687060780115,0.3656687060780115,0.2037636675064878,-0.1619050385715237,203.7636675064878,6
USD,validation,0,2017-01-02,2017-01-31,selected_threshold,10,1.019570245082775,0.08853388650611861,-0.40059969907999,0.40059969907999,0.2333647428271983,-0.1672349562527918,233.3647428271983,8
USD,validation,1,2017-01-31,2017-03-01,selected_threshold,10,1.168379898069077,0.1014565652570547,0.125754409686178,-0.125754409686178,0.1286334643281569,0.2543878740143349,128.6334643281569,7
USD,validation,2,2017-03-01,2017-03-30,selected_threshold,10,1.147416848586097,0.09963610688449649,0.1876785060389494,-0.1876785060389494,0.1968331721436627,0.3845116781826122,196.8331721436628,6
USD,validation,3,2017-03-30,2017-05-03,selected_threshold,10,0.9648184406661287,0.08377930186691938,-0.1841538634991053,0.1841538634991053,0.2472875341978723,0.06313367069876696,247.2875341978722,8
USD,validation,4,2017-05-03,2017-06-01,selected_threshold,10,0.7934787240556034,0.06890059973989822,-0.3057379848583821,0.3057379848583821,0.2082974597410551,-0.09744052511732698,208.2974597410551,6
USD,validation,5,2017-06-01,2017-06-30,selected_threshold,10,0.7607292656108555,0.06605675893102921,-0.06085322173701968,0.06085322173701968,0.2290909709863414,0.1682377492493217,229.0909709863414,5
USD,validation,6,2017-06-30,2017-07-31,selected_threshold,10,0.7058186216879108,0.06128854817359929,-0.410232014958865,0.410232014958865,0.2447407331010069,-0.1654912818578581,244.7407331010068,8
USD,validation,7,2017-07-31,2017-08-29,selected_threshold,10,0.7222407445423897,0.06271457352228163,-0.2342795086770337,0.2342795086770337,0.3022762829752863,0.06799677429825257,302.2762829752863,14
USD,validation,8,2017-08-29,2017-09-27,selected_threshold,10,0.7652385343416341,0.06644832633556184,-0.2822119103701848,0.2822119103701848,0.1659954827980498,-0.116216427572135,165.9954827980498,10
USD,validation,9,2017-09-27,2017-10-26,selected_threshold,10,0.9164720876087884,0.07958099223870733,0.2176827026907091,-0.2176827026907091,0.2549648875581,0.4726475902488091,254.9648875581,9
USD,validation,10,2017-10-26,2017-11-24,selected_threshold,10,0.8661951383352289,0.07521506411021012,-0.4722974520103662,0.4722974520103662,0.3340923288457796,-0.1382051231645866,334.0923288457796,11
USD,validation,11,2017-11-24,2017-12-27,selected_threshold,10,0.8949055505462269,0.0777082027860693,0.2094482066352583,-0.2094482066352583,0.1943904923253386,0.4038386989605969,194.3904923253386,9
USD,validation,12,2017-12-27,2018-01-26,selected_threshold,10,0.7537689572793198,0.06545235316924064,-0.4500671236932874,0.4500671236932874,0.2141740514522749,-0.2358930722410125,214.1740514522749,7
USD,validation,13,2018-01-26,2018-02-26,selected_threshold,10,0.8439163526982014,0.07328043814421953,-0.2650857301437606,0.2650857301437606,0.1924135468389516,-0.07267218330480896,192.4135468389516,9
USD,validation,14,2018-02-26,2018-03-27,selected_threshold,10,0.8214878121724851,0.07133281366380059,-0.1702253577775963,0.1702253577775963,0.2950739365115105,0.1248485787339143,295.0739365115105,10
USD,validation,15,2018-03-27,2018-04-27,selected_threshold,10,0.8825005051698867,0.07663097919623478,-0.03163139317676844,0.03163139317676844,0.1687398124945813,0.1371084193178129,168.7398124945813,10
USD,validation,16,2018-04-27,2018-05-29,selected_threshold,10,0.8127553431567023,0.07057451483360759,-0.1792960815198321,0.1792960815198321,0.1206412916144414,-0.05865478990539069,120.6412916144414,7
USD,validation,17,2018-05-29,2018-06-27,selected_threshold,10,0.8075496782538991,0.07012247245228501,-0.3813734478876825,0.3813734478876825,0.2996929311110716,-0.08168051677661081,299.6929311110716,11
USD,validation,18,2018-06-27,2018-07-26,selected_threshold,10,0.8594149030337235,0.07462628727288742,-0.155074677555092,0.155074677555092,0.269213444413387,0.114138766858295,269.213444413387,10
USD,validation,19,2018-07-26,2018-08-24,selected_threshold,10,0.8887230973077465,0.07717133353953876,-0.1130643566785894,0.1130643566785894,0.1347979943099358,0.02173363763134645,134.7979943099358,7
USD,validation,20,2018-08-24,2018-09-24,selected_threshold,10,0.9436330059385369,0.0819395934370489,-0.001620386303386567,0.001620386303386567,0.2293147623209328,0.2276943760175463,229.3147623209328,6
USD,validation,21,2018-09-24,2018-10-23,selected_threshold,10,0.8394419868897955,0.07289189772030455,-0.1106951120012338,0.1106951120012338,0.099974300464171,-0.01072081153706284,99.97430046417099,5
USD,validation,22,2018-10-23,2018-11-21,selected_threshold,10,0.8174119972136538,0.07097888321943249,-0.1909273444711346,0.1909273444711346,0.2004741519221216,0.009546807450987072,200.4741519221216,11
USD,validation,23,2018-11-21,2018-12-20,selected_threshold,10,0.7640131516420681,0.06634191883440189,-0.2529788243423639,0.2529788243423639,0.2800847961022185,0.02710597175985469,280.0847961022185,15
USD,validation,24,2018-12-20,2019-01-23,selected_threshold,10,0.7898837843682571,0.06858842802878308,-0.07664021159042456,0.07664021159042456,0.2163926611920634,0.1397524496016389,216.3926611920635,13
USD,validation,25,2019-01-23,2019-02-21,selected_threshold,10,0.7643889263336519,0.06637454965570014,0.07096382180856153,-0.07096382180856153,0.2172455862030301,0.2882094080115916,217.2455862030301,11
USD,validation,26,2019-02-21,2019-03-22,selected_threshold,10,0.6668755273558418,0.05790691039584236,-0.3983536133452787,0.3983536133452787,0.2687584376256896,-0.1295951757195892,268.7584376256896,9
USD,validation,27,2019-03-22,2019-04-24,selected_threshold,10,0.5828877698002231,0.05061384878617129,-0.02013075706178746,0.02013075706178746,0.1593197374785797,0.1391889804167923,159.3197374785798,7
USD,validation,28,2019-04-24,2019-05-24,selected_threshold,10,0.5224851750949497,0.04536883563065042,-0.1818852960981288,0.1818852960981288,0.1895870702292108,0.007701774131082056,189.5870702292108,10
USD,validation,29,2019-05-24,2019-06-24,selected_threshold,10,0.531556053524568,0.04615649669495694,-0.5290549516385283,0.5290549516385283,0.3152528244699421,-0.2138021271685862,315.2528244699421,11
USD,validation,30,2019-06-24,2019-07-23,selected_threshold,10,0.5576956585102266,0.04842630769879704,-0.04083997248247262,0.04083997248247262,0.1001029754535888,0.05926300297111614,100.1029754535888,6
USD,validation,31,2019-07-23,2019-08-21,selected_threshold,10,0.5565720525925855,0.04832874020203033,-0.2898465461082811,0.2898465461082811,0.208176870792273,-0.08166967531600808,208.176870792273,10
USD,validation,32,2019-08-21,2019-09-19,selected_threshold,10,0.6021707671853065,0.05228827909417299,-0.2288599772549453,0.2288599772549453,0.205399489839514,-0.02346048741543136,205.3994898395139,9
USD,validation,33,2019-09-19,2019-10-18,selected_threshold,10,0.662354979150706,0.05751436785528586,-0.2879877587572679,0.2879877587572679,0.2671234759357017,-0.02086428282156622,267.1234759357017,7
USD,validation,34,2019-10-18,2019-11-18,selected_threshold,10,0.684418531141695,0.05943026176225305,0.05051223554958637,-0.05051223554958637,0.137209884661663,0.1877221202112493,137.2098846616629,8
USD,validation,35,2019-11-18,2019-12-17,selected_threshold,10,0.603156883906145,0.05237390817239662,-0.05444616383573475,0.05444616383573475,0.2372394293820102,0.1827932655462755,237.2394293820102,8
USD,validation,36,2019-12-17,2020-01-20,selected_threshold,10,0.4859260981866669,0.04219426894723551,-0.5617171520837987,0.5617171520837987,0.3011740301645988,-0.2605431219191999,301.1740301645987,15
USD,validation,37,2020-01-20,2020-02-18,selected_threshold,10,0.5087377304250964,0.04417509051822137,-0.180400378988125,0.180400378988125,0.1275840140945621,-0.05281636489356289,127.5840140945621,7
USD,validation,38,2020-02-18,2020-03-18,selected_threshold,10,0.5147016199298378,0.04469295852027797,-0.339833118893452,0.339833118893452,0.1994715186000849,-0.1403616002933671,199.4715186000849,5
USD,validation,39,2020-03-18,2020-04-20,selected_threshold,10,0.8946164677417983,0.07768309952599686,-0.3634738723127029,0.3634738723127029,0.239730428028664,-0.1237434442840389,239.7304280286641,12
USD,validation,40,2020-04-20,2020-05-20,selected_threshold,10,1.07792799529502,0.0936016533512031,-0.2563144162412385,0.2563144162412385,0.3100328176064343,0.05371840136519579,310.0328176064343,10
USD,validation,41,2020-05-20,2020-06-18,selected_threshold,10,1.168595821020453,0.1014753163220898,-0.04922161742635467,0.04922161742635467,0.1999179442667177,0.150696326840363,199.9179442667177,5
USD,validation,42,2020-06-18,2020-07-17,selected_threshold,10,1.021363110855056,0.08868957763055126,-0.1995458444147005,0.1995458444147005,0.2798865016311098,0.08034065721640932,279.8865016311098,11
USD,validation,43,2020-07-17,2020-08-17,selected_threshold,10,0.927720427959656,0.08055777505194592,-0.4306158185192714,0.4306158185192714,0.1854745417232958,-0.2451412767959756,185.4745417232958,4
USD,validation,44,2020-08-17,2020-09-15,selected_threshold,10,0.9702554350028265,0.08425144249153997,0.1026518532999603,-0.1026518532999603,0.2668896042484312,0.3695414575483915,266.8896042484313,13
USD,validation,45,2020-09-15,2020-10-14,selected_threshold,10,0.9534795448824767,0.08279465001445441,0.1376607289328575,-0.1376607289328575,0.1205755485091799,0.2582362774420375,120.5755485091799,7
USD,validation,46,2020-10-14,2020-11-12,selected_threshold,10,0.8403172557294596,0.07296790340685112,-0.3724426493451176,0.3724426493451176,0.2870685413759568,-0.08537410796916078,287.0685413759568,11
USD,validation,47,2020-11-12,2020-12-11,selected_threshold,10,0.75213139366344,0.0653101536670658,-0.1717950021207741,0.1717950021207741,0.2004451113088169,0.02865010918804273,200.4451113088169,5
USD,test,0,2021-01-04,2021-02-02,frozen_rolling63_daily,0,0.6681443424280076,0.05801708819289545,0.0001627971898294695,-0.0001627971898294695,0,0.0001627971898294695,153.1796983981428,22
USD,test,1,2021-02-02,2021-03-03,frozen_rolling63_daily,0,0.6792940716857601,0.05898527767837256,0.1427013355771578,-0.1427013355771578,0,0.1427013355771578,277.115588148439,22
USD,test,2,2021-03-03,2021-04-01,frozen_rolling63_daily,0,0.6628212085918079,0.05755485295627025,-0.02150394249621934,0.02150394249621934,0,-0.02150394249621934,143.2568637692555,22
USD,test,3,2021-04-01,2021-05-04,frozen_rolling63_daily,0,0.6563984366458513,0.05699713079726621,-0.01483312128345915,0.01483312128345915,0,-0.01483312128345915,208.2150514381937,22
USD,test,4,2021-05-04,2021-06-02,frozen_rolling63_daily,0,0.6341192291049964,0.05506251602401351,-0.07004078766458122,0.07004078766458122,0,-0.07004078766458122,250.6855161256148,22
USD,test,5,2021-06-02,2021-07-01,frozen_rolling63_daily,0,0.623960086693387,0.05418034842440794,-0.2072093799479672,0.2072093799479672,0,-0.2072093799479672,141.9443985252761,22
USD,test,6,2021-07-01,2021-07-30,frozen_rolling63_daily,0,0.6769316023813658,0.05878013197907675,0.3492697845329076,-0.3492697845329076,0,0.3492697845329076,197.6564083621661,22
USD,test,7,2021-07-30,2021-08-30,frozen_rolling63_daily,0,0.63573398384586,0.05520273309033288,0.1178418335950923,-0.1178418335950923,0,0.1178418335950923,115.9172537599802,22
USD,test,8,2021-08-30,2021-09-28,frozen_rolling63_daily,0,0.5594769716590804,0.04858098674087603,0.0455514527283804,-0.0455514527283804,0,0.0455514527283804,209.5277719747748,22
USD,test,9,2021-09-28,2021-10-27,frozen_rolling63_daily,0,0.4408042783317541,0.03827617816919258,-0.0588504789542077,0.0588504789542077,0,-0.0588504789542077,205.6042774839297,22
USD,test,10,2021-10-27,2021-11-25,frozen_rolling63_daily,0,0.4646137308516245,0.04034363742120493,-0.1929426098156908,0.1929426098156908,0,-0.1929426098156908,181.5658446914816,21
USD,test,11,2021-11-25,2021-12-24,frozen_rolling63_daily,0,0.575067256928385,0.0499347589558905,-0.1115201968608517,0.1115201968608517,0,-0.1115201968608517,341.971308881995,22
USD,test,12,2021-12-24,2022-01-24,frozen_rolling63_daily,0,0.6320966613366394,0.05488688658607589,0.1378414496327309,-0.1378414496327309,0,0.1378414496327309,284.4363000535748,22
USD,test,13,2022-01-24,2022-02-22,frozen_rolling63_daily,0,0.6579838977263535,0.05713480446260222,-0.4115940767451463,0.4115940767451463,0,-0.4115940767451463,339.5914861191893,22
USD,test,14,2022-02-22,2022-03-23,frozen_rolling63_daily,0,0.764341731852177,0.06637045146932263,-0.280133159095284,0.280133159095284,0,-0.280133159095284,121.3401843971492,22
USD,test,15,2022-03-23,2022-04-25,frozen_rolling63_daily,0,0.9352940444607611,0.08121545328131975,0.07940120316167815,-0.07940120316167815,0,0.07940120316167815,200.2121974957913,22
USD,test,16,2022-04-25,2022-05-24,frozen_rolling63_daily,0,1.005643048807286,0.08732446070144578,0.05022559531723481,-0.05022559531723481,0,0.05022559531723481,143.9908072252981,22
USD,test,17,2022-05-24,2022-06-22,frozen_rolling63_daily,0,1.032471746370248,0.08965424424227741,-0.1289016455674524,0.1289016455674524,0,-0.1289016455674524,180.5522176247178,22
USD,test,18,2022-06-22,2022-07-21,frozen_rolling63_daily,0,0.9961419658600121,0.08649939631914288,-0.231649447086443,0.231649447086443,0,-0.231649447086443,145.5072638713142,22
USD,test,19,2022-07-21,2022-08-19,frozen_rolling63_daily,0,1.117148091751289,0.09700754093564046,0.004591944438139706,-0.004591944438139706,0,0.004591944438139706,262.174001862006,22
USD,test,20,2022-08-19,2022-09-19,frozen_rolling63_daily,0,1.103863675471885,0.09585391476127696,-0.2435136045106221,0.2435136045106221,0,-0.2435136045106221,274.2602801283799,22
USD,test,21,2022-09-19,2022-10-18,frozen_rolling63_daily,0,1.149157612037669,0.09978727677397796,-0.1630443621892602,0.1630443621892602,0,-0.1630443621892602,161.9496826041043,22
USD,test,22,2022-10-18,2022-11-16,frozen_rolling63_daily,0,1.194351764036298,0.1037120054708354,-1.004132525922458,1.004132525922458,0,-1.004132525922458,371.3567729626233,22
USD,test,23,2022-11-16,2022-12-15,frozen_rolling63_daily,0,1.561866144357936,0.1356288585937812,0.451319979301843,-0.451319979301843,0,0.451319979301843,295.9296897119323,22
USD,test,24,2022-12-15,2023-01-16,frozen_rolling63_daily,0,1.553232084906377,0.1348790017652321,0.437835179027914,-0.437835179027914,0,0.437835179027914,281.3082611014597,22
USD,test,25,2023-01-16,2023-02-14,frozen_rolling63_daily,0,1.471797174578022,0.1278065622818664,0.5749396244098683,-0.5749396244098683,0,0.5749396244098683,208.6671504143004,22
USD,test,26,2023-02-14,2023-03-15,frozen_rolling63_daily,0,1.063317150402838,0.09233284804034186,-0.3551698968117236,0.3551698968117236,0,-0.3551698968117236,224.0103650836303,22
USD,test,27,2023-03-15,2023-04-17,frozen_rolling63_daily,0,1.072891517205107,0.09316428539988957,-0.0006206643311088555,0.0006206643311088555,0,-0.0006206643311088555,227.9779512873583,22
USD,test,28,2023-04-17,2023-05-17,frozen_rolling63_daily,0,1.048185226089551,0.09101879547277311,0.4375371276569666,-0.4375371276569666,0,0.4375371276569666,190.7890018907647,22
USD,test,29,2023-05-17,2023-06-15,frozen_rolling63_daily,0,0.9495877337814207,0.08245669165407478,0.5682388690295497,-0.5682388690295497,0,0.5682388690295497,201.0145157396287,22
USD,test,30,2023-06-15,2023-07-14,frozen_rolling63_daily,0,0.7502464773502027,0.06514647507588577,-0.1365187750969881,0.1365187750969881,0,-0.1365187750969881,299.5170996269467,22
USD,test,31,2023-07-14,2023-08-14,frozen_rolling63_daily,0,0.7802356197431877,0.06775061658998699,-0.04050194940258474,0.04050194940258474,0,-0.04050194940258474,136.5822473071553,22
USD,test,32,2023-08-14,2023-09-12,frozen_rolling63_daily,0,0.8229094644333514,0.07145626534151298,0.1032908300216075,-0.1032908300216075,0,0.1032908300216075,162.4664585309538,22
USD,test,33,2023-09-12,2023-10-11,frozen_rolling63_daily,0,0.8311350917824996,0.07217055262497593,0.06546382872469403,-0.06546382872469403,0,0.06546382872469403,151.0767005039988,22
USD,test,34,2023-10-11,2023-11-09,frozen_rolling63_daily,0,0.7113625879175061,0.06176996166858643,-0.280723551873578,0.280723551873578,0,-0.280723551873578,363.3197354892669,22
USD,test,35,2023-11-09,2023-12-08,frozen_rolling63_daily,0,0.7367577249590482,0.06397516684176008,-0.076878113692743,0.076878113692743,0,-0.076878113692743,229.7928309496597,22
USD,test,36,2023-12-08,2024-01-11,frozen_rolling63_daily,0,0.7803367840865576,0.06775940132755819,-0.06107471949867715,0.06107471949867715,0,-0.06107471949867715,249.978117291672,22
USD,test,37,2024-01-11,2024-02-09,frozen_rolling63_daily,0,0.8118096270821411,0.07049239201733958,0.05408434036957326,-0.05408434036957326,0,0.05408434036957326,138.962991663451,22
USD,test,38,2024-02-09,2024-03-11,frozen_rolling63_daily,0,0.766040694927419,0.06651798287134593,0.25696899710384,-0.25696899710384,0,0.25696899710384,268.0669455981722,22
USD,test,39,2024-03-11,2024-04-11,frozen_rolling63_daily,0,0.6833775271187434,0.0593398658235525,0.00968856843274235,-0.00968856843274235,0,0.00968856843274235,200.3162568097761,22
USD,test,40,2024-04-11,2024-05-13,frozen_rolling63_daily,0,0.6723667176559545,0.05838373905116917,0.1974398303669176,-0.1974398303669176,0,0.1974398303669176,305.5308917339795,22
USD,test,41,2024-05-13,2024-06-11,frozen_rolling63_daily,0,0.6115127652182082,0.05309948833681985,-0.1993685863885997,0.1993685863885997,0,-0.1993685863885997,273.876344898044,22
USD,test,42,2024-06-11,2024-07-10,frozen_rolling63_daily,0,0.6675483465346872,0.0579653347748152,0.1069260189449182,-0.1069260189449182,0,0.1069260189449182,315.3207636557494,22
USD,test,43,2024-07-10,2024-08-08,frozen_rolling63_daily,0,0.5876240451351862,0.05102512082316171,-0.1940464886475581,0.1940464886475581,0,-0.1940464886475581,319.431657609663,22
USD,test,44,2024-08-08,2024-09-06,frozen_rolling63_daily,0,0.631183352152263,0.05480757950038413,0.01966573199305799,-0.01966573199305799,0,0.01966573199305799,228.9835300757421,22
USD,test,45,2024-09-06,2024-10-07,frozen_rolling63_daily,0,0.5885702797160661,0.0511072866386742,-0.157359450135097,0.157359450135097,0,-0.157359450135097,283.8000957676422,22
USD,test,46,2024-10-07,2024-11-05,frozen_rolling63_daily,0,0.6311748889412598,0.05480684459857734,0.1269664049005816,-0.1269664049005816,0,0.1269664049005816,119.5014589299771,22
USD,test,47,2024-11-05,2024-12-04,frozen_rolling63_daily,0,0.580326811154535,0.05039146933141765,-0.5510674519994698,0.5510674519994698,0,-0.5510674519994698,127.1347759428924,22
USD,test,48,2024-12-04,2025-01-07,frozen_rolling63_daily,0,0.8524122763675237,0.0740181991516853,0.1222228560602474,-0.1222228560602474,0,0.1222228560602474,181.9679455489599,22
USD,test,49,2025-01-07,2025-02-05,frozen_rolling63_daily,0,0.8869000073689506,0.07701302091893587,-0.4749165451759527,0.4749165451759527,0,-0.4749165451759527,291.6070419699224,22
USD,test,50,2025-02-05,2025-03-06,frozen_rolling63_daily,0,1.065818827302365,0.09255009336270897,0.2275857421252283,-0.2275857421252283,0,0.2275857421252283,297.6256942153084,22
USD,test,51,2025-03-06,2025-04-04,frozen_rolling63_daily,0,0.9796602234482563,0.08506814146996126,-0.528182031317769,0.528182031317769,0,-0.528182031317769,302.756173605325,22
USD,test,52,2025-04-04,2025-05-08,frozen_rolling63_daily,0,1.111366954421172,0.09650550339273382,-0.2994635982282716,0.2994635982282716,0,-0.2994635982282716,244.5936474824554,22
USD,test,53,2025-05-08,2025-06-06,frozen_rolling63_daily,0,1.14324954606078,0.09927421375858224,0.2965880096721207,-0.2965880096721207,0,0.2965880096721207,308.5491316317693,22
USD,test,54,2025-06-06,2025-07-07,frozen_rolling63_daily,0,1.133106206594476,0.09839335615462566,-0.003411651063998988,0.003411651063998988,0,-0.003411651063998988,259.0746789951157,22
USD,test,55,2025-07-07,2025-08-05,frozen_rolling63_daily,0,1.063215103441607,0.09232398629637677,0.2365148156479401,-0.2365148156479401,0,0.2365148156479401,163.2827440616855,22
USD,test,56,2025-08-05,2025-09-03,frozen_rolling63_daily,0,0.9519922437141872,0.08266549524781096,0.1675950150953724,-0.1675950150953724,0,0.1675950150953724,276.0524395275575,22
USD,test,57,2025-09-03,2025-10-02,frozen_rolling63_daily,0,0.8987987499012888,0.07804627901612925,0.3027506119920957,-0.3027506119920957,0,0.3027506119920957,280.6991609078324,22
USD,test,58,2025-10-02,2025-10-31,frozen_rolling63_daily,0,0.7655642233875213,0.06647660791711983,0.1666231637404825,-0.1666231637404825,0,0.1666231637404825,144.9592591471416,22
USD,test,59,2025-10-31,2025-12-01,frozen_rolling63_daily,0,0.6421036743993653,0.05575584475313858,0.08988024610557943,-0.08988024610557943,0,0.08988024610557943,251.7054101686495,22
USD,test,0,2021-01-04,2021-02-02,rolling63_daily,0,0.6681443424280076,0.05801708819289545,-0.007621048027141686,0.007621048027141686,0,-0.007621048027141686,154.7801827312048,22
USD,test,1,2021-02-02,2021-03-03,rolling63_daily,0,0.6792940716857601,0.05898527767837256,0.1399842491288936,-0.1399842491288936,0,0.1399842491288936,283.8580582331829,22
USD,test,2,2021-03-03,2021-04-01,rolling63_daily,0,0.6628212085918079,0.05755485295627025,-0.02030381233488058,0.02030381233488058,0,-0.02030381233488058,142.4889186451859,22
USD,test,3,2021-04-01,2021-05-04,rolling63_daily,0,0.6563984366458513,0.05699713079726621,-0.0108444261095002,0.0108444261095002,0,-0.0108444261095002,207.4272788291446,22
USD,test,4,2021-05-04,2021-06-02,rolling63_daily,0,0.6341192291049964,0.05506251602401351,-0.07195928562128984,0.07195928562128984,0,-0.07195928562128984,248.9915141326462,22
USD,test,5,2021-06-02,2021-07-01,rolling63_daily,0,0.623960086693387,0.05418034842440794,-0.1955600098931045,0.1955600098931045,0,-0.1955600098931045,143.6750334094328,22
USD,test,6,2021-07-01,2021-07-30,rolling63_daily,0,0.6769316023813658,0.05878013197907675,0.3387841183976406,-0.3387841183976406,0,0.3387841183976406,198.8929525560798,22
USD,test,7,2021-07-30,2021-08-30,rolling63_daily,0,0.63573398384586,0.05520273309033288,0.1327280617126735,-0.1327280617126735,0,0.1327280617126735,113.1479592352131,22
USD,test,8,2021-08-30,2021-09-28,rolling63_daily,0,0.5594769716590804,0.04858098674087603,0.04125952008196734,-0.04125952008196734,0,0.04125952008196734,219.2274519272216,22
USD,test,9,2021-09-28,2021-10-27,rolling63_daily,0,0.4408042783317541,0.03827617816919258,-0.05147604312254561,0.05147604312254561,0,-0.05147604312254561,204.7068973230189,22
USD,test,10,2021-10-27,2021-11-25,rolling63_daily,0,0.4646137308516245,0.04034363742120493,-0.2163357477573758,0.2163357477573758,0,-0.2163357477573758,179.8686362697827,21
USD,test,11,2021-11-25,2021-12-24,rolling63_daily,0,0.575067256928385,0.0499347589558905,-0.1004054576354036,0.1004054576354036,0,-0.1004054576354036,337.555234072619,22
USD,test,12,2021-12-24,2022-01-24,rolling63_daily,0,0.6320966613366394,0.05488688658607589,0.1439828798740876,-0.1439828798740876,0,0.1439828798740876,284.4408720772443,22
USD,test,13,2022-01-24,2022-02-22,rolling63_daily,0,0.6579838977263535,0.05713480446260222,-0.3368103849039557,0.3368103849039557,0,-0.3368103849039557,320.0838554837221,22
USD,test,14,2022-02-22,2022-03-23,rolling63_daily,0,0.764341731852177,0.06637045146932263,-0.3279660325991918,0.3279660325991918,0,-0.3279660325991918,125.6995161938791,22
USD,test,15,2022-03-23,2022-04-25,rolling63_daily,0,0.9352940444607611,0.08121545328131975,0.0744298862485461,-0.0744298862485461,0,0.0744298862485461,199.3355602756102,22
USD,test,16,2022-04-25,2022-05-24,rolling63_daily,0,1.005643048807286,0.08732446070144578,0.07335038549431427,-0.07335038549431427,0,0.07335038549431427,144.2265372198221,22
USD,test,17,2022-05-24,2022-06-22,rolling63_daily,0,1.032471746370248,0.08965424424227741,-0.1283993826195802,0.1283993826195802,0,-0.1283993826195802,185.6862504230583,22
USD,test,18,2022-06-22,2022-07-21,rolling63_daily,0,0.9961419658600121,0.08649939631914288,-0.2609268926059063,0.2609268926059063,0,-0.2609268926059063,145.1933576953684,22
USD,test,19,2022-07-21,2022-08-19,rolling63_daily,0,1.117148091751289,0.09700754093564046,-0.00137911119693257,0.00137911119693257,0,-0.00137911119693257,264.0546212353626,22
USD,test,20,2022-08-19,2022-09-19,rolling63_daily,0,1.103863675471885,0.09585391476127696,-0.2678642902013708,0.2678642902013708,0,-0.2678642902013708,277.2371435543038,22
USD,test,21,2022-09-19,2022-10-18,rolling63_daily,0,1.149157612037669,0.09978727677397796,-0.176451833829385,0.176451833829385,0,-0.176451833829385,162.021889839234,22
USD,test,22,2022-10-18,2022-11-16,rolling63_daily,0,1.194351764036298,0.1037120054708354,-1.071416553283598,1.071416553283598,0,-1.071416553283598,365.5817344303907,22
USD,test,23,2022-11-16,2022-12-15,rolling63_daily,0,1.561866144357936,0.1356288585937812,0.4614228795457365,-0.4614228795457365,0,0.4614228795457365,293.4628674198091,22
USD,test,24,2022-12-15,2023-01-16,rolling63_daily,0,1.553232084906377,0.1348790017652321,0.4050876843671887,-0.4050876843671887,0,0.4050876843671887,288.2978186308406,22
USD,test,25,2023-01-16,2023-02-14,rolling63_daily,0,1.471797174578022,0.1278065622818664,0.5231376976909865,-0.5231376976909865,0,0.5231376976909865,211.0653946618522,22
USD,test,26,2023-02-14,2023-03-15,rolling63_daily,0,1.063317150402838,0.09233284804034186,-0.3539179883933201,0.3539179883933201,0,-0.3539179883933201,227.047334906445,22
USD,test,27,2023-03-15,2023-04-17,rolling63_daily,0,1.072891517205107,0.09316428539988957,-0.02262943115340477,0.02262943115340477,0,-0.02262943115340477,229.5684843940871,22
USD,test,28,2023-04-17,2023-05-17,rolling63_daily,0,1.048185226089551,0.09101879547277311,0.4506086038881119,-0.4506086038881119,0,0.4506086038881119,191.0834699167859,22
USD,test,29,2023-05-17,2023-06-15,rolling63_daily,0,0.9495877337814207,0.08245669165407478,0.5539214830976817,-0.5539214830976817,0,0.5539214830976817,200.2549336777583,22
USD,test,30,2023-06-15,2023-07-14,rolling63_daily,0,0.7502464773502027,0.06514647507588577,-0.1266311500056503,0.1266311500056503,0,-0.1266311500056503,297.8909811318107,22
USD,test,31,2023-07-14,2023-08-14,rolling63_daily,0,0.7802356197431877,0.06775061658998699,-0.04881167772608761,0.04881167772608761,0,-0.04881167772608761,135.9153611326901,22
USD,test,32,2023-08-14,2023-09-12,rolling63_daily,0,0.8229094644333514,0.07145626534151298,0.1046980070410028,-0.1046980070410028,0,0.1046980070410028,162.5193436674146,22
USD,test,33,2023-09-12,2023-10-11,rolling63_daily,0,0.8311350917824996,0.07217055262497593,0.08390458975335809,-0.08390458975335809,0,0.08390458975335809,152.7102110915216,22
USD,test,34,2023-10-11,2023-11-09,rolling63_daily,0,0.7113625879175061,0.06176996166858643,-0.2933910806929703,0.2933910806929703,0,-0.2933910806929703,364.60303280126,22
USD,test,35,2023-11-09,2023-12-08,rolling63_daily,0,0.7367577249590482,0.06397516684176008,-0.08384373721992233,0.08384373721992233,0,-0.08384373721992233,230.8154274972803,22
USD,test,36,2023-12-08,2024-01-11,rolling63_daily,0,0.7803367840865576,0.06775940132755819,-0.06932105922788878,0.06932105922788878,0,-0.06932105922788878,251.9777435146442,22
USD,test,37,2024-01-11,2024-02-09,rolling63_daily,0,0.8118096270821411,0.07049239201733958,0.08733042811323524,-0.08733042811323524,0,0.08733042811323524,135.0562714150216,22
USD,test,38,2024-02-09,2024-03-11,rolling63_daily,0,0.766040694927419,0.06651798287134593,0.2717385466009574,-0.2717385466009574,0,0.2717385466009574,270.0078249474838,22
USD,test,39,2024-03-11,2024-04-11,rolling63_daily,0,0.6833775271187434,0.0593398658235525,0.01932479780799623,-0.01932479780799623,0,0.01932479780799623,201.5924675196534,22
USD,test,40,2024-04-11,2024-05-13,rolling63_daily,0,0.6723667176559545,0.05838373905116917,0.1983784605642143,-0.1983784605642143,0,0.1983784605642143,308.4940139032951,22
USD,test,41,2024-05-13,2024-06-11,rolling63_daily,0,0.6115127652182082,0.05309948833681985,-0.2074842591137109,0.2074842591137109,0,-0.2074842591137109,275.8567667684775,22
USD,test,42,2024-06-11,2024-07-10,rolling63_daily,0,0.6675483465346872,0.0579653347748152,0.1138090644698195,-0.1138090644698195,0,0.1138090644698195,312.9620513113987,22
USD,test,43,2024-07-10,2024-08-08,rolling63_daily,0,0.5876240451351862,0.05102512082316171,-0.1990656169829776,0.1990656169829776,0,-0.1990656169829776,324.8766613858776,22
USD,test,44,2024-08-08,2024-09-06,rolling63_daily,0,0.631183352152263,0.05480757950038413,0.01325393636112437,-0.01325393636112437,0,0.01325393636112437,229.8996236066964,22
USD,test,45,2024-09-06,2024-10-07,rolling63_daily,0,0.5885702797160661,0.0511072866386742,-0.1703775136695076,0.1703775136695076,0,-0.1703775136695076,285.1705276780136,22
USD,test,46,2024-10-07,2024-11-05,rolling63_daily,0,0.6311748889412598,0.05480684459857734,0.1295057661304218,-0.1295057661304218,0,0.1295057661304218,116.9718401115019,22
USD,test,47,2024-11-05,2024-12-04,rolling63_daily,0,0.580326811154535,0.05039146933141765,-0.6362698455296218,0.6362698455296218,0,-0.6362698455296218,130.4064911785254,22
USD,test,48,2024-12-04,2025-01-07,rolling63_daily,0,0.8524122763675237,0.0740181991516853,0.1230852264662357,-0.1230852264662357,0,0.1230852264662357,183.9691963395403,22
USD,test,49,2025-01-07,2025-02-05,rolling63_daily,0,0.8869000073689506,0.07701302091893587,-0.3749541984854865,0.3749541984854865,0,-0.3749541984854865,281.8181108883015,22
USD,test,50,2025-02-05,2025-03-06,rolling63_daily,0,1.065818827302365,0.09255009336270897,0.2429449632101495,-0.2429449632101495,0,0.2429449632101495,311.5995722549476,22
USD,test,51,2025-03-06,2025-04-04,rolling63_daily,0,0.9796602234482563,0.08506814146996126,-0.5244195982699296,0.5244195982699296,0,-0.5244195982699296,301.9549381636892,22
USD,test,52,2025-04-04,2025-05-08,rolling63_daily,0,1.111366954421172,0.09650550339273382,-0.3060165859172912,0.3060165859172912,0,-0.3060165859172912,245.7046588642912,22
USD,test,53,2025-05-08,2025-06-06,rolling63_daily,0,1.14324954606078,0.09927421375858224,0.3078645764056489,-0.3078645764056489,0,0.3078645764056489,304.4428949578951,22
USD,test,54,2025-06-06,2025-07-07,rolling63_daily,0,1.133106206594476,0.09839335615462566,-0.01995391344956943,0.01995391344956943,0,-0.01995391344956943,258.1899578336232,22
USD,test,55,2025-07-07,2025-08-05,rolling63_daily,0,1.063215103441607,0.09232398629637677,0.2802841278702847,-0.2802841278702847,0,0.2802841278702847,172.3296670028757,22
USD,test,56,2025-08-05,2025-09-03,rolling63_daily,0,0.9519922437141872,0.08266549524781096,0.162581258884714,-0.162581258884714,0,0.162581258884714,278.6676862998968,22
USD,test,57,2025-09-03,2025-10-02,rolling63_daily,0,0.8987987499012888,0.07804627901612925,0.2868382637199147,-0.2868382637199147,0,0.2868382637199147,292.9818508706232,22
USD,test,58,2025-10-02,2025-10-31,rolling63_daily,0,0.7655642233875213,0.06647660791711983,0.1709672527454436,-0.1709672527454436,0,0.1709672527454436,143.3563038161023,22
USD,test,59,2025-10-31,2025-12-01,rolling63_daily,0,0.6421036743993653,0.05575584475313858,0.0925799863566894,-0.0925799863566894,0,0.0925799863566894,261.9100160897035,22
USD,test,0,2021-01-04,2021-02-02,ewma_daily,0,0.6681443424280076,0.05801708819289545,-0.003332279062837074,0.003332279062837074,0,-0.003332279062837074,154.1394265333095,22
USD,test,1,2021-02-02,2021-03-03,ewma_daily,0,0.6792940716857601,0.05898527767837256,0.146109554633199,-0.146109554633199,0,0.146109554633199,282.7183497999569,22
USD,test,2,2021-03-03,2021-04-01,ewma_daily,0,0.6628212085918079,0.05755485295627025,-0.02719173029373198,0.02719173029373198,0,-0.02719173029373198,141.706657100416,22
USD,test,3,2021-04-01,2021-05-04,ewma_daily,0,0.6563984366458513,0.05699713079726621,-0.007909357580828669,0.007909357580828669,0,-0.007909357580828669,206.6545707811797,22
USD,test,4,2021-05-04,2021-06-02,ewma_daily,0,0.6341192291049964,0.05506251602401351,-0.06507088016215334,0.06507088016215334,0,-0.06507088016215334,250.1175763328856,22
USD,test,5,2021-06-02,2021-07-01,ewma_daily,0,0.623960086693387,0.05418034842440794,-0.205237495825601,0.205237495825601,0,-0.205237495825601,142.2808702659038,22
USD,test,6,2021-07-01,2021-07-30,ewma_daily,0,0.6769316023813658,0.05878013197907675,0.3227226054214185,-0.3227226054214185,0,0.3227226054214185,199.2405175115924,22
USD,test,7,2021-07-30,2021-08-30,ewma_daily,0,0.63573398384586,0.05520273309033288,0.1522103039235826,-0.1522103039235826,0,0.1522103039235826,112.113152596433,22
USD,test,8,2021-08-30,2021-09-28,ewma_daily,0,0.5594769716590804,0.04858098674087603,0.02907193821490059,-0.02907193821490059,0,0.02907193821490059,220.5486869999435,22
USD,test,9,2021-09-28,2021-10-27,ewma_daily,0,0.4408042783317541,0.03827617816919258,-0.04453889210209105,0.04453889210209105,0,-0.04453889210209105,197.1851700304989,22
USD,test,10,2021-10-27,2021-11-25,ewma_daily,0,0.4646137308516245,0.04034363742120493,-0.2265780884358169,0.2265780884358169,0,-0.2265780884358169,177.3607649437979,22
USD,test,11,2021-11-25,2021-12-24,ewma_daily,0,0.575067256928385,0.0499347589558905,-0.08869624873268833,0.08869624873268833,0,-0.08869624873268833,332.9840084809508,22
USD,test,12,2021-12-24,2022-01-24,ewma_daily,0,0.6320966613366394,0.05488688658607589,0.1361859922106134,-0.1361859922106134,0,0.1361859922106134,289.4628964384451,22
USD,test,13,2022-01-24,2022-02-22,ewma_daily,0,0.6579838977263535,0.05713480446260222,-0.3197313576953178,0.3197313576953178,0,-0.3197313576953178,316.4145934062926,22
USD,test,14,2022-02-22,2022-03-23,ewma_daily,0,0.764341731852177,0.06637045146932263,-0.3689840505191033,0.3689840505191033,0,-0.3689840505191033,128.0267649909511,22
USD,test,15,2022-03-23,2022-04-25,ewma_daily,0,0.9352940444607611,0.08121545328131975,0.08832294526729401,-0.08832294526729401,0,0.08832294526729401,199.0562893323615,22
USD,test,16,2022-04-25,2022-05-24,ewma_daily,0,1.005643048807286,0.08732446070144578,0.09942131718723957,-0.09942131718723957,0,0.09942131718723957,143.418898325431,22
USD,test,17,2022-05-24,2022-06-22,ewma_daily,0,1.032471746370248,0.08965424424227741,-0.1538686914642899,0.1538686914642899,0,-0.1538686914642899,187.640812768555,22
USD,test,18,2022-06-22,2022-07-21,ewma_daily,0,0.9961419658600121,0.08649939631914288,-0.2763336788231394,0.2763336788231394,0,-0.2763336788231394,144.4521998026302,22
USD,test,19,2022-07-21,2022-08-19,ewma_daily,0,1.117148091751289,0.09700754093564046,-0.002063380907763701,0.002063380907763701,0,-0.002063380907763701,266.601355957335,22
USD,test,20,2022-08-19,2022-09-19,ewma_daily,0,1.103863675471885,0.09585391476127696,-0.2782391662278583,0.2782391662278583,0,-0.2782391662278583,280.3802011283257,22
USD,test,21,2022-09-19,2022-10-18,ewma_daily,0,1.149157612037669,0.09978727677397796,-0.1663252291376426,0.1663252291376426,0,-0.1663252291376426,163.3069577863456,22
USD,test,22,2022-10-18,2022-11-16,ewma_daily,0,1.194351764036298,0.1037120054708354,-1.071831582730553,1.071831582730553,0,-1.071831582730553,361.9620072988723,22
USD,test,23,2022-11-16,2022-12-15,ewma_daily,0,1.561866144357936,0.1356288585937812,0.482593508485607,-0.482593508485607,0,0.482593508485607,291.1049764430637,22
USD,test,24,2022-12-15,2023-01-16,ewma_daily,0,1.553232084906377,0.1348790017652321,0.3662182269470975,-0.3662182269470975,0,0.3662182269470975,299.4249655803014,22
USD,test,25,2023-01-16,2023-02-14,ewma_daily,0,1.471797174578022,0.1278065622818664,0.4683495711596986,-0.4683495711596986,0,0.4683495711596986,230.6230481557057,22
USD,test,26,2023-02-14,2023-03-15,ewma_daily,0,1.063317150402838,0.09233284804034186,-0.3584550898298957,0.3584550898298957,0,-0.3584550898298957,221.3964943467569,22
USD,test,27,2023-03-15,2023-04-17,ewma_daily,0,1.072891517205107,0.09316428539988957,-0.05831406278610984,0.05831406278610984,0,-0.05831406278610984,229.8364155553451,22
USD,test,28,2023-04-17,2023-05-17,ewma_daily,0,1.048185226089551,0.09101879547277311,0.4417284318752124,-0.4417284318752124,0,0.4417284318752124,195.9270701664937,22
USD,test,29,2023-05-17,2023-06-15,ewma_daily,0,0.9495877337814207,0.08245669165407478,0.5311859721893981,-0.5311859721893981,0,0.5311859721893981,206.4277811079902,22
USD,test,30,2023-06-15,2023-07-14,ewma_daily,0,0.7502464773502027,0.06514647507588577,-0.1215122771797184,0.1215122771797184,0,-0.1215122771797184,290.7959687890211,22
USD,test,31,2023-07-14,2023-08-14,ewma_daily,0,0.7802356197431877,0.06775061658998699,-0.07755682546647213,0.07755682546647213,0,-0.07755682546647213,133.6269015021215,22
USD,test,32,2023-08-14,2023-09-12,ewma_daily,0,0.8229094644333514,0.07145626534151298,0.1099146450852181,-0.1099146450852181,0,0.1099146450852181,164.4309216568594,22
USD,test,33,2023-09-12,2023-10-11,ewma_daily,0,0.8311350917824996,0.07217055262497593,0.09232108259855065,-0.09232108259855065,0,0.09232108259855065,152.7349456276071,22
USD,test,34,2023-10-11,2023-11-09,ewma_daily,0,0.7113625879175061,0.06176996166858643,-0.2761726825418549,0.2761726825418549,0,-0.2761726825418549,356.1527246368839,22
USD,test,35,2023-11-09,2023-12-08,ewma_daily,0,0.7367577249590482,0.06397516684176008,-0.09231175140831738,0.09231175140831738,0,-0.09231175140831738,230.5557896379895,22
USD,test,36,2023-12-08,2024-01-11,ewma_daily,0,0.7803367840865576,0.06775940132755819,-0.06623501091172557,0.06623501091172557,0,-0.06623501091172557,251.6970253269839,22
USD,test,37,2024-01-11,2024-02-09,ewma_daily,0,0.8118096270821411,0.07049239201733958,0.1031167138671519,-0.1031167138671519,0,0.1031167138671519,137.4094492967602,22
USD,test,38,2024-02-09,2024-03-11,ewma_daily,0,0.766040694927419,0.06651798287134593,0.2752322565515612,-0.2752322565515612,0,0.2752322565515612,270.4935362457444,22
USD,test,39,2024-03-11,2024-04-11,ewma_daily,0,0.6833775271187434,0.0593398658235525,0.0184960265164138,-0.0184960265164138,0,0.0184960265164138,205.0176443758685,22
USD,test,40,2024-04-11,2024-05-13,ewma_daily,0,0.6723667176559545,0.05838373905116917,0.2041939911345452,-0.2041939911345452,0,0.2041939911345452,303.6690783609313,22
USD,test,41,2024-05-13,2024-06-11,ewma_daily,0,0.6115127652182082,0.05309948833681985,-0.2131405654866043,0.2131405654866043,0,-0.2131405654866043,276.2354025233633,22
USD,test,42,2024-06-11,2024-07-10,ewma_daily,0,0.6675483465346872,0.0579653347748152,0.1139951343542549,-0.1139951343542549,0,0.1139951343542549,313.3727324925993,22
USD,test,43,2024-07-10,2024-08-08,ewma_daily,0,0.5876240451351862,0.05102512082316171,-0.1988603045302568,0.1988603045302568,0,-0.1988603045302568,324.7610722265791,22
USD,test,44,2024-08-08,2024-09-06,ewma_daily,0,0.631183352152263,0.05480757950038413,0.013385370831557,-0.013385370831557,0,0.013385370831557,226.3797703548456,22
USD,test,45,2024-09-06,2024-10-07,ewma_daily,0,0.5885702797160661,0.0511072866386742,-0.1653807855417937,0.1653807855417937,0,-0.1653807855417937,281.6579658093186,22
USD,test,46,2024-10-07,2024-11-05,ewma_daily,0,0.6311748889412598,0.05480684459857734,0.1441281708081783,-0.1441281708081783,0,0.1441281708081783,117.4222321203142,22
USD,test,47,2024-11-05,2024-12-04,ewma_daily,0,0.580326811154535,0.05039146933141765,-0.6766497547568564,0.6766497547568564,0,-0.6766497547568564,129.6108712074046,22
USD,test,48,2024-12-04,2025-01-07,ewma_daily,0,0.8524122763675237,0.0740181991516853,0.1312362293412583,-0.1312362293412583,0,0.1312362293412583,183.3319779025032,22
USD,test,49,2025-01-07,2025-02-05,ewma_daily,0,0.8869000073689506,0.07701302091893587,-0.4165059377132341,0.4165059377132341,0,-0.4165059377132341,286.8110870940907,22
USD,test,50,2025-02-05,2025-03-06,ewma_daily,0,1.065818827302365,0.09255009336270897,0.2492017434121294,-0.2492017434121294,0,0.2492017434121294,308.0655913988771,22
USD,test,51,2025-03-06,2025-04-04,ewma_daily,0,0.9796602234482563,0.08506814146996126,-0.5212902255829732,0.5212902255829732,0,-0.5212902255829732,305.5131928094302,22
USD,test,52,2025-04-04,2025-05-08,ewma_daily,0,1.111366954421172,0.09650550339273382,-0.3111894694040842,0.3111894694040842,0,-0.3111894694040842,243.4818579192082,22
USD,test,53,2025-05-08,2025-06-06,ewma_daily,0,1.14324954606078,0.09927421375858224,0.3074364371822043,-0.3074364371822043,0,0.3074364371822043,309.3857074085552,22
USD,test,54,2025-06-06,2025-07-07,ewma_daily,0,1.133106206594476,0.09839335615462566,0.01762199765505557,-0.01762199765505557,0,0.01762199765505557,261.6256536751093,22
USD,test,55,2025-07-07,2025-08-05,ewma_daily,0,1.063215103441607,0.09232398629637677,0.2750582527194295,-0.2750582527194295,0,0.2750582527194295,171.2097408367094,22
USD,test,56,2025-08-05,2025-09-03,ewma_daily,0,0.9519922437141872,0.08266549524781096,0.1663206423633312,-0.1663206423633312,0,0.1663206423633312,275.437098604757,22
USD,test,57,2025-09-03,2025-10-02,ewma_daily,0,0.8987987499012888,0.07804627901612925,0.2849759012194397,-0.2849759012194397,0,0.2849759012194397,292.5505316337153,22
USD,test,58,2025-10-02,2025-10-31,ewma_daily,0,0.7655642233875213,0.06647660791711983,0.1757101123611172,-0.1757101123611172,0,0.1757101123611172,144.4157509334974,22
USD,test,59,2025-10-31,2025-12-01,ewma_daily,0,0.6421036743993653,0.05575584475313858,0.09022607316191511,-0.09022607316191511,0,0.09022607316191511,255.364407155475,22
USD,test,0,2021-01-04,2021-02-02,ridge_daily,0,0.6681443424280076,0.05801708819289545,-0.01798459941547475,0.01798459941547475,0,-0.01798459941547475,151.1049464133134,22
USD,test,1,2021-02-02,2021-03-03,ridge_daily,0,0.6792940716857601,0.05898527767837256,0.1546851563077212,-0.1546851563077212,0,0.1546851563077212,273.9110755928506,22
USD,test,2,2021-03-03,2021-04-01,ridge_daily,0,0.6628212085918079,0.05755485295627025,-0.04974852782720297,0.04974852782720297,0,-0.04974852782720297,139.7327880964004,22
USD,test,3,2021-04-01,2021-05-04,ridge_daily,0,0.6563984366458513,0.05699713079726621,-0.03420944207344689,0.03420944207344689,0,-0.03420944207344689,207.7881749673384,22
USD,test,4,2021-05-04,2021-06-02,ridge_daily,0,0.6341192291049964,0.05506251602401351,-0.08530634643383905,0.08530634643383905,0,-0.08530634643383905,251.9615403911461,22
USD,test,5,2021-06-02,2021-07-01,ridge_daily,0,0.623960086693387,0.05418034842440794,-0.2233700223627116,0.2233700223627116,0,-0.2233700223627116,138.0822011720856,22
USD,test,6,2021-07-01,2021-07-30,ridge_daily,0,0.6769316023813658,0.05878013197907675,0.3348927508985113,-0.3348927508985113,0,0.3348927508985113,194.309862990612,22
USD,test,7,2021-07-30,2021-08-30,ridge_daily,0,0.63573398384586,0.05520273309033288,0.1284347126970093,-0.1284347126970093,0,0.1284347126970093,114.5570755726168,22
USD,test,8,2021-08-30,2021-09-28,ridge_daily,0,0.5594769716590804,0.04858098674087603,0.04995815081677493,-0.04995815081677493,0,0.04995815081677493,207.8311131034186,22
USD,test,9,2021-09-28,2021-10-27,ridge_daily,0,0.4408042783317541,0.03827617816919258,-0.02415197352489962,0.02415197352489962,0,-0.02415197352489962,194.5678955767489,22
USD,test,10,2021-10-27,2021-11-25,ridge_daily,0,0.4646137308516245,0.04034363742120493,-0.2467128609714399,0.2467128609714399,0,-0.2467128609714399,171.9363701308415,22
USD,test,11,2021-11-25,2021-12-24,ridge_daily,0,0.575067256928385,0.0499347589558905,-0.0769363774810472,0.0769363774810472,0,-0.0769363774810472,322.3217510051459,22
USD,test,12,2021-12-24,2022-01-24,ridge_daily,0,0.6320966613366394,0.05488688658607589,0.1404435022963213,-0.1404435022963213,0,0.1404435022963213,281.4855544295176,22
USD,test,13,2022-01-24,2022-02-22,ridge_daily,0,0.6579838977263535,0.05713480446260222,-0.2836732986715731,0.2836732986715731,0,-0.2836732986715731,309.6691293955433,22
USD,test,14,2022-02-22,2022-03-23,ridge_daily,0,0.764341731852177,0.06637045146932263,-0.3829360062288545,0.3829360062288545,0,-0.3829360062288545,125.7765815151851,22
USD,test,15,2022-03-23,2022-04-25,ridge_daily,0,0.9352940444607611,0.08121545328131975,0.08828076242843638,-0.08828076242843638,0,0.08828076242843638,195.7680452733309,22
USD,test,16,2022-04-25,2022-05-24,ridge_daily,0,1.005643048807286,0.08732446070144578,0.0484143165242239,-0.0484143165242239,0,0.0484143165242239,144.2923961341628,22
USD,test,17,2022-05-24,2022-06-22,ridge_daily,0,1.032471746370248,0.08965424424227741,-0.1174545747890563,0.1174545747890563,0,-0.1174545747890563,182.429005660492,22
USD,test,18,2022-06-22,2022-07-21,ridge_daily,0,0.9961419658600121,0.08649939631914288,-0.2810483129627715,0.2810483129627715,0,-0.2810483129627715,142.8051397092317,22
USD,test,19,2022-07-21,2022-08-19,ridge_daily,0,1.117148091751289,0.09700754093564046,0.008824401888077205,-0.008824401888077205,0,0.008824401888077205,261.6442457650696,22
USD,test,20,2022-08-19,2022-09-19,ridge_daily,0,1.103863675471885,0.09585391476127696,-0.2743657208174177,0.2743657208174177,0,-0.2743657208174177,278.0274500750314,22
USD,test,21,2022-09-19,2022-10-18,ridge_daily,0,1.149157612037669,0.09978727677397796,-0.1805836008627426,0.1805836008627426,0,-0.1805836008627426,163.2968139800098,22
USD,test,22,2022-10-18,2022-11-16,ridge_daily,0,1.194351764036298,0.1037120054708354,-1.050002788972392,1.050002788972392,0,-1.050002788972392,366.1342049420661,22
USD,test,23,2022-11-16,2022-12-15,ridge_daily,0,1.561866144357936,0.1356288585937812,0.4669558234385818,-0.4669558234385818,0,0.4669558234385818,296.5505165342077,22
USD,test,24,2022-12-15,2023-01-16,ridge_daily,0,1.553232084906377,0.1348790017652321,0.3355893410051465,-0.3355893410051465,0,0.3355893410051465,306.502812931938,22
USD,test,25,2023-01-16,2023-02-14,ridge_daily,0,1.471797174578022,0.1278065622818664,0.4956263145129118,-0.4956263145129118,0,0.4956263145129118,223.0262318183611,22
USD,test,26,2023-02-14,2023-03-15,ridge_daily,0,1.063317150402838,0.09233284804034186,-0.3389765575595192,0.3389765575595192,0,-0.3389765575595192,215.3604814900228,22
USD,test,27,2023-03-15,2023-04-17,ridge_daily,0,1.072891517205107,0.09316428539988957,-0.05578830352266095,0.05578830352266095,0,-0.05578830352266095,229.1585168671962,22
USD,test,28,2023-04-17,2023-05-17,ridge_daily,0,1.048185226089551,0.09101879547277311,0.4379684870956018,-0.4379684870956018,0,0.4379684870956018,194.5272029331134,22
USD,test,29,2023-05-17,2023-06-15,ridge_daily,0,0.9495877337814207,0.08245669165407478,0.5475090809894425,-0.5475090809894425,0,0.5475090809894425,201.2931279112739,22
USD,test,30,2023-06-15,2023-07-14,ridge_daily,0,0.7502464773502027,0.06514647507588577,-0.1410698336541856,0.1410698336541856,0,-0.1410698336541856,294.233940930728,22
USD,test,31,2023-07-14,2023-08-14,ridge_daily,0,0.7802356197431877,0.06775061658998699,-0.08087780217301901,0.08087780217301901,0,-0.08087780217301901,133.7033603405893,22
USD,test,32,2023-08-14,2023-09-12,ridge_daily,0,0.8229094644333514,0.07145626534151298,0.0910894523260757,-0.0910894523260757,0,0.0910894523260757,160.3948959498167,22
USD,test,33,2023-09-12,2023-10-11,ridge_daily,0,0.8311350917824996,0.07217055262497593,0.07971584422383082,-0.07971584422383082,0,0.07971584422383082,150.4861459421594,22
USD,test,34,2023-10-11,2023-11-09,ridge_daily,0,0.7113625879175061,0.06176996166858643,-0.257073064888317,0.257073064888317,0,-0.257073064888317,349.6019266216926,22
USD,test,35,2023-11-09,2023-12-08,ridge_daily,0,0.7367577249590482,0.06397516684176008,-0.09009223499664643,0.09009223499664643,0,-0.09009223499664643,231.0204659105831,22
USD,test,36,2023-12-08,2024-01-11,ridge_daily,0,0.7803367840865576,0.06775940132755819,-0.07493243206397437,0.07493243206397437,0,-0.07493243206397437,253.4295296780238,22
USD,test,37,2024-01-11,2024-02-09,ridge_daily,0,0.8118096270821411,0.07049239201733958,0.08496900213473345,-0.08496900213473345,0,0.08496900213473345,133.1030447761669,22
USD,test,38,2024-02-09,2024-03-11,ridge_daily,0,0.766040694927419,0.06651798287134593,0.2789445327219511,-0.2789445327219511,0,0.2789445327219511,264.6180072988076,22
USD,test,39,2024-03-11,2024-04-11,ridge_daily,0,0.6833775271187434,0.0593398658235525,-0.00108293905505441,0.00108293905505441,0,-0.00108293905505441,204.3240557882759,22
USD,test,40,2024-04-11,2024-05-13,ridge_daily,0,0.6723667176559545,0.05838373905116917,0.2256549495790523,-0.2256549495790523,0,0.2256549495790523,283.7434892059013,22
USD,test,41,2024-05-13,2024-06-11,ridge_daily,0,0.6115127652182082,0.05309948833681985,-0.2055622983833452,0.2055622983833452,0,-0.2055622983833452,274.3855252740893,22
USD,test,42,2024-06-11,2024-07-10,ridge_daily,0,0.6675483465346872,0.0579653347748152,0.1172677660432129,-0.1172677660432129,0,0.1172677660432129,303.0549227956838,22
USD,test,43,2024-07-10,2024-08-08,ridge_daily,0,0.5876240451351862,0.05102512082316171,-0.191954561852171,0.191954561852171,0,-0.191954561852171,320.8005724873744,22
USD,test,44,2024-08-08,2024-09-06,ridge_daily,0,0.631183352152263,0.05480757950038413,0.01137593794919667,-0.01137593794919667,0,0.01137593794919667,228.8545985380327,22
USD,test,45,2024-09-06,2024-10-07,ridge_daily,0,0.5885702797160661,0.0511072866386742,-0.1525783508162606,0.1525783508162606,0,-0.1525783508162606,272.9508570945394,22
USD,test,46,2024-10-07,2024-11-05,ridge_daily,0,0.6311748889412598,0.05480684459857734,0.09321485331999679,-0.09321485331999679,0,0.09321485331999679,119.2648906778473,22
USD,test,47,2024-11-05,2024-12-04,ridge_daily,0,0.580326811154535,0.05039146933141765,-0.6774040449641313,0.6774040449641313,0,-0.6774040449641313,132.4485216345284,22
USD,test,48,2024-12-04,2025-01-07,ridge_daily,0,0.8524122763675237,0.0740181991516853,0.1260311146246664,-0.1260311146246664,0,0.1260311146246664,184.2109547525945,22
USD,test,49,2025-01-07,2025-02-05,ridge_daily,0,0.8869000073689506,0.07701302091893587,-0.37872344432731,0.37872344432731,0,-0.37872344432731,281.6302311656534,22
USD,test,50,2025-02-05,2025-03-06,ridge_daily,0,1.065818827302365,0.09255009336270897,0.2574971179974739,-0.2574971179974739,0,0.2574971179974739,305.5994042741142,22
USD,test,51,2025-03-06,2025-04-04,ridge_daily,0,0.9796602234482563,0.08506814146996126,-0.5274115027122122,0.5274115027122122,0,-0.5274115027122122,301.2530666689953,22
USD,test,52,2025-04-04,2025-05-08,ridge_daily,0,1.111366954421172,0.09650550339273382,-0.3003514044690689,0.3003514044690689,0,-0.3003514044690689,247.2834675854514,22
USD,test,53,2025-05-08,2025-06-06,ridge_daily,0,1.14324954606078,0.09927421375858224,0.2851122598171685,-0.2851122598171685,0,0.2851122598171685,313.1572463149217,22
USD,test,54,2025-06-06,2025-07-07,ridge_daily,0,1.133106206594476,0.09839335615462566,-0.01706137946229092,0.01706137946229092,0,-0.01706137946229092,262.6607039695226,22
USD,test,55,2025-07-07,2025-08-05,ridge_daily,0,1.063215103441607,0.09232398629637677,0.2798088732313126,-0.2798088732313126,0,0.2798088732313126,167.8514462880485,22
USD,test,56,2025-08-05,2025-09-03,ridge_daily,0,0.9519922437141872,0.08266549524781096,0.1785877325606151,-0.1785877325606151,0,0.1785877325606151,272.092885997355,22
USD,test,57,2025-09-03,2025-10-02,ridge_daily,0,0.8987987499012888,0.07804627901612925,0.3005540589798414,-0.3005540589798414,0,0.3005540589798414,285.3186076437202,22
USD,test,58,2025-10-02,2025-10-31,ridge_daily,0,0.7655642233875213,0.06647660791711983,0.1654114470777008,-0.1654114470777008,0,0.1654114470777008,141.0048502181357,22
USD,test,59,2025-10-31,2025-12-01,ridge_daily,0,0.6421036743993653,0.05575584475313858,0.1004041206184283,-0.1004041206184283,0,0.1004041206184283,245.6918956024949,22
USD,test,0,2021-01-04,2021-02-02,selected_daily,0,0.6681443424280076,0.05801708819289545,-0.003332279062837074,0.003332279062837074,0,-0.003332279062837074,154.1394265333095,22
USD,test,1,2021-02-02,2021-03-03,selected_daily,0,0.6792940716857601,0.05898527767837256,0.146109554633199,-0.146109554633199,0,0.146109554633199,282.7183497999569,22
USD,test,2,2021-03-03,2021-04-01,selected_daily,0,0.6628212085918079,0.05755485295627025,-0.02719173029373198,0.02719173029373198,0,-0.02719173029373198,141.706657100416,22
USD,test,3,2021-04-01,2021-05-04,selected_daily,0,0.6563984366458513,0.05699713079726621,-0.007909357580828669,0.007909357580828669,0,-0.007909357580828669,206.6545707811797,22
USD,test,4,2021-05-04,2021-06-02,selected_daily,0,0.6341192291049964,0.05506251602401351,-0.06507088016215334,0.06507088016215334,0,-0.06507088016215334,250.1175763328856,22
USD,test,5,2021-06-02,2021-07-01,selected_daily,0,0.623960086693387,0.05418034842440794,-0.205237495825601,0.205237495825601,0,-0.205237495825601,142.2808702659038,22
USD,test,6,2021-07-01,2021-07-30,selected_daily,0,0.6769316023813658,0.05878013197907675,0.3227226054214185,-0.3227226054214185,0,0.3227226054214185,199.2405175115924,22
USD,test,7,2021-07-30,2021-08-30,selected_daily,0,0.63573398384586,0.05520273309033288,0.1522103039235826,-0.1522103039235826,0,0.1522103039235826,112.113152596433,22
USD,test,8,2021-08-30,2021-09-28,selected_daily,0,0.5594769716590804,0.04858098674087603,0.02907193821490059,-0.02907193821490059,0,0.02907193821490059,220.5486869999435,22
USD,test,9,2021-09-28,2021-10-27,selected_daily,0,0.4408042783317541,0.03827617816919258,-0.04453889210209105,0.04453889210209105,0,-0.04453889210209105,197.1851700304989,22
USD,test,10,2021-10-27,2021-11-25,selected_daily,0,0.4646137308516245,0.04034363742120493,-0.2265780884358169,0.2265780884358169,0,-0.2265780884358169,177.3607649437979,22
USD,test,11,2021-11-25,2021-12-24,selected_daily,0,0.575067256928385,0.0499347589558905,-0.08869624873268833,0.08869624873268833,0,-0.08869624873268833,332.9840084809508,22
USD,test,12,2021-12-24,2022-01-24,selected_daily,0,0.6320966613366394,0.05488688658607589,0.1361859922106134,-0.1361859922106134,0,0.1361859922106134,289.4628964384451,22
USD,test,13,2022-01-24,2022-02-22,selected_daily,0,0.6579838977263535,0.05713480446260222,-0.3197313576953178,0.3197313576953178,0,-0.3197313576953178,316.4145934062926,22
USD,test,14,2022-02-22,2022-03-23,selected_daily,0,0.764341731852177,0.06637045146932263,-0.3689840505191033,0.3689840505191033,0,-0.3689840505191033,128.0267649909511,22
USD,test,15,2022-03-23,2022-04-25,selected_daily,0,0.9352940444607611,0.08121545328131975,0.08832294526729401,-0.08832294526729401,0,0.08832294526729401,199.0562893323615,22
USD,test,16,2022-04-25,2022-05-24,selected_daily,0,1.005643048807286,0.08732446070144578,0.09942131718723957,-0.09942131718723957,0,0.09942131718723957,143.418898325431,22
USD,test,17,2022-05-24,2022-06-22,selected_daily,0,1.032471746370248,0.08965424424227741,-0.1538686914642899,0.1538686914642899,0,-0.1538686914642899,187.640812768555,22
USD,test,18,2022-06-22,2022-07-21,selected_daily,0,0.9961419658600121,0.08649939631914288,-0.2763336788231394,0.2763336788231394,0,-0.2763336788231394,144.4521998026302,22
USD,test,19,2022-07-21,2022-08-19,selected_daily,0,1.117148091751289,0.09700754093564046,-0.002063380907763701,0.002063380907763701,0,-0.002063380907763701,266.601355957335,22
USD,test,20,2022-08-19,2022-09-19,selected_daily,0,1.103863675471885,0.09585391476127696,-0.2782391662278583,0.2782391662278583,0,-0.2782391662278583,280.3802011283257,22
USD,test,21,2022-09-19,2022-10-18,selected_daily,0,1.149157612037669,0.09978727677397796,-0.1663252291376426,0.1663252291376426,0,-0.1663252291376426,163.3069577863456,22
USD,test,22,2022-10-18,2022-11-16,selected_daily,0,1.194351764036298,0.1037120054708354,-1.071831582730553,1.071831582730553,0,-1.071831582730553,361.9620072988723,22
USD,test,23,2022-11-16,2022-12-15,selected_daily,0,1.561866144357936,0.1356288585937812,0.482593508485607,-0.482593508485607,0,0.482593508485607,291.1049764430637,22
USD,test,24,2022-12-15,2023-01-16,selected_daily,0,1.553232084906377,0.1348790017652321,0.3662182269470975,-0.3662182269470975,0,0.3662182269470975,299.4249655803014,22
USD,test,25,2023-01-16,2023-02-14,selected_daily,0,1.471797174578022,0.1278065622818664,0.4683495711596986,-0.4683495711596986,0,0.4683495711596986,230.6230481557057,22
USD,test,26,2023-02-14,2023-03-15,selected_daily,0,1.063317150402838,0.09233284804034186,-0.3584550898298957,0.3584550898298957,0,-0.3584550898298957,221.3964943467569,22
USD,test,27,2023-03-15,2023-04-17,selected_daily,0,1.072891517205107,0.09316428539988957,-0.05831406278610984,0.05831406278610984,0,-0.05831406278610984,229.8364155553451,22
USD,test,28,2023-04-17,2023-05-17,selected_daily,0,1.048185226089551,0.09101879547277311,0.4417284318752124,-0.4417284318752124,0,0.4417284318752124,195.9270701664937,22
USD,test,29,2023-05-17,2023-06-15,selected_daily,0,0.9495877337814207,0.08245669165407478,0.5311859721893981,-0.5311859721893981,0,0.5311859721893981,206.4277811079902,22
USD,test,30,2023-06-15,2023-07-14,selected_daily,0,0.7502464773502027,0.06514647507588577,-0.1215122771797184,0.1215122771797184,0,-0.1215122771797184,290.7959687890211,22
USD,test,31,2023-07-14,2023-08-14,selected_daily,0,0.7802356197431877,0.06775061658998699,-0.07755682546647213,0.07755682546647213,0,-0.07755682546647213,133.6269015021215,22
USD,test,32,2023-08-14,2023-09-12,selected_daily,0,0.8229094644333514,0.07145626534151298,0.1099146450852181,-0.1099146450852181,0,0.1099146450852181,164.4309216568594,22
USD,test,33,2023-09-12,2023-10-11,selected_daily,0,0.8311350917824996,0.07217055262497593,0.09232108259855065,-0.09232108259855065,0,0.09232108259855065,152.7349456276071,22
USD,test,34,2023-10-11,2023-11-09,selected_daily,0,0.7113625879175061,0.06176996166858643,-0.2761726825418549,0.2761726825418549,0,-0.2761726825418549,356.1527246368839,22
USD,test,35,2023-11-09,2023-12-08,selected_daily,0,0.7367577249590482,0.06397516684176008,-0.09231175140831738,0.09231175140831738,0,-0.09231175140831738,230.5557896379895,22
USD,test,36,2023-12-08,2024-01-11,selected_daily,0,0.7803367840865576,0.06775940132755819,-0.06623501091172557,0.06623501091172557,0,-0.06623501091172557,251.6970253269839,22
USD,test,37,2024-01-11,2024-02-09,selected_daily,0,0.8118096270821411,0.07049239201733958,0.1031167138671519,-0.1031167138671519,0,0.1031167138671519,137.4094492967602,22
USD,test,38,2024-02-09,2024-03-11,selected_daily,0,0.766040694927419,0.06651798287134593,0.2752322565515612,-0.2752322565515612,0,0.2752322565515612,270.4935362457444,22
USD,test,39,2024-03-11,2024-04-11,selected_daily,0,0.6833775271187434,0.0593398658235525,0.0184960265164138,-0.0184960265164138,0,0.0184960265164138,205.0176443758685,22
USD,test,40,2024-04-11,2024-05-13,selected_daily,0,0.6723667176559545,0.05838373905116917,0.2041939911345452,-0.2041939911345452,0,0.2041939911345452,303.6690783609313,22
USD,test,41,2024-05-13,2024-06-11,selected_daily,0,0.6115127652182082,0.05309948833681985,-0.2131405654866043,0.2131405654866043,0,-0.2131405654866043,276.2354025233633,22
USD,test,42,2024-06-11,2024-07-10,selected_daily,0,0.6675483465346872,0.0579653347748152,0.1139951343542549,-0.1139951343542549,0,0.1139951343542549,313.3727324925993,22
USD,test,43,2024-07-10,2024-08-08,selected_daily,0,0.5876240451351862,0.05102512082316171,-0.1988603045302568,0.1988603045302568,0,-0.1988603045302568,324.7610722265791,22
USD,test,44,2024-08-08,2024-09-06,selected_daily,0,0.631183352152263,0.05480757950038413,0.013385370831557,-0.013385370831557,0,0.013385370831557,226.3797703548456,22
USD,test,45,2024-09-06,2024-10-07,selected_daily,0,0.5885702797160661,0.0511072866386742,-0.1653807855417937,0.1653807855417937,0,-0.1653807855417937,281.6579658093186,22
USD,test,46,2024-10-07,2024-11-05,selected_daily,0,0.6311748889412598,0.05480684459857734,0.1441281708081783,-0.1441281708081783,0,0.1441281708081783,117.4222321203142,22
USD,test,47,2024-11-05,2024-12-04,selected_daily,0,0.580326811154535,0.05039146933141765,-0.6766497547568564,0.6766497547568564,0,-0.6766497547568564,129.6108712074046,22
USD,test,48,2024-12-04,2025-01-07,selected_daily,0,0.8524122763675237,0.0740181991516853,0.1312362293412583,-0.1312362293412583,0,0.1312362293412583,183.3319779025032,22
USD,test,49,2025-01-07,2025-02-05,selected_daily,0,0.8869000073689506,0.07701302091893587,-0.4165059377132341,0.4165059377132341,0,-0.4165059377132341,286.8110870940907,22
USD,test,50,2025-02-05,2025-03-06,selected_daily,0,1.065818827302365,0.09255009336270897,0.2492017434121294,-0.2492017434121294,0,0.2492017434121294,308.0655913988771,22
USD,test,51,2025-03-06,2025-04-04,selected_daily,0,0.9796602234482563,0.08506814146996126,-0.5212902255829732,0.5212902255829732,0,-0.5212902255829732,305.5131928094302,22
USD,test,52,2025-04-04,2025-05-08,selected_daily,0,1.111366954421172,0.09650550339273382,-0.3111894694040842,0.3111894694040842,0,-0.3111894694040842,243.4818579192082,22
USD,test,53,2025-05-08,2025-06-06,selected_daily,0,1.14324954606078,0.09927421375858224,0.3074364371822043,-0.3074364371822043,0,0.3074364371822043,309.3857074085552,22
USD,test,54,2025-06-06,2025-07-07,selected_daily,0,1.133106206594476,0.09839335615462566,0.01762199765505557,-0.01762199765505557,0,0.01762199765505557,261.6256536751093,22
USD,test,55,2025-07-07,2025-08-05,selected_daily,0,1.063215103441607,0.09232398629637677,0.2750582527194295,-0.2750582527194295,0,0.2750582527194295,171.2097408367094,22
USD,test,56,2025-08-05,2025-09-03,selected_daily,0,0.9519922437141872,0.08266549524781096,0.1663206423633312,-0.1663206423633312,0,0.1663206423633312,275.437098604757,22
USD,test,57,2025-09-03,2025-10-02,selected_daily,0,0.8987987499012888,0.07804627901612925,0.2849759012194397,-0.2849759012194397,0,0.2849759012194397,292.5505316337153,22
USD,test,58,2025-10-02,2025-10-31,selected_daily,0,0.7655642233875213,0.06647660791711983,0.1757101123611172,-0.1757101123611172,0,0.1757101123611172,144.4157509334974,22
USD,test,59,2025-10-31,2025-12-01,selected_daily,0,0.6421036743993653,0.05575584475313858,0.09022607316191511,-0.09022607316191511,0,0.09022607316191511,255.364407155475,22
USD,test,0,2021-01-04,2021-02-02,selected_every5,0,0.6681443424280076,0.05801708819289545,-0.08385419263713649,0.08385419263713649,0,-0.08385419263713649,106.730492460603,6
USD,test,1,2021-02-02,2021-03-03,selected_every5,0,0.6792940716857601,0.05898527767837256,0.3694720696064948,-0.3694720696064948,0,0.3694720696064948,166.5173130157404,6
USD,test,2,2021-03-03,2021-04-01,selected_every5,0,0.6628212085918079,0.05755485295627025,-0.1024777964630171,0.1024777964630171,0,-0.1024777964630171,99.92806055842429,6
USD,test,3,2021-04-01,2021-05-04,selected_every5,0,0.6563984366458513,0.05699713079726621,-0.2106137102339574,0.2106137102339574,0,-0.2106137102339574,203.2082346907161,6
USD,test,4,2021-05-04,2021-06-02,selected_every5,0,0.6341192291049964,0.05506251602401351,-0.09007477641614514,0.09007477641614514,0,-0.09007477641614514,202.0966576963229,6
USD,test,5,2021-06-02,2021-07-01,selected_every5,0,0.623960086693387,0.05418034842440794,-0.1144716899689974,0.1144716899689974,0,-0.1144716899689974,104.1024377236536,6
USD,test,6,2021-07-01,2021-07-30,selected_every5,0,0.6769316023813658,0.05878013197907675,0.4030217532009246,-0.4030217532009246,0,0.4030217532009246,152.9018071408762,6
USD,test,7,2021-07-30,2021-08-30,selected_every5,0,0.63573398384586,0.05520273309033288,0.0739609860421656,-0.0739609860421656,0,0.0739609860421656,100.0147172073335,6
USD,test,8,2021-08-30,2021-09-28,selected_every5,0,0.5594769716590804,0.04858098674087603,0.07343315104869239,-0.07343315104869239,0,0.07343315104869239,137.6936367958899,6
USD,test,9,2021-09-28,2021-10-27,selected_every5,0,0.4408042783317541,0.03827617816919258,-0.01334892455858627,0.01334892455858627,0,-0.01334892455858627,151.469353080267,6
USD,test,10,2021-10-27,2021-11-25,selected_every5,0,0.4646137308516245,0.04034363742120493,-0.3875522331117599,0.3875522331117599,0,-0.3875522331117599,99.62809474454269,5
USD,test,11,2021-11-25,2021-12-24,selected_every5,0,0.575067256928385,0.0499347589558905,0.09305766596934006,-0.09305766596934006,0,0.09305766596934006,201.5619235070475,6
USD,test,12,2021-12-24,2022-01-24,selected_every5,0,0.6320966613366394,0.05488688658607589,0.01126125398134548,-0.01126125398134548,0,0.01126125398134548,200.7557325319999,6
USD,test,13,2022-01-24,2022-02-22,selected_every5,0,0.6579838977263535,0.05713480446260222,-0.6578954023914747,0.6578954023914747,0,-0.6578954023914747,266.9893762110441,6
USD,test,14,2022-02-22,2022-03-23,selected_every5,0,0.764341731852177,0.06637045146932263,-0.5236353870272544,0.5236353870272544,0,-0.5236353870272544,99.49690895609564,6
USD,test,15,2022-03-23,2022-04-25,selected_every5,0,0.9352940444607611,0.08121545328131975,-0.1094745533505583,0.1094745533505583,0,-0.1094745533505583,146.3328518013761,6
USD,test,16,2022-04-25,2022-05-24,selected_every5,0,1.005643048807286,0.08732446070144578,-0.1120198482755512,0.1120198482755512,0,-0.1120198482755512,111.3995854226478,6
USD,test,17,2022-05-24,2022-06-22,selected_every5,0,1.032471746370248,0.08965424424227741,0.06357938824418025,-0.06357938824418025,0,0.06357938824418025,100.021828699051,6
USD,test,18,2022-06-22,2022-07-21,selected_every5,0,0.9961419658600121,0.08649939631914288,-0.6883384223530216,0.6883384223530216,0,-0.6883384223530216,99.33758662954357,6
USD,test,19,2022-07-21,2022-08-19,selected_every5,0,1.117148091751289,0.09700754093564046,-0.07099773815454569,0.07099773815454569,0,-0.07099773815454569,191.4364707625321,6
USD,test,20,2022-08-19,2022-09-19,selected_every5,0,1.103863675471885,0.09585391476127696,0.5757604861135883,-0.5757604861135883,0,0.5757604861135883,123.7608047303319,6
USD,test,21,2022-09-19,2022-10-18,selected_every5,0,1.149157612037669,0.09978727677397796,-0.5647690185734504,0.5647690185734504,0,-0.5647690185734504,111.5849826305087,6
USD,test,22,2022-10-18,2022-11-16,selected_every5,0,1.194351764036298,0.1037120054708354,-0.2838785431145538,0.2838785431145538,0,-0.2838785431145538,207.3450322543252,6
USD,test,23,2022-11-16,2022-12-15,selected_every5,0,1.561866144357936,0.1356288585937812,0.5554243264061398,-0.5554243264061398,0,0.5554243264061398,220.9317286515426,6
USD,test,24,2022-12-15,2023-01-16,selected_every5,0,1.553232084906377,0.1348790017652321,-0.1969824909743636,0.1969824909743636,0,-0.1969824909743636,266.367919939147,6
USD,test,25,2023-01-16,2023-02-14,selected_every5,0,1.471797174578022,0.1278065622818664,0.8167834583547831,-0.8167834583547831,0,0.8167834583547831,131.8801321273956,6
USD,test,26,2023-02-14,2023-03-15,selected_every5,0,1.063317150402838,0.09233284804034186,0.1107554646113442,-0.1107554646113442,0,0.1107554646113442,122.4558682576164,6
USD,test,27,2023-03-15,2023-04-17,selected_every5,0,1.072891517205107,0.09316428539988957,-0.2423449913009676,0.2423449913009676,0,-0.2423449913009676,205.4104114066003,6
USD,test,28,2023-04-17,2023-05-17,selected_every5,0,1.048185226089551,0.09101879547277311,0.6081887256690606,-0.6081887256690606,0,0.6081887256690606,107.2171166553422,6
USD,test,29,2023-05-17,2023-06-15,selected_every5,0,0.9495877337814207,0.08245669165407478,0.5914986570555314,-0.5914986570555314,0,0.5914986570555314,132.1025653688922,6
USD,test,30,2023-06-15,2023-07-14,selected_every5,0,0.7502464773502027,0.06514647507588577,-0.4892742209289764,0.4892742209289764,0,-0.4892742209289764,213.939990832366,6
USD,test,31,2023-07-14,2023-08-14,selected_every5,0,0.7802356197431877,0.06775061658998699,-0.05365367384686667,0.05365367384686667,0,-0.05365367384686667,100.0751003521349,6
USD,test,32,2023-08-14,2023-09-12,selected_every5,0,0.8229094644333514,0.07145626534151298,0.1958319394977431,-0.1958319394977431,0,0.1958319394977431,100.2248726210491,6
USD,test,33,2023-09-12,2023-10-11,selected_every5,0,0.8311350917824996,0.07217055262497593,0.05496200307209959,-0.05496200307209959,0,0.05496200307209959,99.97767241339147,6
USD,test,34,2023-10-11,2023-11-09,selected_every5,0,0.7113625879175061,0.06176996166858643,0.1017424607223916,-0.1017424607223916,0,0.1017424607223916,235.2780678715305,6
USD,test,35,2023-11-09,2023-12-08,selected_every5,0,0.7367577249590482,0.06397516684176008,-0.1018992111289521,0.1018992111289521,0,-0.1018992111289521,197.7918515908333,6
USD,test,36,2023-12-08,2024-01-11,selected_every5,0,0.7803367840865576,0.06775940132755819,-0.108410125004184,0.108410125004184,0,-0.108410125004184,215.0186056818239,6
USD,test,37,2024-01-11,2024-02-09,selected_every5,0,0.8118096270821411,0.07049239201733958,0.1386453093596005,-0.1386453093596005,0,0.1386453093596005,100.1070064777084,6
USD,test,38,2024-02-09,2024-03-11,selected_every5,0,0.766040694927419,0.06651798287134593,0.1673206983001592,-0.1673206983001592,0,0.1673206983001592,206.02240593053,6
USD,test,39,2024-03-11,2024-04-11,selected_every5,0,0.6833775271187434,0.0593398658235525,0.1936328019999585,-0.1936328019999585,0,0.1936328019999585,100.1483430196767,6
USD,test,40,2024-04-11,2024-05-13,selected_every5,0,0.6723667176559545,0.05838373905116917,0.3964385724223121,-0.3964385724223121,0,0.3964385724223121,205.068332324796,6
USD,test,41,2024-05-13,2024-06-11,selected_every5,0,0.6115127652182082,0.05309948833681985,0.1902680249137845,-0.1902680249137845,0,0.1902680249137845,145.2915637692609,6
USD,test,42,2024-06-11,2024-07-10,selected_every5,0,0.6675483465346872,0.0579653347748152,0.2664204364035356,-0.2664204364035356,0,0.2664204364035356,208.7722385395535,6
USD,test,43,2024-07-10,2024-08-08,selected_every5,0,0.5876240451351862,0.05102512082316171,-0.08198108954209715,0.08198108954209715,0,-0.08198108954209715,253.2004925536295,6
USD,test,44,2024-08-08,2024-09-06,selected_every5,0,0.631183352152263,0.05480757950038413,-0.05848658928279349,0.05848658928279349,0,-0.05848658928279349,202.27198263844,6
USD,test,45,2024-09-06,2024-10-07,selected_every5,0,0.5885702797160661,0.0511072866386742,-0.08582236264640031,0.08582236264640031,0,-0.08582236264640031,158.0537483893926,6
USD,test,46,2024-10-07,2024-11-05,selected_every5,0,0.6311748889412598,0.05480684459857734,0.1172807021286717,-0.1172807021286717,0,0.1172807021286717,100.135939605192,6
USD,test,47,2024-11-05,2024-12-04,selected_every5,0,0.580326811154535,0.05039146933141765,-0.7636459017225748,0.7636459017225748,0,-0.7636459017225748,99.24213716611692,6
USD,test,48,2024-12-04,2025-01-07,selected_every5,0,0.8524122763675237,0.0740181991516853,0.5140330243806499,-0.5140330243806499,0,0.5140330243806499,106.567826097544,6
USD,test,49,2025-01-07,2025-02-05,selected_every5,0,0.8869000073689506,0.07701302091893587,0.05384772327396803,-0.05384772327396803,0,0.05384772327396803,168.3113860552454,6
USD,test,50,2025-02-05,2025-03-06,selected_every5,0,1.065818827302365,0.09255009336270897,0.1199730843799784,-0.1199730843799784,0,0.1199730843799784,223.0734633621695,6
USD,test,51,2025-03-06,2025-04-04,selected_every5,0,0.9796602234482563,0.08506814146996126,-0.5382490753563332,0.5382490753563332,0,-0.5382490753563332,226.4858047833708,6
USD,test,52,2025-04-04,2025-05-08,selected_every5,0,1.111366954421172,0.09650550339273382,-0.344302473257315,0.344302473257315,0,-0.344302473257315,203.6240655093552,6
USD,test,53,2025-05-08,2025-06-06,selected_every5,0,1.14324954606078,0.09927421375858224,0.3732292305800371,-0.3732292305800371,0,0.3732292305800371,238.119755352838,6
USD,test,54,2025-06-06,2025-07-07,selected_every5,0,1.133106206594476,0.09839335615462566,0.150220931459728,-0.150220931459728,0,0.150220931459728,203.7609022062308,6
USD,test,55,2025-07-07,2025-08-05,selected_every5,0,1.063215103441607,0.09232398629637677,0.5431900934694801,-0.5431900934694801,0,0.5431900934694801,100.4946089269818,6
USD,test,56,2025-08-05,2025-09-03,selected_every5,0,0.9519922437141872,0.08266549524781096,0.5031343618987876,-0.5031343618987876,0,0.5031343618987876,193.0088848634711,6
USD,test,57,2025-09-03,2025-10-02,selected_every5,0,0.8987987499012888,0.07804627901612925,0.3610526420471274,-0.3610526420471274,0,0.3610526420471274,198.3072385289774,6
USD,test,58,2025-10-02,2025-10-31,selected_every5,0,0.7655642233875213,0.06647660791711983,0.08172022276367794,-0.08172022276367794,0,0.08172022276367794,104.4514802092751,6
USD,test,59,2025-10-31,2025-12-01,selected_every5,0,0.6421036743993653,0.05575584475313858,-0.0003303487097525704,0.0003303487097525704,0,-0.0003303487097525704,206.0739694413077,6
USD,test,0,2021-01-04,2021-02-02,selected_threshold,0,0.6681443424280076,0.05801708819289545,0.02113314201316374,-0.02113314201316374,0,0.02113314201316374,100.0418640427239,5
USD,test,1,2021-02-02,2021-03-03,selected_threshold,0,0.6792940716857601,0.05898527767837256,0.04197045085068396,-0.04197045085068396,0,0.04197045085068396,256.1080248905828,11
USD,test,2,2021-03-03,2021-04-01,selected_threshold,0,0.6628212085918079,0.05755485295627025,-0.08796978804953159,0.08796978804953159,0,-0.08796978804953159,129.9184918089285,8
USD,test,3,2021-04-01,2021-05-04,selected_threshold,0,0.6563984366458513,0.05699713079726621,-0.04252745189569396,0.04252745189569396,0,-0.04252745189569396,185.8411645974357,5
USD,test,4,2021-05-04,2021-06-02,selected_threshold,0,0.6341192291049964,0.05506251602401351,-0.1180951849690359,0.1180951849690359,0,-0.1180951849690359,215.267850778803,6
USD,test,5,2021-06-02,2021-07-01,selected_threshold,0,0.623960086693387,0.05418034842440794,-0.2664686008400921,0.2664686008400921,0,-0.2664686008400921,126.8310009577613,6
USD,test,6,2021-07-01,2021-07-30,selected_threshold,0,0.6769316023813658,0.05878013197907675,0.4026937733420155,-0.4026937733420155,0,0.4026937733420155,149.7770033883013,6
USD,test,7,2021-07-30,2021-08-30,selected_threshold,0,0.63573398384586,0.05520273309033288,0.1829976900617734,-0.1829976900617734,0,0.1829976900617734,100.1237539113531,6
USD,test,8,2021-08-30,2021-09-28,selected_threshold,0,0.5594769716590804,0.04858098674087603,0.1278372665549918,-0.1278372665549918,0,0.1278372665549918,151.3735176703197,8
USD,test,9,2021-09-28,2021-10-27,selected_threshold,0,0.4408042783317541,0.03827617816919258,-0.1594726187594731,0.1594726187594731,0,-0.1594726187594731,172.4275432000283,8
USD,test,10,2021-10-27,2021-11-25,selected_threshold,0,0.4646137308516245,0.04034363742120493,-0.3612855784443276,0.3612855784443276,0,-0.3612855784443276,133.0441338775638,6
USD,test,11,2021-11-25,2021-12-24,selected_threshold,0,0.575067256928385,0.0499347589558905,-0.01110791310365755,0.01110791310365755,0,-0.01110791310365755,279.4348800365215,11
USD,test,12,2021-12-24,2022-01-24,selected_threshold,0,0.6320966613366394,0.05488688658607589,0.1420115773419894,-0.1420115773419894,0,0.1420115773419894,226.7918528609643,8
USD,test,13,2022-01-24,2022-02-22,selected_threshold,0,0.6579838977263535,0.05713480446260222,-0.1914742280445552,0.1914742280445552,0,-0.1914742280445552,262.1759868305094,9
USD,test,14,2022-02-22,2022-03-23,selected_threshold,0,0.764341731852177,0.06637045146932263,-0.3486043960219023,0.3486043960219023,0,-0.3486043960219023,99.67193994710098,5
USD,test,15,2022-03-23,2022-04-25,selected_threshold,0,0.9352940444607611,0.08121545328131975,0.2138270036201182,-0.2138270036201182,0,0.2138270036201182,132.9345607445287,8
USD,test,16,2022-04-25,2022-05-24,selected_threshold,0,1.005643048807286,0.08732446070144578,0.05717139176708153,-0.05717139176708153,0,0.05717139176708153,99.9615514395726,6
USD,test,17,2022-05-24,2022-06-22,selected_threshold,0,1.032471746370248,0.08965424424227741,0.008429838513308141,-0.008429838513308141,0,0.008429838513308141,134.1669210475273,6
USD,test,18,2022-06-22,2022-07-21,selected_threshold,0,0.9961419658600121,0.08649939631914288,-0.0571405344198066,0.0571405344198066,0,-0.0571405344198066,99.96878451747676,5
USD,test,19,2022-07-21,2022-08-19,selected_threshold,0,1.117148091751289,0.09700754093564046,0.0404214290299123,-0.0404214290299123,0,0.0404214290299123,209.4863860097449,9
USD,test,20,2022-08-19,2022-09-19,selected_threshold,0,1.103863675471885,0.09585391476127696,-0.1361171568755877,0.1361171568755877,0,-0.1361171568755877,231.6209491762565,10
USD,test,21,2022-09-19,2022-10-18,selected_threshold,0,1.149157612037669,0.09978727677397796,-0.2582033216106208,0.2582033216106208,0,-0.2582033216106208,148.6055662148132,8
USD,test,22,2022-10-18,2022-11-16,selected_threshold,0,1.194351764036298,0.1037120054708354,-1.089111083002692,1.089111083002692,0,-1.089111083002692,335.9242531942458,12
USD,test,23,2022-11-16,2022-12-15,selected_threshold,0,1.561866144357936,0.1356288585937812,0.4784267829763991,-0.4784267829763991,0,0.4784267829763991,233.9688430064639,7
USD,test,24,2022-12-15,2023-01-16,selected_threshold,0,1.553232084906377,0.1348790017652321,0.3882385493098042,-0.3882385493098042,0,0.3882385493098042,272.5437721394289,8
USD,test,25,2023-01-16,2023-02-14,selected_threshold,0,1.471797174578022,0.1278065622818664,0.4561179618724047,-0.4561179618724047,0,0.4561179618724047,188.8235974262324,8
USD,test,26,2023-02-14,2023-03-15,selected_threshold,0,1.063317150402838,0.09233284804034186,-0.2064064979656308,0.2064064979656308,0,-0.2064064979656308,172.3707257302305,8
USD,test,27,2023-03-15,2023-04-17,selected_threshold,0,1.072891517205107,0.09316428539988957,-0.3299639687411542,0.3299639687411542,0,-0.3299639687411542,228.4235058325336,7
USD,test,28,2023-04-17,2023-05-17,selected_threshold,0,1.048185226089551,0.09101879547277311,0.5230731492582747,-0.5230731492582747,0,0.5230731492582747,148.6350460042224,9
USD,test,29,2023-05-17,2023-06-15,selected_threshold,0,0.9495877337814207,0.08245669165407478,0.5226466139336914,-0.5226466139336914,0,0.5226466139336914,157.3076287497181,7
USD,test,30,2023-06-15,2023-07-14,selected_threshold,0,0.7502464773502027,0.06514647507588577,-0.212283981994517,0.212283981994517,0,-0.212283981994517,239.4254908169043,8
USD,test,31,2023-07-14,2023-08-14,selected_threshold,0,0.7802356197431877,0.06775061658998699,-0.1385813549712283,0.1385813549712283,0,-0.1385813549712283,120.8463683386313,7
USD,test,32,2023-08-14,2023-09-12,selected_threshold,0,0.8229094644333514,0.07145626534151298,0.1686032754584224,-0.1686032754584224,0,0.1686032754584224,126.871351195679,8
USD,test,33,2023-09-12,2023-10-11,selected_threshold,0,0.8311350917824996,0.07217055262497593,0.171856912035949,-0.171856912035949,0,0.171856912035949,123.2335505589638,6
USD,test,34,2023-10-11,2023-11-09,selected_threshold,0,0.7113625879175061,0.06176996166858643,-0.2251323143866699,0.2251323143866699,0,-0.2251323143866699,324.233694432669,12
USD,test,35,2023-11-09,2023-12-08,selected_threshold,0,0.7367577249590482,0.06397516684176008,-0.1288378490705639,0.1288378490705639,0,-0.1288378490705639,187.2929210821188,4
USD,test,36,2023-12-08,2024-01-11,selected_threshold,0,0.7803367840865576,0.06775940132755819,0.01965956539578428,-0.01965956539578428,0,0.01965956539578428,202.6809541590977,5
USD,test,37,2024-01-11,2024-02-09,selected_threshold,0,0.8118096270821411,0.07049239201733958,0.1907529876801544,-0.1907529876801544,0,0.1907529876801544,100.1591141560289,5
USD,test,38,2024-02-09,2024-03-11,selected_threshold,0,0.766040694927419,0.06651798287134593,0.2630082221407406,-0.2630082221407406,0,0.2630082221407406,234.7271995921403,9
USD,test,39,2024-03-11,2024-04-11,selected_threshold,0,0.6833775271187434,0.0593398658235525,-0.06321299293219074,0.06321299293219074,0,-0.06321299293219074,160.1228924857056,8
USD,test,40,2024-04-11,2024-05-13,selected_threshold,0,0.6723667176559545,0.05838373905116917,0.2826366920525203,-0.2826366920525203,0,0.2826366920525203,236.2320785486728,7
USD,test,41,2024-05-13,2024-06-11,selected_threshold,0,0.6115127652182082,0.05309948833681985,-0.2378163721304745,0.2378163721304745,0,-0.2378163721304745,238.5310193964264,9
USD,test,42,2024-06-11,2024-07-10,selected_threshold,0,0.6675483465346872,0.0579653347748152,0.02408356689424807,-0.02408356689424807,0,0.02408356689424807,287.965573756251,11
USD,test,43,2024-07-10,2024-08-08,selected_threshold,0,0.5876240451351862,0.05102512082316171,-0.2261109196486899,0.2261109196486899,0,-0.2261109196486899,291.8295932070345,9
USD,test,44,2024-08-08,2024-09-06,selected_threshold,0,0.631183352152263,0.05480757950038413,-0.03489065705912253,0.03489065705912253,0,-0.03489065705912253,197.8755726597875,5
USD,test,45,2024-09-06,2024-10-07,selected_threshold,0,0.5885702797160661,0.0511072866386742,-0.26248234258642,0.26248234258642,0,-0.26248234258642,253.2627929832664,11
USD,test,46,2024-10-07,2024-11-05,selected_threshold,0,0.6311748889412598,0.05480684459857734,0.08728201943704095,-0.08728201943704095,0,0.08728201943704095,100.1059409225004,6
USD,test,47,2024-11-05,2024-12-04,selected_threshold,0,0.580326811154535,0.05039146933141765,-0.7233912647427223,0.7233912647427223,0,-0.7233912647427223,124.9982655320876,6
USD,test,48,2024-12-04,2025-01-07,selected_threshold,0,0.8524122763675237,0.0740181991516853,0.1560292953927016,-0.1560292953927016,0,0.1560292953927016,131.8898014345487,7
USD,test,49,2025-01-07,2025-02-05,selected_threshold,0,0.8869000073689506,0.07701302091893587,-0.6416527454314229,0.6416527454314229,0,-0.6416527454314229,230.1336485227782,9
USD,test,50,2025-02-05,2025-03-06,selected_threshold,0,1.065818827302365,0.09255009336270897,0.1713711434647109,-0.1713711434647109,0,0.1713711434647109,280.5661478936055,9
USD,test,51,2025-03-06,2025-04-04,selected_threshold,0,0.9796602234482563,0.08506814146996126,-0.7201443343053882,0.7201443343053882,0,-0.7201443343053882,264.1682331383278,7
USD,test,52,2025-04-04,2025-05-08,selected_threshold,0,1.111366954421172,0.09650550339273382,-0.3440982354069462,0.3440982354069462,0,-0.3440982354069462,213.3675425405919,6
USD,test,53,2025-05-08,2025-06-06,selected_threshold,0,1.14324954606078,0.09927421375858224,0.2597930207915766,-0.2597930207915766,0,0.2597930207915766,262.9548544303227,9
USD,test,54,2025-06-06,2025-07-07,selected_threshold,0,1.133106206594476,0.09839335615462566,0.02188085399347983,-0.02188085399347983,0,0.02188085399347983,218.0965067546912,6
USD,test,55,2025-07-07,2025-08-05,selected_threshold,0,1.063215103441607,0.09232398629637677,0.2349298595353346,-0.2349298595353346,0,0.2349298595353346,156.6148723687809,8
USD,test,56,2025-08-05,2025-09-03,selected_threshold,0,0.9519922437141872,0.08266549524781096,0.1307737551486241,-0.1307737551486241,0,0.1307737551486241,257.7941817798406,9
USD,test,57,2025-09-03,2025-10-02,selected_threshold,0,0.8987987499012888,0.07804627901612925,0.3269440229228593,-0.3269440229228593,0,0.3269440229228593,224.7849378503114,7
USD,test,58,2025-10-02,2025-10-31,selected_threshold,0,0.7655642233875213,0.06647660791711983,0.1186727325643044,-0.1186727325643044,0,0.1186727325643044,130.8038030923909,8
USD,test,59,2025-10-31,2025-12-01,selected_threshold,0,0.6421036743993653,0.05575584475313858,0.03781749863865969,-0.03781749863865969,0,0.03781749863865969,220.332818851982,8
USD,test,0,2021-01-04,2021-02-02,frozen_rolling63_daily,5,0.6681443424280076,0.05801708819289545,-0.07642705200924009,0.07642705200924009,0.07658984919907137,0.0001627971898312819,153.1796983981428,22
USD,test,1,2021-02-02,2021-03-03,frozen_rolling63_daily,5,0.6792940716857601,0.05898527767837256,0.004143541502934056,-0.004143541502934056,0.1385577940742196,0.1427013355771536,277.115588148439,22
USD,test,2,2021-03-03,2021-04-01,frozen_rolling63_daily,5,0.6628212085918079,0.05755485295627025,-0.09313237438085026,0.09313237438085026,0.07162843188462775,-0.02150394249622251,143.2568637692555,22
USD,test,3,2021-04-01,2021-05-04,frozen_rolling63_daily,5,0.6563984366458513,0.05699713079726621,-0.1189406470025745,0.1189406470025745,0.1041075257190968,-0.01483312128347761,208.2150514381937,22
USD,test,4,2021-05-04,2021-06-02,frozen_rolling63_daily,5,0.6341192291049964,0.05506251602401351,-0.1953835457274238,0.1953835457274238,0.1253427580628074,-0.07004078766461636,250.6855161256148,22
USD,test,5,2021-06-02,2021-07-01,frozen_rolling63_daily,5,0.623960086693387,0.05418034842440794,-0.2781815792106025,0.2781815792106025,0.07097219926263809,-0.2072093799479644,141.9443985252761,22
USD,test,6,2021-07-01,2021-07-30,frozen_rolling63_daily,5,0.6769316023813658,0.05878013197907675,0.2504415803518398,-0.2504415803518398,0.09882820418108307,0.3492697845329229,197.6564083621661,22
USD,test,7,2021-07-30,2021-08-30,frozen_rolling63_daily,5,0.63573398384586,0.05520273309033288,0.05988320671510629,-0.05988320671510629,0.05795862687999013,0.1178418335950964,115.9172537599802,22
USD,test,8,2021-08-30,2021-09-28,frozen_rolling63_daily,5,0.5594769716590804,0.04858098674087603,-0.0592124332590046,0.0592124332590046,0.1047638859873874,0.04555145272838278,209.5277719747748,22
USD,test,9,2021-09-28,2021-10-27,frozen_rolling63_daily,5,0.4408042783317541,0.03827617816919258,-0.1616526176961677,0.1616526176961677,0.1028021387419649,-0.0588504789542028,205.6042774839297,22
USD,test,10,2021-10-27,2021-11-25,frozen_rolling63_daily,5,0.4646137308516245,0.04034363742120493,-0.2837255321614345,0.2837255321614345,0.09078292234574076,-0.1929426098156937,181.5658446914816,21
USD,test,11,2021-11-25,2021-12-24,frozen_rolling63_daily,5,0.575067256928385,0.0499347589558905,-0.2825058513018632,0.2825058513018632,0.1709856544409975,-0.1115201968608657,341.971308881995,22
USD,test,12,2021-12-24,2022-01-24,frozen_rolling63_daily,5,0.6320966613366394,0.05488688658607589,-0.004376700394089994,0.004376700394089994,0.1422181500267874,0.1378414496326974,284.4363000535748,22
USD,test,13,2022-01-24,2022-02-22,frozen_rolling63_daily,5,0.6579838977263535,0.05713480446260222,-0.5813898198047127,0.5813898198047127,0.1697957430595947,-0.4115940767451181,339.5914861191893,22
USD,test,14,2022-02-22,2022-03-23,frozen_rolling63_daily,5,0.764341731852177,0.06637045146932263,-0.3408032512938618,0.3408032512938618,0.06067009219857457,-0.2801331590952872,121.3401843971492,22
USD,test,15,2022-03-23,2022-04-25,frozen_rolling63_daily,5,0.9352940444607611,0.08121545328131975,-0.02070489558624175,0.02070489558624175,0.1001060987478956,0.07940120316165386,200.2121974957913,22
USD,test,16,2022-04-25,2022-05-24,frozen_rolling63_daily,5,1.005643048807286,0.08732446070144578,-0.02176980829541275,0.02176980829541275,0.07199540361264903,0.05022559531723628,143.9908072252981,22
USD,test,17,2022-05-24,2022-06-22,frozen_rolling63_daily,5,1.032471746370248,0.08965424424227741,-0.2191777543798064,0.2191777543798064,0.09027610881235888,-0.1289016455674475,180.5522176247178,22
USD,test,18,2022-06-22,2022-07-21,frozen_rolling63_daily,5,0.9961419658600121,0.08649939631914288,-0.3044030790221041,0.3044030790221041,0.07275363193565712,-0.2316494470864469,145.5072638713142,22
USD,test,19,2022-07-21,2022-08-19,frozen_rolling63_daily,5,1.117148091751289,0.09700754093564046,-0.126495056492864,0.126495056492864,0.131087000931003,0.004591944438139012,262.174001862006,22
USD,test,20,2022-08-19,2022-09-19,frozen_rolling63_daily,5,1.103863675471885,0.09585391476127696,-0.3806437445748001,0.3806437445748001,0.1371301400641899,-0.2435136045106102,274.2602801283799,22
USD,test,21,2022-09-19,2022-10-18,frozen_rolling63_daily,5,1.149157612037669,0.09978727677397796,-0.2440192034913116,0.2440192034913116,0.08097484130205215,-0.1630443621892595,161.9496826041043,22
USD,test,22,2022-10-18,2022-11-16,frozen_rolling63_daily,5,1.194351764036298,0.1037120054708354,-1.189810912403757,1.189810912403757,0.1856783864813116,-1.004132525922446,371.3567729626233,22
USD,test,23,2022-11-16,2022-12-15,frozen_rolling63_daily,5,1.561866144357936,0.1356288585937812,0.3033551344458942,-0.3033551344458942,0.1479648448559662,0.4513199793018604,295.9296897119323,22
USD,test,24,2022-12-15,2023-01-16,frozen_rolling63_daily,5,1.553232084906377,0.1348790017652321,0.2971810484771709,-0.2971810484771709,0.1406541305507298,0.4378351790279007,281.3082611014597,22
USD,test,25,2023-01-16,2023-02-14,frozen_rolling63_daily,5,1.471797174578022,0.1278065622818664,0.4706060492026989,-0.4706060492026989,0.1043335752071502,0.574939624409849,208.6671504143004,22
USD,test,26,2023-02-14,2023-03-15,frozen_rolling63_daily,5,1.063317150402838,0.09233284804034186,-0.4671750793535452,0.4671750793535452,0.1120051825418152,-0.3551698968117301,224.0103650836303,22
USD,test,27,2023-03-15,2023-04-17,frozen_rolling63_daily,5,1.072891517205107,0.09316428539988957,-0.1146096399747876,0.1146096399747876,0.1139889756436792,-0.0006206643311084115,227.9779512873583,22
USD,test,28,2023-04-17,2023-05-17,frozen_rolling63_daily,5,1.048185226089551,0.09101879547277311,0.342142626711559,-0.342142626711559,0.09539450094538231,0.4375371276569414,190.7890018907647,22
USD,test,29,2023-05-17,2023-06-15,frozen_rolling63_daily,5,0.9495877337814207,0.08245669165407478,0.4677316111597278,-0.4677316111597278,0.1005072578698144,0.5682388690295422,201.0145157396287,22
USD,test,30,2023-06-15,2023-07-14,frozen_rolling63_daily,5,0.7502464773502027,0.06514647507588577,-0.286277324910472,0.286277324910472,0.1497585498134734,-0.1365187750969986,299.5170996269467,22
USD,test,31,2023-07-14,2023-08-14,frozen_rolling63_daily,5,0.7802356197431877,0.06775061658998699,-0.1087930730561677,0.1087930730561677,0.06829112365357765,-0.04050194940259008,136.5822473071553,22
USD,test,32,2023-08-14,2023-09-12,frozen_rolling63_daily,5,0.8229094644333514,0.07145626534151298,0.02205760075613357,-0.02205760075613357,0.08123322926547691,0.1032908300216105,162.4664585309538,22
USD,test,33,2023-09-12,2023-10-11,frozen_rolling63_daily,5,0.8311350917824996,0.07217055262497593,-0.01007452152731936,0.01007452152731936,0.0755383502519994,0.06546382872468004,151.0767005039988,22
USD,test,34,2023-10-11,2023-11-09,frozen_rolling63_daily,5,0.7113625879175061,0.06176996166858643,-0.4623834196182202,0.4623834196182202,0.1816598677446334,-0.2807235518735868,363.3197354892669,22
USD,test,35,2023-11-09,2023-12-08,frozen_rolling63_daily,5,0.7367577249590482,0.06397516684176008,-0.1917745291675743,0.1917745291675743,0.1148964154748298,-0.07687811369274448,229.7928309496597,22
USD,test,36,2023-12-08,2024-01-11,frozen_rolling63_daily,5,0.7803367840865576,0.06775940132755819,-0.1860637781444723,0.1860637781444723,0.124989058645836,-0.06107471949863633,249.978117291672,22
USD,test,37,2024-01-11,2024-02-09,frozen_rolling63_daily,5,0.8118096270821411,0.07049239201733958,-0.01539715546215583,0.01539715546215583,0.06948149583172553,0.0540843403695697,138.962991663451,22
USD,test,38,2024-02-09,2024-03-11,frozen_rolling63_daily,5,0.766040694927419,0.06651798287134593,0.122935524304765,-0.122935524304765,0.1340334727990861,0.2569689971038511,268.0669455981722,22
USD,test,39,2024-03-11,2024-04-11,frozen_rolling63_daily,5,0.6833775271187434,0.0593398658235525,-0.09046955997213324,0.09046955997213324,0.1001581284048881,0.009688568432754827,200.3162568097761,22
USD,test,40,2024-04-11,2024-05-13,frozen_rolling63_daily,5,0.6723667176559545,0.05838373905116917,0.04467438449992756,-0.04467438449992756,0.1527654458669898,0.1974398303669173,305.5308917339795,22
USD,test,41,2024-05-13,2024-06-11,frozen_rolling63_daily,5,0.6115127652182082,0.05309948833681985,-0.3363067588375959,0.3363067588375959,0.136938172449022,-0.1993685863885739,273.876344898044,22
USD,test,42,2024-06-11,2024-07-10,frozen_rolling63_daily,5,0.6675483465346872,0.0579653347748152,-0.05073436288299149,0.05073436288299149,0.1576603818278747,0.1069260189448832,315.3207636557494,22
USD,test,43,2024-07-10,2024-08-08,frozen_rolling63_daily,5,0.5876240451351862,0.05102512082316171,-0.3537623174524356,0.3537623174524356,0.1597158288048316,-0.194046488647604,319.431657609663,22
USD,test,44,2024-08-08,2024-09-06,frozen_rolling63_daily,5,0.631183352152263,0.05480757950038413,-0.09482603304479653,0.09482603304479653,0.1144917650378711,0.01966573199307453,228.9835300757421,22
USD,test,45,2024-09-06,2024-10-07,frozen_rolling63_daily,5,0.5885702797160661,0.0511072866386742,-0.2992594980189245,0.2992594980189245,0.1419000478838211,-0.1573594501351034,283.8000957676422,22
USD,test,46,2024-10-07,2024-11-05,frozen_rolling63_daily,5,0.6311748889412598,0.05480684459857734,0.06721567543559015,-0.06721567543559015,0.05975072946498853,0.1269664049005787,119.5014589299771,22
USD,test,47,2024-11-05,2024-12-04,frozen_rolling63_daily,5,0.580326811154535,0.05039146933141765,-0.6146348399709138,0.6146348399709138,0.06356738797144619,-0.5510674519994676,127.1347759428924,22
USD,test,48,2024-12-04,2025-01-07,frozen_rolling63_daily,5,0.8524122763675237,0.0740181991516853,0.03123888328576108,-0.03123888328576108,0.09098397277447998,0.1222228560602411,181.9679455489599,22
USD,test,49,2025-01-07,2025-02-05,frozen_rolling63_daily,5,0.8869000073689506,0.07701302091893587,-0.6207200661609154,0.6207200661609154,0.1458035209849612,-0.4749165451759542,291.6070419699224,22
USD,test,50,2025-02-05,2025-03-06,frozen_rolling63_daily,5,1.065818827302365,0.09255009336270897,0.078772895017579,-0.078772895017579,0.1488128471076542,0.2275857421252332,297.6256942153084,22
USD,test,51,2025-03-06,2025-04-04,frozen_rolling63_daily,5,0.9796602234482563,0.08506814146996126,-0.6795601181204489,0.6795601181204489,0.1513780868026625,-0.5281820313177864,302.756173605325,22
USD,test,52,2025-04-04,2025-05-08,frozen_rolling63_daily,5,1.111366954421172,0.09650550339273382,-0.4217604219694948,0.4217604219694948,0.1222968237412277,-0.2994635982282671,244.5936474824554,22
USD,test,53,2025-05-08,2025-06-06,frozen_rolling63_daily,5,1.14324954606078,0.09927421375858224,0.1423134438562386,-0.1423134438562386,0.1542745658158847,0.2965880096721233,308.5491316317693,22
USD,test,54,2025-06-06,2025-07-07,frozen_rolling63_daily,5,1.133106206594476,0.09839335615462566,-0.1329489905615873,0.1329489905615873,0.1295373394975579,-0.003411651064029408,259.0746789951157,22
USD,test,55,2025-07-07,2025-08-05,frozen_rolling63_daily,5,1.063215103441607,0.09232398629637677,0.1548734436170871,-0.1548734436170871,0.08164137203084276,0.2365148156479299,163.2827440616855,22
USD,test,56,2025-08-05,2025-09-03,frozen_rolling63_daily,5,0.9519922437141872,0.08266549524781096,0.02956879533158485,-0.02956879533158485,0.1380262197637787,0.1675950150953636,276.0524395275575,22
USD,test,57,2025-09-03,2025-10-02,frozen_rolling63_daily,5,0.8987987499012888,0.07804627901612925,0.1624010315381668,-0.1624010315381668,0.1403495804539162,0.302750611992083,280.6991609078324,22
USD,test,58,2025-10-02,2025-10-31,frozen_rolling63_daily,5,0.7655642233875213,0.06647660791711983,0.09414353416691358,-0.09414353416691358,0.07247962957357079,0.1666231637404844,144.9592591471416,22
USD,test,59,2025-10-31,2025-12-01,frozen_rolling63_daily,5,0.6421036743993653,0.05575584475313858,-0.03597245897874046,0.03597245897874046,0.1258527050843248,0.08988024610558432,251.7054101686495,22
USD,test,0,2021-01-04,2021-02-02,rolling63_daily,5,0.6681443424280076,0.05801708819289545,-0.08501113939273602,0.08501113939273602,0.07739009136560243,-0.007621048027133592,154.7801827312048,22
USD,test,1,2021-02-02,2021-03-03,rolling63_daily,5,0.6792940716857601,0.05898527767837256,-0.001944779987702816,0.001944779987702816,0.1419290291165914,0.1399842491288886,283.8580582331829,22
USD,test,2,2021-03-03,2021-04-01,rolling63_daily,5,0.6628212085918079,0.05755485295627025,-0.09154827165747433,0.09154827165747433,0.07124445932259295,-0.02030381233488138,142.4889186451859,22
USD,test,3,2021-04-01,2021-05-04,rolling63_daily,5,0.6563984366458513,0.05699713079726621,-0.1145580655240934,0.1145580655240934,0.1037136394145723,-0.0108444261095211,207.4272788291446,22
USD,test,4,2021-05-04,2021-06-02,rolling63_daily,5,0.6341192291049964,0.05506251602401351,-0.1964550426875604,0.1964550426875604,0.124495757066323,-0.07195928562123738,248.9915141326462,22
USD,test,5,2021-06-02,2021-07-01,rolling63_daily,5,0.623960086693387,0.05418034842440794,-0.2673975265978173,0.2673975265978173,0.0718375167047164,-0.195560009893101,143.6750334094328,22
USD,test,6,2021-07-01,2021-07-30,rolling63_daily,5,0.6769316023813658,0.05878013197907675,0.239337642119601,-0.239337642119601,0.0994464762780399,0.3387841183976409,198.8929525560798,22
USD,test,7,2021-07-30,2021-08-30,rolling63_daily,5,0.63573398384586,0.05520273309033288,0.07615408209507241,-0.07615408209507241,0.05657397961760654,0.132728061712679,113.1479592352131,22
USD,test,8,2021-08-30,2021-09-28,rolling63_daily,5,0.5594769716590804,0.04858098674087603,-0.06835420588165254,0.06835420588165254,0.1096137259636108,0.04125952008195828,219.2274519272216,22
USD,test,9,2021-09-28,2021-10-27,rolling63_daily,5,0.4408042783317541,0.03827617816919258,-0.1538294917840504,0.1538294917840504,0.1023534486615094,-0.05147604312254092,204.7068973230189,22
USD,test,10,2021-10-27,2021-11-25,rolling63_daily,5,0.4646137308516245,0.04034363742120493,-0.3062700658922698,0.3062700658922698,0.08993431813489136,-0.2163357477573784,179.8686362697827,21
USD,test,11,2021-11-25,2021-12-24,rolling63_daily,5,0.575067256928385,0.0499347589558905,-0.2691830746717017,0.2691830746717017,0.1687776170363095,-0.1004054576353922,337.555234072619,22
USD,test,12,2021-12-24,2022-01-24,rolling63_daily,5,0.6320966613366394,0.05488688658607589,0.001762443835445993,-0.001762443835445993,0.1422204360386222,0.1439828798740682,284.4408720772443,22
USD,test,13,2022-01-24,2022-02-22,rolling63_daily,5,0.6579838977263535,0.05713480446260222,-0.496852312645828,0.496852312645828,0.160041927741861,-0.3368103849039669,320.0838554837221,22
USD,test,14,2022-02-22,2022-03-23,rolling63_daily,5,0.764341731852177,0.06637045146932263,-0.390815790696139,0.390815790696139,0.06284975809693956,-0.3279660325991995,125.6995161938791,22
USD,test,15,2022-03-23,2022-04-25,rolling63_daily,5,0.9352940444607611,0.08121545328131975,-0.02523789388926304,0.02523789388926304,0.09966778013780511,0.07442988624854208,199.3355602756102,22
USD,test,16,2022-04-25,2022-05-24,rolling63_daily,5,1.005643048807286,0.08732446070144578,0.001237116884413858,-0.001237116884413858,0.072113268609911,0.07335038549432486,144.2265372198221,22
USD,test,17,2022-05-24,2022-06-22,rolling63_daily,5,1.032471746370248,0.08965424424227741,-0.2212425078311135,0.2212425078311135,0.09284312521152914,-0.1283993826195843,185.6862504230583,22
USD,test,18,2022-06-22,2022-07-21,rolling63_daily,5,0.9961419658600121,0.08649939631914288,-0.3335235714535789,0.3335235714535789,0.0725966788476842,-0.2609268926058946,145.1933576953684,22
USD,test,19,2022-07-21,2022-08-19,rolling63_daily,5,1.117148091751289,0.09700754093564046,-0.1334064218146338,0.1334064218146338,0.1320273106176813,-0.001379111196952498,264.0546212353626,22
USD,test,20,2022-08-19,2022-09-19,rolling63_daily,5,1.103863675471885,0.09585391476127696,-0.406482861978521,0.406482861978521,0.1386185717771519,-0.2678642902013691,277.2371435543038,22
USD,test,21,2022-09-19,2022-10-18,rolling63_daily,5,1.149157612037669,0.09978727677397796,-0.2574627787490011,0.2574627787490011,0.08101094491961701,-0.1764518338293841,162.021889839234,22
USD,test,22,2022-10-18,2022-11-16,rolling63_daily,5,1.194351764036298,0.1037120054708354,-1.254207420498759,1.254207420498759,0.1827908672151954,-1.071416553283563,365.5817344303907,22
USD,test,23,2022-11-16,2022-12-15,rolling63_daily,5,1.561866144357936,0.1356288585937812,0.3146914458358481,-0.3146914458358481,0.1467314337099046,0.4614228795457527,293.4628674198091,22
USD,test,24,2022-12-15,2023-01-16,rolling63_daily,5,1.553232084906377,0.1348790017652321,0.2609387750517556,-0.2609387750517556,0.1441489093154203,0.4050876843671758,288.2978186308406,22
USD,test,25,2023-01-16,2023-02-14,rolling63_daily,5,1.471797174578022,0.1278065622818664,0.4176050003600618,-0.4176050003600618,0.1055326973309261,0.5231376976909879,211.0653946618522,22
USD,test,26,2023-02-14,2023-03-15,rolling63_daily,5,1.063317150402838,0.09233284804034186,-0.4674416558465211,0.4674416558465211,0.1135236674532225,-0.3539179883932986,227.047334906445,22
USD,test,27,2023-03-15,2023-04-17,rolling63_daily,5,1.072891517205107,0.09316428539988957,-0.1374136733504798,0.1374136733504798,0.1147842421970436,-0.02262943115343627,229.5684843940871,22
USD,test,28,2023-04-17,2023-05-17,rolling63_daily,5,1.048185226089551,0.09101879547277311,0.3550668689296961,-0.3550668689296961,0.09554173495839292,0.450608603888089,191.0834699167859,22
USD,test,29,2023-05-17,2023-06-15,rolling63_daily,5,0.9495877337814207,0.08245669165407478,0.4537940162588043,-0.4537940162588043,0.1001274668388792,0.5539214830976835,200.2549336777583,22
USD,test,30,2023-06-15,2023-07-14,rolling63_daily,5,0.7502464773502027,0.06514647507588577,-0.2755766405715576,0.2755766405715576,0.1489454905659053,-0.1266311500056523,297.8909811318107,22
USD,test,31,2023-07-14,2023-08-14,rolling63_daily,5,0.7802356197431877,0.06775061658998699,-0.1167693582924421,0.1167693582924421,0.06795768056634506,-0.04881167772609706,135.9153611326901,22
USD,test,32,2023-08-14,2023-09-12,rolling63_daily,5,0.8229094644333514,0.07145626534151298,0.02343833520729015,-0.02343833520729015,0.08125967183370729,0.1046980070409974,162.5193436674146,22
USD,test,33,2023-09-12,2023-10-11,rolling63_daily,5,0.8311350917824996,0.07217055262497593,0.007549484207590149,-0.007549484207590149,0.07635510554576082,0.08390458975335097,152.7102110915216,22
USD,test,34,2023-10-11,2023-11-09,rolling63_daily,5,0.7113625879175061,0.06176996166858643,-0.4756925970935839,0.4756925970935839,0.18230151640063,-0.2933910806929539,364.60303280126,22
USD,test,35,2023-11-09,2023-12-08,rolling63_daily,5,0.7367577249590482,0.06397516684176008,-0.1992514509685748,0.1992514509685748,0.1154077137486401,-0.08384373721993466,230.8154274972803,22
USD,test,36,2023-12-08,2024-01-11,rolling63_daily,5,0.7803367840865576,0.06775940132755819,-0.1953099309852036,0.1953099309852036,0.1259888717573221,-0.06932105922788143,251.9777435146442,22
USD,test,37,2024-01-11,2024-02-09,rolling63_daily,5,0.8118096270821411,0.07049239201733958,0.01980229240571573,-0.01980229240571573,0.06752813570751082,0.08733042811322655,135.0562714150216,22
USD,test,38,2024-02-09,2024-03-11,rolling63_daily,5,0.766040694927419,0.06651798287134593,0.1367346341272082,-0.1367346341272082,0.1350039124737419,0.2717385466009501,270.0078249474838,22
USD,test,39,2024-03-11,2024-04-11,rolling63_daily,5,0.6833775271187434,0.0593398658235525,-0.08147143595182582,0.08147143595182582,0.1007962337598267,0.01932479780800085,201.5924675196534,22
USD,test,40,2024-04-11,2024-05-13,rolling63_daily,5,0.6723667176559545,0.05838373905116917,0.04413145361259296,-0.04413145361259296,0.1542470069516475,0.1983784605642405,308.4940139032951,22
USD,test,41,2024-05-13,2024-06-11,rolling63_daily,5,0.6115127652182082,0.05309948833681985,-0.3454126424979265,0.3454126424979265,0.1379283833842388,-0.2074842591136877,275.8567667684775,22
USD,test,42,2024-06-11,2024-07-10,rolling63_daily,5,0.6675483465346872,0.0579653347748152,-0.04267196118588856,0.04267196118588856,0.1564810256556994,0.1138090644698108,312.9620513113987,22
USD,test,43,2024-07-10,2024-08-08,rolling63_daily,5,0.5876240451351862,0.05102512082316171,-0.3615039476759563,0.3615039476759563,0.1624383306929388,-0.1990656169830175,324.8766613858776,22
USD,test,44,2024-08-08,2024-09-06,rolling63_daily,5,0.631183352152263,0.05480757950038413,-0.1016958754422461,0.1016958754422461,0.1149498118033482,0.01325393636110206,229.8996236066964,22
USD,test,45,2024-09-06,2024-10-07,rolling63_daily,5,0.5885702797160661,0.0511072866386742,-0.3129627775085067,0.3129627775085067,0.1425852638390068,-0.1703775136694999,285.1705276780136,22
USD,test,46,2024-10-07,2024-11-05,rolling63_daily,5,0.6311748889412598,0.05480684459857734,0.07101984607467493,-0.07101984607467493,0.05848592005575096,0.1295057661304259,116.9718401115019,22
USD,test,47,2024-11-05,2024-12-04,rolling63_daily,5,0.580326811154535,0.05039146933141765,-0.7014730911188926,0.7014730911188926,0.06520324558926273,-0.6362698455296298,130.4064911785254,22
USD,test,48,2024-12-04,2025-01-07,rolling63_daily,5,0.8524122763675237,0.0740181991516853,0.03110062829645521,-0.03110062829645521,0.09198459816977018,0.1230852264662254,183.9691963395403,22
USD,test,49,2025-01-07,2025-02-05,rolling63_daily,5,0.8869000073689506,0.07701302091893587,-0.5158632539296057,0.5158632539296057,0.1409090554441507,-0.374954198485455,281.8181108883015,22
USD,test,50,2025-02-05,2025-03-06,rolling63_daily,5,1.065818827302365,0.09255009336270897,0.0871451770826468,-0.0871451770826468,0.1557997861274738,0.2429449632101206,311.5995722549476,22
USD,test,51,2025-03-06,2025-04-04,rolling63_daily,5,0.9796602234482563,0.08506814146996126,-0.6753970673518097,0.6753970673518097,0.1509774690818446,-0.5244195982699651,301.9549381636892,22
USD,test,52,2025-04-04,2025-05-08,rolling63_daily,5,1.111366954421172,0.09650550339273382,-0.4288689153494403,0.4288689153494403,0.1228523294321456,-0.3060165859172946,245.7046588642912,22
USD,test,53,2025-05-08,2025-06-06,rolling63_daily,5,1.14324954606078,0.09927421375858224,0.1556431289266555,-0.1556431289266555,0.1522214474789476,0.3078645764056031,304.4428949578951,22
USD,test,54,2025-06-06,2025-07-07,rolling63_daily,5,1.133106206594476,0.09839335615462566,-0.1490488923663946,0.1490488923663946,0.1290949789168116,-0.01995391344958303,258.1899578336232,22
USD,test,55,2025-07-07,2025-08-05,rolling63_daily,5,1.063215103441607,0.09232398629637677,0.1941192943688559,-0.1941192943688559,0.08616483350143787,0.2802841278702938,172.3296670028757,22
USD,test,56,2025-08-05,2025-09-03,rolling63_daily,5,0.9519922437141872,0.08266549524781096,0.02324741573475819,-0.02324741573475819,0.1393338431499484,0.1625812588847066,278.6676862998968,22
USD,test,57,2025-09-03,2025-10-02,rolling63_daily,5,0.8987987499012888,0.07804627901612925,0.140347338284613,-0.140347338284613,0.1464909254353116,0.2868382637199246,292.9818508706232,22
USD,test,58,2025-10-02,2025-10-31,rolling63_daily,5,0.7655642233875213,0.06647660791711983,0.09928910083739727,-0.09928910083739727,0.07167815190805116,0.1709672527454484,143.3563038161023,22
USD,test,59,2025-10-31,2025-12-01,rolling63_daily,5,0.6421036743993653,0.05575584475313858,-0.03837502168815377,0.03837502168815377,0.1309550080448518,0.09257998635669801,261.9100160897035,22
USD,test,0,2021-01-04,2021-02-02,ewma_daily,5,0.6681443424280076,0.05801708819289545,-0.08040199232949424,0.08040199232949424,0.07706971326665475,-0.003332279062839491,154.1394265333095,22
USD,test,1,2021-02-02,2021-03-03,ewma_daily,5,0.6792940716857601,0.05898527767837256,0.004750379733181376,-0.004750379733181376,0.1413591748999785,0.1461095546331598,282.7183497999569,22
USD,test,2,2021-03-03,2021-04-01,ewma_daily,5,0.6628212085918079,0.05755485295627025,-0.09804505884394271,0.09804505884394271,0.07085332855020805,-0.02719173029373466,141.706657100416,22
USD,test,3,2021-04-01,2021-05-04,ewma_daily,5,0.6563984366458513,0.05699713079726621,-0.1112366429714342,0.1112366429714342,0.1033272853905899,-0.007909357580844337,206.6545707811797,22
USD,test,4,2021-05-04,2021-06-02,ewma_daily,5,0.6341192291049964,0.05506251602401351,-0.1901296683285949,0.1901296683285949,0.1250587881664428,-0.06507088016215212,250.1175763328856,22
USD,test,5,2021-06-02,2021-07-01,ewma_daily,5,0.623960086693387,0.05418034842440794,-0.2763779309585587,0.2763779309585587,0.07114043513295192,-0.2052374958256067,142.2808702659038,22
USD,test,6,2021-07-01,2021-07-30,ewma_daily,5,0.6769316023813658,0.05878013197907675,0.2231023466656268,-0.2231023466656268,0.09962025875579621,0.322722605421423,199.2405175115924,22
USD,test,7,2021-07-30,2021-08-30,ewma_daily,5,0.63573398384586,0.05520273309033288,0.09615372762536924,-0.09615372762536924,0.05605657629821651,0.1522103039235858,112.113152596433,22
USD,test,8,2021-08-30,2021-09-28,ewma_daily,5,0.5594769716590804,0.04858098674087603,-0.08120240528504105,0.08120240528504105,0.1102743434999717,0.02907193821493069,220.5486869999435,22
USD,test,9,2021-09-28,2021-10-27,ewma_daily,5,0.4408042783317541,0.03827617816919258,-0.1431314771173393,0.1431314771173393,0.09859258501524949,-0.04453889210208982,197.1851700304989,22
USD,test,10,2021-10-27,2021-11-25,ewma_daily,5,0.4646137308516245,0.04034363742120493,-0.3152584709077232,0.3152584709077232,0.08868038247189892,-0.2265780884358243,177.3607649437979,22
USD,test,11,2021-11-25,2021-12-24,ewma_daily,5,0.575067256928385,0.0499347589558905,-0.2551882529731841,0.2551882529731841,0.1664920042404754,-0.08869624873270876,332.9840084809508,22
USD,test,12,2021-12-24,2022-01-24,ewma_daily,5,0.6320966613366394,0.05488688658607589,-0.008545456008604901,0.008545456008604901,0.1447314482192226,0.1361859922106177,289.4628964384451,22
USD,test,13,2022-01-24,2022-02-22,ewma_daily,5,0.6579838977263535,0.05713480446260222,-0.477938654398443,0.477938654398443,0.1582072967031463,-0.3197313576952967,316.4145934062926,22
USD,test,14,2022-02-22,2022-03-23,ewma_daily,5,0.764341731852177,0.06637045146932263,-0.4329974330145704,0.4329974330145704,0.06401338249547552,-0.3689840505190949,128.0267649909511,22
USD,test,15,2022-03-23,2022-04-25,ewma_daily,5,0.9352940444607611,0.08121545328131975,-0.01120519939889358,0.01120519939889358,0.09952814466618073,0.08832294526728715,199.0562893323615,22
USD,test,16,2022-04-25,2022-05-24,ewma_daily,5,1.005643048807286,0.08732446070144578,0.02771186802451631,-0.02771186802451631,0.0717094491627155,0.09942131718723181,143.418898325431,22
USD,test,17,2022-05-24,2022-06-22,ewma_daily,5,1.032471746370248,0.08965424424227741,-0.2476890978485665,0.2476890978485665,0.09382040638427747,-0.1538686914642891,187.640812768555,22
USD,test,18,2022-06-22,2022-07-21,ewma_daily,5,0.9961419658600121,0.08649939631914288,-0.3485597787244529,0.3485597787244529,0.07222609990131507,-0.2763336788231378,144.4521998026302,22
USD,test,19,2022-07-21,2022-08-19,ewma_daily,5,1.117148091751289,0.09700754093564046,-0.1353640588864309,0.1353640588864309,0.1333006779786675,-0.002063380907763368,266.601355957335,22
USD,test,20,2022-08-19,2022-09-19,ewma_daily,5,1.103863675471885,0.09585391476127696,-0.4184292667920282,0.4184292667920282,0.1401901005641628,-0.2782391662278654,280.3802011283257,22
USD,test,21,2022-09-19,2022-10-18,ewma_daily,5,1.149157612037669,0.09978727677397796,-0.2479787080308208,0.2479787080308208,0.08165347889317284,-0.166325229137648,163.3069577863456,22
USD,test,22,2022-10-18,2022-11-16,ewma_daily,5,1.194351764036298,0.1037120054708354,-1.252812586379946,1.252812586379946,0.1809810036494362,-1.07183158273051,361.9620072988723,22
USD,test,23,2022-11-16,2022-12-15,ewma_daily,5,1.561866144357936,0.1356288585937812,0.3370410202640528,-0.3370410202640528,0.1455524882215318,0.4825935084855846,291.1049764430637,22
USD,test,24,2022-12-15,2023-01-16,ewma_daily,5,1.553232084906377,0.1348790017652321,0.2165057441569331,-0.2165057441569331,0.1497124827901507,0.3662182269470838,299.4249655803014,22
USD,test,25,2023-01-16,2023-02-14,ewma_daily,5,1.471797174578022,0.1278065622818664,0.3530380470818395,-0.3530380470818395,0.1153115240778528,0.4683495711596923,230.6230481557057,22
USD,test,26,2023-02-14,2023-03-15,ewma_daily,5,1.063317150402838,0.09233284804034186,-0.4691533370032559,0.4691533370032559,0.1106982471733785,-0.3584550898298774,221.3964943467569,22
USD,test,27,2023-03-15,2023-04-17,ewma_daily,5,1.072891517205107,0.09316428539988957,-0.173232270563787,0.173232270563787,0.1149182077776726,-0.05831406278611442,229.8364155553451,22
USD,test,28,2023-04-17,2023-05-17,ewma_daily,5,1.048185226089551,0.09101879547277311,0.3437648967919555,-0.3437648967919555,0.09796353508324686,0.4417284318752024,195.9270701664937,22
USD,test,29,2023-05-17,2023-06-15,ewma_daily,5,0.9495877337814207,0.08245669165407478,0.4279720816354029,-0.4279720816354029,0.1032138905539951,0.531185972189398,206.4277811079902,22
USD,test,30,2023-06-15,2023-07-14,ewma_daily,5,0.7502464773502027,0.06514647507588577,-0.2669102615742105,0.2669102615742105,0.1453979843945105,-0.1215122771797,290.7959687890211,22
USD,test,31,2023-07-14,2023-08-14,ewma_daily,5,0.7802356197431877,0.06775061658998699,-0.1443702762175387,0.1443702762175387,0.06681345075106074,-0.07755682546647794,133.6269015021215,22
USD,test,32,2023-08-14,2023-09-12,ewma_daily,5,0.8229094644333514,0.07145626534151298,0.02769918425678135,-0.02769918425678135,0.08221546082842969,0.109914645085211,164.4309216568594,22
USD,test,33,2023-09-12,2023-10-11,ewma_daily,5,0.8311350917824996,0.07217055262497593,0.01595360978472571,-0.01595360978472571,0.07636747281380354,0.09232108259852925,152.7349456276071,22
USD,test,34,2023-10-11,2023-11-09,ewma_daily,5,0.7113625879175061,0.06176996166858643,-0.4542490448603331,0.4542490448603331,0.178076362318442,-0.2761726825418911,356.1527246368839,22
USD,test,35,2023-11-09,2023-12-08,ewma_daily,5,0.7367577249590482,0.06397516684176008,-0.2075896462272908,0.2075896462272908,0.1152778948189948,-0.09231175140829605,230.5557896379895,22
USD,test,36,2023-12-08,2024-01-11,ewma_daily,5,0.7803367840865576,0.06775940132755819,-0.1920835235752349,0.1920835235752349,0.1258485126634919,-0.06623501091174305,251.6970253269839,22
USD,test,37,2024-01-11,2024-02-09,ewma_daily,5,0.8118096270821411,0.07049239201733958,0.03441198921876593,-0.03441198921876593,0.06870472464838011,0.103116713867146,137.4094492967602,22
USD,test,38,2024-02-09,2024-03-11,ewma_daily,5,0.766040694927419,0.06651798287134593,0.1399854884286782,-0.1399854884286782,0.1352467681228722,0.2752322565515504,270.4935362457444,22
USD,test,39,2024-03-11,2024-04-11,ewma_daily,5,0.6833775271187434,0.0593398658235525,-0.08401279567151043,0.08401279567151043,0.1025088221879342,0.01849602651642381,205.0176443758685,22
USD,test,40,2024-04-11,2024-05-13,ewma_daily,5,0.6723667176559545,0.05838373905116917,0.05235945195406089,-0.05235945195406089,0.1518345391804656,0.2041939911345265,303.6690783609313,22
USD,test,41,2024-05-13,2024-06-11,ewma_daily,5,0.6115127652182082,0.05309948833681985,-0.3512582667482889,0.3512582667482889,0.1381177012616817,-0.2131405654866072,276.2354025233633,22
USD,test,42,2024-06-11,2024-07-10,ewma_daily,5,0.6675483465346872,0.0579653347748152,-0.04269123189205004,0.04269123189205004,0.1566863662462997,0.1139951343542496,313.3727324925993,22
USD,test,43,2024-07-10,2024-08-08,ewma_daily,5,0.5876240451351862,0.05102512082316171,-0.3612408406435748,0.3612408406435748,0.1623805361132896,-0.1988603045302852,324.7610722265791,22
USD,test,44,2024-08-08,2024-09-06,ewma_daily,5,0.631183352152263,0.05480757950038413,-0.09980451434589099,0.09980451434589099,0.1131898851774228,0.01338537083153178,226.3797703548456,22
USD,test,45,2024-09-06,2024-10-07,ewma_daily,5,0.5885702797160661,0.0511072866386742,-0.3062097684464584,0.3062097684464584,0.1408289829046593,-0.1653807855417991,281.6579658093186,22
USD,test,46,2024-10-07,2024-11-05,ewma_daily,5,0.6311748889412598,0.05480684459857734,0.08541705474802375,-0.08541705474802375,0.05871111606015713,0.1441281708081809,117.4222321203142,22
USD,test,47,2024-11-05,2024-12-04,ewma_daily,5,0.580326811154535,0.05039146933141765,-0.7414551903605646,0.7414551903605646,0.06480543560370233,-0.6766497547568623,129.6108712074046,22
USD,test,48,2024-12-04,2025-01-07,ewma_daily,5,0.8524122763675237,0.0740181991516853,0.03957024039000601,-0.03957024039000601,0.09166598895125157,0.1312362293412576,183.3319779025032,22
USD,test,49,2025-01-07,2025-02-05,ewma_daily,5,0.8869000073689506,0.07701302091893587,-0.5599114812602917,0.5599114812602917,0.1434055435470453,-0.4165059377132463,286.8110870940907,22
USD,test,50,2025-02-05,2025-03-06,ewma_daily,5,1.065818827302365,0.09255009336270897,0.09516894771270756,-0.09516894771270756,0.1540327956994386,0.2492017434121462,308.0655913988771,22
USD,test,51,2025-03-06,2025-04-04,ewma_daily,5,0.9796602234482563,0.08506814146996126,-0.6740468219876874,0.6740468219876874,0.1527565964047152,-0.5212902255829722,305.5131928094302,22
USD,test,52,2025-04-04,2025-05-08,ewma_daily,5,1.111366954421172,0.09650550339273382,-0.4329303983636663,0.4329303983636663,0.1217409289596041,-0.3111894694040622,243.4818579192082,22
USD,test,53,2025-05-08,2025-06-06,ewma_daily,5,1.14324954606078,0.09927421375858224,0.1527435834779141,-0.1527435834779141,0.1546928537042776,0.3074364371821917,309.3857074085552,22
USD,test,54,2025-06-06,2025-07-07,ewma_daily,5,1.133106206594476,0.09839335615462566,-0.1131908291824999,0.1131908291824999,0.1308128268375546,0.01762199765505471,261.6256536751093,22
USD,test,55,2025-07-07,2025-08-05,ewma_daily,5,1.063215103441607,0.09232398629637677,0.1894533823010751,-0.1894533823010751,0.08560487041835473,0.2750582527194299,171.2097408367094,22
USD,test,56,2025-08-05,2025-09-03,ewma_daily,5,0.9519922437141872,0.08266549524781096,0.02860209306095385,-0.02860209306095385,0.1377185493023785,0.1663206423633323,275.437098604757,22
USD,test,57,2025-09-03,2025-10-02,ewma_daily,5,0.8987987499012888,0.07804627901612925,0.1387006354025857,-0.1387006354025857,0.1462752658168577,0.2849759012194434,292.5505316337153,22
USD,test,58,2025-10-02,2025-10-31,ewma_daily,5,0.7655642233875213,0.06647660791711983,0.10350223689436,-0.10350223689436,0.07220787546674871,0.1757101123611087,144.4157509334974,22
USD,test,59,2025-10-31,2025-12-01,ewma_daily,5,0.6421036743993653,0.05575584475313858,-0.03745613041581919,0.03745613041581919,0.1276822035777375,0.09022607316191836,255.364407155475,22
USD,test,0,2021-01-04,2021-02-02,ridge_daily,5,0.6681443424280076,0.05801708819289545,-0.09353707262212754,0.09353707262212754,0.07555247320665673,-0.01798459941547081,151.1049464133134,22
USD,test,1,2021-02-02,2021-03-03,ridge_daily,5,0.6792940716857601,0.05898527767837256,0.01772961851124677,-0.01772961851124677,0.1369555377964253,0.1546851563076721,273.9110755928506,22
USD,test,2,2021-03-03,2021-04-01,ridge_daily,5,0.6628212085918079,0.05755485295627025,-0.1196149218753979,0.1196149218753979,0.06986639404820022,-0.04974852782719773,139.7327880964004,22
USD,test,3,2021-04-01,2021-05-04,ridge_daily,5,0.6563984366458513,0.05699713079726621,-0.1381035295571138,0.1381035295571138,0.1038940874836692,-0.03420944207344463,207.7881749673384,22
USD,test,4,2021-05-04,2021-06-02,ridge_daily,5,0.6341192291049964,0.05506251602401351,-0.211287116629407,0.211287116629407,0.125980770195573,-0.08530634643383397,251.9615403911461,22
USD,test,5,2021-06-02,2021-07-01,ridge_daily,5,0.623960086693387,0.05418034842440794,-0.2924111229487652,0.2924111229487652,0.06904110058604282,-0.2233700223627224,138.0822011720856,22
USD,test,6,2021-07-01,2021-07-30,ridge_daily,5,0.6769316023813658,0.05878013197907675,0.2377378194032218,-0.2377378194032218,0.09715493149530602,0.3348927508985278,194.309862990612,22
USD,test,7,2021-07-30,2021-08-30,ridge_daily,5,0.63573398384586,0.05520273309033288,0.0711561749106939,-0.0711561749106939,0.05727853778630838,0.1284347126970023,114.5570755726168,22
USD,test,8,2021-08-30,2021-09-28,ridge_daily,5,0.5594769716590804,0.04858098674087603,-0.05395740573493385,0.05395740573493385,0.1039155565517093,0.0499581508167754,207.8311131034186,22
USD,test,9,2021-09-28,2021-10-27,ridge_daily,5,0.4408042783317541,0.03827617816919258,-0.1214359213132727,0.1214359213132727,0.09728394778837449,-0.02415197352489826,194.5678955767489,22
USD,test,10,2021-10-27,2021-11-25,ridge_daily,5,0.4646137308516245,0.04034363742120493,-0.3326810460368449,0.3326810460368449,0.0859681850654208,-0.2467128609714241,171.9363701308415,22
USD,test,11,2021-11-25,2021-12-24,ridge_daily,5,0.575067256928385,0.0499347589558905,-0.2380972529836214,0.2380972529836214,0.1611608755025729,-0.07693637748104845,322.3217510051459,22
USD,test,12,2021-12-24,2022-01-24,ridge_daily,5,0.6320966613366394,0.05488688658607589,-0.000299274918418746,0.000299274918418746,0.1407427772147588,0.1404435022963401,281.4855544295176,22
USD,test,13,2022-01-24,2022-02-22,ridge_daily,5,0.6579838977263535,0.05713480446260222,-0.4385078633693524,0.4385078633693524,0.1548345646977716,-0.2836732986715808,309.6691293955433,22
USD,test,14,2022-02-22,2022-03-23,ridge_daily,5,0.764341731852177,0.06637045146932263,-0.4458242969864443,0.4458242969864443,0.06288829075759256,-0.3829360062288518,125.7765815151851,22
USD,test,15,2022-03-23,2022-04-25,ridge_daily,5,0.9352940444607611,0.08121545328131975,-0.009603260208233655,0.009603260208233655,0.09788402263666549,0.08828076242843183,195.7680452733309,22
USD,test,16,2022-04-25,2022-05-24,ridge_daily,5,1.005643048807286,0.08732446070144578,-0.02373188154286421,0.02373188154286421,0.07214619806708139,0.04841431652421718,144.2923961341628,22
USD,test,17,2022-05-24,2022-06-22,ridge_daily,5,1.032471746370248,0.08965424424227741,-0.2086690776192801,0.2086690776192801,0.09121450283024603,-0.117454574789034,182.429005660492,22
USD,test,18,2022-06-22,2022-07-21,ridge_daily,5,0.9961419658600121,0.08649939631914288,-0.3524508828173858,0.3524508828173858,0.07140256985461589,-0.2810483129627699,142.8051397092317,22
USD,test,19,2022-07-21,2022-08-19,ridge_daily,5,1.117148091751289,0.09700754093564046,-0.1219977209944716,0.1219977209944716,0.1308221228825348,0.008824401888063216,261.6442457650696,22
USD,test,20,2022-08-19,2022-09-19,ridge_daily,5,1.103863675471885,0.09585391476127696,-0.4133794458549058,0.4133794458549058,0.1390137250375156,-0.2743657208173902,278.0274500750314,22
USD,test,21,2022-09-19,2022-10-18,ridge_daily,5,1.149157612037669,0.09978727677397796,-0.2622320078527368,0.2622320078527368,0.08164840699000495,-0.1805836008627319,163.2968139800098,22
USD,test,22,2022-10-18,2022-11-16,ridge_daily,5,1.194351764036298,0.1037120054708354,-1.233069891443463,1.233069891443463,0.1830671024710331,-1.05000278897243,366.1342049420661,22
USD,test,23,2022-11-16,2022-12-15,ridge_daily,5,1.561866144357936,0.1356288585937812,0.3186805651714906,-0.3186805651714906,0.1482752582671039,0.4669558234385944,296.5505165342077,22
USD,test,24,2022-12-15,2023-01-16,ridge_daily,5,1.553232084906377,0.1348790017652321,0.1823379345391629,-0.1823379345391629,0.153251406465969,0.3355893410051319,306.502812931938,22
USD,test,25,2023-01-16,2023-02-14,ridge_daily,5,1.471797174578022,0.1278065622818664,0.3841131986037407,-0.3841131986037407,0.1115131159091805,0.4956263145129213,223.0262318183611,22
USD,test,26,2023-02-14,2023-03-15,ridge_daily,5,1.063317150402838,0.09233284804034186,-0.4466567983045238,0.4466567983045238,0.1076802407450114,-0.3389765575595124,215.3604814900228,22
USD,test,27,2023-03-15,2023-04-17,ridge_daily,5,1.072891517205107,0.09316428539988957,-0.1703675619562688,0.1703675619562688,0.1145792584335981,-0.05578830352267064,229.1585168671962,22
USD,test,28,2023-04-17,2023-05-17,ridge_daily,5,1.048185226089551,0.09101879547277311,0.3407048856290356,-0.3407048856290356,0.09726360146655673,0.4379684870955923,194.5272029331134,22
USD,test,29,2023-05-17,2023-06-15,ridge_daily,5,0.9495877337814207,0.08245669165407478,0.4468625170338072,-0.4468625170338072,0.100646563955637,0.5475090809894442,201.2931279112739,22
USD,test,30,2023-06-15,2023-07-14,ridge_daily,5,0.7502464773502027,0.06514647507588577,-0.2881868041196043,0.2881868041196043,0.147116970465364,-0.1410698336542403,294.233940930728,22
USD,test,31,2023-07-14,2023-08-14,ridge_daily,5,0.7802356197431877,0.06775061658998699,-0.1477294823433161,0.1477294823433161,0.06685168017029464,-0.08087780217302146,133.7033603405893,22
USD,test,32,2023-08-14,2023-09-12,ridge_daily,5,0.8229094644333514,0.07145626534151298,0.01089200435117207,-0.01089200435117207,0.08019744797490837,0.09108945232608043,160.3948959498167,22
USD,test,33,2023-09-12,2023-10-11,ridge_daily,5,0.8311350917824996,0.07217055262497593,0.004472771252737096,-0.004472771252737096,0.07524307297107971,0.07971584422381681,150.4861459421594,22
USD,test,34,2023-10-11,2023-11-09,ridge_daily,5,0.7113625879175061,0.06176996166858643,-0.4318740281991609,0.4318740281991609,0.1748009633108463,-0.2570730648883146,349.6019266216926,22
USD,test,35,2023-11-09,2023-12-08,ridge_daily,5,0.7367577249590482,0.06397516684176008,-0.2056024679519481,0.2056024679519481,0.1155102329552916,-0.09009223499665658,231.0204659105831,22
USD,test,36,2023-12-08,2024-01-11,ridge_daily,5,0.7803367840865576,0.06775940132755819,-0.2016471969030249,0.2016471969030249,0.126714764839012,-0.07493243206401295,253.4295296780238,22
USD,test,37,2024-01-11,2024-02-09,ridge_daily,5,0.8118096270821411,0.07049239201733958,0.01841747974664052,-0.01841747974664052,0.0665515223880835,0.08496900213472403,133.1030447761669,22
USD,test,38,2024-02-09,2024-03-11,ridge_daily,5,0.766040694927419,0.06651798287134593,0.1466355290725545,-0.1466355290725545,0.1323090036494038,0.2789445327219583,264.6180072988076,22
USD,test,39,2024-03-11,2024-04-11,ridge_daily,5,0.6833775271187434,0.0593398658235525,-0.1032449669491911,0.1032449669491911,0.102162027894138,-0.001082939055053078,204.3240557882759,22
USD,test,40,2024-04-11,2024-05-13,ridge_daily,5,0.6723667176559545,0.05838373905116917,0.08378320497610048,-0.08378320497610048,0.1418717446029506,0.2256549495790511,283.7434892059013,22
USD,test,41,2024-05-13,2024-06-11,ridge_daily,5,0.6115127652182082,0.05309948833681985,-0.3427550610203589,0.3427550610203589,0.1371927626370446,-0.2055622983833143,274.3855252740893,22
USD,test,42,2024-06-11,2024-07-10,ridge_daily,5,0.6675483465346872,0.0579653347748152,-0.0342596953546348,0.0342596953546348,0.1515274613978419,0.1172677660432071,303.0549227956838,22
USD,test,43,2024-07-10,2024-08-08,ridge_daily,5,0.5876240451351862,0.05102512082316171,-0.3523548480958425,0.3523548480958425,0.1604002862436872,-0.1919545618521553,320.8005724873744,22
USD,test,44,2024-08-08,2024-09-06,ridge_daily,5,0.631183352152263,0.05480757950038413,-0.1030513613198281,0.1030513613198281,0.1144272992690164,0.0113759379491883,228.8545985380327,22
USD,test,45,2024-09-06,2024-10-07,ridge_daily,5,0.5885702797160661,0.0511072866386742,-0.2890537793635564,0.2890537793635564,0.1364754285472697,-0.1525783508162867,272.9508570945394,22
USD,test,46,2024-10-07,2024-11-05,ridge_daily,5,0.6311748889412598,0.05480684459857734,0.03358240798108181,-0.03358240798108181,0.05963244533892364,0.09321485332000545,119.2648906778473,22
USD,test,47,2024-11-05,2024-12-04,ridge_daily,5,0.580326811154535,0.05039146933141765,-0.7436283057813884,0.7436283057813884,0.06622426081726421,-0.6774040449641242,132.4485216345284,22
USD,test,48,2024-12-04,2025-01-07,ridge_daily,5,0.8524122763675237,0.0740181991516853,0.03392563724837672,-0.03392563724837672,0.09210547737629723,0.126031114624674,184.2109547525945,22
USD,test,49,2025-01-07,2025-02-05,ridge_daily,5,0.8869000073689506,0.07701302091893587,-0.519538559910103,0.519538559910103,0.1408151155828267,-0.3787234443272763,281.6302311656534,22
USD,test,50,2025-02-05,2025-03-06,ridge_daily,5,1.065818827302365,0.09255009336270897,0.1046974158604002,-0.1046974158604002,0.1527997021370571,0.2574971179974573,305.5994042741142,22
USD,test,51,2025-03-06,2025-04-04,ridge_daily,5,0.9796602234482563,0.08506814146996126,-0.6780380360467007,0.6780380360467007,0.1506265333344977,-0.5274115027122031,301.2530666689953,22
USD,test,52,2025-04-04,2025-05-08,ridge_daily,5,1.111366954421172,0.09650550339273382,-0.4239931382618067,0.4239931382618067,0.1236417337927257,-0.300351404469081,247.2834675854514,22
USD,test,53,2025-05-08,2025-06-06,ridge_daily,5,1.14324954606078,0.09927421375858224,0.1285336366596965,-0.1285336366596965,0.1565786231574609,0.2851122598171574,313.1572463149217,22
USD,test,54,2025-06-06,2025-07-07,ridge_daily,5,1.133106206594476,0.09839335615462566,-0.1483917314470347,0.1483917314470347,0.1313303519847613,-0.01706137946227337,262.6607039695226,22
USD,test,55,2025-07-07,2025-08-05,ridge_daily,5,1.063215103441607,0.09232398629637677,0.195883150087285,-0.195883150087285,0.08392572314402426,0.2798088732313093,167.8514462880485,22
USD,test,56,2025-08-05,2025-09-03,ridge_daily,5,0.9519922437141872,0.08266549524781096,0.04254128956193881,-0.04254128956193881,0.1360464429986775,0.1785877325606164,272.092885997355,22
USD,test,57,2025-09-03,2025-10-02,ridge_daily,5,0.8987987499012888,0.07804627901612925,0.1578947551579546,-0.1578947551579546,0.1426593038218601,0.3005540589798147,285.3186076437202,22
USD,test,58,2025-10-02,2025-10-31,ridge_daily,5,0.7655642233875213,0.06647660791711983,0.09490902196862064,-0.09490902196862064,0.07050242510906786,0.1654114470776885,141.0048502181357,22
USD,test,59,2025-10-31,2025-12-01,ridge_daily,5,0.6421036743993653,0.05575584475313858,-0.02244182718280996,0.02244182718280996,0.1228459478012474,0.1004041206184375,245.6918956024949,22
USD,test,0,2021-01-04,2021-02-02,selected_daily,5,0.6681443424280076,0.05801708819289545,-0.08040199232949424,0.08040199232949424,0.07706971326665475,-0.003332279062839491,154.1394265333095,22
USD,test,1,2021-02-02,2021-03-03,selected_daily,5,0.6792940716857601,0.05898527767837256,0.004750379733181376,-0.004750379733181376,0.1413591748999785,0.1461095546331598,282.7183497999569,22
USD,test,2,2021-03-03,2021-04-01,selected_daily,5,0.6628212085918079,0.05755485295627025,-0.09804505884394271,0.09804505884394271,0.07085332855020805,-0.02719173029373466,141.706657100416,22
USD,test,3,2021-04-01,2021-05-04,selected_daily,5,0.6563984366458513,0.05699713079726621,-0.1112366429714342,0.1112366429714342,0.1033272853905899,-0.007909357580844337,206.6545707811797,22
USD,test,4,2021-05-04,2021-06-02,selected_daily,5,0.6341192291049964,0.05506251602401351,-0.1901296683285949,0.1901296683285949,0.1250587881664428,-0.06507088016215212,250.1175763328856,22
USD,test,5,2021-06-02,2021-07-01,selected_daily,5,0.623960086693387,0.05418034842440794,-0.2763779309585587,0.2763779309585587,0.07114043513295192,-0.2052374958256067,142.2808702659038,22
USD,test,6,2021-07-01,2021-07-30,selected_daily,5,0.6769316023813658,0.05878013197907675,0.2231023466656268,-0.2231023466656268,0.09962025875579621,0.322722605421423,199.2405175115924,22
USD,test,7,2021-07-30,2021-08-30,selected_daily,5,0.63573398384586,0.05520273309033288,0.09615372762536924,-0.09615372762536924,0.05605657629821651,0.1522103039235858,112.113152596433,22
USD,test,8,2021-08-30,2021-09-28,selected_daily,5,0.5594769716590804,0.04858098674087603,-0.08120240528504105,0.08120240528504105,0.1102743434999717,0.02907193821493069,220.5486869999435,22
USD,test,9,2021-09-28,2021-10-27,selected_daily,5,0.4408042783317541,0.03827617816919258,-0.1431314771173393,0.1431314771173393,0.09859258501524949,-0.04453889210208982,197.1851700304989,22
USD,test,10,2021-10-27,2021-11-25,selected_daily,5,0.4646137308516245,0.04034363742120493,-0.3152584709077232,0.3152584709077232,0.08868038247189892,-0.2265780884358243,177.3607649437979,22
USD,test,11,2021-11-25,2021-12-24,selected_daily,5,0.575067256928385,0.0499347589558905,-0.2551882529731841,0.2551882529731841,0.1664920042404754,-0.08869624873270876,332.9840084809508,22
USD,test,12,2021-12-24,2022-01-24,selected_daily,5,0.6320966613366394,0.05488688658607589,-0.008545456008604901,0.008545456008604901,0.1447314482192226,0.1361859922106177,289.4628964384451,22
USD,test,13,2022-01-24,2022-02-22,selected_daily,5,0.6579838977263535,0.05713480446260222,-0.477938654398443,0.477938654398443,0.1582072967031463,-0.3197313576952967,316.4145934062926,22
USD,test,14,2022-02-22,2022-03-23,selected_daily,5,0.764341731852177,0.06637045146932263,-0.4329974330145704,0.4329974330145704,0.06401338249547552,-0.3689840505190949,128.0267649909511,22
USD,test,15,2022-03-23,2022-04-25,selected_daily,5,0.9352940444607611,0.08121545328131975,-0.01120519939889358,0.01120519939889358,0.09952814466618073,0.08832294526728715,199.0562893323615,22
USD,test,16,2022-04-25,2022-05-24,selected_daily,5,1.005643048807286,0.08732446070144578,0.02771186802451631,-0.02771186802451631,0.0717094491627155,0.09942131718723181,143.418898325431,22
USD,test,17,2022-05-24,2022-06-22,selected_daily,5,1.032471746370248,0.08965424424227741,-0.2476890978485665,0.2476890978485665,0.09382040638427747,-0.1538686914642891,187.640812768555,22
USD,test,18,2022-06-22,2022-07-21,selected_daily,5,0.9961419658600121,0.08649939631914288,-0.3485597787244529,0.3485597787244529,0.07222609990131507,-0.2763336788231378,144.4521998026302,22
USD,test,19,2022-07-21,2022-08-19,selected_daily,5,1.117148091751289,0.09700754093564046,-0.1353640588864309,0.1353640588864309,0.1333006779786675,-0.002063380907763368,266.601355957335,22
USD,test,20,2022-08-19,2022-09-19,selected_daily,5,1.103863675471885,0.09585391476127696,-0.4184292667920282,0.4184292667920282,0.1401901005641628,-0.2782391662278654,280.3802011283257,22
USD,test,21,2022-09-19,2022-10-18,selected_daily,5,1.149157612037669,0.09978727677397796,-0.2479787080308208,0.2479787080308208,0.08165347889317284,-0.166325229137648,163.3069577863456,22
USD,test,22,2022-10-18,2022-11-16,selected_daily,5,1.194351764036298,0.1037120054708354,-1.252812586379946,1.252812586379946,0.1809810036494362,-1.07183158273051,361.9620072988723,22
USD,test,23,2022-11-16,2022-12-15,selected_daily,5,1.561866144357936,0.1356288585937812,0.3370410202640528,-0.3370410202640528,0.1455524882215318,0.4825935084855846,291.1049764430637,22
USD,test,24,2022-12-15,2023-01-16,selected_daily,5,1.553232084906377,0.1348790017652321,0.2165057441569331,-0.2165057441569331,0.1497124827901507,0.3662182269470838,299.4249655803014,22
USD,test,25,2023-01-16,2023-02-14,selected_daily,5,1.471797174578022,0.1278065622818664,0.3530380470818395,-0.3530380470818395,0.1153115240778528,0.4683495711596923,230.6230481557057,22
USD,test,26,2023-02-14,2023-03-15,selected_daily,5,1.063317150402838,0.09233284804034186,-0.4691533370032559,0.4691533370032559,0.1106982471733785,-0.3584550898298774,221.3964943467569,22
USD,test,27,2023-03-15,2023-04-17,selected_daily,5,1.072891517205107,0.09316428539988957,-0.173232270563787,0.173232270563787,0.1149182077776726,-0.05831406278611442,229.8364155553451,22
USD,test,28,2023-04-17,2023-05-17,selected_daily,5,1.048185226089551,0.09101879547277311,0.3437648967919555,-0.3437648967919555,0.09796353508324686,0.4417284318752024,195.9270701664937,22
USD,test,29,2023-05-17,2023-06-15,selected_daily,5,0.9495877337814207,0.08245669165407478,0.4279720816354029,-0.4279720816354029,0.1032138905539951,0.531185972189398,206.4277811079902,22
USD,test,30,2023-06-15,2023-07-14,selected_daily,5,0.7502464773502027,0.06514647507588577,-0.2669102615742105,0.2669102615742105,0.1453979843945105,-0.1215122771797,290.7959687890211,22
USD,test,31,2023-07-14,2023-08-14,selected_daily,5,0.7802356197431877,0.06775061658998699,-0.1443702762175387,0.1443702762175387,0.06681345075106074,-0.07755682546647794,133.6269015021215,22
USD,test,32,2023-08-14,2023-09-12,selected_daily,5,0.8229094644333514,0.07145626534151298,0.02769918425678135,-0.02769918425678135,0.08221546082842969,0.109914645085211,164.4309216568594,22
USD,test,33,2023-09-12,2023-10-11,selected_daily,5,0.8311350917824996,0.07217055262497593,0.01595360978472571,-0.01595360978472571,0.07636747281380354,0.09232108259852925,152.7349456276071,22
USD,test,34,2023-10-11,2023-11-09,selected_daily,5,0.7113625879175061,0.06176996166858643,-0.4542490448603331,0.4542490448603331,0.178076362318442,-0.2761726825418911,356.1527246368839,22
USD,test,35,2023-11-09,2023-12-08,selected_daily,5,0.7367577249590482,0.06397516684176008,-0.2075896462272908,0.2075896462272908,0.1152778948189948,-0.09231175140829605,230.5557896379895,22
USD,test,36,2023-12-08,2024-01-11,selected_daily,5,0.7803367840865576,0.06775940132755819,-0.1920835235752349,0.1920835235752349,0.1258485126634919,-0.06623501091174305,251.6970253269839,22
USD,test,37,2024-01-11,2024-02-09,selected_daily,5,0.8118096270821411,0.07049239201733958,0.03441198921876593,-0.03441198921876593,0.06870472464838011,0.103116713867146,137.4094492967602,22
USD,test,38,2024-02-09,2024-03-11,selected_daily,5,0.766040694927419,0.06651798287134593,0.1399854884286782,-0.1399854884286782,0.1352467681228722,0.2752322565515504,270.4935362457444,22
USD,test,39,2024-03-11,2024-04-11,selected_daily,5,0.6833775271187434,0.0593398658235525,-0.08401279567151043,0.08401279567151043,0.1025088221879342,0.01849602651642381,205.0176443758685,22
USD,test,40,2024-04-11,2024-05-13,selected_daily,5,0.6723667176559545,0.05838373905116917,0.05235945195406089,-0.05235945195406089,0.1518345391804656,0.2041939911345265,303.6690783609313,22
USD,test,41,2024-05-13,2024-06-11,selected_daily,5,0.6115127652182082,0.05309948833681985,-0.3512582667482889,0.3512582667482889,0.1381177012616817,-0.2131405654866072,276.2354025233633,22
USD,test,42,2024-06-11,2024-07-10,selected_daily,5,0.6675483465346872,0.0579653347748152,-0.04269123189205004,0.04269123189205004,0.1566863662462997,0.1139951343542496,313.3727324925993,22
USD,test,43,2024-07-10,2024-08-08,selected_daily,5,0.5876240451351862,0.05102512082316171,-0.3612408406435748,0.3612408406435748,0.1623805361132896,-0.1988603045302852,324.7610722265791,22
USD,test,44,2024-08-08,2024-09-06,selected_daily,5,0.631183352152263,0.05480757950038413,-0.09980451434589099,0.09980451434589099,0.1131898851774228,0.01338537083153178,226.3797703548456,22
USD,test,45,2024-09-06,2024-10-07,selected_daily,5,0.5885702797160661,0.0511072866386742,-0.3062097684464584,0.3062097684464584,0.1408289829046593,-0.1653807855417991,281.6579658093186,22
USD,test,46,2024-10-07,2024-11-05,selected_daily,5,0.6311748889412598,0.05480684459857734,0.08541705474802375,-0.08541705474802375,0.05871111606015713,0.1441281708081809,117.4222321203142,22
USD,test,47,2024-11-05,2024-12-04,selected_daily,5,0.580326811154535,0.05039146933141765,-0.7414551903605646,0.7414551903605646,0.06480543560370233,-0.6766497547568623,129.6108712074046,22
USD,test,48,2024-12-04,2025-01-07,selected_daily,5,0.8524122763675237,0.0740181991516853,0.03957024039000601,-0.03957024039000601,0.09166598895125157,0.1312362293412576,183.3319779025032,22
USD,test,49,2025-01-07,2025-02-05,selected_daily,5,0.8869000073689506,0.07701302091893587,-0.5599114812602917,0.5599114812602917,0.1434055435470453,-0.4165059377132463,286.8110870940907,22
USD,test,50,2025-02-05,2025-03-06,selected_daily,5,1.065818827302365,0.09255009336270897,0.09516894771270756,-0.09516894771270756,0.1540327956994386,0.2492017434121462,308.0655913988771,22
USD,test,51,2025-03-06,2025-04-04,selected_daily,5,0.9796602234482563,0.08506814146996126,-0.6740468219876874,0.6740468219876874,0.1527565964047152,-0.5212902255829722,305.5131928094302,22
USD,test,52,2025-04-04,2025-05-08,selected_daily,5,1.111366954421172,0.09650550339273382,-0.4329303983636663,0.4329303983636663,0.1217409289596041,-0.3111894694040622,243.4818579192082,22
USD,test,53,2025-05-08,2025-06-06,selected_daily,5,1.14324954606078,0.09927421375858224,0.1527435834779141,-0.1527435834779141,0.1546928537042776,0.3074364371821917,309.3857074085552,22
USD,test,54,2025-06-06,2025-07-07,selected_daily,5,1.133106206594476,0.09839335615462566,-0.1131908291824999,0.1131908291824999,0.1308128268375546,0.01762199765505471,261.6256536751093,22
USD,test,55,2025-07-07,2025-08-05,selected_daily,5,1.063215103441607,0.09232398629637677,0.1894533823010751,-0.1894533823010751,0.08560487041835473,0.2750582527194299,171.2097408367094,22
USD,test,56,2025-08-05,2025-09-03,selected_daily,5,0.9519922437141872,0.08266549524781096,0.02860209306095385,-0.02860209306095385,0.1377185493023785,0.1663206423633323,275.437098604757,22
USD,test,57,2025-09-03,2025-10-02,selected_daily,5,0.8987987499012888,0.07804627901612925,0.1387006354025857,-0.1387006354025857,0.1462752658168577,0.2849759012194434,292.5505316337153,22
USD,test,58,2025-10-02,2025-10-31,selected_daily,5,0.7655642233875213,0.06647660791711983,0.10350223689436,-0.10350223689436,0.07220787546674871,0.1757101123611087,144.4157509334974,22
USD,test,59,2025-10-31,2025-12-01,selected_daily,5,0.6421036743993653,0.05575584475313858,-0.03745613041581919,0.03745613041581919,0.1276822035777375,0.09022607316191836,255.364407155475,22
USD,test,0,2021-01-04,2021-02-02,selected_every5,5,0.6681443424280076,0.05801708819289545,-0.1372194388674418,0.1372194388674418,0.05336524623030148,-0.08385419263714031,106.730492460603,6
USD,test,1,2021-02-02,2021-03-03,selected_every5,5,0.6792940716857601,0.05898527767837256,0.286213413098622,-0.286213413098622,0.08325865650787019,0.3694720696064922,166.5173130157404,6
USD,test,2,2021-03-03,2021-04-01,selected_every5,5,0.6628212085918079,0.05755485295627025,-0.1524418267422298,0.1524418267422298,0.04996403027921216,-0.1024777964630176,99.92806055842429,6
USD,test,3,2021-04-01,2021-05-04,selected_every5,5,0.6563984366458513,0.05699713079726621,-0.3122178275792891,0.3122178275792891,0.1016041173453581,-0.210613710233931,203.2082346907161,6
USD,test,4,2021-05-04,2021-06-02,selected_every5,5,0.6341192291049964,0.05506251602401351,-0.1911231052643103,0.1911231052643103,0.1010483288481615,-0.09007477641614886,202.0966576963229,6
USD,test,5,2021-06-02,2021-07-01,selected_every5,5,0.623960086693387,0.05418034842440794,-0.166522908830832,0.166522908830832,0.05205121886182678,-0.1144716899690052,104.1024377236536,6
USD,test,6,2021-07-01,2021-07-30,selected_every5,5,0.6769316023813658,0.05878013197907675,0.3265708496304853,-0.3265708496304853,0.07645090357043811,0.4030217532009234,152.9018071408762,6
USD,test,7,2021-07-30,2021-08-30,selected_every5,5,0.63573398384586,0.05520273309033288,0.02395362743850223,-0.02395362743850223,0.05000735860366675,0.07396098604216897,100.0147172073335,6
USD,test,8,2021-08-30,2021-09-28,selected_every5,5,0.5594769716590804,0.04858098674087603,0.004586332650734964,-0.004586332650734964,0.06884681839794493,0.0734331510486799,137.6936367958899,6
USD,test,9,2021-09-28,2021-10-27,selected_every5,5,0.4408042783317541,0.03827617816919258,-0.08908360109871083,0.08908360109871083,0.07573467654013347,-0.01334892455857736,151.469353080267,6
USD,test,10,2021-10-27,2021-11-25,selected_every5,5,0.4646137308516245,0.04034363742120493,-0.4373662804840292,0.4373662804840292,0.04981404737227135,-0.3875522331117578,99.62809474454269,5
USD,test,11,2021-11-25,2021-12-24,selected_every5,5,0.575067256928385,0.0499347589558905,-0.0077232957841602,0.0077232957841602,0.1007809617535237,0.09305766596936355,201.5619235070475,6
USD,test,12,2021-12-24,2022-01-24,selected_every5,5,0.6320966613366394,0.05488688658607589,-0.08911661228464141,0.08911661228464141,0.1003778662659999,0.01126125398135852,200.7557325319999,6
USD,test,13,2022-01-24,2022-02-22,selected_every5,5,0.6579838977263535,0.05713480446260222,-0.7913900904969893,0.7913900904969893,0.1334946881055221,-0.6578954023914672,266.9893762110441,6
USD,test,14,2022-02-22,2022-03-23,selected_every5,5,0.764341731852177,0.06637045146932263,-0.5733838415052984,0.5733838415052984,0.04974845447804781,-0.5236353870272507,99.49690895609564,6
USD,test,15,2022-03-23,2022-04-25,selected_every5,5,0.9352940444607611,0.08121545328131975,-0.1826409792512458,0.1826409792512458,0.07316642590068806,-0.1094745533505578,146.3328518013761,6
USD,test,16,2022-04-25,2022-05-24,selected_every5,5,1.005643048807286,0.08732446070144578,-0.167719640986876,0.167719640986876,0.05569979271132389,-0.1120198482755521,111.3995854226478,6
USD,test,17,2022-05-24,2022-06-22,selected_every5,5,1.032471746370248,0.08965424424227741,0.01356847389465546,-0.01356847389465546,0.05001091434952551,0.06357938824418097,100.021828699051,6
USD,test,18,2022-06-22,2022-07-21,selected_every5,5,0.9961419658600121,0.08649939631914288,-0.7380072156677997,0.7380072156677997,0.04966879331477177,-0.6883384223530279,99.33758662954357,6
USD,test,19,2022-07-21,2022-08-19,selected_every5,5,1.117148091751289,0.09700754093564046,-0.1667159735358013,0.1667159735358013,0.09571823538126603,-0.07099773815453522,191.4364707625321,6
USD,test,20,2022-08-19,2022-09-19,selected_every5,5,1.103863675471885,0.09585391476127696,0.5138800837484148,-0.5138800837484148,0.06188040236516595,0.5757604861135808,123.7608047303319,6
USD,test,21,2022-09-19,2022-10-18,selected_every5,5,1.149157612037669,0.09978727677397796,-0.6205615098887051,0.6205615098887051,0.05579249131525434,-0.5647690185734507,111.5849826305087,6
USD,test,22,2022-10-18,2022-11-16,selected_every5,5,1.194351764036298,0.1037120054708354,-0.3875510592417015,0.3875510592417015,0.1036725161271626,-0.2838785431145389,207.3450322543252,6
USD,test,23,2022-11-16,2022-12-15,selected_every5,5,1.561866144357936,0.1356288585937812,0.4449584620803648,-0.4449584620803648,0.1104658643257713,0.5554243264061361,220.9317286515426,6
USD,test,24,2022-12-15,2023-01-16,selected_every5,5,1.553232084906377,0.1348790017652321,-0.330166450943949,0.330166450943949,0.1331839599695735,-0.1969824909743756,266.367919939147,6
USD,test,25,2023-01-16,2023-02-14,selected_every5,5,1.471797174578022,0.1278065622818664,0.7508433922910829,-0.7508433922910829,0.06594006606369783,0.8167834583547807,131.8801321273956,6
USD,test,26,2023-02-14,2023-03-15,selected_every5,5,1.063317150402838,0.09233284804034186,0.04952753048254266,-0.04952753048254266,0.06122793412880821,0.1107554646113509,122.4558682576164,6
USD,test,27,2023-03-15,2023-04-17,selected_every5,5,1.072891517205107,0.09316428539988957,-0.3450501970042836,0.3450501970042836,0.1027052057033002,-0.2423449913009835,205.4104114066003,6
USD,test,28,2023-04-17,2023-05-17,selected_every5,5,1.048185226089551,0.09101879547277311,0.5545801673413826,-0.5545801673413826,0.05360855832767107,0.6081887256690537,107.2171166553422,6
USD,test,29,2023-05-17,2023-06-15,selected_every5,5,0.9495877337814207,0.08245669165407478,0.5254473743710903,-0.5254473743710903,0.06605128268444609,0.5914986570555364,132.1025653688922,6
USD,test,30,2023-06-15,2023-07-14,selected_every5,5,0.7502464773502027,0.06514647507588577,-0.5962442163451698,0.5962442163451698,0.106969995416183,-0.4892742209289868,213.939990832366,6
USD,test,31,2023-07-14,2023-08-14,selected_every5,5,0.7802356197431877,0.06775061658998699,-0.1036912240229275,0.1036912240229275,0.05003755017606745,-0.05365367384686004,100.0751003521349,6
USD,test,32,2023-08-14,2023-09-12,selected_every5,5,0.8229094644333514,0.07145626534151298,0.1457195031872117,-0.1457195031872117,0.05011243631052453,0.1958319394977362,100.2248726210491,6
USD,test,33,2023-09-12,2023-10-11,selected_every5,5,0.8311350917824996,0.07217055262497593,0.004973166865402001,-0.004973166865402001,0.04998883620669574,0.05496200307209774,99.97767241339147,6
USD,test,34,2023-10-11,2023-11-09,selected_every5,5,0.7113625879175061,0.06176996166858643,-0.01589657321336801,0.01589657321336801,0.1176390339357653,0.1017424607223972,235.2780678715305,6
USD,test,35,2023-11-09,2023-12-08,selected_every5,5,0.7367577249590482,0.06397516684176008,-0.2007951369243557,0.2007951369243557,0.09889592579541669,-0.101899211128939,197.7918515908333,6
USD,test,36,2023-12-08,2024-01-11,selected_every5,5,0.7803367840865576,0.06775940132755819,-0.2159194278451082,0.2159194278451082,0.1075093028409119,-0.1084101250041963,215.0186056818239,6
USD,test,37,2024-01-11,2024-02-09,selected_every5,5,0.8118096270821411,0.07049239201733958,0.08859180612074866,-0.08859180612074866,0.0500535032388542,0.1386453093596028,100.1070064777084,6
USD,test,38,2024-02-09,2024-03-11,selected_every5,5,0.766040694927419,0.06651798287134593,0.06430949533489638,-0.06430949533489638,0.103011202965265,0.1673206983001614,206.02240593053,6
USD,test,39,2024-03-11,2024-04-11,selected_every5,5,0.6833775271187434,0.0593398658235525,0.1435586304901211,-0.1435586304901211,0.05007417150983838,0.1936328019999595,100.1483430196767,6
USD,test,40,2024-04-11,2024-05-13,selected_every5,5,0.6723667176559545,0.05838373905116917,0.2939044062599265,-0.2939044062599265,0.102534166162398,0.3964385724223245,205.068332324796,6
USD,test,41,2024-05-13,2024-06-11,selected_every5,5,0.6115127652182082,0.05309948833681985,0.1176222430291602,-0.1176222430291602,0.07264578188463044,0.1902680249137907,145.2915637692609,6
USD,test,42,2024-06-11,2024-07-10,selected_every5,5,0.6675483465346872,0.0579653347748152,0.1620343171337453,-0.1620343171337453,0.1043861192697768,0.266420436403522,208.7722385395535,6
USD,test,43,2024-07-10,2024-08-08,selected_every5,5,0.5876240451351862,0.05102512082316171,-0.2085813358189057,0.2085813358189057,0.1266002462768148,-0.08198108954209093,253.2004925536295,6
USD,test,44,2024-08-08,2024-09-06,selected_every5,5,0.631183352152263,0.05480757950038413,-0.1596225806020186,0.1596225806020186,0.10113599131922,-0.0584865892827986,202.27198263844,6
USD,test,45,2024-09-06,2024-10-07,selected_every5,5,0.5885702797160661,0.0511072866386742,-0.1648492368411048,0.1648492368411048,0.07902687419469633,-0.08582236264640843,158.0537483893926,6
USD,test,46,2024-10-07,2024-11-05,selected_every5,5,0.6311748889412598,0.05480684459857734,0.06721273232607161,-0.06721273232607161,0.05006796980259598,0.1172807021286676,100.135939605192,6
USD,test,47,2024-11-05,2024-12-04,selected_every5,5,0.580326811154535,0.05039146933141765,-0.8132669703056356,0.8132669703056356,0.04962106858305845,-0.7636459017225771,99.24213716611692,6
USD,test,48,2024-12-04,2025-01-07,selected_every5,5,0.8524122763675237,0.0740181991516853,0.4607491113318787,-0.4607491113318787,0.05328391304877203,0.5140330243806507,106.567826097544,6
USD,test,49,2025-01-07,2025-02-05,selected_every5,5,0.8869000073689506,0.07701302091893587,-0.03030796975365391,0.03030796975365391,0.08415569302762269,0.05384772327396878,168.3113860552454,6
USD,test,50,2025-02-05,2025-03-06,selected_every5,5,1.065818827302365,0.09255009336270897,0.008436352698893756,-0.008436352698893756,0.1115367316810848,0.1199730843799785,223.0734633621695,6
USD,test,51,2025-03-06,2025-04-04,selected_every5,5,0.9796602234482563,0.08506814146996126,-0.6514919777480372,0.6514919777480372,0.1132429023916854,-0.5382490753563518,226.4858047833708,6
USD,test,52,2025-04-04,2025-05-08,selected_every5,5,1.111366954421172,0.09650550339273382,-0.4461145060119804,0.4461145060119804,0.1018120327546776,-0.3443024732573028,203.6240655093552,6
USD,test,53,2025-05-08,2025-06-06,selected_every5,5,1.14324954606078,0.09927421375858224,0.2541693529036024,-0.2541693529036024,0.119059877676419,0.3732292305800214,238.119755352838,6
USD,test,54,2025-06-06,2025-07-07,selected_every5,5,1.133106206594476,0.09839335615462566,0.04834048035661453,-0.04834048035661453,0.1018804511031154,0.15022093145973,203.7609022062308,6
USD,test,55,2025-07-07,2025-08-05,selected_every5,5,1.063215103441607,0.09232398629637677,0.4929427890059891,-0.4929427890059891,0.05024730446349088,0.54319009346948,100.4946089269818,6
USD,test,56,2025-08-05,2025-09-03,selected_every5,5,0.9519922437141872,0.08266549524781096,0.4066299194670506,-0.4066299194670506,0.09650444243173553,0.5031343618987861,193.0088848634711,6
USD,test,57,2025-09-03,2025-10-02,selected_every5,5,0.8987987499012888,0.07804627901612925,0.2618990227826288,-0.2618990227826288,0.09915361926448871,0.3610526420471175,198.3072385289774,6
USD,test,58,2025-10-02,2025-10-31,selected_every5,5,0.7655642233875213,0.06647660791711983,0.0294944826590384,-0.0294944826590384,0.05222574010463757,0.08172022276367596,104.4514802092751,6
USD,test,59,2025-10-31,2025-12-01,selected_every5,5,0.6421036743993653,0.05575584475313858,-0.1033673334303984,0.1033673334303984,0.1030369847206539,-0.0003303487097445212,206.0739694413077,6
USD,test,0,2021-01-04,2021-02-02,selected_threshold,5,0.6681443424280076,0.05801708819289545,-0.02888779000820252,0.02888779000820252,0.05002093202136195,0.02113314201315943,100.0418640427239,5
USD,test,1,2021-02-02,2021-03-03,selected_threshold,5,0.6792940716857601,0.05898527767837256,-0.08608356159462005,0.08608356159462005,0.1280540124452914,0.04197045085067136,256.1080248905828,11
USD,test,2,2021-03-03,2021-04-01,selected_threshold,5,0.6628212085918079,0.05755485295627025,-0.1529290339539942,0.1529290339539942,0.0649592459044642,-0.08796978804952996,129.9184918089285,8
USD,test,3,2021-04-01,2021-05-04,selected_threshold,5,0.6563984366458513,0.05699713079726621,-0.1354480341944111,0.1354480341944111,0.09292058229871784,-0.04252745189569325,185.8411645974357,5
USD,test,4,2021-05-04,2021-06-02,selected_threshold,5,0.6341192291049964,0.05506251602401351,-0.2257291103584294,0.2257291103584294,0.1076339253894015,-0.1180951849690278,215.267850778803,6
USD,test,5,2021-06-02,2021-07-01,selected_threshold,5,0.623960086693387,0.05418034842440794,-0.329884101318985,0.329884101318985,0.06341550047888066,-0.2664686008401044,126.8310009577613,6
USD,test,6,2021-07-01,2021-07-30,selected_threshold,5,0.6769316023813658,0.05878013197907675,0.3278052716478754,-0.3278052716478754,0.07488850169415062,0.4026937733420261,149.7770033883013,6
USD,test,7,2021-07-30,2021-08-30,selected_threshold,5,0.63573398384586,0.05520273309033288,0.1329358131061023,-0.1329358131061023,0.05006187695567656,0.1829976900617788,100.1237539113531,6
USD,test,8,2021-08-30,2021-09-28,selected_threshold,5,0.5594769716590804,0.04858098674087603,0.05215050771982854,-0.05215050771982854,0.07568675883515984,0.1278372665549884,151.3735176703197,8
USD,test,9,2021-09-28,2021-10-27,selected_threshold,5,0.4408042783317541,0.03827617816919258,-0.2456863903594853,0.2456863903594853,0.08621377160001416,-0.1594726187594711,172.4275432000283,8
USD,test,10,2021-10-27,2021-11-25,selected_threshold,5,0.4646137308516245,0.04034363742120493,-0.4278076453831101,0.4278076453831101,0.06652206693878188,-0.3612855784443282,133.0441338775638,6
USD,test,11,2021-11-25,2021-12-24,selected_threshold,5,0.575067256928385,0.0499347589558905,-0.1508253531219168,0.1508253531219168,0.1397174400182608,-0.01110791310365603,279.4348800365215,11
USD,test,12,2021-12-24,2022-01-24,selected_threshold,5,0.6320966613366394,0.05488688658607589,0.02861565091147611,-0.02861565091147611,0.1133959264304821,0.1420115773419582,226.7918528609643,8
USD,test,13,2022-01-24,2022-02-22,selected_threshold,5,0.6579838977263535,0.05713480446260222,-0.3225622214598332,0.3225622214598332,0.1310879934152547,-0.1914742280445784,262.1759868305094,9
USD,test,14,2022-02-22,2022-03-23,selected_threshold,5,0.764341731852177,0.06637045146932263,-0.3984403659954503,0.3984403659954503,0.04983596997355048,-0.3486043960218998,99.67193994710098,5
USD,test,15,2022-03-23,2022-04-25,selected_threshold,5,0.9352940444607611,0.08121545328131975,0.1473597232478709,-0.1473597232478709,0.06646728037226438,0.2138270036201353,132.9345607445287,8
USD,test,16,2022-04-25,2022-05-24,selected_threshold,5,1.005643048807286,0.08732446070144578,0.00719061604729232,-0.00719061604729232,0.04998077571978629,0.05717139176707861,99.9615514395726,6
USD,test,17,2022-05-24,2022-06-22,selected_threshold,5,1.032471746370248,0.08965424424227741,-0.05865362201045787,0.05865362201045787,0.06708346052376367,0.008429838513305796,134.1669210475273,6
USD,test,18,2022-06-22,2022-07-21,selected_threshold,5,0.9961419658600121,0.08649939631914288,-0.107124926678547,0.107124926678547,0.04998439225873838,-0.05714053441980863,99.96878451747676,5
USD,test,19,2022-07-21,2022-08-19,selected_threshold,5,1.117148091751289,0.09700754093564046,-0.06432176397496647,0.06432176397496647,0.1047431930048724,0.04042142902990598,209.4863860097449,9
USD,test,20,2022-08-19,2022-09-19,selected_threshold,5,1.103863675471885,0.09585391476127696,-0.2519276314637224,0.2519276314637224,0.1158104745881283,-0.1361171568755942,231.6209491762565,10
USD,test,21,2022-09-19,2022-10-18,selected_threshold,5,1.149157612037669,0.09978727677397796,-0.3325061047180355,0.3325061047180355,0.07430278310740662,-0.2582033216106289,148.6055662148132,8
USD,test,22,2022-10-18,2022-11-16,selected_threshold,5,1.194351764036298,0.1037120054708354,-1.25707320959981,1.25707320959981,0.1679621265971229,-1.089111083002687,335.9242531942458,12
USD,test,23,2022-11-16,2022-12-15,selected_threshold,5,1.561866144357936,0.1356288585937812,0.3614423614731663,-0.3614423614731663,0.1169844215032319,0.4784267829763983,233.9688430064639,7
USD,test,24,2022-12-15,2023-01-16,selected_threshold,5,1.553232084906377,0.1348790017652321,0.2519666632400686,-0.2519666632400686,0.1362718860697144,0.388238549309783,272.5437721394289,8
USD,test,25,2023-01-16,2023-02-14,selected_threshold,5,1.471797174578022,0.1278065622818664,0.3617061631592797,-0.3617061631592797,0.09441179871311624,0.4561179618723959,188.8235974262324,8
USD,test,26,2023-02-14,2023-03-15,selected_threshold,5,1.063317150402838,0.09233284804034186,-0.292591860830747,0.292591860830747,0.08618536286511524,-0.2064064979656317,172.3707257302305,8
USD,test,27,2023-03-15,2023-04-17,selected_threshold,5,1.072891517205107,0.09316428539988957,-0.444175721657416,0.444175721657416,0.1142117529162668,-0.3299639687411492,228.4235058325336,7
USD,test,28,2023-04-17,2023-05-17,selected_threshold,5,1.048185226089551,0.09101879547277311,0.4487556262561578,-0.4487556262561578,0.0743175230021112,0.523073149258269,148.6350460042224,9
USD,test,29,2023-05-17,2023-06-15,selected_threshold,5,0.9495877337814207,0.08245669165407478,0.4439927995588384,-0.4439927995588384,0.07865381437485905,0.5226466139336975,157.3076287497181,7
USD,test,30,2023-06-15,2023-07-14,selected_threshold,5,0.7502464773502027,0.06514647507588577,-0.3319967274029949,0.3319967274029949,0.1197127454084521,-0.2122839819945428,239.4254908169043,8
USD,test,31,2023-07-14,2023-08-14,selected_threshold,5,0.7802356197431877,0.06775061658998699,-0.199004539140538,0.199004539140538,0.06042318416931564,-0.1385813549712223,120.8463683386313,7
USD,test,32,2023-08-14,2023-09-12,selected_threshold,5,0.8229094644333514,0.07145626534151298,0.1051675998605766,-0.1051675998605766,0.06343567559783952,0.1686032754584161,126.871351195679,8
USD,test,33,2023-09-12,2023-10-11,selected_threshold,5,0.8311350917824996,0.07217055262497593,0.1102401367564649,-0.1102401367564649,0.06161677527948192,0.1718569120359469,123.2335505589638,6
USD,test,34,2023-10-11,2023-11-09,selected_threshold,5,0.7113625879175061,0.06176996166858643,-0.3872491616030374,0.3872491616030374,0.1621168472163345,-0.2251323143867028,324.233694432669,12
USD,test,35,2023-11-09,2023-12-08,selected_threshold,5,0.7367577249590482,0.06397516684176008,-0.222484309611616,0.222484309611616,0.09364646054105938,-0.1288378490705566,187.2929210821188,4
USD,test,36,2023-12-08,2024-01-11,selected_threshold,5,0.7803367840865576,0.06775940132755819,-0.081680911683776,0.081680911683776,0.1013404770795489,0.01965956539577285,202.6809541590977,5
USD,test,37,2024-01-11,2024-02-09,selected_threshold,5,0.8118096270821411,0.07049239201733958,0.1406734306021438,-0.1406734306021438,0.05007955707801447,0.1907529876801582,100.1591141560289,5
USD,test,38,2024-02-09,2024-03-11,selected_threshold,5,0.766040694927419,0.06651798287134593,0.1456446223446619,-0.1456446223446619,0.1173635997960701,0.2630082221407321,234.7271995921403,9
USD,test,39,2024-03-11,2024-04-11,selected_threshold,5,0.6833775271187434,0.0593398658235525,-0.1432744391750491,0.1432744391750491,0.08006144624285279,-0.06321299293219633,160.1228924857056,8
USD,test,40,2024-04-11,2024-05-13,selected_threshold,5,0.6723667176559545,0.05838373905116917,0.1645206527781795,-0.1645206527781795,0.1181160392743364,0.2826366920525159,236.2320785486728,7
USD,test,41,2024-05-13,2024-06-11,selected_threshold,5,0.6115127652182082,0.05309948833681985,-0.3570818818286767,0.3570818818286767,0.1192655096982132,-0.2378163721304635,238.5310193964264,9
USD,test,42,2024-06-11,2024-07-10,selected_threshold,5,0.6675483465346872,0.0579653347748152,-0.1198992199839068,0.1198992199839068,0.1439827868781255,0.02408356689421864,287.965573756251,11
USD,test,43,2024-07-10,2024-08-08,selected_threshold,5,0.5876240451351862,0.05102512082316171,-0.372025716252196,0.372025716252196,0.1459147966035172,-0.2261109196486788,291.8295932070345,9
USD,test,44,2024-08-08,2024-09-06,selected_threshold,5,0.631183352152263,0.05480757950038413,-0.1338284433890209,0.1338284433890209,0.09893778632989372,-0.03489065705912717,197.8755726597875,5
USD,test,45,2024-09-06,2024-10-07,selected_threshold,5,0.5885702797160661,0.0511072866386742,-0.3891137390780237,0.3891137390780237,0.1266313964916332,-0.2624823425863905,253.2627929832664,11
USD,test,46,2024-10-07,2024-11-05,selected_threshold,5,0.6311748889412598,0.05480684459857734,0.0372290489757896,-0.0372290489757896,0.05005297046125017,0.08728201943703977,100.1059409225004,6
USD,test,47,2024-11-05,2024-12-04,selected_threshold,5,0.580326811154535,0.05039146933141765,-0.7858903975087705,0.7858903975087705,0.0624991327660438,-0.7233912647427267,124.9982655320876,6
USD,test,48,2024-12-04,2025-01-07,selected_threshold,5,0.8524122763675237,0.0740181991516853,0.09008439467542795,-0.09008439467542795,0.06594490071727434,0.1560292953927023,131.8898014345487,7
USD,test,49,2025-01-07,2025-02-05,selected_threshold,5,0.8869000073689506,0.07701302091893587,-0.7567195696928071,0.7567195696928071,0.1150668242613891,-0.641652745431418,230.1336485227782,9
USD,test,50,2025-02-05,2025-03-06,selected_threshold,5,1.065818827302365,0.09255009336270897,0.03108806951792076,-0.03108806951792076,0.1402830739468028,0.1713711434647235,280.5661478936055,9
USD,test,51,2025-03-06,2025-04-04,selected_threshold,5,0.9796602234482563,0.08506814146996126,-0.8522284508745486,0.8522284508745486,0.1320841165691639,-0.7201443343053846,264.1682331383278,7
USD,test,52,2025-04-04,2025-05-08,selected_threshold,5,1.111366954421172,0.09650550339273382,-0.4507820066772439,0.4507820066772439,0.1066837712702959,-0.3440982354069479,213.3675425405919,6
USD,test,53,2025-05-08,2025-06-06,selected_threshold,5,1.14324954606078,0.09927421375858224,0.1283155935764313,-0.1283155935764313,0.1314774272151613,0.2597930207915926,262.9548544303227,9
USD,test,54,2025-06-06,2025-07-07,selected_threshold,5,1.133106206594476,0.09839335615462566,-0.08716739938385842,0.08716739938385842,0.1090482533773456,0.02188085399348717,218.0965067546912,6
USD,test,55,2025-07-07,2025-08-05,selected_threshold,5,1.063215103441607,0.09232398629637677,0.1566224233509397,-0.1566224233509397,0.07830743618439046,0.2349298595353301,156.6148723687809,8
USD,test,56,2025-08-05,2025-09-03,selected_threshold,5,0.9519922437141872,0.08266549524781096,0.001876664258688265,-0.001876664258688265,0.1288970908899203,0.1307737551486086,257.7941817798406,9
USD,test,57,2025-09-03,2025-10-02,selected_threshold,5,0.8987987499012888,0.07804627901612925,0.2145515539976941,-0.2145515539976941,0.1123924689251557,0.3269440229228498,224.7849378503114,7
USD,test,58,2025-10-02,2025-10-31,selected_threshold,5,0.7655642233875213,0.06647660791711983,0.05327083101811247,-0.05327083101811247,0.06540190154619545,0.1186727325643079,130.8038030923909,8
USD,test,59,2025-10-31,2025-12-01,selected_threshold,5,0.6421036743993653,0.05575584475313858,-0.0723489107873263,0.0723489107873263,0.110166409425991,0.03781749863866471,220.332818851982,8
USD,test,0,2021-01-04,2021-02-02,frozen_rolling63_daily,10,0.6681443424280076,0.05801708819289545,-0.1530169012083082,0.1530169012083082,0.1531796983981427,0.000162797189834557,153.1796983981428,22
USD,test,1,2021-02-02,2021-03-03,frozen_rolling63_daily,10,0.6792940716857601,0.05898527767837256,-0.1344142525712826,0.1344142525712826,0.2771155881484391,0.1427013355771565,277.115588148439,22
USD,test,2,2021-03-03,2021-04-01,frozen_rolling63_daily,10,0.6628212085918079,0.05755485295627025,-0.1647608062654725,0.1647608062654725,0.1432568637692555,-0.02150394249621704,143.2568637692555,22
USD,test,3,2021-04-01,2021-05-04,frozen_rolling63_daily,10,0.6563984366458513,0.05699713079726621,-0.2230481727216329,0.2230481727216329,0.2082150514381937,-0.01483312128343922,208.2150514381937,22
USD,test,4,2021-05-04,2021-06-02,frozen_rolling63_daily,10,0.6341192291049964,0.05506251602401351,-0.3207263037902379,0.3207263037902379,0.2506855161256148,-0.07004078766462307,250.6855161256148,22
USD,test,5,2021-06-02,2021-07-01,frozen_rolling63_daily,10,0.623960086693387,0.05418034842440794,-0.3491537784732482,0.3491537784732482,0.1419443985252762,-0.207209379947972,141.9443985252761,22
USD,test,6,2021-07-01,2021-07-30,frozen_rolling63_daily,10,0.6769316023813658,0.05878013197907675,0.1516133761707366,-0.1516133761707366,0.1976564083621661,0.3492697845329027,197.6564083621661,22
USD,test,7,2021-07-30,2021-08-30,frozen_rolling63_daily,10,0.63573398384586,0.05520273309033288,0.001924579835107604,-0.001924579835107604,0.1159172537599803,0.1178418335950879,115.9172537599802,22
USD,test,8,2021-08-30,2021-09-28,frozen_rolling63_daily,10,0.5594769716590804,0.04858098674087603,-0.163976319246402,0.163976319246402,0.2095277719747748,0.04555145272837274,209.5277719747748,22
USD,test,9,2021-09-28,2021-10-27,frozen_rolling63_daily,10,0.4408042783317541,0.03827617816919258,-0.2644547564381383,0.2644547564381383,0.2056042774839298,-0.05885047895420856,205.6042774839297,22
USD,test,10,2021-10-27,2021-11-25,frozen_rolling63_daily,10,0.4646137308516245,0.04034363742120493,-0.3745084545071601,0.3745084545071601,0.1815658446914815,-0.1929426098156786,181.5658446914816,21
USD,test,11,2021-11-25,2021-12-24,frozen_rolling63_daily,10,0.575067256928385,0.0499347589558905,-0.4534915057428606,0.4534915057428606,0.3419713088819951,-0.1115201968608655,341.971308881995,22
USD,test,12,2021-12-24,2022-01-24,frozen_rolling63_daily,10,0.6320966613366394,0.05488688658607589,-0.1465948504208825,0.1465948504208825,0.2844363000535747,0.1378414496326922,284.4363000535748,22
USD,test,13,2022-01-24,2022-02-22,frozen_rolling63_daily,10,0.6579838977263535,0.05713480446260222,-0.7511855628643218,0.7511855628643218,0.3395914861191893,-0.4115940767451325,339.5914861191893,22
USD,test,14,2022-02-22,2022-03-23,frozen_rolling63_daily,10,0.764341731852177,0.06637045146932263,-0.4014733434924303,0.4014733434924303,0.1213401843971491,-0.2801331590952811,121.3401843971492,22
USD,test,15,2022-03-23,2022-04-25,frozen_rolling63_daily,10,0.9352940444607611,0.08121545328131975,-0.1208109943341172,0.1208109943341172,0.2002121974957912,0.07940120316167398,200.2121974957913,22
USD,test,16,2022-04-25,2022-05-24,frozen_rolling63_daily,10,1.005643048807286,0.08732446070144578,-0.0937652119080683,0.0937652119080683,0.1439908072252981,0.05022559531722975,143.9908072252981,22
USD,test,17,2022-05-24,2022-06-22,frozen_rolling63_daily,10,1.032471746370248,0.08965424424227741,-0.3094538631921819,0.3094538631921819,0.1805522176247178,-0.1289016455674642,180.5522176247178,22
USD,test,18,2022-06-22,2022-07-21,frozen_rolling63_daily,10,0.9961419658600121,0.08649939631914288,-0.3771567109577671,0.3771567109577671,0.1455072638713142,-0.2316494470864529,145.5072638713142,22
USD,test,19,2022-07-21,2022-08-19,frozen_rolling63_daily,10,1.117148091751289,0.09700754093564046,-0.2575820574238676,0.2575820574238676,0.262174001862006,0.004591944438138318,262.174001862006,22
USD,test,20,2022-08-19,2022-09-19,frozen_rolling63_daily,10,1.103863675471885,0.09585391476127696,-0.5177738846390074,0.5177738846390074,0.2742602801283798,-0.2435136045106276,274.2602801283799,22
USD,test,21,2022-09-19,2022-10-18,frozen_rolling63_daily,10,1.149157612037669,0.09978727677397796,-0.3249940447933704,0.3249940447933704,0.1619496826041043,-0.163044362189266,161.9496826041043,22
USD,test,22,2022-10-18,2022-11-16,frozen_rolling63_daily,10,1.194351764036298,0.1037120054708354,-1.375489298885071,1.375489298885071,0.3713567729626233,-1.004132525922448,371.3567729626233,22
USD,test,23,2022-11-16,2022-12-15,frozen_rolling63_daily,10,1.561866144357936,0.1356288585937812,0.1553902895899313,-0.1553902895899313,0.2959296897119323,0.4513199793018636,295.9296897119323,22
USD,test,24,2022-12-15,2023-01-16,frozen_rolling63_daily,10,1.553232084906377,0.1348790017652321,0.1565269179264277,-0.1565269179264277,0.2813082611014597,0.4378351790278874,281.3082611014597,22
USD,test,25,2023-01-16,2023-02-14,frozen_rolling63_daily,10,1.471797174578022,0.1278065622818664,0.3662724739955436,-0.3662724739955436,0.2086671504143004,0.574939624409844,208.6671504143004,22
USD,test,26,2023-02-14,2023-03-15,frozen_rolling63_daily,10,1.063317150402838,0.09233284804034186,-0.5791802618953596,0.5791802618953596,0.2240103650836303,-0.3551698968117293,224.0103650836303,22
USD,test,27,2023-03-15,2023-04-17,frozen_rolling63_daily,10,1.072891517205107,0.09316428539988957,-0.2285986156184094,0.2285986156184094,0.2279779512873583,-0.000620664331051124,227.9779512873583,22
USD,test,28,2023-04-17,2023-05-17,frozen_rolling63_daily,10,1.048185226089551,0.09101879547277311,0.2467481257662172,-0.2467481257662172,0.1907890018907646,0.4375371276569818,190.7890018907647,22
USD,test,29,2023-05-17,2023-06-15,frozen_rolling63_daily,10,0.9495877337814207,0.08245669165407478,0.3672243532899202,-0.3672243532899202,0.2010145157396287,0.5682388690295489,201.0145157396287,22
USD,test,30,2023-06-15,2023-07-14,frozen_rolling63_daily,10,0.7502464773502027,0.06514647507588577,-0.4360358747239133,0.4360358747239133,0.2995170996269467,-0.1365187750969665,299.5170996269467,22
USD,test,31,2023-07-14,2023-08-14,frozen_rolling63_daily,10,0.7802356197431877,0.06775061658998699,-0.1770841967097512,0.1770841967097512,0.1365822473071553,-0.04050194940259591,136.5822473071553,22
USD,test,32,2023-08-14,2023-09-12,frozen_rolling63_daily,10,0.8229094644333514,0.07145626534151298,-0.05917562850934608,0.05917562850934608,0.1624664585309538,0.1032908300216077,162.4664585309538,22
USD,test,33,2023-09-12,2023-10-11,frozen_rolling63_daily,10,0.8311350917824996,0.07217055262497593,-0.08561287177931093,0.08561287177931093,0.1510767005039988,0.06546382872468787,151.0767005039988,22
USD,test,34,2023-10-11,2023-11-09,frozen_rolling63_daily,10,0.7113625879175061,0.06176996166858643,-0.6440432873628481,0.6440432873628481,0.3633197354892668,-0.2807235518735813,363.3197354892669,22
USD,test,35,2023-11-09,2023-12-08,frozen_rolling63_daily,10,0.7367577249590482,0.06397516684176008,-0.3066709446423914,0.3066709446423914,0.2297928309496597,-0.07687811369273176,229.7928309496597,22
USD,test,36,2023-12-08,2024-01-11,frozen_rolling63_daily,10,0.7803367840865576,0.06775940132755819,-0.31105283679031,0.31105283679031,0.2499781172916719,-0.06107471949863813,249.978117291672,22
USD,test,37,2024-01-11,2024-02-09,frozen_rolling63_daily,10,0.8118096270821411,0.07049239201733958,-0.08487865129387782,0.08487865129387782,0.1389629916634511,0.05408434036957323,138.962991663451,22
USD,test,38,2024-02-09,2024-03-11,frozen_rolling63_daily,10,0.766040694927419,0.06651798287134593,-0.01109794849433854,0.01109794849433854,0.2680669455981722,0.2569689971038337,268.0669455981722,22
USD,test,39,2024-03-11,2024-04-11,frozen_rolling63_daily,10,0.6833775271187434,0.0593398658235525,-0.1906276883770364,0.1906276883770364,0.2003162568097761,0.009688568432739769,200.3162568097761,22
USD,test,40,2024-04-11,2024-05-13,frozen_rolling63_daily,10,0.6723667176559545,0.05838373905116917,-0.1080910613670625,0.1080910613670625,0.3055308917339795,0.197439830366917,305.5308917339795,22
USD,test,41,2024-05-13,2024-06-11,frozen_rolling63_daily,10,0.6115127652182082,0.05309948833681985,-0.4732449312866063,0.4732449312866063,0.2738763448980439,-0.1993685863885624,273.876344898044,22
USD,test,42,2024-06-11,2024-07-10,frozen_rolling63_daily,10,0.6675483465346872,0.0579653347748152,-0.2083947447108301,0.2083947447108301,0.3153207636557495,0.1069260189449194,315.3207636557494,22
USD,test,43,2024-07-10,2024-08-08,frozen_rolling63_daily,10,0.5876240451351862,0.05102512082316171,-0.513478146257242,0.513478146257242,0.3194316576096631,-0.1940464886475788,319.431657609663,22
USD,test,44,2024-08-08,2024-09-06,frozen_rolling63_daily,10,0.631183352152263,0.05480757950038413,-0.2093177980826937,0.2093177980826937,0.2289835300757421,0.01966573199304844,228.9835300757421,22
USD,test,45,2024-09-06,2024-10-07,frozen_rolling63_daily,10,0.5885702797160661,0.0511072866386742,-0.441159545902766,0.441159545902766,0.2838000957676423,-0.1573594501351237,283.8000957676422,22
USD,test,46,2024-10-07,2024-11-05,frozen_rolling63_daily,10,0.6311748889412598,0.05480684459857734,0.007464945970604209,-0.007464945970604209,0.1195014589299771,0.1269664049005813,119.5014589299771,22
USD,test,47,2024-11-05,2024-12-04,frozen_rolling63_daily,10,0.580326811154535,0.05039146933141765,-0.6782022279423606,0.6782022279423606,0.1271347759428924,-0.5510674519994683,127.1347759428924,22
USD,test,48,2024-12-04,2025-01-07,frozen_rolling63_daily,10,0.8524122763675237,0.0740181991516853,-0.05974508948871105,0.05974508948871105,0.18196794554896,0.1222228560602489,181.9679455489599,22
USD,test,49,2025-01-07,2025-02-05,frozen_rolling63_daily,10,0.8869000073689506,0.07701302091893587,-0.7665235871458727,0.7665235871458727,0.2916070419699223,-0.4749165451759503,291.6070419699224,22
USD,test,50,2025-02-05,2025-03-06,frozen_rolling63_daily,10,1.065818827302365,0.09255009336270897,-0.07003995209008451,0.07003995209008451,0.2976256942153084,0.2275857421252239,297.6256942153084,22
USD,test,51,2025-03-06,2025-04-04,frozen_rolling63_daily,10,0.9796602234482563,0.08506814146996126,-0.8309382049231147,0.8309382049231147,0.302756173605325,-0.5281820313177896,302.756173605325,22
USD,test,52,2025-04-04,2025-05-08,frozen_rolling63_daily,10,1.111366954421172,0.09650550339273382,-0.5440572457107038,0.5440572457107038,0.2445936474824554,-0.2994635982282484,244.5936474824554,22
USD,test,53,2025-05-08,2025-06-06,frozen_rolling63_daily,10,1.14324954606078,0.09927421375858224,-0.01196112195964361,0.01196112195964361,0.3085491316317694,0.2965880096721258,308.5491316317693,22
USD,test,54,2025-06-06,2025-07-07,frozen_rolling63_daily,10,1.133106206594476,0.09839335615462566,-0.2624863300591187,0.2624863300591187,0.2590746789951157,-0.003411651064002985,259.0746789951157,22
USD,test,55,2025-07-07,2025-08-05,frozen_rolling63_daily,10,1.063215103441607,0.09232398629637677,0.07323207158623057,-0.07323207158623057,0.1632827440616855,0.2365148156479161,163.2827440616855,22
USD,test,56,2025-08-05,2025-09-03,frozen_rolling63_daily,10,0.9519922437141872,0.08266549524781096,-0.1084574244322027,0.1084574244322027,0.2760524395275574,0.1675950150953547,276.0524395275575,22
USD,test,57,2025-09-03,2025-10-02,frozen_rolling63_daily,10,0.8987987499012888,0.07804627901612925,0.0220514510842662,-0.0220514510842662,0.2806991609078324,0.3027506119920986,280.6991609078324,22
USD,test,58,2025-10-02,2025-10-31,frozen_rolling63_daily,10,0.7655642233875213,0.06647660791711983,0.02166390459334108,-0.02166390459334108,0.1449592591471416,0.1666231637404827,144.9592591471416,22
USD,test,59,2025-10-31,2025-12-01,frozen_rolling63_daily,10,0.6421036743993653,0.05575584475313858,-0.1618251640630746,0.1618251640630746,0.2517054101686496,0.08988024610557499,251.7054101686495,22
USD,test,0,2021-01-04,2021-02-02,rolling63_daily,10,0.6681443424280076,0.05801708819289545,-0.1624012307583342,0.1624012307583342,0.1547801827312049,-0.007621048027129373,154.7801827312048,22
USD,test,1,2021-02-02,2021-03-03,rolling63_daily,10,0.6792940716857601,0.05898527767837256,-0.1438738091042993,0.1438738091042993,0.2838580582331828,0.1399842491288836,283.8580582331829,22
USD,test,2,2021-03-03,2021-04-01,rolling63_daily,10,0.6628212085918079,0.05755485295627025,-0.1627927309800592,0.1627927309800592,0.1424889186451859,-0.0203038123348733,142.4889186451859,22
USD,test,3,2021-04-01,2021-05-04,rolling63_daily,10,0.6563984366458513,0.05699713079726621,-0.2182717049386582,0.2182717049386582,0.2074272788291446,-0.01084442610951358,207.4272788291446,22
USD,test,4,2021-05-04,2021-06-02,rolling63_daily,10,0.6341192291049964,0.05506251602401351,-0.3209507997538594,0.3209507997538594,0.2489915141326461,-0.07195928562121334,248.9915141326462,22
USD,test,5,2021-06-02,2021-07-01,rolling63_daily,10,0.623960086693387,0.05418034842440794,-0.3392350433025221,0.3392350433025221,0.1436750334094328,-0.1955600098930893,143.6750334094328,22
USD,test,6,2021-07-01,2021-07-30,rolling63_daily,10,0.6769316023813658,0.05878013197907675,0.1398911658415685,-0.1398911658415685,0.1988929525560798,0.3387841183976483,198.8929525560798,22
USD,test,7,2021-07-30,2021-08-30,rolling63_daily,10,0.63573398384586,0.05520273309033288,0.01958010247745246,-0.01958010247745246,0.1131479592352131,0.1327280617126655,113.1479592352131,22
USD,test,8,2021-08-30,2021-09-28,rolling63_daily,10,0.5594769716590804,0.04858098674087603,-0.1779679318452804,0.1779679318452804,0.2192274519272217,0.04125952008194123,219.2274519272216,22
USD,test,9,2021-09-28,2021-10-27,rolling63_daily,10,0.4408042783317541,0.03827617816919258,-0.2561829404455644,0.2561829404455644,0.2047068973230189,-0.05147604312254556,204.7068973230189,22
USD,test,10,2021-10-27,2021-11-25,rolling63_daily,10,0.4646137308516245,0.04034363742120493,-0.3962043840271487,0.3962043840271487,0.1798686362697827,-0.216335747757366,179.8686362697827,21
USD,test,11,2021-11-25,2021-12-24,rolling63_daily,10,0.575067256928385,0.0499347589558905,-0.4379606917080281,0.4379606917080281,0.337555234072619,-0.1004054576354091,337.555234072619,22
USD,test,12,2021-12-24,2022-01-24,rolling63_daily,10,0.6320966613366394,0.05488688658607589,-0.1404579922031672,0.1404579922031672,0.2844408720772444,0.1439828798740772,284.4408720772443,22
USD,test,13,2022-01-24,2022-02-22,rolling63_daily,10,0.6579838977263535,0.05713480446260222,-0.6568942403877003,0.6568942403877003,0.3200838554837221,-0.3368103849039782,320.0838554837221,22
USD,test,14,2022-02-22,2022-03-23,rolling63_daily,10,0.764341731852177,0.06637045146932263,-0.4536655487930721,0.4536655487930721,0.1256995161938791,-0.327966032599193,125.6995161938791,22
USD,test,15,2022-03-23,2022-04-25,rolling63_daily,10,0.9352940444607611,0.08121545328131975,-0.124905674027058,0.124905674027058,0.1993355602756102,0.07442988624855226,199.3355602756102,22
USD,test,16,2022-04-25,2022-05-24,rolling63_daily,10,1.005643048807286,0.08732446070144578,-0.07087615172550077,0.07087615172550077,0.144226537219822,0.07335038549432124,144.2265372198221,22
USD,test,17,2022-05-24,2022-06-22,rolling63_daily,10,1.032471746370248,0.08965424424227741,-0.3140856330426468,0.3140856330426468,0.1856862504230583,-0.1283993826195885,185.6862504230583,22
USD,test,18,2022-06-22,2022-07-21,rolling63_daily,10,0.9961419658600121,0.08649939631914288,-0.4061202503012767,0.4061202503012767,0.1451933576953684,-0.2609268926059083,145.1933576953684,22
USD,test,19,2022-07-21,2022-08-19,rolling63_daily,10,1.117148091751289,0.09700754093564046,-0.2654337324323208,0.2654337324323208,0.2640546212353626,-0.001379111196958216,264.0546212353626,22
USD,test,20,2022-08-19,2022-09-19,rolling63_daily,10,1.103863675471885,0.09585391476127696,-0.5451014337556721,0.5451014337556721,0.2772371435543038,-0.2678642902013683,277.2371435543038,22
USD,test,21,2022-09-19,2022-10-18,rolling63_daily,10,1.149157612037669,0.09978727677397796,-0.3384737236686201,0.3384737236686201,0.162021889839234,-0.1764518338293861,162.021889839234,22
USD,test,22,2022-10-18,2022-11-16,rolling63_daily,10,1.194351764036298,0.1037120054708354,-1.436998287714005,1.436998287714005,0.3655817344303908,-1.071416553283614,365.5817344303907,22
USD,test,23,2022-11-16,2022-12-15,rolling63_daily,10,1.561866144357936,0.1356288585937812,0.1679600121259313,-0.1679600121259313,0.2934628674198091,0.4614228795457404,293.4628674198091,22
USD,test,24,2022-12-15,2023-01-16,rolling63_daily,10,1.553232084906377,0.1348790017652321,0.1167898657363224,-0.1167898657363224,0.2882978186308406,0.405087684367163,288.2978186308406,22
USD,test,25,2023-01-16,2023-02-14,rolling63_daily,10,1.471797174578022,0.1278065622818664,0.3120723030291366,-0.3120723030291366,0.2110653946618523,0.5231376976909888,211.0653946618522,22
USD,test,26,2023-02-14,2023-03-15,rolling63_daily,10,1.063317150402838,0.09233284804034186,-0.5809653232997576,0.5809653232997576,0.227047334906445,-0.3539179883933126,227.047334906445,22
USD,test,27,2023-03-15,2023-04-17,rolling63_daily,10,1.072891517205107,0.09316428539988957,-0.2521979155475123,0.2521979155475123,0.2295684843940871,-0.02262943115342514,229.5684843940871,22
USD,test,28,2023-04-17,2023-05-17,rolling63_daily,10,1.048185226089551,0.09101879547277311,0.2595251339713145,-0.2595251339713145,0.1910834699167858,0.4506086038881003,191.0834699167859,22
USD,test,29,2023-05-17,2023-06-15,rolling63_daily,10,0.9495877337814207,0.08245669165407478,0.3536665494199198,-0.3536665494199198,0.2002549336777584,0.5539214830976782,200.2549336777583,22
USD,test,30,2023-06-15,2023-07-14,rolling63_daily,10,0.7502464773502027,0.06514647507588577,-0.4245221311374507,0.4245221311374507,0.2978909811318107,-0.1266311500056401,297.8909811318107,22
USD,test,31,2023-07-14,2023-08-14,rolling63_daily,10,0.7802356197431877,0.06775061658998699,-0.1847270388587831,0.1847270388587831,0.1359153611326901,-0.04881167772609302,135.9153611326901,22
USD,test,32,2023-08-14,2023-09-12,rolling63_daily,10,0.8229094644333514,0.07145626534151298,-0.05782133662641585,0.05782133662641585,0.1625193436674146,0.1046980070409987,162.5193436674146,22
USD,test,33,2023-09-12,2023-10-11,rolling63_daily,10,0.8311350917824996,0.07217055262497593,-0.06880562133815957,0.06880562133815957,0.1527102110915216,0.08390458975336207,152.7102110915216,22
USD,test,34,2023-10-11,2023-11-09,rolling63_daily,10,0.7113625879175061,0.06176996166858643,-0.6579941134942402,0.6579941134942402,0.36460303280126,-0.2933910806929802,364.60303280126,22
USD,test,35,2023-11-09,2023-12-08,rolling63_daily,10,0.7367577249590482,0.06397516684176008,-0.3146591647171988,0.3146591647171988,0.2308154274972802,-0.08384373721991856,230.8154274972803,22
USD,test,36,2023-12-08,2024-01-11,rolling63_daily,10,0.7803367840865576,0.06775940132755819,-0.3212988027425183,0.3212988027425183,0.2519777435146442,-0.06932105922787407,251.9777435146442,22
USD,test,37,2024-01-11,2024-02-09,rolling63_daily,10,0.8118096270821411,0.07049239201733958,-0.0477258433017896,0.0477258433017896,0.1350562714150216,0.08733042811323204,135.0562714150216,22
USD,test,38,2024-02-09,2024-03-11,rolling63_daily,10,0.766040694927419,0.06651798287134593,0.001730721653487421,-0.001730721653487421,0.2700078249474837,0.2717385466009711,270.0078249474838,22
USD,test,39,2024-03-11,2024-04-11,rolling63_daily,10,0.6833775271187434,0.0593398658235525,-0.1822676697116425,0.1822676697116425,0.2015924675196533,0.0193247978080108,201.5924675196534,22
USD,test,40,2024-04-11,2024-05-13,rolling63_daily,10,0.6723667176559545,0.05838373905116917,-0.1101155533390568,0.1101155533390568,0.3084940139032951,0.1983784605642383,308.4940139032951,22
USD,test,41,2024-05-13,2024-06-11,rolling63_daily,10,0.6115127652182082,0.05309948833681985,-0.4833410258821971,0.4833410258821971,0.2758567667684775,-0.2074842591137195,275.8567667684775,22
USD,test,42,2024-06-11,2024-07-10,rolling63_daily,10,0.6675483465346872,0.0579653347748152,-0.1991529868415824,0.1991529868415824,0.3129620513113988,0.1138090644698163,312.9620513113987,22
USD,test,43,2024-07-10,2024-08-08,rolling63_daily,10,0.5876240451351862,0.05102512082316171,-0.5239422783688354,0.5239422783688354,0.3248766613858776,-0.1990656169829578,324.8766613858776,22
USD,test,44,2024-08-08,2024-09-06,rolling63_daily,10,0.631183352152263,0.05480757950038413,-0.2166456872455598,0.2166456872455598,0.2298996236066964,0.01325393636113659,229.8996236066964,22
USD,test,45,2024-09-06,2024-10-07,rolling63_daily,10,0.5885702797160661,0.0511072866386742,-0.4555480413475039,0.4555480413475039,0.2851705276780136,-0.1703775136694903,285.1705276780136,22
USD,test,46,2024-10-07,2024-11-05,rolling63_daily,10,0.6311748889412598,0.05480684459857734,0.01253392601891212,-0.01253392601891212,0.1169718401115019,0.129505766130414,116.9718401115019,22
USD,test,47,2024-11-05,2024-12-04,rolling63_daily,10,0.580326811154535,0.05039146933141765,-0.7666763367081458,0.7666763367081458,0.1304064911785255,-0.6362698455296204,130.4064911785254,22
USD,test,48,2024-12-04,2025-01-07,rolling63_daily,10,0.8524122763675237,0.0740181991516853,-0.06088396987330746,0.06088396987330746,0.1839691963395404,0.1230852264662329,183.9691963395403,22
USD,test,49,2025-01-07,2025-02-05,rolling63_daily,10,0.8869000073689506,0.07701302091893587,-0.6567723093737818,0.6567723093737818,0.2818181108883015,-0.3749541984854803,281.8181108883015,22
USD,test,50,2025-02-05,2025-03-06,rolling63_daily,10,1.065818827302365,0.09255009336270897,-0.06865460904479903,0.06865460904479903,0.3115995722549476,0.2429449632101486,311.5995722549476,22
USD,test,51,2025-03-06,2025-04-04,rolling63_daily,10,0.9796602234482563,0.08506814146996126,-0.8263745364336614,0.8263745364336614,0.3019549381636892,-0.5244195982699722,301.9549381636892,22
USD,test,52,2025-04-04,2025-05-08,rolling63_daily,10,1.111366954421172,0.09650550339273382,-0.5517212447816036,0.5517212447816036,0.2457046588642913,-0.3060165859173123,245.7046588642912,22
USD,test,53,2025-05-08,2025-06-06,rolling63_daily,10,1.14324954606078,0.09927421375858224,0.00342168144774746,-0.00342168144774746,0.3044428949578951,0.3078645764056426,304.4428949578951,22
USD,test,54,2025-06-06,2025-07-07,rolling63_daily,10,1.133106206594476,0.09839335615462566,-0.2781438712831914,0.2781438712831914,0.2581899578336232,-0.01995391344956821,258.1899578336232,22
USD,test,55,2025-07-07,2025-08-05,rolling63_daily,10,1.063215103441607,0.09232398629637677,0.1079544608673952,-0.1079544608673952,0.1723296670028757,0.2802841278702709,172.3296670028757,22
USD,test,56,2025-08-05,2025-09-03,rolling63_daily,10,0.9519922437141872,0.08266549524781096,-0.1160864274151976,0.1160864274151976,0.2786676862998969,0.1625812588846993,278.6676862998968,22
USD,test,57,2025-09-03,2025-10-02,rolling63_daily,10,0.8987987499012888,0.07804627901612925,-0.006143587150702956,0.006143587150702956,0.2929818508706233,0.2868382637199203,292.9818508706232,22
USD,test,58,2025-10-02,2025-10-31,rolling63_daily,10,0.7655642233875213,0.06647660791711983,0.02761094892934337,-0.02761094892934337,0.1433563038161023,0.1709672527454457,143.3563038161023,22
USD,test,59,2025-10-31,2025-12-01,rolling63_daily,10,0.6421036743993653,0.05575584475313858,-0.169330029733004,0.169330029733004,0.2619100160897035,0.09257998635669951,261.9100160897035,22
USD,test,0,2021-01-04,2021-02-02,ewma_daily,10,0.6681443424280076,0.05801708819289545,-0.1574717055961506,0.1574717055961506,0.1541394265333095,-0.003332279062841115,154.1394265333095,22
USD,test,1,2021-02-02,2021-03-03,ewma_daily,10,0.6792940716857601,0.05898527767837256,-0.136608795166822,0.136608795166822,0.2827183497999569,0.1461095546331349,282.7183497999569,22
USD,test,2,2021-03-03,2021-04-01,ewma_daily,10,0.6628212085918079,0.05755485295627025,-0.1688983873941458,0.1688983873941458,0.1417066571004161,-0.02719173029372968,141.706657100416,22
USD,test,3,2021-04-01,2021-05-04,ewma_daily,10,0.6563984366458513,0.05699713079726621,-0.2145639283620113,0.2145639283620113,0.2066545707811797,-0.007909357580831583,206.6545707811797,22
USD,test,4,2021-05-04,2021-06-02,ewma_daily,10,0.6341192291049964,0.05506251602401351,-0.3151884564950365,0.3151884564950365,0.2501175763328856,-0.0650708801621509,250.1175763328856,22
USD,test,5,2021-06-02,2021-07-01,ewma_daily,10,0.623960086693387,0.05418034842440794,-0.347518366091507,0.347518366091507,0.1422808702659038,-0.2052374958256032,142.2808702659038,22
USD,test,6,2021-07-01,2021-07-30,ewma_daily,10,0.6769316023813658,0.05878013197907675,0.1234820879098137,-0.1234820879098137,0.1992405175115924,0.3227226054214062,199.2405175115924,22
USD,test,7,2021-07-30,2021-08-30,ewma_daily,10,0.63573398384586,0.05520273309033288,0.04009715132714707,-0.04009715132714707,0.112113152596433,0.1522103039235801,112.113152596433,22
USD,test,8,2021-08-30,2021-09-28,ewma_daily,10,0.5594769716590804,0.04858098674087603,-0.1914767487850253,0.1914767487850253,0.2205486869999435,0.02907193821491816,220.5486869999435,22
USD,test,9,2021-09-28,2021-10-27,ewma_daily,10,0.4408042783317541,0.03827617816919258,-0.2417240621325925,0.2417240621325925,0.197185170030499,-0.04453889210209347,197.1851700304989,22
USD,test,10,2021-10-27,2021-11-25,ewma_daily,10,0.4646137308516245,0.04034363742120493,-0.4039388533796137,0.4039388533796137,0.1773607649437978,-0.2265780884358159,177.3607649437979,22
USD,test,11,2021-11-25,2021-12-24,ewma_daily,10,0.575067256928385,0.0499347589558905,-0.4216802572136658,0.4216802572136658,0.3329840084809508,-0.08869624873271498,332.9840084809508,22
USD,test,12,2021-12-24,2022-01-24,ewma_daily,10,0.6320966613366394,0.05488688658607589,-0.1532769042278233,0.1532769042278233,0.2894628964384451,0.1361859922106219,289.4628964384451,22
USD,test,13,2022-01-24,2022-02-22,ewma_daily,10,0.6579838977263535,0.05713480446260222,-0.6361459511015966,0.6361459511015966,0.3164145934062926,-0.319731357695304,316.4145934062926,22
USD,test,14,2022-02-22,2022-03-23,ewma_daily,10,0.764341731852177,0.06637045146932263,-0.4970108155100554,0.4970108155100554,0.128026764990951,-0.3689840505191044,128.0267649909511,22
USD,test,15,2022-03-23,2022-04-25,ewma_daily,10,0.9352940444607611,0.08121545328131975,-0.1107333440650812,0.1107333440650812,0.1990562893323615,0.0883229452672803,199.0562893323615,22
USD,test,16,2022-04-25,2022-05-24,ewma_daily,10,1.005643048807286,0.08732446070144578,-0.04399758113819363,0.04399758113819363,0.143418898325431,0.09942131718723737,143.418898325431,22
USD,test,17,2022-05-24,2022-06-22,ewma_daily,10,1.032471746370248,0.08965424424227741,-0.3415095042328362,0.3415095042328362,0.1876408127685549,-0.1538686914642813,187.640812768555,22
USD,test,18,2022-06-22,2022-07-21,ewma_daily,10,0.9961419658600121,0.08649939631914288,-0.420785878625769,0.420785878625769,0.1444521998026301,-0.2763336788231389,144.4521998026302,22
USD,test,19,2022-07-21,2022-08-19,ewma_daily,10,1.117148091751289,0.09700754093564046,-0.2686647368651052,0.2686647368651052,0.266601355957335,-0.00206338090777014,266.601355957335,22
USD,test,20,2022-08-19,2022-09-19,ewma_daily,10,1.103863675471885,0.09585391476127696,-0.5586193673561839,0.5586193673561839,0.2803802011283256,-0.2782391662278583,280.3802011283257,22
USD,test,21,2022-09-19,2022-10-18,ewma_daily,10,1.149157612037669,0.09978727677397796,-0.3296321869239944,0.3296321869239944,0.1633069577863457,-0.1663252291376487,163.3069577863456,22
USD,test,22,2022-10-18,2022-11-16,ewma_daily,10,1.194351764036298,0.1037120054708354,-1.43379359002941,1.43379359002941,0.3619620072988725,-1.071831582730537,361.9620072988723,22
USD,test,23,2022-11-16,2022-12-15,ewma_daily,10,1.561866144357936,0.1356288585937812,0.1914885320424986,-0.1914885320424986,0.2911049764430635,0.4825935084855622,291.1049764430637,22
USD,test,24,2022-12-15,2023-01-16,ewma_daily,10,1.553232084906377,0.1348790017652321,0.0667932613667972,-0.0667932613667972,0.2994249655803014,0.3662182269470986,299.4249655803014,22
USD,test,25,2023-01-16,2023-02-14,ewma_daily,10,1.471797174578022,0.1278065622818664,0.2377265230040115,-0.2377265230040115,0.2306230481557057,0.4683495711597172,230.6230481557057,22
USD,test,26,2023-02-14,2023-03-15,ewma_daily,10,1.063317150402838,0.09233284804034186,-0.5798515841766587,0.5798515841766587,0.2213964943467569,-0.3584550898299018,221.3964943467569,22
USD,test,27,2023-03-15,2023-04-17,ewma_daily,10,1.072891517205107,0.09316428539988957,-0.2881504783414357,0.2881504783414357,0.2298364155553451,-0.05831406278609058,229.8364155553451,22
USD,test,28,2023-04-17,2023-05-17,ewma_daily,10,1.048185226089551,0.09101879547277311,0.2458013617086978,-0.2458013617086978,0.1959270701664937,0.4417284318751915,195.9270701664937,22
USD,test,29,2023-05-17,2023-06-15,ewma_daily,10,0.9495877337814207,0.08245669165407478,0.3247581910814148,-0.3247581910814148,0.2064277811079901,0.531185972189405,206.4277811079902,22
USD,test,30,2023-06-15,2023-07-14,ewma_daily,10,0.7502464773502027,0.06514647507588577,-0.4123082459687737,0.4123082459687737,0.2907959687890211,-0.1215122771797526,290.7959687890211,22
USD,test,31,2023-07-14,2023-08-14,ewma_daily,10,0.7802356197431877,0.06775061658998699,-0.2111837269686072,0.2111837269686072,0.1336269015021215,-0.07755682546648573,133.6269015021215,22
USD,test,32,2023-08-14,2023-09-12,ewma_daily,10,0.8229094644333514,0.07145626534151298,-0.05451627657163855,0.05451627657163855,0.1644309216568594,0.1099146450852208,164.4309216568594,22
USD,test,33,2023-09-12,2023-10-11,ewma_daily,10,0.8311350917824996,0.07217055262497593,-0.06041386302906548,0.06041386302906548,0.1527349456276071,0.0923210825985416,152.7349456276071,22
USD,test,34,2023-10-11,2023-11-09,ewma_daily,10,0.7113625879175061,0.06176996166858643,-0.6323254071787403,0.6323254071787403,0.356152724636884,-0.2761726825418563,356.1527246368839,22
USD,test,35,2023-11-09,2023-12-08,ewma_daily,10,0.7367577249590482,0.06397516684176008,-0.3228675410463211,0.3228675410463211,0.2305557896379895,-0.09231175140833156,230.5557896379895,22
USD,test,36,2023-12-08,2024-01-11,ewma_daily,10,0.7803367840865576,0.06775940132755819,-0.3179320362387159,0.3179320362387159,0.2516970253269838,-0.06623501091173212,251.6970253269839,22
USD,test,37,2024-01-11,2024-02-09,ewma_daily,10,0.8118096270821411,0.07049239201733958,-0.03429273542960937,0.03429273542960937,0.1374094492967602,0.1031167138671508,137.4094492967602,22
USD,test,38,2024-02-09,2024-03-11,ewma_daily,10,0.766040694927419,0.06651798287134593,0.004738720305809352,-0.004738720305809352,0.2704935362457445,0.2752322565515538,270.4935362457444,22
USD,test,39,2024-03-11,2024-04-11,ewma_daily,10,0.6833775271187434,0.0593398658235525,-0.1865216178594622,0.1865216178594622,0.2050176443758685,0.01849602651640628,205.0176443758685,22
USD,test,40,2024-04-11,2024-05-13,ewma_daily,10,0.6723667176559545,0.05838373905116917,-0.09947508722639498,0.09947508722639498,0.3036690783609313,0.2041939911345363,303.6690783609313,22
USD,test,41,2024-05-13,2024-06-11,ewma_daily,10,0.6115127652182082,0.05309948833681985,-0.4893759680099556,0.4893759680099556,0.2762354025233633,-0.2131405654865923,276.2354025233633,22
USD,test,42,2024-06-11,2024-07-10,ewma_daily,10,0.6675483465346872,0.0579653347748152,-0.1993775981382981,0.1993775981382981,0.3133727324925993,0.1139951343543012,313.3727324925993,22
USD,test,43,2024-07-10,2024-08-08,ewma_daily,10,0.5876240451351862,0.05102512082316171,-0.5236213767568501,0.5236213767568501,0.3247610722265791,-0.1988603045302709,324.7610722265791,22
USD,test,44,2024-08-08,2024-09-06,ewma_daily,10,0.631183352152263,0.05480757950038413,-0.2129943995232964,0.2129943995232964,0.2263797703548455,0.0133853708315492,226.3797703548456,22
USD,test,45,2024-09-06,2024-10-07,ewma_daily,10,0.5885702797160661,0.0511072866386742,-0.4470387513511191,0.4470387513511191,0.2816579658093187,-0.1653807855418005,281.6579658093186,22
USD,test,46,2024-10-07,2024-11-05,ewma_daily,10,0.6311748889412598,0.05480684459857734,0.02670593868786542,-0.02670593868786542,0.1174222321203143,0.1441281708081797,117.4222321203142,22
USD,test,47,2024-11-05,2024-12-04,ewma_daily,10,0.580326811154535,0.05039146933141765,-0.8062606259642557,0.8062606259642557,0.1296108712074047,-0.6766497547568511,129.6108712074046,22
USD,test,48,2024-12-04,2025-01-07,ewma_daily,10,0.8524122763675237,0.0740181991516853,-0.05209574856125343,0.05209574856125343,0.1833319779025031,0.1312362293412497,183.3319779025032,22
USD,test,49,2025-01-07,2025-02-05,ewma_daily,10,0.8869000073689506,0.07701302091893587,-0.703317024807351,0.703317024807351,0.2868110870940907,-0.4165059377132603,286.8110870940907,22
USD,test,50,2025-02-05,2025-03-06,ewma_daily,10,1.065818827302365,0.09255009336270897,-0.05886384798675692,0.05886384798675692,0.3080655913988772,0.2492017434121203,308.0655913988771,22
USD,test,51,2025-03-06,2025-04-04,ewma_daily,10,0.9796602234482563,0.08506814146996126,-0.82680341839243,0.82680341839243,0.3055131928094303,-0.5212902255829996,305.5131928094302,22
USD,test,52,2025-04-04,2025-05-08,ewma_daily,10,1.111366954421172,0.09650550339273382,-0.5546713273232768,0.5546713273232768,0.2434818579192082,-0.3111894694040687,243.4818579192082,22
USD,test,53,2025-05-08,2025-06-06,ewma_daily,10,1.14324954606078,0.09927421375858224,-0.001949270226361932,0.001949270226361932,0.3093857074085552,0.3074364371821933,309.3857074085552,22
USD,test,54,2025-06-06,2025-07-07,ewma_daily,10,1.133106206594476,0.09839335615462566,-0.2440036560200411,0.2440036560200411,0.2616256536751092,0.01762199765506806,261.6256536751093,22
USD,test,55,2025-07-07,2025-08-05,ewma_daily,10,1.063215103441607,0.09232398629637677,0.1038485118827214,-0.1038485118827214,0.1712097408367095,0.2750582527194309,171.2097408367094,22
USD,test,56,2025-08-05,2025-09-03,ewma_daily,10,0.9519922437141872,0.08266549524781096,-0.1091164562414519,0.1091164562414519,0.275437098604757,0.166320642363305,275.437098604757,22
USD,test,57,2025-09-03,2025-10-02,ewma_daily,10,0.8987987499012888,0.07804627901612925,-0.007574630414296735,0.007574630414296735,0.2925505316337154,0.2849759012194186,292.5505316337153,22
USD,test,58,2025-10-02,2025-10-31,ewma_daily,10,0.7655642233875213,0.06647660791711983,0.03129436142761252,-0.03129436142761252,0.1444157509334974,0.1757101123611099,144.4157509334974,22
USD,test,59,2025-10-31,2025-12-01,ewma_daily,10,0.6421036743993653,0.05575584475313858,-0.1651383339935535,0.1651383339935535,0.2553644071554751,0.0902260731619216,255.364407155475,22
USD,test,0,2021-01-04,2021-02-02,ridge_daily,10,0.6681443424280076,0.05801708819289545,-0.1690895458287779,0.1690895458287779,0.1511049464133135,-0.01798459941546446,151.1049464133134,22
USD,test,1,2021-02-02,2021-03-03,ridge_daily,10,0.6792940716857601,0.05898527767837256,-0.119225919285185,0.119225919285185,0.2739110755928506,0.1546851563076656,273.9110755928506,22
USD,test,2,2021-03-03,2021-04-01,ridge_daily,10,0.6628212085918079,0.05755485295627025,-0.1894813159236063,0.1894813159236063,0.1397327880964004,-0.04974852782720582,139.7327880964004,22
USD,test,3,2021-04-01,2021-05-04,ridge_daily,10,0.6563984366458513,0.05699713079726621,-0.2419976170407949,0.2419976170407949,0.2077881749673383,-0.03420944207345658,207.7881749673384,22
USD,test,4,2021-05-04,2021-06-02,ridge_daily,10,0.6341192291049964,0.05506251602401351,-0.3372678868249892,0.3372678868249892,0.2519615403911461,-0.08530634643384311,251.9615403911461,22
USD,test,5,2021-06-02,2021-07-01,ridge_daily,10,0.623960086693387,0.05418034842440794,-0.3614522235348077,0.3614522235348077,0.1380822011720856,-0.223370022362722,138.0822011720856,22
USD,test,6,2021-07-01,2021-07-30,ridge_daily,10,0.6769316023813658,0.05878013197907675,0.1405828879078967,-0.1405828879078967,0.194309862990612,0.3348927508985088,194.309862990612,22
USD,test,7,2021-07-30,2021-08-30,ridge_daily,10,0.63573398384586,0.05520273309033288,0.01387763712438198,-0.01387763712438198,0.1145570755726168,0.1284347126969987,114.5570755726168,22
USD,test,8,2021-08-30,2021-09-28,ridge_daily,10,0.5594769716590804,0.04858098674087603,-0.1578729622866409,0.1578729622866409,0.2078311131034185,0.04995815081677765,207.8311131034186,22
USD,test,9,2021-09-28,2021-10-27,ridge_daily,10,0.4408042783317541,0.03827617816919258,-0.2187198691016512,0.2187198691016512,0.194567895576749,-0.02415197352490223,194.5678955767489,22
USD,test,10,2021-10-27,2021-11-25,ridge_daily,10,0.4646137308516245,0.04034363742120493,-0.4186492311022871,0.4186492311022871,0.1719363701308416,-0.2467128609714455,171.9363701308415,22
USD,test,11,2021-11-25,2021-12-24,ridge_daily,10,0.575067256928385,0.0499347589558905,-0.3992581284861956,0.3992581284861956,0.3223217510051459,-0.0769363774810497,322.3217510051459,22
USD,test,12,2021-12-24,2022-01-24,ridge_daily,10,0.6320966613366394,0.05488688658607589,-0.1410420521332014,0.1410420521332014,0.2814855544295176,0.1404435022963162,281.4855544295176,22
USD,test,13,2022-01-24,2022-02-22,ridge_daily,10,0.6579838977263535,0.05713480446260222,-0.5933424280671176,0.5933424280671176,0.3096691293955433,-0.2836732986715743,309.6691293955433,22
USD,test,14,2022-02-22,2022-03-23,ridge_daily,10,0.764341731852177,0.06637045146932263,-0.5087125877440352,0.5087125877440352,0.1257765815151851,-0.38293600622885,125.7765815151851,22
USD,test,15,2022-03-23,2022-04-25,ridge_daily,10,0.9352940444607611,0.08121545328131975,-0.107487282844909,0.107487282844909,0.195768045273331,0.08828076242842198,195.7680452733309,22
USD,test,16,2022-04-25,2022-05-24,ridge_daily,10,1.005643048807286,0.08732446070144578,-0.09587807960994432,0.09587807960994432,0.1442923961341628,0.04841431652421846,144.2923961341628,22
USD,test,17,2022-05-24,2022-06-22,ridge_daily,10,1.032471746370248,0.08965424424227741,-0.2998835804495389,0.2998835804495389,0.1824290056604921,-0.1174545747890469,182.429005660492,22
USD,test,18,2022-06-22,2022-07-21,ridge_daily,10,0.9961419658600121,0.08649939631914288,-0.4238534526720075,0.4238534526720075,0.1428051397092318,-0.2810483129627758,142.8051397092317,22
USD,test,19,2022-07-21,2022-08-19,ridge_daily,10,1.117148091751289,0.09700754093564046,-0.2528198438770062,0.2528198438770062,0.2616442457650696,0.008824401888063438,261.6442457650696,22
USD,test,20,2022-08-19,2022-09-19,ridge_daily,10,1.103863675471885,0.09585391476127696,-0.5523931708924472,0.5523931708924472,0.2780274500750313,-0.2743657208174159,278.0274500750314,22
USD,test,21,2022-09-19,2022-10-18,ridge_daily,10,1.149157612037669,0.09978727677397796,-0.3438804148427391,0.3438804148427391,0.1632968139800099,-0.1805836008627292,163.2968139800098,22
USD,test,22,2022-10-18,2022-11-16,ridge_daily,10,1.194351764036298,0.1037120054708354,-1.416136993914478,1.416136993914478,0.3661342049420662,-1.050002788972412,366.1342049420661,22
USD,test,23,2022-11-16,2022-12-15,ridge_daily,10,1.561866144357936,0.1356288585937812,0.1704053069043994,-0.1704053069043994,0.2965505165342078,0.4669558234386071,296.5505165342077,22
USD,test,24,2022-12-15,2023-01-16,ridge_daily,10,1.553232084906377,0.1348790017652321,0.02908652807322198,-0.02908652807322198,0.306502812931938,0.33558934100516,306.502812931938,22
USD,test,25,2023-01-16,2023-02-14,ridge_daily,10,1.471797174578022,0.1278065622818664,0.2726000826945381,-0.2726000826945381,0.2230262318183611,0.4956263145128991,223.0262318183611,22
USD,test,26,2023-02-14,2023-03-15,ridge_daily,10,1.063317150402838,0.09233284804034186,-0.5543370390495497,0.5543370390495497,0.2153604814900228,-0.3389765575595269,215.3604814900228,22
USD,test,27,2023-03-15,2023-04-17,ridge_daily,10,1.072891517205107,0.09316428539988957,-0.284946820389905,0.284946820389905,0.2291585168671963,-0.05578830352270875,229.1585168671962,22
USD,test,28,2023-04-17,2023-05-17,ridge_daily,10,1.048185226089551,0.09101879547277311,0.2434412841624738,-0.2434412841624738,0.1945272029331135,0.4379684870955872,194.5272029331134,22
USD,test,29,2023-05-17,2023-06-15,ridge_daily,10,0.9495877337814207,0.08245669165407478,0.3462159530781648,-0.3462159530781648,0.2012931279112739,0.5475090809894387,201.2931279112739,22
USD,test,30,2023-06-15,2023-07-14,ridge_daily,10,0.7502464773502027,0.06514647507588577,-0.4353037745849804,0.4353037745849804,0.294233940930728,-0.1410698336542524,294.233940930728,22
USD,test,31,2023-07-14,2023-08-14,ridge_daily,10,0.7802356197431877,0.06775061658998699,-0.2145811625136149,0.2145811625136149,0.1337033603405893,-0.08087780217302565,133.7033603405893,22
USD,test,32,2023-08-14,2023-09-12,ridge_daily,10,0.8229094644333514,0.07145626534151298,-0.069305443623741,0.069305443623741,0.1603948959498167,0.09108945232607574,160.3948959498167,22
USD,test,33,2023-09-12,2023-10-11,ridge_daily,10,0.8311350917824996,0.07217055262497593,-0.07077030171832555,0.07077030171832555,0.1504861459421594,0.07971584422383388,150.4861459421594,22
USD,test,34,2023-10-11,2023-11-09,ridge_daily,10,0.7113625879175061,0.06176996166858643,-0.6066749915099905,0.6066749915099905,0.3496019266216926,-0.2570730648882979,349.6019266216926,22
USD,test,35,2023-11-09,2023-12-08,ridge_daily,10,0.7367577249590482,0.06397516684176008,-0.3211127009072072,0.3211127009072072,0.2310204659105831,-0.09009223499662411,231.0204659105831,22
USD,test,36,2023-12-08,2024-01-11,ridge_daily,10,0.7803367840865576,0.06775940132755819,-0.3283619617420328,0.3283619617420328,0.2534295296780239,-0.0749324320640089,253.4295296780238,22
USD,test,37,2024-01-11,2024-02-09,ridge_daily,10,0.8118096270821411,0.07049239201733958,-0.04813404264143644,0.04813404264143644,0.133103044776167,0.08496900213473055,133.1030447761669,22
USD,test,38,2024-02-09,2024-03-11,ridge_daily,10,0.766040694927419,0.06651798287134593,0.0143265254231153,-0.0143265254231153,0.2646180072988077,0.278944532721923,264.6180072988076,22
USD,test,39,2024-03-11,2024-04-11,ridge_daily,10,0.6833775271187434,0.0593398658235525,-0.2054069948433339,0.2054069948433339,0.2043240557882759,-0.001082939055057963,204.3240557882759,22
USD,test,40,2024-04-11,2024-05-13,ridge_daily,10,0.6723667176559545,0.05838373905116917,-0.05808853962683713,0.05808853962683713,0.2837434892059012,0.2256549495790641,283.7434892059013,22
USD,test,41,2024-05-13,2024-06-11,ridge_daily,10,0.6115127652182082,0.05309948833681985,-0.4799478236573727,0.4799478236573727,0.2743855252740893,-0.2055622983832834,274.3855252740893,22
USD,test,42,2024-06-11,2024-07-10,ridge_daily,10,0.6675483465346872,0.0579653347748152,-0.1857871567524825,0.1857871567524825,0.3030549227956837,0.1172677660432013,303.0549227956838,22
USD,test,43,2024-07-10,2024-08-08,ridge_daily,10,0.5876240451351862,0.05102512082316171,-0.5127551343395425,0.5127551343395425,0.3208005724873745,-0.191954561852168,320.8005724873744,22
USD,test,44,2024-08-08,2024-09-06,ridge_daily,10,0.631183352152263,0.05480757950038413,-0.217478660588867,0.217478660588867,0.2288545985380327,0.01137593794916572,228.8545985380327,22
USD,test,45,2024-09-06,2024-10-07,ridge_daily,10,0.5885702797160661,0.0511072866386742,-0.4255292079108326,0.4255292079108326,0.2729508570945394,-0.1525783508162932,272.9508570945394,22
USD,test,46,2024-10-07,2024-11-05,ridge_daily,10,0.6311748889412598,0.05480684459857734,-0.02605003735785627,0.02605003735785627,0.1192648906778473,0.09321485331999101,119.2648906778473,22
USD,test,47,2024-11-05,2024-12-04,ridge_daily,10,0.580326811154535,0.05039146933141765,-0.8098525665986511,0.8098525665986511,0.1324485216345284,-0.6774040449641228,132.4485216345284,22
USD,test,48,2024-12-04,2025-01-07,ridge_daily,10,0.8524122763675237,0.0740181991516853,-0.05817984012792721,0.05817984012792721,0.1842109547525945,0.1260311146246673,184.2109547525945,22
USD,test,49,2025-01-07,2025-02-05,ridge_daily,10,0.8869000073689506,0.07701302091893587,-0.6603536754929529,0.6603536754929529,0.2816302311656533,-0.3787234443272995,281.6302311656534,22
USD,test,50,2025-02-05,2025-03-06,ridge_daily,10,1.065818827302365,0.09255009336270897,-0.04810228627667357,0.04810228627667357,0.3055994042741143,0.2574971179974407,305.5994042741142,22
USD,test,51,2025-03-06,2025-04-04,ridge_daily,10,0.9796602234482563,0.08506814146996126,-0.8286645693812176,0.8286645693812176,0.3012530666689953,-0.5274115027122223,301.2530666689953,22
USD,test,52,2025-04-04,2025-05-08,ridge_daily,10,1.111366954421172,0.09650550339273382,-0.5476348720545445,0.5476348720545445,0.2472834675854514,-0.3003514044690931,247.2834675854514,22
USD,test,53,2025-05-08,2025-06-06,ridge_daily,10,1.14324954606078,0.09927421375858224,-0.02804498649776122,0.02804498649776122,0.3131572463149217,0.2851122598171605,313.1572463149217,22
USD,test,54,2025-06-06,2025-07-07,ridge_daily,10,1.133106206594476,0.09839335615462566,-0.279722083431821,0.279722083431821,0.2626607039695226,-0.01706137946229846,262.6607039695226,22
USD,test,55,2025-07-07,2025-08-05,ridge_daily,10,1.063215103441607,0.09232398629637677,0.1119574269432645,-0.1119574269432645,0.1678514462880485,0.279808873231313,167.8514462880485,22
USD,test,56,2025-08-05,2025-09-03,ridge_daily,10,0.9519922437141872,0.08266549524781096,-0.09350515343676591,0.09350515343676591,0.2720928859973551,0.1785877325605892,272.092885997355,22
USD,test,57,2025-09-03,2025-10-02,ridge_daily,10,0.8987987499012888,0.07804627901612925,0.01523545133612458,-0.01523545133612458,0.2853186076437201,0.3005540589798447,285.3186076437202,22
USD,test,58,2025-10-02,2025-10-31,ridge_daily,10,0.7655642233875213,0.06647660791711983,0.02440659685955912,-0.02440659685955912,0.1410048502181357,0.1654114470776948,141.0048502181357,22
USD,test,59,2025-10-31,2025-12-01,ridge_daily,10,0.6421036743993653,0.05575584475313858,-0.1452877749840837,0.1452877749840837,0.2456918956024949,0.1004041206184111,245.6918956024949,22
USD,test,0,2021-01-04,2021-02-02,selected_daily,10,0.6681443424280076,0.05801708819289545,-0.1574717055961506,0.1574717055961506,0.1541394265333095,-0.003332279062841115,154.1394265333095,22
USD,test,1,2021-02-02,2021-03-03,selected_daily,10,0.6792940716857601,0.05898527767837256,-0.136608795166822,0.136608795166822,0.2827183497999569,0.1461095546331349,282.7183497999569,22
USD,test,2,2021-03-03,2021-04-01,selected_daily,10,0.6628212085918079,0.05755485295627025,-0.1688983873941458,0.1688983873941458,0.1417066571004161,-0.02719173029372968,141.706657100416,22
USD,test,3,2021-04-01,2021-05-04,selected_daily,10,0.6563984366458513,0.05699713079726621,-0.2145639283620113,0.2145639283620113,0.2066545707811797,-0.007909357580831583,206.6545707811797,22
USD,test,4,2021-05-04,2021-06-02,selected_daily,10,0.6341192291049964,0.05506251602401351,-0.3151884564950365,0.3151884564950365,0.2501175763328856,-0.0650708801621509,250.1175763328856,22
USD,test,5,2021-06-02,2021-07-01,selected_daily,10,0.623960086693387,0.05418034842440794,-0.347518366091507,0.347518366091507,0.1422808702659038,-0.2052374958256032,142.2808702659038,22
USD,test,6,2021-07-01,2021-07-30,selected_daily,10,0.6769316023813658,0.05878013197907675,0.1234820879098137,-0.1234820879098137,0.1992405175115924,0.3227226054214062,199.2405175115924,22
USD,test,7,2021-07-30,2021-08-30,selected_daily,10,0.63573398384586,0.05520273309033288,0.04009715132714707,-0.04009715132714707,0.112113152596433,0.1522103039235801,112.113152596433,22
USD,test,8,2021-08-30,2021-09-28,selected_daily,10,0.5594769716590804,0.04858098674087603,-0.1914767487850253,0.1914767487850253,0.2205486869999435,0.02907193821491816,220.5486869999435,22
USD,test,9,2021-09-28,2021-10-27,selected_daily,10,0.4408042783317541,0.03827617816919258,-0.2417240621325925,0.2417240621325925,0.197185170030499,-0.04453889210209347,197.1851700304989,22
USD,test,10,2021-10-27,2021-11-25,selected_daily,10,0.4646137308516245,0.04034363742120493,-0.4039388533796137,0.4039388533796137,0.1773607649437978,-0.2265780884358159,177.3607649437979,22
USD,test,11,2021-11-25,2021-12-24,selected_daily,10,0.575067256928385,0.0499347589558905,-0.4216802572136658,0.4216802572136658,0.3329840084809508,-0.08869624873271498,332.9840084809508,22
USD,test,12,2021-12-24,2022-01-24,selected_daily,10,0.6320966613366394,0.05488688658607589,-0.1532769042278233,0.1532769042278233,0.2894628964384451,0.1361859922106219,289.4628964384451,22
USD,test,13,2022-01-24,2022-02-22,selected_daily,10,0.6579838977263535,0.05713480446260222,-0.6361459511015966,0.6361459511015966,0.3164145934062926,-0.319731357695304,316.4145934062926,22
USD,test,14,2022-02-22,2022-03-23,selected_daily,10,0.764341731852177,0.06637045146932263,-0.4970108155100554,0.4970108155100554,0.128026764990951,-0.3689840505191044,128.0267649909511,22
USD,test,15,2022-03-23,2022-04-25,selected_daily,10,0.9352940444607611,0.08121545328131975,-0.1107333440650812,0.1107333440650812,0.1990562893323615,0.0883229452672803,199.0562893323615,22
USD,test,16,2022-04-25,2022-05-24,selected_daily,10,1.005643048807286,0.08732446070144578,-0.04399758113819363,0.04399758113819363,0.143418898325431,0.09942131718723737,143.418898325431,22
USD,test,17,2022-05-24,2022-06-22,selected_daily,10,1.032471746370248,0.08965424424227741,-0.3415095042328362,0.3415095042328362,0.1876408127685549,-0.1538686914642813,187.640812768555,22
USD,test,18,2022-06-22,2022-07-21,selected_daily,10,0.9961419658600121,0.08649939631914288,-0.420785878625769,0.420785878625769,0.1444521998026301,-0.2763336788231389,144.4521998026302,22
USD,test,19,2022-07-21,2022-08-19,selected_daily,10,1.117148091751289,0.09700754093564046,-0.2686647368651052,0.2686647368651052,0.266601355957335,-0.00206338090777014,266.601355957335,22
USD,test,20,2022-08-19,2022-09-19,selected_daily,10,1.103863675471885,0.09585391476127696,-0.5586193673561839,0.5586193673561839,0.2803802011283256,-0.2782391662278583,280.3802011283257,22
USD,test,21,2022-09-19,2022-10-18,selected_daily,10,1.149157612037669,0.09978727677397796,-0.3296321869239944,0.3296321869239944,0.1633069577863457,-0.1663252291376487,163.3069577863456,22
USD,test,22,2022-10-18,2022-11-16,selected_daily,10,1.194351764036298,0.1037120054708354,-1.43379359002941,1.43379359002941,0.3619620072988725,-1.071831582730537,361.9620072988723,22
USD,test,23,2022-11-16,2022-12-15,selected_daily,10,1.561866144357936,0.1356288585937812,0.1914885320424986,-0.1914885320424986,0.2911049764430635,0.4825935084855622,291.1049764430637,22
USD,test,24,2022-12-15,2023-01-16,selected_daily,10,1.553232084906377,0.1348790017652321,0.0667932613667972,-0.0667932613667972,0.2994249655803014,0.3662182269470986,299.4249655803014,22
USD,test,25,2023-01-16,2023-02-14,selected_daily,10,1.471797174578022,0.1278065622818664,0.2377265230040115,-0.2377265230040115,0.2306230481557057,0.4683495711597172,230.6230481557057,22
USD,test,26,2023-02-14,2023-03-15,selected_daily,10,1.063317150402838,0.09233284804034186,-0.5798515841766587,0.5798515841766587,0.2213964943467569,-0.3584550898299018,221.3964943467569,22
USD,test,27,2023-03-15,2023-04-17,selected_daily,10,1.072891517205107,0.09316428539988957,-0.2881504783414357,0.2881504783414357,0.2298364155553451,-0.05831406278609058,229.8364155553451,22
USD,test,28,2023-04-17,2023-05-17,selected_daily,10,1.048185226089551,0.09101879547277311,0.2458013617086978,-0.2458013617086978,0.1959270701664937,0.4417284318751915,195.9270701664937,22
USD,test,29,2023-05-17,2023-06-15,selected_daily,10,0.9495877337814207,0.08245669165407478,0.3247581910814148,-0.3247581910814148,0.2064277811079901,0.531185972189405,206.4277811079902,22
USD,test,30,2023-06-15,2023-07-14,selected_daily,10,0.7502464773502027,0.06514647507588577,-0.4123082459687737,0.4123082459687737,0.2907959687890211,-0.1215122771797526,290.7959687890211,22
USD,test,31,2023-07-14,2023-08-14,selected_daily,10,0.7802356197431877,0.06775061658998699,-0.2111837269686072,0.2111837269686072,0.1336269015021215,-0.07755682546648573,133.6269015021215,22
USD,test,32,2023-08-14,2023-09-12,selected_daily,10,0.8229094644333514,0.07145626534151298,-0.05451627657163855,0.05451627657163855,0.1644309216568594,0.1099146450852208,164.4309216568594,22
USD,test,33,2023-09-12,2023-10-11,selected_daily,10,0.8311350917824996,0.07217055262497593,-0.06041386302906548,0.06041386302906548,0.1527349456276071,0.0923210825985416,152.7349456276071,22
USD,test,34,2023-10-11,2023-11-09,selected_daily,10,0.7113625879175061,0.06176996166858643,-0.6323254071787403,0.6323254071787403,0.356152724636884,-0.2761726825418563,356.1527246368839,22
USD,test,35,2023-11-09,2023-12-08,selected_daily,10,0.7367577249590482,0.06397516684176008,-0.3228675410463211,0.3228675410463211,0.2305557896379895,-0.09231175140833156,230.5557896379895,22
USD,test,36,2023-12-08,2024-01-11,selected_daily,10,0.7803367840865576,0.06775940132755819,-0.3179320362387159,0.3179320362387159,0.2516970253269838,-0.06623501091173212,251.6970253269839,22
USD,test,37,2024-01-11,2024-02-09,selected_daily,10,0.8118096270821411,0.07049239201733958,-0.03429273542960937,0.03429273542960937,0.1374094492967602,0.1031167138671508,137.4094492967602,22
USD,test,38,2024-02-09,2024-03-11,selected_daily,10,0.766040694927419,0.06651798287134593,0.004738720305809352,-0.004738720305809352,0.2704935362457445,0.2752322565515538,270.4935362457444,22
USD,test,39,2024-03-11,2024-04-11,selected_daily,10,0.6833775271187434,0.0593398658235525,-0.1865216178594622,0.1865216178594622,0.2050176443758685,0.01849602651640628,205.0176443758685,22
USD,test,40,2024-04-11,2024-05-13,selected_daily,10,0.6723667176559545,0.05838373905116917,-0.09947508722639498,0.09947508722639498,0.3036690783609313,0.2041939911345363,303.6690783609313,22
USD,test,41,2024-05-13,2024-06-11,selected_daily,10,0.6115127652182082,0.05309948833681985,-0.4893759680099556,0.4893759680099556,0.2762354025233633,-0.2131405654865923,276.2354025233633,22
USD,test,42,2024-06-11,2024-07-10,selected_daily,10,0.6675483465346872,0.0579653347748152,-0.1993775981382981,0.1993775981382981,0.3133727324925993,0.1139951343543012,313.3727324925993,22
USD,test,43,2024-07-10,2024-08-08,selected_daily,10,0.5876240451351862,0.05102512082316171,-0.5236213767568501,0.5236213767568501,0.3247610722265791,-0.1988603045302709,324.7610722265791,22
USD,test,44,2024-08-08,2024-09-06,selected_daily,10,0.631183352152263,0.05480757950038413,-0.2129943995232964,0.2129943995232964,0.2263797703548455,0.0133853708315492,226.3797703548456,22
USD,test,45,2024-09-06,2024-10-07,selected_daily,10,0.5885702797160661,0.0511072866386742,-0.4470387513511191,0.4470387513511191,0.2816579658093187,-0.1653807855418005,281.6579658093186,22
USD,test,46,2024-10-07,2024-11-05,selected_daily,10,0.6311748889412598,0.05480684459857734,0.02670593868786542,-0.02670593868786542,0.1174222321203143,0.1441281708081797,117.4222321203142,22
USD,test,47,2024-11-05,2024-12-04,selected_daily,10,0.580326811154535,0.05039146933141765,-0.8062606259642557,0.8062606259642557,0.1296108712074047,-0.6766497547568511,129.6108712074046,22
USD,test,48,2024-12-04,2025-01-07,selected_daily,10,0.8524122763675237,0.0740181991516853,-0.05209574856125343,0.05209574856125343,0.1833319779025031,0.1312362293412497,183.3319779025032,22
USD,test,49,2025-01-07,2025-02-05,selected_daily,10,0.8869000073689506,0.07701302091893587,-0.703317024807351,0.703317024807351,0.2868110870940907,-0.4165059377132603,286.8110870940907,22
USD,test,50,2025-02-05,2025-03-06,selected_daily,10,1.065818827302365,0.09255009336270897,-0.05886384798675692,0.05886384798675692,0.3080655913988772,0.2492017434121203,308.0655913988771,22
USD,test,51,2025-03-06,2025-04-04,selected_daily,10,0.9796602234482563,0.08506814146996126,-0.82680341839243,0.82680341839243,0.3055131928094303,-0.5212902255829996,305.5131928094302,22
USD,test,52,2025-04-04,2025-05-08,selected_daily,10,1.111366954421172,0.09650550339273382,-0.5546713273232768,0.5546713273232768,0.2434818579192082,-0.3111894694040687,243.4818579192082,22
USD,test,53,2025-05-08,2025-06-06,selected_daily,10,1.14324954606078,0.09927421375858224,-0.001949270226361932,0.001949270226361932,0.3093857074085552,0.3074364371821933,309.3857074085552,22
USD,test,54,2025-06-06,2025-07-07,selected_daily,10,1.133106206594476,0.09839335615462566,-0.2440036560200411,0.2440036560200411,0.2616256536751092,0.01762199765506806,261.6256536751093,22
USD,test,55,2025-07-07,2025-08-05,selected_daily,10,1.063215103441607,0.09232398629637677,0.1038485118827214,-0.1038485118827214,0.1712097408367095,0.2750582527194309,171.2097408367094,22
USD,test,56,2025-08-05,2025-09-03,selected_daily,10,0.9519922437141872,0.08266549524781096,-0.1091164562414519,0.1091164562414519,0.275437098604757,0.166320642363305,275.437098604757,22
USD,test,57,2025-09-03,2025-10-02,selected_daily,10,0.8987987499012888,0.07804627901612925,-0.007574630414296735,0.007574630414296735,0.2925505316337154,0.2849759012194186,292.5505316337153,22
USD,test,58,2025-10-02,2025-10-31,selected_daily,10,0.7655642233875213,0.06647660791711983,0.03129436142761252,-0.03129436142761252,0.1444157509334974,0.1757101123611099,144.4157509334974,22
USD,test,59,2025-10-31,2025-12-01,selected_daily,10,0.6421036743993653,0.05575584475313858,-0.1651383339935535,0.1651383339935535,0.2553644071554751,0.0902260731619216,255.364407155475,22
USD,test,0,2021-01-04,2021-02-02,selected_every5,10,0.6681443424280076,0.05801708819289545,-0.19058468509774,0.19058468509774,0.106730492460603,-0.08385419263713699,106.730492460603,6
USD,test,1,2021-02-02,2021-03-03,selected_every5,10,0.6792940716857601,0.05898527767837256,0.2029547565907492,-0.2029547565907492,0.1665173130157404,0.3694720696064896,166.5173130157404,6
USD,test,2,2021-03-03,2021-04-01,selected_every5,10,0.6628212085918079,0.05755485295627025,-0.2024058570214455,0.2024058570214455,0.09992806055842432,-0.1024777964630212,99.92806055842429,6
USD,test,3,2021-04-01,2021-05-04,selected_every5,10,0.6563984366458513,0.05699713079726621,-0.4138219449246634,0.4138219449246634,0.2032082346907161,-0.2106137102339473,203.2082346907161,6
USD,test,4,2021-05-04,2021-06-02,selected_every5,10,0.6341192291049964,0.05506251602401351,-0.2921714341124755,0.2921714341124755,0.2020966576963229,-0.09007477641615258,202.0966576963229,6
USD,test,5,2021-06-02,2021-07-01,selected_every5,10,0.623960086693387,0.05418034842440794,-0.2185741276926559,0.2185741276926559,0.1041024377236536,-0.1144716899690023,104.1024377236536,6
USD,test,6,2021-07-01,2021-07-30,selected_every5,10,0.6769316023813658,0.05878013197907675,0.2501199460600461,-0.2501199460600461,0.1529018071408762,0.4030217532009223,152.9018071408762,6
USD,test,7,2021-07-30,2021-08-30,selected_every5,10,0.63573398384586,0.05520273309033288,-0.02605373116517008,0.02605373116517008,0.1000147172073335,0.07396098604216342,100.0147172073335,6
USD,test,8,2021-08-30,2021-09-28,selected_every5,10,0.5594769716590804,0.04858098674087603,-0.06426048574720469,0.06426048574720469,0.1376936367958899,0.07343315104868517,137.6936367958899,6
USD,test,9,2021-09-28,2021-10-27,selected_every5,10,0.4408042783317541,0.03827617816919258,-0.1648182776388496,0.1648182776388496,0.1514693530802669,-0.01334892455858266,151.469353080267,6
USD,test,10,2021-10-27,2021-11-25,selected_every5,10,0.4646137308516245,0.04034363742120493,-0.487180327856302,0.487180327856302,0.09962809474454271,-0.3875522331117593,99.62809474454269,5
USD,test,11,2021-11-25,2021-12-24,selected_every5,10,0.575067256928385,0.0499347589558905,-0.1085042575376747,0.1085042575376747,0.2015619235070475,0.09305766596937282,201.5619235070475,6
USD,test,12,2021-12-24,2022-01-24,selected_every5,10,0.6320966613366394,0.05488688658607589,-0.1894944785506567,0.1894944785506567,0.2007557325319999,0.01126125398134314,200.7557325319999,6
USD,test,13,2022-01-24,2022-02-22,selected_every5,10,0.6579838977263535,0.05713480446260222,-0.9248847786025181,0.9248847786025181,0.2669893762110441,-0.6578954023914739,266.9893762110441,6
USD,test,14,2022-02-22,2022-03-23,selected_every5,10,0.764341731852177,0.06637045146932263,-0.6231322959833495,0.6231322959833495,0.09949690895609563,-0.5236353870272539,99.49690895609564,6
USD,test,15,2022-03-23,2022-04-25,selected_every5,10,0.9352940444607611,0.08121545328131975,-0.2558074051519404,0.2558074051519404,0.1463328518013761,-0.1094745533505643,146.3328518013761,6
USD,test,16,2022-04-25,2022-05-24,selected_every5,10,1.005643048807286,0.08732446070144578,-0.2234194336982007,0.2234194336982007,0.1113995854226478,-0.1120198482755529,111.3995854226478,6
USD,test,17,2022-05-24,2022-06-22,selected_every5,10,1.032471746370248,0.08965424424227741,-0.03644244045486264,0.03644244045486264,0.100021828699051,0.06357938824418838,100.021828699051,6
USD,test,18,2022-06-22,2022-07-21,selected_every5,10,0.9961419658600121,0.08649939631914288,-0.7876760089825636,0.7876760089825636,0.09933758662954355,-0.6883384223530201,99.33758662954357,6
USD,test,19,2022-07-21,2022-08-19,selected_every5,10,1.117148091751289,0.09700754093564046,-0.262434208917071,0.262434208917071,0.1914364707625321,-0.07099773815453897,191.4364707625321,6
USD,test,20,2022-08-19,2022-09-19,selected_every5,10,1.103863675471885,0.09585391476127696,0.4519996813832554,-0.4519996813832554,0.1237608047303319,0.5757604861135873,123.7608047303319,6
USD,test,21,2022-09-19,2022-10-18,selected_every5,10,1.149157612037669,0.09978727677397796,-0.6763540012039597,0.6763540012039597,0.1115849826305087,-0.5647690185734511,111.5849826305087,6
USD,test,22,2022-10-18,2022-11-16,selected_every5,10,1.194351764036298,0.1037120054708354,-0.4912235753688634,0.4912235753688634,0.2073450322543253,-0.2838785431145381,207.3450322543252,6
USD,test,23,2022-11-16,2022-12-15,selected_every5,10,1.561866144357936,0.1356288585937812,0.3344925977545898,-0.3344925977545898,0.2209317286515426,0.5554243264061325,220.9317286515426,6
USD,test,24,2022-12-15,2023-01-16,selected_every5,10,1.553232084906377,0.1348790017652321,-0.463350410913506,0.463350410913506,0.2663679199391469,-0.1969824909743591,266.367919939147,6
USD,test,25,2023-01-16,2023-02-14,selected_every5,10,1.471797174578022,0.1278065622818664,0.6849033262273898,-0.6849033262273898,0.1318801321273957,0.8167834583547855,131.8801321273956,6
USD,test,26,2023-02-14,2023-03-15,selected_every5,10,1.063317150402838,0.09233284804034186,-0.01170040364628022,0.01170040364628022,0.1224558682576164,0.1107554646113362,122.4558682576164,6
USD,test,27,2023-03-15,2023-04-17,selected_every5,10,1.072891517205107,0.09316428539988957,-0.4477554027075712,0.4477554027075712,0.2054104114066003,-0.2423449913009709,205.4104114066003,6
USD,test,28,2023-04-17,2023-05-17,selected_every5,10,1.048185226089551,0.09101879547277311,0.5009716090137046,-0.5009716090137046,0.1072171166553421,0.6081887256690468,107.2171166553422,6
USD,test,29,2023-05-17,2023-06-15,selected_every5,10,0.9495877337814207,0.08245669165407478,0.4593960916866493,-0.4593960916866493,0.1321025653688922,0.5914986570555415,132.1025653688922,6
USD,test,30,2023-06-15,2023-07-14,selected_every5,10,0.7502464773502027,0.06514647507588577,-0.7032142117613489,0.7032142117613489,0.213939990832366,-0.4892742209289829,213.939990832366,6
USD,test,31,2023-07-14,2023-08-14,selected_every5,10,0.7802356197431877,0.06775061658998699,-0.1537287741990025,0.1537287741990025,0.1000751003521349,-0.05365367384686762,100.0751003521349,6
USD,test,32,2023-08-14,2023-09-12,selected_every5,10,0.8229094644333514,0.07145626534151298,0.09560706687669449,-0.09560706687669449,0.1002248726210491,0.1958319394977436,100.2248726210491,6
USD,test,33,2023-09-12,2023-10-11,selected_every5,10,0.8311350917824996,0.07217055262497593,-0.04501566934129203,0.04501566934129203,0.09997767241339148,0.05496200307209945,99.97767241339147,6
USD,test,34,2023-10-11,2023-11-09,selected_every5,10,0.7113625879175061,0.06176996166858643,-0.1335356071491276,0.1335356071491276,0.2352780678715305,0.1017424607224029,235.2780678715305,6
USD,test,35,2023-11-09,2023-12-08,selected_every5,10,0.7367577249590482,0.06397516684176008,-0.2996910627197877,0.2996910627197877,0.1977918515908334,-0.1018992111289544,197.7918515908333,6
USD,test,36,2023-12-08,2024-01-11,selected_every5,10,0.7803367840865576,0.06775940132755819,-0.3234287306860182,0.3234287306860182,0.2150186056818239,-0.1084101250041943,215.0186056818239,6
USD,test,37,2024-01-11,2024-02-09,selected_every5,10,0.8118096270821411,0.07049239201733958,0.03853830288189326,-0.03853830288189326,0.1001070064777084,0.1386453093596017,100.1070064777084,6
USD,test,38,2024-02-09,2024-03-11,selected_every5,10,0.766040694927419,0.06651798287134593,-0.03870170763038061,0.03870170763038061,0.20602240593053,0.1673206983001494,206.02240593053,6
USD,test,39,2024-03-11,2024-04-11,selected_every5,10,0.6833775271187434,0.0593398658235525,0.09348445898027791,-0.09348445898027791,0.1001483430196768,0.1936328019999547,100.1483430196767,6
USD,test,40,2024-04-11,2024-05-13,selected_every5,10,0.6723667176559545,0.05838373905116917,0.1913702400975268,-0.1913702400975268,0.205068332324796,0.3964385724223227,205.068332324796,6
USD,test,41,2024-05-13,2024-06-11,selected_every5,10,0.6115127652182082,0.05309948833681985,0.04497646114453246,-0.04497646114453246,0.1452915637692609,0.1902680249137934,145.2915637692609,6
USD,test,42,2024-06-11,2024-07-10,selected_every5,10,0.6675483465346872,0.0579653347748152,0.05764819786396913,-0.05764819786396913,0.2087722385395535,0.2664204364035226,208.7722385395535,6
USD,test,43,2024-07-10,2024-08-08,selected_every5,10,0.5876240451351862,0.05102512082316171,-0.3351815820957285,0.3351815820957285,0.2532004925536295,-0.08198108954209893,253.2004925536295,6
USD,test,44,2024-08-08,2024-09-06,selected_every5,10,0.631183352152263,0.05480757950038413,-0.2607585719212437,0.2607585719212437,0.20227198263844,-0.0584865892828037,202.27198263844,6
USD,test,45,2024-09-06,2024-10-07,selected_every5,10,0.5885702797160661,0.0511072866386742,-0.2438761110357803,0.2438761110357803,0.1580537483893927,-0.08582236264638768,158.0537483893926,6
USD,test,46,2024-10-07,2024-11-05,selected_every5,10,0.6311748889412598,0.05480684459857734,0.0171447625234753,-0.0171447625234753,0.100135939605192,0.1172807021286673,100.135939605192,6
USD,test,47,2024-11-05,2024-12-04,selected_every5,10,0.580326811154535,0.05039146933141765,-0.8628880388886904,0.8628880388886904,0.09924213716611689,-0.7636459017225735,99.24213716611692,6
USD,test,48,2024-12-04,2025-01-07,selected_every5,10,0.8524122763675237,0.0740181991516853,0.4074651982830986,-0.4074651982830986,0.1065678260975441,0.5140330243806426,106.567826097544,6
USD,test,49,2025-01-07,2025-02-05,selected_every5,10,0.8869000073689506,0.07701302091893587,-0.1144636627812829,0.1144636627812829,0.1683113860552454,0.05384772327396242,168.3113860552454,6
USD,test,50,2025-02-05,2025-03-06,selected_every5,10,1.065818827302365,0.09255009336270897,-0.1031003789821909,0.1031003789821909,0.2230734633621695,0.1199730843799786,223.0734633621695,6
USD,test,51,2025-03-06,2025-04-04,selected_every5,10,0.9796602234482563,0.08506814146996126,-0.7647348801397129,0.7647348801397129,0.2264858047833708,-0.5382490753563421,226.4858047833708,6
USD,test,52,2025-04-04,2025-05-08,selected_every5,10,1.111366954421172,0.09650550339273382,-0.5479265387666601,0.5479265387666601,0.2036240655093552,-0.3443024732573049,203.6240655093552,6
USD,test,53,2025-05-08,2025-06-06,selected_every5,10,1.14324954606078,0.09927421375858224,0.135109475227182,-0.135109475227182,0.238119755352838,0.3732292305800199,238.119755352838,6
USD,test,54,2025-06-06,2025-07-07,selected_every5,10,1.133106206594476,0.09839335615462566,-0.05353997074652739,0.05353997074652739,0.2037609022062308,0.1502209314597034,203.7609022062308,6
USD,test,55,2025-07-07,2025-08-05,selected_every5,10,1.063215103441607,0.09232398629637677,0.4426954845424911,-0.4426954845424911,0.1004946089269818,0.5431900934694729,100.4946089269818,6
USD,test,56,2025-08-05,2025-09-03,selected_every5,10,0.9519922437141872,0.08266549524781096,0.3101254770352995,-0.3101254770352995,0.1930088848634711,0.5031343618987705,193.0088848634711,6
USD,test,57,2025-09-03,2025-10-02,selected_every5,10,0.8987987499012888,0.07804627901612925,0.1627454035181444,-0.1627454035181444,0.1983072385289774,0.3610526420471218,198.3072385289774,6
USD,test,58,2025-10-02,2025-10-31,selected_every5,10,0.7655642233875213,0.06647660791711983,-0.02273125744559404,0.02273125744559404,0.1044514802092751,0.0817202227636811,104.4514802092751,6
USD,test,59,2025-10-31,2025-12-01,selected_every5,10,0.6421036743993653,0.05575584475313858,-0.2064043181510584,0.2064043181510584,0.2060739694413077,-0.000330348709750683,206.0739694413077,6
USD,test,0,2021-01-04,2021-02-02,selected_threshold,10,0.6681443424280076,0.05801708819289545,-0.07890872202956123,0.07890872202956123,0.1000418640427239,0.02113314201316267,100.0418640427239,5
USD,test,1,2021-02-02,2021-03-03,selected_threshold,10,0.6792940716857601,0.05898527767837256,-0.2141375740398956,0.2141375740398956,0.2561080248905828,0.04197045085068718,256.1080248905828,11
USD,test,2,2021-03-03,2021-04-01,selected_threshold,10,0.6628212085918079,0.05755485295627025,-0.2178882798584563,0.2178882798584563,0.1299184918089284,-0.08796978804952788,129.9184918089285,8
USD,test,3,2021-04-01,2021-05-04,selected_threshold,10,0.6563984366458513,0.05699713079726621,-0.2283686164931282,0.2283686164931282,0.1858411645974357,-0.04252745189569254,185.8411645974357,5
USD,test,4,2021-05-04,2021-06-02,selected_threshold,10,0.6341192291049964,0.05506251602401351,-0.3333630357478228,0.3333630357478228,0.215267850778803,-0.1180951849690197,215.267850778803,6
USD,test,5,2021-06-02,2021-07-01,selected_threshold,10,0.623960086693387,0.05418034842440794,-0.3932996017978603,0.3932996017978603,0.1268310009577613,-0.2664686008400989,126.8310009577613,6
USD,test,6,2021-07-01,2021-07-30,selected_threshold,10,0.6769316023813658,0.05878013197907675,0.252916769953714,-0.252916769953714,0.1497770033883012,0.4026937733420153,149.7770033883013,6
USD,test,7,2021-07-30,2021-08-30,selected_threshold,10,0.63573398384586,0.05520273309033288,0.08287393615041783,-0.08287393615041783,0.1001237539113531,0.1829976900617709,100.1237539113531,6
USD,test,8,2021-08-30,2021-09-28,selected_threshold,10,0.5594769716590804,0.04858098674087603,-0.02353625111533697,0.02353625111533697,0.1513735176703197,0.1278372665549827,151.3735176703197,8
USD,test,9,2021-09-28,2021-10-27,selected_threshold,10,0.4408042783317541,0.03827617816919258,-0.3319001619595108,0.3319001619595108,0.1724275432000283,-0.1594726187594825,172.4275432000283,8
USD,test,10,2021-10-27,2021-11-25,selected_threshold,10,0.4646137308516245,0.04034363742120493,-0.4943297123218962,0.4943297123218962,0.1330441338775638,-0.3612855784443324,133.0441338775638,6
USD,test,11,2021-11-25,2021-12-24,selected_threshold,10,0.575067256928385,0.0499347589558905,-0.2905427931401334,0.2905427931401334,0.2794348800365216,-0.01110791310361187,279.4348800365215,11
USD,test,12,2021-12-24,2022-01-24,selected_threshold,10,0.6320966613366394,0.05488688658607589,-0.08478027551899459,0.08478027551899459,0.2267918528609643,0.1420115773419697,226.7918528609643,8
USD,test,13,2022-01-24,2022-02-22,selected_threshold,10,0.6579838977263535,0.05713480446260222,-0.4536502148750827,0.4536502148750827,0.2621759868305094,-0.1914742280445733,262.1759868305094,9
USD,test,14,2022-02-22,2022-03-23,selected_threshold,10,0.764341731852177,0.06637045146932263,-0.4482763359690023,0.4482763359690023,0.09967193994710097,-0.3486043960219013,99.67193994710098,5
USD,test,15,2022-03-23,2022-04-25,selected_threshold,10,0.9352940444607611,0.08121545328131975,0.08089244287560049,-0.08089244287560049,0.1329345607445288,0.2138270036201292,132.9345607445287,8
USD,test,16,2022-04-25,2022-05-24,selected_threshold,10,1.005643048807286,0.08732446070144578,-0.042790159672488,0.042790159672488,0.09996155143957258,0.05717139176708458,99.9615514395726,6
USD,test,17,2022-05-24,2022-06-22,selected_threshold,10,1.032471746370248,0.08965424424227741,-0.1257370825342194,0.1257370825342194,0.1341669210475273,0.008429838513307891,134.1669210475273,6
USD,test,18,2022-06-22,2022-07-21,selected_threshold,10,0.9961419658600121,0.08649939631914288,-0.1571093189372812,0.1571093189372812,0.09996878451747676,-0.05714053441980443,99.96878451747676,5
USD,test,19,2022-07-21,2022-08-19,selected_threshold,10,1.117148091751289,0.09700754093564046,-0.1690649569798239,0.1690649569798239,0.2094863860097449,0.04042142902992096,209.4863860097449,9
USD,test,20,2022-08-19,2022-09-19,selected_threshold,10,1.103863675471885,0.09585391476127696,-0.3677381060518465,0.3677381060518465,0.2316209491762565,-0.13611715687559,231.6209491762565,10
USD,test,21,2022-09-19,2022-10-18,selected_threshold,10,1.149157612037669,0.09978727677397796,-0.4068088878254379,0.4068088878254379,0.1486055662148132,-0.2582033216106246,148.6055662148132,8
USD,test,22,2022-10-18,2022-11-16,selected_threshold,10,1.194351764036298,0.1037120054708354,-1.425035336196956,1.425035336196956,0.3359242531942458,-1.08911108300271,335.9242531942458,12
USD,test,23,2022-11-16,2022-12-15,selected_threshold,10,1.561866144357936,0.1356288585937812,0.2444579399699194,-0.2444579399699194,0.2339688430064639,0.4784267829763832,233.9688430064639,7
USD,test,24,2022-12-15,2023-01-16,selected_threshold,10,1.553232084906377,0.1348790017652321,0.1156947771703756,-0.1156947771703756,0.2725437721394289,0.3882385493098044,272.5437721394289,8
USD,test,25,2023-01-16,2023-02-14,selected_threshold,10,1.471797174578022,0.1278065622818664,0.2672943644461654,-0.2672943644461654,0.1888235974262325,0.4561179618723978,188.8235974262324,8
USD,test,26,2023-02-14,2023-03-15,selected_threshold,10,1.063317150402838,0.09233284804034186,-0.3787772236958631,0.3787772236958631,0.1723707257302305,-0.2064064979656326,172.3707257302305,8
USD,test,27,2023-03-15,2023-04-17,selected_threshold,10,1.072891517205107,0.09316428539988957,-0.5583874745736779,0.5583874745736779,0.2284235058325336,-0.3299639687411443,228.4235058325336,7
USD,test,28,2023-04-17,2023-05-17,selected_threshold,10,1.048185226089551,0.09101879547277311,0.3744381032540622,-0.3744381032540622,0.1486350460042224,0.5230731492582846,148.6350460042224,9
USD,test,29,2023-05-17,2023-06-15,selected_threshold,10,0.9495877337814207,0.08245669165407478,0.3653389851839712,-0.3653389851839712,0.1573076287497181,0.5226466139336894,157.3076287497181,7
USD,test,30,2023-06-15,2023-07-14,selected_threshold,10,0.7502464773502027,0.06514647507588577,-0.4517094728114159,0.4517094728114159,0.2394254908169043,-0.2122839819945117,239.4254908169043,8
USD,test,31,2023-07-14,2023-08-14,selected_threshold,10,0.7802356197431877,0.06775061658998699,-0.2594277233098601,0.2594277233098601,0.1208463683386313,-0.1385813549712288,120.8463683386313,7
USD,test,32,2023-08-14,2023-09-12,selected_threshold,10,0.8229094644333514,0.07145626534151298,0.04173192426275429,-0.04173192426275429,0.126871351195679,0.1686032754584333,126.871351195679,8
USD,test,33,2023-09-12,2023-10-11,selected_threshold,10,0.8311350917824996,0.07217055262497593,0.04862336147698798,-0.04862336147698798,0.1232335505589638,0.1718569120359518,123.2335505589638,6
USD,test,34,2023-10-11,2023-11-09,selected_threshold,10,0.7113625879175061,0.06176996166858643,-0.5493660088193337,0.5493660088193337,0.324233694432669,-0.2251323143866647,324.233694432669,12
USD,test,35,2023-11-09,2023-12-08,selected_threshold,10,0.7367577249590482,0.06397516684176008,-0.3161307701526823,0.3161307701526823,0.1872929210821188,-0.1288378490705636,187.2929210821188,4
USD,test,36,2023-12-08,2024-01-11,selected_threshold,10,0.7803367840865576,0.06775940132755819,-0.1830213887633221,0.1830213887633221,0.2026809541590977,0.01965956539577562,202.6809541590977,5
USD,test,37,2024-01-11,2024-02-09,selected_threshold,10,0.8118096270821411,0.07049239201733958,0.09059387352412429,-0.09059387352412429,0.1001591141560289,0.1907529876801533,100.1591141560289,5
USD,test,38,2024-02-09,2024-03-11,selected_threshold,10,0.766040694927419,0.06651798287134593,0.02828102254858322,-0.02828102254858322,0.2347271995921403,0.2630082221407235,234.7271995921403,9
USD,test,39,2024-03-11,2024-04-11,selected_threshold,10,0.6833775271187434,0.0593398658235525,-0.2233358854179022,0.2233358854179022,0.1601228924857056,-0.06321299293219659,160.1228924857056,8
USD,test,40,2024-04-11,2024-05-13,selected_threshold,10,0.6723667176559545,0.05838373905116917,0.04640461350383873,-0.04640461350383873,0.2362320785486728,0.2826366920525115,236.2320785486728,7
USD,test,41,2024-05-13,2024-06-11,selected_threshold,10,0.6115127652182082,0.05309948833681985,-0.4763473915268897,0.4763473915268897,0.2385310193964264,-0.2378163721304632,238.5310193964264,9
USD,test,42,2024-06-11,2024-07-10,selected_threshold,10,0.6675483465346872,0.0579653347748152,-0.2638820068619907,0.2638820068619907,0.287965573756251,0.02408356689426028,287.965573756251,11
USD,test,43,2024-07-10,2024-08-08,selected_threshold,10,0.5876240451351862,0.05102512082316171,-0.5179405128557022,0.5179405128557022,0.2918295932070345,-0.2261109196486677,291.8295932070345,9
USD,test,44,2024-08-08,2024-09-06,selected_threshold,10,0.631183352152263,0.05480757950038413,-0.2327662297189192,0.2327662297189192,0.1978755726597874,-0.0348906570591318,197.8755726597875,5
USD,test,45,2024-09-06,2024-10-07,selected_threshold,10,0.5885702797160661,0.0511072866386742,-0.5157451355696541,0.5157451355696541,0.2532627929832664,-0.2624823425863877,253.2627929832664,11
USD,test,46,2024-10-07,2024-11-05,selected_threshold,10,0.6311748889412598,0.05480684459857734,-0.01282392148545508,0.01282392148545508,0.1001059409225003,0.08728201943704525,100.1059409225004,6
USD,test,47,2024-11-05,2024-12-04,selected_threshold,10,0.580326811154535,0.05039146933141765,-0.8483895302748063,0.8483895302748063,0.1249982655320876,-0.7233912647427188,124.9982655320876,6
USD,test,48,2024-12-04,2025-01-07,selected_threshold,10,0.8524122763675237,0.0740181991516853,0.02413949395816295,-0.02413949395816295,0.1318898014345487,0.1560292953927116,131.8898014345487,7
USD,test,49,2025-01-07,2025-02-05,selected_threshold,10,0.8869000073689506,0.07701302091893587,-0.8717863939542045,0.8717863939542045,0.2301336485227782,-0.6416527454314264,230.1336485227782,9
USD,test,50,2025-02-05,2025-03-06,selected_threshold,10,1.065818827302365,0.09255009336270897,-0.1091950044289121,0.1091950044289121,0.2805661478936056,0.1713711434646935,280.5661478936055,9
USD,test,51,2025-03-06,2025-04-04,selected_threshold,10,0.9796602234482563,0.08506814146996126,-0.984312567443709,0.984312567443709,0.2641682331383278,-0.7201443343053812,264.1682331383278,7
USD,test,52,2025-04-04,2025-05-08,selected_threshold,10,1.111366954421172,0.09650550339273382,-0.5574657779475558,0.5574657779475558,0.2133675425405919,-0.3440982354069639,213.3675425405919,6
USD,test,53,2025-05-08,2025-06-06,selected_threshold,10,1.14324954606078,0.09927421375858224,-0.003161833638742451,0.003161833638742451,0.2629548544303227,0.2597930207915802,262.9548544303227,9
USD,test,54,2025-06-06,2025-07-07,selected_threshold,10,1.133106206594476,0.09839335615462566,-0.1962156527612251,0.1962156527612251,0.2180965067546912,0.02188085399346609,218.0965067546912,6
USD,test,55,2025-07-07,2025-08-05,selected_threshold,10,1.063215103441607,0.09232398629637677,0.07831498716655183,-0.07831498716655183,0.1566148723687809,0.2349298595353327,156.6148723687809,8
USD,test,56,2025-08-05,2025-09-03,selected_threshold,10,0.9519922437141872,0.08266549524781096,-0.1270204266312192,0.1270204266312192,0.2577941817798406,0.1307737551486215,257.7941817798406,9
USD,test,57,2025-09-03,2025-10-02,selected_threshold,10,0.8987987499012888,0.07804627901612925,0.1021590850725431,-0.1021590850725431,0.2247849378503114,0.3269440229228545,224.7849378503114,7
USD,test,58,2025-10-02,2025-10-31,selected_threshold,10,0.7655642233875213,0.06647660791711983,-0.01213107052808837,0.01213107052808837,0.1308038030923909,0.1186727325643025,130.8038030923909,8
USD,test,59,2025-10-31,2025-12-01,selected_threshold,10,0.6421036743993653,0.05575584475313858,-0.1825153202133265,0.1825153202133265,0.220332818851982,0.03781749863865552,220.332818851982,8
JPY,validation,0,2017-01-02,2017-01-31,frozen_rolling63_daily,0,1.011023742606206,0.08779171522829829,0.07250768722806633,-0.07250768722806633,0,0.07250768722806633,237.8065108083196,22
JPY,validation,1,2017-01-31,2017-03-01,frozen_rolling63_daily,0,1.003708290571147,0.08715644816347283,0.07542402435231582,-0.07542402435231582,0,0.07542402435231582,157.2366448978433,22
JPY,validation,2,2017-03-01,2017-03-30,frozen_rolling63_daily,0,0.9011355320411809,0.07824919974315678,0.05036184067890481,-0.05036184067890481,0,0.05036184067890481,245.2756782353911,22
JPY,validation,3,2017-03-30,2017-05-03,frozen_rolling63_daily,0,0.8697467137618631,0.0755234732910543,-0.6501200696017122,0.6501200696017122,0,-0.6501200696017122,336.349523375528,22
JPY,validation,4,2017-05-03,2017-06-01,frozen_rolling63_daily,0,1.073506673023019,0.09321770553487055,-0.09713684392332311,0.09713684392332311,0,-0.09713684392332311,295.8029952134971,22
JPY,validation,5,2017-06-01,2017-06-30,frozen_rolling63_daily,0,1.140023093629821,0.09899402527376132,0.1301450854148953,-0.1301450854148953,0,0.1301450854148953,294.3918232701553,22
JPY,validation,6,2017-06-30,2017-07-31,frozen_rolling63_daily,0,1.192100353633705,0.1035164887999282,0.3222057411233266,-0.3222057411233266,0,0.3222057411233266,253.1129254281376,22
JPY,validation,7,2017-07-31,2017-08-29,frozen_rolling63_daily,0,0.9885762230223065,0.08584239578199629,0.1408521635203357,-0.1408521635203357,0,0.1408521635203357,314.1781382542769,22
JPY,validation,8,2017-08-29,2017-09-27,frozen_rolling63_daily,0,0.9027907321481337,0.07839293351201151,-0.03256059635316433,0.03256059635316433,0,-0.03256059635316433,289.908926065536,22
JPY,validation,9,2017-09-27,2017-10-26,frozen_rolling63_daily,0,0.8383991084798765,0.0728013373394077,0.2845329829452226,-0.2845329829452226,0,0.2845329829452226,289.3546705768953,22
JPY,validation,10,2017-10-26,2017-11-24,frozen_rolling63_daily,0,0.7864602861602705,0.06829114381231398,0.01495323536653886,-0.01495323536653886,0,0.01495323536653886,187.6142229846857,22
JPY,validation,11,2017-11-24,2017-12-27,frozen_rolling63_daily,0,0.7381688817184653,0.06409770585211534,-0.04230468873947757,0.04230468873947757,0,-0.04230468873947757,331.1933900970554,22
JPY,validation,12,2017-12-27,2018-01-26,frozen_rolling63_daily,0,0.6725764655192421,0.05840195255610633,-0.2022595091657138,0.2022595091657138,0,-0.2022595091657138,349.7608844003623,22
JPY,validation,13,2018-01-26,2018-02-26,frozen_rolling63_daily,0,0.7648187743246098,0.06641187599504794,-0.258026692588867,0.258026692588867,0,-0.258026692588867,181.5804690107065,22
JPY,validation,14,2018-02-26,2018-03-27,frozen_rolling63_daily,0,0.8363565074518675,0.07262396413100129,-0.178896407225932,0.178896407225932,0,-0.178896407225932,250.7781834894758,22
JPY,validation,15,2018-03-27,2018-04-27,frozen_rolling63_daily,0,0.9220093258954236,0.08006183445945184,0.2740565126799197,-0.2740565126799197,0,0.2740565126799197,258.7517851984515,22
JPY,validation,16,2018-04-27,2018-05-29,frozen_rolling63_daily,0,0.8633117172812987,0.07496467575320845,-0.1074359557423914,0.1074359557423914,0,-0.1074359557423914,174.3845186672517,22
JPY,validation,17,2018-05-29,2018-06-27,frozen_rolling63_daily,0,0.9171360154820434,0.07963864632982874,-0.1747892105259155,0.1747892105259155,0,-0.1747892105259155,279.3523043058631,22
JPY,validation,18,2018-06-27,2018-07-26,frozen_rolling63_daily,0,0.9656567748292062,0.08385210155230571,0.0929529662361972,-0.0929529662361972,0,0.0929529662361972,237.919241809657,22
JPY,validation,19,2018-07-26,2018-08-24,frozen_rolling63_daily,0,0.995440675157667,0.08643849699639181,-0.08535969039749136,0.08535969039749136,0,-0.08535969039749136,154.0012733747925,22
JPY,validation,20,2018-08-24,2018-09-24,frozen_rolling63_daily,0,0.9894260511928792,0.08591619385900272,0.1245076687941662,-0.1245076687941662,0,0.1245076687941662,292.1853431797633,22
JPY,validation,21,2018-09-24,2018-10-23,frozen_rolling63_daily,0,0.8895541085419083,0.07724349651284924,0.04074306695682661,-0.04074306695682661,0,0.04074306695682661,146.2608545056708,22
JPY,validation,22,2018-10-23,2018-11-21,frozen_rolling63_daily,0,0.9017400402772751,0.07830169384356464,0.2152045081434082,-0.2152045081434082,0,0.2152045081434082,267.475461065281,22
JPY,validation,23,2018-11-21,2018-12-20,frozen_rolling63_daily,0,0.8006948537621099,0.06952722306995913,0.2204832363389677,-0.2204832363389677,0,0.2204832363389677,202.08034495498,22
JPY,validation,24,2018-12-20,2019-01-23,frozen_rolling63_daily,0,0.7209017983054622,0.06259830518647462,-0.1459480927948315,0.1459480927948315,0,-0.1459480927948315,109.6256203017118,22
JPY,validation,25,2019-01-23,2019-02-21,frozen_rolling63_daily,0,0.8572142804404095,0.07443519142353591,0.2764409288620016,-0.2764409288620016,0,0.2764409288620016,305.0342660674207,22
JPY,validation,26,2019-02-21,2019-03-22,frozen_rolling63_daily,0,0.8055978865392888,0.06995298552027916,-0.2502977916672222,0.2502977916672222,0,-0.2502977916672222,279.7225432132598,22
JPY,validation,27,2019-03-22,2019-04-24,frozen_rolling63_daily,0,0.8663249231003647,0.07522633426470737,0.2101895136789835,-0.2101895136789835,0,0.2101895136789835,238.5465981535917,22
JPY,validation,28,2019-04-24,2019-05-24,frozen_rolling63_daily,0,0.6733287294837069,0.05846727557733953,0.01423431260752815,-0.01423431260752815,0,0.01423431260752815,125.8821197231317,22
JPY,validation,29,2019-05-24,2019-06-24,frozen_rolling63_daily,0,0.6934107111310226,0.06021110119541873,0.05197412825954384,-0.05197412825954384,0,0.05197412825954384,212.4211237305716,22
JPY,validation,30,2019-06-24,2019-07-23,frozen_rolling63_daily,0,0.6425525457582637,0.05579482248160672,0.1284794147842152,-0.1284794147842152,0,0.1284794147842152,180.5950112275535,22
JPY,validation,31,2019-07-23,2019-08-21,frozen_rolling63_daily,0,0.6046824090575598,0.05250637659657966,-0.2921862570782315,0.2921862570782315,0,-0.2921862570782315,162.2220220257009,22
JPY,validation,32,2019-08-21,2019-09-19,frozen_rolling63_daily,0,0.7051430886979517,0.06122988789829873,-0.3837570162192776,0.3837570162192776,0,-0.3837570162192776,359.9183694278363,22
JPY,validation,33,2019-09-19,2019-10-18,frozen_rolling63_daily,0,0.7982162744901871,0.06931199189739927,-0.1998317235817382,0.1998317235817382,0,-0.1998317235817382,359.6538156905157,22
JPY,validation,34,2019-10-18,2019-11-18,frozen_rolling63_daily,0,0.8936250123428522,0.07759700391563573,0.4609438583178331,-0.4609438583178331,0,0.4609438583178331,152.2177538585877,22
JPY,validation,35,2019-11-18,2019-12-17,frozen_rolling63_daily,0,0.7730395299822419,0.06712573503784171,0.06912430421077431,-0.06912430421077431,0,0.06912430421077431,298.5349242839078,22
JPY,validation,36,2019-12-17,2020-01-20,frozen_rolling63_daily,0,0.6806778303662497,0.05910543678408096,0.08534769638950479,-0.08534769638950479,0,0.08534769638950479,287.7410415332429,22
JPY,validation,37,2020-01-20,2020-02-18,frozen_rolling63_daily,0,0.627075368666226,0.05445086337077962,0.005977973604462536,-0.005977973604462536,0,0.005977973604462536,132.6110200822434,22
JPY,validation,38,2020-02-18,2020-03-18,frozen_rolling63_daily,0,0.6620208010380821,0.05748534945172562,-1.993674230919285,1.993674230919285,0,-1.993674230919285,443.3035498154239,22
JPY,validation,39,2020-03-18,2020-04-20,frozen_rolling63_daily,0,1.048280885025342,0.09102710246078129,0.2105451042749777,-0.2105451042749777,0,0.2105451042749777,239.7849855771807,22
JPY,validation,40,2020-04-20,2020-05-20,frozen_rolling63_daily,0,1.106990336869032,0.09612543555357964,-0.2986329751369965,0.2986329751369965,0,-0.2986329751369965,371.5913973031935,22
JPY,validation,41,2020-05-20,2020-06-18,frozen_rolling63_daily,0,1.252191788624586,0.1087349696465236,0.1051162979547655,-0.1051162979547655,0,0.1051162979547655,233.6730057901513,22
JPY,validation,42,2020-06-18,2020-07-17,frozen_rolling63_daily,0,1.071631763779465,0.09305488842200241,-0.03200439472169592,0.03200439472169592,0,-0.03200439472169592,324.379289016812,22
JPY,validation,43,2020-07-17,2020-08-17,frozen_rolling63_daily,0,1.088206019148203,0.09449419849771104,0.2238805473378562,-0.2238805473378562,0,0.2238805473378562,236.4448920257227,22
JPY,validation,44,2020-08-17,2020-09-15,frozen_rolling63_daily,0,0.9547663799526234,0.08290639666083845,0.3845033735931835,-0.3845033735931835,0,0.3845033735931835,230.8853591701505,22
JPY,validation,45,2020-09-15,2020-10-14,frozen_rolling63_daily,0,0.8331609367934405,0.07234647067160761,0.1024716467542985,-0.1024716467542985,0,0.1024716467542985,174.0519614720127,22
JPY,validation,46,2020-10-14,2020-11-12,frozen_rolling63_daily,0,0.7414723942001942,0.06438456927693012,-0.5218682923519964,0.5218682923519964,0,-0.5218682923519964,366.9145270047848,22
JPY,validation,47,2020-11-12,2020-12-11,frozen_rolling63_daily,0,0.8307267673523953,0.07213509501379398,0.1358996425556711,-0.1358996425556711,0,0.1358996425556711,256.8849284433343,22
JPY,validation,0,2017-01-02,2017-01-31,rolling63_daily,0,1.011023742606206,0.08779171522829829,0.06735851680277616,-0.06735851680277616,0,0.06735851680277616,239.319094335611,22
JPY,validation,1,2017-01-31,2017-03-01,rolling63_daily,0,1.003708290571147,0.08715644816347283,0.07742347875701612,-0.07742347875701612,0,0.07742347875701612,158.8613251194006,22
JPY,validation,2,2017-03-01,2017-03-30,rolling63_daily,0,0.9011355320411809,0.07824919974315678,0.03163431735912425,-0.03163431735912425,0,0.03163431735912425,248.6348488537011,22
JPY,validation,3,2017-03-30,2017-05-03,rolling63_daily,0,0.8697467137618631,0.0755234732910543,-0.7074046677468715,0.7074046677468715,0,-0.7074046677468715,334.0812888536017,22
JPY,validation,4,2017-05-03,2017-06-01,rolling63_daily,0,1.073506673023019,0.09321770553487055,-0.1015120831505811,0.1015120831505811,0,-0.1015120831505811,298.3016266960253,22
JPY,validation,5,2017-06-01,2017-06-30,rolling63_daily,0,1.140023093629821,0.09899402527376132,0.1312286820117237,-0.1312286820117237,0,0.1312286820117237,293.6902554405998,22
JPY,validation,6,2017-06-30,2017-07-31,rolling63_daily,0,1.192100353633705,0.1035164887999282,0.3424726003877225,-0.3424726003877225,0,0.3424726003877225,253.8725464836809,22
JPY,validation,7,2017-07-31,2017-08-29,rolling63_daily,0,0.9885762230223065,0.08584239578199629,0.1271030875348345,-0.1271030875348345,0,0.1271030875348345,324.3505706134938,22
JPY,validation,8,2017-08-29,2017-09-27,rolling63_daily,0,0.9027907321481337,0.07839293351201151,-0.02968211563441514,0.02968211563441514,0,-0.02968211563441514,292.58411985652,22
JPY,validation,9,2017-09-27,2017-10-26,rolling63_daily,0,0.8383991084798765,0.0728013373394077,0.2892369605186644,-0.2892369605186644,0,0.2892369605186644,291.9591174123604,22
JPY,validation,10,2017-10-26,2017-11-24,rolling63_daily,0,0.7864602861602705,0.06829114381231398,0.01679968811556062,-0.01679968811556062,0,0.01679968811556062,187.736828537044,22
JPY,validation,11,2017-11-24,2017-12-27,rolling63_daily,0,0.7381688817184653,0.06409770585211534,-0.04030828208055937,0.04030828208055937,0,-0.04030828208055937,332.8910641379669,22
JPY,validation,12,2017-12-27,2018-01-26,rolling63_daily,0,0.6725764655192421,0.05840195255610633,-0.1789571427613339,0.1789571427613339,0,-0.1789571427613339,334.3740757532806,22
JPY,validation,13,2018-01-26,2018-02-26,rolling63_daily,0,0.7648187743246098,0.06641187599504794,-0.2912215086747563,0.2912215086747563,0,-0.2912215086747563,181.9989594585246,22
JPY,validation,14,2018-02-26,2018-03-27,rolling63_daily,0,0.8363565074518675,0.07262396413100129,-0.1671963800579084,0.1671963800579084,0,-0.1671963800579084,244.8508421317001,22
JPY,validation,15,2018-03-27,2018-04-27,rolling63_daily,0,0.9220093258954236,0.08006183445945184,0.2793205159440788,-0.2793205159440788,0,0.2793205159440788,258.8698379840395,22
JPY,validation,16,2018-04-27,2018-05-29,rolling63_daily,0,0.8633117172812987,0.07496467575320845,-0.08524399039444228,0.08524399039444228,0,-0.08524399039444228,174.2131568582355,22
JPY,validation,17,2018-05-29,2018-06-27,rolling63_daily,0,0.9171360154820434,0.07963864632982874,-0.1892060326872098,0.1892060326872098,0,-0.1892060326872098,283.4533554470396,22
JPY,validation,18,2018-06-27,2018-07-26,rolling63_daily,0,0.9656567748292062,0.08385210155230571,0.08764258605901887,-0.08764258605901887,0,0.08764258605901887,238.3273926034727,22
JPY,validation,19,2018-07-26,2018-08-24,rolling63_daily,0,0.995440675157667,0.08643849699639181,-0.09883460608496097,0.09883460608496097,0,-0.09883460608496097,153.4521588721029,22
JPY,validation,20,2018-08-24,2018-09-24,rolling63_daily,0,0.9894260511928792,0.08591619385900272,0.1515740780336898,-0.1515740780336898,0,0.1515740780336898,295.5837676251323,22
JPY,validation,21,2018-09-24,2018-10-23,rolling63_daily,0,0.8895541085419083,0.07724349651284924,0.04224923029133949,-0.04224923029133949,0,0.04224923029133949,147.7149181364798,22
JPY,validation,22,2018-10-23,2018-11-21,rolling63_daily,0,0.9017400402772751,0.07830169384356464,0.1655997776926377,-0.1655997776926377,0,0.1655997776926377,277.8984487007292,22
JPY,validation,23,2018-11-21,2018-12-20,rolling63_daily,0,0.8006948537621099,0.06952722306995913,0.2130120512367619,-0.2130120512367619,0,0.2130120512367619,207.8909203729649,22
JPY,validation,24,2018-12-20,2019-01-23,rolling63_daily,0,0.7209017983054622,0.06259830518647462,-0.1470345026435352,0.1470345026435352,0,-0.1470345026435352,112.6655423031691,22
JPY,validation,25,2019-01-23,2019-02-21,rolling63_daily,0,0.8572142804404095,0.07443519142353591,0.268062073794411,-0.268062073794411,0,0.268062073794411,311.3944348258817,22
JPY,validation,26,2019-02-21,2019-03-22,rolling63_daily,0,0.8055978865392888,0.06995298552027916,-0.2376925598804576,0.2376925598804576,0,-0.2376925598804576,277.1047609754565,22
JPY,validation,27,2019-03-22,2019-04-24,rolling63_daily,0,0.8663249231003647,0.07522633426470737,0.2463154923350146,-0.2463154923350146,0,0.2463154923350146,240.922054145483,22
JPY,validation,28,2019-04-24,2019-05-24,rolling63_daily,0,0.6733287294837069,0.05846727557733953,0.00721173859538766,-0.00721173859538766,0,0.00721173859538766,125.4353157757154,22
JPY,validation,29,2019-05-24,2019-06-24,rolling63_daily,0,0.6934107111310226,0.06021110119541873,0.05397761723169836,-0.05397761723169836,0,0.05397761723169836,214.3620762029552,22
JPY,validation,30,2019-06-24,2019-07-23,rolling63_daily,0,0.6425525457582637,0.05579482248160672,0.1366679330268787,-0.1366679330268787,0,0.1366679330268787,179.2145379125995,22
JPY,validation,31,2019-07-23,2019-08-21,rolling63_daily,0,0.6046824090575598,0.05250637659657966,-0.3164294064212601,0.3164294064212601,0,-0.3164294064212601,164.7582936294467,22
JPY,validation,32,2019-08-21,2019-09-19,rolling63_daily,0,0.7051430886979517,0.06122988789829873,-0.3681490435535579,0.3681490435535579,0,-0.3681490435535579,360.5260078212585,22
JPY,validation,33,2019-09-19,2019-10-18,rolling63_daily,0,0.7982162744901871,0.06931199189739927,-0.1891189629374139,0.1891189629374139,0,-0.1891189629374139,353.2784756441538,22
JPY,validation,34,2019-10-18,2019-11-18,rolling63_daily,0,0.8936250123428522,0.07759700391563573,0.4639063394747873,-0.4639063394747873,0,0.4639063394747873,154.3952573324554,22
JPY,validation,35,2019-11-18,2019-12-17,rolling63_daily,0,0.7730395299822419,0.06712573503784171,0.1100545861002189,-0.1100545861002189,0,0.1100545861002189,302.3714939488942,22
JPY,validation,36,2019-12-17,2020-01-20,rolling63_daily,0,0.6806778303662497,0.05910543678408096,0.08562905165027246,-0.08562905165027246,0,0.08562905165027246,292.341910922083,22
JPY,validation,37,2020-01-20,2020-02-18,rolling63_daily,0,0.627075368666226,0.05445086337077962,-0.0006966418122181638,0.0006966418122181638,0,-0.0006966418122181638,133.4489497998428,22
JPY,validation,38,2020-02-18,2020-03-18,rolling63_daily,0,0.6620208010380821,0.05748534945172562,-1.71045066528269,1.71045066528269,0,-1.71045066528269,400.3243052679643,22
JPY,validation,39,2020-03-18,2020-04-20,rolling63_daily,0,1.048280885025342,0.09102710246078129,0.2281076199688403,-0.2281076199688403,0,0.2281076199688403,235.5374191442782,22
JPY,validation,40,2020-04-20,2020-05-20,rolling63_daily,0,1.106990336869032,0.09612543555357964,-0.2455005334926028,0.2455005334926028,0,-0.2455005334926028,359.2905227805582,22
JPY,validation,41,2020-05-20,2020-06-18,rolling63_daily,0,1.252191788624586,0.1087349696465236,0.1116228418759704,-0.1116228418759704,0,0.1116228418759704,233.4803108498811,22
JPY,validation,42,2020-06-18,2020-07-17,rolling63_daily,0,1.071631763779465,0.09305488842200241,-0.03783766403286393,0.03783766403286393,0,-0.03783766403286393,324.8513826658009,22
JPY,validation,43,2020-07-17,2020-08-17,rolling63_daily,0,1.088206019148203,0.09449419849771104,0.2449218558342778,-0.2449218558342778,0,0.2449218558342778,236.2814850863824,22
JPY,validation,44,2020-08-17,2020-09-15,rolling63_daily,0,0.9547663799526234,0.08290639666083845,0.3714401564320369,-0.3714401564320369,0,0.3714401564320369,236.7517519378239,22
JPY,validation,45,2020-09-15,2020-10-14,rolling63_daily,0,0.8331609367934405,0.07234647067160761,0.1019707688792546,-0.1019707688792546,0,0.1019707688792546,169.827597370664,22
JPY,validation,46,2020-10-14,2020-11-12,rolling63_daily,0,0.7414723942001942,0.06438456927693012,-0.4939340392243849,0.4939340392243849,0,-0.4939340392243849,359.8927338730509,22
JPY,validation,47,2020-11-12,2020-12-11,rolling63_daily,0,0.8307267673523953,0.07213509501379398,0.1447637844182452,-0.1447637844182452,0,0.1447637844182452,258.3300293889812,22
JPY,validation,0,2017-01-02,2017-01-31,ewma_daily,0,1.011023742606206,0.08779171522829829,0.05576893913954972,-0.05576893913954972,0,0.05576893913954972,240.2303338876573,22
JPY,validation,1,2017-01-31,2017-03-01,ewma_daily,0,1.003708290571147,0.08715644816347283,0.09557276551968115,-0.09557276551968115,0,0.09557276551968115,156.1635375465629,22
JPY,validation,2,2017-03-01,2017-03-30,ewma_daily,0,0.9011355320411809,0.07824919974315678,0.0584867737026542,-0.0584867737026542,0,0.0584867737026542,241.9519234804395,22
JPY,validation,3,2017-03-30,2017-05-03,ewma_daily,0,0.8697467137618631,0.0755234732910543,-0.7372507103176957,0.7372507103176957,0,-0.7372507103176957,332.7075821680189,22
JPY,validation,4,2017-05-03,2017-06-01,ewma_daily,0,1.073506673023019,0.09321770553487055,-0.1030764291694481,0.1030764291694481,0,-0.1030764291694481,295.3653517897128,22
JPY,validation,5,2017-06-01,2017-06-30,ewma_daily,0,1.140023093629821,0.09899402527376132,0.1444668353399265,-0.1444668353399265,0,0.1444668353399265,297.0809337895757,22
JPY,validation,6,2017-06-30,2017-07-31,ewma_daily,0,1.192100353633705,0.1035164887999282,0.3488017515728075,-0.3488017515728075,0,0.3488017515728075,254.6128128549074,22
JPY,validation,7,2017-07-31,2017-08-29,ewma_daily,0,0.9885762230223065,0.08584239578199629,0.117923574618672,-0.117923574618672,0,0.117923574618672,322.7922387269659,22
JPY,validation,8,2017-08-29,2017-09-27,ewma_daily,0,0.9027907321481337,0.07839293351201151,-0.03819820052541445,0.03819820052541445,0,-0.03819820052541445,290.8463169334188,22
JPY,validation,9,2017-09-27,2017-10-26,ewma_daily,0,0.8383991084798765,0.0728013373394077,0.2902924404973106,-0.2902924404973106,0,0.2902924404973106,291.2400335446897,22
JPY,validation,10,2017-10-26,2017-11-24,ewma_daily,0,0.7864602861602705,0.06829114381231398,0.00945472387515311,-0.00945472387515311,0,0.00945472387515311,187.5455872967793,22
JPY,validation,11,2017-11-24,2017-12-27,ewma_daily,0,0.7381688817184653,0.06409770585211534,-0.04983175210792012,0.04983175210792012,0,-0.04983175210792012,332.7974641118395,22
JPY,validation,12,2017-12-27,2018-01-26,ewma_daily,0,0.6725764655192421,0.05840195255610633,-0.1575165895271766,0.1575165895271766,0,-0.1575165895271766,325.6184022519848,22
JPY,validation,13,2018-01-26,2018-02-26,ewma_daily,0,0.7648187743246098,0.06641187599504794,-0.2985012455033971,0.2985012455033971,0,-0.2985012455033971,177.8116134235401,22
JPY,validation,14,2018-02-26,2018-03-27,ewma_daily,0,0.8363565074518675,0.07262396413100129,-0.1682061770853496,0.1682061770853496,0,-0.1682061770853496,243.61901690177,22
JPY,validation,15,2018-03-27,2018-04-27,ewma_daily,0,0.9220093258954236,0.08006183445945184,0.2859016286377312,-0.2859016286377312,0,0.2859016286377312,260.0904496249783,22
JPY,validation,16,2018-04-27,2018-05-29,ewma_daily,0,0.8633117172812987,0.07496467575320845,-0.06905555168590179,0.06905555168590179,0,-0.06905555168590179,178.4832943504496,22
JPY,validation,17,2018-05-29,2018-06-27,ewma_daily,0,0.9171360154820434,0.07963864632982874,-0.1993342161637202,0.1993342161637202,0,-0.1993342161637202,286.9980718617897,22
JPY,validation,18,2018-06-27,2018-07-26,ewma_daily,0,0.9656567748292062,0.08385210155230571,0.08389007048637609,-0.08389007048637609,0,0.08389007048637609,236.1438920106019,22
JPY,validation,19,2018-07-26,2018-08-24,ewma_daily,0,0.995440675157667,0.08643849699639181,-0.0765472319003887,0.0765472319003887,0,-0.0765472319003887,157.0621841659579,22
JPY,validation,20,2018-08-24,2018-09-24,ewma_daily,0,0.9894260511928792,0.08591619385900272,0.1402075089373938,-0.1402075089373938,0,0.1402075089373938,295.341970386945,22
JPY,validation,21,2018-09-24,2018-10-23,ewma_daily,0,0.8895541085419083,0.07724349651284924,0.04450372719591051,-0.04450372719591051,0,0.04450372719591051,146.6203538343946,22
JPY,validation,22,2018-10-23,2018-11-21,ewma_daily,0,0.9017400402772751,0.07830169384356464,0.1715822580258184,-0.1715822580258184,0,0.1715822580258184,278.8365875364587,22
JPY,validation,23,2018-11-21,2018-12-20,ewma_daily,0,0.8006948537621099,0.06952722306995913,0.215635704360452,-0.215635704360452,0,0.215635704360452,206.5525597715265,22
JPY,validation,24,2018-12-20,2019-01-23,ewma_daily,0,0.7209017983054622,0.06259830518647462,-0.1598686599766967,0.1598686599766967,0,-0.1598686599766967,115.8533522073581,22
JPY,validation,25,2019-01-23,2019-02-21,ewma_daily,0,0.8572142804404095,0.07443519142353591,0.26627004374987,-0.26627004374987,0,0.26627004374987,312.6107825872509,22
JPY,validation,26,2019-02-21,2019-03-22,ewma_daily,0,0.8055978865392888,0.06995298552027916,-0.2871635375178272,0.2871635375178272,0,-0.2871635375178272,288.0627901035693,22
JPY,validation,27,2019-03-22,2019-04-24,ewma_daily,0,0.8663249231003647,0.07522633426470737,0.2333129847977062,-0.2333129847977062,0,0.2333129847977062,242.3007961515759,22
JPY,validation,28,2019-04-24,2019-05-24,ewma_daily,0,0.6733287294837069,0.05846727557733953,0.002765675718887301,-0.002765675718887301,0,0.002765675718887301,124.1745361190718,22
JPY,validation,29,2019-05-24,2019-06-24,ewma_daily,0,0.6934107111310226,0.06021110119541873,0.0557929890971709,-0.0557929890971709,0,0.0557929890971709,213.3747141640139,22
JPY,validation,30,2019-06-24,2019-07-23,ewma_daily,0,0.6425525457582637,0.05579482248160672,0.1388576527810004,-0.1388576527810004,0,0.1388576527810004,177.1965756411179,22
JPY,validation,31,2019-07-23,2019-08-21,ewma_daily,0,0.6046824090575598,0.05250637659657966,-0.3266799767835603,0.3266799767835603,0,-0.3266799767835603,164.5940573264152,22
JPY,validation,32,2019-08-21,2019-09-19,ewma_daily,0,0.7051430886979517,0.06122988789829873,-0.3554320425561883,0.3554320425561883,0,-0.3554320425561883,358.338570134948,22
JPY,validation,33,2019-09-19,2019-10-18,ewma_daily,0,0.7982162744901871,0.06931199189739927,-0.2093871127158025,0.2093871127158025,0,-0.2093871127158025,353.6184394267429,22
JPY,validation,34,2019-10-18,2019-11-18,ewma_daily,0,0.8936250123428522,0.07759700391563573,0.469267472021253,-0.469267472021253,0,0.469267472021253,157.6347087024587,22
JPY,validation,35,2019-11-18,2019-12-17,ewma_daily,0,0.7730395299822419,0.06712573503784171,0.09437988788945972,-0.09437988788945972,0,0.09437988788945972,315.0756253108167,22
JPY,validation,36,2019-12-17,2020-01-20,ewma_daily,0,0.6806778303662497,0.05910543678408096,0.1093451928873321,-0.1093451928873321,0,0.1093451928873321,282.0496752461233,22
JPY,validation,37,2020-01-20,2020-02-18,ewma_daily,0,0.627075368666226,0.05445086337077962,-0.01635198400198453,0.01635198400198453,0,-0.01635198400198453,132.2214401885851,22
JPY,validation,38,2020-02-18,2020-03-18,ewma_daily,0,0.6620208010380821,0.05748534945172562,-1.633302040144906,1.633302040144906,0,-1.633302040144906,389.4751995892926,22
JPY,validation,39,2020-03-18,2020-04-20,ewma_daily,0,1.048280885025342,0.09102710246078129,0.2504469654662334,-0.2504469654662334,0,0.2504469654662334,227.1498005131054,22
JPY,validation,40,2020-04-20,2020-05-20,ewma_daily,0,1.106990336869032,0.09612543555357964,-0.314882711451574,0.314882711451574,0,-0.314882711451574,371.3944189688252,22
JPY,validation,41,2020-05-20,2020-06-18,ewma_daily,0,1.252191788624586,0.1087349696465236,0.1777076077947584,-0.1777076077947584,0,0.1777076077947584,235.0246172319874,22
JPY,validation,42,2020-06-18,2020-07-17,ewma_daily,0,1.071631763779465,0.09305488842200241,-0.03423409279115219,0.03423409279115219,0,-0.03423409279115219,322.1262206751365,22
JPY,validation,43,2020-07-17,2020-08-17,ewma_daily,0,1.088206019148203,0.09449419849771104,0.2629208169823016,-0.2629208169823016,0,0.2629208169823016,236.3014351232689,22
JPY,validation,44,2020-08-17,2020-09-15,ewma_daily,0,0.9547663799526234,0.08290639666083845,0.3625872158633356,-0.3625872158633356,0,0.3625872158633356,239.7302388212361,22
JPY,validation,45,2020-09-15,2020-10-14,ewma_daily,0,0.8331609367934405,0.07234647067160761,0.1018765656256289,-0.1018765656256289,0,0.1018765656256289,171.1706693030213,22
JPY,validation,46,2020-10-14,2020-11-12,ewma_daily,0,0.7414723942001942,0.06438456927693012,-0.4638269709192144,0.4638269709192144,0,-0.4638269709192144,348.0539475169379,22
JPY,validation,47,2020-11-12,2020-12-11,ewma_daily,0,0.8307267673523953,0.07213509501379398,0.1423742844944513,-0.1423742844944513,0,0.1423742844944513,255.3268434567177,22
JPY,validation,0,2017-01-02,2017-01-31,ridge_daily,0,1.011023742606206,0.08779171522829829,0.0791172073768136,-0.0791172073768136,0,0.0791172073768136,237.5024276245894,22
JPY,validation,1,2017-01-31,2017-03-01,ridge_daily,0,1.003708290571147,0.08715644816347283,0.08390962417084151,-0.08390962417084151,0,0.08390962417084151,149.1150463707213,22
JPY,validation,2,2017-03-01,2017-03-30,ridge_daily,0,0.9011355320411809,0.07824919974315678,0.1026758489661432,-0.1026758489661432,0,0.1026758489661432,238.42021766216,22
JPY,validation,3,2017-03-30,2017-05-03,ridge_daily,0,0.8697467137618631,0.0755234732910543,-0.6948172168994944,0.6948172168994944,0,-0.6948172168994944,324.1182382778511,22
JPY,validation,4,2017-05-03,2017-06-01,ridge_daily,0,1.073506673023019,0.09321770553487055,-0.1387350372555716,0.1387350372555716,0,-0.1387350372555716,305.5424867990426,22
JPY,validation,5,2017-06-01,2017-06-30,ridge_daily,0,1.140023093629821,0.09899402527376132,0.1864356863897854,-0.1864356863897854,0,0.1864356863897854,290.8832043959134,22
JPY,validation,6,2017-06-30,2017-07-31,ridge_daily,0,1.192100353633705,0.1035164887999282,0.3356422333223748,-0.3356422333223748,0,0.3356422333223748,262.2177345852001,22
JPY,validation,7,2017-07-31,2017-08-29,ridge_daily,0,0.9885762230223065,0.08584239578199629,0.1571708325764547,-0.1571708325764547,0,0.1571708325764547,314.4622379756372,22
JPY,validation,8,2017-08-29,2017-09-27,ridge_daily,0,0.9027907321481337,0.07839293351201151,-0.03116932335889544,0.03116932335889544,0,-0.03116932335889544,284.0074059379584,22
JPY,validation,9,2017-09-27,2017-10-26,ridge_daily,0,0.8383991084798765,0.0728013373394077,0.2941384610935103,-0.2941384610935103,0,0.2941384610935103,286.3042173619841,22
JPY,validation,10,2017-10-26,2017-11-24,ridge_daily,0,0.7864602861602705,0.06829114381231398,0.03145978962334325,-0.03145978962334325,0,0.03145978962334325,179.7979600614881,22
JPY,validation,11,2017-11-24,2017-12-27,ridge_daily,0,0.7381688817184653,0.06409770585211534,-0.05746316376489347,0.05746316376489347,0,-0.05746316376489347,325.2571557124076,22
JPY,validation,12,2017-12-27,2018-01-26,ridge_daily,0,0.6725764655192421,0.05840195255610633,-0.1442867172670077,0.1442867172670077,0,-0.1442867172670077,311.7619001831704,22
JPY,validation,13,2018-01-26,2018-02-26,ridge_daily,0,0.7648187743246098,0.06641187599504794,-0.3448190573986744,0.3448190573986744,0,-0.3448190573986744,170.2630041336365,22
JPY,validation,14,2018-02-26,2018-03-27,ridge_daily,0,0.8363565074518675,0.07262396413100129,-0.1164052538578346,0.1164052538578346,0,-0.1164052538578346,229.7041375940831,22
JPY,validation,15,2018-03-27,2018-04-27,ridge_daily,0,0.9220093258954236,0.08006183445945184,0.2844464307052306,-0.2844464307052306,0,0.2844464307052306,257.5288595362502,22
JPY,validation,16,2018-04-27,2018-05-29,ridge_daily,0,0.8633117172812987,0.07496467575320845,-0.1064117175265394,0.1064117175265394,0,-0.1064117175265394,169.0950211214592,22
JPY,validation,17,2018-05-29,2018-06-27,ridge_daily,0,0.9171360154820434,0.07963864632982874,-0.2062858097371389,0.2062858097371389,0,-0.2062858097371389,287.7122378545373,22
JPY,validation,18,2018-06-27,2018-07-26,ridge_daily,0,0.9656567748292062,0.08385210155230571,0.09353829521792534,-0.09353829521792534,0,0.09353829521792534,236.9772571325082,22
JPY,validation,19,2018-07-26,2018-08-24,ridge_daily,0,0.995440675157667,0.08643849699639181,-0.1198359218936191,0.1198359218936191,0,-0.1198359218936191,154.6761097313717,22
JPY,validation,20,2018-08-24,2018-09-24,ridge_daily,0,0.9894260511928792,0.08591619385900272,0.1539598986995259,-0.1539598986995259,0,0.1539598986995259,291.229234988479,22
JPY,validation,21,2018-09-24,2018-10-23,ridge_daily,0,0.8895541085419083,0.07724349651284924,0.01748056739688359,-0.01748056739688359,0,0.01748056739688359,144.4647432432516,22
JPY,validation,22,2018-10-23,2018-11-21,ridge_daily,0,0.9017400402772751,0.07830169384356464,0.2341548729462666,-0.2341548729462666,0,0.2341548729462666,260.5140291576028,22
JPY,validation,23,2018-11-21,2018-12-20,ridge_daily,0,0.8006948537621099,0.06952722306995913,0.2268306475250146,-0.2268306475250146,0,0.2268306475250146,199.6798063059729,22
JPY,validation,24,2018-12-20,2019-01-23,ridge_daily,0,0.7209017983054622,0.06259830518647462,-0.2354686680932302,0.2354686680932302,0,-0.2354686680932302,117.2841696657329,22
JPY,validation,25,2019-01-23,2019-02-21,ridge_daily,0,0.8572142804404095,0.07443519142353591,0.2552281513078611,-0.2552281513078611,0,0.2552281513078611,317.3487441314924,22
JPY,validation,26,2019-02-21,2019-03-22,ridge_daily,0,0.8055978865392888,0.06995298552027916,-0.2387566972478794,0.2387566972478794,0,-0.2387566972478794,281.2471622389136,22
JPY,validation,27,2019-03-22,2019-04-24,ridge_daily,0,0.8663249231003647,0.07522633426470737,0.2474454934784802,-0.2474454934784802,0,0.2474454934784802,237.6639846274495,22
JPY,validation,28,2019-04-24,2019-05-24,ridge_daily,0,0.6733287294837069,0.05846727557733953,-0.03967608983618055,0.03967608983618055,0,-0.03967608983618055,118.4745400566084,22
JPY,validation,29,2019-05-24,2019-06-24,ridge_daily,0,0.6934107111310226,0.06021110119541873,0.09380258229940486,-0.09380258229940486,0,0.09380258229940486,198.7233507310544,22
JPY,validation,30,2019-06-24,2019-07-23,ridge_daily,0,0.6425525457582637,0.05579482248160672,0.1424523062742275,-0.1424523062742275,0,0.1424523062742275,169.7686214654853,22
JPY,validation,31,2019-07-23,2019-08-21,ridge_daily,0,0.6046824090575598,0.05250637659657966,-0.3435919599212509,0.3435919599212509,0,-0.3435919599212509,158.8552884684044,22
JPY,validation,32,2019-08-21,2019-09-19,ridge_daily,0,0.7051430886979517,0.06122988789829873,-0.336142349859557,0.336142349859557,0,-0.336142349859557,347.9832124042591,22
JPY,validation,33,2019-09-19,2019-10-18,ridge_daily,0,0.7982162744901871,0.06931199189739927,-0.1910893057557956,0.1910893057557956,0,-0.1910893057557956,342.1401998548488,22
JPY,validation,34,2019-10-18,2019-11-18,ridge_daily,0,0.8936250123428522,0.07759700391563573,0.4656750450543268,-0.4656750450543268,0,0.4656750450543268,156.3141777375731,22
JPY,validation,35,2019-11-18,2019-12-17,ridge_daily,0,0.7730395299822419,0.06712573503784171,0.09086435889669531,-0.09086435889669531,0,0.09086435889669531,307.2602388537089,22
JPY,validation,36,2019-12-17,2020-01-20,ridge_daily,0,0.6806778303662497,0.05910543678408096,0.1660262153258785,-0.1660262153258785,0,0.1660262153258785,267.2935317196598,22
JPY,validation,37,2020-01-20,2020-02-18,ridge_daily,0,0.627075368666226,0.05445086337077962,-0.06072189316210182,0.06072189316210182,0,-0.06072189316210182,129.8346369043733,22
JPY,validation,38,2020-02-18,2020-03-18,ridge_daily,0,0.6620208010380821,0.05748534945172562,-1.415881362444434,1.415881362444434,0,-1.415881362444434,356.1798136100149,22
JPY,validation,39,2020-03-18,2020-04-20,ridge_daily,0,1.048280885025342,0.09102710246078129,0.288324968180957,-0.288324968180957,0,0.288324968180957,223.9753254204712,22
JPY,validation,40,2020-04-20,2020-05-20,ridge_daily,0,1.106990336869032,0.09612543555357964,-0.2738413921894676,0.2738413921894676,0,-0.2738413921894676,363.7112043235102,22
JPY,validation,41,2020-05-20,2020-06-18,ridge_daily,0,1.252191788624586,0.1087349696465236,0.2241620577959367,-0.2241620577959367,0,0.2241620577959367,236.9779212459923,22
JPY,validation,42,2020-06-18,2020-07-17,ridge_daily,0,1.071631763779465,0.09305488842200241,-0.0386487490320917,0.0386487490320917,0,-0.0386487490320917,320.7326140848356,22
JPY,validation,43,2020-07-17,2020-08-17,ridge_daily,0,1.088206019148203,0.09449419849771104,0.2607386824143276,-0.2607386824143276,0,0.2607386824143276,239.3921295585548,22
JPY,validation,44,2020-08-17,2020-09-15,ridge_daily,0,0.9547663799526234,0.08290639666083845,0.3783599405486058,-0.3783599405486058,0,0.3783599405486058,231.8474099807077,22
JPY,validation,45,2020-09-15,2020-10-14,ridge_daily,0,0.8331609367934405,0.07234647067160761,0.08027581236356873,-0.08027581236356873,0,0.08027581236356873,165.8254189966723,22
JPY,validation,46,2020-10-14,2020-11-12,ridge_daily,0,0.7414723942001942,0.06438456927693012,-0.3889340243210597,0.3889340243210597,0,-0.3889340243210597,332.656774166641,22
JPY,validation,47,2020-11-12,2020-12-11,ridge_daily,0,0.8307267673523953,0.07213509501379398,0.1494666247113656,-0.1494666247113656,0,0.1494666247113656,249.2785536903508,22
JPY,validation,0,2017-01-02,2017-01-31,selected_daily,0,1.011023742606206,0.08779171522829829,0.05576893913954972,-0.05576893913954972,0,0.05576893913954972,240.2303338876573,22
JPY,validation,1,2017-01-31,2017-03-01,selected_daily,0,1.003708290571147,0.08715644816347283,0.09557276551968115,-0.09557276551968115,0,0.09557276551968115,156.1635375465629,22
JPY,validation,2,2017-03-01,2017-03-30,selected_daily,0,0.9011355320411809,0.07824919974315678,0.0584867737026542,-0.0584867737026542,0,0.0584867737026542,241.9519234804395,22
JPY,validation,3,2017-03-30,2017-05-03,selected_daily,0,0.8697467137618631,0.0755234732910543,-0.7372507103176957,0.7372507103176957,0,-0.7372507103176957,332.7075821680189,22
JPY,validation,4,2017-05-03,2017-06-01,selected_daily,0,1.073506673023019,0.09321770553487055,-0.1030764291694481,0.1030764291694481,0,-0.1030764291694481,295.3653517897128,22
JPY,validation,5,2017-06-01,2017-06-30,selected_daily,0,1.140023093629821,0.09899402527376132,0.1444668353399265,-0.1444668353399265,0,0.1444668353399265,297.0809337895757,22
JPY,validation,6,2017-06-30,2017-07-31,selected_daily,0,1.192100353633705,0.1035164887999282,0.3488017515728075,-0.3488017515728075,0,0.3488017515728075,254.6128128549074,22
JPY,validation,7,2017-07-31,2017-08-29,selected_daily,0,0.9885762230223065,0.08584239578199629,0.117923574618672,-0.117923574618672,0,0.117923574618672,322.7922387269659,22
JPY,validation,8,2017-08-29,2017-09-27,selected_daily,0,0.9027907321481337,0.07839293351201151,-0.03819820052541445,0.03819820052541445,0,-0.03819820052541445,290.8463169334188,22
JPY,validation,9,2017-09-27,2017-10-26,selected_daily,0,0.8383991084798765,0.0728013373394077,0.2902924404973106,-0.2902924404973106,0,0.2902924404973106,291.2400335446897,22
JPY,validation,10,2017-10-26,2017-11-24,selected_daily,0,0.7864602861602705,0.06829114381231398,0.00945472387515311,-0.00945472387515311,0,0.00945472387515311,187.5455872967793,22
JPY,validation,11,2017-11-24,2017-12-27,selected_daily,0,0.7381688817184653,0.06409770585211534,-0.04983175210792012,0.04983175210792012,0,-0.04983175210792012,332.7974641118395,22
JPY,validation,12,2017-12-27,2018-01-26,selected_daily,0,0.6725764655192421,0.05840195255610633,-0.1575165895271766,0.1575165895271766,0,-0.1575165895271766,325.6184022519848,22
JPY,validation,13,2018-01-26,2018-02-26,selected_daily,0,0.7648187743246098,0.06641187599504794,-0.2985012455033971,0.2985012455033971,0,-0.2985012455033971,177.8116134235401,22
JPY,validation,14,2018-02-26,2018-03-27,selected_daily,0,0.8363565074518675,0.07262396413100129,-0.1682061770853496,0.1682061770853496,0,-0.1682061770853496,243.61901690177,22
JPY,validation,15,2018-03-27,2018-04-27,selected_daily,0,0.9220093258954236,0.08006183445945184,0.2859016286377312,-0.2859016286377312,0,0.2859016286377312,260.0904496249783,22
JPY,validation,16,2018-04-27,2018-05-29,selected_daily,0,0.8633117172812987,0.07496467575320845,-0.06905555168590179,0.06905555168590179,0,-0.06905555168590179,178.4832943504496,22
JPY,validation,17,2018-05-29,2018-06-27,selected_daily,0,0.9171360154820434,0.07963864632982874,-0.1993342161637202,0.1993342161637202,0,-0.1993342161637202,286.9980718617897,22
JPY,validation,18,2018-06-27,2018-07-26,selected_daily,0,0.9656567748292062,0.08385210155230571,0.08389007048637609,-0.08389007048637609,0,0.08389007048637609,236.1438920106019,22
JPY,validation,19,2018-07-26,2018-08-24,selected_daily,0,0.995440675157667,0.08643849699639181,-0.0765472319003887,0.0765472319003887,0,-0.0765472319003887,157.0621841659579,22
JPY,validation,20,2018-08-24,2018-09-24,selected_daily,0,0.9894260511928792,0.08591619385900272,0.1402075089373938,-0.1402075089373938,0,0.1402075089373938,295.341970386945,22
JPY,validation,21,2018-09-24,2018-10-23,selected_daily,0,0.8895541085419083,0.07724349651284924,0.04450372719591051,-0.04450372719591051,0,0.04450372719591051,146.6203538343946,22
JPY,validation,22,2018-10-23,2018-11-21,selected_daily,0,0.9017400402772751,0.07830169384356464,0.1715822580258184,-0.1715822580258184,0,0.1715822580258184,278.8365875364587,22
JPY,validation,23,2018-11-21,2018-12-20,selected_daily,0,0.8006948537621099,0.06952722306995913,0.215635704360452,-0.215635704360452,0,0.215635704360452,206.5525597715265,22
JPY,validation,24,2018-12-20,2019-01-23,selected_daily,0,0.7209017983054622,0.06259830518647462,-0.1598686599766967,0.1598686599766967,0,-0.1598686599766967,115.8533522073581,22
JPY,validation,25,2019-01-23,2019-02-21,selected_daily,0,0.8572142804404095,0.07443519142353591,0.26627004374987,-0.26627004374987,0,0.26627004374987,312.6107825872509,22
JPY,validation,26,2019-02-21,2019-03-22,selected_daily,0,0.8055978865392888,0.06995298552027916,-0.2871635375178272,0.2871635375178272,0,-0.2871635375178272,288.0627901035693,22
JPY,validation,27,2019-03-22,2019-04-24,selected_daily,0,0.8663249231003647,0.07522633426470737,0.2333129847977062,-0.2333129847977062,0,0.2333129847977062,242.3007961515759,22
JPY,validation,28,2019-04-24,2019-05-24,selected_daily,0,0.6733287294837069,0.05846727557733953,0.002765675718887301,-0.002765675718887301,0,0.002765675718887301,124.1745361190718,22
JPY,validation,29,2019-05-24,2019-06-24,selected_daily,0,0.6934107111310226,0.06021110119541873,0.0557929890971709,-0.0557929890971709,0,0.0557929890971709,213.3747141640139,22
JPY,validation,30,2019-06-24,2019-07-23,selected_daily,0,0.6425525457582637,0.05579482248160672,0.1388576527810004,-0.1388576527810004,0,0.1388576527810004,177.1965756411179,22
JPY,validation,31,2019-07-23,2019-08-21,selected_daily,0,0.6046824090575598,0.05250637659657966,-0.3266799767835603,0.3266799767835603,0,-0.3266799767835603,164.5940573264152,22
JPY,validation,32,2019-08-21,2019-09-19,selected_daily,0,0.7051430886979517,0.06122988789829873,-0.3554320425561883,0.3554320425561883,0,-0.3554320425561883,358.338570134948,22
JPY,validation,33,2019-09-19,2019-10-18,selected_daily,0,0.7982162744901871,0.06931199189739927,-0.2093871127158025,0.2093871127158025,0,-0.2093871127158025,353.6184394267429,22
JPY,validation,34,2019-10-18,2019-11-18,selected_daily,0,0.8936250123428522,0.07759700391563573,0.469267472021253,-0.469267472021253,0,0.469267472021253,157.6347087024587,22
JPY,validation,35,2019-11-18,2019-12-17,selected_daily,0,0.7730395299822419,0.06712573503784171,0.09437988788945972,-0.09437988788945972,0,0.09437988788945972,315.0756253108167,22
JPY,validation,36,2019-12-17,2020-01-20,selected_daily,0,0.6806778303662497,0.05910543678408096,0.1093451928873321,-0.1093451928873321,0,0.1093451928873321,282.0496752461233,22
JPY,validation,37,2020-01-20,2020-02-18,selected_daily,0,0.627075368666226,0.05445086337077962,-0.01635198400198453,0.01635198400198453,0,-0.01635198400198453,132.2214401885851,22
JPY,validation,38,2020-02-18,2020-03-18,selected_daily,0,0.6620208010380821,0.05748534945172562,-1.633302040144906,1.633302040144906,0,-1.633302040144906,389.4751995892926,22
JPY,validation,39,2020-03-18,2020-04-20,selected_daily,0,1.048280885025342,0.09102710246078129,0.2504469654662334,-0.2504469654662334,0,0.2504469654662334,227.1498005131054,22
JPY,validation,40,2020-04-20,2020-05-20,selected_daily,0,1.106990336869032,0.09612543555357964,-0.314882711451574,0.314882711451574,0,-0.314882711451574,371.3944189688252,22
JPY,validation,41,2020-05-20,2020-06-18,selected_daily,0,1.252191788624586,0.1087349696465236,0.1777076077947584,-0.1777076077947584,0,0.1777076077947584,235.0246172319874,22
JPY,validation,42,2020-06-18,2020-07-17,selected_daily,0,1.071631763779465,0.09305488842200241,-0.03423409279115219,0.03423409279115219,0,-0.03423409279115219,322.1262206751365,22
JPY,validation,43,2020-07-17,2020-08-17,selected_daily,0,1.088206019148203,0.09449419849771104,0.2629208169823016,-0.2629208169823016,0,0.2629208169823016,236.3014351232689,22
JPY,validation,44,2020-08-17,2020-09-15,selected_daily,0,0.9547663799526234,0.08290639666083845,0.3625872158633356,-0.3625872158633356,0,0.3625872158633356,239.7302388212361,22
JPY,validation,45,2020-09-15,2020-10-14,selected_daily,0,0.8331609367934405,0.07234647067160761,0.1018765656256289,-0.1018765656256289,0,0.1018765656256289,171.1706693030213,22
JPY,validation,46,2020-10-14,2020-11-12,selected_daily,0,0.7414723942001942,0.06438456927693012,-0.4638269709192144,0.4638269709192144,0,-0.4638269709192144,348.0539475169379,22
JPY,validation,47,2020-11-12,2020-12-11,selected_daily,0,0.8307267673523953,0.07213509501379398,0.1423742844944513,-0.1423742844944513,0,0.1423742844944513,255.3268434567177,22
JPY,validation,0,2017-01-02,2017-01-31,selected_every5,0,1.011023742606206,0.08779171522829829,0.3747354524328612,-0.3747354524328612,0,0.3747354524328612,110.1759015247031,6
JPY,validation,1,2017-01-31,2017-03-01,selected_every5,0,1.003708290571147,0.08715644816347283,0.07643763872949161,-0.07643763872949161,0,0.07643763872949161,103.023540364577,6
JPY,validation,2,2017-03-01,2017-03-30,selected_every5,0,0.9011355320411809,0.07824919974315678,0.2574937769281291,-0.2574937769281291,0,0.2574937769281291,167.1026312741215,6
JPY,validation,3,2017-03-30,2017-05-03,selected_every5,0,0.8697467137618631,0.0755234732910543,-1.364761432027834,1.364761432027834,0,-1.364761432027834,293.7253621882176,6
JPY,validation,4,2017-05-03,2017-06-01,selected_every5,0,1.073506673023019,0.09321770553487055,0.2698359163991313,-0.2698359163991313,0,0.2698359163991313,201.147231670154,6
JPY,validation,5,2017-06-01,2017-06-30,selected_every5,0,1.140023093629821,0.09899402527376132,-0.8818506966732684,0.8818506966732684,0,-0.8818506966732684,253.2036172926578,6
JPY,validation,6,2017-06-30,2017-07-31,selected_every5,0,1.192100353633705,0.1035164887999282,0.3340849238687014,-0.3340849238687014,0,0.3340849238687014,209.9153434859045,6
JPY,validation,7,2017-07-31,2017-08-29,selected_every5,0,0.9885762230223065,0.08584239578199629,0.01077340490851952,-0.01077340490851952,0,0.01077340490851952,265.5062439983302,6
JPY,validation,8,2017-08-29,2017-09-27,selected_every5,0,0.9027907321481337,0.07839293351201151,-0.1073801781248847,0.1073801781248847,0,-0.1073801781248847,220.3354964051733,6
JPY,validation,9,2017-09-27,2017-10-26,selected_every5,0,0.8383991084798765,0.0728013373394077,0.1609721707134923,-0.1609721707134923,0,0.1609721707134923,209.7073243951523,6
JPY,validation,10,2017-10-26,2017-11-24,selected_every5,0,0.7864602861602705,0.06829114381231398,-0.02449096320991501,0.02449096320991501,0,-0.02449096320991501,136.9005329546671,6
JPY,validation,11,2017-11-24,2017-12-27,selected_every5,0,0.7381688817184653,0.06409770585211534,-0.1869077575631337,0.1869077575631337,0,-0.1869077575631337,240.4588255491971,6
JPY,validation,12,2017-12-27,2018-01-26,selected_every5,0,0.6725764655192421,0.05840195255610633,-0.2701924133695996,0.2701924133695996,0,-0.2701924133695996,230.0247001129293,6
JPY,validation,13,2018-01-26,2018-02-26,selected_every5,0,0.7648187743246098,0.06641187599504794,-0.7693865039021318,0.7693865039021318,0,-0.7693865039021318,138.6591127969167,6
JPY,validation,14,2018-02-26,2018-03-27,selected_every5,0,0.8363565074518675,0.07262396413100129,0.2903280142705968,-0.2903280142705968,0,0.2903280142705968,128.7941384324179,6
JPY,validation,15,2018-03-27,2018-04-27,selected_every5,0,0.9220093258954236,0.08006183445945184,0.3695841447087673,-0.3695841447087673,0,0.3695841447087673,201.1620679280141,6
JPY,validation,16,2018-04-27,2018-05-29,selected_every5,0,0.8633117172812987,0.07496467575320845,-0.3330912940649658,0.3330912940649658,0,-0.3330912940649658,129.590623196461,6
JPY,validation,17,2018-05-29,2018-06-27,selected_every5,0,0.9171360154820434,0.07963864632982874,-0.428310318888677,0.428310318888677,0,-0.428310318888677,256.0511898709749,6
JPY,validation,18,2018-06-27,2018-07-26,selected_every5,0,0.9656567748292062,0.08385210155230571,0.1261780820227472,-0.1261780820227472,0,0.1261780820227472,201.5647575494988,6
JPY,validation,19,2018-07-26,2018-08-24,selected_every5,0,0.995440675157667,0.08643849699639181,-0.03184645868145697,0.03184645868145697,0,-0.03184645868145697,99.86353533058688,6
JPY,validation,20,2018-08-24,2018-09-24,selected_every5,0,0.9894260511928792,0.08591619385900272,0.05861383247187746,-0.05861383247187746,0,0.05861383247187746,214.370321621067,6
JPY,validation,21,2018-09-24,2018-10-23,selected_every5,0,0.8895541085419083,0.07724349651284924,-0.01968804933790456,0.01968804933790456,0,-0.01968804933790456,99.99491263625541,6
JPY,validation,22,2018-10-23,2018-11-21,selected_every5,0,0.9017400402772751,0.07830169384356464,0.4950092910626189,-0.4950092910626189,0,0.4950092910626189,138.7746631082013,6
JPY,validation,23,2018-11-21,2018-12-20,selected_every5,0,0.8006948537621099,0.06952722306995913,0.4524777409138605,-0.4524777409138605,0,0.4524777409138605,108.8709635036736,6
JPY,validation,24,2018-12-20,2019-01-23,selected_every5,0,0.7209017983054622,0.06259830518647462,-0.2874493985167517,0.2874493985167517,0,-0.2874493985167517,99.70377504430697,6
JPY,validation,25,2019-01-23,2019-02-21,selected_every5,0,0.8572142804404095,0.07443519142353591,0.5468027602662602,-0.5468027602662602,0,0.5468027602662602,192.0034506818713,6
JPY,validation,26,2019-02-21,2019-03-22,selected_every5,0,0.8055978865392888,0.06995298552027916,0.1294764732514295,-0.1294764732514295,0,0.1294764732514295,148.9808144476681,6
JPY,validation,27,2019-03-22,2019-04-24,selected_every5,0,0.8663249231003647,0.07522633426470737,0.2258961254121203,-0.2258961254121203,0,0.2258961254121203,205.7316993867292,6
JPY,validation,28,2019-04-24,2019-05-24,selected_every5,0,0.6733287294837069,0.05846727557733953,-0.1979820598122989,0.1979820598122989,0,-0.1979820598122989,99.85805458894512,6
JPY,validation,29,2019-05-24,2019-06-24,selected_every5,0,0.6934107111310226,0.06021110119541873,0.165501520445096,-0.165501520445096,0,0.165501520445096,135.0059296151897,6
JPY,validation,30,2019-06-24,2019-07-23,selected_every5,0,0.6425525457582637,0.05579482248160672,0.1340186641913964,-0.1340186641913964,0,0.1340186641913964,130.3705861145221,6
JPY,validation,31,2019-07-23,2019-08-21,selected_every5,0,0.6046824090575598,0.05250637659657966,-0.3145832836854646,0.3145832836854646,0,-0.3145832836854646,108.4345551441627,6
JPY,validation,32,2019-08-21,2019-09-19,selected_every5,0,0.7051430886979517,0.06122988789829873,-0.0775932875966987,0.0775932875966987,0,-0.0775932875966987,253.7980102025621,6
JPY,validation,33,2019-09-19,2019-10-18,selected_every5,0,0.7982162744901871,0.06931199189739927,-0.6007034372356514,0.6007034372356514,0,-0.6007034372356514,279.7677108197435,6
JPY,validation,34,2019-10-18,2019-11-18,selected_every5,0,0.8936250123428522,0.07759700391563573,0.5093762456580777,-0.5093762456580777,0,0.5093762456580777,108.6811635029496,6
JPY,validation,35,2019-11-18,2019-12-17,selected_every5,0,0.7730395299822419,0.06712573503784171,-0.1810065079735494,0.1810065079735494,0,-0.1810065079735494,273.1507533005815,6
JPY,validation,36,2019-12-17,2020-01-20,selected_every5,0,0.6806778303662497,0.05910543678408096,0.2929923831916668,-0.2929923831916668,0,0.2929923831916668,171.4931856692439,6
JPY,validation,37,2020-01-20,2020-02-18,selected_every5,0,0.627075368666226,0.05445086337077962,-0.2362784043731726,0.2362784043731726,0,-0.2362784043731726,99.84282667794078,6
JPY,validation,38,2020-02-18,2020-03-18,selected_every5,0,0.6620208010380821,0.05748534945172562,-0.07130773152871139,0.07130773152871139,0,-0.07130773152871139,147.8758633304975,6
JPY,validation,39,2020-03-18,2020-04-20,selected_every5,0,1.048280885025342,0.09102710246078129,-0.3541105432343645,0.3541105432343645,0,-0.3541105432343645,197.2795953008489,6
JPY,validation,40,2020-04-20,2020-05-20,selected_every5,0,1.106990336869032,0.09612543555357964,0.4671292403432119,-0.4671292403432119,0,0.4671292403432119,223.5526684382425,6
JPY,validation,41,2020-05-20,2020-06-18,selected_every5,0,1.252191788624586,0.1087349696465236,-0.05981777610344352,0.05981777610344352,0,-0.05981777610344352,203.0302308444232,6
JPY,validation,42,2020-06-18,2020-07-17,selected_every5,0,1.071631763779465,0.09305488842200241,0.4043713116750922,-0.4043713116750922,0,0.4043713116750922,202.6203658456605,6
JPY,validation,43,2020-07-17,2020-08-17,selected_every5,0,1.088206019148203,0.09449419849771104,0.2992563453906882,-0.2992563453906882,0,0.2992563453906882,203.6127435230943,6
JPY,validation,44,2020-08-17,2020-09-15,selected_every5,0,0.9547663799526234,0.08290639666083845,0.5615246717161639,-0.5615246717161639,0,0.5615246717161639,141.8800112877778,6
JPY,validation,45,2020-09-15,2020-10-14,selected_every5,0,0.8331609367934405,0.07234647067160761,-0.05198508577096206,0.05198508577096206,0,-0.05198508577096206,127.9631638159041,6
JPY,validation,46,2020-10-14,2020-11-12,selected_every5,0,0.7414723942001942,0.06438456927693012,-0.1048722440421983,0.1048722440421983,0,-0.1048722440421983,237.4210693408497,6
JPY,validation,47,2020-11-12,2020-12-11,selected_every5,0,0.8307267673523953,0.07213509501379398,-0.3072788067076573,0.3072788067076573,0,-0.3072788067076573,241.2137306039539,6
JPY,validation,0,2017-01-02,2017-01-31,selected_threshold,0,1.011023742606206,0.08779171522829829,0.1285215537759212,-0.1285215537759212,0,0.1285215537759212,209.1992708274965,12
JPY,validation,1,2017-01-31,2017-03-01,selected_threshold,0,1.003708290571147,0.08715644816347283,0.1325373300613462,-0.1325373300613462,0,0.1325373300613462,138.0597868349469,12
JPY,validation,2,2017-03-01,2017-03-30,selected_threshold,0,0.9011355320411809,0.07824919974315678,-0.01090097574364535,0.01090097574364535,0,-0.01090097574364535,232.0982020478037,12
JPY,validation,3,2017-03-30,2017-05-03,selected_threshold,0,0.8697467137618631,0.0755234732910543,-0.6648684061318448,0.6648684061318448,0,-0.6648684061318448,310.1459954136333,12
JPY,validation,4,2017-05-03,2017-06-01,selected_threshold,0,1.073506673023019,0.09321770553487055,-0.06740557510057954,0.06740557510057954,0,-0.06740557510057954,273.5615640419351,14
JPY,validation,5,2017-06-01,2017-06-30,selected_threshold,0,1.140023093629821,0.09899402527376132,0.1947468551739604,-0.1947468551739604,0,0.1947468551739604,276.4790648488729,12
JPY,validation,6,2017-06-30,2017-07-31,selected_threshold,0,1.192100353633705,0.1035164887999282,0.3416676524948912,-0.3416676524948912,0,0.3416676524948912,242.0195792408132,12
JPY,validation,7,2017-07-31,2017-08-29,selected_threshold,0,0.9885762230223065,0.08584239578199629,0.1314091290215913,-0.1314091290215913,0,0.1314091290215913,307.4043811609057,14
JPY,validation,8,2017-08-29,2017-09-27,selected_threshold,0,0.9027907321481337,0.07839293351201151,0.02923252005233223,-0.02923252005233223,0,0.02923252005233223,271.5193117716148,14
JPY,validation,9,2017-09-27,2017-10-26,selected_threshold,0,0.8383991084798765,0.0728013373394077,0.3149934317329723,-0.3149934317329723,0,0.3149934317329723,262.1130524433665,11
JPY,validation,10,2017-10-26,2017-11-24,selected_threshold,0,0.7864602861602705,0.06829114381231398,-0.02645516743777099,0.02645516743777099,0,-0.02645516743777099,169.7025555737915,12
JPY,validation,11,2017-11-24,2017-12-27,selected_threshold,0,0.7381688817184653,0.06409770585211534,-0.06061358519967541,0.06061358519967541,0,-0.06061358519967541,320.2713127298231,16
JPY,validation,12,2017-12-27,2018-01-26,selected_threshold,0,0.6725764655192421,0.05840195255610633,-0.1569924876407782,0.1569924876407782,0,-0.1569924876407782,305.2114043366472,18
JPY,validation,13,2018-01-26,2018-02-26,selected_threshold,0,0.7648187743246098,0.06641187599504794,-0.3271365516564851,0.3271365516564851,0,-0.3271365516564851,173.3450407335211,12
JPY,validation,14,2018-02-26,2018-03-27,selected_threshold,0,0.8363565074518675,0.07262396413100129,-0.1028870650177174,0.1028870650177174,0,-0.1028870650177174,227.5240909868983,16
JPY,validation,15,2018-03-27,2018-04-27,selected_threshold,0,0.9220093258954236,0.08006183445945184,0.3374637944956334,-0.3374637944956334,0,0.3374637944956334,230.082623332652,12
JPY,validation,16,2018-04-27,2018-05-29,selected_threshold,0,0.8633117172812987,0.07496467575320845,-0.1054225315775051,0.1054225315775051,0,-0.1054225315775051,168.363235993247,12
JPY,validation,17,2018-05-29,2018-06-27,selected_threshold,0,0.9171360154820434,0.07963864632982874,-0.1256834670456044,0.1256834670456044,0,-0.1256834670456044,257.2063661281254,13
JPY,validation,18,2018-06-27,2018-07-26,selected_threshold,0,0.9656567748292062,0.08385210155230571,0.09622777556492679,-0.09622777556492679,0,0.09622777556492679,210.0394170867918,9
JPY,validation,19,2018-07-26,2018-08-24,selected_threshold,0,0.995440675157667,0.08643849699639181,-0.0178949592503308,0.0178949592503308,0,-0.0178949592503308,144.8860887616542,9
JPY,validation,20,2018-08-24,2018-09-24,selected_threshold,0,0.9894260511928792,0.08591619385900272,0.1588344802305812,-0.1588344802305812,0,0.1588344802305812,262.2430236217741,12
JPY,validation,21,2018-09-24,2018-10-23,selected_threshold,0,0.8895541085419083,0.07724349651284924,0.03768915072682744,-0.03768915072682744,0,0.03768915072682744,139.6873859999002,12
JPY,validation,22,2018-10-23,2018-11-21,selected_threshold,0,0.9017400402772751,0.07830169384356464,0.1325023665186187,-0.1325023665186187,0,0.1325023665186187,270.8017382775122,15
JPY,validation,23,2018-11-21,2018-12-20,selected_threshold,0,0.8006948537621099,0.06952722306995913,0.2112112844250129,-0.2112112844250129,0,0.2112112844250129,188.2489618364725,13
JPY,validation,24,2018-12-20,2019-01-23,selected_threshold,0,0.7209017983054622,0.06259830518647462,-0.07803514424643598,0.07803514424643598,0,-0.07803514424643598,99.91318929857725,7
JPY,validation,25,2019-01-23,2019-02-21,selected_threshold,0,0.8572142804404095,0.07443519142353591,0.2774003187978167,-0.2774003187978167,0,0.2774003187978167,292.1025118919951,11
JPY,validation,26,2019-02-21,2019-03-22,selected_threshold,0,0.8055978865392888,0.06995298552027916,-0.3212557177309208,0.3212557177309208,0,-0.3212557177309208,282.5094352599457,15
JPY,validation,27,2019-03-22,2019-04-24,selected_threshold,0,0.8663249231003647,0.07522633426470737,0.2485527014364095,-0.2485527014364095,0,0.2485527014364095,219.475916521128,9
JPY,validation,28,2019-04-24,2019-05-24,selected_threshold,0,0.6733287294837069,0.05846727557733953,0.01012954202544458,-0.01012954202544458,0,0.01012954202544458,114.2025083237903,10
JPY,validation,29,2019-05-24,2019-06-24,selected_threshold,0,0.6934107111310226,0.06021110119541873,0.1123884829217587,-0.1123884829217587,0,0.1123884829217587,180.7657863337668,12
JPY,validation,30,2019-06-24,2019-07-23,selected_threshold,0,0.6425525457582637,0.05579482248160672,0.1445164439778597,-0.1445164439778597,0,0.1445164439778597,167.5614442964761,14
JPY,validation,31,2019-07-23,2019-08-21,selected_threshold,0,0.6046824090575598,0.05250637659657966,-0.2837731662234626,0.2837731662234626,0,-0.2837731662234626,153.0953772387861,10
JPY,validation,32,2019-08-21,2019-09-19,selected_threshold,0,0.7051430886979517,0.06122988789829873,-0.3658189297524217,0.3658189297524217,0,-0.3658189297524217,356.458121063674,17
JPY,validation,33,2019-09-19,2019-10-18,selected_threshold,0,0.7982162744901871,0.06931199189739927,-0.1897641996821591,0.1897641996821591,0,-0.1897641996821591,329.3270497290936,14
JPY,validation,34,2019-10-18,2019-11-18,selected_threshold,0,0.8936250123428522,0.07759700391563573,0.4509330677057466,-0.4509330677057466,0,0.4509330677057466,144.2920893877173,12
JPY,validation,35,2019-11-18,2019-12-17,selected_threshold,0,0.7730395299822419,0.06712573503784171,0.08511063016490539,-0.08511063016490539,0,0.08511063016490539,303.7186364035662,14
JPY,validation,36,2019-12-17,2020-01-20,selected_threshold,0,0.6806778303662497,0.05910543678408096,0.135260840861946,-0.135260840861946,0,0.135260840861946,272.0101061220642,15
JPY,validation,37,2020-01-20,2020-02-18,selected_threshold,0,0.627075368666226,0.05445086337077962,-0.05634116518531396,0.05634116518531396,0,-0.05634116518531396,120.1546783410413,9
JPY,validation,38,2020-02-18,2020-03-18,selected_threshold,0,0.6620208010380821,0.05748534945172562,-1.691003538011494,1.691003538011494,0,-1.691003538011494,379.854226557372,15
JPY,validation,39,2020-03-18,2020-04-20,selected_threshold,0,1.048280885025342,0.09102710246078129,0.1783756022411414,-0.1783756022411414,0,0.1783756022411414,218.7273111214361,14
JPY,validation,40,2020-04-20,2020-05-20,selected_threshold,0,1.106990336869032,0.09612543555357964,-0.3817825066405476,0.3817825066405476,0,-0.3817825066405476,365.6392020231108,16
JPY,validation,41,2020-05-20,2020-06-18,selected_threshold,0,1.252191788624586,0.1087349696465236,0.1152898393173132,-0.1152898393173132,0,0.1152898393173132,230.0568522540264,11
JPY,validation,42,2020-06-18,2020-07-17,selected_threshold,0,1.071631763779465,0.09305488842200241,0.01728546207496606,-0.01728546207496606,0,0.01728546207496606,295.0547666570772,14
JPY,validation,43,2020-07-17,2020-08-17,selected_threshold,0,1.088206019148203,0.09449419849771104,0.2076194094242112,-0.2076194094242112,0,0.2076194094242112,229.9438352080712,11
JPY,validation,44,2020-08-17,2020-09-15,selected_threshold,0,0.9547663799526234,0.08290639666083845,0.347285530519521,-0.347285530519521,0,0.347285530519521,231.8385369545731,15
JPY,validation,45,2020-09-15,2020-10-14,selected_threshold,0,0.8331609367934405,0.07234647067160761,0.1383438860818007,-0.1383438860818007,0,0.1383438860818007,146.5844547255862,11
JPY,validation,46,2020-10-14,2020-11-12,selected_threshold,0,0.7414723942001942,0.06438456927693012,-0.4635860796365279,0.4635860796365279,0,-0.4635860796365279,342.3879568487583,19
JPY,validation,47,2020-11-12,2020-12-11,selected_threshold,0,0.8307267673523953,0.07213509501379398,0.09115238595774144,-0.09115238595774144,0,0.09115238595774144,233.4114907055913,9
JPY,validation,0,2017-01-02,2017-01-31,frozen_rolling63_daily,5,1.011023742606206,0.08779171522829829,-0.04639556817608081,0.04639556817608081,0.1189032554041598,0.07250768722807902,237.8065108083196,22
JPY,validation,1,2017-01-31,2017-03-01,frozen_rolling63_daily,5,1.003708290571147,0.08715644816347283,-0.003194298096589119,0.003194298096589119,0.0786183224489216,0.07542402435233247,157.2366448978433,22
JPY,validation,2,2017-03-01,2017-03-30,frozen_rolling63_daily,5,0.9011355320411809,0.07824919974315678,-0.07227599843877464,0.07227599843877464,0.1226378391176955,0.05036184067892088,245.2756782353911,22
JPY,validation,3,2017-03-30,2017-05-03,frozen_rolling63_daily,5,0.8697467137618631,0.0755234732910543,-0.8182948312894496,0.8182948312894496,0.168174761687764,-0.6501200696016856,336.349523375528,22
JPY,validation,4,2017-05-03,2017-06-01,frozen_rolling63_daily,5,1.073506673023019,0.09321770553487055,-0.2450383415300621,0.2450383415300621,0.1479014976067486,-0.09713684392331351,295.8029952134971,22
JPY,validation,5,2017-06-01,2017-06-30,frozen_rolling63_daily,5,1.140023093629821,0.09899402527376132,-0.01705082622018494,0.01705082622018494,0.1471959116350777,0.1301450854148927,294.3918232701553,22
JPY,validation,6,2017-06-30,2017-07-31,frozen_rolling63_daily,5,1.192100353633705,0.1035164887999282,0.1956492784092632,-0.1956492784092632,0.1265564627140688,0.322205741123332,253.1129254281376,22
JPY,validation,7,2017-07-31,2017-08-29,frozen_rolling63_daily,5,0.9885762230223065,0.08584239578199629,-0.01623690560680302,0.01623690560680302,0.1570890691271384,0.1408521635203354,314.1781382542769,22
JPY,validation,8,2017-08-29,2017-09-27,frozen_rolling63_daily,5,0.9027907321481337,0.07839293351201151,-0.1775150593859252,0.1775150593859252,0.144954463032768,-0.03256059635315717,289.908926065536,22
JPY,validation,9,2017-09-27,2017-10-26,frozen_rolling63_daily,5,0.8383991084798765,0.0728013373394077,0.1398556476567592,-0.1398556476567592,0.1446773352884476,0.2845329829452068,289.3546705768953,22
JPY,validation,10,2017-10-26,2017-11-24,frozen_rolling63_daily,5,0.7864602861602705,0.06829114381231398,-0.07885387612581515,0.07885387612581515,0.09380711149234289,0.01495323536652773,187.6142229846857,22
JPY,validation,11,2017-11-24,2017-12-27,frozen_rolling63_daily,5,0.7381688817184653,0.06409770585211534,-0.2079013837879842,0.2079013837879842,0.1655966950485277,-0.04230468873945648,331.1933900970554,22
JPY,validation,12,2017-12-27,2018-01-26,frozen_rolling63_daily,5,0.6725764655192421,0.05840195255610633,-0.3771399513658764,0.3771399513658764,0.1748804422001811,-0.2022595091656953,349.7608844003623,22
JPY,validation,13,2018-01-26,2018-02-26,frozen_rolling63_daily,5,0.7648187743246098,0.06641187599504794,-0.3488169270942277,0.3488169270942277,0.09079023450535326,-0.2580266925888745,181.5804690107065,22
JPY,validation,14,2018-02-26,2018-03-27,frozen_rolling63_daily,5,0.8363565074518675,0.07262396413100129,-0.3042854989706454,0.3042854989706454,0.1253890917447379,-0.1788964072259075,250.7781834894758,22
JPY,validation,15,2018-03-27,2018-04-27,frozen_rolling63_daily,5,0.9220093258954236,0.08006183445945184,0.144680620080706,-0.144680620080706,0.1293758925992257,0.2740565126799318,258.7517851984515,22
JPY,validation,16,2018-04-27,2018-05-29,frozen_rolling63_daily,5,0.8633117172812987,0.07496467575320845,-0.1946282150760203,0.1946282150760203,0.0871922593336259,-0.1074359557423944,174.3845186672517,22
JPY,validation,17,2018-05-29,2018-06-27,frozen_rolling63_daily,5,0.9171360154820434,0.07963864632982874,-0.3144653626788454,0.3144653626788454,0.1396761521529316,-0.1747892105259138,279.3523043058631,22
JPY,validation,18,2018-06-27,2018-07-26,frozen_rolling63_daily,5,0.9656567748292062,0.08385210155230571,-0.02600665466866303,0.02600665466866303,0.1189596209048285,0.09295296623616547,237.919241809657,22
JPY,validation,19,2018-07-26,2018-08-24,frozen_rolling63_daily,5,0.995440675157667,0.08643849699639181,-0.1623603270848906,0.1623603270848906,0.07700063668739619,-0.08535969039749437,154.0012733747925,22
JPY,validation,20,2018-08-24,2018-09-24,frozen_rolling63_daily,5,0.9894260511928792,0.08591619385900272,-0.02158500279573161,0.02158500279573161,0.1460926715898817,0.12450766879415,292.1853431797633,22
JPY,validation,21,2018-09-24,2018-10-23,frozen_rolling63_daily,5,0.8895541085419083,0.07724349651284924,-0.03238736029599272,0.03238736029599272,0.07313042725283543,0.04074306695684271,146.2608545056708,22
JPY,validation,22,2018-10-23,2018-11-21,frozen_rolling63_daily,5,0.9017400402772751,0.07830169384356464,0.0814667776107747,-0.0814667776107747,0.1337377305326405,0.2152045081434152,267.475461065281,22
JPY,validation,23,2018-11-21,2018-12-20,frozen_rolling63_daily,5,0.8006948537621099,0.06952722306995913,0.1194430638614659,-0.1194430638614659,0.10104017247749,0.2204832363389559,202.08034495498,22
JPY,validation,24,2018-12-20,2019-01-23,frozen_rolling63_daily,5,0.7209017983054622,0.06259830518647462,-0.2007609029456831,0.2007609029456831,0.05481281015085591,-0.1459480927948272,109.6256203017118,22
JPY,validation,25,2019-01-23,2019-02-21,frozen_rolling63_daily,5,0.8572142804404095,0.07443519142353591,0.1239237958282899,-0.1239237958282899,0.1525171330337104,0.2764409288620003,305.0342660674207,22
JPY,validation,26,2019-02-21,2019-03-22,frozen_rolling63_daily,5,0.8055978865392888,0.06995298552027916,-0.3901590632738561,0.3901590632738561,0.1398612716066299,-0.2502977916672262,279.7225432132598,22
JPY,validation,27,2019-03-22,2019-04-24,frozen_rolling63_daily,5,0.8663249231003647,0.07522633426470737,0.09091621460216004,-0.09091621460216004,0.1192732990767958,0.2101895136789559,238.5465981535917,22
JPY,validation,28,2019-04-24,2019-05-24,frozen_rolling63_daily,5,0.6733287294837069,0.05846727557733953,-0.04870674725402428,0.04870674725402428,0.06294105986156587,0.01423431260754159,125.8821197231317,22
JPY,validation,29,2019-05-24,2019-06-24,frozen_rolling63_daily,5,0.6934107111310226,0.06021110119541873,-0.05423643360572705,0.05423643360572705,0.1062105618652858,0.05197412825955872,212.4211237305716,22
JPY,validation,30,2019-06-24,2019-07-23,frozen_rolling63_daily,5,0.6425525457582637,0.05579482248160672,0.03818190917043124,-0.03818190917043124,0.09029750561377677,0.128479414784208,180.5950112275535,22
JPY,validation,31,2019-07-23,2019-08-21,frozen_rolling63_daily,5,0.6046824090575598,0.05250637659657966,-0.3732972680910662,0.3732972680910662,0.08111101101285044,-0.2921862570782158,162.2220220257009,22
JPY,validation,32,2019-08-21,2019-09-19,frozen_rolling63_daily,5,0.7051430886979517,0.06122988789829873,-0.5637162009332144,0.5637162009332144,0.1799591847139181,-0.3837570162192963,359.9183694278363,22
JPY,validation,33,2019-09-19,2019-10-18,frozen_rolling63_daily,5,0.7982162744901871,0.06931199189739927,-0.3796586314269774,0.3796586314269774,0.1798269078452578,-0.1998317235817196,359.6538156905157,22
JPY,validation,34,2019-10-18,2019-11-18,frozen_rolling63_daily,5,0.8936250123428522,0.07759700391563573,0.3848349813885323,-0.3848349813885323,0.07610887692929387,0.4609438583178262,152.2177538585877,22
JPY,validation,35,2019-11-18,2019-12-17,frozen_rolling63_daily,5,0.7730395299822419,0.06712573503784171,-0.08014315793117532,0.08014315793117532,0.1492674621419539,0.06912430421077859,298.5349242839078,22
JPY,validation,36,2019-12-17,2020-01-20,frozen_rolling63_daily,5,0.6806778303662497,0.05910543678408096,-0.05852282437711409,0.05852282437711409,0.1438705207666215,0.0853476963895074,287.7410415332429,22
JPY,validation,37,2020-01-20,2020-02-18,frozen_rolling63_daily,5,0.627075368666226,0.05445086337077962,-0.06032753643665893,0.06032753643665893,0.06630551004112169,0.005977973604462762,132.6110200822434,22
JPY,validation,38,2020-02-18,2020-03-18,frozen_rolling63_daily,5,0.6620208010380821,0.05748534945172562,-2.215326005826977,2.215326005826977,0.221651774907712,-1.993674230919265,443.3035498154239,22
JPY,validation,39,2020-03-18,2020-04-20,frozen_rolling63_daily,5,1.048280885025342,0.09102710246078129,0.09065261148639436,-0.09065261148639436,0.1198924927885903,0.2105451042749847,239.7849855771807,22
JPY,validation,40,2020-04-20,2020-05-20,frozen_rolling63_daily,5,1.106990336869032,0.09612543555357964,-0.4844286737885852,0.4844286737885852,0.1857956986515967,-0.2986329751369885,371.5913973031935,22
JPY,validation,41,2020-05-20,2020-06-18,frozen_rolling63_daily,5,1.252191788624586,0.1087349696465236,-0.01172020494030335,0.01172020494030335,0.1168365028950756,0.1051162979547722,233.6730057901513,22
JPY,validation,42,2020-06-18,2020-07-17,frozen_rolling63_daily,5,1.071631763779465,0.09305488842200241,-0.1941940392301262,0.1941940392301262,0.162189644508406,-0.03200439472172023,324.379289016812,22
JPY,validation,43,2020-07-17,2020-08-17,frozen_rolling63_daily,5,1.088206019148203,0.09449419849771104,0.1056581013250195,-0.1056581013250195,0.1182224460128613,0.2238805473378808,236.4448920257227,22
JPY,validation,44,2020-08-17,2020-09-15,frozen_rolling63_daily,5,0.9547663799526234,0.08290639666083845,0.269060694008104,-0.269060694008104,0.1154426795850752,0.3845033735931792,230.8853591701505,22
JPY,validation,45,2020-09-15,2020-10-14,frozen_rolling63_daily,5,0.8331609367934405,0.07234647067160761,0.01544566601829889,-0.01544566601829889,0.08702598073600638,0.1024716467543053,174.0519614720127,22
JPY,validation,46,2020-10-14,2020-11-12,frozen_rolling63_daily,5,0.7414723942001942,0.06438456927693012,-0.7053255558543867,0.7053255558543867,0.1834572635023924,-0.5218682923519943,366.9145270047848,22
JPY,validation,47,2020-11-12,2020-12-11,frozen_rolling63_daily,5,0.8307267673523953,0.07213509501379398,0.007457178333979186,-0.007457178333979186,0.1284424642216671,0.1358996425556463,256.8849284433343,22
JPY,validation,0,2017-01-02,2017-01-31,rolling63_daily,5,1.011023742606206,0.08779171522829829,-0.05230103036503131,0.05230103036503131,0.1196595471678055,0.06735851680277419,239.319094335611,22
JPY,validation,1,2017-01-31,2017-03-01,rolling63_daily,5,1.003708290571147,0.08715644816347283,-0.002007183802678761,0.002007183802678761,0.0794306625597003,0.07742347875702153,158.8613251194006,22
JPY,validation,2,2017-03-01,2017-03-30,rolling63_daily,5,0.9011355320411809,0.07824919974315678,-0.09268310706771921,0.09268310706771921,0.1243174244268506,0.03163431735913134,248.6348488537011,22
JPY,validation,3,2017-03-30,2017-05-03,rolling63_daily,5,0.8697467137618631,0.0755234732910543,-0.8744453121736768,0.8744453121736768,0.1670406444268009,-0.7074046677468759,334.0812888536017,22
JPY,validation,4,2017-05-03,2017-06-01,rolling63_daily,5,1.073506673023019,0.09321770553487055,-0.2506628964985964,0.2506628964985964,0.1491508133480127,-0.1015120831505837,298.3016266960253,22
JPY,validation,5,2017-06-01,2017-06-30,rolling63_daily,5,1.140023093629821,0.09899402527376132,-0.01561644570858789,0.01561644570858789,0.1468451277202999,0.131228682011712,293.6902554405998,22
JPY,validation,6,2017-06-30,2017-07-31,rolling63_daily,5,1.192100353633705,0.1035164887999282,0.2155363271458697,-0.2155363271458697,0.1269362732418405,0.3424726003877102,253.8725464836809,22
JPY,validation,7,2017-07-31,2017-08-29,rolling63_daily,5,0.9885762230223065,0.08584239578199629,-0.03507219777188197,0.03507219777188197,0.1621752853067469,0.127103087534865,324.3505706134938,22
JPY,validation,8,2017-08-29,2017-09-27,rolling63_daily,5,0.9027907321481337,0.07839293351201151,-0.175974175562672,0.175974175562672,0.14629205992826,-0.029682115634412,292.58411985652,22
JPY,validation,9,2017-09-27,2017-10-26,rolling63_daily,5,0.8383991084798765,0.0728013373394077,0.1432574018124768,-0.1432574018124768,0.1459795587061802,0.289236960518657,291.9591174123604,22
JPY,validation,10,2017-10-26,2017-11-24,rolling63_daily,5,0.7864602861602705,0.06829114381231398,-0.07706872615296047,0.07706872615296047,0.09386841426852201,0.01679968811556154,187.736828537044,22
JPY,validation,11,2017-11-24,2017-12-27,rolling63_daily,5,0.7381688817184653,0.06409770585211534,-0.2067538141495504,0.2067538141495504,0.1664455320689834,-0.04030828208056697,332.8910641379669,22
JPY,validation,12,2017-12-27,2018-01-26,rolling63_daily,5,0.6725764655192421,0.05840195255610633,-0.3461441806379781,0.3461441806379781,0.1671870378766403,-0.1789571427613379,334.3740757532806,22
JPY,validation,13,2018-01-26,2018-02-26,rolling63_daily,5,0.7648187743246098,0.06641187599504794,-0.3822209884040257,0.3822209884040257,0.09099947972926231,-0.2912215086747634,181.9989594585246,22
JPY,validation,14,2018-02-26,2018-03-27,rolling63_daily,5,0.8363565074518675,0.07262396413100129,-0.2896218011237366,0.2896218011237366,0.1224254210658501,-0.1671963800578865,244.8508421317001,22
JPY,validation,15,2018-03-27,2018-04-27,rolling63_daily,5,0.9220093258954236,0.08006183445945184,0.1498855969520605,-0.1498855969520605,0.1294349189920197,0.2793205159440802,258.8698379840395,22
JPY,validation,16,2018-04-27,2018-05-29,rolling63_daily,5,0.8633117172812987,0.07496467575320845,-0.1723505688235726,0.1723505688235726,0.0871065784291177,-0.0852439903944549,174.2131568582355,22
JPY,validation,17,2018-05-29,2018-06-27,rolling63_daily,5,0.9171360154820434,0.07963864632982874,-0.3309327104107496,0.3309327104107496,0.1417266777235198,-0.1892060326872297,283.4533554470396,22
JPY,validation,18,2018-06-27,2018-07-26,rolling63_daily,5,0.9656567748292062,0.08385210155230571,-0.03152111024269288,0.03152111024269288,0.1191636963017363,0.08764258605904346,238.3273926034727,22
JPY,validation,19,2018-07-26,2018-08-24,rolling63_daily,5,0.995440675157667,0.08643849699639181,-0.1755606855210263,0.1755606855210263,0.07672607943605143,-0.09883460608497489,153.4521588721029,22
JPY,validation,20,2018-08-24,2018-09-24,rolling63_daily,5,0.9894260511928792,0.08591619385900272,0.003782194221130908,-0.003782194221130908,0.1477918838125661,0.151574078033697,295.5837676251323,22
JPY,validation,21,2018-09-24,2018-10-23,rolling63_daily,5,0.8895541085419083,0.07724349651284924,-0.03160822877689783,0.03160822877689783,0.07385745906823991,0.04224923029134208,147.7149181364798,22
JPY,validation,22,2018-10-23,2018-11-21,rolling63_daily,5,0.9017400402772751,0.07830169384356464,0.02665055334229294,-0.02665055334229294,0.1389492243503646,0.1655997776926576,277.8984487007292,22
JPY,validation,23,2018-11-21,2018-12-20,rolling63_daily,5,0.8006948537621099,0.06952722306995913,0.1090665910502668,-0.1090665910502668,0.1039454601864825,0.2130120512367493,207.8909203729649,22
JPY,validation,24,2018-12-20,2019-01-23,rolling63_daily,5,0.7209017983054622,0.06259830518647462,-0.2033672737951207,0.2033672737951207,0.05633277115158455,-0.1470345026435361,112.6655423031691,22
JPY,validation,25,2019-01-23,2019-02-21,rolling63_daily,5,0.8572142804404095,0.07443519142353591,0.1123648563814896,-0.1123648563814896,0.1556972174129409,0.2680620737944305,311.3944348258817,22
JPY,validation,26,2019-02-21,2019-03-22,rolling63_daily,5,0.8055978865392888,0.06995298552027916,-0.3762449403681529,0.3762449403681529,0.1385523804877283,-0.2376925598804246,277.1047609754565,22
JPY,validation,27,2019-03-22,2019-04-24,rolling63_daily,5,0.8663249231003647,0.07522633426470737,0.1258544652622504,-0.1258544652622504,0.1204610270727415,0.2463154923349919,240.922054145483,22
JPY,validation,28,2019-04-24,2019-05-24,rolling63_daily,5,0.6733287294837069,0.05846727557733953,-0.05550591929245599,0.05550591929245599,0.06271765788785773,0.007211738595401737,125.4353157757154,22
JPY,validation,29,2019-05-24,2019-06-24,rolling63_daily,5,0.6934107111310226,0.06021110119541873,-0.05320342086978536,0.05320342086978536,0.1071810381014776,0.05397761723169223,214.3620762029552,22
JPY,validation,30,2019-06-24,2019-07-23,rolling63_daily,5,0.6425525457582637,0.05579482248160672,0.04706066407055309,-0.04706066407055309,0.08960726895629974,0.1366679330268528,179.2145379125995,22
JPY,validation,31,2019-07-23,2019-08-21,rolling63_daily,5,0.6046824090575598,0.05250637659657966,-0.3988085532359795,0.3988085532359795,0.08237914681472334,-0.3164294064212562,164.7582936294467,22
JPY,validation,32,2019-08-21,2019-09-19,rolling63_daily,5,0.7051430886979517,0.06122988789829873,-0.5484120474641969,0.5484120474641969,0.1802630039106292,-0.3681490435535677,360.5260078212585,22
JPY,validation,33,2019-09-19,2019-10-18,rolling63_daily,5,0.7982162744901871,0.06931199189739927,-0.3657582007595153,0.3657582007595153,0.1766392378220769,-0.1891189629374384,353.2784756441538,22
JPY,validation,34,2019-10-18,2019-11-18,rolling63_daily,5,0.8936250123428522,0.07759700391563573,0.3867087108085814,-0.3867087108085814,0.07719762866622769,0.4639063394748091,154.3952573324554,22
JPY,validation,35,2019-11-18,2019-12-17,rolling63_daily,5,0.7730395299822419,0.06712573503784171,-0.04113116087418689,0.04113116087418689,0.1511857469744471,0.1100545861002602,302.3714939488942,22
JPY,validation,36,2019-12-17,2020-01-20,rolling63_daily,5,0.6806778303662497,0.05910543678408096,-0.06054190381075131,0.06054190381075131,0.1461709554610414,0.08562905165029014,292.341910922083,22
JPY,validation,37,2020-01-20,2020-02-18,rolling63_daily,5,0.627075368666226,0.05445086337077962,-0.06742111671214089,0.06742111671214089,0.06672447489992143,-0.0006966418122194562,133.4489497998428,22
JPY,validation,38,2020-02-18,2020-03-18,rolling63_daily,5,0.6620208010380821,0.05748534945172562,-1.910612817916658,1.910612817916658,0.2001621526339821,-1.710450665282676,400.3243052679643,22
JPY,validation,39,2020-03-18,2020-04-20,rolling63_daily,5,1.048280885025342,0.09102710246078129,0.1103389103967007,-0.1103389103967007,0.1177687095721391,0.2281076199688398,235.5374191442782,22
JPY,validation,40,2020-04-20,2020-05-20,rolling63_daily,5,1.106990336869032,0.09612543555357964,-0.4251457948828801,0.4251457948828801,0.1796452613902791,-0.245500533492601,359.2905227805582,22
JPY,validation,41,2020-05-20,2020-06-18,rolling63_daily,5,1.252191788624586,0.1087349696465236,-0.005117313548993252,0.005117313548993252,0.1167401554249406,0.1116228418759473,233.4803108498811,22
JPY,validation,42,2020-06-18,2020-07-17,rolling63_daily,5,1.071631763779465,0.09305488842200241,-0.2002633553657631,0.2002633553657631,0.1624256913329004,-0.03783766403286268,324.8513826658009,22
JPY,validation,43,2020-07-17,2020-08-17,rolling63_daily,5,1.088206019148203,0.09449419849771104,0.1267811132910879,-0.1267811132910879,0.1181407425431912,0.2449218558342791,236.2814850863824,22
JPY,validation,44,2020-08-17,2020-09-15,rolling63_daily,5,0.9547663799526234,0.08290639666083845,0.2530642804631071,-0.2530642804631071,0.118375875968912,0.3714401564320191,236.7517519378239,22
JPY,validation,45,2020-09-15,2020-10-14,rolling63_daily,5,0.8331609367934405,0.07234647067160761,0.01705697019392227,-0.01705697019392227,0.08491379868533196,0.1019707688792542,169.827597370664,22
JPY,validation,46,2020-10-14,2020-11-12,rolling63_daily,5,0.7414723942001942,0.06438456927693012,-0.6738804061608903,0.6738804061608903,0.1799463669365254,-0.4939340392243649,359.8927338730509,22
JPY,validation,47,2020-11-12,2020-12-11,rolling63_daily,5,0.8307267673523953,0.07213509501379398,0.0155987697237947,-0.0155987697237947,0.1291650146944906,0.1447637844182853,258.3300293889812,22
JPY,validation,0,2017-01-02,2017-01-31,ewma_daily,5,1.011023742606206,0.08779171522829829,-0.06434622780428345,0.06434622780428345,0.1201151669438287,0.05576893913954523,240.2303338876573,22
JPY,validation,1,2017-01-31,2017-03-01,ewma_daily,5,1.003708290571147,0.08715644816347283,0.01749099674639211,-0.01749099674639211,0.07808176877328141,0.09557276551967352,156.1635375465629,22
JPY,validation,2,2017-03-01,2017-03-30,ewma_daily,5,0.9011355320411809,0.07824919974315678,-0.06248918803757952,0.06248918803757952,0.1209759617402198,0.05848677370264026,241.9519234804395,22
JPY,validation,3,2017-03-30,2017-05-03,ewma_daily,5,0.8697467137618631,0.0755234732910543,-0.9036045014017162,0.9036045014017162,0.1663537910840095,-0.7372507103177067,332.7075821680189,22
JPY,validation,4,2017-05-03,2017-06-01,ewma_daily,5,1.073506673023019,0.09321770553487055,-0.2507591050643043,0.2507591050643043,0.1476826758948565,-0.1030764291694479,295.3653517897128,22
JPY,validation,5,2017-06-01,2017-06-30,ewma_daily,5,1.140023093629821,0.09899402527376132,-0.004073631554859958,0.004073631554859958,0.1485404668947878,0.1444668353399279,297.0809337895757,22
JPY,validation,6,2017-06-30,2017-07-31,ewma_daily,5,1.192100353633705,0.1035164887999282,0.2214953451453709,-0.2214953451453709,0.1273064064274537,0.3488017515728247,254.6128128549074,22
JPY,validation,7,2017-07-31,2017-08-29,ewma_daily,5,0.9885762230223065,0.08584239578199629,-0.04347254474478746,0.04347254474478746,0.161396119363483,0.1179235746186955,322.7922387269659,22
JPY,validation,8,2017-08-29,2017-09-27,ewma_daily,5,0.9027907321481337,0.07839293351201151,-0.1836213589920987,0.1836213589920987,0.1454231584667094,-0.03819820052538936,290.8463169334188,22
JPY,validation,9,2017-09-27,2017-10-26,ewma_daily,5,0.8383991084798765,0.0728013373394077,0.1446724237249839,-0.1446724237249839,0.1456200167723448,0.2902924404973287,291.2400335446897,22
JPY,validation,10,2017-10-26,2017-11-24,ewma_daily,5,0.7864602861602705,0.06829114381231398,-0.08431806977322721,0.08431806977322721,0.09377279364838965,0.009454723875162441,187.5455872967793,22
JPY,validation,11,2017-11-24,2017-12-27,ewma_daily,5,0.7381688817184653,0.06409770585211534,-0.2162304841638445,0.2162304841638445,0.1663987320559197,-0.04983175210792476,332.7974641118395,22
JPY,validation,12,2017-12-27,2018-01-26,ewma_daily,5,0.6725764655192421,0.05840195255610633,-0.3203257906532002,0.3203257906532002,0.1628092011259924,-0.1575165895272078,325.6184022519848,22
JPY,validation,13,2018-01-26,2018-02-26,ewma_daily,5,0.7648187743246098,0.06641187599504794,-0.3874070522151645,0.3874070522151645,0.08890580671177001,-0.2985012455033945,177.8116134235401,22
JPY,validation,14,2018-02-26,2018-03-27,ewma_daily,5,0.8363565074518675,0.07262396413100129,-0.2900156855362237,0.2900156855362237,0.121809508450885,-0.1682061770853387,243.61901690177,22
JPY,validation,15,2018-03-27,2018-04-27,ewma_daily,5,0.9220093258954236,0.08006183445945184,0.1558564038252257,-0.1558564038252257,0.1300452248124892,0.2859016286377148,260.0904496249783,22
JPY,validation,16,2018-04-27,2018-05-29,ewma_daily,5,0.8633117172812987,0.07496467575320845,-0.1582971988611266,0.1582971988611266,0.08924164717522481,-0.06905555168590183,178.4832943504496,22
JPY,validation,17,2018-05-29,2018-06-27,ewma_daily,5,0.9171360154820434,0.07963864632982874,-0.3428332520946782,0.3428332520946782,0.1434990359308949,-0.1993342161637833,286.9980718617897,22
JPY,validation,18,2018-06-27,2018-07-26,ewma_daily,5,0.9656567748292062,0.08385210155230571,-0.03418187551889673,0.03418187551889673,0.118071946005301,0.08389007048640423,236.1438920106019,22
JPY,validation,19,2018-07-26,2018-08-24,ewma_daily,5,0.995440675157667,0.08643849699639181,-0.1550783239833531,0.1550783239833531,0.07853109208297898,-0.0765472319003741,157.0621841659579,22
JPY,validation,20,2018-08-24,2018-09-24,ewma_daily,5,0.9894260511928792,0.08591619385900272,-0.007463476256063473,0.007463476256063473,0.1476709851934725,0.1402075089374091,295.341970386945,22
JPY,validation,21,2018-09-24,2018-10-23,ewma_daily,5,0.8895541085419083,0.07724349651284924,-0.02880644972129866,0.02880644972129866,0.0733101769171973,0.04450372719589863,146.6203538343946,22
JPY,validation,22,2018-10-23,2018-11-21,ewma_daily,5,0.9017400402772751,0.07830169384356464,0.0321639642575775,-0.0321639642575775,0.1394182937682293,0.1715822580258068,278.8365875364587,22
JPY,validation,23,2018-11-21,2018-12-20,ewma_daily,5,0.8006948537621099,0.06952722306995913,0.1123594244747133,-0.1123594244747133,0.1032762798857633,0.2156357043604765,206.5525597715265,22
JPY,validation,24,2018-12-20,2019-01-23,ewma_daily,5,0.7209017983054622,0.06259830518647462,-0.2177953360803722,0.2177953360803722,0.05792667610367907,-0.1598686599766932,115.8533522073581,22
JPY,validation,25,2019-01-23,2019-02-21,ewma_daily,5,0.8572142804404095,0.07443519142353591,0.1099646524562132,-0.1099646524562132,0.1563053912936255,0.2662700437498387,312.6107825872509,22
JPY,validation,26,2019-02-21,2019-03-22,ewma_daily,5,0.8055978865392888,0.06995298552027916,-0.4311949325696105,0.4311949325696105,0.1440313950517847,-0.2871635375178259,288.0627901035693,22
JPY,validation,27,2019-03-22,2019-04-24,ewma_daily,5,0.8663249231003647,0.07522633426470737,0.1121625867218938,-0.1121625867218938,0.1211503980757879,0.2333129847976817,242.3007961515759,22
JPY,validation,28,2019-04-24,2019-05-24,ewma_daily,5,0.6733287294837069,0.05846727557733953,-0.059321592340659,0.059321592340659,0.06208726805953593,0.002765675718876925,124.1745361190718,22
JPY,validation,29,2019-05-24,2019-06-24,ewma_daily,5,0.6934107111310226,0.06021110119541873,-0.05089436798484792,0.05089436798484792,0.106687357082007,0.0557929890971591,213.3747141640139,22
JPY,validation,30,2019-06-24,2019-07-23,ewma_daily,5,0.6425525457582637,0.05579482248160672,0.05025936496044403,-0.05025936496044403,0.08859828782055894,0.138857652781003,177.1965756411179,22
JPY,validation,31,2019-07-23,2019-08-21,ewma_daily,5,0.6046824090575598,0.05250637659657966,-0.4089770054467723,0.4089770054467723,0.08229702866320758,-0.3266799767835648,164.5940573264152,22
JPY,validation,32,2019-08-21,2019-09-19,ewma_daily,5,0.7051430886979517,0.06122988789829873,-0.5346013276236476,0.5346013276236476,0.179169285067474,-0.3554320425561737,358.338570134948,22
JPY,validation,33,2019-09-19,2019-10-18,ewma_daily,5,0.7982162744901871,0.06931199189739927,-0.3861963324291509,0.3861963324291509,0.1768092197133715,-0.2093871127157794,353.6184394267429,22
JPY,validation,34,2019-10-18,2019-11-18,ewma_daily,5,0.8936250123428522,0.07759700391563573,0.3904501176700226,-0.3904501176700226,0.0788173543512294,0.469267472021252,157.6347087024587,22
JPY,validation,35,2019-11-18,2019-12-17,ewma_daily,5,0.7730395299822419,0.06712573503784171,-0.06315792476594595,0.06315792476594595,0.1575378126554083,0.09437988788946239,315.0756253108167,22
JPY,validation,36,2019-12-17,2020-01-20,ewma_daily,5,0.6806778303662497,0.05910543678408096,-0.03167964473572482,0.03167964473572482,0.1410248376230616,0.1093451928873368,282.0496752461233,22
JPY,validation,37,2020-01-20,2020-02-18,ewma_daily,5,0.627075368666226,0.05445086337077962,-0.08246270409627417,0.08246270409627417,0.0661107200942926,-0.01635198400198157,132.2214401885851,22
JPY,validation,38,2020-02-18,2020-03-18,ewma_daily,5,0.6620208010380821,0.05748534945172562,-1.828039639939514,1.828039639939514,0.1947375997946462,-1.633302040144868,389.4751995892926,22
JPY,validation,39,2020-03-18,2020-04-20,ewma_daily,5,1.048280885025342,0.09102710246078129,0.1368720652096709,-0.1368720652096709,0.1135749002565527,0.2504469654662236,227.1498005131054,22
JPY,validation,40,2020-04-20,2020-05-20,ewma_daily,5,1.106990336869032,0.09612543555357964,-0.5005799209359765,0.5005799209359765,0.1856972094844126,-0.3148827114515639,371.3944189688252,22
JPY,validation,41,2020-05-20,2020-06-18,ewma_daily,5,1.252191788624586,0.1087349696465236,0.06019529917880106,-0.06019529917880106,0.1175123086159937,0.1777076077947948,235.0246172319874,22
JPY,validation,42,2020-06-18,2020-07-17,ewma_daily,5,1.071631763779465,0.09305488842200241,-0.1952972031287459,0.1952972031287459,0.1610631103375682,-0.03423409279117764,322.1262206751365,22
JPY,validation,43,2020-07-17,2020-08-17,ewma_daily,5,1.088206019148203,0.09449419849771104,0.1447700994206542,-0.1447700994206542,0.1181507175616344,0.2629208169822886,236.3014351232689,22
JPY,validation,44,2020-08-17,2020-09-15,ewma_daily,5,0.9547663799526234,0.08290639666083845,0.2427220964527024,-0.2427220964527024,0.119865119410618,0.3625872158633204,239.7302388212361,22
JPY,validation,45,2020-09-15,2020-10-14,ewma_daily,5,0.8331609367934405,0.07234647067160761,0.01629123097412277,-0.01629123097412277,0.08558533465151062,0.1018765656256334,171.1706693030213,22
JPY,validation,46,2020-10-14,2020-11-12,ewma_daily,5,0.7414723942001942,0.06438456927693012,-0.6378539446776728,0.6378539446776728,0.174026973758469,-0.4638269709192038,348.0539475169379,22
JPY,validation,47,2020-11-12,2020-12-11,ewma_daily,5,0.8307267673523953,0.07213509501379398,0.01471086276609412,-0.01471086276609412,0.1276634217283588,0.1423742844944529,255.3268434567177,22
JPY,validation,0,2017-01-02,2017-01-31,ridge_daily,5,1.011023742606206,0.08779171522829829,-0.03963400643547388,0.03963400643547388,0.1187512138122947,0.07911720737682081,237.5024276245894,22
JPY,validation,1,2017-01-31,2017-03-01,ridge_daily,5,1.003708290571147,0.08715644816347283,0.009352100985475462,-0.009352100985475462,0.07455752318536063,0.0839096241708361,149.1150463707213,22
JPY,validation,2,2017-03-01,2017-03-30,ridge_daily,5,0.9011355320411809,0.07824919974315678,-0.01653425986494028,0.01653425986494028,0.11921010883108,0.1026758489661397,238.42021766216,22
JPY,validation,3,2017-03-30,2017-05-03,ridge_daily,5,0.8697467137618631,0.0755234732910543,-0.8568763360384395,0.8568763360384395,0.1620591191389255,-0.6948172168995139,324.1182382778511,22
JPY,validation,4,2017-05-03,2017-06-01,ridge_daily,5,1.073506673023019,0.09321770553487055,-0.2915062806550992,0.2915062806550992,0.1527712433995213,-0.1387350372555779,305.5424867990426,22
JPY,validation,5,2017-06-01,2017-06-30,ridge_daily,5,1.140023093629821,0.09899402527376132,0.04099408419183703,-0.04099408419183703,0.1454416021979567,0.1864356863897938,290.8832043959134,22
JPY,validation,6,2017-06-30,2017-07-31,ridge_daily,5,1.192100353633705,0.1035164887999282,0.2045333660297644,-0.2045333660297644,0.1311088672926001,0.3356422333223644,262.2177345852001,22
JPY,validation,7,2017-07-31,2017-08-29,ridge_daily,5,0.9885762230223065,0.08584239578199629,-6.028641135458201e-05,6.028641135458201e-05,0.1572311189878186,0.157170832576464,314.4622379756372,22
JPY,validation,8,2017-08-29,2017-09-27,ridge_daily,5,0.9027907321481337,0.07839293351201151,-0.173173026327845,0.173173026327845,0.1420037029689792,-0.03116932335886585,284.0074059379584,22
JPY,validation,9,2017-09-27,2017-10-26,ridge_daily,5,0.8383991084798765,0.0728013373394077,0.1509863524125308,-0.1509863524125308,0.1431521086809921,0.2941384610935228,286.3042173619841,22
JPY,validation,10,2017-10-26,2017-11-24,ridge_daily,5,0.7864602861602705,0.06829114381231398,-0.05843919040740539,0.05843919040740539,0.08989898003074406,0.03145978962333867,179.7979600614881,22
JPY,validation,11,2017-11-24,2017-12-27,ridge_daily,5,0.7381688817184653,0.06409770585211534,-0.2200917416210757,0.2200917416210757,0.1626285778562038,-0.05746316376487193,325.2571557124076,22
JPY,validation,12,2017-12-27,2018-01-26,ridge_daily,5,0.6725764655192421,0.05840195255610633,-0.3001676673585933,0.3001676673585933,0.1558809500915852,-0.1442867172670081,311.7619001831704,22
JPY,validation,13,2018-01-26,2018-02-26,ridge_daily,5,0.7648187743246098,0.06641187599504794,-0.4299505594654925,0.4299505594654925,0.08513150206681824,-0.3448190573986743,170.2630041336365,22
JPY,validation,14,2018-02-26,2018-03-27,ridge_daily,5,0.8363565074518675,0.07262396413100129,-0.2312573226548675,0.2312573226548675,0.1148520687970415,-0.116405253857826,229.7041375940831,22
JPY,validation,15,2018-03-27,2018-04-27,ridge_daily,5,0.9220093258954236,0.08006183445945184,0.1556820009371052,-0.1556820009371052,0.1287644297681251,0.2844464307052302,257.5288595362502,22
JPY,validation,16,2018-04-27,2018-05-29,ridge_daily,5,0.8633117172812987,0.07496467575320845,-0.1909592280872743,0.1909592280872743,0.08454751056072959,-0.1064117175265447,169.0950211214592,22
JPY,validation,17,2018-05-29,2018-06-27,ridge_daily,5,0.9171360154820434,0.07963864632982874,-0.3501419286643994,0.3501419286643994,0.1438561189272687,-0.2062858097371308,287.7122378545373,22
JPY,validation,18,2018-06-27,2018-07-26,ridge_daily,5,0.9656567748292062,0.08385210155230571,-0.02495033334832897,0.02495033334832897,0.1184886285662541,0.09353829521792514,236.9772571325082,22
JPY,validation,19,2018-07-26,2018-08-24,ridge_daily,5,0.995440675157667,0.08643849699639181,-0.1971739767593126,0.1971739767593126,0.07733805486568586,-0.1198359218936267,154.6761097313717,22
JPY,validation,20,2018-08-24,2018-09-24,ridge_daily,5,0.9894260511928792,0.08591619385900272,0.008345281205279775,-0.008345281205279775,0.1456146174942395,0.1539598986995193,291.229234988479,22
JPY,validation,21,2018-09-24,2018-10-23,ridge_daily,5,0.8895541085419083,0.07724349651284924,-0.05475180422473494,0.05475180422473494,0.07223237162162578,0.01748056739689084,144.4647432432516,22
JPY,validation,22,2018-10-23,2018-11-21,ridge_daily,5,0.9017400402772751,0.07830169384356464,0.103897858367457,-0.103897858367457,0.1302570145788014,0.2341548729462584,260.5140291576028,22
JPY,validation,23,2018-11-21,2018-12-20,ridge_daily,5,0.8006948537621099,0.06952722306995913,0.1269907443720326,-0.1269907443720326,0.09983990315298645,0.2268306475250191,199.6798063059729,22
JPY,validation,24,2018-12-20,2019-01-23,ridge_daily,5,0.7209017983054622,0.06259830518647462,-0.2941107529260957,0.2941107529260957,0.05864208483286647,-0.2354686680932292,117.2841696657329,22
JPY,validation,25,2019-01-23,2019-02-21,ridge_daily,5,0.8572142804404095,0.07443519142353591,0.0965537792421145,-0.0965537792421145,0.1586743720657462,0.2552281513078607,317.3487441314924,22
JPY,validation,26,2019-02-21,2019-03-22,ridge_daily,5,0.8055978865392888,0.06995298552027916,-0.3793802783673215,0.3793802783673215,0.1406235811194568,-0.2387566972478647,281.2471622389136,22
JPY,validation,27,2019-03-22,2019-04-24,ridge_daily,5,0.8663249231003647,0.07522633426470737,0.128613501164736,-0.128613501164736,0.1188319923137247,0.2474454934784608,237.6639846274495,22
JPY,validation,28,2019-04-24,2019-05-24,ridge_daily,5,0.6733287294837069,0.05846727557733953,-0.09891335986448027,0.09891335986448027,0.05923727002830417,-0.03967608983617611,118.4745400566084,22
JPY,validation,29,2019-05-24,2019-06-24,ridge_daily,5,0.6934107111310226,0.06021110119541873,-0.005559093066114684,0.005559093066114684,0.09936167536552717,0.09380258229941249,198.7233507310544,22
JPY,validation,30,2019-06-24,2019-07-23,ridge_daily,5,0.6425525457582637,0.05579482248160672,0.05756799554148406,-0.05756799554148406,0.08488431073274263,0.1424523062742267,169.7686214654853,22
JPY,validation,31,2019-07-23,2019-08-21,ridge_daily,5,0.6046824090575598,0.05250637659657966,-0.423019604155441,0.423019604155441,0.07942764423420216,-0.3435919599212388,158.8552884684044,22
JPY,validation,32,2019-08-21,2019-09-19,ridge_daily,5,0.7051430886979517,0.06122988789829873,-0.5101339560616509,0.5101339560616509,0.1739916062021296,-0.3361423498595213,347.9832124042591,22
JPY,validation,33,2019-09-19,2019-10-18,ridge_daily,5,0.7982162744901871,0.06931199189739927,-0.3621594056832151,0.3621594056832151,0.1710700999274244,-0.1910893057557908,342.1401998548488,22
JPY,validation,34,2019-10-18,2019-11-18,ridge_daily,5,0.8936250123428522,0.07759700391563573,0.3875179561855415,-0.3875179561855415,0.07815708886878654,0.4656750450543281,156.3141777375731,22
JPY,validation,35,2019-11-18,2019-12-17,ridge_daily,5,0.7730395299822419,0.06712573503784171,-0.06276576053014082,0.06276576053014082,0.1536301194268545,0.09086435889671368,307.2602388537089,22
JPY,validation,36,2019-12-17,2020-01-20,ridge_daily,5,0.6806778303662497,0.05910543678408096,0.03237944946604188,-0.03237944946604188,0.1336467658598299,0.1660262153258718,267.2935317196598,22
JPY,validation,37,2020-01-20,2020-02-18,ridge_daily,5,0.627075368666226,0.05445086337077962,-0.1256392116142845,0.1256392116142845,0.06491731845218661,-0.0607218931620979,129.8346369043733,22
JPY,validation,38,2020-02-18,2020-03-18,ridge_daily,5,0.6620208010380821,0.05748534945172562,-1.593971269249396,1.593971269249396,0.1780899068050075,-1.415881362444388,356.1798136100149,22
JPY,validation,39,2020-03-18,2020-04-20,ridge_daily,5,1.048280885025342,0.09102710246078129,0.1763373054707067,-0.1763373054707067,0.1119876627102356,0.2883249681809423,223.9753254204712,22
JPY,validation,40,2020-04-20,2020-05-20,ridge_daily,5,1.106990336869032,0.09612543555357964,-0.4556969943512144,0.4556969943512144,0.1818556021617551,-0.2738413921894592,363.7112043235102,22
JPY,validation,41,2020-05-20,2020-06-18,ridge_daily,5,1.252191788624586,0.1087349696465236,0.1056730971729394,-0.1056730971729394,0.1184889606229961,0.2241620577959355,236.9779212459923,22
JPY,validation,42,2020-06-18,2020-07-17,ridge_daily,5,1.071631763779465,0.09305488842200241,-0.1990150560745292,0.1990150560745292,0.1603663070424178,-0.03864874903211135,320.7326140848356,22
JPY,validation,43,2020-07-17,2020-08-17,ridge_daily,5,1.088206019148203,0.09449419849771104,0.141042617635037,-0.141042617635037,0.1196960647792774,0.2607386824143144,239.3921295585548,22
JPY,validation,44,2020-08-17,2020-09-15,ridge_daily,5,0.9547663799526234,0.08290639666083845,0.2624362355582619,-0.2624362355582619,0.1159237049903538,0.3783599405486157,231.8474099807077,22
JPY,validation,45,2020-09-15,2020-10-14,ridge_daily,5,0.8331609367934405,0.07234647067160761,-0.002636897134776994,0.002636897134776994,0.08291270949833619,0.0802758123635592,165.8254189966723,22
JPY,validation,46,2020-10-14,2020-11-12,ridge_daily,5,0.7414723942001942,0.06438456927693012,-0.5552624114043425,0.5552624114043425,0.1663283870833205,-0.388934024321022,332.656774166641,22
JPY,validation,47,2020-11-12,2020-12-11,ridge_daily,5,0.8307267673523953,0.07213509501379398,0.02482734786619289,-0.02482734786619289,0.1246392768451754,0.1494666247113683,249.2785536903508,22
JPY,validation,0,2017-01-02,2017-01-31,selected_daily,5,1.011023742606206,0.08779171522829829,-0.06434622780428345,0.06434622780428345,0.1201151669438287,0.05576893913954523,240.2303338876573,22
JPY,validation,1,2017-01-31,2017-03-01,selected_daily,5,1.003708290571147,0.08715644816347283,0.01749099674639211,-0.01749099674639211,0.07808176877328141,0.09557276551967352,156.1635375465629,22
JPY,validation,2,2017-03-01,2017-03-30,selected_daily,5,0.9011355320411809,0.07824919974315678,-0.06248918803757952,0.06248918803757952,0.1209759617402198,0.05848677370264026,241.9519234804395,22
JPY,validation,3,2017-03-30,2017-05-03,selected_daily,5,0.8697467137618631,0.0755234732910543,-0.9036045014017162,0.9036045014017162,0.1663537910840095,-0.7372507103177067,332.7075821680189,22
JPY,validation,4,2017-05-03,2017-06-01,selected_daily,5,1.073506673023019,0.09321770553487055,-0.2507591050643043,0.2507591050643043,0.1476826758948565,-0.1030764291694479,295.3653517897128,22
JPY,validation,5,2017-06-01,2017-06-30,selected_daily,5,1.140023093629821,0.09899402527376132,-0.004073631554859958,0.004073631554859958,0.1485404668947878,0.1444668353399279,297.0809337895757,22
JPY,validation,6,2017-06-30,2017-07-31,selected_daily,5,1.192100353633705,0.1035164887999282,0.2214953451453709,-0.2214953451453709,0.1273064064274537,0.3488017515728247,254.6128128549074,22
JPY,validation,7,2017-07-31,2017-08-29,selected_daily,5,0.9885762230223065,0.08584239578199629,-0.04347254474478746,0.04347254474478746,0.161396119363483,0.1179235746186955,322.7922387269659,22
JPY,validation,8,2017-08-29,2017-09-27,selected_daily,5,0.9027907321481337,0.07839293351201151,-0.1836213589920987,0.1836213589920987,0.1454231584667094,-0.03819820052538936,290.8463169334188,22
JPY,validation,9,2017-09-27,2017-10-26,selected_daily,5,0.8383991084798765,0.0728013373394077,0.1446724237249839,-0.1446724237249839,0.1456200167723448,0.2902924404973287,291.2400335446897,22
JPY,validation,10,2017-10-26,2017-11-24,selected_daily,5,0.7864602861602705,0.06829114381231398,-0.08431806977322721,0.08431806977322721,0.09377279364838965,0.009454723875162441,187.5455872967793,22
JPY,validation,11,2017-11-24,2017-12-27,selected_daily,5,0.7381688817184653,0.06409770585211534,-0.2162304841638445,0.2162304841638445,0.1663987320559197,-0.04983175210792476,332.7974641118395,22
JPY,validation,12,2017-12-27,2018-01-26,selected_daily,5,0.6725764655192421,0.05840195255610633,-0.3203257906532002,0.3203257906532002,0.1628092011259924,-0.1575165895272078,325.6184022519848,22
JPY,validation,13,2018-01-26,2018-02-26,selected_daily,5,0.7648187743246098,0.06641187599504794,-0.3874070522151645,0.3874070522151645,0.08890580671177001,-0.2985012455033945,177.8116134235401,22
JPY,validation,14,2018-02-26,2018-03-27,selected_daily,5,0.8363565074518675,0.07262396413100129,-0.2900156855362237,0.2900156855362237,0.121809508450885,-0.1682061770853387,243.61901690177,22
JPY,validation,15,2018-03-27,2018-04-27,selected_daily,5,0.9220093258954236,0.08006183445945184,0.1558564038252257,-0.1558564038252257,0.1300452248124892,0.2859016286377148,260.0904496249783,22
JPY,validation,16,2018-04-27,2018-05-29,selected_daily,5,0.8633117172812987,0.07496467575320845,-0.1582971988611266,0.1582971988611266,0.08924164717522481,-0.06905555168590183,178.4832943504496,22
JPY,validation,17,2018-05-29,2018-06-27,selected_daily,5,0.9171360154820434,0.07963864632982874,-0.3428332520946782,0.3428332520946782,0.1434990359308949,-0.1993342161637833,286.9980718617897,22
JPY,validation,18,2018-06-27,2018-07-26,selected_daily,5,0.9656567748292062,0.08385210155230571,-0.03418187551889673,0.03418187551889673,0.118071946005301,0.08389007048640423,236.1438920106019,22
JPY,validation,19,2018-07-26,2018-08-24,selected_daily,5,0.995440675157667,0.08643849699639181,-0.1550783239833531,0.1550783239833531,0.07853109208297898,-0.0765472319003741,157.0621841659579,22
JPY,validation,20,2018-08-24,2018-09-24,selected_daily,5,0.9894260511928792,0.08591619385900272,-0.007463476256063473,0.007463476256063473,0.1476709851934725,0.1402075089374091,295.341970386945,22
JPY,validation,21,2018-09-24,2018-10-23,selected_daily,5,0.8895541085419083,0.07724349651284924,-0.02880644972129866,0.02880644972129866,0.0733101769171973,0.04450372719589863,146.6203538343946,22
JPY,validation,22,2018-10-23,2018-11-21,selected_daily,5,0.9017400402772751,0.07830169384356464,0.0321639642575775,-0.0321639642575775,0.1394182937682293,0.1715822580258068,278.8365875364587,22
JPY,validation,23,2018-11-21,2018-12-20,selected_daily,5,0.8006948537621099,0.06952722306995913,0.1123594244747133,-0.1123594244747133,0.1032762798857633,0.2156357043604765,206.5525597715265,22
JPY,validation,24,2018-12-20,2019-01-23,selected_daily,5,0.7209017983054622,0.06259830518647462,-0.2177953360803722,0.2177953360803722,0.05792667610367907,-0.1598686599766932,115.8533522073581,22
JPY,validation,25,2019-01-23,2019-02-21,selected_daily,5,0.8572142804404095,0.07443519142353591,0.1099646524562132,-0.1099646524562132,0.1563053912936255,0.2662700437498387,312.6107825872509,22
JPY,validation,26,2019-02-21,2019-03-22,selected_daily,5,0.8055978865392888,0.06995298552027916,-0.4311949325696105,0.4311949325696105,0.1440313950517847,-0.2871635375178259,288.0627901035693,22
JPY,validation,27,2019-03-22,2019-04-24,selected_daily,5,0.8663249231003647,0.07522633426470737,0.1121625867218938,-0.1121625867218938,0.1211503980757879,0.2333129847976817,242.3007961515759,22
JPY,validation,28,2019-04-24,2019-05-24,selected_daily,5,0.6733287294837069,0.05846727557733953,-0.059321592340659,0.059321592340659,0.06208726805953593,0.002765675718876925,124.1745361190718,22
JPY,validation,29,2019-05-24,2019-06-24,selected_daily,5,0.6934107111310226,0.06021110119541873,-0.05089436798484792,0.05089436798484792,0.106687357082007,0.0557929890971591,213.3747141640139,22
JPY,validation,30,2019-06-24,2019-07-23,selected_daily,5,0.6425525457582637,0.05579482248160672,0.05025936496044403,-0.05025936496044403,0.08859828782055894,0.138857652781003,177.1965756411179,22
JPY,validation,31,2019-07-23,2019-08-21,selected_daily,5,0.6046824090575598,0.05250637659657966,-0.4089770054467723,0.4089770054467723,0.08229702866320758,-0.3266799767835648,164.5940573264152,22
JPY,validation,32,2019-08-21,2019-09-19,selected_daily,5,0.7051430886979517,0.06122988789829873,-0.5346013276236476,0.5346013276236476,0.179169285067474,-0.3554320425561737,358.338570134948,22
JPY,validation,33,2019-09-19,2019-10-18,selected_daily,5,0.7982162744901871,0.06931199189739927,-0.3861963324291509,0.3861963324291509,0.1768092197133715,-0.2093871127157794,353.6184394267429,22
JPY,validation,34,2019-10-18,2019-11-18,selected_daily,5,0.8936250123428522,0.07759700391563573,0.3904501176700226,-0.3904501176700226,0.0788173543512294,0.469267472021252,157.6347087024587,22
JPY,validation,35,2019-11-18,2019-12-17,selected_daily,5,0.7730395299822419,0.06712573503784171,-0.06315792476594595,0.06315792476594595,0.1575378126554083,0.09437988788946239,315.0756253108167,22
JPY,validation,36,2019-12-17,2020-01-20,selected_daily,5,0.6806778303662497,0.05910543678408096,-0.03167964473572482,0.03167964473572482,0.1410248376230616,0.1093451928873368,282.0496752461233,22
JPY,validation,37,2020-01-20,2020-02-18,selected_daily,5,0.627075368666226,0.05445086337077962,-0.08246270409627417,0.08246270409627417,0.0661107200942926,-0.01635198400198157,132.2214401885851,22
JPY,validation,38,2020-02-18,2020-03-18,selected_daily,5,0.6620208010380821,0.05748534945172562,-1.828039639939514,1.828039639939514,0.1947375997946462,-1.633302040144868,389.4751995892926,22
JPY,validation,39,2020-03-18,2020-04-20,selected_daily,5,1.048280885025342,0.09102710246078129,0.1368720652096709,-0.1368720652096709,0.1135749002565527,0.2504469654662236,227.1498005131054,22
JPY,validation,40,2020-04-20,2020-05-20,selected_daily,5,1.106990336869032,0.09612543555357964,-0.5005799209359765,0.5005799209359765,0.1856972094844126,-0.3148827114515639,371.3944189688252,22
JPY,validation,41,2020-05-20,2020-06-18,selected_daily,5,1.252191788624586,0.1087349696465236,0.06019529917880106,-0.06019529917880106,0.1175123086159937,0.1777076077947948,235.0246172319874,22
JPY,validation,42,2020-06-18,2020-07-17,selected_daily,5,1.071631763779465,0.09305488842200241,-0.1952972031287459,0.1952972031287459,0.1610631103375682,-0.03423409279117764,322.1262206751365,22
JPY,validation,43,2020-07-17,2020-08-17,selected_daily,5,1.088206019148203,0.09449419849771104,0.1447700994206542,-0.1447700994206542,0.1181507175616344,0.2629208169822886,236.3014351232689,22
JPY,validation,44,2020-08-17,2020-09-15,selected_daily,5,0.9547663799526234,0.08290639666083845,0.2427220964527024,-0.2427220964527024,0.119865119410618,0.3625872158633204,239.7302388212361,22
JPY,validation,45,2020-09-15,2020-10-14,selected_daily,5,0.8331609367934405,0.07234647067160761,0.01629123097412277,-0.01629123097412277,0.08558533465151062,0.1018765656256334,171.1706693030213,22
JPY,validation,46,2020-10-14,2020-11-12,selected_daily,5,0.7414723942001942,0.06438456927693012,-0.6378539446776728,0.6378539446776728,0.174026973758469,-0.4638269709192038,348.0539475169379,22
JPY,validation,47,2020-11-12,2020-12-11,selected_daily,5,0.8307267673523953,0.07213509501379398,0.01471086276609412,-0.01471086276609412,0.1276634217283588,0.1423742844944529,255.3268434567177,22
JPY,validation,0,2017-01-02,2017-01-31,selected_every5,5,1.011023742606206,0.08779171522829829,0.3196475016705085,-0.3196475016705085,0.05508795076235154,0.37473545243286,110.1759015247031,6
JPY,validation,1,2017-01-31,2017-03-01,selected_every5,5,1.003708290571147,0.08715644816347283,0.02492586854720031,-0.02492586854720031,0.05151177018228851,0.07643763872948882,103.023540364577,6
JPY,validation,2,2017-03-01,2017-03-30,selected_every5,5,0.9011355320411809,0.07824919974315678,0.173942461291043,-0.173942461291043,0.08355131563706077,0.2574937769281037,167.1026312741215,6
JPY,validation,3,2017-03-30,2017-05-03,selected_every5,5,0.8697467137618631,0.0755234732910543,-1.51162411312194,1.51162411312194,0.1468626810941088,-1.364761432027831,293.7253621882176,6
JPY,validation,4,2017-05-03,2017-06-01,selected_every5,5,1.073506673023019,0.09321770553487055,0.1692623005640428,-0.1692623005640428,0.100573615835077,0.2698359163991199,201.147231670154,6
JPY,validation,5,2017-06-01,2017-06-30,selected_every5,5,1.140023093629821,0.09899402527376132,-1.008452505319596,1.008452505319596,0.1266018086463289,-0.8818506966732672,253.2036172926578,6
JPY,validation,6,2017-06-30,2017-07-31,selected_every5,5,1.192100353633705,0.1035164887999282,0.2291272521257497,-0.2291272521257497,0.1049576717429523,0.334084923868702,209.9153434859045,6
JPY,validation,7,2017-07-31,2017-08-29,selected_every5,5,0.9885762230223065,0.08584239578199629,-0.1219797170906531,0.1219797170906531,0.1327531219991651,0.01077340490851197,265.5062439983302,6
JPY,validation,8,2017-08-29,2017-09-27,selected_every5,5,0.9027907321481337,0.07839293351201151,-0.2175479263274838,0.2175479263274838,0.1101677482025867,-0.1073801781248971,220.3354964051733,6
JPY,validation,9,2017-09-27,2017-10-26,selected_every5,5,0.8383991084798765,0.0728013373394077,0.05611850851592237,-0.05611850851592237,0.1048536621975762,0.1609721707134986,209.7073243951523,6
JPY,validation,10,2017-10-26,2017-11-24,selected_every5,5,0.7864602861602705,0.06829114381231398,-0.09294122968724411,0.09294122968724411,0.06845026647733359,-0.02449096320991052,136.9005329546671,6
JPY,validation,11,2017-11-24,2017-12-27,selected_every5,5,0.7381688817184653,0.06409770585211534,-0.307137170337711,0.307137170337711,0.1202294127745985,-0.1869077575631125,240.4588255491971,6
JPY,validation,12,2017-12-27,2018-01-26,selected_every5,5,0.6725764655192421,0.05840195255610633,-0.38520476342606,0.38520476342606,0.1150123500564646,-0.2701924133695954,230.0247001129293,6
JPY,validation,13,2018-01-26,2018-02-26,selected_every5,5,0.7648187743246098,0.06641187599504794,-0.8387160603005891,0.8387160603005891,0.06932955639845834,-0.7693865039021308,138.6591127969167,6
JPY,validation,14,2018-02-26,2018-03-27,selected_every5,5,0.8363565074518675,0.07262396413100129,0.2259309450543832,-0.2259309450543832,0.06439706921620891,0.2903280142705921,128.7941384324179,6
JPY,validation,15,2018-03-27,2018-04-27,selected_every5,5,0.9220093258954236,0.08006183445945184,0.2690031107447481,-0.2690031107447481,0.1005810339640071,0.3695841447087552,201.1620679280141,6
JPY,validation,16,2018-04-27,2018-05-29,selected_every5,5,0.8633117172812987,0.07496467575320845,-0.3978866056631943,0.3978866056631943,0.06479531159823052,-0.3330912940649637,129.590623196461,6
JPY,validation,17,2018-05-29,2018-06-27,selected_every5,5,0.9171360154820434,0.07963864632982874,-0.556335913824185,0.556335913824185,0.1280255949354874,-0.4283103188886976,256.0511898709749,6
JPY,validation,18,2018-06-27,2018-07-26,selected_every5,5,0.9656567748292062,0.08385210155230571,0.02539570324799456,-0.02539570324799456,0.1007823787747494,0.1261780820227439,201.5647575494988,6
JPY,validation,19,2018-07-26,2018-08-24,selected_every5,5,0.995440675157667,0.08643849699639181,-0.08177822634675125,0.08177822634675125,0.04993176766529345,-0.0318464586814578,99.86353533058688,6
JPY,validation,20,2018-08-24,2018-09-24,selected_every5,5,0.9894260511928792,0.08591619385900272,-0.04857132833863886,0.04857132833863886,0.1071851608105335,0.05861383247189463,214.370321621067,6
JPY,validation,21,2018-09-24,2018-10-23,selected_every5,5,0.8895541085419083,0.07724349651284924,-0.06968550565603322,0.06968550565603322,0.04999745631812771,-0.01968804933790552,99.99491263625541,6
JPY,validation,22,2018-10-23,2018-11-21,selected_every5,5,0.9017400402772751,0.07830169384356464,0.4256219595085184,-0.4256219595085184,0.06938733155410064,0.4950092910626191,138.7746631082013,6
JPY,validation,23,2018-11-21,2018-12-20,selected_every5,5,0.8006948537621099,0.06952722306995913,0.3980422591620201,-0.3980422591620201,0.0544354817518368,0.4524777409138568,108.8709635036736,6
JPY,validation,24,2018-12-20,2019-01-23,selected_every5,5,0.7209017983054622,0.06259830518647462,-0.3373012860389003,0.3373012860389003,0.04985188752215348,-0.2874493985167468,99.70377504430697,6
JPY,validation,25,2019-01-23,2019-02-21,selected_every5,5,0.8572142804404095,0.07443519142353591,0.4508010349253198,-0.4508010349253198,0.09600172534093568,0.5468027602662554,192.0034506818713,6
JPY,validation,26,2019-02-21,2019-03-22,selected_every5,5,0.8055978865392888,0.06995298552027916,0.05498606602759537,-0.05498606602759537,0.07449040722383404,0.1294764732514294,148.9808144476681,6
JPY,validation,27,2019-03-22,2019-04-24,selected_every5,5,0.8663249231003647,0.07522633426470737,0.1230302757187616,-0.1230302757187616,0.1028658496933646,0.2258961254121262,205.7316993867292,6
JPY,validation,28,2019-04-24,2019-05-24,selected_every5,5,0.6733287294837069,0.05846727557733953,-0.2479110871067711,0.2479110871067711,0.04992902729447256,-0.1979820598122985,99.85805458894512,6
JPY,validation,29,2019-05-24,2019-06-24,selected_every5,5,0.6934107111310226,0.06021110119541873,0.0979985556374916,-0.0979985556374916,0.06750296480759486,0.1655015204450865,135.0059296151897,6
JPY,validation,30,2019-06-24,2019-07-23,selected_every5,5,0.6425525457582637,0.05579482248160672,0.06883337113413028,-0.06883337113413028,0.06518529305726106,0.1340186641913914,130.3705861145221,6
JPY,validation,31,2019-07-23,2019-08-21,selected_every5,5,0.6046824090575598,0.05250637659657966,-0.3688005612575444,0.3688005612575444,0.05421727757208136,-0.3145832836854631,108.4345551441627,6
JPY,validation,32,2019-08-21,2019-09-19,selected_every5,5,0.7051430886979517,0.06122988789829873,-0.204492292697978,0.204492292697978,0.126899005101281,-0.07759328759669692,253.7980102025621,6
JPY,validation,33,2019-09-19,2019-10-18,selected_every5,5,0.7982162744901871,0.06931199189739927,-0.7405872926455146,0.7405872926455146,0.1398838554098717,-0.6007034372356429,279.7677108197435,6
JPY,validation,34,2019-10-18,2019-11-18,selected_every5,5,0.8936250123428522,0.07759700391563573,0.4550356639066051,-0.4550356639066051,0.0543405817514748,0.5093762456580799,108.6811635029496,6
JPY,validation,35,2019-11-18,2019-12-17,selected_every5,5,0.7730395299822419,0.06712573503784171,-0.3175818846238201,0.3175818846238201,0.1365753766502908,-0.1810065079735293,273.1507533005815,6
JPY,validation,36,2019-12-17,2020-01-20,selected_every5,5,0.6806778303662497,0.05910543678408096,0.2072457903570424,-0.2072457903570424,0.08574659283462195,0.2929923831916643,171.4931856692439,6
JPY,validation,37,2020-01-20,2020-02-18,selected_every5,5,0.627075368666226,0.05445086337077962,-0.2861998177121424,0.2861998177121424,0.04992141333897039,-0.236278404373172,99.84282667794078,6
JPY,validation,38,2020-02-18,2020-03-18,selected_every5,5,0.6620208010380821,0.05748534945172562,-0.1452456631939638,0.1452456631939638,0.07393793166524874,-0.07130773152871507,147.8758633304975,6
JPY,validation,39,2020-03-18,2020-04-20,selected_every5,5,1.048280885025342,0.09102710246078129,-0.4527503408847888,0.4527503408847888,0.09863979765042444,-0.3541105432343644,197.2795953008489,6
JPY,validation,40,2020-04-20,2020-05-20,selected_every5,5,1.106990336869032,0.09612543555357964,0.3553529061240965,-0.3553529061240965,0.1117763342191213,0.4671292403432178,223.5526684382425,6
JPY,validation,41,2020-05-20,2020-06-18,selected_every5,5,1.252191788624586,0.1087349696465236,-0.1613328915256318,0.1613328915256318,0.1015151154222116,-0.05981777610342018,203.0302308444232,6
JPY,validation,42,2020-06-18,2020-07-17,selected_every5,5,1.071631763779465,0.09305488842200241,0.3030611287522476,-0.3030611287522476,0.1013101829228303,0.4043713116750778,202.6203658456605,6
JPY,validation,43,2020-07-17,2020-08-17,selected_every5,5,1.088206019148203,0.09449419849771104,0.1974499736291335,-0.1974499736291335,0.1018063717615472,0.2992563453906807,203.6127435230943,6
JPY,validation,44,2020-08-17,2020-09-15,selected_every5,5,0.9547663799526234,0.08290639666083845,0.4905846660722801,-0.4905846660722801,0.07094000564388891,0.561524671716169,141.8800112877778,6
JPY,validation,45,2020-09-15,2020-10-14,selected_every5,5,0.8331609367934405,0.07234647067160761,-0.1159666676789128,0.1159666676789128,0.06398158190795208,-0.05198508577096075,127.9631638159041,6
JPY,validation,46,2020-10-14,2020-11-12,selected_every5,5,0.7414723942001942,0.06438456927693012,-0.2235827787126254,0.2235827787126254,0.1187105346704249,-0.1048722440422006,237.4210693408497,6
JPY,validation,47,2020-11-12,2020-12-11,selected_every5,5,0.8307267673523953,0.07213509501379398,-0.4278856720096229,0.4278856720096229,0.120606865301977,-0.307278806707646,241.2137306039539,6
JPY,validation,0,2017-01-02,2017-01-31,selected_threshold,5,1.011023742606206,0.08779171522829829,0.02392191836217261,-0.02392191836217261,0.1045996354137483,0.1285215537759209,209.1992708274965,12
JPY,validation,1,2017-01-31,2017-03-01,selected_threshold,5,1.003708290571147,0.08715644816347283,0.06350743664387237,-0.06350743664387237,0.06902989341747344,0.1325373300613458,138.0597868349469,12
JPY,validation,2,2017-03-01,2017-03-30,selected_threshold,5,0.9011355320411809,0.07824919974315678,-0.126950076767562,0.126950076767562,0.1160491010239018,-0.01090097574366014,232.0982020478037,12
JPY,validation,3,2017-03-30,2017-05-03,selected_threshold,5,0.8697467137618631,0.0755234732910543,-0.8199414038386834,0.8199414038386834,0.1550729977068167,-0.6648684061318668,310.1459954136333,12
JPY,validation,4,2017-05-03,2017-06-01,selected_threshold,5,1.073506673023019,0.09321770553487055,-0.2041863571215288,0.2041863571215288,0.1367807820209676,-0.06740557510056122,273.5615640419351,14
JPY,validation,5,2017-06-01,2017-06-30,selected_threshold,5,1.140023093629821,0.09899402527376132,0.05650732274952475,-0.05650732274952475,0.1382395324244365,0.1947468551739612,276.4790648488729,12
JPY,validation,6,2017-06-30,2017-07-31,selected_threshold,5,1.192100353633705,0.1035164887999282,0.2206578628744751,-0.2206578628744751,0.1210097896204066,0.3416676524948817,242.0195792408132,12
JPY,validation,7,2017-07-31,2017-08-29,selected_threshold,5,0.9885762230223065,0.08584239578199629,-0.02229306155885524,0.02229306155885524,0.1537021905804528,0.1314091290215976,307.4043811609057,14
JPY,validation,8,2017-08-29,2017-09-27,selected_threshold,5,0.9027907321481337,0.07839293351201151,-0.1065271358334741,0.1065271358334741,0.1357596558858074,0.02923252005233334,271.5193117716148,14
JPY,validation,9,2017-09-27,2017-10-26,selected_threshold,5,0.8383991084798765,0.0728013373394077,0.1839369055112883,-0.1839369055112883,0.1310565262216832,0.3149934317329715,262.1130524433665,11
JPY,validation,10,2017-10-26,2017-11-24,selected_threshold,5,0.7864602861602705,0.06829114381231398,-0.1113064452246611,0.1113064452246611,0.08485127778689577,-0.02645516743776533,169.7025555737915,12
JPY,validation,11,2017-11-24,2017-12-27,selected_threshold,5,0.7381688817184653,0.06409770585211534,-0.220749241564576,0.220749241564576,0.1601356563649115,-0.06061358519966445,320.2713127298231,16
JPY,validation,12,2017-12-27,2018-01-26,selected_threshold,5,0.6725764655192421,0.05840195255610633,-0.3095981898091082,0.3095981898091082,0.1526057021683236,-0.1569924876407847,305.2114043366472,18
JPY,validation,13,2018-01-26,2018-02-26,selected_threshold,5,0.7648187743246098,0.06641187599504794,-0.4138090720232623,0.4138090720232623,0.08667252036676054,-0.3271365516565017,173.3450407335211,12
JPY,validation,14,2018-02-26,2018-03-27,selected_threshold,5,0.8363565074518675,0.07262396413100129,-0.2166491105111756,0.2166491105111756,0.1137620454934491,-0.1028870650177265,227.5240909868983,16
JPY,validation,15,2018-03-27,2018-04-27,selected_threshold,5,0.9220093258954236,0.08006183445945184,0.2224224828292876,-0.2224224828292876,0.115041311666326,0.3374637944956135,230.082623332652,12
JPY,validation,16,2018-04-27,2018-05-29,selected_threshold,5,0.8633117172812987,0.07496467575320845,-0.1896041495741265,0.1896041495741265,0.08418161799662352,-0.105422531577503,168.363235993247,12
JPY,validation,17,2018-05-29,2018-06-27,selected_threshold,5,0.9171360154820434,0.07963864632982874,-0.2542866501096768,0.2542866501096768,0.1286031830640627,-0.1256834670456141,257.2063661281254,13
JPY,validation,18,2018-06-27,2018-07-26,selected_threshold,5,0.9656567748292062,0.08385210155230571,-0.008791932978468253,0.008791932978468253,0.1050197085433959,0.09622777556492765,210.0394170867918,9
JPY,validation,19,2018-07-26,2018-08-24,selected_threshold,5,0.995440675157667,0.08643849699639181,-0.09033800363115851,0.09033800363115851,0.0724430443808271,-0.01789495925033141,144.8860887616542,9
JPY,validation,20,2018-08-24,2018-09-24,selected_threshold,5,0.9894260511928792,0.08591619385900272,0.0277129684197206,-0.0277129684197206,0.1311215118108871,0.1588344802306077,262.2430236217741,12
JPY,validation,21,2018-09-24,2018-10-23,selected_threshold,5,0.8895541085419083,0.07724349651284924,-0.03215454227312764,0.03215454227312764,0.06984369299995012,0.03768915072682248,139.6873859999002,12
JPY,validation,22,2018-10-23,2018-11-21,selected_threshold,5,0.9017400402772751,0.07830169384356464,-0.002898502620155341,0.002898502620155341,0.1354008691387561,0.1325023665186008,270.8017382775122,15
JPY,validation,23,2018-11-21,2018-12-20,selected_threshold,5,0.8006948537621099,0.06952722306995913,0.1170868035067913,-0.1170868035067913,0.09412448091823626,0.2112112844250276,188.2489618364725,13
JPY,validation,24,2018-12-20,2019-01-23,selected_threshold,5,0.7209017983054622,0.06259830518647462,-0.1279917388957212,0.1279917388957212,0.04995659464928864,-0.0780351442464326,99.91318929857725,7
JPY,validation,25,2019-01-23,2019-02-21,selected_threshold,5,0.8572142804404095,0.07443519142353591,0.1313490628518252,-0.1313490628518252,0.1460512559459975,0.2774003187978228,292.1025118919951,11
JPY,validation,26,2019-02-21,2019-03-22,selected_threshold,5,0.8055978865392888,0.06995298552027916,-0.4625104353609117,0.4625104353609117,0.1412547176299729,-0.3212557177309389,282.5094352599457,15
JPY,validation,27,2019-03-22,2019-04-24,selected_threshold,5,0.8663249231003647,0.07522633426470737,0.1388147431758426,-0.1388147431758426,0.109737958260564,0.2485527014364066,219.475916521128,9
JPY,validation,28,2019-04-24,2019-05-24,selected_threshold,5,0.6733287294837069,0.05846727557733953,-0.04697171213644952,0.04697171213644952,0.05710125416189514,0.01012954202544562,114.2025083237903,10
JPY,validation,29,2019-05-24,2019-06-24,selected_threshold,5,0.6934107111310226,0.06021110119541873,0.02200558975487787,-0.02200558975487787,0.09038289316688343,0.1123884829217613,180.7657863337668,12
JPY,validation,30,2019-06-24,2019-07-23,selected_threshold,5,0.6425525457582637,0.05579482248160672,0.06073572182961273,-0.06073572182961273,0.08378072214823802,0.1445164439778507,167.5614442964761,14
JPY,validation,31,2019-07-23,2019-08-21,selected_threshold,5,0.6046824090575598,0.05250637659657966,-0.3603208548428531,0.3603208548428531,0.07654768861939307,-0.28377316622346,153.0953772387861,10
JPY,validation,32,2019-08-21,2019-09-19,selected_threshold,5,0.7051430886979517,0.06122988789829873,-0.5440479902842696,0.5440479902842696,0.178229060531837,-0.3658189297524326,356.458121063674,17
JPY,validation,33,2019-09-19,2019-10-18,selected_threshold,5,0.7982162744901871,0.06931199189739927,-0.3544277245466816,0.3544277245466816,0.1646635248645468,-0.1897641996821348,329.3270497290936,14
JPY,validation,34,2019-10-18,2019-11-18,selected_threshold,5,0.8936250123428522,0.07759700391563573,0.3787870230118744,-0.3787870230118744,0.07214604469385867,0.450933067705733,144.2920893877173,12
JPY,validation,35,2019-11-18,2019-12-17,selected_threshold,5,0.7730395299822419,0.06712573503784171,-0.06674868803686707,0.06674868803686707,0.1518593182017831,0.08511063016491602,303.7186364035662,14
JPY,validation,36,2019-12-17,2020-01-20,selected_threshold,5,0.6806778303662497,0.05910543678408096,-0.0007442121990877126,0.0007442121990877126,0.1360050530610321,0.1352608408619443,272.0101061220642,15
JPY,validation,37,2020-01-20,2020-02-18,selected_threshold,5,0.627075368666226,0.05445086337077962,-0.1164185043558289,0.1164185043558289,0.06007733917052064,-0.05634116518530826,120.1546783410413,9
JPY,validation,38,2020-02-18,2020-03-18,selected_threshold,5,0.6620208010380821,0.05748534945172562,-1.880930651290181,1.880930651290181,0.189927113278686,-1.691003538011495,379.854226557372,15
JPY,validation,39,2020-03-18,2020-04-20,selected_threshold,5,1.048280885025342,0.09102710246078129,0.06901194668039246,-0.06901194668039246,0.1093636555607181,0.1783756022411105,218.7273111214361,14
JPY,validation,40,2020-04-20,2020-05-20,selected_threshold,5,1.106990336869032,0.09612543555357964,-0.5646021076520924,0.5646021076520924,0.1828196010115554,-0.381782506640537,365.6392020231108,16
JPY,validation,41,2020-05-20,2020-06-18,selected_threshold,5,1.252191788624586,0.1087349696465236,0.0002614131903158068,-0.0002614131903158068,0.1150284261270132,0.115289839317329,230.0568522540264,11
JPY,validation,42,2020-06-18,2020-07-17,selected_threshold,5,1.071631763779465,0.09305488842200241,-0.130241921253571,0.130241921253571,0.1475273833285386,0.01728546207496756,295.0547666570772,14
JPY,validation,43,2020-07-17,2020-08-17,selected_threshold,5,1.088206019148203,0.09449419849771104,0.09264749182015919,-0.09264749182015919,0.1149719176040356,0.2076194094241948,229.9438352080712,11
JPY,validation,44,2020-08-17,2020-09-15,selected_threshold,5,0.9547663799526234,0.08290639666083845,0.2313662620422363,-0.2313662620422363,0.1159192684772865,0.3472855305195229,231.8385369545731,15
JPY,validation,45,2020-09-15,2020-10-14,selected_threshold,5,0.8331609367934405,0.07234647067160761,0.06505165871901086,-0.06505165871901086,0.07329222736279307,0.1383438860818039,146.5844547255862,11
JPY,validation,46,2020-10-14,2020-11-12,selected_threshold,5,0.7414723942001942,0.06438456927693012,-0.6347800580609118,0.6347800580609118,0.1711939784243792,-0.4635860796365326,342.3879568487583,19
JPY,validation,47,2020-11-12,2020-12-11,selected_threshold,5,0.8307267673523953,0.07213509501379398,-0.02555335939504744,0.02555335939504744,0.1167057453527957,0.09115238595774822,233.4114907055913,9
JPY,validation,0,2017-01-02,2017-01-31,frozen_rolling63_daily,10,1.011023742606206,0.08779171522829829,-0.165298823580228,0.165298823580228,0.2378065108083197,0.0725076872280917,237.8065108083196,22
JPY,validation,1,2017-01-31,2017-03-01,frozen_rolling63_daily,10,1.003708290571147,0.08715644816347283,-0.08181262054552693,0.08181262054552693,0.1572366448978432,0.07542402435231627,157.2366448978433,22
JPY,validation,2,2017-03-01,2017-03-30,frozen_rolling63_daily,10,0.9011355320411809,0.07824919974315678,-0.1949138375564967,0.1949138375564967,0.245275678235391,0.05036184067889432,245.2756782353911,22
JPY,validation,3,2017-03-30,2017-05-03,frozen_rolling63_daily,10,0.8697467137618631,0.0755234732910543,-0.9864695929772154,0.9864695929772154,0.336349523375528,-0.6501200696016873,336.349523375528,22
JPY,validation,4,2017-05-03,2017-06-01,frozen_rolling63_daily,10,1.073506673023019,0.09321770553487055,-0.3929398391368295,0.3929398391368295,0.2958029952134972,-0.09713684392333233,295.8029952134971,22
JPY,validation,5,2017-06-01,2017-06-30,frozen_rolling63_daily,10,1.140023093629821,0.09899402527376132,-0.1642467378552652,0.1642467378552652,0.2943918232701553,0.1301450854148901,294.3918232701553,22
JPY,validation,6,2017-06-30,2017-07-31,frozen_rolling63_daily,10,1.192100353633705,0.1035164887999282,0.06909281569519976,-0.06909281569519976,0.2531129254281376,0.3222057411233374,253.1129254281376,22
JPY,validation,7,2017-07-31,2017-08-29,frozen_rolling63_daily,10,0.9885762230223065,0.08584239578199629,-0.1733259747339417,0.1733259747339417,0.3141781382542769,0.1408521635203351,314.1781382542769,22
JPY,validation,8,2017-08-29,2017-09-27,frozen_rolling63_daily,10,0.9027907321481337,0.07839293351201151,-0.3224695224187144,0.3224695224187144,0.289908926065536,-0.03256059635317843,289.908926065536,22
JPY,validation,9,2017-09-27,2017-10-26,frozen_rolling63_daily,10,0.8383991084798765,0.0728013373394077,-0.004821687631661575,0.004821687631661575,0.2893546705768952,0.2845329829452337,289.3546705768953,22
JPY,validation,10,2017-10-26,2017-11-24,frozen_rolling63_daily,10,0.7864602861602705,0.06829114381231398,-0.1726609876181524,0.1726609876181524,0.1876142229846858,0.01495323536653342,187.6142229846857,22
JPY,validation,11,2017-11-24,2017-12-27,frozen_rolling63_daily,10,0.7381688817184653,0.06409770585211534,-0.3734980788365334,0.3734980788365334,0.3311933900970554,-0.04230468873947801,331.1933900970554,22
JPY,validation,12,2017-12-27,2018-01-26,frozen_rolling63_daily,10,0.6725764655192421,0.05840195255610633,-0.5520203935660817,0.5520203935660817,0.3497608844003622,-0.2022595091657194,349.7608844003623,22
JPY,validation,13,2018-01-26,2018-02-26,frozen_rolling63_daily,10,0.7648187743246098,0.06641187599504794,-0.4396071615995684,0.4396071615995684,0.1815804690107065,-0.2580266925888619,181.5804690107065,22
JPY,validation,14,2018-02-26,2018-03-27,frozen_rolling63_daily,10,0.8363565074518675,0.07262396413100129,-0.4296745907153796,0.4296745907153796,0.2507781834894758,-0.1788964072259038,250.7781834894758,22
JPY,validation,15,2018-03-27,2018-04-27,frozen_rolling63_daily,10,0.9220093258954236,0.08006183445945184,0.01530472748147815,-0.01530472748147815,0.2587517851984514,0.2740565126799296,258.7517851984515,22
JPY,validation,16,2018-04-27,2018-05-29,frozen_rolling63_daily,10,0.8633117172812987,0.07496467575320845,-0.281820474409642,0.281820474409642,0.1743845186672518,-0.1074359557423902,174.3845186672517,22
JPY,validation,17,2018-05-29,2018-06-27,frozen_rolling63_daily,10,0.9171360154820434,0.07963864632982874,-0.4541415148317611,0.4541415148317611,0.2793523043058631,-0.174789210525898,279.3523043058631,22
JPY,validation,18,2018-06-27,2018-07-26,frozen_rolling63_daily,10,0.9656567748292062,0.08385210155230571,-0.1449662755735091,0.1449662755735091,0.237919241809657,0.09295296623614796,237.919241809657,22
JPY,validation,19,2018-07-26,2018-08-24,frozen_rolling63_daily,10,0.995440675157667,0.08643849699639181,-0.2393609637722858,0.2393609637722858,0.1540012733747924,-0.08535969039749339,154.0012733747925,22
JPY,validation,20,2018-08-24,2018-09-24,frozen_rolling63_daily,10,0.9894260511928792,0.08591619385900272,-0.167677674385601,0.167677674385601,0.2921853431797633,0.1245076687941623,292.1853431797633,22
JPY,validation,21,2018-09-24,2018-10-23,frozen_rolling63_daily,10,0.8895541085419083,0.07724349651284924,-0.1055177875488468,0.1055177875488468,0.1462608545056709,0.0407430669568241,146.2608545056708,22
JPY,validation,22,2018-10-23,2018-11-21,frozen_rolling63_daily,10,0.9017400402772751,0.07830169384356464,-0.05227095292188011,0.05227095292188011,0.2674754610652811,0.215204508143401,267.475461065281,22
JPY,validation,23,2018-11-21,2018-12-20,frozen_rolling63_daily,10,0.8006948537621099,0.06952722306995913,0.01840289138398266,-0.01840289138398266,0.20208034495498,0.2204832363389627,202.08034495498,22
JPY,validation,24,2018-12-20,2019-01-23,frozen_rolling63_daily,10,0.7209017983054622,0.06259830518647462,-0.255573713096553,0.255573713096553,0.1096256203017118,-0.1459480927948411,109.6256203017118,22
JPY,validation,25,2019-01-23,2019-02-21,frozen_rolling63_daily,10,0.8572142804404095,0.07443519142353591,-0.0285933372054501,0.0285933372054501,0.3050342660674207,0.2764409288619706,305.0342660674207,22
JPY,validation,26,2019-02-21,2019-03-22,frozen_rolling63_daily,10,0.8055978865392888,0.06995298552027916,-0.5300203348805042,0.5300203348805042,0.2797225432132598,-0.2502977916672443,279.7225432132598,22
JPY,validation,27,2019-03-22,2019-04-24,frozen_rolling63_daily,10,0.8663249231003647,0.07522633426470737,-0.02835708447464924,0.02835708447464924,0.2385465981535917,0.2101895136789425,238.5465981535917,22
JPY,validation,28,2019-04-24,2019-05-24,frozen_rolling63_daily,10,0.6733287294837069,0.05846727557733953,-0.1116478071155936,0.1116478071155936,0.1258821197231317,0.01423431260753816,125.8821197231317,22
JPY,validation,29,2019-05-24,2019-06-24,frozen_rolling63_daily,10,0.6934107111310226,0.06021110119541873,-0.160446995471021,0.160446995471021,0.2124211237305715,0.0519741282595505,212.4211237305716,22
JPY,validation,30,2019-06-24,2019-07-23,frozen_rolling63_daily,10,0.6425525457582637,0.05579482248160672,-0.05211559644334723,0.05211559644334723,0.1805950112275535,0.1284794147842063,180.5950112275535,22
JPY,validation,31,2019-07-23,2019-08-21,frozen_rolling63_daily,10,0.6046824090575598,0.05250637659657966,-0.4544082791039231,0.4544082791039231,0.1622220220257009,-0.2921862570782222,162.2220220257009,22
JPY,validation,32,2019-08-21,2019-09-19,frozen_rolling63_daily,10,0.7051430886979517,0.06122988789829873,-0.7436753856471512,0.7436753856471512,0.3599183694278363,-0.3837570162193149,359.9183694278363,22
JPY,validation,33,2019-09-19,2019-10-18,frozen_rolling63_daily,10,0.7982162744901871,0.06931199189739927,-0.5594855392722451,0.5594855392722451,0.3596538156905156,-0.1998317235817295,359.6538156905157,22
JPY,validation,34,2019-10-18,2019-11-18,frozen_rolling63_daily,10,0.8936250123428522,0.07759700391563573,0.3087261044592218,-0.3087261044592218,0.1522177538585877,0.4609438583178095,152.2177538585877,22
JPY,validation,35,2019-11-18,2019-12-17,frozen_rolling63_daily,10,0.7730395299822419,0.06712573503784171,-0.2294106200731392,0.2294106200731392,0.2985349242839078,0.06912430421076865,298.5349242839078,22
JPY,validation,36,2019-12-17,2020-01-20,frozen_rolling63_daily,10,0.6806778303662497,0.05910543678408096,-0.2023933451437259,0.2023933451437259,0.287741041533243,0.08534769638951711,287.7410415332429,22
JPY,validation,37,2020-01-20,2020-02-18,frozen_rolling63_daily,10,0.627075368666226,0.05445086337077962,-0.1266330464777796,0.1266330464777796,0.1326110200822434,0.005977973604463782,132.6110200822434,22
JPY,validation,38,2020-02-18,2020-03-18,frozen_rolling63_daily,10,0.6620208010380821,0.05748534945172562,-2.436977780734683,2.436977780734683,0.4433035498154239,-1.993674230919259,443.3035498154239,22
JPY,validation,39,2020-03-18,2020-04-20,frozen_rolling63_daily,10,1.048280885025342,0.09102710246078129,-0.02923988130219612,0.02923988130219612,0.2397849855771807,0.2105451042749845,239.7849855771807,22
JPY,validation,40,2020-04-20,2020-05-20,frozen_rolling63_daily,10,1.106990336869032,0.09612543555357964,-0.6702243724402024,0.6702243724402024,0.3715913973031935,-0.2986329751370089,371.5913973031935,22
JPY,validation,41,2020-05-20,2020-06-18,frozen_rolling63_daily,10,1.252191788624586,0.1087349696465236,-0.128556707835358,0.128556707835358,0.2336730057901512,0.1051162979547932,233.6730057901513,22
JPY,validation,42,2020-06-18,2020-07-17,frozen_rolling63_daily,10,1.071631763779465,0.09305488842200241,-0.3563836837385139,0.3563836837385139,0.324379289016812,-0.03200439472170191,324.379289016812,22
JPY,validation,43,2020-07-17,2020-08-17,frozen_rolling63_daily,10,1.088206019148203,0.09449419849771104,-0.01256434468788825,0.01256434468788825,0.2364448920257226,0.2238805473378344,236.4448920257227,22
JPY,validation,44,2020-08-17,2020-09-15,frozen_rolling63_daily,10,0.9547663799526234,0.08290639666083845,0.1536180144230102,-0.1536180144230102,0.2308853591701505,0.3845033735931606,230.8853591701505,22
JPY,validation,45,2020-09-15,2020-10-14,frozen_rolling63_daily,10,0.8331609367934405,0.07234647067160761,-0.07158031471770876,0.07158031471770876,0.1740519614720128,0.102471646754304,174.0519614720127,22
JPY,validation,46,2020-10-14,2020-11-12,frozen_rolling63_daily,10,0.7414723942001942,0.06438456927693012,-0.8887828193567771,0.8887828193567771,0.3669145270047848,-0.5218682923519922,366.9145270047848,22
JPY,validation,47,2020-11-12,2020-12-11,frozen_rolling63_daily,10,0.8307267673523953,0.07213509501379398,-0.1209852858876559,0.1209852858876559,0.2568849284433342,0.1358996425556783,256.8849284433343,22
JPY,validation,0,2017-01-02,2017-01-31,rolling63_daily,10,1.011023742606206,0.08779171522829829,-0.1719605775328397,0.1719605775328397,0.239319094335611,0.06735851680277133,239.319094335611,22
JPY,validation,1,2017-01-31,2017-03-01,rolling63_daily,10,1.003708290571147,0.08715644816347283,-0.08143784636238048,0.08143784636238048,0.1588613251194006,0.07742347875702012,158.8613251194006,22
JPY,validation,2,2017-03-01,2017-03-30,rolling63_daily,10,0.9011355320411809,0.07824919974315678,-0.2170005314945929,0.2170005314945929,0.2486348488537011,0.03163431735910824,248.6348488537011,22
JPY,validation,3,2017-03-30,2017-05-03,rolling63_daily,10,0.8697467137618631,0.0755234732910543,-1.041485956600468,1.041485956600468,0.3340812888536018,-0.7074046677468662,334.0812888536017,22
JPY,validation,4,2017-05-03,2017-06-01,rolling63_daily,10,1.073506673023019,0.09321770553487055,-0.3998137098465975,0.3998137098465975,0.2983016266960253,-0.1015120831505721,298.3016266960253,22
JPY,validation,5,2017-06-01,2017-06-30,rolling63_daily,10,1.140023093629821,0.09899402527376132,-0.1624615734288568,0.1624615734288568,0.2936902554405998,0.131228682011743,293.6902554405998,22
JPY,validation,6,2017-06-30,2017-07-31,rolling63_daily,10,1.192100353633705,0.1035164887999282,0.08860005390403103,-0.08860005390403103,0.253872546483681,0.342472600387712,253.8725464836809,22
JPY,validation,7,2017-07-31,2017-08-29,rolling63_daily,10,0.9885762230223065,0.08584239578199629,-0.1972474830786553,0.1972474830786553,0.3243505706134939,0.1271030875348386,324.3505706134938,22
JPY,validation,8,2017-08-29,2017-09-27,rolling63_daily,10,0.9027907321481337,0.07839293351201151,-0.3222662354909147,0.3222662354909147,0.2925841198565201,-0.02968211563439466,292.58411985652,22
JPY,validation,9,2017-09-27,2017-10-26,rolling63_daily,10,0.8383991084798765,0.0728013373394077,-0.002722156893682381,0.002722156893682381,0.2919591174123604,0.289236960518678,291.9591174123604,22
JPY,validation,10,2017-10-26,2017-11-24,rolling63_daily,10,0.7864602861602705,0.06829114381231398,-0.1709371404214882,0.1709371404214882,0.187736828537044,0.01679968811555579,187.736828537044,22
JPY,validation,11,2017-11-24,2017-12-27,rolling63_daily,10,0.7381688817184653,0.06409770585211534,-0.3731993462185415,0.3731993462185415,0.3328910641379669,-0.04030828208057458,332.8910641379669,22
JPY,validation,12,2017-12-27,2018-01-26,rolling63_daily,10,0.6725764655192421,0.05840195255610633,-0.5133312185145655,0.5133312185145655,0.3343740757532805,-0.178957142761285,334.3740757532806,22
JPY,validation,13,2018-01-26,2018-02-26,rolling63_daily,10,0.7648187743246098,0.06641187599504794,-0.4732204681332803,0.4732204681332803,0.1819989594585246,-0.2912215086747557,181.9989594585246,22
JPY,validation,14,2018-02-26,2018-03-27,rolling63_daily,10,0.8363565074518675,0.07262396413100129,-0.4120472221895879,0.4120472221895879,0.2448508421317002,-0.1671963800578877,244.8508421317001,22
JPY,validation,15,2018-03-27,2018-04-27,rolling63_daily,10,0.9220093258954236,0.08006183445945184,0.02045067796004219,-0.02045067796004219,0.2588698379840395,0.2793205159440816,258.8698379840395,22
JPY,validation,16,2018-04-27,2018-05-29,rolling63_daily,10,0.8633117172812987,0.07496467575320845,-0.2594571472526745,0.2594571472526745,0.1742131568582354,-0.08524399039443914,174.2131568582355,22
JPY,validation,17,2018-05-29,2018-06-27,rolling63_daily,10,0.9171360154820434,0.07963864632982874,-0.4726593881342893,0.4726593881342893,0.2834533554470396,-0.1892060326872497,283.4533554470396,22
JPY,validation,18,2018-06-27,2018-07-26,rolling63_daily,10,0.9656567748292062,0.08385210155230571,-0.1506848065444757,0.1506848065444757,0.2383273926034727,0.087642586058997,238.3273926034727,22
JPY,validation,19,2018-07-26,2018-08-24,rolling63_daily,10,0.995440675157667,0.08643849699639181,-0.2522867649570695,0.2522867649570695,0.1534521588721029,-0.09883460608496661,153.4521588721029,22
JPY,validation,20,2018-08-24,2018-09-24,rolling63_daily,10,0.9894260511928792,0.08591619385900272,-0.1440096895914564,0.1440096895914564,0.2955837676251322,0.1515740780336758,295.5837676251323,22
JPY,validation,21,2018-09-24,2018-10-23,rolling63_daily,10,0.8895541085419083,0.07724349651284924,-0.1054656878451436,0.1054656878451436,0.1477149181364798,0.04224923029133623,147.7149181364798,22
JPY,validation,22,2018-10-23,2018-11-21,rolling63_daily,10,0.9017400402772751,0.07830169384356464,-0.1122986710080909,0.1122986710080909,0.2778984487007293,0.1655997776926384,277.8984487007292,22
JPY,validation,23,2018-11-21,2018-12-20,rolling63_daily,10,0.8006948537621099,0.06952722306995913,0.005121130863789514,-0.005121130863789514,0.207890920372965,0.2130120512367545,207.8909203729649,22
JPY,validation,24,2018-12-20,2019-01-23,rolling63_daily,10,0.7209017983054622,0.06259830518647462,-0.2597000449467027,0.2597000449467027,0.1126655423031691,-0.1470345026435336,112.6655423031691,22
JPY,validation,25,2019-01-23,2019-02-21,rolling63_daily,10,0.8572142804404095,0.07443519142353591,-0.043332361031446,0.043332361031446,0.3113944348258818,0.2680620737944358,311.3944348258817,22
JPY,validation,26,2019-02-21,2019-03-22,rolling63_daily,10,0.8055978865392888,0.06995298552027916,-0.5147973208559051,0.5147973208559051,0.2771047609754566,-0.2376925598804486,277.1047609754565,22
JPY,validation,27,2019-03-22,2019-04-24,rolling63_daily,10,0.8663249231003647,0.07522633426470737,0.005393438189543076,-0.005393438189543076,0.240922054145483,0.246315492335026,240.922054145483,22
JPY,validation,28,2019-04-24,2019-05-24,rolling63_daily,10,0.6733287294837069,0.05846727557733953,-0.1182235771803191,0.1182235771803191,0.1254353157757155,0.00721173859539638,125.4353157757154,22
JPY,validation,29,2019-05-24,2019-06-24,rolling63_daily,10,0.6934107111310226,0.06021110119541873,-0.1603844589712771,0.1603844589712771,0.2143620762029552,0.0539776172316781,214.3620762029552,22
JPY,validation,30,2019-06-24,2019-07-23,rolling63_daily,10,0.6425525457582637,0.05579482248160672,-0.04254660488574241,0.04254660488574241,0.1792145379125995,0.1366679330268571,179.2145379125995,22
JPY,validation,31,2019-07-23,2019-08-21,rolling63_daily,10,0.6046824090575598,0.05250637659657966,-0.4811877000507033,0.4811877000507033,0.1647582936294467,-0.3164294064212566,164.7582936294467,22
JPY,validation,32,2019-08-21,2019-09-19,rolling63_daily,10,0.7051430886979517,0.06122988789829873,-0.7286750513748217,0.7286750513748217,0.3605260078212585,-0.3681490435535632,360.5260078212585,22
JPY,validation,33,2019-09-19,2019-10-18,rolling63_daily,10,0.7982162744901871,0.06931199189739927,-0.5423974385815882,0.5423974385815882,0.3532784756441538,-0.1891189629374344,353.2784756441538,22
JPY,validation,34,2019-10-18,2019-11-18,rolling63_daily,10,0.8936250123428522,0.07759700391563573,0.309511082142333,-0.309511082142333,0.1543952573324554,0.4639063394747884,154.3952573324554,22
JPY,validation,35,2019-11-18,2019-12-17,rolling63_daily,10,0.7730395299822419,0.06712573503784171,-0.1923169078486353,0.1923169078486353,0.3023714939488942,0.1100545861002589,302.3714939488942,22
JPY,validation,36,2019-12-17,2020-01-20,rolling63_daily,10,0.6806778303662497,0.05910543678408096,-0.2067128592718035,0.2067128592718035,0.2923419109220829,0.0856290516502794,292.341910922083,22
JPY,validation,37,2020-01-20,2020-02-18,rolling63_daily,10,0.627075368666226,0.05445086337077962,-0.1341455916120615,0.1341455916120615,0.1334489497998429,-0.0006966418122186235,133.4489497998428,22
JPY,validation,38,2020-02-18,2020-03-18,rolling63_daily,10,0.6620208010380821,0.05748534945172562,-2.110774970550698,2.110774970550698,0.4003243052679642,-1.710450665282734,400.3243052679643,22
JPY,validation,39,2020-03-18,2020-04-20,rolling63_daily,10,1.048280885025342,0.09102710246078129,-0.007429799175438845,0.007429799175438845,0.2355374191442782,0.2281076199688394,235.5374191442782,22
JPY,validation,40,2020-04-20,2020-05-20,rolling63_daily,10,1.106990336869032,0.09612543555357964,-0.6047910562731715,0.6047910562731715,0.3592905227805582,-0.2455005334926134,359.2905227805582,22
JPY,validation,41,2020-05-20,2020-06-18,rolling63_daily,10,1.252191788624586,0.1087349696465236,-0.1218574689739143,0.1218574689739143,0.2334803108498811,0.1116228418759669,233.4803108498811,22
JPY,validation,42,2020-06-18,2020-07-17,rolling63_daily,10,1.071631763779465,0.09305488842200241,-0.3626890466986623,0.3626890466986623,0.3248513826658009,-0.03783766403286143,324.8513826658009,22
JPY,validation,43,2020-07-17,2020-08-17,rolling63_daily,10,1.088206019148203,0.09449419849771104,0.008640370747897919,-0.008640370747897919,0.2362814850863824,0.2449218558342804,236.2814850863824,22
JPY,validation,44,2020-08-17,2020-09-15,rolling63_daily,10,0.9547663799526234,0.08290639666083845,0.1346884044942058,-0.1346884044942058,0.2367517519378239,0.3714401564320298,236.7517519378239,22
JPY,validation,45,2020-09-15,2020-10-14,rolling63_daily,10,0.8331609367934405,0.07234647067160761,-0.0678568284914105,0.0678568284914105,0.1698275973706639,0.1019707688792534,169.827597370664,22
JPY,validation,46,2020-10-14,2020-11-12,rolling63_daily,10,0.7414723942001942,0.06438456927693012,-0.8538267730974241,0.8538267730974241,0.3598927338730509,-0.4939340392243732,359.8927338730509,22
JPY,validation,47,2020-11-12,2020-12-11,rolling63_daily,10,0.8307267673523953,0.07213509501379398,-0.1135662449707269,0.1135662449707269,0.2583300293889812,0.1447637844182543,258.3300293889812,22
JPY,validation,0,2017-01-02,2017-01-31,ewma_daily,10,1.011023742606206,0.08779171522829829,-0.1844613947481024,0.1844613947481024,0.2402303338876574,0.05576893913955494,240.2303338876573,22
JPY,validation,1,2017-01-31,2017-03-01,ewma_daily,10,1.003708290571147,0.08715644816347283,-0.06059077202688098,0.06059077202688098,0.1561635375465628,0.09557276551968183,156.1635375465629,22
JPY,validation,2,2017-03-01,2017-03-30,ewma_daily,10,0.9011355320411809,0.07824919974315678,-0.1834651497777919,0.1834651497777919,0.2419519234804396,0.05848677370264763,241.9519234804395,22
JPY,validation,3,2017-03-30,2017-05-03,ewma_daily,10,0.8697467137618631,0.0755234732910543,-1.069958292485737,1.069958292485737,0.332707582168019,-0.7372507103177177,332.7075821680189,22
JPY,validation,4,2017-05-03,2017-06-01,ewma_daily,10,1.073506673023019,0.09321770553487055,-0.3984417809591747,0.3984417809591747,0.2953653517897129,-0.1030764291694618,295.3653517897128,22
JPY,validation,5,2017-06-01,2017-06-30,ewma_daily,10,1.140023093629821,0.09899402527376132,-0.1526140984496465,0.1526140984496465,0.2970809337895757,0.1444668353399292,297.0809337895757,22
JPY,validation,6,2017-06-30,2017-07-31,ewma_daily,10,1.192100353633705,0.1035164887999282,0.09418893871792022,-0.09418893871792022,0.2546128128549074,0.3488017515728277,254.6128128549074,22
JPY,validation,7,2017-07-31,2017-08-29,ewma_daily,10,0.9885762230223065,0.08584239578199629,-0.2048686641083037,0.2048686641083037,0.3227922387269659,0.1179235746186622,322.7922387269659,22
JPY,validation,8,2017-08-29,2017-09-27,ewma_daily,10,0.9027907321481337,0.07839293351201151,-0.3290445174588115,0.3290445174588115,0.2908463169334188,-0.03819820052539269,290.8463169334188,22
JPY,validation,9,2017-09-27,2017-10-26,ewma_daily,10,0.8383991084798765,0.0728013373394077,-0.0009475930473570315,0.0009475930473570315,0.2912400335446897,0.2902924404973327,291.2400335446897,22
JPY,validation,10,2017-10-26,2017-11-24,ewma_daily,10,0.7864602861602705,0.06829114381231398,-0.1780908634216133,0.1780908634216133,0.1875455872967793,0.009454723875165993,187.5455872967793,22
JPY,validation,11,2017-11-24,2017-12-27,ewma_daily,10,0.7381688817184653,0.06409770585211534,-0.3826292162197547,0.3826292162197547,0.3327974641118395,-0.04983175210791518,332.7974641118395,22
JPY,validation,12,2017-12-27,2018-01-26,ewma_daily,10,0.6725764655192421,0.05840195255610633,-0.4831349917792096,0.4831349917792096,0.3256184022519848,-0.1575165895272248,325.6184022519848,22
JPY,validation,13,2018-01-26,2018-02-26,ewma_daily,10,0.7648187743246098,0.06641187599504794,-0.4763128589269273,0.4763128589269273,0.17781161342354,-0.2985012455033873,177.8116134235401,22
JPY,validation,14,2018-02-26,2018-03-27,ewma_daily,10,0.8363565074518675,0.07262396413100129,-0.4118251939871183,0.4118251939871183,0.24361901690177,-0.1682061770853483,243.61901690177,22
JPY,validation,15,2018-03-27,2018-04-27,ewma_daily,10,0.9220093258954236,0.08006183445945184,0.02581117901273444,-0.02581117901273444,0.2600904496249783,0.2859016286377128,260.0904496249783,22
JPY,validation,16,2018-04-27,2018-05-29,ewma_daily,10,0.8633117172812987,0.07496467575320845,-0.2475388460363498,0.2475388460363498,0.1784832943504496,-0.06905555168590014,178.4832943504496,22
JPY,validation,17,2018-05-29,2018-06-27,ewma_daily,10,0.9171360154820434,0.07963864632982874,-0.486332288025551,0.486332288025551,0.2869980718617897,-0.1993342161637612,286.9980718617897,22
JPY,validation,18,2018-06-27,2018-07-26,ewma_daily,10,0.9656567748292062,0.08385210155230571,-0.152253821524198,0.152253821524198,0.2361438920106019,0.08389007048640396,236.1438920106019,22
JPY,validation,19,2018-07-26,2018-08-24,ewma_daily,10,0.995440675157667,0.08643849699639181,-0.2336094160663287,0.2336094160663287,0.157062184165958,-0.07654723190037072,157.0621841659579,22
JPY,validation,20,2018-08-24,2018-09-24,ewma_daily,10,0.9894260511928792,0.08591619385900272,-0.1551344614495065,0.1551344614495065,0.2953419703869451,0.1402075089374386,295.341970386945,22
JPY,validation,21,2018-09-24,2018-10-23,ewma_daily,10,0.8895541085419083,0.07724349651284924,-0.1021166266384922,0.1021166266384922,0.1466203538343946,0.04450372719590234,146.6203538343946,22
JPY,validation,22,2018-10-23,2018-11-21,ewma_daily,10,0.9017400402772751,0.07830169384356464,-0.1072543295106456,0.1072543295106456,0.2788365875364586,0.171582258025813,278.8365875364587,22
JPY,validation,23,2018-11-21,2018-12-20,ewma_daily,10,0.8006948537621099,0.06952722306995913,0.009083144588945657,-0.009083144588945657,0.2065525597715266,0.2156357043604722,206.5525597715265,22
JPY,validation,24,2018-12-20,2019-01-23,ewma_daily,10,0.7209017983054622,0.06259830518647462,-0.2757220121840596,0.2757220121840596,0.1158533522073581,-0.1598686599767014,115.8533522073581,22
JPY,validation,25,2019-01-23,2019-02-21,ewma_daily,10,0.8572142804404095,0.07443519142353591,-0.04634073883738665,0.04634073883738665,0.3126107825872509,0.2662700437498643,312.6107825872509,22
JPY,validation,26,2019-02-21,2019-03-22,ewma_daily,10,0.8055978865392888,0.06995298552027916,-0.5752263276213796,0.5752263276213796,0.2880627901035693,-0.2871635375178103,288.0627901035693,22
JPY,validation,27,2019-03-22,2019-04-24,ewma_daily,10,0.8663249231003647,0.07522633426470737,-0.008987811353875941,0.008987811353875941,0.2423007961515758,0.2333129847976999,242.3007961515759,22
JPY,validation,28,2019-04-24,2019-05-24,ewma_daily,10,0.6733287294837069,0.05846727557733953,-0.1214088604001854,0.1214088604001854,0.1241745361190719,0.002765675718886446,124.1745361190718,22
JPY,validation,29,2019-05-24,2019-06-24,ewma_daily,10,0.6934107111310226,0.06021110119541873,-0.157581725066839,0.157581725066839,0.213374714164014,0.05579298909717506,213.3747141640139,22
JPY,validation,30,2019-06-24,2019-07-23,ewma_daily,10,0.6425525457582637,0.05579482248160672,-0.03833892286011083,0.03833892286011083,0.1771965756411179,0.138857652781007,177.1965756411179,22
JPY,validation,31,2019-07-23,2019-08-21,ewma_daily,10,0.6046824090575598,0.05250637659657966,-0.4912740341099642,0.4912740341099642,0.1645940573264152,-0.326679976783549,164.5940573264152,22
JPY,validation,32,2019-08-21,2019-09-19,ewma_daily,10,0.7051430886979517,0.06122988789829873,-0.7137706126911496,0.7137706126911496,0.358338570134948,-0.3554320425562016,358.338570134948,22
JPY,validation,33,2019-09-19,2019-10-18,ewma_daily,10,0.7982162744901871,0.06931199189739927,-0.5630055521425419,0.5630055521425419,0.3536184394267429,-0.209387112715799,353.6184394267429,22
JPY,validation,34,2019-10-18,2019-11-18,ewma_daily,10,0.8936250123428522,0.07759700391563573,0.3116327633187896,-0.3116327633187896,0.1576347087024588,0.4692674720212484,157.6347087024587,22
JPY,validation,35,2019-11-18,2019-12-17,ewma_daily,10,0.7730395299822419,0.06712573503784171,-0.2206957374213658,0.2206957374213658,0.3150756253108167,0.09437988788945084,315.0756253108167,22
JPY,validation,36,2019-12-17,2020-01-20,ewma_daily,10,0.6806778303662497,0.05910543678408096,-0.172704482358796,0.172704482358796,0.2820496752461233,0.1093451928873273,282.0496752461233,22
JPY,validation,37,2020-01-20,2020-02-18,ewma_daily,10,0.627075368666226,0.05445086337077962,-0.1485734241905798,0.1485734241905798,0.1322214401885852,-0.01635198400199459,132.2214401885851,22
JPY,validation,38,2020-02-18,2020-03-18,ewma_daily,10,0.6620208010380821,0.05748534945172562,-2.022777239734203,2.022777239734203,0.3894751995892925,-1.63330204014491,389.4751995892926,22
JPY,validation,39,2020-03-18,2020-04-20,ewma_daily,10,1.048280885025342,0.09102710246078129,0.02329716495311551,-0.02329716495311551,0.2271498005131055,0.250446965466221,227.1498005131054,22
JPY,validation,40,2020-04-20,2020-05-20,ewma_daily,10,1.106990336869032,0.09612543555357964,-0.6862771304203932,0.6862771304203932,0.3713944189688252,-0.3148827114515679,371.3944189688252,22
JPY,validation,41,2020-05-20,2020-06-18,ewma_daily,10,1.252191788624586,0.1087349696465236,-0.05731700943721307,0.05731700943721307,0.2350246172319874,0.1777076077947743,235.0246172319874,22
JPY,validation,42,2020-06-18,2020-07-17,ewma_daily,10,1.071631763779465,0.09305488842200241,-0.3563603134663111,0.3563603134663111,0.3221262206751365,-0.03423409279117468,322.1262206751365,22
JPY,validation,43,2020-07-17,2020-08-17,ewma_daily,10,1.088206019148203,0.09449419849771104,0.02661938185900681,-0.02661938185900681,0.2363014351232688,0.2629208169822757,236.3014351232689,22
JPY,validation,44,2020-08-17,2020-09-15,ewma_daily,10,0.9547663799526234,0.08290639666083845,0.1228569770420975,-0.1228569770420975,0.239730238821236,0.3625872158633335,239.7302388212361,22
JPY,validation,45,2020-09-15,2020-10-14,ewma_daily,10,0.8331609367934405,0.07234647067160761,-0.06929410367737976,0.06929410367737976,0.1711706693030212,0.1018765656256415,171.1706693030213,22
JPY,validation,46,2020-10-14,2020-11-12,ewma_daily,10,0.7414723942001942,0.06438456927693012,-0.8118809184361595,0.8118809184361595,0.3480539475169379,-0.4638269709192216,348.0539475169379,22
JPY,validation,47,2020-11-12,2020-12-11,ewma_daily,10,0.8307267673523953,0.07213509501379398,-0.1129525589622489,0.1129525589622489,0.2553268434567176,0.1423742844944688,255.3268434567177,22
JPY,validation,0,2017-01-02,2017-01-31,ridge_daily,10,1.011023742606206,0.08779171522829829,-0.1583852202477889,0.1583852202477889,0.2375024276245894,0.07911720737680047,237.5024276245894,22
JPY,validation,1,2017-01-31,2017-03-01,ridge_daily,10,1.003708290571147,0.08715644816347283,-0.06520542219988217,0.06520542219988217,0.1491150463707213,0.08390962417083909,149.1150463707213,22
JPY,validation,2,2017-03-01,2017-03-30,ridge_daily,10,0.9011355320411809,0.07824919974315678,-0.1357443686959954,0.1357443686959954,0.23842021766216,0.1026758489661646,238.42021766216,22
JPY,validation,3,2017-03-30,2017-05-03,ridge_daily,10,0.8697467137618631,0.0755234732910543,-1.018935455177356,1.018935455177356,0.3241182382778511,-0.694817216899505,324.1182382778511,22
JPY,validation,4,2017-05-03,2017-06-01,ridge_daily,10,1.073506673023019,0.09321770553487055,-0.4442775240546126,0.4442775240546126,0.3055424867990427,-0.13873503725557,305.5424867990426,22
JPY,validation,5,2017-06-01,2017-06-30,ridge_daily,10,1.140023093629821,0.09899402527376132,-0.1044475180061113,0.1044475180061113,0.2908832043959135,0.1864356863898022,290.8832043959134,22
JPY,validation,6,2017-06-30,2017-07-31,ridge_daily,10,1.192100353633705,0.1035164887999282,0.07342449873715395,-0.07342449873715395,0.2622177345852001,0.3356422333223541,262.2177345852001,22
JPY,validation,7,2017-07-31,2017-08-29,ridge_daily,10,0.9885762230223065,0.08584239578199629,-0.1572914053991781,0.1572914053991781,0.3144622379756372,0.1571708325764591,314.4622379756372,22
JPY,validation,8,2017-08-29,2017-09-27,ridge_daily,10,0.9027907321481337,0.07839293351201151,-0.3151767292968231,0.3151767292968231,0.2840074059379584,-0.03116932335886469,284.0074059379584,22
JPY,validation,9,2017-09-27,2017-10-26,ridge_daily,10,0.8383991084798765,0.0728013373394077,0.007834243731537072,-0.007834243731537072,0.2863042173619841,0.2941384610935212,286.3042173619841,22
JPY,validation,10,2017-10-26,2017-11-24,ridge_daily,10,0.7864602861602705,0.06829114381231398,-0.1483381704381519,0.1483381704381519,0.1797979600614881,0.0314597896233362,179.7979600614881,22
JPY,validation,11,2017-11-24,2017-12-27,ridge_daily,10,0.7381688817184653,0.06409770585211534,-0.3827203194773148,0.3827203194773148,0.3252571557124075,-0.05746316376490723,325.2571557124076,22
JPY,validation,12,2017-12-27,2018-01-26,ridge_daily,10,0.6725764655192421,0.05840195255610633,-0.4560486174501506,0.4560486174501506,0.3117619001831704,-0.1442867172669802,311.7619001831704,22
JPY,validation,13,2018-01-26,2018-02-26,ridge_daily,10,0.7648187743246098,0.06641187599504794,-0.5150820615323244,0.5150820615323244,0.1702630041336365,-0.3448190573986879,170.2630041336365,22
JPY,validation,14,2018-02-26,2018-03-27,ridge_daily,10,0.8363565074518675,0.07262396413100129,-0.3461093914519138,0.3461093914519138,0.2297041375940831,-0.1164052538578307,229.7041375940831,22
JPY,validation,15,2018-03-27,2018-04-27,ridge_daily,10,0.9220093258954236,0.08006183445945184,0.02691757116899396,-0.02691757116899396,0.2575288595362502,0.2844464307052441,257.5288595362502,22
JPY,validation,16,2018-04-27,2018-05-29,ridge_daily,10,0.8633117172812987,0.07496467575320845,-0.275506738647995,0.275506738647995,0.1690950211214592,-0.1064117175265358,169.0950211214592,22
JPY,validation,17,2018-05-29,2018-06-27,ridge_daily,10,0.9171360154820434,0.07963864632982874,-0.4939980475917025,0.4939980475917025,0.2877122378545373,-0.2062858097371652,287.7122378545373,22
JPY,validation,18,2018-06-27,2018-07-26,ridge_daily,10,0.9656567748292062,0.08385210155230571,-0.1434389619145975,0.1434389619145975,0.2369772571325082,0.09353829521791074,236.9772571325082,22
JPY,validation,19,2018-07-26,2018-08-24,ridge_daily,10,0.995440675157667,0.08643849699639181,-0.2745120316249918,0.2745120316249918,0.1546761097313717,-0.1198359218936201,154.6761097313717,22
JPY,validation,20,2018-08-24,2018-09-24,ridge_daily,10,0.9894260511928792,0.08591619385900272,-0.1372693362889521,0.1372693362889521,0.291229234988479,0.1539598986995269,291.229234988479,22
JPY,validation,21,2018-09-24,2018-10-23,ridge_daily,10,0.8895541085419083,0.07724349651284924,-0.1269841758463584,0.1269841758463584,0.1444647432432516,0.01748056739689316,144.4647432432516,22
JPY,validation,22,2018-10-23,2018-11-21,ridge_daily,10,0.9017400402772751,0.07830169384356464,-0.02635915621131701,0.02635915621131701,0.2605140291576028,0.2341548729462858,260.5140291576028,22
JPY,validation,23,2018-11-21,2018-12-20,ridge_daily,10,0.8006948537621099,0.06952722306995913,0.02715084121904354,-0.02715084121904354,0.1996798063059729,0.2268306475250164,199.6798063059729,22
JPY,validation,24,2018-12-20,2019-01-23,ridge_daily,10,0.7209017983054622,0.06259830518647462,-0.3527528377589652,0.3527528377589652,0.1172841696657329,-0.2354686680932323,117.2841696657329,22
JPY,validation,25,2019-01-23,2019-02-21,ridge_daily,10,0.8572142804404095,0.07443519142353591,-0.06212059282363214,0.06212059282363214,0.3173487441314923,0.2552281513078602,317.3487441314924,22
JPY,validation,26,2019-02-21,2019-03-22,ridge_daily,10,0.8055978865392888,0.06995298552027916,-0.5200038594867493,0.5200038594867493,0.2812471622389136,-0.2387566972478358,281.2471622389136,22
JPY,validation,27,2019-03-22,2019-04-24,ridge_daily,10,0.8663249231003647,0.07522633426470737,0.009781508851020249,-0.009781508851020249,0.2376639846274495,0.2474454934784697,237.6639846274495,22
JPY,validation,28,2019-04-24,2019-05-24,ridge_daily,10,0.6733287294837069,0.05846727557733953,-0.1581506298928028,0.1581506298928028,0.1184745400566083,-0.03967608983619449,118.4745400566084,22
JPY,validation,29,2019-05-24,2019-06-24,ridge_daily,10,0.6934107111310226,0.06021110119541873,-0.104920768431652,0.104920768431652,0.1987233507310543,0.09380258229940236,198.7233507310544,22
JPY,validation,30,2019-06-24,2019-07-23,ridge_daily,10,0.6425525457582637,0.05579482248160672,-0.02731631519123962,0.02731631519123962,0.1697686214654853,0.1424523062742457,169.7686214654853,22
JPY,validation,31,2019-07-23,2019-08-21,ridge_daily,10,0.6046824090575598,0.05250637659657966,-0.502447248389654,0.502447248389654,0.1588552884684043,-0.3435919599212497,158.8552884684044,22
JPY,validation,32,2019-08-21,2019-09-19,ridge_daily,10,0.7051430886979517,0.06122988789829873,-0.6841255622637874,0.6841255622637874,0.3479832124042592,-0.3361423498595282,347.9832124042591,22
JPY,validation,33,2019-09-19,2019-10-18,ridge_daily,10,0.7982162744901871,0.06931199189739927,-0.5332295056106346,0.5332295056106346,0.3421401998548488,-0.1910893057557859,342.1401998548488,22
JPY,validation,34,2019-10-18,2019-11-18,ridge_daily,10,0.8936250123428522,0.07759700391563573,0.3093608673167503,-0.3093608673167503,0.1563141777375731,0.4656750450543233,156.3141777375731,22
JPY,validation,35,2019-11-18,2019-12-17,ridge_daily,10,0.7730395299822419,0.06712573503784171,-0.2163958799570054,0.2163958799570054,0.307260238853709,0.09086435889670363,307.2602388537089,22
JPY,validation,36,2019-12-17,2020-01-20,ridge_daily,10,0.6806778303662497,0.05910543678408096,-0.1012673163937734,0.1012673163937734,0.2672935317196597,0.1660262153258864,267.2935317196598,22
JPY,validation,37,2020-01-20,2020-02-18,ridge_daily,10,0.627075368666226,0.05445086337077962,-0.1905565300664714,0.1905565300664714,0.1298346369043732,-0.06072189316209822,129.8346369043733,22
JPY,validation,38,2020-02-18,2020-03-18,ridge_daily,10,0.6620208010380821,0.05748534945172562,-1.772061176054425,1.772061176054425,0.3561798136100151,-1.41588136244441,356.1798136100149,22
JPY,validation,39,2020-03-18,2020-04-20,ridge_daily,10,1.048280885025342,0.09102710246078129,0.06434964276051858,-0.06434964276051858,0.2239753254204712,0.2883249681809898,223.9753254204712,22
JPY,validation,40,2020-04-20,2020-05-20,ridge_daily,10,1.106990336869032,0.09612543555357964,-0.6375525965129754,0.6375525965129754,0.3637112043235102,-0.2738413921894652,363.7112043235102,22
JPY,validation,41,2020-05-20,2020-06-18,ridge_daily,10,1.252191788624586,0.1087349696465236,-0.01281586345007213,0.01281586345007213,0.2369779212459923,0.2241620577959202,236.9779212459923,22
JPY,validation,42,2020-06-18,2020-07-17,ridge_daily,10,1.071631763779465,0.09305488842200241,-0.3593813631169382,0.3593813631169382,0.3207326140848357,-0.03864874903210258,320.7326140848356,22
JPY,validation,43,2020-07-17,2020-08-17,ridge_daily,10,1.088206019148203,0.09449419849771104,0.02134655285571796,-0.02134655285571796,0.2393921295585548,0.2607386824142728,239.3921295585548,22
JPY,validation,44,2020-08-17,2020-09-15,ridge_daily,10,0.9547663799526234,0.08290639666083845,0.1465125305678896,-0.1465125305678896,0.2318474099807077,0.3783599405485972,231.8474099807077,22
JPY,validation,45,2020-09-15,2020-10-14,ridge_daily,10,0.8331609367934405,0.07234647067160761,-0.08554960663311029,0.08554960663311029,0.1658254189966724,0.0802758123635621,165.8254189966723,22
JPY,validation,46,2020-10-14,2020-11-12,ridge_daily,10,0.7414723942001942,0.06438456927693012,-0.7215907984876822,0.7215907984876822,0.332656774166641,-0.3889340243210412,332.656774166641,22
JPY,validation,47,2020-11-12,2020-12-11,ridge_daily,10,0.8307267673523953,0.07213509501379398,-0.09981192897895141,0.09981192897895141,0.2492785536903508,0.1494666247113994,249.2785536903508,22
JPY,validation,0,2017-01-02,2017-01-31,selected_daily,10,1.011023742606206,0.08779171522829829,-0.1844613947481024,0.1844613947481024,0.2402303338876574,0.05576893913955494,240.2303338876573,22
JPY,validation,1,2017-01-31,2017-03-01,selected_daily,10,1.003708290571147,0.08715644816347283,-0.06059077202688098,0.06059077202688098,0.1561635375465628,0.09557276551968183,156.1635375465629,22
JPY,validation,2,2017-03-01,2017-03-30,selected_daily,10,0.9011355320411809,0.07824919974315678,-0.1834651497777919,0.1834651497777919,0.2419519234804396,0.05848677370264763,241.9519234804395,22
JPY,validation,3,2017-03-30,2017-05-03,selected_daily,10,0.8697467137618631,0.0755234732910543,-1.069958292485737,1.069958292485737,0.332707582168019,-0.7372507103177177,332.7075821680189,22
JPY,validation,4,2017-05-03,2017-06-01,selected_daily,10,1.073506673023019,0.09321770553487055,-0.3984417809591747,0.3984417809591747,0.2953653517897129,-0.1030764291694618,295.3653517897128,22
JPY,validation,5,2017-06-01,2017-06-30,selected_daily,10,1.140023093629821,0.09899402527376132,-0.1526140984496465,0.1526140984496465,0.2970809337895757,0.1444668353399292,297.0809337895757,22
JPY,validation,6,2017-06-30,2017-07-31,selected_daily,10,1.192100353633705,0.1035164887999282,0.09418893871792022,-0.09418893871792022,0.2546128128549074,0.3488017515728277,254.6128128549074,22
JPY,validation,7,2017-07-31,2017-08-29,selected_daily,10,0.9885762230223065,0.08584239578199629,-0.2048686641083037,0.2048686641083037,0.3227922387269659,0.1179235746186622,322.7922387269659,22
JPY,validation,8,2017-08-29,2017-09-27,selected_daily,10,0.9027907321481337,0.07839293351201151,-0.3290445174588115,0.3290445174588115,0.2908463169334188,-0.03819820052539269,290.8463169334188,22
JPY,validation,9,2017-09-27,2017-10-26,selected_daily,10,0.8383991084798765,0.0728013373394077,-0.0009475930473570315,0.0009475930473570315,0.2912400335446897,0.2902924404973327,291.2400335446897,22
JPY,validation,10,2017-10-26,2017-11-24,selected_daily,10,0.7864602861602705,0.06829114381231398,-0.1780908634216133,0.1780908634216133,0.1875455872967793,0.009454723875165993,187.5455872967793,22
JPY,validation,11,2017-11-24,2017-12-27,selected_daily,10,0.7381688817184653,0.06409770585211534,-0.3826292162197547,0.3826292162197547,0.3327974641118395,-0.04983175210791518,332.7974641118395,22
JPY,validation,12,2017-12-27,2018-01-26,selected_daily,10,0.6725764655192421,0.05840195255610633,-0.4831349917792096,0.4831349917792096,0.3256184022519848,-0.1575165895272248,325.6184022519848,22
JPY,validation,13,2018-01-26,2018-02-26,selected_daily,10,0.7648187743246098,0.06641187599504794,-0.4763128589269273,0.4763128589269273,0.17781161342354,-0.2985012455033873,177.8116134235401,22
JPY,validation,14,2018-02-26,2018-03-27,selected_daily,10,0.8363565074518675,0.07262396413100129,-0.4118251939871183,0.4118251939871183,0.24361901690177,-0.1682061770853483,243.61901690177,22
JPY,validation,15,2018-03-27,2018-04-27,selected_daily,10,0.9220093258954236,0.08006183445945184,0.02581117901273444,-0.02581117901273444,0.2600904496249783,0.2859016286377128,260.0904496249783,22
JPY,validation,16,2018-04-27,2018-05-29,selected_daily,10,0.8633117172812987,0.07496467575320845,-0.2475388460363498,0.2475388460363498,0.1784832943504496,-0.06905555168590014,178.4832943504496,22
JPY,validation,17,2018-05-29,2018-06-27,selected_daily,10,0.9171360154820434,0.07963864632982874,-0.486332288025551,0.486332288025551,0.2869980718617897,-0.1993342161637612,286.9980718617897,22
JPY,validation,18,2018-06-27,2018-07-26,selected_daily,10,0.9656567748292062,0.08385210155230571,-0.152253821524198,0.152253821524198,0.2361438920106019,0.08389007048640396,236.1438920106019,22
JPY,validation,19,2018-07-26,2018-08-24,selected_daily,10,0.995440675157667,0.08643849699639181,-0.2336094160663287,0.2336094160663287,0.157062184165958,-0.07654723190037072,157.0621841659579,22
JPY,validation,20,2018-08-24,2018-09-24,selected_daily,10,0.9894260511928792,0.08591619385900272,-0.1551344614495065,0.1551344614495065,0.2953419703869451,0.1402075089374386,295.341970386945,22
JPY,validation,21,2018-09-24,2018-10-23,selected_daily,10,0.8895541085419083,0.07724349651284924,-0.1021166266384922,0.1021166266384922,0.1466203538343946,0.04450372719590234,146.6203538343946,22
JPY,validation,22,2018-10-23,2018-11-21,selected_daily,10,0.9017400402772751,0.07830169384356464,-0.1072543295106456,0.1072543295106456,0.2788365875364586,0.171582258025813,278.8365875364587,22
JPY,validation,23,2018-11-21,2018-12-20,selected_daily,10,0.8006948537621099,0.06952722306995913,0.009083144588945657,-0.009083144588945657,0.2065525597715266,0.2156357043604722,206.5525597715265,22
JPY,validation,24,2018-12-20,2019-01-23,selected_daily,10,0.7209017983054622,0.06259830518647462,-0.2757220121840596,0.2757220121840596,0.1158533522073581,-0.1598686599767014,115.8533522073581,22
JPY,validation,25,2019-01-23,2019-02-21,selected_daily,10,0.8572142804404095,0.07443519142353591,-0.04634073883738665,0.04634073883738665,0.3126107825872509,0.2662700437498643,312.6107825872509,22
JPY,validation,26,2019-02-21,2019-03-22,selected_daily,10,0.8055978865392888,0.06995298552027916,-0.5752263276213796,0.5752263276213796,0.2880627901035693,-0.2871635375178103,288.0627901035693,22
JPY,validation,27,2019-03-22,2019-04-24,selected_daily,10,0.8663249231003647,0.07522633426470737,-0.008987811353875941,0.008987811353875941,0.2423007961515758,0.2333129847976999,242.3007961515759,22
JPY,validation,28,2019-04-24,2019-05-24,selected_daily,10,0.6733287294837069,0.05846727557733953,-0.1214088604001854,0.1214088604001854,0.1241745361190719,0.002765675718886446,124.1745361190718,22
JPY,validation,29,2019-05-24,2019-06-24,selected_daily,10,0.6934107111310226,0.06021110119541873,-0.157581725066839,0.157581725066839,0.213374714164014,0.05579298909717506,213.3747141640139,22
JPY,validation,30,2019-06-24,2019-07-23,selected_daily,10,0.6425525457582637,0.05579482248160672,-0.03833892286011083,0.03833892286011083,0.1771965756411179,0.138857652781007,177.1965756411179,22
JPY,validation,31,2019-07-23,2019-08-21,selected_daily,10,0.6046824090575598,0.05250637659657966,-0.4912740341099642,0.4912740341099642,0.1645940573264152,-0.326679976783549,164.5940573264152,22
JPY,validation,32,2019-08-21,2019-09-19,selected_daily,10,0.7051430886979517,0.06122988789829873,-0.7137706126911496,0.7137706126911496,0.358338570134948,-0.3554320425562016,358.338570134948,22
JPY,validation,33,2019-09-19,2019-10-18,selected_daily,10,0.7982162744901871,0.06931199189739927,-0.5630055521425419,0.5630055521425419,0.3536184394267429,-0.209387112715799,353.6184394267429,22
JPY,validation,34,2019-10-18,2019-11-18,selected_daily,10,0.8936250123428522,0.07759700391563573,0.3116327633187896,-0.3116327633187896,0.1576347087024588,0.4692674720212484,157.6347087024587,22
JPY,validation,35,2019-11-18,2019-12-17,selected_daily,10,0.7730395299822419,0.06712573503784171,-0.2206957374213658,0.2206957374213658,0.3150756253108167,0.09437988788945084,315.0756253108167,22
JPY,validation,36,2019-12-17,2020-01-20,selected_daily,10,0.6806778303662497,0.05910543678408096,-0.172704482358796,0.172704482358796,0.2820496752461233,0.1093451928873273,282.0496752461233,22
JPY,validation,37,2020-01-20,2020-02-18,selected_daily,10,0.627075368666226,0.05445086337077962,-0.1485734241905798,0.1485734241905798,0.1322214401885852,-0.01635198400199459,132.2214401885851,22
JPY,validation,38,2020-02-18,2020-03-18,selected_daily,10,0.6620208010380821,0.05748534945172562,-2.022777239734203,2.022777239734203,0.3894751995892925,-1.63330204014491,389.4751995892926,22
JPY,validation,39,2020-03-18,2020-04-20,selected_daily,10,1.048280885025342,0.09102710246078129,0.02329716495311551,-0.02329716495311551,0.2271498005131055,0.250446965466221,227.1498005131054,22
JPY,validation,40,2020-04-20,2020-05-20,selected_daily,10,1.106990336869032,0.09612543555357964,-0.6862771304203932,0.6862771304203932,0.3713944189688252,-0.3148827114515679,371.3944189688252,22
JPY,validation,41,2020-05-20,2020-06-18,selected_daily,10,1.252191788624586,0.1087349696465236,-0.05731700943721307,0.05731700943721307,0.2350246172319874,0.1777076077947743,235.0246172319874,22
JPY,validation,42,2020-06-18,2020-07-17,selected_daily,10,1.071631763779465,0.09305488842200241,-0.3563603134663111,0.3563603134663111,0.3221262206751365,-0.03423409279117468,322.1262206751365,22
JPY,validation,43,2020-07-17,2020-08-17,selected_daily,10,1.088206019148203,0.09449419849771104,0.02661938185900681,-0.02661938185900681,0.2363014351232688,0.2629208169822757,236.3014351232689,22
JPY,validation,44,2020-08-17,2020-09-15,selected_daily,10,0.9547663799526234,0.08290639666083845,0.1228569770420975,-0.1228569770420975,0.239730238821236,0.3625872158633335,239.7302388212361,22
JPY,validation,45,2020-09-15,2020-10-14,selected_daily,10,0.8331609367934405,0.07234647067160761,-0.06929410367737976,0.06929410367737976,0.1711706693030212,0.1018765656256415,171.1706693030213,22
JPY,validation,46,2020-10-14,2020-11-12,selected_daily,10,0.7414723942001942,0.06438456927693012,-0.8118809184361595,0.8118809184361595,0.3480539475169379,-0.4638269709192216,348.0539475169379,22
JPY,validation,47,2020-11-12,2020-12-11,selected_daily,10,0.8307267673523953,0.07213509501379398,-0.1129525589622489,0.1129525589622489,0.2553268434567176,0.1423742844944688,255.3268434567177,22
JPY,validation,0,2017-01-02,2017-01-31,selected_every5,10,1.011023742606206,0.08779171522829829,0.2645595509081557,-0.2645595509081557,0.1101759015247031,0.3747354524328588,110.1759015247031,6
JPY,validation,1,2017-01-31,2017-03-01,selected_every5,10,1.003708290571147,0.08715644816347283,-0.02658590163508833,0.02658590163508833,0.103023540364577,0.07643763872948869,103.023540364577,6
JPY,validation,2,2017-03-01,2017-03-30,selected_every5,10,0.9011355320411809,0.07824919974315678,0.09039114565399942,-0.09039114565399942,0.1671026312741215,0.2574937769281209,167.1026312741215,6
JPY,validation,3,2017-03-30,2017-05-03,selected_every5,10,0.8697467137618631,0.0755234732910543,-1.65848679421606,1.65848679421606,0.2937253621882175,-1.364761432027843,293.7253621882176,6
JPY,validation,4,2017-05-03,2017-06-01,selected_every5,10,1.073506673023019,0.09321770553487055,0.0686886847289685,-0.0686886847289685,0.2011472316701541,0.2698359163991226,201.147231670154,6
JPY,validation,5,2017-06-01,2017-06-30,selected_every5,10,1.140023093629821,0.09899402527376132,-1.135054313965938,1.135054313965938,0.2532036172926578,-0.8818506966732802,253.2036172926578,6
JPY,validation,6,2017-06-30,2017-07-31,selected_every5,10,1.192100353633705,0.1035164887999282,0.124169580382798,-0.124169580382798,0.2099153434859046,0.3340849238687026,209.9153434859045,6
JPY,validation,7,2017-07-31,2017-08-29,selected_every5,10,0.9885762230223065,0.08584239578199629,-0.25473283908984,0.25473283908984,0.2655062439983302,0.01077340490849021,265.5062439983302,6
JPY,validation,8,2017-08-29,2017-09-27,selected_every5,10,0.9027907321481337,0.07839293351201151,-0.3277156745300545,0.3277156745300545,0.2203354964051733,-0.1073801781248811,220.3354964051733,6
JPY,validation,9,2017-09-27,2017-10-26,selected_every5,10,0.8383991084798765,0.0728013373394077,-0.04873515368166181,0.04873515368166181,0.2097073243951524,0.1609721707134905,209.7073243951523,6
JPY,validation,10,2017-10-26,2017-11-24,selected_every5,10,0.7864602861602705,0.06829114381231398,-0.1613914961645803,0.1613914961645803,0.1369005329546672,-0.02449096320991317,136.9005329546671,6
JPY,validation,11,2017-11-24,2017-12-27,selected_every5,10,0.7381688817184653,0.06409770585211534,-0.427366583112331,0.427366583112331,0.2404588255491971,-0.1869077575631339,240.4588255491971,6
JPY,validation,12,2017-12-27,2018-01-26,selected_every5,10,0.6725764655192421,0.05840195255610633,-0.5002171134825346,0.5002171134825346,0.2300247001129292,-0.2701924133696054,230.0247001129293,6
JPY,validation,13,2018-01-26,2018-02-26,selected_every5,10,0.7648187743246098,0.06641187599504794,-0.9080456166990395,0.9080456166990395,0.1386591127969167,-0.7693865039021228,138.6591127969167,6
JPY,validation,14,2018-02-26,2018-03-27,selected_every5,10,0.8363565074518675,0.07262396413100129,0.1615338758381695,-0.1615338758381695,0.1287941384324178,0.2903280142705873,128.7941384324179,6
JPY,validation,15,2018-03-27,2018-04-27,selected_every5,10,0.9220093258954236,0.08006183445945184,0.1684220767807574,-0.1684220767807574,0.2011620679280141,0.3695841447087715,201.1620679280141,6
JPY,validation,16,2018-04-27,2018-05-29,selected_every5,10,0.8633117172812987,0.07496467575320845,-0.4626819172614299,0.4626819172614299,0.129590623196461,-0.3330912940649688,129.590623196461,6
JPY,validation,17,2018-05-29,2018-06-27,selected_every5,10,0.9171360154820434,0.07963864632982874,-0.6843615087596504,0.6843615087596504,0.2560511898709749,-0.4283103188886755,256.0511898709749,6
JPY,validation,18,2018-06-27,2018-07-26,selected_every5,10,0.9656567748292062,0.08385210155230571,-0.07538667552674383,0.07538667552674383,0.2015647575494987,0.1261780820227549,201.5647575494988,6
JPY,validation,19,2018-07-26,2018-08-24,selected_every5,10,0.995440675157667,0.08643849699639181,-0.1317099940120421,0.1317099940120421,0.09986353533058689,-0.03184645868145519,99.86353533058688,6
JPY,validation,20,2018-08-24,2018-09-24,selected_every5,10,0.9894260511928792,0.08591619385900272,-0.1557564891491694,0.1557564891491694,0.214370321621067,0.05861383247189758,214.370321621067,6
JPY,validation,21,2018-09-24,2018-10-23,selected_every5,10,0.8895541085419083,0.07724349651284924,-0.1196829619741552,0.1196829619741552,0.09999491263625541,-0.0196880493378998,99.99491263625541,6
JPY,validation,22,2018-10-23,2018-11-21,selected_every5,10,0.9017400402772751,0.07830169384356464,0.3562346279544215,-0.3562346279544215,0.1387746631082013,0.4950092910626228,138.7746631082013,6
JPY,validation,23,2018-11-21,2018-12-20,selected_every5,10,0.8006948537621099,0.06952722306995913,0.3436067774101721,-0.3436067774101721,0.1088709635036736,0.4524777409138457,108.8709635036736,6
JPY,validation,24,2018-12-20,2019-01-23,selected_every5,10,0.7209017983054622,0.06259830518647462,-0.3871531735610622,0.3871531735610622,0.09970377504430697,-0.2874493985167552,99.70377504430697,6
JPY,validation,25,2019-01-23,2019-02-21,selected_every5,10,0.8572142804404095,0.07443519142353591,0.3547993095844078,-0.3547993095844078,0.1920034506818714,0.5468027602662791,192.0034506818713,6
JPY,validation,26,2019-02-21,2019-03-22,selected_every5,10,0.8055978865392888,0.06995298552027916,-0.01950434119623878,0.01950434119623878,0.1489808144476681,0.1294764732514293,148.9808144476681,6
JPY,validation,27,2019-03-22,2019-04-24,selected_every5,10,0.8663249231003647,0.07522633426470737,0.02016442602538859,-0.02016442602538859,0.2057316993867292,0.2258961254121178,205.7316993867292,6
JPY,validation,28,2019-04-24,2019-05-24,selected_every5,10,0.6733287294837069,0.05846727557733953,-0.2978401144012504,0.2978401144012504,0.09985805458894512,-0.1979820598123053,99.85805458894512,6
JPY,validation,29,2019-05-24,2019-06-24,selected_every5,10,0.6934107111310226,0.06021110119541873,0.03049559082990516,-0.03049559082990516,0.1350059296151897,0.1655015204450949,135.0059296151897,6
JPY,validation,30,2019-06-24,2019-07-23,selected_every5,10,0.6425525457582637,0.05579482248160672,0.003648078076874811,-0.003648078076874811,0.1303705861145221,0.1340186641913969,130.3705861145221,6
JPY,validation,31,2019-07-23,2019-08-21,selected_every5,10,0.6046824090575598,0.05250637659657966,-0.4230178388296242,0.4230178388296242,0.1084345551441627,-0.3145832836854615,108.4345551441627,6
JPY,validation,32,2019-08-21,2019-09-19,selected_every5,10,0.7051430886979517,0.06122988789829873,-0.3313912977992715,0.3313912977992715,0.2537980102025621,-0.07759328759670936,253.7980102025621,6
JPY,validation,33,2019-09-19,2019-10-18,selected_every5,10,0.7982162744901871,0.06931199189739927,-0.8804711480554062,0.8804711480554062,0.2797677108197434,-0.6007034372356628,279.7677108197435,6
JPY,validation,34,2019-10-18,2019-11-18,selected_every5,10,0.8936250123428522,0.07759700391563573,0.4006950821551254,-0.4006950821551254,0.1086811635029496,0.509376245658075,108.6811635029496,6
JPY,validation,35,2019-11-18,2019-12-17,selected_every5,10,0.7730395299822419,0.06712573503784171,-0.4541572612741476,0.4541572612741476,0.2731507533005815,-0.181006507973566,273.1507533005815,6
JPY,validation,36,2019-12-17,2020-01-20,selected_every5,10,0.6806778303662497,0.05910543678408096,0.1214991975224251,-0.1214991975224251,0.1714931856692439,0.292992383191669,171.4931856692439,6
JPY,validation,37,2020-01-20,2020-02-18,selected_every5,10,0.627075368666226,0.05445086337077962,-0.3361212310511148,0.3361212310511148,0.09984282667794078,-0.236278404373174,99.84282667794078,6
JPY,validation,38,2020-02-18,2020-03-18,selected_every5,10,0.6620208010380821,0.05748534945172562,-0.2191835948592162,0.2191835948592162,0.1478758633304975,-0.07130773152871875,147.8758633304975,6
JPY,validation,39,2020-03-18,2020-04-20,selected_every5,10,1.048280885025342,0.09102710246078129,-0.5513901385352131,0.5513901385352131,0.1972795953008489,-0.3541105432343643,197.2795953008489,6
JPY,validation,40,2020-04-20,2020-05-20,selected_every5,10,1.106990336869032,0.09612543555357964,0.243576571904967,-0.243576571904967,0.2235526684382425,0.4671292403432095,223.5526684382425,6
JPY,validation,41,2020-05-20,2020-06-18,selected_every5,10,1.252191788624586,0.1087349696465236,-0.2628480069478627,0.2628480069478627,0.2030302308444232,-0.05981777610343947,203.0302308444232,6
JPY,validation,42,2020-06-18,2020-07-17,selected_every5,10,1.071631763779465,0.09305488842200241,0.2017509458294313,-0.2017509458294313,0.2026203658456605,0.4043713116750918,202.6203658456605,6
JPY,validation,43,2020-07-17,2020-08-17,selected_every5,10,1.088206019148203,0.09449419849771104,0.09564360186759302,-0.09564360186759302,0.2036127435230943,0.2992563453906874,203.6127435230943,6
JPY,validation,44,2020-08-17,2020-09-15,selected_every5,10,0.9547663799526234,0.08290639666083845,0.4196446604283892,-0.4196446604283892,0.1418800112877778,0.561524671716167,141.8800112877778,6
JPY,validation,45,2020-09-15,2020-10-14,selected_every5,10,0.8331609367934405,0.07234647067160761,-0.1799482495868707,0.1799482495868707,0.1279631638159042,-0.05198508577096655,127.9631638159041,6
JPY,validation,46,2020-10-14,2020-11-12,selected_every5,10,0.7414723942001942,0.06438456927693012,-0.3422933133830526,0.3422933133830526,0.2374210693408497,-0.1048722440422029,237.4210693408497,6
JPY,validation,47,2020-11-12,2020-12-11,selected_every5,10,0.8307267673523953,0.07213509501379398,-0.5484925373116027,0.5484925373116027,0.2412137306039539,-0.3072788067076488,241.2137306039539,6
JPY,validation,0,2017-01-02,2017-01-31,selected_threshold,10,1.011023742606206,0.08779171522829829,-0.080677717051576,0.080677717051576,0.2091992708274966,0.1285215537759206,209.1992708274965,12
JPY,validation,1,2017-01-31,2017-03-01,selected_threshold,10,1.003708290571147,0.08715644816347283,-0.00552245677360208,0.00552245677360208,0.1380597868349469,0.1325373300613448,138.0597868349469,12
JPY,validation,2,2017-03-01,2017-03-30,selected_threshold,10,0.9011355320411809,0.07824919974315678,-0.2429991777914502,0.2429991777914502,0.2320982020478037,-0.01090097574364651,232.0982020478037,12
JPY,validation,3,2017-03-30,2017-05-03,selected_threshold,10,0.8697467137618631,0.0755234732910543,-0.9750144015454936,0.9750144015454936,0.3101459954136333,-0.6648684061318603,310.1459954136333,12
JPY,validation,4,2017-05-03,2017-06-01,selected_threshold,10,1.073506673023019,0.09321770553487055,-0.3409671391424922,0.3409671391424922,0.2735615640419351,-0.06740557510055711,273.5615640419351,14
JPY,validation,5,2017-06-01,2017-06-30,selected_threshold,10,1.140023093629821,0.09899402527376132,-0.08173220967489669,0.08173220967489669,0.276479064848873,0.1947468551739763,276.4790648488729,12
JPY,validation,6,2017-06-30,2017-07-31,selected_threshold,10,1.192100353633705,0.1035164887999282,0.09964807325408742,-0.09964807325408742,0.2420195792408132,0.3416676524949006,242.0195792408132,12
JPY,validation,7,2017-07-31,2017-08-29,selected_threshold,10,0.9885762230223065,0.08584239578199629,-0.1759952521393018,0.1759952521393018,0.3074043811609057,0.1314091290216039,307.4043811609057,14
JPY,validation,8,2017-08-29,2017-09-27,selected_threshold,10,0.9027907321481337,0.07839293351201151,-0.2422867917192661,0.2422867917192661,0.2715193117716148,0.02923252005234867,271.5193117716148,14
JPY,validation,9,2017-09-27,2017-10-26,selected_threshold,10,0.8383991084798765,0.0728013373394077,0.05288037928960421,-0.05288037928960421,0.2621130524433665,0.3149934317329707,262.1130524433665,11
JPY,validation,10,2017-10-26,2017-11-24,selected_threshold,10,0.7864602861602705,0.06829114381231398,-0.1961577230115717,0.1961577230115717,0.1697025555737915,-0.02645516743778015,169.7025555737915,12
JPY,validation,11,2017-11-24,2017-12-27,selected_threshold,10,0.7381688817184653,0.06409770585211534,-0.3808848979294766,0.3808848979294766,0.3202713127298231,-0.06061358519965349,320.2713127298231,16
JPY,validation,12,2017-12-27,2018-01-26,selected_threshold,10,0.6725764655192421,0.05840195255610633,-0.4622038919774383,0.4622038919774383,0.3052114043366472,-0.1569924876407911,305.2114043366472,18
JPY,validation,13,2018-01-26,2018-02-26,selected_threshold,10,0.7648187743246098,0.06641187599504794,-0.5004815923900074,0.5004815923900074,0.1733450407335211,-0.3271365516564864,173.3450407335211,12
JPY,validation,14,2018-02-26,2018-03-27,selected_threshold,10,0.8363565074518675,0.07262396413100129,-0.3304111560046312,0.3304111560046312,0.2275240909868983,-0.102887065017733,227.5240909868983,16
JPY,validation,15,2018-03-27,2018-04-27,selected_threshold,10,0.9220093258954236,0.08006183445945184,0.1073811711629844,-0.1073811711629844,0.230082623332652,0.3374637944956363,230.082623332652,12
JPY,validation,16,2018-04-27,2018-05-29,selected_threshold,10,0.8633117172812987,0.07496467575320845,-0.2737857675707442,0.2737857675707442,0.168363235993247,-0.1054225315774972,168.363235993247,12
JPY,validation,17,2018-05-29,2018-06-27,selected_threshold,10,0.9171360154820434,0.07963864632982874,-0.3828898331737207,0.3828898331737207,0.2572063661281254,-0.1256834670455953,257.2063661281254,13
JPY,validation,18,2018-06-27,2018-07-26,selected_threshold,10,0.9656567748292062,0.08385210155230571,-0.1138116415218491,0.1138116415218491,0.2100394170867918,0.09622777556494272,210.0394170867918,9
JPY,validation,19,2018-07-26,2018-08-24,selected_threshold,10,0.995440675157667,0.08643849699639181,-0.1627810480119676,0.1627810480119676,0.1448860887616542,-0.01789495925031337,144.8860887616542,9
JPY,validation,20,2018-08-24,2018-09-24,selected_threshold,10,0.9894260511928792,0.08591619385900272,-0.1034085433911685,0.1034085433911685,0.2622430236217742,0.1588344802306057,262.2430236217741,12
JPY,validation,21,2018-09-24,2018-10-23,selected_threshold,10,0.8895541085419083,0.07724349651284924,-0.1019982352730764,0.1019982352730764,0.1396873859999002,0.03768915072682386,139.6873859999002,12
JPY,validation,22,2018-10-23,2018-11-21,selected_threshold,10,0.9017400402772751,0.07830169384356464,-0.1382993717588974,0.1382993717588974,0.2708017382775122,0.1325023665186149,270.8017382775122,15
JPY,validation,23,2018-11-21,2018-12-20,selected_threshold,10,0.8006948537621099,0.06952722306995913,0.02296232258854847,-0.02296232258854847,0.1882489618364725,0.211211284425021,188.2489618364725,13
JPY,validation,24,2018-12-20,2019-01-23,selected_threshold,10,0.7209017983054622,0.06259830518647462,-0.1779483335450198,0.1779483335450198,0.09991318929857727,-0.07803514424644255,99.91318929857725,7
JPY,validation,25,2019-01-23,2019-02-21,selected_threshold,10,0.8572142804404095,0.07443519142353591,-0.01470219309415199,0.01470219309415199,0.2921025118919951,0.2774003187978431,292.1025118919951,11
JPY,validation,26,2019-02-21,2019-03-22,selected_threshold,10,0.8055978865392888,0.06995298552027916,-0.6037651529908601,0.6037651529908601,0.2825094352599458,-0.3212557177309143,282.5094352599457,15
JPY,validation,27,2019-03-22,2019-04-24,selected_threshold,10,0.8663249231003647,0.07522633426470737,0.02907678491528998,-0.02907678491528998,0.219475916521128,0.248552701436418,219.475916521128,9
JPY,validation,28,2019-04-24,2019-05-24,selected_threshold,10,0.6733287294837069,0.05846727557733953,-0.1040729662983419,0.1040729662983419,0.1142025083237903,0.01012954202544841,114.2025083237903,10
JPY,validation,29,2019-05-24,2019-06-24,selected_threshold,10,0.6934107111310226,0.06021110119541873,-0.06837730341199943,0.06837730341199943,0.1807657863337669,0.1123884829217674,180.7657863337668,12
JPY,validation,30,2019-06-24,2019-07-23,selected_threshold,10,0.6425525457582637,0.05579482248160672,-0.02304500031861068,0.02304500031861068,0.167561444296476,0.1445164439778654,167.5614442964761,14
JPY,validation,31,2019-07-23,2019-08-21,selected_threshold,10,0.6046824090575598,0.05250637659657966,-0.4368685434622401,0.4368685434622401,0.1530953772387861,-0.283773166223454,153.0953772387861,10
JPY,validation,32,2019-08-21,2019-09-19,selected_threshold,10,0.7051430886979517,0.06122988789829873,-0.7222770508161034,0.7222770508161034,0.356458121063674,-0.3658189297524294,356.458121063674,17
JPY,validation,33,2019-09-19,2019-10-18,selected_threshold,10,0.7982162744901871,0.06931199189739927,-0.5190912494112467,0.5190912494112467,0.3293270497290936,-0.1897641996821531,329.3270497290936,14
JPY,validation,34,2019-10-18,2019-11-18,selected_threshold,10,0.8936250123428522,0.07759700391563573,0.3066409783180224,-0.3066409783180224,0.1442920893877173,0.4509330677057397,144.2920893877173,12
JPY,validation,35,2019-11-18,2019-12-17,selected_threshold,10,0.7730395299822419,0.06712573503784171,-0.2186080062386395,0.2186080062386395,0.3037186364035662,0.08511063016492665,303.7186364035662,14
JPY,validation,36,2019-12-17,2020-01-20,selected_threshold,10,0.6806778303662497,0.05910543678408096,-0.1367492652601214,0.1367492652601214,0.2720101061220641,0.1352608408619427,272.0101061220642,15
JPY,validation,37,2020-01-20,2020-02-18,selected_threshold,10,0.627075368666226,0.05445086337077962,-0.1764958435263535,0.1764958435263535,0.1201546783410413,-0.05634116518531222,120.1546783410413,9
JPY,validation,38,2020-02-18,2020-03-18,selected_threshold,10,0.6620208010380821,0.05748534945172562,-2.070857764568891,2.070857764568891,0.3798542265573719,-1.691003538011519,379.854226557372,15
JPY,validation,39,2020-03-18,2020-04-20,selected_threshold,10,1.048280885025342,0.09102710246078129,-0.04035170888032091,0.04035170888032091,0.2187273111214361,0.1783756022411152,218.7273111214361,14
JPY,validation,40,2020-04-20,2020-05-20,selected_threshold,10,1.106990336869032,0.09612543555357964,-0.7474217086636656,0.7474217086636656,0.3656392020231108,-0.3817825066405549,365.6392020231108,16
JPY,validation,41,2020-05-20,2020-06-18,selected_threshold,10,1.252191788624586,0.1087349696465236,-0.11476701293671,0.11476701293671,0.2300568522540264,0.1152898393173165,230.0568522540264,11
JPY,validation,42,2020-06-18,2020-07-17,selected_threshold,10,1.071631763779465,0.09305488842200241,-0.2777693045821366,0.2777693045821366,0.2950547666570772,0.01728546207494064,295.0547666570772,14
JPY,validation,43,2020-07-17,2020-08-17,selected_threshold,10,1.088206019148203,0.09449419849771104,-0.02232442578387861,0.02232442578387861,0.2299438352080712,0.2076194094241926,229.9438352080712,11
JPY,validation,44,2020-08-17,2020-09-15,selected_threshold,10,0.9547663799526234,0.08290639666083845,0.1154469935649587,-0.1154469935649587,0.2318385369545731,0.3472855305195318,231.8385369545731,15
JPY,validation,45,2020-09-15,2020-10-14,selected_threshold,10,0.8331609367934405,0.07234647067160761,-0.008240568643782531,0.008240568643782531,0.1465844547255861,0.1383438860818036,146.5844547255862,11
JPY,validation,46,2020-10-14,2020-11-12,selected_threshold,10,0.7414723942001942,0.06438456927693012,-0.8059740364852956,0.8059740364852956,0.3423879568487583,-0.4635860796365373,342.3879568487583,19
JPY,validation,47,2020-11-12,2020-12-11,selected_threshold,10,0.8307267673523953,0.07213509501379398,-0.1422591047478505,0.1422591047478505,0.2334114907055913,0.09115238595774078,233.4114907055913,9
JPY,test,0,2021-01-04,2021-02-02,frozen_rolling63_daily,0,0.7465292015332921,0.06482368182306604,0.2106516375408347,-0.2106516375408347,0,0.2106516375408347,295.6908180405533,22
JPY,test,1,2021-02-02,2021-03-03,frozen_rolling63_daily,0,0.7057073118787116,0.06127888252535982,0.1265359987100112,-0.1265359987100112,0,0.1265359987100112,236.9521479121647,22
JPY,test,2,2021-03-03,2021-04-01,frozen_rolling63_daily,0,0.6005053063423418,0.05214365944022282,0.0149630491950461,-0.0149630491950461,0,0.0149630491950461,346.0496168750555,22
JPY,test,3,2021-04-01,2021-05-04,frozen_rolling63_daily,0,0.6092449215222189,0.05290256082926605,-0.07540791388758805,0.07540791388758805,0,-0.07540791388758805,340.2934884620144,22
JPY,test,4,2021-05-04,2021-06-02,frozen_rolling63_daily,0,0.6233150320990219,0.05412433523577036,0.07133322980313039,-0.07133322980313039,0,0.07133322980313039,237.811520462839,22
JPY,test,5,2021-06-02,2021-07-01,frozen_rolling63_daily,0,0.5784336290554108,0.05022707592422375,-0.04845807740197095,0.04845807740197095,0,-0.04845807740197095,156.2772229975932,22
JPY,test,6,2021-07-01,2021-07-30,frozen_rolling63_daily,0,0.6329029683066665,0.05495690215420801,-0.02743965782266601,0.02743965782266601,0,-0.02743965782266601,111.9077246022663,22
JPY,test,7,2021-07-30,2021-08-30,frozen_rolling63_daily,0,0.6089561593564952,0.05287748625878013,0.06846329048527666,-0.06846329048527666,0,0.06846329048527666,153.0510629551863,22
JPY,test,8,2021-08-30,2021-09-28,frozen_rolling63_daily,0,0.6403528802597762,0.05560381462321767,-0.212944262330808,0.212944262330808,0,-0.212944262330808,318.7315815940416,22
JPY,test,9,2021-09-28,2021-10-27,frozen_rolling63_daily,0,0.6480874919495108,0.05627544948258384,-0.1424356616551847,0.1424356616551847,0,-0.1424356616551847,275.1638411788883,22
JPY,test,10,2021-10-27,2021-11-25,frozen_rolling63_daily,0,0.6945178289602012,0.060307238253719,0.06601125706643729,-0.06601125706643729,0,0.06601125706643729,143.9323315925874,22
JPY,test,11,2021-11-25,2021-12-24,frozen_rolling63_daily,0,0.7305788609749015,0.06343862011097089,0.1414381640528788,-0.1414381640528788,0,0.1414381640528788,272.1242764090444,22
JPY,test,12,2021-12-24,2022-01-24,frozen_rolling63_daily,0,0.7139504490338808,0.06199468017844713,0.1428933274691389,-0.1428933274691389,0,0.1428933274691389,231.1044917253276,22
JPY,test,13,2022-01-24,2022-02-22,frozen_rolling63_daily,0,0.648927758824307,0.05634841407245395,-0.146566245116361,0.146566245116361,0,-0.146566245116361,222.4245034548231,22
JPY,test,14,2022-02-22,2022-03-23,frozen_rolling63_daily,0,0.736566818685283,0.06395858933289679,-0.6773093909523737,0.6773093909523737,0,-0.6773093909523737,343.2150044222987,22
JPY,test,15,2022-03-23,2022-04-25,frozen_rolling63_daily,0,1.027508784540714,0.08922326368310161,-0.1454325197255031,0.1454325197255031,0,-0.1454325197255031,241.1831669331489,22
JPY,test,16,2022-04-25,2022-05-24,frozen_rolling63_daily,0,1.233395343606283,0.1071026358807371,-0.2440250609311105,0.2440250609311105,0,-0.2440250609311105,207.4038390627502,22
JPY,test,17,2022-05-24,2022-06-22,frozen_rolling63_daily,0,1.385908725914021,0.1203474871331841,-0.2685710783376294,0.2685710783376294,0,-0.2685710783376294,270.5132352625042,22
JPY,test,18,2022-06-22,2022-07-21,frozen_rolling63_daily,0,1.505859577215631,0.130764788997126,0.1816914808585159,-0.1816914808585159,0,0.1816914808585159,150.6929560684314,22
JPY,test,19,2022-07-21,2022-08-19,frozen_rolling63_daily,0,1.496780728441472,0.1299763134485338,-0.08467739667322613,0.08467739667322613,0,-0.08467739667322613,144.9315307576546,22
JPY,test,20,2022-08-19,2022-09-19,frozen_rolling63_daily,0,1.549215782709751,0.1345301916845139,0.1486028972556284,-0.1486028972556284,0,0.1486028972556284,250.270274982715,22
JPY,test,21,2022-09-19,2022-10-18,frozen_rolling63_daily,0,1.379847508935768,0.1198210995647396,-0.0872774592041452,0.0872774592041452,0,-0.0872774592041452,327.3280090237644,22
JPY,test,22,2022-10-18,2022-11-16,frozen_rolling63_daily,0,1.462813159816058,0.127026329021862,0.5234129191872396,-0.5234129191872396,0,0.5234129191872396,203.3807042270851,22
JPY,test,23,2022-11-16,2022-12-15,frozen_rolling63_daily,0,1.268655569426642,0.1101647335428536,0.03789633178013663,-0.03789633178013663,0,0.03789633178013663,260.6244874249521,22
JPY,test,24,2022-12-15,2023-01-16,frozen_rolling63_daily,0,1.2985472135056,0.112760625224782,-0.3899675968598619,0.3899675968598619,0,-0.3899675968598619,143.0302781235479,22
JPY,test,25,2023-01-16,2023-02-14,frozen_rolling63_daily,0,1.387068219857831,0.1204481836895248,0.1563861005332399,-0.1563861005332399,0,0.1563861005332399,286.3634086969747,22
JPY,test,26,2023-02-14,2023-03-15,frozen_rolling63_daily,0,1.429004263086846,0.1240901476567741,-1.798566362928526,1.798566362928526,0,-1.798566362928526,322.3639050454417,22
JPY,test,27,2023-03-15,2023-04-17,frozen_rolling63_daily,0,1.571343588922502,0.1364519641514647,-0.1015947209834565,0.1015947209834565,0,-0.1015947209834565,261.7665387771241,22
JPY,test,28,2023-04-17,2023-05-17,frozen_rolling63_daily,0,1.475267897213861,0.1281079839962305,0.3924046155956802,-0.3924046155956802,0,0.3924046155956802,303.6405780211556,22
JPY,test,29,2023-05-17,2023-06-15,frozen_rolling63_daily,0,1.489817880719556,0.1293716084960235,0.7625302275336168,-0.7625302275336168,0,0.7625302275336168,244.8234930844312,22
JPY,test,30,2023-06-15,2023-07-14,frozen_rolling63_daily,0,1.169267585347264,0.1015336533239062,0.1459635721756172,-0.1459635721756172,0,0.1459635721756172,250.7790042149373,22
JPY,test,31,2023-07-14,2023-08-14,frozen_rolling63_daily,0,0.9536051309015647,0.08280555569737401,-0.5927054880790052,0.5927054880790052,0,-0.5927054880790052,360.1037603829346,22
JPY,test,32,2023-08-14,2023-09-12,frozen_rolling63_daily,0,1.016676486321721,0.08828259475116984,0.3791878686652934,-0.3791878686652934,0,0.3791878686652934,204.8253212069333,22
JPY,test,33,2023-09-12,2023-10-11,frozen_rolling63_daily,0,1.01495909810015,0.08813345815175545,0.5746233848396827,-0.5746233848396827,0,0.5746233848396827,273.5167729142312,22
JPY,test,34,2023-10-11,2023-11-09,frozen_rolling63_daily,0,0.9483383349699395,0.08234819599466098,0.1772346487485805,-0.1772346487485805,0,0.1772346487485805,274.2109108356834,22
JPY,test,35,2023-11-09,2023-12-08,frozen_rolling63_daily,0,0.6835999072203762,0.0593591762745284,-0.2214750263776461,0.2214750263776461,0,-0.2214750263776461,231.2240209594338,22
JPY,test,36,2023-12-08,2024-01-11,frozen_rolling63_daily,0,0.8097688771836786,0.07031518016531751,-0.6998038858035045,0.6998038858035045,0,-0.6998038858035045,376.5181697237761,22
JPY,test,37,2024-01-11,2024-02-09,frozen_rolling63_daily,0,1.052312726046026,0.09137722622215673,0.5405919853320995,-0.5405919853320995,0,0.5405919853320995,259.2067977649629,22
JPY,test,38,2024-02-09,2024-03-11,frozen_rolling63_daily,0,1.025367472452679,0.08903731356235974,0.4598442098463096,-0.4598442098463096,0,0.4598442098463096,204.1835278725452,22
JPY,test,39,2024-03-11,2024-04-11,frozen_rolling63_daily,0,0.9056397310384767,0.0786403340994685,0.06952354354196189,-0.06952354354196189,0,0.06952354354196189,229.4958405984738,22
JPY,test,40,2024-04-11,2024-05-13,frozen_rolling63_daily,0,0.6490177641802291,0.05635622968959699,-0.2561093374500416,0.2561093374500416,0,-0.2561093374500416,319.8142475758426,22
JPY,test,41,2024-05-13,2024-06-11,frozen_rolling63_daily,0,0.8029818149868646,0.06972581485965428,0.06375708477973774,-0.06375708477973774,0,0.06375708477973774,303.2539875794643,22
JPY,test,42,2024-06-11,2024-07-10,frozen_rolling63_daily,0,0.8489240918824379,0.07371529537583933,-0.0492969465753248,0.0492969465753248,0,-0.0492969465753248,250.1050350391253,22
JPY,test,43,2024-07-10,2024-08-08,frozen_rolling63_daily,0,0.8609372216411373,0.07475848115349226,-0.2079140861951772,0.2079140861951772,0,-0.2079140861951772,124.1837804658129,21
JPY,test,44,2024-08-08,2024-09-06,frozen_rolling63_daily,0,1.508566964116532,0.1309999191768706,0.7393864096868654,-0.7393864096868654,0,0.7393864096868654,234.238154182275,22
JPY,test,45,2024-09-06,2024-10-07,frozen_rolling63_daily,0,1.54030582923707,0.1337563762309741,0.3670256881346035,-0.3670256881346035,0,0.3670256881346035,319.7389975287433,22
JPY,test,46,2024-10-07,2024-11-05,frozen_rolling63_daily,0,1.620545448717401,0.1407251223641679,0.8299980914325715,-0.8299980914325715,0,0.8299980914325715,222.2861496518119,22
JPY,test,47,2024-11-05,2024-12-04,frozen_rolling63_daily,0,0.9294060023164974,0.08070414701058688,-0.1829321615089889,0.1829321615089889,0,-0.1829321615089889,169.224326565621,22
JPY,test,48,2024-12-04,2025-01-07,frozen_rolling63_daily,0,1.01508169254641,0.08814410415262346,0.04268944017091769,-0.04268944017091769,0,0.04268944017091769,222.9173129373699,22
JPY,test,49,2025-01-07,2025-02-05,frozen_rolling63_daily,0,0.9424720670264719,0.08183877957280571,-0.3489914514208134,0.3489914514208134,0,-0.3489914514208134,217.0394699633464,22
JPY,test,50,2025-02-05,2025-03-06,frozen_rolling63_daily,0,1.187529740363331,0.1031195684876222,-0.3745076206101459,0.3745076206101459,0,-0.3745076206101459,364.326108780594,22
JPY,test,51,2025-03-06,2025-04-04,frozen_rolling63_daily,0,1.278407589187097,0.1110116302733601,0.08661795371637027,-0.08661795371637027,0,0.08661795371637027,297.7883868976887,22
JPY,test,52,2025-04-04,2025-05-08,frozen_rolling63_daily,0,1.355093358952544,0.1176713277387123,0.3623482198996726,-0.3623482198996726,0,0.3623482198996726,292.9177419850498,22
JPY,test,53,2025-05-08,2025-06-06,frozen_rolling63_daily,0,1.232871062445824,0.1070571059823842,0.5531677641653445,-0.5531677641653445,0,0.5531677641653445,239.8565294123425,22
JPY,test,54,2025-06-06,2025-07-07,frozen_rolling63_daily,0,1.018746788169778,0.08846237813788675,0.1147517049861051,-0.1147517049861051,0,0.1147517049861051,235.6221166786208,22
JPY,test,55,2025-07-07,2025-08-05,frozen_rolling63_daily,0,0.8377248411535376,0.07274278602756495,0.2778167190851875,-0.2778167190851875,0,0.2778167190851875,271.1364685818099,22
JPY,test,56,2025-08-05,2025-09-03,frozen_rolling63_daily,0,0.7323079670109962,0.06358876841582067,0.1360389677114711,-0.1360389677114711,0,0.1360389677114711,276.7190672029349,22
JPY,test,57,2025-09-03,2025-10-02,frozen_rolling63_daily,0,0.6616263814599037,0.05745109997330345,0.05752591562137788,-0.05752591562137788,0,0.05752591562137788,248.1045674356251,22
JPY,test,58,2025-10-02,2025-10-31,frozen_rolling63_daily,0,0.5924785772517183,0.05144666181366902,-0.2275487894463311,0.2275487894463311,0,-0.2275487894463311,216.3418589997435,22
JPY,test,59,2025-10-31,2025-12-01,frozen_rolling63_daily,0,0.6789433417536941,0.0589548219409132,-0.009359503640212097,0.009359503640212097,0,-0.009359503640212097,274.4613417515558,22
JPY,test,0,2021-01-04,2021-02-02,rolling63_daily,0,0.7465292015332921,0.06482368182306604,0.1967767663183935,-0.1967767663183935,0,0.1967767663183935,299.8275444882427,22
JPY,test,1,2021-02-02,2021-03-03,rolling63_daily,0,0.7057073118787116,0.06127888252535982,0.1748171739494353,-0.1748171739494353,0,0.1748171739494353,238.9760480665131,22
JPY,test,2,2021-03-03,2021-04-01,rolling63_daily,0,0.6005053063423418,0.05214365944022282,0.02034747588675145,-0.02034747588675145,0,0.02034747588675145,342.7304449871855,22
JPY,test,3,2021-04-01,2021-05-04,rolling63_daily,0,0.6092449215222189,0.05290256082926605,-0.0826594438375281,0.0826594438375281,0,-0.0826594438375281,342.3416921666859,22
JPY,test,4,2021-05-04,2021-06-02,rolling63_daily,0,0.6233150320990219,0.05412433523577036,0.07195473236924954,-0.07195473236924954,0,0.07195473236924954,237.370256220237,22
JPY,test,5,2021-06-02,2021-07-01,rolling63_daily,0,0.5784336290554108,0.05022707592422375,-0.04880926196436849,0.04880926196436849,0,-0.04880926196436849,158.896782041608,22
JPY,test,6,2021-07-01,2021-07-30,rolling63_daily,0,0.6329029683066665,0.05495690215420801,-0.02640866095547655,0.02640866095547655,0,-0.02640866095547655,112.7914441991336,22
JPY,test,7,2021-07-30,2021-08-30,rolling63_daily,0,0.6089561593564952,0.05287748625878013,0.072525682095264,-0.072525682095264,0,0.072525682095264,156.2052935836877,22
JPY,test,8,2021-08-30,2021-09-28,rolling63_daily,0,0.6403528802597762,0.05560381462321767,-0.212829450145648,0.212829450145648,0,-0.212829450145648,319.3401172240488,22
JPY,test,9,2021-09-28,2021-10-27,rolling63_daily,0,0.6480874919495108,0.05627544948258384,-0.1571918298699018,0.1571918298699018,0,-0.1571918298699018,277.3707077391549,22
JPY,test,10,2021-10-27,2021-11-25,rolling63_daily,0,0.6945178289602012,0.060307238253719,0.06333141358414567,-0.06333141358414567,0,0.06333141358414567,143.2632730305569,22
JPY,test,11,2021-11-25,2021-12-24,rolling63_daily,0,0.7305788609749015,0.06343862011097089,0.1306269998274274,-0.1306269998274274,0,0.1306269998274274,274.6622236311812,22
JPY,test,12,2021-12-24,2022-01-24,rolling63_daily,0,0.7139504490338808,0.06199468017844713,0.1236040074131353,-0.1236040074131353,0,0.1236040074131353,236.1025303270961,22
JPY,test,13,2022-01-24,2022-02-22,rolling63_daily,0,0.648927758824307,0.05634841407245395,-0.140854027672134,0.140854027672134,0,-0.140854027672134,228.5570337766643,22
JPY,test,14,2022-02-22,2022-03-23,rolling63_daily,0,0.736566818685283,0.06395858933289679,-0.6652128466405287,0.6652128466405287,0,-0.6652128466405287,339.6285560145163,22
JPY,test,15,2022-03-23,2022-04-25,rolling63_daily,0,1.027508784540714,0.08922326368310161,-0.1757384892702873,0.1757384892702873,0,-0.1757384892702873,243.0839429326994,22
JPY,test,16,2022-04-25,2022-05-24,rolling63_daily,0,1.233395343606283,0.1071026358807371,-0.2121029138151185,0.2121029138151185,0,-0.2121029138151185,207.0002392977039,22
JPY,test,17,2022-05-24,2022-06-22,rolling63_daily,0,1.385908725914021,0.1203474871331841,-0.2374447143000253,0.2374447143000253,0,-0.2374447143000253,271.522018526459,22
JPY,test,18,2022-06-22,2022-07-21,rolling63_daily,0,1.505859577215631,0.130764788997126,0.1865581393226075,-0.1865581393226075,0,0.1865581393226075,150.3782692794354,22
JPY,test,19,2022-07-21,2022-08-19,rolling63_daily,0,1.496780728441472,0.1299763134485338,-0.07442379288294916,0.07442379288294916,0,-0.07442379288294916,145.0616524930226,22
JPY,test,20,2022-08-19,2022-09-19,rolling63_daily,0,1.549215782709751,0.1345301916845139,0.1662203503725266,-0.1662203503725266,0,0.1662203503725266,249.2949155756742,22
JPY,test,21,2022-09-19,2022-10-18,rolling63_daily,0,1.379847508935768,0.1198210995647396,-0.06565685357684004,0.06565685357684004,0,-0.06565685357684004,320.7056846826514,22
JPY,test,22,2022-10-18,2022-11-16,rolling63_daily,0,1.462813159816058,0.127026329021862,0.5018046662121902,-0.5018046662121902,0,0.5018046662121902,210.6352743159827,22
JPY,test,23,2022-11-16,2022-12-15,rolling63_daily,0,1.268655569426642,0.1101647335428536,0.04090198146730639,-0.04090198146730639,0,0.04090198146730639,259.8202993648358,22
JPY,test,24,2022-12-15,2023-01-16,rolling63_daily,0,1.2985472135056,0.112760625224782,-0.3851569541769779,0.3851569541769779,0,-0.3851569541769779,143.766028963214,22
JPY,test,25,2023-01-16,2023-02-14,rolling63_daily,0,1.387068219857831,0.1204481836895248,0.1624553959385082,-0.1624553959385082,0,0.1624553959385082,285.4446960905385,22
JPY,test,26,2023-02-14,2023-03-15,rolling63_daily,0,1.429004263086846,0.1240901476567741,-1.847521539439228,1.847521539439228,0,-1.847521539439228,325.3597343354145,22
JPY,test,27,2023-03-15,2023-04-17,rolling63_daily,0,1.571343588922502,0.1364519641514647,-0.1147134968956038,0.1147134968956038,0,-0.1147134968956038,264.6840832282235,22
JPY,test,28,2023-04-17,2023-05-17,rolling63_daily,0,1.475267897213861,0.1281079839962305,0.4036564830558689,-0.4036564830558689,0,0.4036564830558689,301.6789557629709,22
JPY,test,29,2023-05-17,2023-06-15,rolling63_daily,0,1.489817880719556,0.1293716084960235,0.7733023660869947,-0.7733023660869947,0,0.7733023660869947,245.808031352778,22
JPY,test,30,2023-06-15,2023-07-14,rolling63_daily,0,1.169267585347264,0.1015336533239062,0.1238292331954085,-0.1238292331954085,0,0.1238292331954085,248.2412219034186,22
JPY,test,31,2023-07-14,2023-08-14,rolling63_daily,0,0.9536051309015647,0.08280555569737401,-0.5846958756184222,0.5846958756184222,0,-0.5846958756184222,354.9524697909021,22
JPY,test,32,2023-08-14,2023-09-12,rolling63_daily,0,1.016676486321721,0.08828259475116984,0.3821359613538835,-0.3821359613538835,0,0.3821359613538835,203.1249454494519,22
JPY,test,33,2023-09-12,2023-10-11,rolling63_daily,0,1.01495909810015,0.08813345815175545,0.5634435957938706,-0.5634435957938706,0,0.5634435957938706,280.7891464289618,22
JPY,test,34,2023-10-11,2023-11-09,rolling63_daily,0,0.9483383349699395,0.08234819599466098,0.251638952835961,-0.251638952835961,0,0.251638952835961,276.9783506365922,22
JPY,test,35,2023-11-09,2023-12-08,rolling63_daily,0,0.6835999072203762,0.0593591762745284,-0.2280889398588791,0.2280889398588791,0,-0.2280889398588791,231.2565670588186,22
JPY,test,36,2023-12-08,2024-01-11,rolling63_daily,0,0.8097688771836786,0.07031518016531751,-0.6763953824721369,0.6763953824721369,0,-0.6763953824721369,361.2869110219799,22
JPY,test,37,2024-01-11,2024-02-09,rolling63_daily,0,1.052312726046026,0.09137722622215673,0.5391105020513862,-0.5391105020513862,0,0.5391105020513862,261.582810262412,22
JPY,test,38,2024-02-09,2024-03-11,rolling63_daily,0,1.025367472452679,0.08903731356235974,0.4430948540750919,-0.4430948540750919,0,0.4430948540750919,206.9241080738192,22
JPY,test,39,2024-03-11,2024-04-11,rolling63_daily,0,0.9056397310384767,0.0786403340994685,0.1261823749543538,-0.1261823749543538,0,0.1261823749543538,223.2069076042168,22
JPY,test,40,2024-04-11,2024-05-13,rolling63_daily,0,0.6490177641802291,0.05635622968959699,-0.2817476344388012,0.2817476344388012,0,-0.2817476344388012,322.7748160965648,22
JPY,test,41,2024-05-13,2024-06-11,rolling63_daily,0,0.8029818149868646,0.06972581485965428,0.07753152326428392,-0.07753152326428392,0,0.07753152326428392,300.8017451733715,22
JPY,test,42,2024-06-11,2024-07-10,rolling63_daily,0,0.8489240918824379,0.07371529537583933,-0.05895790378677646,0.05895790378677646,0,-0.05895790378677646,249.7252744593667,22
JPY,test,43,2024-07-10,2024-08-08,rolling63_daily,0,0.8609372216411373,0.07475848115349226,-0.2668200897978279,0.2668200897978279,0,-0.2668200897978279,125.6040589615903,22
JPY,test,44,2024-08-08,2024-09-06,rolling63_daily,0,1.508566964116532,0.1309999191768706,0.7445244100552486,-0.7445244100552486,0,0.7445244100552486,233.5995978996599,22
JPY,test,45,2024-09-06,2024-10-07,rolling63_daily,0,1.54030582923707,0.1337563762309741,0.3638593902392699,-0.3638593902392699,0,0.3638593902392699,317.4470692907579,22
JPY,test,46,2024-10-07,2024-11-05,rolling63_daily,0,1.620545448717401,0.1407251223641679,0.8468127262539582,-0.8468127262539582,0,0.8468127262539582,226.89379031608,22
JPY,test,47,2024-11-05,2024-12-04,rolling63_daily,0,0.9294060023164974,0.08070414701058688,-0.2056652908891183,0.2056652908891183,0,-0.2056652908891183,170.3898612675054,22
JPY,test,48,2024-12-04,2025-01-07,rolling63_daily,0,1.01508169254641,0.08814410415262346,0.06715660209252405,-0.06715660209252405,0,0.06715660209252405,222.6296595064778,22
JPY,test,49,2025-01-07,2025-02-05,rolling63_daily,0,0.9424720670264719,0.08183877957280571,-0.3569858917487387,0.3569858917487387,0,-0.3569858917487387,212.2167492417601,22
JPY,test,50,2025-02-05,2025-03-06,rolling63_daily,0,1.187529740363331,0.1031195684876222,-0.3693465047467157,0.3693465047467157,0,-0.3693465047467157,360.2434209226268,22
JPY,test,51,2025-03-06,2025-04-04,rolling63_daily,0,1.278407589187097,0.1110116302733601,0.08985423781658142,-0.08985423781658142,0,0.08985423781658142,296.7401781378345,22
JPY,test,52,2025-04-04,2025-05-08,rolling63_daily,0,1.355093358952544,0.1176713277387123,0.3703170536788605,-0.3703170536788605,0,0.3703170536788605,295.0910608517081,22
JPY,test,53,2025-05-08,2025-06-06,rolling63_daily,0,1.232871062445824,0.1070571059823842,0.5426937518756887,-0.5426937518756887,0,0.5426937518756887,247.0233017255163,22
JPY,test,54,2025-06-06,2025-07-07,rolling63_daily,0,1.018746788169778,0.08846237813788675,0.1750318684124323,-0.1750318684124323,0,0.1750318684124323,233.8263333964429,22
JPY,test,55,2025-07-07,2025-08-05,rolling63_daily,0,0.8377248411535376,0.07274278602756495,0.2480396035905486,-0.2480396035905486,0,0.2480396035905486,281.0214490847918,22
JPY,test,56,2025-08-05,2025-09-03,rolling63_daily,0,0.7323079670109962,0.06358876841582067,0.1385482409375527,-0.1385482409375527,0,0.1385482409375527,277.2181035486038,22
JPY,test,57,2025-09-03,2025-10-02,rolling63_daily,0,0.6616263814599037,0.05745109997330345,0.02468485378055973,-0.02468485378055973,0,0.02468485378055973,254.737720495712,22
JPY,test,58,2025-10-02,2025-10-31,rolling63_daily,0,0.5924785772517183,0.05144666181366902,-0.2530042528241268,0.2530042528241268,0,-0.2530042528241268,221.3852594819593,22
JPY,test,59,2025-10-31,2025-12-01,rolling63_daily,0,0.6789433417536941,0.0589548219409132,-0.01105257593822273,0.01105257593822273,0,-0.01105257593822273,275.0112297988389,22
JPY,test,0,2021-01-04,2021-02-02,ewma_daily,0,0.7465292015332921,0.06482368182306604,0.1796124246411708,-0.1796124246411708,0,0.1796124246411708,307.6871971693929,22
JPY,test,1,2021-02-02,2021-03-03,ewma_daily,0,0.7057073118787116,0.06127888252535982,0.1640116128484266,-0.1640116128484266,0,0.1640116128484266,237.2923853079345,22
JPY,test,2,2021-03-03,2021-04-01,ewma_daily,0,0.6005053063423418,0.05214365944022282,0.01961717160406806,-0.01961717160406806,0,0.01961717160406806,338.9581862076442,22
JPY,test,3,2021-04-01,2021-05-04,ewma_daily,0,0.6092449215222189,0.05290256082926605,-0.08198944153386378,0.08198944153386378,0,-0.08198944153386378,338.920843878717,22
JPY,test,4,2021-05-04,2021-06-02,ewma_daily,0,0.6233150320990219,0.05412433523577036,0.07570527263324323,-0.07570527263324323,0,0.07570527263324323,235.7790958092442,22
JPY,test,5,2021-06-02,2021-07-01,ewma_daily,0,0.5784336290554108,0.05022707592422375,-0.04282221203539877,0.04282221203539877,0,-0.04282221203539877,161.54070364549,22
JPY,test,6,2021-07-01,2021-07-30,ewma_daily,0,0.6329029683066665,0.05495690215420801,-0.0339366005104597,0.0339366005104597,0,-0.0339366005104597,112.3776228066753,22
JPY,test,7,2021-07-30,2021-08-30,ewma_daily,0,0.6089561593564952,0.05287748625878013,0.07668419169146778,-0.07668419169146778,0,0.07668419169146778,155.2761828110491,22
JPY,test,8,2021-08-30,2021-09-28,ewma_daily,0,0.6403528802597762,0.05560381462321767,-0.2225292356263466,0.2225292356263466,0,-0.2225292356263466,323.2936480641055,22
JPY,test,9,2021-09-28,2021-10-27,ewma_daily,0,0.6480874919495108,0.05627544948258384,-0.1757313411357444,0.1757313411357444,0,-0.1757313411357444,273.2575364417931,22
JPY,test,10,2021-10-27,2021-11-25,ewma_daily,0,0.6945178289602012,0.060307238253719,0.07934035608384274,-0.07934035608384274,0,0.07934035608384274,141.9285051739411,22
JPY,test,11,2021-11-25,2021-12-24,ewma_daily,0,0.7305788609749015,0.06343862011097089,0.1067753572007462,-0.1067753572007462,0,0.1067753572007462,279.7270659187689,22
JPY,test,12,2021-12-24,2022-01-24,ewma_daily,0,0.7139504490338808,0.06199468017844713,0.1264460320443881,-0.1264460320443881,0,0.1264460320443881,235.1433108940174,22
JPY,test,13,2022-01-24,2022-02-22,ewma_daily,0,0.648927758824307,0.05634841407245395,-0.1325361348547744,0.1325361348547744,0,-0.1325361348547744,231.3842445077616,22
JPY,test,14,2022-02-22,2022-03-23,ewma_daily,0,0.736566818685283,0.06395858933289679,-0.6490972684039491,0.6490972684039491,0,-0.6490972684039491,334.0222530134538,22
JPY,test,15,2022-03-23,2022-04-25,ewma_daily,0,1.027508784540714,0.08922326368310161,-0.166865841883876,0.166865841883876,0,-0.166865841883876,240.0789597694727,22
JPY,test,16,2022-04-25,2022-05-24,ewma_daily,0,1.233395343606283,0.1071026358807371,-0.2072555317269087,0.2072555317269087,0,-0.2072555317269087,209.9978915978414,22
JPY,test,17,2022-05-24,2022-06-22,ewma_daily,0,1.385908725914021,0.1203474871331841,-0.2339282687322708,0.2339282687322708,0,-0.2339282687322708,274.9471961504103,22
JPY,test,18,2022-06-22,2022-07-21,ewma_daily,0,1.505859577215631,0.130764788997126,0.1783456410175654,-0.1783456410175654,0,0.1783456410175654,147.4287737871354,22
JPY,test,19,2022-07-21,2022-08-19,ewma_daily,0,1.496780728441472,0.1299763134485338,-0.06229645610765511,0.06229645610765511,0,-0.06229645610765511,145.5815065479987,22
JPY,test,20,2022-08-19,2022-09-19,ewma_daily,0,1.549215782709751,0.1345301916845139,0.2090015573993469,-0.2090015573993469,0,0.2090015573993469,252.9414424913881,22
JPY,test,21,2022-09-19,2022-10-18,ewma_daily,0,1.379847508935768,0.1198210995647396,-0.04175066355961121,0.04175066355961121,0,-0.04175066355961121,319.8858733741961,22
JPY,test,22,2022-10-18,2022-11-16,ewma_daily,0,1.462813159816058,0.127026329021862,0.4970530673030233,-0.4970530673030233,0,0.4970530673030233,212.6143671615363,22
JPY,test,23,2022-11-16,2022-12-15,ewma_daily,0,1.268655569426642,0.1101647335428536,0.04044659902305359,-0.04044659902305359,0,0.04044659902305359,263.4693337151616,22
JPY,test,24,2022-12-15,2023-01-16,ewma_daily,0,1.2985472135056,0.112760625224782,-0.4033370589788546,0.4033370589788546,0,-0.4033370589788546,145.4031974192277,22
JPY,test,25,2023-01-16,2023-02-14,ewma_daily,0,1.387068219857831,0.1204481836895248,0.1645378345669002,-0.1645378345669002,0,0.1645378345669002,282.2725812590569,22
JPY,test,26,2023-02-14,2023-03-15,ewma_daily,0,1.429004263086846,0.1240901476567741,-1.901257907202393,1.901257907202393,0,-1.901257907202393,332.7387275349636,22
JPY,test,27,2023-03-15,2023-04-17,ewma_daily,0,1.571343588922502,0.1364519641514647,-0.1424052177738133,0.1424052177738133,0,-0.1424052177738133,261.1333840050101,22
JPY,test,28,2023-04-17,2023-05-17,ewma_daily,0,1.475267897213861,0.1281079839962305,0.3887934533437232,-0.3887934533437232,0,0.3887934533437232,305.7118573028392,22
JPY,test,29,2023-05-17,2023-06-15,ewma_daily,0,1.489817880719556,0.1293716084960235,0.8135090620632894,-0.8135090620632894,0,0.8135090620632894,252.7951561327838,22
JPY,test,30,2023-06-15,2023-07-14,ewma_daily,0,1.169267585347264,0.1015336533239062,0.1285935513903951,-0.1285935513903951,0,0.1285935513903951,248.6036103434701,22
JPY,test,31,2023-07-14,2023-08-14,ewma_daily,0,0.9536051309015647,0.08280555569737401,-0.540311349148368,0.540311349148368,0,-0.540311349148368,342.2007401983711,22
JPY,test,32,2023-08-14,2023-09-12,ewma_daily,0,1.016676486321721,0.08828259475116984,0.4002050390442617,-0.4002050390442617,0,0.4002050390442617,196.9782795951593,22
JPY,test,33,2023-09-12,2023-10-11,ewma_daily,0,1.01495909810015,0.08813345815175545,0.5337064519447665,-0.5337064519447665,0,0.5337064519447665,298.1189597287538,22
JPY,test,34,2023-10-11,2023-11-09,ewma_daily,0,0.9483383349699395,0.08234819599466098,0.2094304413749484,-0.2094304413749484,0,0.2094304413749484,284.0308915997205,22
JPY,test,35,2023-11-09,2023-12-08,ewma_daily,0,0.6835999072203762,0.0593591762745284,-0.2202690872435851,0.2202690872435851,0,-0.2202690872435851,219.4547579202911,22
JPY,test,36,2023-12-08,2024-01-11,ewma_daily,0,0.8097688771836786,0.07031518016531751,-0.6036775392451972,0.6036775392451972,0,-0.6036775392451972,341.9420442012973,22
JPY,test,37,2024-01-11,2024-02-09,ewma_daily,0,1.052312726046026,0.09137722622215673,0.5336371149593191,-0.5336371149593191,0,0.5336371149593191,271.5566263167233,22
JPY,test,38,2024-02-09,2024-03-11,ewma_daily,0,1.025367472452679,0.08903731356235974,0.3923551717633913,-0.3923551717633913,0,0.3923551717633913,217.9330922084427,22
JPY,test,39,2024-03-11,2024-04-11,ewma_daily,0,0.9056397310384767,0.0786403340994685,0.138940507811796,-0.138940507811796,0,0.138940507811796,226.6085319180508,22
JPY,test,40,2024-04-11,2024-05-13,ewma_daily,0,0.6490177641802291,0.05635622968959699,-0.3185905335989787,0.3185905335989787,0,-0.3185905335989787,318.5543745436354,22
JPY,test,41,2024-05-13,2024-06-11,ewma_daily,0,0.8029818149868646,0.06972581485965428,0.07232713209806718,-0.07232713209806718,0,0.07232713209806718,298.0254524134896,22
JPY,test,42,2024-06-11,2024-07-10,ewma_daily,0,0.8489240918824379,0.07371529537583933,-0.05401981217113416,0.05401981217113416,0,-0.05401981217113416,248.7417434902746,22
JPY,test,43,2024-07-10,2024-08-08,ewma_daily,0,0.8609372216411373,0.07475848115349226,-0.2639196019181241,0.2639196019181241,0,-0.2639196019181241,126.3534439201412,22
JPY,test,44,2024-08-08,2024-09-06,ewma_daily,0,1.508566964116532,0.1309999191768706,0.744627056488028,-0.744627056488028,0,0.744627056488028,229.4087977880346,22
JPY,test,45,2024-09-06,2024-10-07,ewma_daily,0,1.54030582923707,0.1337563762309741,0.3562741414982042,-0.3562741414982042,0,0.3562741414982042,331.1327943431604,22
JPY,test,46,2024-10-07,2024-11-05,ewma_daily,0,1.620545448717401,0.1407251223641679,0.8968356979433594,-0.8968356979433594,0,0.8968356979433594,232.4451154716417,22
JPY,test,47,2024-11-05,2024-12-04,ewma_daily,0,0.9294060023164974,0.08070414701058688,-0.2499739201561531,0.2499739201561531,0,-0.2499739201561531,167.1595919677586,22
JPY,test,48,2024-12-04,2025-01-07,ewma_daily,0,1.01508169254641,0.08814410415262346,0.0260873982215486,-0.0260873982215486,0,0.0260873982215486,222.9473120846656,22
JPY,test,49,2025-01-07,2025-02-05,ewma_daily,0,0.9424720670264719,0.08183877957280571,-0.3480811860869283,0.3480811860869283,0,-0.3480811860869283,206.0370755905212,22
JPY,test,50,2025-02-05,2025-03-06,ewma_daily,0,1.187529740363331,0.1031195684876222,-0.3528744068118499,0.3528744068118499,0,-0.3528744068118499,355.8884644685652,22
JPY,test,51,2025-03-06,2025-04-04,ewma_daily,0,1.278407589187097,0.1110116302733601,0.08957016970774134,-0.08957016970774134,0,0.08957016970774134,294.2806546663351,22
JPY,test,52,2025-04-04,2025-05-08,ewma_daily,0,1.355093358952544,0.1176713277387123,0.3697855538151344,-0.3697855538151344,0,0.3697855538151344,298.8387492740681,22
JPY,test,53,2025-05-08,2025-06-06,ewma_daily,0,1.232871062445824,0.1070571059823842,0.5073822369527363,-0.5073822369527363,0,0.5073822369527363,261.752643560684,22
JPY,test,54,2025-06-06,2025-07-07,ewma_daily,0,1.018746788169778,0.08846237813788675,0.1473471447103663,-0.1473471447103663,0,0.1473471447103663,235.7050226479235,22
JPY,test,55,2025-07-07,2025-08-05,ewma_daily,0,0.8377248411535376,0.07274278602756495,0.2592906547132898,-0.2592906547132898,0,0.2592906547132898,275.0764987003023,22
JPY,test,56,2025-08-05,2025-09-03,ewma_daily,0,0.7323079670109962,0.06358876841582067,0.1359669972490423,-0.1359669972490423,0,0.1359669972490423,274.0292314458902,22
JPY,test,57,2025-09-03,2025-10-02,ewma_daily,0,0.6616263814599037,0.05745109997330345,0.03600971326095426,-0.03600971326095426,0,0.03600971326095426,250.6394603787488,22
JPY,test,58,2025-10-02,2025-10-31,ewma_daily,0,0.5924785772517183,0.05144666181366902,-0.2858261427118123,0.2858261427118123,0,-0.2858261427118123,222.2056103657362,22
JPY,test,59,2025-10-31,2025-12-01,ewma_daily,0,0.6789433417536941,0.0589548219409132,-0.01583148460110806,0.01583148460110806,0,-0.01583148460110806,271.7327288209192,22
JPY,test,0,2021-01-04,2021-02-02,ridge_daily,0,0.7465292015332921,0.06482368182306604,0.2209118925185436,-0.2209118925185436,0,0.2209118925185436,290.3198361497387,22
JPY,test,1,2021-02-02,2021-03-03,ridge_daily,0,0.7057073118787116,0.06127888252535982,0.1444283028155695,-0.1444283028155695,0,0.1444283028155695,234.9879411919512,22
JPY,test,2,2021-03-03,2021-04-01,ridge_daily,0,0.6005053063423418,0.05214365944022282,0.04019099338304954,-0.04019099338304954,0,0.04019099338304954,327.6986093476648,22
JPY,test,3,2021-04-01,2021-05-04,ridge_daily,0,0.6092449215222189,0.05290256082926605,-0.08129598533034255,0.08129598533034255,0,-0.08129598533034255,328.0975169535391,22
JPY,test,4,2021-05-04,2021-06-02,ridge_daily,0,0.6233150320990219,0.05412433523577036,0.04752919986762549,-0.04752919986762549,0,0.04752919986762549,237.9801175357245,22
JPY,test,5,2021-06-02,2021-07-01,ridge_daily,0,0.5784336290554108,0.05022707592422375,-0.06349466371975332,0.06349466371975332,0,-0.06349466371975332,161.7753246338935,22
JPY,test,6,2021-07-01,2021-07-30,ridge_daily,0,0.6329029683066665,0.05495690215420801,-0.09104321668411479,0.09104321668411479,0,-0.09104321668411479,111.5483420006193,22
JPY,test,7,2021-07-30,2021-08-30,ridge_daily,0,0.6089561593564952,0.05287748625878013,0.07800291114062929,-0.07800291114062929,0,0.07800291114062929,153.5043307065785,22
JPY,test,8,2021-08-30,2021-09-28,ridge_daily,0,0.6403528802597762,0.05560381462321767,-0.1342180157003625,0.1342180157003625,0,-0.1342180157003625,299.1909914382446,22
JPY,test,9,2021-09-28,2021-10-27,ridge_daily,0,0.6480874919495108,0.05627544948258384,-0.1630771891799299,0.1630771891799299,0,-0.1630771891799299,267.2237312906164,22
JPY,test,10,2021-10-27,2021-11-25,ridge_daily,0,0.6945178289602012,0.060307238253719,0.04815287943661917,-0.04815287943661917,0,0.04815287943661917,137.7170644941696,22
JPY,test,11,2021-11-25,2021-12-24,ridge_daily,0,0.7305788609749015,0.06343862011097089,0.1526155405809106,-0.1526155405809106,0,0.1526155405809106,264.5779550542652,22
JPY,test,12,2021-12-24,2022-01-24,ridge_daily,0,0.7139504490338808,0.06199468017844713,0.1384120257907036,-0.1384120257907036,0,0.1384120257907036,236.5115641446725,22
JPY,test,13,2022-01-24,2022-02-22,ridge_daily,0,0.648927758824307,0.05634841407245395,-0.1609951401204341,0.1609951401204341,0,-0.1609951401204341,238.4451365508694,22
JPY,test,14,2022-02-22,2022-03-23,ridge_daily,0,0.736566818685283,0.06395858933289679,-0.6389348332983076,0.6389348332983076,0,-0.6389348332983076,324.9514523475949,22
JPY,test,15,2022-03-23,2022-04-25,ridge_daily,0,1.027508784540714,0.08922326368310161,-0.1609878395419315,0.1609878395419315,0,-0.1609878395419315,246.4071083670819,22
JPY,test,16,2022-04-25,2022-05-24,ridge_daily,0,1.233395343606283,0.1071026358807371,-0.146608150703595,0.146608150703595,0,-0.146608150703595,197.9386573586124,22
JPY,test,17,2022-05-24,2022-06-22,ridge_daily,0,1.385908725914021,0.1203474871331841,-0.2300194953569701,0.2300194953569701,0,-0.2300194953569701,278.2251080981358,22
JPY,test,18,2022-06-22,2022-07-21,ridge_daily,0,1.505859577215631,0.130764788997126,0.1041287403971192,-0.1041287403971192,0,0.1041287403971192,139.4333444512127,22
JPY,test,19,2022-07-21,2022-08-19,ridge_daily,0,1.496780728441472,0.1299763134485338,-0.08203257951548872,0.08203257951548872,0,-0.08203257951548872,136.6523292694336,22
JPY,test,20,2022-08-19,2022-09-19,ridge_daily,0,1.549215782709751,0.1345301916845139,0.2754923372177984,-0.2754923372177984,0,0.2754923372177984,255.0560115296011,22
JPY,test,21,2022-09-19,2022-10-18,ridge_daily,0,1.379847508935768,0.1198210995647396,0.03496059578208133,-0.03496059578208133,0,0.03496059578208133,311.8197441639619,22
JPY,test,22,2022-10-18,2022-11-16,ridge_daily,0,1.462813159816058,0.127026329021862,0.5143811204638018,-0.5143811204638018,0,0.5143811204638018,216.1403947678777,22
JPY,test,23,2022-11-16,2022-12-15,ridge_daily,0,1.268655569426642,0.1101647335428536,0.08602128483086791,-0.08602128483086791,0,0.08602128483086791,253.5087471181894,22
JPY,test,24,2022-12-15,2023-01-16,ridge_daily,0,1.2985472135056,0.112760625224782,-0.2785250069807623,0.2785250069807623,0,-0.2785250069807623,135.2656790822371,22
JPY,test,25,2023-01-16,2023-02-14,ridge_daily,0,1.387068219857831,0.1204481836895248,0.1805766910287758,-0.1805766910287758,0,0.1805766910287758,287.7015760530598,22
JPY,test,26,2023-02-14,2023-03-15,ridge_daily,0,1.429004263086846,0.1240901476567741,-1.878031638924099,1.878031638924099,0,-1.878031638924099,336.1619717639422,22
JPY,test,27,2023-03-15,2023-04-17,ridge_daily,0,1.571343588922502,0.1364519641514647,-0.257311523192314,0.257311523192314,0,-0.257311523192314,274.2824780991526,22
JPY,test,28,2023-04-17,2023-05-17,ridge_daily,0,1.475267897213861,0.1281079839962305,0.3630886662093218,-0.3630886662093218,0,0.3630886662093218,317.4906611604954,22
JPY,test,29,2023-05-17,2023-06-15,ridge_daily,0,1.489817880719556,0.1293716084960235,0.8289586697394782,-0.8289586697394782,0,0.8289586697394782,254.4779285034218,22
JPY,test,30,2023-06-15,2023-07-14,ridge_daily,0,1.169267585347264,0.1015336533239062,0.1639025913794399,-0.1639025913794399,0,0.1639025913794399,259.0038744867011,22
JPY,test,31,2023-07-14,2023-08-14,ridge_daily,0,0.9536051309015647,0.08280555569737401,-0.4244498333811464,0.4244498333811464,0,-0.4244498333811464,331.8836859391083,22
JPY,test,32,2023-08-14,2023-09-12,ridge_daily,0,1.016676486321721,0.08828259475116984,0.4169229938905805,-0.4169229938905805,0,0.4169229938905805,193.8265157806303,22
JPY,test,33,2023-09-12,2023-10-11,ridge_daily,0,1.01495909810015,0.08813345815175545,0.5406309020086582,-0.5406309020086582,0,0.5406309020086582,295.9637880974177,22
JPY,test,34,2023-10-11,2023-11-09,ridge_daily,0,0.9483383349699395,0.08234819599466098,0.1993801608601586,-0.1993801608601586,0,0.1993801608601586,285.5612674794843,22
JPY,test,35,2023-11-09,2023-12-08,ridge_daily,0,0.6835999072203762,0.0593591762745284,-0.2670664329607782,0.2670664329607782,0,-0.2670664329607782,218.567327314029,22
JPY,test,36,2023-12-08,2024-01-11,ridge_daily,0,0.8097688771836786,0.07031518016531751,-0.5634374714861963,0.5634374714861963,0,-0.5634374714861963,332.1879658194239,22
JPY,test,37,2024-01-11,2024-02-09,ridge_daily,0,1.052312726046026,0.09137722622215673,0.5389075530216587,-0.5389075530216587,0,0.5389075530216587,278.892919199096,22
JPY,test,38,2024-02-09,2024-03-11,ridge_daily,0,1.025367472452679,0.08903731356235974,0.3938757779825011,-0.3938757779825011,0,0.3938757779825011,227.1560804039331,22
JPY,test,39,2024-03-11,2024-04-11,ridge_daily,0,0.9056397310384767,0.0786403340994685,0.1198143890813412,-0.1198143890813412,0,0.1198143890813412,227.3206131544166,22
JPY,test,40,2024-04-11,2024-05-13,ridge_daily,0,0.6490177641802291,0.05635622968959699,-0.3475235523349056,0.3475235523349056,0,-0.3475235523349056,318.3525847429029,22
JPY,test,41,2024-05-13,2024-06-11,ridge_daily,0,0.8029818149868646,0.06972581485965428,0.08780049051699734,-0.08780049051699734,0,0.08780049051699734,294.7063963895222,22
JPY,test,42,2024-06-11,2024-07-10,ridge_daily,0,0.8489240918824379,0.07371529537583933,-0.06383552811385584,0.06383552811385584,0,-0.06383552811385584,248.1431816463001,22
JPY,test,43,2024-07-10,2024-08-08,ridge_daily,0,0.8609372216411373,0.07475848115349226,-0.3578771944302674,0.3578771944302674,0,-0.3578771944302674,121.5274775823478,22
JPY,test,44,2024-08-08,2024-09-06,ridge_daily,0,1.508566964116532,0.1309999191768706,0.6945373212593928,-0.6945373212593928,0,0.6945373212593928,239.5646807807479,22
JPY,test,45,2024-09-06,2024-10-07,ridge_daily,0,1.54030582923707,0.1337563762309741,0.3113689370534161,-0.3113689370534161,0,0.3113689370534161,342.6647709710775,22
JPY,test,46,2024-10-07,2024-11-05,ridge_daily,0,1.620545448717401,0.1407251223641679,0.9153997380687002,-0.9153997380687002,0,0.9153997380687002,234.8999478258997,22
JPY,test,47,2024-11-05,2024-12-04,ridge_daily,0,0.9294060023164974,0.08070414701058688,-0.2745376751190152,0.2745376751190152,0,-0.2745376751190152,165.1430739075617,22
JPY,test,48,2024-12-04,2025-01-07,ridge_daily,0,1.01508169254641,0.08814410415262346,-0.01589223193941791,0.01589223193941791,0,-0.01589223193941791,226.4893059695353,22
JPY,test,49,2025-01-07,2025-02-05,ridge_daily,0,0.9424720670264719,0.08183877957280571,-0.3435988532282939,0.3435988532282939,0,-0.3435988532282939,189.5732195945705,22
JPY,test,50,2025-02-05,2025-03-06,ridge_daily,0,1.187529740363331,0.1031195684876222,-0.3226476426627727,0.3226476426627727,0,-0.3226476426627727,349.4543094262431,22
JPY,test,51,2025-03-06,2025-04-04,ridge_daily,0,1.278407589187097,0.1110116302733601,0.07067204169928232,-0.07067204169928232,0,0.07067204169928232,303.9405511727771,22
JPY,test,52,2025-04-04,2025-05-08,ridge_daily,0,1.355093358952544,0.1176713277387123,0.3694394624999262,-0.3694394624999262,0,0.3694394624999262,304.2250110973625,22
JPY,test,53,2025-05-08,2025-06-06,ridge_daily,0,1.232871062445824,0.1070571059823842,0.5244563306628933,-0.5244563306628933,0,0.5244563306628933,259.0454240462154,22
JPY,test,54,2025-06-06,2025-07-07,ridge_daily,0,1.018746788169778,0.08846237813788675,0.1485436117868772,-0.1485436117868772,0,0.1485436117868772,240.3065360851126,22
JPY,test,55,2025-07-07,2025-08-05,ridge_daily,0,0.8377248411535376,0.07274278602756495,0.2853745847204152,-0.2853745847204152,0,0.2853745847204152,271.126464482469,22
JPY,test,56,2025-08-05,2025-09-03,ridge_daily,0,0.7323079670109962,0.06358876841582067,0.125581973586506,-0.125581973586506,0,0.125581973586506,276.6116043805052,22
JPY,test,57,2025-09-03,2025-10-02,ridge_daily,0,0.6616263814599037,0.05745109997330345,0.0411675989009499,-0.0411675989009499,0,0.0411675989009499,251.7123520551955,22
JPY,test,58,2025-10-02,2025-10-31,ridge_daily,0,0.5924785772517183,0.05144666181366902,-0.3296811022627537,0.3296811022627537,0,-0.3296811022627537,229.7433291661272,22
JPY,test,59,2025-10-31,2025-12-01,ridge_daily,0,0.6789433417536941,0.0589548219409132,-0.01179606287857382,0.01179606287857382,0,-0.01179606287857382,271.1143998982588,22
JPY,test,0,2021-01-04,2021-02-02,selected_daily,0,0.7465292015332921,0.06482368182306604,0.1796124246411708,-0.1796124246411708,0,0.1796124246411708,307.6871971693929,22
JPY,test,1,2021-02-02,2021-03-03,selected_daily,0,0.7057073118787116,0.06127888252535982,0.1640116128484266,-0.1640116128484266,0,0.1640116128484266,237.2923853079345,22
JPY,test,2,2021-03-03,2021-04-01,selected_daily,0,0.6005053063423418,0.05214365944022282,0.01961717160406806,-0.01961717160406806,0,0.01961717160406806,338.9581862076442,22
JPY,test,3,2021-04-01,2021-05-04,selected_daily,0,0.6092449215222189,0.05290256082926605,-0.08198944153386378,0.08198944153386378,0,-0.08198944153386378,338.920843878717,22
JPY,test,4,2021-05-04,2021-06-02,selected_daily,0,0.6233150320990219,0.05412433523577036,0.07570527263324323,-0.07570527263324323,0,0.07570527263324323,235.7790958092442,22
JPY,test,5,2021-06-02,2021-07-01,selected_daily,0,0.5784336290554108,0.05022707592422375,-0.04282221203539877,0.04282221203539877,0,-0.04282221203539877,161.54070364549,22
JPY,test,6,2021-07-01,2021-07-30,selected_daily,0,0.6329029683066665,0.05495690215420801,-0.0339366005104597,0.0339366005104597,0,-0.0339366005104597,112.3776228066753,22
JPY,test,7,2021-07-30,2021-08-30,selected_daily,0,0.6089561593564952,0.05287748625878013,0.07668419169146778,-0.07668419169146778,0,0.07668419169146778,155.2761828110491,22
JPY,test,8,2021-08-30,2021-09-28,selected_daily,0,0.6403528802597762,0.05560381462321767,-0.2225292356263466,0.2225292356263466,0,-0.2225292356263466,323.2936480641055,22
JPY,test,9,2021-09-28,2021-10-27,selected_daily,0,0.6480874919495108,0.05627544948258384,-0.1757313411357444,0.1757313411357444,0,-0.1757313411357444,273.2575364417931,22
JPY,test,10,2021-10-27,2021-11-25,selected_daily,0,0.6945178289602012,0.060307238253719,0.07934035608384274,-0.07934035608384274,0,0.07934035608384274,141.9285051739411,22
JPY,test,11,2021-11-25,2021-12-24,selected_daily,0,0.7305788609749015,0.06343862011097089,0.1067753572007462,-0.1067753572007462,0,0.1067753572007462,279.7270659187689,22
JPY,test,12,2021-12-24,2022-01-24,selected_daily,0,0.7139504490338808,0.06199468017844713,0.1264460320443881,-0.1264460320443881,0,0.1264460320443881,235.1433108940174,22
JPY,test,13,2022-01-24,2022-02-22,selected_daily,0,0.648927758824307,0.05634841407245395,-0.1325361348547744,0.1325361348547744,0,-0.1325361348547744,231.3842445077616,22
JPY,test,14,2022-02-22,2022-03-23,selected_daily,0,0.736566818685283,0.06395858933289679,-0.6490972684039491,0.6490972684039491,0,-0.6490972684039491,334.0222530134538,22
JPY,test,15,2022-03-23,2022-04-25,selected_daily,0,1.027508784540714,0.08922326368310161,-0.166865841883876,0.166865841883876,0,-0.166865841883876,240.0789597694727,22
JPY,test,16,2022-04-25,2022-05-24,selected_daily,0,1.233395343606283,0.1071026358807371,-0.2072555317269087,0.2072555317269087,0,-0.2072555317269087,209.9978915978414,22
JPY,test,17,2022-05-24,2022-06-22,selected_daily,0,1.385908725914021,0.1203474871331841,-0.2339282687322708,0.2339282687322708,0,-0.2339282687322708,274.9471961504103,22
JPY,test,18,2022-06-22,2022-07-21,selected_daily,0,1.505859577215631,0.130764788997126,0.1783456410175654,-0.1783456410175654,0,0.1783456410175654,147.4287737871354,22
JPY,test,19,2022-07-21,2022-08-19,selected_daily,0,1.496780728441472,0.1299763134485338,-0.06229645610765511,0.06229645610765511,0,-0.06229645610765511,145.5815065479987,22
JPY,test,20,2022-08-19,2022-09-19,selected_daily,0,1.549215782709751,0.1345301916845139,0.2090015573993469,-0.2090015573993469,0,0.2090015573993469,252.9414424913881,22
JPY,test,21,2022-09-19,2022-10-18,selected_daily,0,1.379847508935768,0.1198210995647396,-0.04175066355961121,0.04175066355961121,0,-0.04175066355961121,319.8858733741961,22
JPY,test,22,2022-10-18,2022-11-16,selected_daily,0,1.462813159816058,0.127026329021862,0.4970530673030233,-0.4970530673030233,0,0.4970530673030233,212.6143671615363,22
JPY,test,23,2022-11-16,2022-12-15,selected_daily,0,1.268655569426642,0.1101647335428536,0.04044659902305359,-0.04044659902305359,0,0.04044659902305359,263.4693337151616,22
JPY,test,24,2022-12-15,2023-01-16,selected_daily,0,1.2985472135056,0.112760625224782,-0.4033370589788546,0.4033370589788546,0,-0.4033370589788546,145.4031974192277,22
JPY,test,25,2023-01-16,2023-02-14,selected_daily,0,1.387068219857831,0.1204481836895248,0.1645378345669002,-0.1645378345669002,0,0.1645378345669002,282.2725812590569,22
JPY,test,26,2023-02-14,2023-03-15,selected_daily,0,1.429004263086846,0.1240901476567741,-1.901257907202393,1.901257907202393,0,-1.901257907202393,332.7387275349636,22
JPY,test,27,2023-03-15,2023-04-17,selected_daily,0,1.571343588922502,0.1364519641514647,-0.1424052177738133,0.1424052177738133,0,-0.1424052177738133,261.1333840050101,22
JPY,test,28,2023-04-17,2023-05-17,selected_daily,0,1.475267897213861,0.1281079839962305,0.3887934533437232,-0.3887934533437232,0,0.3887934533437232,305.7118573028392,22
JPY,test,29,2023-05-17,2023-06-15,selected_daily,0,1.489817880719556,0.1293716084960235,0.8135090620632894,-0.8135090620632894,0,0.8135090620632894,252.7951561327838,22
JPY,test,30,2023-06-15,2023-07-14,selected_daily,0,1.169267585347264,0.1015336533239062,0.1285935513903951,-0.1285935513903951,0,0.1285935513903951,248.6036103434701,22
JPY,test,31,2023-07-14,2023-08-14,selected_daily,0,0.9536051309015647,0.08280555569737401,-0.540311349148368,0.540311349148368,0,-0.540311349148368,342.2007401983711,22
JPY,test,32,2023-08-14,2023-09-12,selected_daily,0,1.016676486321721,0.08828259475116984,0.4002050390442617,-0.4002050390442617,0,0.4002050390442617,196.9782795951593,22
JPY,test,33,2023-09-12,2023-10-11,selected_daily,0,1.01495909810015,0.08813345815175545,0.5337064519447665,-0.5337064519447665,0,0.5337064519447665,298.1189597287538,22
JPY,test,34,2023-10-11,2023-11-09,selected_daily,0,0.9483383349699395,0.08234819599466098,0.2094304413749484,-0.2094304413749484,0,0.2094304413749484,284.0308915997205,22
JPY,test,35,2023-11-09,2023-12-08,selected_daily,0,0.6835999072203762,0.0593591762745284,-0.2202690872435851,0.2202690872435851,0,-0.2202690872435851,219.4547579202911,22
JPY,test,36,2023-12-08,2024-01-11,selected_daily,0,0.8097688771836786,0.07031518016531751,-0.6036775392451972,0.6036775392451972,0,-0.6036775392451972,341.9420442012973,22
JPY,test,37,2024-01-11,2024-02-09,selected_daily,0,1.052312726046026,0.09137722622215673,0.5336371149593191,-0.5336371149593191,0,0.5336371149593191,271.5566263167233,22
JPY,test,38,2024-02-09,2024-03-11,selected_daily,0,1.025367472452679,0.08903731356235974,0.3923551717633913,-0.3923551717633913,0,0.3923551717633913,217.9330922084427,22
JPY,test,39,2024-03-11,2024-04-11,selected_daily,0,0.9056397310384767,0.0786403340994685,0.138940507811796,-0.138940507811796,0,0.138940507811796,226.6085319180508,22
JPY,test,40,2024-04-11,2024-05-13,selected_daily,0,0.6490177641802291,0.05635622968959699,-0.3185905335989787,0.3185905335989787,0,-0.3185905335989787,318.5543745436354,22
JPY,test,41,2024-05-13,2024-06-11,selected_daily,0,0.8029818149868646,0.06972581485965428,0.07232713209806718,-0.07232713209806718,0,0.07232713209806718,298.0254524134896,22
JPY,test,42,2024-06-11,2024-07-10,selected_daily,0,0.8489240918824379,0.07371529537583933,-0.05401981217113416,0.05401981217113416,0,-0.05401981217113416,248.7417434902746,22
JPY,test,43,2024-07-10,2024-08-08,selected_daily,0,0.8609372216411373,0.07475848115349226,-0.2639196019181241,0.2639196019181241,0,-0.2639196019181241,126.3534439201412,22
JPY,test,44,2024-08-08,2024-09-06,selected_daily,0,1.508566964116532,0.1309999191768706,0.744627056488028,-0.744627056488028,0,0.744627056488028,229.4087977880346,22
JPY,test,45,2024-09-06,2024-10-07,selected_daily,0,1.54030582923707,0.1337563762309741,0.3562741414982042,-0.3562741414982042,0,0.3562741414982042,331.1327943431604,22
JPY,test,46,2024-10-07,2024-11-05,selected_daily,0,1.620545448717401,0.1407251223641679,0.8968356979433594,-0.8968356979433594,0,0.8968356979433594,232.4451154716417,22
JPY,test,47,2024-11-05,2024-12-04,selected_daily,0,0.9294060023164974,0.08070414701058688,-0.2499739201561531,0.2499739201561531,0,-0.2499739201561531,167.1595919677586,22
JPY,test,48,2024-12-04,2025-01-07,selected_daily,0,1.01508169254641,0.08814410415262346,0.0260873982215486,-0.0260873982215486,0,0.0260873982215486,222.9473120846656,22
JPY,test,49,2025-01-07,2025-02-05,selected_daily,0,0.9424720670264719,0.08183877957280571,-0.3480811860869283,0.3480811860869283,0,-0.3480811860869283,206.0370755905212,22
JPY,test,50,2025-02-05,2025-03-06,selected_daily,0,1.187529740363331,0.1031195684876222,-0.3528744068118499,0.3528744068118499,0,-0.3528744068118499,355.8884644685652,22
JPY,test,51,2025-03-06,2025-04-04,selected_daily,0,1.278407589187097,0.1110116302733601,0.08957016970774134,-0.08957016970774134,0,0.08957016970774134,294.2806546663351,22
JPY,test,52,2025-04-04,2025-05-08,selected_daily,0,1.355093358952544,0.1176713277387123,0.3697855538151344,-0.3697855538151344,0,0.3697855538151344,298.8387492740681,22
JPY,test,53,2025-05-08,2025-06-06,selected_daily,0,1.232871062445824,0.1070571059823842,0.5073822369527363,-0.5073822369527363,0,0.5073822369527363,261.752643560684,22
JPY,test,54,2025-06-06,2025-07-07,selected_daily,0,1.018746788169778,0.08846237813788675,0.1473471447103663,-0.1473471447103663,0,0.1473471447103663,235.7050226479235,22
JPY,test,55,2025-07-07,2025-08-05,selected_daily,0,0.8377248411535376,0.07274278602756495,0.2592906547132898,-0.2592906547132898,0,0.2592906547132898,275.0764987003023,22
JPY,test,56,2025-08-05,2025-09-03,selected_daily,0,0.7323079670109962,0.06358876841582067,0.1359669972490423,-0.1359669972490423,0,0.1359669972490423,274.0292314458902,22
JPY,test,57,2025-09-03,2025-10-02,selected_daily,0,0.6616263814599037,0.05745109997330345,0.03600971326095426,-0.03600971326095426,0,0.03600971326095426,250.6394603787488,22
JPY,test,58,2025-10-02,2025-10-31,selected_daily,0,0.5924785772517183,0.05144666181366902,-0.2858261427118123,0.2858261427118123,0,-0.2858261427118123,222.2056103657362,22
JPY,test,59,2025-10-31,2025-12-01,selected_daily,0,0.6789433417536941,0.0589548219409132,-0.01583148460110806,0.01583148460110806,0,-0.01583148460110806,271.7327288209192,22
JPY,test,0,2021-01-04,2021-02-02,selected_every5,0,0.7465292015332921,0.06482368182306604,0.291835317115634,-0.291835317115634,0,0.291835317115634,194.2649988976031,6
JPY,test,1,2021-02-02,2021-03-03,selected_every5,0,0.7057073118787116,0.06127888252535982,0.05507839979435403,-0.05507839979435403,0,0.05507839979435403,202.5083464910961,6
JPY,test,2,2021-03-03,2021-04-01,selected_every5,0,0.6005053063423418,0.05214365944022282,-0.1760084230789545,0.1760084230789545,0,-0.1760084230789545,273.7616644346729,6
JPY,test,3,2021-04-01,2021-05-04,selected_every5,0,0.6092449215222189,0.05290256082926605,0.08168310648568422,-0.08168310648568422,0,0.08168310648568422,205.6795015244429,6
JPY,test,4,2021-05-04,2021-06-02,selected_every5,0,0.6233150320990219,0.05412433523577036,0.02355790418599213,-0.02355790418599213,0,0.02355790418599213,202.4739000482774,6
JPY,test,5,2021-06-02,2021-07-01,selected_every5,0,0.5784336290554108,0.05022707592422375,0.09729303720518286,-0.09729303720518286,0,0.09729303720518286,100.0893282350092,6
JPY,test,6,2021-07-01,2021-07-30,selected_every5,0,0.6329029683066665,0.05495690215420801,-0.3173086022571556,0.3173086022571556,0,-0.3173086022571556,99.70743384255736,6
JPY,test,7,2021-07-30,2021-08-30,selected_every5,0,0.6089561593564952,0.05287748625878013,-0.04098805971804165,0.04098805971804165,0,-0.04098805971804165,105.1513254632986,6
JPY,test,8,2021-08-30,2021-09-28,selected_every5,0,0.6403528802597762,0.05560381462321767,-0.07314999149879498,0.07314999149879498,0,-0.07314999149879498,222.1874434662525,6
JPY,test,9,2021-09-28,2021-10-27,selected_every5,0,0.6480874919495108,0.05627544948258384,-0.5347859297722266,0.5347859297722266,0,-0.5347859297722266,249.0516101704947,6
JPY,test,10,2021-10-27,2021-11-25,selected_every5,0,0.6945178289602012,0.060307238253719,0.05804015028958035,-0.05804015028958035,0,0.05804015028958035,100.0841854834465,6
JPY,test,11,2021-11-25,2021-12-24,selected_every5,0,0.7305788609749015,0.06343862011097089,0.4083911379908471,-0.4083911379908471,0,0.4083911379908471,152.8479907979224,6
JPY,test,12,2021-12-24,2022-01-24,selected_every5,0,0.7139504490338808,0.06199468017844713,0.1972624885302316,-0.1972624885302316,0,0.1972624885302316,165.9865990141215,6
JPY,test,13,2022-01-24,2022-02-22,selected_every5,0,0.648927758824307,0.05634841407245395,-0.3514387777007357,0.3514387777007357,0,-0.3514387777007357,208.5758211890259,6
JPY,test,14,2022-02-22,2022-03-23,selected_every5,0,0.736566818685283,0.06395858933289679,-1.444527195197139,1.444527195197139,0,-1.444527195197139,294.8063231805768,6
JPY,test,15,2022-03-23,2022-04-25,selected_every5,0,1.027508784540714,0.08922326368310161,-0.1905775718631588,0.1905775718631588,0,-0.1905775718631588,205.0477131935712,6
JPY,test,16,2022-04-25,2022-05-24,selected_every5,0,1.233395343606283,0.1071026358807371,0.1154970560005912,-0.1154970560005912,0,0.1154970560005912,133.510133915072,6
JPY,test,17,2022-05-24,2022-06-22,selected_every5,0,1.385908725914021,0.1203474871331841,-0.2893062015653385,0.2893062015653385,0,-0.2893062015653385,206.5253868302345,6
JPY,test,18,2022-06-22,2022-07-21,selected_every5,0,1.505859577215631,0.130764788997126,-0.4431611540593314,0.4431611540593314,0,-0.4431611540593314,106.5108169099742,6
JPY,test,19,2022-07-21,2022-08-19,selected_every5,0,1.496780728441472,0.1299763134485338,-0.1359799907903633,0.1359799907903633,0,-0.1359799907903633,99.79621969213963,6
JPY,test,20,2022-08-19,2022-09-19,selected_every5,0,1.549215782709751,0.1345301916845139,-0.01559277380064827,0.01559277380064827,0,-0.01559277380064827,218.0383597765932,6
JPY,test,21,2022-09-19,2022-10-18,selected_every5,0,1.379847508935768,0.1198210995647396,-0.5550268800299136,0.5550268800299136,0,-0.5550268800299136,272.2847761960707,6
JPY,test,22,2022-10-18,2022-11-16,selected_every5,0,1.462813159816058,0.127026329021862,0.9110684287553683,-0.9110684287553683,0,0.9110684287553683,104.1216408071991,6
JPY,test,23,2022-11-16,2022-12-15,selected_every5,0,1.268655569426642,0.1101647335428536,0.7705385648529708,-0.7705385648529708,0,0.7705385648529708,110.3841095623255,6
JPY,test,24,2022-12-15,2023-01-16,selected_every5,0,1.2985472135056,0.112760625224782,-0.3984302648934381,0.3984302648934381,0,-0.3984302648934381,99.60734280044115,6
JPY,test,25,2023-01-16,2023-02-14,selected_every5,0,1.387068219857831,0.1204481836895248,0.3468674004664081,-0.3468674004664081,0,0.3468674004664081,202.4048589399356,6
JPY,test,26,2023-02-14,2023-03-15,selected_every5,0,1.429004263086846,0.1240901476567741,-1.163263210285564,1.163263210285564,0,-1.163263210285564,192.6840130614565,6
JPY,test,27,2023-03-15,2023-04-17,selected_every5,0,1.571343588922502,0.1364519641514647,0.02679304893061385,-0.02679304893061385,0,0.02679304893061385,206.8918363975047,6
JPY,test,28,2023-04-17,2023-05-17,selected_every5,0,1.475267897213861,0.1281079839962305,0.6727674684685354,-0.6727674684685354,0,0.6727674684685354,197.4167076663077,6
JPY,test,29,2023-05-17,2023-06-15,selected_every5,0,1.489817880719556,0.1293716084960235,0.7479079039651992,-0.7479079039651992,0,0.7479079039651992,203.6643961841656,6
JPY,test,30,2023-06-15,2023-07-14,selected_every5,0,1.169267585347264,0.1015336533239062,-0.00176872117685889,0.00176872117685889,0,-0.00176872117685889,200.5864276315124,6
JPY,test,31,2023-07-14,2023-08-14,selected_every5,0,0.9536051309015647,0.08280555569737401,-1.052821187727119,1.052821187727119,0,-1.052821187727119,298.4159796114782,6
JPY,test,32,2023-08-14,2023-09-12,selected_every5,0,1.016676486321721,0.08828259475116984,0.5833880473846831,-0.5833880473846831,0,0.5833880473846831,110.1812092042132,6
JPY,test,33,2023-09-12,2023-10-11,selected_every5,0,1.01495909810015,0.08813345815175545,0.7914963038414271,-0.7914963038414271,0,0.7914963038414271,168.5345157345226,6
JPY,test,34,2023-10-11,2023-11-09,selected_every5,0,0.9483383349699395,0.08234819599466098,0.3547063821628171,-0.3547063821628171,0,0.3547063821628171,202.9367963959486,6
JPY,test,35,2023-11-09,2023-12-08,selected_every5,0,0.6835999072203762,0.0593591762745284,-1.174281596032831,1.174281596032831,0,-1.174281596032831,163.6684151880218,6
JPY,test,36,2023-12-08,2024-01-11,selected_every5,0,0.8097688771836786,0.07031518016531751,-0.193388699050459,0.193388699050459,0,-0.193388699050459,218.4323760722041,6
JPY,test,37,2024-01-11,2024-02-09,selected_every5,0,1.052312726046026,0.09137722622215673,0.4292747465525366,-0.4292747465525366,0,0.4292747465525366,230.5131884541917,6
JPY,test,38,2024-02-09,2024-03-11,selected_every5,0,1.025367472452679,0.08903731356235974,0.5024724621542447,-0.5024724621542447,0,0.5024724621542447,172.215415193848,6
JPY,test,39,2024-03-11,2024-04-11,selected_every5,0,0.9056397310384767,0.0786403340994685,0.07438990527730027,-0.07438990527730027,0,0.07438990527730027,203.1687178755366,6
JPY,test,40,2024-04-11,2024-05-13,selected_every5,0,0.6490177641802291,0.05635622968959699,-0.6729525949835846,0.6729525949835846,0,-0.6729525949835846,261.187075660776,6
JPY,test,41,2024-05-13,2024-06-11,selected_every5,0,0.8029818149868646,0.06972581485965428,0.4944721942842705,-0.4944721942842705,0,0.4944721942842705,169.3112917447126,6
JPY,test,42,2024-06-11,2024-07-10,selected_every5,0,0.8489240918824379,0.07371529537583933,-0.03459112928096886,0.03459112928096886,0,-0.03459112928096886,204.6410837834297,6
JPY,test,43,2024-07-10,2024-08-08,selected_every5,0,0.8609372216411373,0.07475848115349226,-0.5402589832024941,0.5402589832024941,0,-0.5402589832024941,99.40257499386762,6
JPY,test,44,2024-08-08,2024-09-06,selected_every5,0,1.508566964116532,0.1309999191768706,0.9536194380507297,-0.9536194380507297,0,0.9536194380507297,147.1681197328553,6
JPY,test,45,2024-09-06,2024-10-07,selected_every5,0,1.54030582923707,0.1337563762309741,-0.0555001962131314,0.0555001962131314,0,-0.0555001962131314,266.1618523127653,6
JPY,test,46,2024-10-07,2024-11-05,selected_every5,0,1.620545448717401,0.1407251223641679,0.8189641342511607,-0.8189641342511607,0,0.8189641342511607,212.5869335107469,6
JPY,test,47,2024-11-05,2024-12-04,selected_every5,0,0.9294060023164974,0.08070414701058688,-0.1098160394136225,0.1098160394136225,0,-0.1098160394136225,100.0129155524,5
JPY,test,48,2024-12-04,2025-01-07,selected_every5,0,1.01508169254641,0.08814410415262346,-0.08985862325856431,0.08985862325856431,0,-0.08985862325856431,204.4278849724039,6
JPY,test,49,2025-01-07,2025-02-05,selected_every5,0,0.9424720670264719,0.08183877957280571,0.09027109835792216,-0.09027109835792216,0,0.09027109835792216,100.2148895457662,6
JPY,test,50,2025-02-05,2025-03-06,selected_every5,0,1.187529740363331,0.1031195684876222,0.4113950771719033,-0.4113950771719033,0,0.4113950771719033,221.5244451583044,6
JPY,test,51,2025-03-06,2025-04-04,selected_every5,0,1.278407589187097,0.1110116302733601,0.4615445996775946,-0.4615445996775946,0,0.4615445996775946,200.7229092779487,6
JPY,test,52,2025-04-04,2025-05-08,selected_every5,0,1.355093358952544,0.1176713277387123,0.687245023922415,-0.687245023922415,0,0.687245023922415,215.6130507931349,6
JPY,test,53,2025-05-08,2025-06-06,selected_every5,0,1.232871062445824,0.1070571059823842,0.8154513778009473,-0.8154513778009473,0,0.8154513778009473,151.2724816308457,6
JPY,test,54,2025-06-06,2025-07-07,selected_every5,0,1.018746788169778,0.08846237813788675,0.1194203690805296,-0.1194203690805296,0,0.1194203690805296,204.5987554001029,6
JPY,test,55,2025-07-07,2025-08-05,selected_every5,0,0.8377248411535376,0.07274278602756495,0.3458827490567273,-0.3458827490567273,0,0.3458827490567273,171.4437657118369,6
JPY,test,56,2025-08-05,2025-09-03,selected_every5,0,0.7323079670109962,0.06358876841582067,0.05490469509412321,-0.05490469509412321,0,0.05490469509412321,210.8475764436832,6
JPY,test,57,2025-09-03,2025-10-02,selected_every5,0,0.6616263814599037,0.05745109997330345,0.07351375706656604,-0.07351375706656604,0,0.07351375706656604,179.9924309993244,6
JPY,test,58,2025-10-02,2025-10-31,selected_every5,0,0.5924785772517183,0.05144666181366902,-0.8044909550718842,0.8044909550718842,0,-0.8044909550718842,206.2844805028257,6
JPY,test,59,2025-10-31,2025-12-01,selected_every5,0,0.6789433417536941,0.0589548219409132,-0.06300723333252733,0.06300723333252733,0,-0.06300723333252733,233.6298969934535,6
JPY,test,0,2021-01-04,2021-02-02,selected_threshold,0,0.7465292015332921,0.06482368182306604,0.1658916177009431,-0.1658916177009431,0,0.1658916177009431,288.4296414072408,15
JPY,test,1,2021-02-02,2021-03-03,selected_threshold,0,0.7057073118787116,0.06127888252535982,0.1724621398525272,-0.1724621398525272,0,0.1724621398525272,216.2852233894433,10
JPY,test,2,2021-03-03,2021-04-01,selected_threshold,0,0.6005053063423418,0.05214365944022282,0.05504636039026423,-0.05504636039026423,0,0.05504636039026423,312.3166255280984,16
JPY,test,3,2021-04-01,2021-05-04,selected_threshold,0,0.6092449215222189,0.05290256082926605,-0.08789363548629581,0.08789363548629581,0,-0.08789363548629581,330.3502358269006,16
JPY,test,4,2021-05-04,2021-06-02,selected_threshold,0,0.6233150320990219,0.05412433523577036,0.06563612078740277,-0.06563612078740277,0,0.06563612078740277,215.4449411164928,9
JPY,test,5,2021-06-02,2021-07-01,selected_threshold,0,0.5784336290554108,0.05022707592422375,-0.04674265623188845,0.04674265623188845,0,-0.04674265623188845,150.958429392759,12
JPY,test,6,2021-07-01,2021-07-30,selected_threshold,0,0.6329029683066665,0.05495690215420801,-0.1052743191592048,0.1052743191592048,0,-0.1052743191592048,110.2884543909993,8
JPY,test,7,2021-07-30,2021-08-30,selected_threshold,0,0.6089561593564952,0.05287748625878013,0.05482479534192874,-0.05482479534192874,0,0.05482479534192874,144.8781021799535,12
JPY,test,8,2021-08-30,2021-09-28,selected_threshold,0,0.6403528802597762,0.05560381462321767,-0.2260477121905637,0.2260477121905637,0,-0.2260477121905637,313.7887674129764,15
JPY,test,9,2021-09-28,2021-10-27,selected_threshold,0,0.6480874919495108,0.05627544948258384,-0.169941659465124,0.169941659465124,0,-0.169941659465124,255.1058746708346,11
JPY,test,10,2021-10-27,2021-11-25,selected_threshold,0,0.6945178289602012,0.060307238253719,0.05393288055921719,-0.05393288055921719,0,0.05393288055921719,141.8894261199873,12
JPY,test,11,2021-11-25,2021-12-24,selected_threshold,0,0.7305788609749015,0.06343862011097089,0.1141300390746665,-0.1141300390746665,0,0.1141300390746665,271.2269453287835,15
JPY,test,12,2021-12-24,2022-01-24,selected_threshold,0,0.7139504490338808,0.06199468017844713,0.1418093028573715,-0.1418093028573715,0,0.1418093028573715,215.1832010093466,13
JPY,test,13,2022-01-24,2022-02-22,selected_threshold,0,0.648927758824307,0.05634841407245395,-0.04049713164030777,0.04049713164030777,0,-0.04049713164030777,191.7987705161807,6
JPY,test,14,2022-02-22,2022-03-23,selected_threshold,0,0.736566818685283,0.06395858933289679,-0.7125258908341721,0.7125258908341721,0,-0.7125258908341721,321.9103678267405,13
JPY,test,15,2022-03-23,2022-04-25,selected_threshold,0,1.027508784540714,0.08922326368310161,-0.1690528902047106,0.1690528902047106,0,-0.1690528902047106,213.4082743786138,8
JPY,test,16,2022-04-25,2022-05-24,selected_threshold,0,1.233395343606283,0.1071026358807371,-0.2654245893039406,0.2654245893039406,0,-0.2654245893039406,192.5793062118784,13
JPY,test,17,2022-05-24,2022-06-22,selected_threshold,0,1.385908725914021,0.1203474871331841,-0.1612662716176203,0.1612662716176203,0,-0.1612662716176203,255.5764664738436,11
JPY,test,18,2022-06-22,2022-07-21,selected_threshold,0,1.505859577215631,0.130764788997126,0.1722896263853686,-0.1722896263853686,0,0.1722896263853686,129.8376850466495,10
JPY,test,19,2022-07-21,2022-08-19,selected_threshold,0,1.496780728441472,0.1299763134485338,0.1498506338834682,-0.1498506338834682,0,0.1498506338834682,112.7796350963388,9
JPY,test,20,2022-08-19,2022-09-19,selected_threshold,0,1.549215782709751,0.1345301916845139,0.1711236387380239,-0.1711236387380239,0,0.1711236387380239,244.3074980140402,11
JPY,test,21,2022-09-19,2022-10-18,selected_threshold,0,1.379847508935768,0.1198210995647396,-0.08310302790613378,0.08310302790613378,0,-0.08310302790613378,318.9548183358967,15
JPY,test,22,2022-10-18,2022-11-16,selected_threshold,0,1.462813159816058,0.127026329021862,0.5372189879893057,-0.5372189879893057,0,0.5372189879893057,182.9171419135734,13
JPY,test,23,2022-11-16,2022-12-15,selected_threshold,0,1.268655569426642,0.1101647335428536,0.1198888036736863,-0.1198888036736863,0,0.1198888036736863,236.6056573073954,14
JPY,test,24,2022-12-15,2023-01-16,selected_threshold,0,1.2985472135056,0.112760625224782,-0.3633631215098534,0.3633631215098534,0,-0.3633631215098534,109.9725851606264,7
JPY,test,25,2023-01-16,2023-02-14,selected_threshold,0,1.387068219857831,0.1204481836895248,0.1621271292006981,-0.1621271292006981,0,0.1621271292006981,263.376423459714,12
JPY,test,26,2023-02-14,2023-03-15,selected_threshold,0,1.429004263086846,0.1240901476567741,-1.94431282224491,1.94431282224491,0,-1.94431282224491,311.452982805958,10
JPY,test,27,2023-03-15,2023-04-17,selected_threshold,0,1.571343588922502,0.1364519641514647,-0.1201637785046756,0.1201637785046756,0,-0.1201637785046756,246.2236720227695,10
JPY,test,28,2023-04-17,2023-05-17,selected_threshold,0,1.475267897213861,0.1281079839962305,0.4313244298083276,-0.4313244298083276,0,0.4313244298083276,282.2527592201457,14
JPY,test,29,2023-05-17,2023-06-15,selected_threshold,0,1.489817880719556,0.1293716084960235,0.7654737939514291,-0.7654737939514291,0,0.7654737939514291,235.9404984606523,13
JPY,test,30,2023-06-15,2023-07-14,selected_threshold,0,1.169267585347264,0.1015336533239062,0.1000294843275498,-0.1000294843275498,0,0.1000294843275498,228.864135682282,8
JPY,test,31,2023-07-14,2023-08-14,selected_threshold,0,0.9536051309015647,0.08280555569737401,-0.4912777150093461,0.4912777150093461,0,-0.4912777150093461,310.8703470721448,12
JPY,test,32,2023-08-14,2023-09-12,selected_threshold,0,1.016676486321721,0.08828259475116984,0.3730195089967969,-0.3730195089967969,0,0.3730195089967969,176.0789997968402,12
JPY,test,33,2023-09-12,2023-10-11,selected_threshold,0,1.01495909810015,0.08813345815175545,0.5243978806579861,-0.5243978806579861,0,0.5243978806579861,287.2221479204294,15
JPY,test,34,2023-10-11,2023-11-09,selected_threshold,0,0.9483383349699395,0.08234819599466098,0.1691005901811167,-0.1691005901811167,0,0.1691005901811167,282.7091899998068,14
JPY,test,35,2023-11-09,2023-12-08,selected_threshold,0,0.6835999072203762,0.0593591762745284,-0.270828569719032,0.270828569719032,0,-0.270828569719032,219.410341787702,16
JPY,test,36,2023-12-08,2024-01-11,selected_threshold,0,0.8097688771836786,0.07031518016531751,-0.5552514644800794,0.5552514644800794,0,-0.5552514644800794,327.3360023335711,15
JPY,test,37,2024-01-11,2024-02-09,selected_threshold,0,1.052312726046026,0.09137722622215673,0.5014951003288246,-0.5014951003288246,0,0.5014951003288246,253.1484120880694,11
JPY,test,38,2024-02-09,2024-03-11,selected_threshold,0,1.025367472452679,0.08903731356235974,0.3526357793959889,-0.3526357793959889,0,0.3526357793959889,207.6958711847819,11
JPY,test,39,2024-03-11,2024-04-11,selected_threshold,0,0.9056397310384767,0.0786403340994685,0.1534132937639612,-0.1534132937639612,0,0.1534132937639612,202.405285296097,8
JPY,test,40,2024-04-11,2024-05-13,selected_threshold,0,0.6490177641802291,0.05635622968959699,-0.2822722000213673,0.2822722000213673,0,-0.2822722000213673,299.2724325042836,14
JPY,test,41,2024-05-13,2024-06-11,selected_threshold,0,0.8029818149868646,0.06972581485965428,0.060321087363846,-0.060321087363846,0,0.060321087363846,282.3521192022797,14
JPY,test,42,2024-06-11,2024-07-10,selected_threshold,0,0.8489240918824379,0.07371529537583933,-0.07980637018346215,0.07980637018346215,0,-0.07980637018346215,236.5033632515788,9
JPY,test,43,2024-07-10,2024-08-08,selected_threshold,0,0.8609372216411373,0.07475848115349226,-0.3872417559432346,0.3872417559432346,0,-0.3872417559432346,113.4837394839187,8
JPY,test,44,2024-08-08,2024-09-06,selected_threshold,0,1.508566964116532,0.1309999191768706,0.7432338469630082,-0.7432338469630082,0,0.7432338469630082,214.0000134382949,14
JPY,test,45,2024-09-06,2024-10-07,selected_threshold,0,1.54030582923707,0.1337563762309741,0.347460918569567,-0.347460918569567,0,0.347460918569567,309.7504828309955,16
JPY,test,46,2024-10-07,2024-11-05,selected_threshold,0,1.620545448717401,0.1407251223641679,0.8726248894986668,-0.8726248894986668,0,0.8726248894986668,214.496206087953,9
JPY,test,47,2024-11-05,2024-12-04,selected_threshold,0,0.9294060023164974,0.08070414701058688,-0.2816788452326766,0.2816788452326766,0,-0.2816788452326766,163.2169902616726,13
JPY,test,48,2024-12-04,2025-01-07,selected_threshold,0,1.01508169254641,0.08814410415262346,-0.04883432483157435,0.04883432483157435,0,-0.04883432483157435,217.8402995635331,9
JPY,test,49,2025-01-07,2025-02-05,selected_threshold,0,0.9424720670264719,0.08183877957280571,-0.280577365158865,0.280577365158865,0,-0.280577365158865,183.5593387542718,13
JPY,test,50,2025-02-05,2025-03-06,selected_threshold,0,1.187529740363331,0.1031195684876222,-0.3697338601006095,0.3697338601006095,0,-0.3697338601006095,339.3593187314515,14
JPY,test,51,2025-03-06,2025-04-04,selected_threshold,0,1.278407589187097,0.1110116302733601,0.04695071327969913,-0.04695071327969913,0,0.04695071327969913,288.1812819087078,15
JPY,test,52,2025-04-04,2025-05-08,selected_threshold,0,1.355093358952544,0.1176713277387123,0.3855718329934774,-0.3855718329934774,0,0.3855718329934774,283.7756745629408,15
JPY,test,53,2025-05-08,2025-06-06,selected_threshold,0,1.232871062445824,0.1070571059823842,0.5140880525002842,-0.5140880525002842,0,0.5140880525002842,244.1284631209678,12
JPY,test,54,2025-06-06,2025-07-07,selected_threshold,0,1.018746788169778,0.08846237813788675,0.1156789823706248,-0.1156789823706248,0,0.1156789823706248,218.6875541931237,12
JPY,test,55,2025-07-07,2025-08-05,selected_threshold,0,0.8377248411535376,0.07274278602756495,0.2530371954821291,-0.2530371954821291,0,0.2530371954821291,257.3096747847252,14
JPY,test,56,2025-08-05,2025-09-03,selected_threshold,0,0.7323079670109962,0.06358876841582067,0.1208190390137958,-0.1208190390137958,0,0.1208190390137958,264.8767804647256,15
JPY,test,57,2025-09-03,2025-10-02,selected_threshold,0,0.6616263814599037,0.05745109997330345,0.04030197820552139,-0.04030197820552139,0,0.04030197820552139,232.5559021149616,14
JPY,test,58,2025-10-02,2025-10-31,selected_threshold,0,0.5924785772517183,0.05144666181366902,-0.3060367893406806,0.3060367893406806,0,-0.3060367893406806,209.9781958084581,8
JPY,test,59,2025-10-31,2025-12-01,selected_threshold,0,0.6789433417536941,0.0589548219409132,0.03631174273540694,-0.03631174273540694,0,0.03631174273540694,238.5267964900871,11
JPY,test,0,2021-01-04,2021-02-02,frozen_rolling63_daily,5,0.7465292015332921,0.06482368182306604,0.06280622852056439,-0.06280622852056439,0.1478454090202766,0.210651637540841,295.6908180405533,22
JPY,test,1,2021-02-02,2021-03-03,frozen_rolling63_daily,5,0.7057073118787116,0.06127888252535982,0.008059924753922587,-0.008059924753922587,0.1184760739560823,0.1265359987100049,236.9521479121647,22
JPY,test,2,2021-03-03,2021-04-01,frozen_rolling63_daily,5,0.6005053063423418,0.05214365944022282,-0.1580617592424716,0.1580617592424716,0.1730248084375277,0.01496304919505614,346.0496168750555,22
JPY,test,3,2021-04-01,2021-05-04,frozen_rolling63_daily,5,0.6092449215222189,0.05290256082926605,-0.2455546581185786,0.2455546581185786,0.1701467442310072,-0.07540791388757134,340.2934884620144,22
JPY,test,4,2021-05-04,2021-06-02,frozen_rolling63_daily,5,0.6233150320990219,0.05412433523577036,-0.04757253042831167,0.04757253042831167,0.1189057602314195,0.07133322980310786,237.811520462839,22
JPY,test,5,2021-06-02,2021-07-01,frozen_rolling63_daily,5,0.5784336290554108,0.05022707592422375,-0.1265966889007651,0.1265966889007651,0.0781386114987966,-0.04845807740196849,156.2772229975932,22
JPY,test,6,2021-07-01,2021-07-30,frozen_rolling63_daily,5,0.6329029683066665,0.05495690215420801,-0.083393520123794,0.083393520123794,0.05595386230113319,-0.02743965782266081,111.9077246022663,22
JPY,test,7,2021-07-30,2021-08-30,frozen_rolling63_daily,5,0.6089561593564952,0.05287748625878013,-0.008062240992318337,0.008062240992318337,0.07652553147759315,0.06846329048527482,153.0510629551863,22
JPY,test,8,2021-08-30,2021-09-28,frozen_rolling63_daily,5,0.6403528802597762,0.05560381462321767,-0.3723100531278263,0.3723100531278263,0.1593657907970208,-0.2129442623308055,318.7315815940416,22
JPY,test,9,2021-09-28,2021-10-27,frozen_rolling63_daily,5,0.6480874919495108,0.05627544948258384,-0.2800175822446391,0.2800175822446391,0.1375819205894442,-0.142435661655195,275.1638411788883,22
JPY,test,10,2021-10-27,2021-11-25,frozen_rolling63_daily,5,0.6945178289602012,0.060307238253719,-0.00595490872986389,0.00595490872986389,0.07196616579629372,0.06601125706642984,143.9323315925874,22
JPY,test,11,2021-11-25,2021-12-24,frozen_rolling63_daily,5,0.7305788609749015,0.06343862011097089,0.005376025848356392,-0.005376025848356392,0.1360621382045222,0.1414381640528786,272.1242764090444,22
JPY,test,12,2021-12-24,2022-01-24,frozen_rolling63_daily,5,0.7139504490338808,0.06199468017844713,0.027341081606437,-0.027341081606437,0.1155522458626638,0.1428933274691008,231.1044917253276,22
JPY,test,13,2022-01-24,2022-02-22,frozen_rolling63_daily,5,0.648927758824307,0.05634841407245395,-0.2577784968437555,0.2577784968437555,0.1112122517274116,-0.146566245116344,222.4245034548231,22
JPY,test,14,2022-02-22,2022-03-23,frozen_rolling63_daily,5,0.736566818685283,0.06395858933289679,-0.8489168931635334,0.8489168931635334,0.1716075022111493,-0.677309390952384,343.2150044222987,22
JPY,test,15,2022-03-23,2022-04-25,frozen_rolling63_daily,5,1.027508784540714,0.08922326368310161,-0.2660241031920663,0.2660241031920663,0.1205915834665744,-0.1454325197254918,241.1831669331489,22
JPY,test,16,2022-04-25,2022-05-24,frozen_rolling63_daily,5,1.233395343606283,0.1071026358807371,-0.3477269804625074,0.3477269804625074,0.1037019195313751,-0.2440250609311323,207.4038390627502,22
JPY,test,17,2022-05-24,2022-06-22,frozen_rolling63_daily,5,1.385908725914021,0.1203474871331841,-0.4038276959689,0.4038276959689,0.1352566176312521,-0.2685710783376479,270.5132352625042,22
JPY,test,18,2022-06-22,2022-07-21,frozen_rolling63_daily,5,1.505859577215631,0.130764788997126,0.1063450028243067,-0.1063450028243067,0.07534647803421571,0.1816914808585224,150.6929560684314,22
JPY,test,19,2022-07-21,2022-08-19,frozen_rolling63_daily,5,1.496780728441472,0.1299763134485338,-0.1571431620520492,0.1571431620520492,0.07246576537882726,-0.08467739667322194,144.9315307576546,22
JPY,test,20,2022-08-19,2022-09-19,frozen_rolling63_daily,5,1.549215782709751,0.1345301916845139,0.02346775976425874,-0.02346775976425874,0.1251351374913575,0.1486028972556163,250.270274982715,22
JPY,test,21,2022-09-19,2022-10-18,frozen_rolling63_daily,5,1.379847508935768,0.1198210995647396,-0.2509414637160177,0.2509414637160177,0.1636640045118822,-0.08727745920413546,327.3280090237644,22
JPY,test,22,2022-10-18,2022-11-16,frozen_rolling63_daily,5,1.462813159816058,0.127026329021862,0.4217225670737008,-0.4217225670737008,0.1016903521135426,0.5234129191872434,203.3807042270851,22
JPY,test,23,2022-11-16,2022-12-15,frozen_rolling63_daily,5,1.268655569426642,0.1101647335428536,-0.09241591193235088,0.09241591193235088,0.130312243712476,0.03789633178012514,260.6244874249521,22
JPY,test,24,2022-12-15,2023-01-16,frozen_rolling63_daily,5,1.2985472135056,0.112760625224782,-0.4614827359216304,0.4614827359216304,0.07151513906177399,-0.3899675968598564,143.0302781235479,22
JPY,test,25,2023-01-16,2023-02-14,frozen_rolling63_daily,5,1.387068219857831,0.1204481836895248,0.01320439618477565,-0.01320439618477565,0.1431817043484874,0.156386100533263,286.3634086969747,22
JPY,test,26,2023-02-14,2023-03-15,frozen_rolling63_daily,5,1.429004263086846,0.1240901476567741,-1.95974831545125,1.95974831545125,0.1611819525227209,-1.798566362928529,322.3639050454417,22
JPY,test,27,2023-03-15,2023-04-17,frozen_rolling63_daily,5,1.571343588922502,0.1364519641514647,-0.2324779903720184,0.2324779903720184,0.1308832693885621,-0.1015947209834564,261.7665387771241,22
JPY,test,28,2023-04-17,2023-05-17,frozen_rolling63_daily,5,1.475267897213861,0.1281079839962305,0.2405843265851075,-0.2405843265851075,0.1518202890105778,0.3924046155956853,303.6405780211556,22
JPY,test,29,2023-05-17,2023-06-15,frozen_rolling63_daily,5,1.489817880719556,0.1293716084960235,0.64011848099139,-0.64011848099139,0.1224117465422156,0.7625302275336057,244.8234930844312,22
JPY,test,30,2023-06-15,2023-07-14,frozen_rolling63_daily,5,1.169267585347264,0.1015336533239062,0.02057407006813605,-0.02057407006813605,0.1253895021074687,0.1459635721756047,250.7790042149373,22
JPY,test,31,2023-07-14,2023-08-14,frozen_rolling63_daily,5,0.9536051309015647,0.08280555569737401,-0.7727573682705042,0.7727573682705042,0.1800518801914673,-0.5927054880790369,360.1037603829346,22
JPY,test,32,2023-08-14,2023-09-12,frozen_rolling63_daily,5,1.016676486321721,0.08828259475116984,0.2767752080618191,-0.2767752080618191,0.1024126606034667,0.3791878686652858,204.8253212069333,22
JPY,test,33,2023-09-12,2023-10-11,frozen_rolling63_daily,5,1.01495909810015,0.08813345815175545,0.437864998382544,-0.437864998382544,0.1367583864571156,0.5746233848396596,273.5167729142312,22
JPY,test,34,2023-10-11,2023-11-09,frozen_rolling63_daily,5,0.9483383349699395,0.08234819599466098,0.04012919333072773,-0.04012919333072773,0.1371054554178417,0.1772346487485694,274.2109108356834,22
JPY,test,35,2023-11-09,2023-12-08,frozen_rolling63_daily,5,0.6835999072203762,0.0593591762745284,-0.3370870368573595,0.3370870368573595,0.1156120104797169,-0.2214750263776425,231.2240209594338,22
JPY,test,36,2023-12-08,2024-01-11,frozen_rolling63_daily,5,0.8097688771836786,0.07031518016531751,-0.8880629706654162,0.8880629706654162,0.1882590848618881,-0.6998038858035281,376.5181697237761,22
JPY,test,37,2024-01-11,2024-02-09,frozen_rolling63_daily,5,1.052312726046026,0.09137722622215673,0.4109885864496192,-0.4109885864496192,0.1296033988824814,0.5405919853321006,259.2067977649629,22
JPY,test,38,2024-02-09,2024-03-11,frozen_rolling63_daily,5,1.025367472452679,0.08903731356235974,0.3577524459100587,-0.3577524459100587,0.1020917639362726,0.4598442098463313,204.1835278725452,22
JPY,test,39,2024-03-11,2024-04-11,frozen_rolling63_daily,5,0.9056397310384767,0.0786403340994685,-0.04522437675730373,0.04522437675730373,0.1147479202992369,0.06952354354193316,229.4958405984738,22
JPY,test,40,2024-04-11,2024-05-13,frozen_rolling63_daily,5,0.6490177641802291,0.05635622968959699,-0.4160164612379447,0.4160164612379447,0.1599071237879213,-0.2561093374500234,319.8142475758426,22
JPY,test,41,2024-05-13,2024-06-11,frozen_rolling63_daily,5,0.8029818149868646,0.06972581485965428,-0.08786990901002412,0.08786990901002412,0.1516269937897322,0.06375708477970807,303.2539875794643,22
JPY,test,42,2024-06-11,2024-07-10,frozen_rolling63_daily,5,0.8489240918824379,0.07371529537583933,-0.1743494640948882,0.1743494640948882,0.1250525175195626,-0.04929694657532555,250.1050350391253,22
JPY,test,43,2024-07-10,2024-08-08,frozen_rolling63_daily,5,0.8609372216411373,0.07475848115349226,-0.2700059764280835,0.2700059764280835,0.06209189023290645,-0.2079140861951771,124.1837804658129,21
JPY,test,44,2024-08-08,2024-09-06,frozen_rolling63_daily,5,1.508566964116532,0.1309999191768706,0.622267332595726,-0.622267332595726,0.1171190770911375,0.7393864096868634,234.238154182275,22
JPY,test,45,2024-09-06,2024-10-07,frozen_rolling63_daily,5,1.54030582923707,0.1337563762309741,0.2071561893702238,-0.2071561893702238,0.1598694987643717,0.3670256881345955,319.7389975287433,22
JPY,test,46,2024-10-07,2024-11-05,frozen_rolling63_daily,5,1.620545448717401,0.1407251223641679,0.7188550166066676,-0.7188550166066676,0.111143074825906,0.8299980914325735,222.2861496518119,22
JPY,test,47,2024-11-05,2024-12-04,frozen_rolling63_daily,5,0.9294060023164974,0.08070414701058688,-0.2675443247917836,0.2675443247917836,0.0846121632828105,-0.1829321615089731,169.224326565621,22
JPY,test,48,2024-12-04,2025-01-07,frozen_rolling63_daily,5,1.01508169254641,0.08814410415262346,-0.06876921629779531,0.06876921629779531,0.111458656468685,0.04268944017088969,222.9173129373699,22
JPY,test,49,2025-01-07,2025-02-05,frozen_rolling63_daily,5,0.9424720670264719,0.08183877957280571,-0.4575111864024894,0.4575111864024894,0.1085197349816732,-0.3489914514208162,217.0394699633464,22
JPY,test,50,2025-02-05,2025-03-06,frozen_rolling63_daily,5,1.187529740363331,0.1031195684876222,-0.5566706750004471,0.5566706750004471,0.1821630543902971,-0.37450762061015,364.326108780594,22
JPY,test,51,2025-03-06,2025-04-04,frozen_rolling63_daily,5,1.278407589187097,0.1110116302733601,-0.062276239732455,0.062276239732455,0.1488941934488444,0.08661795371638936,297.7883868976887,22
JPY,test,52,2025-04-04,2025-05-08,frozen_rolling63_daily,5,1.355093358952544,0.1176713277387123,0.2158893489071261,-0.2158893489071261,0.1464588709925249,0.362348219899651,292.9177419850498,22
JPY,test,53,2025-05-08,2025-06-06,frozen_rolling63_daily,5,1.232871062445824,0.1070571059823842,0.4332394994591837,-0.4332394994591837,0.1199282647061713,0.553167764165355,239.8565294123425,22
JPY,test,54,2025-06-06,2025-07-07,frozen_rolling63_daily,5,1.018746788169778,0.08846237813788675,-0.003059353353222605,0.003059353353222605,0.1178110583393104,0.1147517049860878,235.6221166786208,22
JPY,test,55,2025-07-07,2025-08-05,frozen_rolling63_daily,5,0.8377248411535376,0.07274278602756495,0.1422484847943011,-0.1422484847943011,0.1355682342909049,0.277816719085206,271.1364685818099,22
JPY,test,56,2025-08-05,2025-09-03,frozen_rolling63_daily,5,0.7323079670109962,0.06358876841582067,-0.002320565890016724,0.002320565890016724,0.1383595336014674,0.1360389677114507,276.7190672029349,22
JPY,test,57,2025-09-03,2025-10-02,frozen_rolling63_daily,5,0.6616263814599037,0.05745109997330345,-0.06652636809644541,0.06652636809644541,0.1240522837178125,0.05752591562136712,248.1045674356251,22
JPY,test,58,2025-10-02,2025-10-31,frozen_rolling63_daily,5,0.5924785772517183,0.05144666181366902,-0.3357197189462084,0.3357197189462084,0.1081709294998717,-0.2275487894463367,216.3418589997435,22
JPY,test,59,2025-10-31,2025-12-01,frozen_rolling63_daily,5,0.6789433417536941,0.0589548219409132,-0.1465901745159641,0.1465901745159641,0.1372306708757779,-0.009359503640186229,274.4613417515558,22
JPY,test,0,2021-01-04,2021-02-02,rolling63_daily,5,0.7465292015332921,0.06482368182306604,0.04686299407428862,-0.04686299407428862,0.1499137722441213,0.1967767663184099,299.8275444882427,22
JPY,test,1,2021-02-02,2021-03-03,rolling63_daily,5,0.7057073118787116,0.06127888252535982,0.05532914991613325,-0.05532914991613325,0.1194880240332566,0.1748171739493898,238.9760480665131,22
JPY,test,2,2021-03-03,2021-04-01,rolling63_daily,5,0.6005053063423418,0.05214365944022282,-0.1510177466068399,0.1510177466068399,0.1713652224935928,0.0203474758867529,342.7304449871855,22
JPY,test,3,2021-04-01,2021-05-04,rolling63_daily,5,0.6092449215222189,0.05290256082926605,-0.2538302899208844,0.2538302899208844,0.171170846083343,-0.08265944383754142,342.3416921666859,22
JPY,test,4,2021-05-04,2021-06-02,rolling63_daily,5,0.6233150320990219,0.05412433523577036,-0.04673039574082338,0.04673039574082338,0.1186851281101184,0.07195473236929506,237.370256220237,22
JPY,test,5,2021-06-02,2021-07-01,rolling63_daily,5,0.5784336290554108,0.05022707592422375,-0.1282576529851608,0.1282576529851608,0.079448391020804,-0.04880926196435675,158.896782041608,22
JPY,test,6,2021-07-01,2021-07-30,rolling63_daily,5,0.6329029683066665,0.05495690215420801,-0.08280438305503982,0.08280438305503982,0.05639572209956679,-0.02640866095547303,112.7914441991336,22
JPY,test,7,2021-07-30,2021-08-30,rolling63_daily,5,0.6089561593564952,0.05287748625878013,-0.005576964696575537,0.005576964696575537,0.07810264679184385,0.07252568209526832,156.2052935836877,22
JPY,test,8,2021-08-30,2021-09-28,rolling63_daily,5,0.6403528802597762,0.05560381462321767,-0.3724995087576701,0.3724995087576701,0.1596700586120243,-0.2128294501456458,319.3401172240488,22
JPY,test,9,2021-09-28,2021-10-27,rolling63_daily,5,0.6480874919495108,0.05627544948258384,-0.2958771837394778,0.2958771837394778,0.1386853538695775,-0.1571918298699003,277.3707077391549,22
JPY,test,10,2021-10-27,2021-11-25,rolling63_daily,5,0.6945178289602012,0.060307238253719,-0.008300222931128446,0.008300222931128446,0.07163163651527844,0.06333141358415,143.2632730305569,22
JPY,test,11,2021-11-25,2021-12-24,rolling63_daily,5,0.7305788609749015,0.06343862011097089,-0.00670411198817078,0.00670411198817078,0.1373311118155906,0.1306269998274198,274.6622236311812,22
JPY,test,12,2021-12-24,2022-01-24,rolling63_daily,5,0.7139504490338808,0.06199468017844713,0.005552742249605558,-0.005552742249605558,0.118051265163548,0.1236040074131536,236.1025303270961,22
JPY,test,13,2022-01-24,2022-02-22,rolling63_daily,5,0.648927758824307,0.05634841407245395,-0.2551325445604391,0.2551325445604391,0.1142785168883322,-0.1408540276721069,228.5570337766643,22
JPY,test,14,2022-02-22,2022-03-23,rolling63_daily,5,0.736566818685283,0.06395858933289679,-0.8350271246478087,0.8350271246478087,0.1698142780072582,-0.6652128466405505,339.6285560145163,22
JPY,test,15,2022-03-23,2022-04-25,rolling63_daily,5,1.027508784540714,0.08922326368310161,-0.2972804607366584,0.2972804607366584,0.1215419714663497,-0.1757384892703087,243.0839429326994,22
JPY,test,16,2022-04-25,2022-05-24,rolling63_daily,5,1.233395343606283,0.1071026358807371,-0.3156030334639652,0.3156030334639652,0.1035001196488519,-0.2121029138151133,207.0002392977039,22
JPY,test,17,2022-05-24,2022-06-22,rolling63_daily,5,1.385908725914021,0.1203474871331841,-0.3732057235632453,0.3732057235632453,0.1357610092632295,-0.2374447143000158,271.522018526459,22
JPY,test,18,2022-06-22,2022-07-21,rolling63_daily,5,1.505859577215631,0.130764788997126,0.1113690046828899,-0.1113690046828899,0.07518913463971771,0.1865581393226076,150.3782692794354,22
JPY,test,19,2022-07-21,2022-08-19,rolling63_daily,5,1.496780728441472,0.1299763134485338,-0.1469546191294676,0.1469546191294676,0.07253082624651135,-0.07442379288295621,145.0616524930226,22
JPY,test,20,2022-08-19,2022-09-19,rolling63_daily,5,1.549215782709751,0.1345301916845139,0.04157289258465369,-0.04157289258465369,0.1246474577878371,0.1662203503724908,249.2949155756742,22
JPY,test,21,2022-09-19,2022-10-18,rolling63_daily,5,1.379847508935768,0.1198210995647396,-0.2260096959181652,0.2260096959181652,0.1603528423413257,-0.06565685357683954,320.7056846826514,22
JPY,test,22,2022-10-18,2022-11-16,rolling63_daily,5,1.462813159816058,0.127026329021862,0.3964870290542106,-0.3964870290542106,0.1053176371579914,0.501804666212202,210.6352743159827,22
JPY,test,23,2022-11-16,2022-12-15,rolling63_daily,5,1.268655569426642,0.1101647335428536,-0.08900816821510826,0.08900816821510826,0.1299101496824179,0.04090198146730964,259.8202993648358,22
JPY,test,24,2022-12-15,2023-01-16,rolling63_daily,5,1.2985472135056,0.112760625224782,-0.4570399686585794,0.4570399686585794,0.07188301448160697,-0.3851569541769724,143.766028963214,22
JPY,test,25,2023-01-16,2023-02-14,rolling63_daily,5,1.387068219857831,0.1204481836895248,0.01973304789324004,-0.01973304789324004,0.1427223480452692,0.1624553959385093,285.4446960905385,22
JPY,test,26,2023-02-14,2023-03-15,rolling63_daily,5,1.429004263086846,0.1240901476567741,-2.01020140660691,2.01020140660691,0.1626798671677073,-1.847521539439203,325.3597343354145,22
JPY,test,27,2023-03-15,2023-04-17,rolling63_daily,5,1.571343588922502,0.1364519641514647,-0.2470555385097555,0.2470555385097555,0.1323420416141118,-0.1147134968956437,264.6840832282235,22
JPY,test,28,2023-04-17,2023-05-17,rolling63_daily,5,1.475267897213861,0.1281079839962305,0.2528170051743786,-0.2528170051743786,0.1508394778814854,0.403656483055864,301.6789557629709,22
JPY,test,29,2023-05-17,2023-06-15,rolling63_daily,5,1.489817880719556,0.1293716084960235,0.650398350410569,-0.650398350410569,0.122904015676389,0.773302366086958,245.808031352778,22
JPY,test,30,2023-06-15,2023-07-14,rolling63_daily,5,1.169267585347264,0.1015336533239062,-0.0002913777562838504,0.0002913777562838504,0.1241206109517093,0.1238292331954255,248.2412219034186,22
JPY,test,31,2023-07-14,2023-08-14,rolling63_daily,5,0.9536051309015647,0.08280555569737401,-0.7621721105138874,0.7621721105138874,0.1774762348954511,-0.5846958756184364,354.9524697909021,22
JPY,test,32,2023-08-14,2023-09-12,rolling63_daily,5,1.016676486321721,0.08828259475116984,0.2805734886291686,-0.2805734886291686,0.1015624727247259,0.3821359613538946,203.1249454494519,22
JPY,test,33,2023-09-12,2023-10-11,rolling63_daily,5,1.01495909810015,0.08813345815175545,0.4230490225793773,-0.4230490225793773,0.1403945732144809,0.5634435957938582,280.7891464289618,22
JPY,test,34,2023-10-11,2023-11-09,rolling63_daily,5,0.9483383349699395,0.08234819599466098,0.1131497775176484,-0.1131497775176484,0.1384891753182961,0.2516389528359445,276.9783506365922,22
JPY,test,35,2023-11-09,2023-12-08,rolling63_daily,5,0.6835999072203762,0.0593591762745284,-0.34371722338827,0.34371722338827,0.1156282835294093,-0.2280889398588606,231.2565670588186,22
JPY,test,36,2023-12-08,2024-01-11,rolling63_daily,5,0.8097688771836786,0.07031518016531751,-0.8570388379831115,0.8570388379831115,0.1806434555109899,-0.6763953824721216,361.2869110219799,22
JPY,test,37,2024-01-11,2024-02-09,rolling63_daily,5,1.052312726046026,0.09137722622215673,0.4083190969201667,-0.4083190969201667,0.130791405131206,0.5391105020513727,261.582810262412,22
JPY,test,38,2024-02-09,2024-03-11,rolling63_daily,5,1.025367472452679,0.08903731356235974,0.3396328000381459,-0.3396328000381459,0.1034620540369096,0.4430948540750555,206.9241080738192,22
JPY,test,39,2024-03-11,2024-04-11,rolling63_daily,5,0.9056397310384767,0.0786403340994685,0.01457892115223558,-0.01457892115223558,0.1116034538021085,0.126182374954344,223.2069076042168,22
JPY,test,40,2024-04-11,2024-05-13,rolling63_daily,5,0.6490177641802291,0.05635622968959699,-0.4431350424870857,0.4431350424870857,0.1613874080482824,-0.2817476344388032,322.7748160965648,22
JPY,test,41,2024-05-13,2024-06-11,rolling63_daily,5,0.8029818149868646,0.06972581485965428,-0.07286934932243128,0.07286934932243128,0.1504008725866857,0.07753152326425444,300.8017451733715,22
JPY,test,42,2024-06-11,2024-07-10,rolling63_daily,5,0.8489240918824379,0.07371529537583933,-0.1838205410164164,0.1838205410164164,0.1248626372296834,-0.05895790378673307,249.7252744593667,22
JPY,test,43,2024-07-10,2024-08-08,rolling63_daily,5,0.8609372216411373,0.07475848115349226,-0.3296221192786239,0.3296221192786239,0.06280202948079516,-0.2668200897978287,125.6040589615903,22
JPY,test,44,2024-08-08,2024-09-06,rolling63_daily,5,1.508566964116532,0.1309999191768706,0.6277246111053856,-0.6277246111053856,0.11679979894983,0.7445244100552155,233.5995978996599,22
JPY,test,45,2024-09-06,2024-10-07,rolling63_daily,5,1.54030582923707,0.1337563762309741,0.2051358555938663,-0.2051358555938663,0.158723534645379,0.3638593902392452,317.4470692907579,22
JPY,test,46,2024-10-07,2024-11-05,rolling63_daily,5,1.620545448717401,0.1407251223641679,0.7333658310958953,-0.7333658310958953,0.11344689515804,0.8468127262539353,226.89379031608,22
JPY,test,47,2024-11-05,2024-12-04,rolling63_daily,5,0.9294060023164974,0.08070414701058688,-0.2908602215228688,0.2908602215228688,0.08519493063375272,-0.2056652908891161,170.3898612675054,22
JPY,test,48,2024-12-04,2025-01-07,rolling63_daily,5,1.01508169254641,0.08814410415262346,-0.04415822766073063,0.04415822766073063,0.1113148297532389,0.06715660209250829,222.6296595064778,22
JPY,test,49,2025-01-07,2025-02-05,rolling63_daily,5,0.9424720670264719,0.08183877957280571,-0.4630942663696299,0.4630942663696299,0.10610837462088,-0.3569858917487498,212.2167492417601,22
JPY,test,50,2025-02-05,2025-03-06,rolling63_daily,5,1.187529740363331,0.1031195684876222,-0.5494682152080088,0.5494682152080088,0.1801217104613134,-0.3693465047466954,360.2434209226268,22
JPY,test,51,2025-03-06,2025-04-04,rolling63_daily,5,1.278407589187097,0.1110116302733601,-0.0585158512523094,0.0585158512523094,0.1483700890689173,0.08985423781660787,296.7401781378345,22
JPY,test,52,2025-04-04,2025-05-08,rolling63_daily,5,1.355093358952544,0.1176713277387123,0.2227715232530016,-0.2227715232530016,0.147545530425854,0.3703170536788557,295.0910608517081,22
JPY,test,53,2025-05-08,2025-06-06,rolling63_daily,5,1.232871062445824,0.1070571059823842,0.4191821010129289,-0.4191821010129289,0.1235116508627582,0.542693751875687,247.0233017255163,22
JPY,test,54,2025-06-06,2025-07-07,rolling63_daily,5,1.018746788169778,0.08846237813788675,0.05811870171422129,-0.05811870171422129,0.1169131666982215,0.1750318684124428,233.8263333964429,22
JPY,test,55,2025-07-07,2025-08-05,rolling63_daily,5,0.8377248411535376,0.07274278602756495,0.1075288790481608,-0.1075288790481608,0.1405107245423959,0.2480396035905567,281.0214490847918,22
JPY,test,56,2025-08-05,2025-09-03,rolling63_daily,5,0.7323079670109962,0.06358876841582067,-6.081083677145216e-05,6.081083677145216e-05,0.1386090517743019,0.1385482409375305,277.2181035486038,22
JPY,test,57,2025-09-03,2025-10-02,rolling63_daily,5,0.6616263814599037,0.05745109997330345,-0.1026840064672836,0.1026840064672836,0.127368860247856,0.02468485378057236,254.737720495712,22
JPY,test,58,2025-10-02,2025-10-31,rolling63_daily,5,0.5924785772517183,0.05144666181366902,-0.3636968825651223,0.3636968825651223,0.1106926297409797,-0.2530042528241427,221.3852594819593,22
JPY,test,59,2025-10-31,2025-12-01,rolling63_daily,5,0.6789433417536941,0.0589548219409132,-0.1485581908376901,0.1485581908376901,0.1375056148994195,-0.01105257593827055,275.0112297988389,22
JPY,test,0,2021-01-04,2021-02-02,ewma_daily,5,0.7465292015332921,0.06482368182306604,0.02576882605647768,-0.02576882605647768,0.1538435985846965,0.1796124246411741,307.6871971693929,22
JPY,test,1,2021-02-02,2021-03-03,ewma_daily,5,0.7057073118787116,0.06127888252535982,0.04536542019442891,-0.04536542019442891,0.1186461926539673,0.1640116128483962,237.2923853079345,22
JPY,test,2,2021-03-03,2021-04-01,ewma_daily,5,0.6005053063423418,0.05214365944022282,-0.149861921499749,0.149861921499749,0.1694790931038221,0.01961717160407317,338.9581862076442,22
JPY,test,3,2021-04-01,2021-05-04,ewma_daily,5,0.6092449215222189,0.05290256082926605,-0.2514498634732405,0.2514498634732405,0.1694604219393585,-0.08198944153388199,338.920843878717,22
JPY,test,4,2021-05-04,2021-06-02,ewma_daily,5,0.6233150320990219,0.05412433523577036,-0.04218427527139568,0.04218427527139568,0.1178895479046221,0.07570527263322638,235.7790958092442,22
JPY,test,5,2021-06-02,2021-07-01,ewma_daily,5,0.5784336290554108,0.05022707592422375,-0.1235925638581358,0.1235925638581358,0.08077035182274497,-0.0428222120353908,161.54070364549,22
JPY,test,6,2021-07-01,2021-07-30,ewma_daily,5,0.6329029683066665,0.05495690215420801,-0.0901254119137942,0.0901254119137942,0.05618881140333769,-0.03393660051045651,112.3776228066753,22
JPY,test,7,2021-07-30,2021-08-30,ewma_daily,5,0.6089561593564952,0.05287748625878013,-0.0009538997140445815,0.0009538997140445815,0.07763809140552452,0.07668419169147994,155.2761828110491,22
JPY,test,8,2021-08-30,2021-09-28,ewma_daily,5,0.6403528802597762,0.05560381462321767,-0.3841760596583867,0.3841760596583867,0.1616468240320528,-0.222529235626334,323.2936480641055,22
JPY,test,9,2021-09-28,2021-10-27,ewma_daily,5,0.6480874919495108,0.05627544948258384,-0.312360109356618,0.312360109356618,0.1366287682208966,-0.1757313411357214,273.2575364417931,22
JPY,test,10,2021-10-27,2021-11-25,ewma_daily,5,0.6945178289602012,0.060307238253719,0.008376103496878068,-0.008376103496878068,0.07096425258697057,0.07934035608384864,141.9285051739411,22
JPY,test,11,2021-11-25,2021-12-24,ewma_daily,5,0.7305788609749015,0.06343862011097089,-0.03308817575863543,0.03308817575863543,0.1398635329593844,0.106775357200749,279.7270659187689,22
JPY,test,12,2021-12-24,2022-01-24,ewma_daily,5,0.7139504490338808,0.06199468017844713,0.008874376597361788,-0.008874376597361788,0.1175716554470087,0.1264460320443705,235.1433108940174,22
JPY,test,13,2022-01-24,2022-02-22,ewma_daily,5,0.648927758824307,0.05634841407245395,-0.2482282571086643,0.2482282571086643,0.1156921222538808,-0.1325361348547834,231.3842445077616,22
JPY,test,14,2022-02-22,2022-03-23,ewma_daily,5,0.736566818685283,0.06395858933289679,-0.8161083949106853,0.8161083949106853,0.1670111265067268,-0.6490972684039584,334.0222530134538,22
JPY,test,15,2022-03-23,2022-04-25,ewma_daily,5,1.027508784540714,0.08922326368310161,-0.286905321768657,0.286905321768657,0.1200394798847364,-0.1668658418839206,240.0789597694727,22
JPY,test,16,2022-04-25,2022-05-24,ewma_daily,5,1.233395343606283,0.1071026358807371,-0.3122544775258245,0.3122544775258245,0.1049989457989207,-0.2072555317269038,209.9978915978414,22
JPY,test,17,2022-05-24,2022-06-22,ewma_daily,5,1.385908725914021,0.1203474871331841,-0.371401866807517,0.371401866807517,0.1374735980752051,-0.2339282687323119,274.9471961504103,22
JPY,test,18,2022-06-22,2022-07-21,ewma_daily,5,1.505859577215631,0.130764788997126,0.1046312541240075,-0.1046312541240075,0.0737143868935677,0.1783456410175752,147.4287737871354,22
JPY,test,19,2022-07-21,2022-08-19,ewma_daily,5,1.496780728441472,0.1299763134485338,-0.1350872093816596,0.1350872093816596,0.07279075327399938,-0.0622964561076602,145.5815065479987,22
JPY,test,20,2022-08-19,2022-09-19,ewma_daily,5,1.549215782709751,0.1345301916845139,0.08253083615367984,-0.08253083615367984,0.1264707212456941,0.2090015573993739,252.9414424913881,22
JPY,test,21,2022-09-19,2022-10-18,ewma_daily,5,1.379847508935768,0.1198210995647396,-0.2016936002467276,0.2016936002467276,0.1599429366870981,-0.04175066355962948,319.8858733741961,22
JPY,test,22,2022-10-18,2022-11-16,ewma_daily,5,1.462813159816058,0.127026329021862,0.3907458837222459,-0.3907458837222459,0.1063071835807682,0.4970530673030141,212.6143671615363,22
JPY,test,23,2022-11-16,2022-12-15,ewma_daily,5,1.268655569426642,0.1101647335428536,-0.09128806783451449,0.09128806783451449,0.1317346668575808,0.04044659902306633,263.4693337151616,22
JPY,test,24,2022-12-15,2023-01-16,ewma_daily,5,1.2985472135056,0.112760625224782,-0.476038657688452,0.476038657688452,0.07270159870961385,-0.4033370589788381,145.4031974192277,22
JPY,test,25,2023-01-16,2023-02-14,ewma_daily,5,1.387068219857831,0.1204481836895248,0.02340154393736782,-0.02340154393736782,0.1411362906295285,0.1645378345668963,282.2725812590569,22
JPY,test,26,2023-02-14,2023-03-15,ewma_daily,5,1.429004263086846,0.1240901476567741,-2.067627270969851,2.067627270969851,0.1663693637674818,-1.901257907202369,332.7387275349636,22
JPY,test,27,2023-03-15,2023-04-17,ewma_daily,5,1.571343588922502,0.1364519641514647,-0.2729719097762882,0.2729719097762882,0.130566692002505,-0.1424052177737831,261.1333840050101,22
JPY,test,28,2023-04-17,2023-05-17,ewma_daily,5,1.475267897213861,0.1281079839962305,0.2359375246923321,-0.2359375246923321,0.1528559286514196,0.3887934533437517,305.7118573028392,22
JPY,test,29,2023-05-17,2023-06-15,ewma_daily,5,1.489817880719556,0.1293716084960235,0.6871114839969152,-0.6871114839969152,0.1263975780663919,0.8135090620633072,252.7951561327838,22
JPY,test,30,2023-06-15,2023-07-14,ewma_daily,5,1.169267585347264,0.1015336533239062,0.004291746218626713,-0.004291746218626713,0.124301805171735,0.1285935513903618,248.6036103434701,22
JPY,test,31,2023-07-14,2023-08-14,ewma_daily,5,0.9536051309015647,0.08280555569737401,-0.7114117192475646,0.7114117192475646,0.1711003700991856,-0.5403113491483791,342.2007401983711,22
JPY,test,32,2023-08-14,2023-09-12,ewma_daily,5,1.016676486321721,0.08828259475116984,0.3017158992466893,-0.3017158992466893,0.09848913979757971,0.400205039044269,196.9782795951593,22
JPY,test,33,2023-09-12,2023-10-11,ewma_daily,5,1.01495909810015,0.08813345815175545,0.3846469720803753,-0.3846469720803753,0.1490594798643769,0.5337064519447523,298.1189597287538,22
JPY,test,34,2023-10-11,2023-11-09,ewma_daily,5,0.9483383349699395,0.08234819599466098,0.0674149955750778,-0.0674149955750778,0.1420154457998602,0.209430441374938,284.0308915997205,22
JPY,test,35,2023-11-09,2023-12-08,ewma_daily,5,0.6835999072203762,0.0593591762745284,-0.3299964662037614,0.3299964662037614,0.1097273789601455,-0.2202690872436159,219.4547579202911,22
JPY,test,36,2023-12-08,2024-01-11,ewma_daily,5,0.8097688771836786,0.07031518016531751,-0.7746485613458276,0.7746485613458276,0.1709710221006487,-0.603677539245179,341.9420442012973,22
JPY,test,37,2024-01-11,2024-02-09,ewma_daily,5,1.052312726046026,0.09137722622215673,0.3978588018009361,-0.3978588018009361,0.1357783131583617,0.5336371149592978,271.5566263167233,22
JPY,test,38,2024-02-09,2024-03-11,ewma_daily,5,1.025367472452679,0.08903731356235974,0.2833886256591995,-0.2833886256591995,0.1089665461042214,0.3923551717634209,217.9330922084427,22
JPY,test,39,2024-03-11,2024-04-11,ewma_daily,5,0.9056397310384767,0.0786403340994685,0.02563624185276581,-0.02563624185276581,0.1133042659590254,0.1389405078117912,226.6085319180508,22
JPY,test,40,2024-04-11,2024-05-13,ewma_daily,5,0.6490177641802291,0.05635622968959699,-0.4778677208708189,0.4778677208708189,0.1592771872718177,-0.3185905335990011,318.5543745436354,22
JPY,test,41,2024-05-13,2024-06-11,ewma_daily,5,0.8029818149868646,0.06972581485965428,-0.07668559410869591,0.07668559410869591,0.1490127262067448,0.07232713209804892,298.0254524134896,22
JPY,test,42,2024-06-11,2024-07-10,ewma_daily,5,0.8489240918824379,0.07371529537583933,-0.1783906839162626,0.1783906839162626,0.1243708717451373,-0.05401981217112528,248.7417434902746,22
JPY,test,43,2024-07-10,2024-08-08,ewma_daily,5,0.8609372216411373,0.07475848115349226,-0.3270963238782011,0.3270963238782011,0.0631767219600706,-0.2639196019181305,126.3534439201412,22
JPY,test,44,2024-08-08,2024-09-06,ewma_daily,5,1.508566964116532,0.1309999191768706,0.629922657593994,-0.629922657593994,0.1147043988940172,0.7446270564880113,229.4087977880346,22
JPY,test,45,2024-09-06,2024-10-07,ewma_daily,5,1.54030582923707,0.1337563762309741,0.1907077443266303,-0.1907077443266303,0.1655663971715802,0.3562741414982105,331.1327943431604,22
JPY,test,46,2024-10-07,2024-11-05,ewma_daily,5,1.620545448717401,0.1407251223641679,0.7806131402075067,-0.7806131402075067,0.1162225577358208,0.8968356979433275,232.4451154716417,22
JPY,test,47,2024-11-05,2024-12-04,ewma_daily,5,0.9294060023164974,0.08070414701058688,-0.3335537161400332,0.3335537161400332,0.08357979598387931,-0.2499739201561539,167.1595919677586,22
JPY,test,48,2024-12-04,2025-01-07,ewma_daily,5,1.01508169254641,0.08814410415262346,-0.08538625782077247,0.08538625782077247,0.1114736560423328,0.02608739822156031,222.9473120846656,22
JPY,test,49,2025-01-07,2025-02-05,ewma_daily,5,0.9424720670264719,0.08183877957280571,-0.4510997238821937,0.4510997238821937,0.1030185377952606,-0.3480811860869331,206.0370755905212,22
JPY,test,50,2025-02-05,2025-03-06,ewma_daily,5,1.187529740363331,0.1031195684876222,-0.5308186390461458,0.5308186390461458,0.1779442322342826,-0.3528744068118632,355.8884644685652,22
JPY,test,51,2025-03-06,2025-04-04,ewma_daily,5,1.278407589187097,0.1110116302733601,-0.05757015762539197,0.05757015762539197,0.1471403273331675,0.08957016970777557,294.2806546663351,22
JPY,test,52,2025-04-04,2025-05-08,ewma_daily,5,1.355093358952544,0.1176713277387123,0.220366179178086,-0.220366179178086,0.1494193746370341,0.36978555381512,298.8387492740681,22
JPY,test,53,2025-05-08,2025-06-06,ewma_daily,5,1.232871062445824,0.1070571059823842,0.3765059151724159,-0.3765059151724159,0.130876321780342,0.5073822369527579,261.752643560684,22
JPY,test,54,2025-06-06,2025-07-07,ewma_daily,5,1.018746788169778,0.08846237813788675,0.02949463338640612,-0.02949463338640612,0.1178525113239618,0.1473471447103679,235.7050226479235,22
JPY,test,55,2025-07-07,2025-08-05,ewma_daily,5,0.8377248411535376,0.07274278602756495,0.1217524053631607,-0.1217524053631607,0.1375382493501511,0.2592906547133118,275.0764987003023,22
JPY,test,56,2025-08-05,2025-09-03,ewma_daily,5,0.7323079670109962,0.06358876841582067,-0.001047618473890566,0.001047618473890566,0.1370146157229451,0.1359669972490545,274.0292314458902,22
JPY,test,57,2025-09-03,2025-10-02,ewma_daily,5,0.6616263814599037,0.05745109997330345,-0.08931001692841534,0.08931001692841534,0.1253197301893744,0.03600971326095909,250.6394603787488,22
JPY,test,58,2025-10-02,2025-10-31,ewma_daily,5,0.5924785772517183,0.05144666181366902,-0.3969289478947076,0.3969289478947076,0.1111028051828681,-0.2858261427118395,222.2056103657362,22
JPY,test,59,2025-10-31,2025-12-01,ewma_daily,5,0.6789433417536941,0.0589548219409132,-0.1516978490115974,0.1516978490115974,0.1358663644104596,-0.01583148460113784,271.7327288209192,22
JPY,test,0,2021-01-04,2021-02-02,ridge_daily,5,0.7465292015332921,0.06482368182306604,0.07575197444369053,-0.07575197444369053,0.1451599180748693,0.2209118925185599,290.3198361497387,22
JPY,test,1,2021-02-02,2021-03-03,ridge_daily,5,0.7057073118787116,0.06127888252535982,0.02693433221961072,-0.02693433221961072,0.1174939705959756,0.1444283028155863,234.9879411919512,22
JPY,test,2,2021-03-03,2021-04-01,ridge_daily,5,0.6005053063423418,0.05214365944022282,-0.1236583112907823,0.1236583112907823,0.1638493046738324,0.0401909933830501,327.6986093476648,22
JPY,test,3,2021-04-01,2021-05-04,ridge_daily,5,0.6092449215222189,0.05290256082926605,-0.2453447438071095,0.2453447438071095,0.1640487584767696,-0.08129598533033988,328.0975169535391,22
JPY,test,4,2021-05-04,2021-06-02,ridge_daily,5,0.6233150320990219,0.05412433523577036,-0.07146085890022391,0.07146085890022391,0.1189900587678623,0.04752919986763837,237.9801175357245,22
JPY,test,5,2021-06-02,2021-07-01,ridge_daily,5,0.5784336290554108,0.05022707592422375,-0.1443823260367014,0.1443823260367014,0.08088766231694679,-0.06349466371975461,161.7753246338935,22
JPY,test,6,2021-07-01,2021-07-30,ridge_daily,5,0.6329029683066665,0.05495690215420801,-0.1468173876844181,0.1468173876844181,0.05577417100030965,-0.09104321668410842,111.5483420006193,22
JPY,test,7,2021-07-30,2021-08-30,ridge_daily,5,0.6089561593564952,0.05287748625878013,0.00125074578734452,-0.00125074578734452,0.07675216535328928,0.0780029111406338,153.5043307065785,22
JPY,test,8,2021-08-30,2021-09-28,ridge_daily,5,0.6403528802597762,0.05560381462321767,-0.2838135114194742,0.2838135114194742,0.1495954957191223,-0.1342180157003519,299.1909914382446,22
JPY,test,9,2021-09-28,2021-10-27,ridge_daily,5,0.6480874919495108,0.05627544948258384,-0.2966890548252081,0.2966890548252081,0.1336118656453082,-0.1630771891798999,267.2237312906164,22
JPY,test,10,2021-10-27,2021-11-25,ridge_daily,5,0.6945178289602012,0.060307238253719,-0.02070565281048274,0.02070565281048274,0.06885853224708478,0.04815287943660204,137.7170644941696,22
JPY,test,11,2021-11-25,2021-12-24,ridge_daily,5,0.7305788609749015,0.06343862011097089,0.02032656305379277,-0.02032656305379277,0.1322889775271326,0.1526155405809254,264.5779550542652,22
JPY,test,12,2021-12-24,2022-01-24,ridge_daily,5,0.7139504490338808,0.06199468017844713,0.02015624371833624,-0.02015624371833624,0.1182557820723363,0.1384120257906725,236.5115641446725,22
JPY,test,13,2022-01-24,2022-02-22,ridge_daily,5,0.648927758824307,0.05634841407245395,-0.2802177083958668,0.2802177083958668,0.1192225682754347,-0.1609951401204321,238.4451365508694,22
JPY,test,14,2022-02-22,2022-03-23,ridge_daily,5,0.736566818685283,0.06395858933289679,-0.8014105594721315,0.8014105594721315,0.1624757261737975,-0.638934833298334,324.9514523475949,22
JPY,test,15,2022-03-23,2022-04-25,ridge_daily,5,1.027508784540714,0.08922326368310161,-0.2841913937255072,0.2841913937255072,0.1232035541835409,-0.1609878395419662,246.4071083670819,22
JPY,test,16,2022-04-25,2022-05-24,ridge_daily,5,1.233395343606283,0.1071026358807371,-0.2455774793829235,0.2455774793829235,0.09896932867930623,-0.1466081507036173,197.9386573586124,22
JPY,test,17,2022-05-24,2022-06-22,ridge_daily,5,1.385908725914021,0.1203474871331841,-0.3691320494060193,0.3691320494060193,0.1391125540490679,-0.2300194953569514,278.2251080981358,22
JPY,test,18,2022-06-22,2022-07-21,ridge_daily,5,1.505859577215631,0.130764788997126,0.0344120681715061,-0.0344120681715061,0.06971667222560636,0.1041287403971125,139.4333444512127,22
JPY,test,19,2022-07-21,2022-08-19,ridge_daily,5,1.496780728441472,0.1299763134485338,-0.1503587441502074,0.1503587441502074,0.06832616463471676,-0.0820325795154906,136.6523292694336,22
JPY,test,20,2022-08-19,2022-09-19,ridge_daily,5,1.549215782709751,0.1345301916845139,0.147964331453025,-0.147964331453025,0.1275280057648006,0.2754923372178256,255.0560115296011,22
JPY,test,21,2022-09-19,2022-10-18,ridge_daily,5,1.379847508935768,0.1198210995647396,-0.1209492762998963,0.1209492762998963,0.155909872081981,0.03496059578208469,311.8197441639619,22
JPY,test,22,2022-10-18,2022-11-16,ridge_daily,5,1.462813159816058,0.127026329021862,0.4063109230798538,-0.4063109230798538,0.1080701973839388,0.5143811204637927,216.1403947678777,22
JPY,test,23,2022-11-16,2022-12-15,ridge_daily,5,1.268655569426642,0.1101647335428536,-0.04073308872824466,0.04073308872824466,0.1267543735590947,0.08602128483085003,253.5087471181894,22
JPY,test,24,2022-12-15,2023-01-16,ridge_daily,5,1.2985472135056,0.112760625224782,-0.346157846521877,0.346157846521877,0.06763283954111854,-0.2785250069807585,135.2656790822371,22
JPY,test,25,2023-01-16,2023-02-14,ridge_daily,5,1.387068219857831,0.1204481836895248,0.03672590300224954,-0.03672590300224954,0.1438507880265299,0.1805766910287794,287.7015760530598,22
JPY,test,26,2023-02-14,2023-03-15,ridge_daily,5,1.429004263086846,0.1240901476567741,-2.046112624806071,2.046112624806071,0.1680809858819711,-1.8780316389241,336.1619717639422,22
JPY,test,27,2023-03-15,2023-04-17,ridge_daily,5,1.571343588922502,0.1364519641514647,-0.3944527622418974,0.3944527622418974,0.1371412390495763,-0.2573115231923211,274.2824780991526,22
JPY,test,28,2023-04-17,2023-05-17,ridge_daily,5,1.475267897213861,0.1281079839962305,0.2043433356290763,-0.2043433356290763,0.1587453305802478,0.363088666209324,317.4906611604954,22
JPY,test,29,2023-05-17,2023-06-15,ridge_daily,5,1.489817880719556,0.1293716084960235,0.7017197054877897,-0.7017197054877897,0.1272389642517109,0.8289586697395006,254.4779285034218,22
JPY,test,30,2023-06-15,2023-07-14,ridge_daily,5,1.169267585347264,0.1015336533239062,0.03440065413610682,-0.03440065413610682,0.1295019372433506,0.1639025913794574,259.0038744867011,22
JPY,test,31,2023-07-14,2023-08-14,ridge_daily,5,0.9536051309015647,0.08280555569737401,-0.5903916763507056,0.5903916763507056,0.1659418429695541,-0.4244498333811514,331.8836859391083,22
JPY,test,32,2023-08-14,2023-09-12,ridge_daily,5,1.016676486321721,0.08828259475116984,0.3200097360002694,-0.3200097360002694,0.0969132578903152,0.4169229938905846,193.8265157806303,22
JPY,test,33,2023-09-12,2023-10-11,ridge_daily,5,1.01495909810015,0.08813345815175545,0.3926490079599603,-0.3926490079599603,0.1479818940487088,0.5406309020086691,295.9637880974177,22
JPY,test,34,2023-10-11,2023-11-09,ridge_daily,5,0.9483383349699395,0.08234819599466098,0.0565995271203974,-0.0565995271203974,0.1427806337397422,0.1993801608601396,285.5612674794843,22
JPY,test,35,2023-11-09,2023-12-08,ridge_daily,5,0.6835999072203762,0.0593591762745284,-0.3763500966177989,0.3763500966177989,0.1092836636570146,-0.2670664329607843,218.567327314029,22
JPY,test,36,2023-12-08,2024-01-11,ridge_daily,5,0.8097688771836786,0.07031518016531751,-0.7295314543959392,0.7295314543959392,0.1660939829097119,-0.5634374714862274,332.1879658194239,22
JPY,test,37,2024-01-11,2024-02-09,ridge_daily,5,1.052312726046026,0.09137722622215673,0.3994610934221328,-0.3994610934221328,0.139446459599548,0.5389075530216807,278.892919199096,22
JPY,test,38,2024-02-09,2024-03-11,ridge_daily,5,1.025367472452679,0.08903731356235974,0.2802977377805291,-0.2802977377805291,0.1135780402019665,0.3938757779824957,227.1560804039331,22
JPY,test,39,2024-03-11,2024-04-11,ridge_daily,5,0.9056397310384767,0.0786403340994685,0.006154082504096436,-0.006154082504096436,0.1136603065772083,0.1198143890813048,227.3206131544166,22
JPY,test,40,2024-04-11,2024-05-13,ridge_daily,5,0.6490177641802291,0.05635622968959699,-0.5066998447063895,0.5066998447063895,0.1591762923714515,-0.347523552334938,318.3525847429029,22
JPY,test,41,2024-05-13,2024-06-11,ridge_daily,5,0.8029818149868646,0.06972581485965428,-0.0595527076777671,0.0595527076777671,0.1473531981947612,0.08780049051699407,294.7063963895222,22
JPY,test,42,2024-06-11,2024-07-10,ridge_daily,5,0.8489240918824379,0.07371529537583933,-0.1879071189370052,0.1879071189370052,0.1240715908231501,-0.06383552811385509,248.1431816463001,22
JPY,test,43,2024-07-10,2024-08-08,ridge_daily,5,0.8609372216411373,0.07475848115349226,-0.4186409332214448,0.4186409332214448,0.06076373879117389,-0.3578771944302709,121.5274775823478,22
JPY,test,44,2024-08-08,2024-09-06,ridge_daily,5,1.508566964116532,0.1309999191768706,0.5747549808690344,-0.5747549808690344,0.1197823403903739,0.6945373212594084,239.5646807807479,22
JPY,test,45,2024-09-06,2024-10-07,ridge_daily,5,1.54030582923707,0.1337563762309741,0.1400365515678601,-0.1400365515678601,0.1713323854855388,0.3113689370533989,342.6647709710775,22
JPY,test,46,2024-10-07,2024-11-05,ridge_daily,5,1.620545448717401,0.1407251223641679,0.7979497641557458,-0.7979497641557458,0.1174499739129498,0.9153997380686957,234.8999478258997,22
JPY,test,47,2024-11-05,2024-12-04,ridge_daily,5,0.9294060023164974,0.08070414701058688,-0.3571092120728044,0.3571092120728044,0.08257153695378085,-0.2745376751190235,165.1430739075617,22
JPY,test,48,2024-12-04,2025-01-07,ridge_daily,5,1.01508169254641,0.08814410415262346,-0.1291368849241366,0.1291368849241366,0.1132446529847677,-0.01589223193936887,226.4893059695353,22
JPY,test,49,2025-01-07,2025-02-05,ridge_daily,5,0.9424720670264719,0.08183877957280571,-0.4383854630255796,0.4383854630255796,0.09478660979728529,-0.3435988532282943,189.5732195945705,22
JPY,test,50,2025-02-05,2025-03-06,ridge_daily,5,1.187529740363331,0.1031195684876222,-0.4973747973758833,0.4973747973758833,0.1747271547131216,-0.3226476426627617,349.4543094262431,22
JPY,test,51,2025-03-06,2025-04-04,ridge_daily,5,1.278407589187097,0.1110116302733601,-0.08129823388711088,0.08129823388711088,0.1519702755863885,0.07067204169927765,303.9405511727771,22
JPY,test,52,2025-04-04,2025-05-08,ridge_daily,5,1.355093358952544,0.1176713277387123,0.2173269569512541,-0.2173269569512541,0.1521125055486813,0.3694394624999354,304.2250110973625,22
JPY,test,53,2025-05-08,2025-06-06,ridge_daily,5,1.232871062445824,0.1070571059823842,0.3949336186397971,-0.3949336186397971,0.1295227120231077,0.5244563306629049,259.0454240462154,22
JPY,test,54,2025-06-06,2025-07-07,ridge_daily,5,1.018746788169778,0.08846237813788675,0.02839034374429161,-0.02839034374429161,0.1201532680425563,0.1485436117868479,240.3065360851126,22
JPY,test,55,2025-07-07,2025-08-05,ridge_daily,5,0.8377248411535376,0.07274278602756495,0.1498113524791549,-0.1498113524791549,0.1355632322412345,0.2853745847203893,271.126464482469,22
JPY,test,56,2025-08-05,2025-09-03,ridge_daily,5,0.7323079670109962,0.06358876841582067,-0.01272382860379651,0.01272382860379651,0.1383058021902526,0.1255819735864561,276.6116043805052,22
JPY,test,57,2025-09-03,2025-10-02,ridge_daily,5,0.6616263814599037,0.05745109997330345,-0.08468857712663613,0.08468857712663613,0.1258561760275977,0.04116759890096161,251.7123520551955,22
JPY,test,58,2025-10-02,2025-10-31,ridge_daily,5,0.5924785772517183,0.05144666181366902,-0.4445527668458311,0.4445527668458311,0.1148716645830636,-0.3296811022627675,229.7433291661272,22
JPY,test,59,2025-10-31,2025-12-01,ridge_daily,5,0.6789433417536941,0.0589548219409132,-0.1473532628277354,0.1473532628277354,0.1355571999491294,-0.01179606287860602,271.1143998982588,22
JPY,test,0,2021-01-04,2021-02-02,selected_daily,5,0.7465292015332921,0.06482368182306604,0.02576882605647768,-0.02576882605647768,0.1538435985846965,0.1796124246411741,307.6871971693929,22
JPY,test,1,2021-02-02,2021-03-03,selected_daily,5,0.7057073118787116,0.06127888252535982,0.04536542019442891,-0.04536542019442891,0.1186461926539673,0.1640116128483962,237.2923853079345,22
JPY,test,2,2021-03-03,2021-04-01,selected_daily,5,0.6005053063423418,0.05214365944022282,-0.149861921499749,0.149861921499749,0.1694790931038221,0.01961717160407317,338.9581862076442,22
JPY,test,3,2021-04-01,2021-05-04,selected_daily,5,0.6092449215222189,0.05290256082926605,-0.2514498634732405,0.2514498634732405,0.1694604219393585,-0.08198944153388199,338.920843878717,22
JPY,test,4,2021-05-04,2021-06-02,selected_daily,5,0.6233150320990219,0.05412433523577036,-0.04218427527139568,0.04218427527139568,0.1178895479046221,0.07570527263322638,235.7790958092442,22
JPY,test,5,2021-06-02,2021-07-01,selected_daily,5,0.5784336290554108,0.05022707592422375,-0.1235925638581358,0.1235925638581358,0.08077035182274497,-0.0428222120353908,161.54070364549,22
JPY,test,6,2021-07-01,2021-07-30,selected_daily,5,0.6329029683066665,0.05495690215420801,-0.0901254119137942,0.0901254119137942,0.05618881140333769,-0.03393660051045651,112.3776228066753,22
JPY,test,7,2021-07-30,2021-08-30,selected_daily,5,0.6089561593564952,0.05287748625878013,-0.0009538997140445815,0.0009538997140445815,0.07763809140552452,0.07668419169147994,155.2761828110491,22
JPY,test,8,2021-08-30,2021-09-28,selected_daily,5,0.6403528802597762,0.05560381462321767,-0.3841760596583867,0.3841760596583867,0.1616468240320528,-0.222529235626334,323.2936480641055,22
JPY,test,9,2021-09-28,2021-10-27,selected_daily,5,0.6480874919495108,0.05627544948258384,-0.312360109356618,0.312360109356618,0.1366287682208966,-0.1757313411357214,273.2575364417931,22
JPY,test,10,2021-10-27,2021-11-25,selected_daily,5,0.6945178289602012,0.060307238253719,0.008376103496878068,-0.008376103496878068,0.07096425258697057,0.07934035608384864,141.9285051739411,22
JPY,test,11,2021-11-25,2021-12-24,selected_daily,5,0.7305788609749015,0.06343862011097089,-0.03308817575863543,0.03308817575863543,0.1398635329593844,0.106775357200749,279.7270659187689,22
JPY,test,12,2021-12-24,2022-01-24,selected_daily,5,0.7139504490338808,0.06199468017844713,0.008874376597361788,-0.008874376597361788,0.1175716554470087,0.1264460320443705,235.1433108940174,22
JPY,test,13,2022-01-24,2022-02-22,selected_daily,5,0.648927758824307,0.05634841407245395,-0.2482282571086643,0.2482282571086643,0.1156921222538808,-0.1325361348547834,231.3842445077616,22
JPY,test,14,2022-02-22,2022-03-23,selected_daily,5,0.736566818685283,0.06395858933289679,-0.8161083949106853,0.8161083949106853,0.1670111265067268,-0.6490972684039584,334.0222530134538,22
JPY,test,15,2022-03-23,2022-04-25,selected_daily,5,1.027508784540714,0.08922326368310161,-0.286905321768657,0.286905321768657,0.1200394798847364,-0.1668658418839206,240.0789597694727,22
JPY,test,16,2022-04-25,2022-05-24,selected_daily,5,1.233395343606283,0.1071026358807371,-0.3122544775258245,0.3122544775258245,0.1049989457989207,-0.2072555317269038,209.9978915978414,22
JPY,test,17,2022-05-24,2022-06-22,selected_daily,5,1.385908725914021,0.1203474871331841,-0.371401866807517,0.371401866807517,0.1374735980752051,-0.2339282687323119,274.9471961504103,22
JPY,test,18,2022-06-22,2022-07-21,selected_daily,5,1.505859577215631,0.130764788997126,0.1046312541240075,-0.1046312541240075,0.0737143868935677,0.1783456410175752,147.4287737871354,22
JPY,test,19,2022-07-21,2022-08-19,selected_daily,5,1.496780728441472,0.1299763134485338,-0.1350872093816596,0.1350872093816596,0.07279075327399938,-0.0622964561076602,145.5815065479987,22
JPY,test,20,2022-08-19,2022-09-19,selected_daily,5,1.549215782709751,0.1345301916845139,0.08253083615367984,-0.08253083615367984,0.1264707212456941,0.2090015573993739,252.9414424913881,22
JPY,test,21,2022-09-19,2022-10-18,selected_daily,5,1.379847508935768,0.1198210995647396,-0.2016936002467276,0.2016936002467276,0.1599429366870981,-0.04175066355962948,319.8858733741961,22
JPY,test,22,2022-10-18,2022-11-16,selected_daily,5,1.462813159816058,0.127026329021862,0.3907458837222459,-0.3907458837222459,0.1063071835807682,0.4970530673030141,212.6143671615363,22
JPY,test,23,2022-11-16,2022-12-15,selected_daily,5,1.268655569426642,0.1101647335428536,-0.09128806783451449,0.09128806783451449,0.1317346668575808,0.04044659902306633,263.4693337151616,22
JPY,test,24,2022-12-15,2023-01-16,selected_daily,5,1.2985472135056,0.112760625224782,-0.476038657688452,0.476038657688452,0.07270159870961385,-0.4033370589788381,145.4031974192277,22
JPY,test,25,2023-01-16,2023-02-14,selected_daily,5,1.387068219857831,0.1204481836895248,0.02340154393736782,-0.02340154393736782,0.1411362906295285,0.1645378345668963,282.2725812590569,22
JPY,test,26,2023-02-14,2023-03-15,selected_daily,5,1.429004263086846,0.1240901476567741,-2.067627270969851,2.067627270969851,0.1663693637674818,-1.901257907202369,332.7387275349636,22
JPY,test,27,2023-03-15,2023-04-17,selected_daily,5,1.571343588922502,0.1364519641514647,-0.2729719097762882,0.2729719097762882,0.130566692002505,-0.1424052177737831,261.1333840050101,22
JPY,test,28,2023-04-17,2023-05-17,selected_daily,5,1.475267897213861,0.1281079839962305,0.2359375246923321,-0.2359375246923321,0.1528559286514196,0.3887934533437517,305.7118573028392,22
JPY,test,29,2023-05-17,2023-06-15,selected_daily,5,1.489817880719556,0.1293716084960235,0.6871114839969152,-0.6871114839969152,0.1263975780663919,0.8135090620633072,252.7951561327838,22
JPY,test,30,2023-06-15,2023-07-14,selected_daily,5,1.169267585347264,0.1015336533239062,0.004291746218626713,-0.004291746218626713,0.124301805171735,0.1285935513903618,248.6036103434701,22
JPY,test,31,2023-07-14,2023-08-14,selected_daily,5,0.9536051309015647,0.08280555569737401,-0.7114117192475646,0.7114117192475646,0.1711003700991856,-0.5403113491483791,342.2007401983711,22
JPY,test,32,2023-08-14,2023-09-12,selected_daily,5,1.016676486321721,0.08828259475116984,0.3017158992466893,-0.3017158992466893,0.09848913979757971,0.400205039044269,196.9782795951593,22
JPY,test,33,2023-09-12,2023-10-11,selected_daily,5,1.01495909810015,0.08813345815175545,0.3846469720803753,-0.3846469720803753,0.1490594798643769,0.5337064519447523,298.1189597287538,22
JPY,test,34,2023-10-11,2023-11-09,selected_daily,5,0.9483383349699395,0.08234819599466098,0.0674149955750778,-0.0674149955750778,0.1420154457998602,0.209430441374938,284.0308915997205,22
JPY,test,35,2023-11-09,2023-12-08,selected_daily,5,0.6835999072203762,0.0593591762745284,-0.3299964662037614,0.3299964662037614,0.1097273789601455,-0.2202690872436159,219.4547579202911,22
JPY,test,36,2023-12-08,2024-01-11,selected_daily,5,0.8097688771836786,0.07031518016531751,-0.7746485613458276,0.7746485613458276,0.1709710221006487,-0.603677539245179,341.9420442012973,22
JPY,test,37,2024-01-11,2024-02-09,selected_daily,5,1.052312726046026,0.09137722622215673,0.3978588018009361,-0.3978588018009361,0.1357783131583617,0.5336371149592978,271.5566263167233,22
JPY,test,38,2024-02-09,2024-03-11,selected_daily,5,1.025367472452679,0.08903731356235974,0.2833886256591995,-0.2833886256591995,0.1089665461042214,0.3923551717634209,217.9330922084427,22
JPY,test,39,2024-03-11,2024-04-11,selected_daily,5,0.9056397310384767,0.0786403340994685,0.02563624185276581,-0.02563624185276581,0.1133042659590254,0.1389405078117912,226.6085319180508,22
JPY,test,40,2024-04-11,2024-05-13,selected_daily,5,0.6490177641802291,0.05635622968959699,-0.4778677208708189,0.4778677208708189,0.1592771872718177,-0.3185905335990011,318.5543745436354,22
JPY,test,41,2024-05-13,2024-06-11,selected_daily,5,0.8029818149868646,0.06972581485965428,-0.07668559410869591,0.07668559410869591,0.1490127262067448,0.07232713209804892,298.0254524134896,22
JPY,test,42,2024-06-11,2024-07-10,selected_daily,5,0.8489240918824379,0.07371529537583933,-0.1783906839162626,0.1783906839162626,0.1243708717451373,-0.05401981217112528,248.7417434902746,22
JPY,test,43,2024-07-10,2024-08-08,selected_daily,5,0.8609372216411373,0.07475848115349226,-0.3270963238782011,0.3270963238782011,0.0631767219600706,-0.2639196019181305,126.3534439201412,22
JPY,test,44,2024-08-08,2024-09-06,selected_daily,5,1.508566964116532,0.1309999191768706,0.629922657593994,-0.629922657593994,0.1147043988940172,0.7446270564880113,229.4087977880346,22
JPY,test,45,2024-09-06,2024-10-07,selected_daily,5,1.54030582923707,0.1337563762309741,0.1907077443266303,-0.1907077443266303,0.1655663971715802,0.3562741414982105,331.1327943431604,22
JPY,test,46,2024-10-07,2024-11-05,selected_daily,5,1.620545448717401,0.1407251223641679,0.7806131402075067,-0.7806131402075067,0.1162225577358208,0.8968356979433275,232.4451154716417,22
JPY,test,47,2024-11-05,2024-12-04,selected_daily,5,0.9294060023164974,0.08070414701058688,-0.3335537161400332,0.3335537161400332,0.08357979598387931,-0.2499739201561539,167.1595919677586,22
JPY,test,48,2024-12-04,2025-01-07,selected_daily,5,1.01508169254641,0.08814410415262346,-0.08538625782077247,0.08538625782077247,0.1114736560423328,0.02608739822156031,222.9473120846656,22
JPY,test,49,2025-01-07,2025-02-05,selected_daily,5,0.9424720670264719,0.08183877957280571,-0.4510997238821937,0.4510997238821937,0.1030185377952606,-0.3480811860869331,206.0370755905212,22
JPY,test,50,2025-02-05,2025-03-06,selected_daily,5,1.187529740363331,0.1031195684876222,-0.5308186390461458,0.5308186390461458,0.1779442322342826,-0.3528744068118632,355.8884644685652,22
JPY,test,51,2025-03-06,2025-04-04,selected_daily,5,1.278407589187097,0.1110116302733601,-0.05757015762539197,0.05757015762539197,0.1471403273331675,0.08957016970777557,294.2806546663351,22
JPY,test,52,2025-04-04,2025-05-08,selected_daily,5,1.355093358952544,0.1176713277387123,0.220366179178086,-0.220366179178086,0.1494193746370341,0.36978555381512,298.8387492740681,22
JPY,test,53,2025-05-08,2025-06-06,selected_daily,5,1.232871062445824,0.1070571059823842,0.3765059151724159,-0.3765059151724159,0.130876321780342,0.5073822369527579,261.752643560684,22
JPY,test,54,2025-06-06,2025-07-07,selected_daily,5,1.018746788169778,0.08846237813788675,0.02949463338640612,-0.02949463338640612,0.1178525113239618,0.1473471447103679,235.7050226479235,22
JPY,test,55,2025-07-07,2025-08-05,selected_daily,5,0.8377248411535376,0.07274278602756495,0.1217524053631607,-0.1217524053631607,0.1375382493501511,0.2592906547133118,275.0764987003023,22
JPY,test,56,2025-08-05,2025-09-03,selected_daily,5,0.7323079670109962,0.06358876841582067,-0.001047618473890566,0.001047618473890566,0.1370146157229451,0.1359669972490545,274.0292314458902,22
JPY,test,57,2025-09-03,2025-10-02,selected_daily,5,0.6616263814599037,0.05745109997330345,-0.08931001692841534,0.08931001692841534,0.1253197301893744,0.03600971326095909,250.6394603787488,22
JPY,test,58,2025-10-02,2025-10-31,selected_daily,5,0.5924785772517183,0.05144666181366902,-0.3969289478947076,0.3969289478947076,0.1111028051828681,-0.2858261427118395,222.2056103657362,22
JPY,test,59,2025-10-31,2025-12-01,selected_daily,5,0.6789433417536941,0.0589548219409132,-0.1516978490115974,0.1516978490115974,0.1358663644104596,-0.01583148460113784,271.7327288209192,22
JPY,test,0,2021-01-04,2021-02-02,selected_every5,5,0.7465292015332921,0.06482368182306604,0.1947028176668368,-0.1947028176668368,0.09713249944880158,0.2918353171156384,194.2649988976031,6
JPY,test,1,2021-02-02,2021-03-03,selected_every5,5,0.7057073118787116,0.06127888252535982,-0.04617577345118207,0.04617577345118207,0.1012541732455481,0.05507839979436599,202.5083464910961,6
JPY,test,2,2021-03-03,2021-04-01,selected_every5,5,0.6005053063423418,0.05214365944022282,-0.3128892552963123,0.3128892552963123,0.1368808322173365,-0.1760084230789758,273.7616644346729,6
JPY,test,3,2021-04-01,2021-05-04,selected_every5,5,0.6092449215222189,0.05290256082926605,-0.02115664427657293,0.02115664427657293,0.1028397507622215,0.08168310648564853,205.6795015244429,6
JPY,test,4,2021-05-04,2021-06-02,selected_every5,5,0.6233150320990219,0.05412433523577036,-0.07767904583816687,0.07767904583816687,0.1012369500241387,0.02355790418597184,202.4739000482774,6
JPY,test,5,2021-06-02,2021-07-01,selected_every5,5,0.5784336290554108,0.05022707592422375,0.04724837308767205,-0.04724837308767205,0.0500446641175046,0.09729303720517665,100.0893282350092,6
JPY,test,6,2021-07-01,2021-07-30,selected_every5,5,0.6329029683066665,0.05495690215420801,-0.3671623191784344,0.3671623191784344,0.04985371692127868,-0.3173086022571557,99.70743384255736,6
JPY,test,7,2021-07-30,2021-08-30,selected_every5,5,0.6089561593564952,0.05287748625878013,-0.0935637224496868,0.0935637224496868,0.05257566273164929,-0.04098805971803751,105.1513254632986,6
JPY,test,8,2021-08-30,2021-09-28,selected_every5,5,0.6403528802597762,0.05560381462321767,-0.1842437132319219,0.1842437132319219,0.1110937217331263,-0.07314999149879564,222.1874434662525,6
JPY,test,9,2021-09-28,2021-10-27,selected_every5,5,0.6480874919495108,0.05627544948258384,-0.659311734857468,0.659311734857468,0.1245258050852474,-0.5347859297722206,249.0516101704947,6
JPY,test,10,2021-10-27,2021-11-25,selected_every5,5,0.6945178289602012,0.060307238253719,0.007998057547855947,-0.007998057547855947,0.05004209274172324,0.05804015028957919,100.0841854834465,6
JPY,test,11,2021-11-25,2021-12-24,selected_every5,5,0.7305788609749015,0.06343862011097089,0.3319671425918926,-0.3319671425918926,0.07642399539896123,0.4083911379908539,152.8479907979224,6
JPY,test,12,2021-12-24,2022-01-24,selected_every5,5,0.7139504490338808,0.06199468017844713,0.1142691890231582,-0.1142691890231582,0.08299329950706076,0.1972624885302189,165.9865990141215,6
JPY,test,13,2022-01-24,2022-02-22,selected_every5,5,0.648927758824307,0.05634841407245395,-0.4557266882952575,0.4557266882952575,0.104287910594513,-0.3514387777007446,208.5758211890259,6
JPY,test,14,2022-02-22,2022-03-23,selected_every5,5,0.736566818685283,0.06395858933289679,-1.591930356787415,1.591930356787415,0.1474031615902884,-1.444527195197127,294.8063231805768,6
JPY,test,15,2022-03-23,2022-04-25,selected_every5,5,1.027508784540714,0.08922326368310161,-0.2931014284599343,0.2931014284599343,0.1025238565967856,-0.1905775718631487,205.0477131935712,6
JPY,test,16,2022-04-25,2022-05-24,selected_every5,5,1.233395343606283,0.1071026358807371,0.04874198904305072,-0.04874198904305072,0.06675506695753601,0.1154970560005867,133.510133915072,6
JPY,test,17,2022-05-24,2022-06-22,selected_every5,5,1.385908725914021,0.1203474871331841,-0.3925688949804709,0.3925688949804709,0.1032626934151172,-0.2893062015653536,206.5253868302345,6
JPY,test,18,2022-06-22,2022-07-21,selected_every5,5,1.505859577215631,0.130764788997126,-0.4964165625143222,0.4964165625143222,0.05325540845498708,-0.4431611540593351,106.5108169099742,6
JPY,test,19,2022-07-21,2022-08-19,selected_every5,5,1.496780728441472,0.1299763134485338,-0.1858781006364347,0.1858781006364347,0.04989810984606981,-0.1359799907903649,99.79621969213963,6
JPY,test,20,2022-08-19,2022-09-19,selected_every5,5,1.549215782709751,0.1345301916845139,-0.1246119536889125,0.1246119536889125,0.1090191798882966,-0.01559277380061594,218.0383597765932,6
JPY,test,21,2022-09-19,2022-10-18,selected_every5,5,1.379847508935768,0.1198210995647396,-0.6911692681279362,0.6911692681279362,0.1361423880980353,-0.5550268800299009,272.2847761960707,6
JPY,test,22,2022-10-18,2022-11-16,selected_every5,5,1.462813159816058,0.127026329021862,0.8590076083517673,-0.8590076083517673,0.05206082040359958,0.9110684287553669,104.1216408071991,6
JPY,test,23,2022-11-16,2022-12-15,selected_every5,5,1.268655569426642,0.1101647335428536,0.7153465100718011,-0.7153465100718011,0.05519205478116276,0.7705385648529638,110.3841095623255,6
JPY,test,24,2022-12-15,2023-01-16,selected_every5,5,1.2985472135056,0.112760625224782,-0.4482339362936586,0.4482339362936586,0.04980367140022056,-0.398430264893438,99.60734280044115,6
JPY,test,25,2023-01-16,2023-02-14,selected_every5,5,1.387068219857831,0.1204481836895248,0.2456649709964296,-0.2456649709964296,0.1012024294699678,0.3468674004663974,202.4048589399356,6
JPY,test,26,2023-02-14,2023-03-15,selected_every5,5,1.429004263086846,0.1240901476567741,-1.259605216816283,1.259605216816283,0.09634200653072827,-1.163263210285554,192.6840130614565,6
JPY,test,27,2023-03-15,2023-04-17,selected_every5,5,1.571343588922502,0.1364519641514647,-0.07665286926814474,0.07665286926814474,0.1034459181987523,0.0267930489306076,206.8918363975047,6
JPY,test,28,2023-04-17,2023-05-17,selected_every5,5,1.475267897213861,0.1281079839962305,0.5740591146353751,-0.5740591146353751,0.09870835383315385,0.672767468468529,197.4167076663077,6
JPY,test,29,2023-05-17,2023-06-15,selected_every5,5,1.489817880719556,0.1293716084960235,0.6460757058731161,-0.6460757058731161,0.1018321980920828,0.7479079039651989,203.6643961841656,6
JPY,test,30,2023-06-15,2023-07-14,selected_every5,5,1.169267585347264,0.1015336533239062,-0.1020619349926051,0.1020619349926051,0.1002932138157562,-0.001768721176848898,200.5864276315124,6
JPY,test,31,2023-07-14,2023-08-14,selected_every5,5,0.9536051309015647,0.08280555569737401,-1.202029177532879,1.202029177532879,0.1492079898057391,-1.05282118772714,298.4159796114782,6
JPY,test,32,2023-08-14,2023-09-12,selected_every5,5,1.016676486321721,0.08828259475116984,0.5282974427825859,-0.5282974427825859,0.0550906046021066,0.5833880473846925,110.1812092042132,6
JPY,test,33,2023-09-12,2023-10-11,selected_every5,5,1.01495909810015,0.08813345815175545,0.7072290459741737,-0.7072290459741737,0.08426725786726127,0.791496303841435,168.5345157345226,6
JPY,test,34,2023-10-11,2023-11-09,selected_every5,5,0.9483383349699395,0.08234819599466098,0.2532379839648513,-0.2532379839648513,0.1014683981979743,0.3547063821628256,202.9367963959486,6
JPY,test,35,2023-11-09,2023-12-08,selected_every5,5,0.6835999072203762,0.0593591762745284,-1.256115803626844,1.256115803626844,0.0818342075940109,-1.174281596032834,163.6684151880218,6
JPY,test,36,2023-12-08,2024-01-11,selected_every5,5,0.8097688771836786,0.07031518016531751,-0.3026048870865594,0.3026048870865594,0.1092161880361021,-0.1933886990504573,218.4323760722041,6
JPY,test,37,2024-01-11,2024-02-09,selected_every5,5,1.052312726046026,0.09137722622215673,0.3140181523254455,-0.3140181523254455,0.1152565942270958,0.4292747465525413,230.5131884541917,6
JPY,test,38,2024-02-09,2024-03-11,selected_every5,5,1.025367472452679,0.08903731356235974,0.4163647545573284,-0.4163647545573284,0.08610770759692402,0.5024724621542523,172.215415193848,6
JPY,test,39,2024-03-11,2024-04-11,selected_every5,5,0.9056397310384767,0.0786403340994685,-0.02719445366047069,0.02719445366047069,0.1015843589377683,0.07438990527729764,203.1687178755366,6
JPY,test,40,2024-04-11,2024-05-13,selected_every5,5,0.6490177641802291,0.05635622968959699,-0.8035461328139633,0.8035461328139633,0.130593537830388,-0.6729525949835753,261.187075660776,6
JPY,test,41,2024-05-13,2024-06-11,selected_every5,5,0.8029818149868646,0.06972581485965428,0.4098165484119107,-0.4098165484119107,0.0846556458723563,0.494472194284267,169.3112917447126,6
JPY,test,42,2024-06-11,2024-07-10,selected_every5,5,0.8489240918824379,0.07371529537583933,-0.136911671172669,0.136911671172669,0.1023205418917148,-0.03459112928095417,204.6410837834297,6
JPY,test,43,2024-07-10,2024-08-08,selected_every5,5,0.8609372216411373,0.07475848115349226,-0.5899602706994249,0.5899602706994249,0.0497012874969338,-0.5402589832024911,99.40257499386762,6
JPY,test,44,2024-08-08,2024-09-06,selected_every5,5,1.508566964116532,0.1309999191768706,0.8800353781843171,-0.8800353781843171,0.07358405986642767,0.9536194380507448,147.1681197328553,6
JPY,test,45,2024-09-06,2024-10-07,selected_every5,5,1.54030582923707,0.1337563762309741,-0.1885811223695129,0.1885811223695129,0.1330809261563826,-0.05550019621313021,266.1618523127653,6
JPY,test,46,2024-10-07,2024-11-05,selected_every5,5,1.620545448717401,0.1407251223641679,0.7126706674957859,-0.7126706674957859,0.1062934667553734,0.8189641342511593,212.5869335107469,6
JPY,test,47,2024-11-05,2024-12-04,selected_every5,5,0.9294060023164974,0.08070414701058688,-0.1598224971898259,0.1598224971898259,0.0500064577762,-0.1098160394136259,100.0129155524,5
JPY,test,48,2024-12-04,2025-01-07,selected_every5,5,1.01508169254641,0.08814410415262346,-0.1920725657447662,0.1920725657447662,0.1022139424862019,-0.08985862325856422,204.4278849724039,6
JPY,test,49,2025-01-07,2025-02-05,selected_every5,5,0.9424720670264719,0.08183877957280571,0.04016365358503114,-0.04016365358503114,0.05010744477288311,0.09027109835791425,100.2148895457662,6
JPY,test,50,2025-02-05,2025-03-06,selected_every5,5,1.187529740363331,0.1031195684876222,0.3006328545927488,-0.3006328545927488,0.1107622225791522,0.411395077171901,221.5244451583044,6
JPY,test,51,2025-03-06,2025-04-04,selected_every5,5,1.278407589187097,0.1110116302733601,0.3611831450386234,-0.3611831450386234,0.1003614546389743,0.4615445996775977,200.7229092779487,6
JPY,test,52,2025-04-04,2025-05-08,selected_every5,5,1.355093358952544,0.1176713277387123,0.5794384985258461,-0.5794384985258461,0.1078065253965674,0.6872450239224135,215.6130507931349,6
JPY,test,53,2025-05-08,2025-06-06,selected_every5,5,1.232871062445824,0.1070571059823842,0.7398151369855128,-0.7398151369855128,0.07563624081542288,0.8154513778009357,151.2724816308457,6
JPY,test,54,2025-06-06,2025-07-07,selected_every5,5,1.018746788169778,0.08846237813788675,0.01712099138046597,-0.01712099138046597,0.1022993777000515,0.1194203690805174,204.5987554001029,6
JPY,test,55,2025-07-07,2025-08-05,selected_every5,5,0.8377248411535376,0.07274278602756495,0.2601608662008132,-0.2601608662008132,0.08572188285591845,0.3458827490567317,171.4437657118369,6
JPY,test,56,2025-08-05,2025-09-03,selected_every5,5,0.7323079670109962,0.06358876841582067,-0.05051909312768998,0.05051909312768998,0.1054237882218416,0.05490469509415161,210.8475764436832,6
JPY,test,57,2025-09-03,2025-10-02,selected_every5,5,0.6616263814599037,0.05745109997330345,-0.01648245843309581,0.01648245843309581,0.0899962154996622,0.07351375706656639,179.9924309993244,6
JPY,test,58,2025-10-02,2025-10-31,selected_every5,5,0.5924785772517183,0.05144666181366902,-0.9076331953232852,0.9076331953232852,0.1031422402514129,-0.8044909550718724,206.2844805028257,6
JPY,test,59,2025-10-31,2025-12-01,selected_every5,5,0.6789433417536941,0.0589548219409132,-0.179822181829266,0.179822181829266,0.1168149484967267,-0.06300723333253927,233.6298969934535,6
JPY,test,0,2021-01-04,2021-02-02,selected_threshold,5,0.7465292015332921,0.06482368182306604,0.02167679699732616,-0.02167679699732616,0.1442148207036203,0.1658916177009465,288.4296414072408,15
JPY,test,1,2021-02-02,2021-03-03,selected_threshold,5,0.7057073118787116,0.06127888252535982,0.06431952815779596,-0.06431952815779596,0.1081426116947216,0.1724621398525176,216.2852233894433,10
JPY,test,2,2021-03-03,2021-04-01,selected_threshold,5,0.6005053063423418,0.05214365944022282,-0.1011119523738131,0.1011119523738131,0.1561583127640492,0.05504636039023608,312.3166255280984,16
JPY,test,3,2021-04-01,2021-05-04,selected_threshold,5,0.6092449215222189,0.05290256082926605,-0.2530687533997593,0.2530687533997593,0.1651751179134503,-0.08789363548630902,330.3502358269006,16
JPY,test,4,2021-05-04,2021-06-02,selected_threshold,5,0.6233150320990219,0.05412433523577036,-0.0420863497708126,0.0420863497708126,0.1077224705582464,0.0656361207874338,215.4449411164928,9
JPY,test,5,2021-06-02,2021-07-01,selected_threshold,5,0.5784336290554108,0.05022707592422375,-0.1222218709282612,0.1222218709282612,0.07547921469637948,-0.04674265623188172,150.958429392759,12
JPY,test,6,2021-07-01,2021-07-30,selected_threshold,5,0.6329029683066665,0.05495690215420801,-0.1604185463547075,0.1604185463547075,0.05514422719549965,-0.1052743191592079,110.2884543909993,8
JPY,test,7,2021-07-30,2021-08-30,selected_threshold,5,0.6089561593564952,0.05287748625878013,-0.01761425574804676,0.01761425574804676,0.07243905108997677,0.05482479534193001,144.8781021799535,12
JPY,test,8,2021-08-30,2021-09-28,selected_threshold,5,0.6403528802597762,0.05560381462321767,-0.382942095897036,0.382942095897036,0.1568943837064882,-0.2260477121905478,313.7887674129764,15
JPY,test,9,2021-09-28,2021-10-27,selected_threshold,5,0.6480874919495108,0.05627544948258384,-0.2974945968005329,0.2974945968005329,0.1275529373354173,-0.1699416594651156,255.1058746708346,11
JPY,test,10,2021-10-27,2021-11-25,selected_threshold,5,0.6945178289602012,0.060307238253719,-0.01701183250078131,0.01701183250078131,0.07094471305999363,0.05393288055921232,141.8894261199873,12
JPY,test,11,2021-11-25,2021-12-24,selected_threshold,5,0.7305788609749015,0.06343862011097089,-0.02148343358971516,0.02148343358971516,0.1356134726643917,0.1141300390746766,271.2269453287835,15
JPY,test,12,2021-12-24,2022-01-24,selected_threshold,5,0.7139504490338808,0.06199468017844713,0.03421770235270571,-0.03421770235270571,0.1075916005046733,0.141809302857379,215.1832010093466,13
JPY,test,13,2022-01-24,2022-02-22,selected_threshold,5,0.648927758824307,0.05634841407245395,-0.1363965168984009,0.1363965168984009,0.09589938525809036,-0.04049713164031057,191.7987705161807,6
JPY,test,14,2022-02-22,2022-03-23,selected_threshold,5,0.736566818685283,0.06395858933289679,-0.873481074747545,0.873481074747545,0.1609551839133702,-0.7125258908341747,321.9103678267405,13
JPY,test,15,2022-03-23,2022-04-25,selected_threshold,5,1.027508784540714,0.08922326368310161,-0.2757570273940217,0.2757570273940217,0.1067041371893069,-0.1690528902047149,213.4082743786138,8
JPY,test,16,2022-04-25,2022-05-24,selected_threshold,5,1.233395343606283,0.1071026358807371,-0.3617142424098718,0.3617142424098718,0.0962896531059392,-0.2654245893039326,192.5793062118784,13
JPY,test,17,2022-05-24,2022-06-22,selected_threshold,5,1.385908725914021,0.1203474871331841,-0.2890545048545619,0.2890545048545619,0.1277882332369218,-0.16126627161764,255.5764664738436,11
JPY,test,18,2022-06-22,2022-07-21,selected_threshold,5,1.505859577215631,0.130764788997126,0.1073707838620459,-0.1073707838620459,0.06491884252332476,0.1722896263853707,129.8376850466495,10
JPY,test,19,2022-07-21,2022-08-19,selected_threshold,5,1.496780728441472,0.1299763134485338,0.09346081633529923,-0.09346081633529923,0.05638981754816939,0.1498506338834686,112.7796350963388,9
JPY,test,20,2022-08-19,2022-09-19,selected_threshold,5,1.549215782709751,0.1345301916845139,0.04896988973101202,-0.04896988973101202,0.1221537490070201,0.1711236387380321,244.3074980140402,11
JPY,test,21,2022-09-19,2022-10-18,selected_threshold,5,1.379847508935768,0.1198210995647396,-0.2425804370740821,0.2425804370740821,0.1594774091679483,-0.08310302790613372,318.9548183358967,15
JPY,test,22,2022-10-18,2022-11-16,selected_threshold,5,1.462813159816058,0.127026329021862,0.4457604170325107,-0.4457604170325107,0.09145857095678669,0.5372189879892973,182.9171419135734,13
JPY,test,23,2022-11-16,2022-12-15,selected_threshold,5,1.268655569426642,0.1101647335428536,0.001585975019989583,-0.001585975019989583,0.1183028286536977,0.1198888036736873,236.6056573073954,14
JPY,test,24,2022-12-15,2023-01-16,selected_threshold,5,1.2985472135056,0.112760625224782,-0.4183494140901681,0.4183494140901681,0.05498629258031319,-0.3633631215098549,109.9725851606264,7
JPY,test,25,2023-01-16,2023-02-14,selected_threshold,5,1.387068219857831,0.1204481836895248,0.03043891747081773,-0.03043891747081773,0.131688211729857,0.1621271292006748,263.376423459714,12
JPY,test,26,2023-02-14,2023-03-15,selected_threshold,5,1.429004263086846,0.1240901476567741,-2.100039313647883,2.100039313647883,0.155726491402979,-1.944312822244904,311.452982805958,10
JPY,test,27,2023-03-15,2023-04-17,selected_threshold,5,1.571343588922502,0.1364519641514647,-0.2432756145160653,0.2432756145160653,0.1231118360113848,-0.1201637785046805,246.2236720227695,10
JPY,test,28,2023-04-17,2023-05-17,selected_threshold,5,1.475267897213861,0.1281079839962305,0.2901980501982564,-0.2901980501982564,0.1411263796100728,0.4313244298083292,282.2527592201457,14
JPY,test,29,2023-05-17,2023-06-15,selected_threshold,5,1.489817880719556,0.1293716084960235,0.6475035447211326,-0.6475035447211326,0.1179702492303262,0.7654737939514588,235.9404984606523,13
JPY,test,30,2023-06-15,2023-07-14,selected_threshold,5,1.169267585347264,0.1015336533239062,-0.01440258351357215,0.01440258351357215,0.114432067841141,0.1000294843275688,228.864135682282,8
JPY,test,31,2023-07-14,2023-08-14,selected_threshold,5,0.9536051309015647,0.08280555569737401,-0.646712888545423,0.646712888545423,0.1554351735360724,-0.4912777150093506,310.8703470721448,12
JPY,test,32,2023-08-14,2023-09-12,selected_threshold,5,1.016676486321721,0.08828259475116984,0.2849800090983674,-0.2849800090983674,0.08803949989842008,0.3730195089967875,176.0789997968402,12
JPY,test,33,2023-09-12,2023-10-11,selected_threshold,5,1.01495909810015,0.08813345815175545,0.3807868066977562,-0.3807868066977562,0.1436110739602147,0.524397880657971,287.2221479204294,15
JPY,test,34,2023-10-11,2023-11-09,selected_threshold,5,0.9483383349699395,0.08234819599466098,0.02774599518122045,-0.02774599518122045,0.1413545949999034,0.1691005901811238,282.7091899998068,14
JPY,test,35,2023-11-09,2023-12-08,selected_threshold,5,0.6835999072203762,0.0593591762745284,-0.3805337406129097,0.3805337406129097,0.109705170893851,-0.2708285697190587,219.410341787702,16
JPY,test,36,2023-12-08,2024-01-11,selected_threshold,5,0.8097688771836786,0.07031518016531751,-0.7189194656468487,0.7189194656468487,0.1636680011667856,-0.5552514644800631,327.3360023335711,15
JPY,test,37,2024-01-11,2024-02-09,selected_threshold,5,1.052312726046026,0.09137722622215673,0.3749208942847844,-0.3749208942847844,0.1265742060440347,0.5014951003288191,253.1484120880694,11
JPY,test,38,2024-02-09,2024-03-11,selected_threshold,5,1.025367472452679,0.08903731356235974,0.2487878438035978,-0.2487878438035978,0.103847935592391,0.3526357793959887,207.6958711847819,11
JPY,test,39,2024-03-11,2024-04-11,selected_threshold,5,0.9056397310384767,0.0786403340994685,0.05221065111589951,-0.05221065111589951,0.1012026426480485,0.153413293763948,202.405285296097,8
JPY,test,40,2024-04-11,2024-05-13,selected_threshold,5,0.6490177641802291,0.05635622968959699,-0.431908416273501,0.431908416273501,0.1496362162521419,-0.2822722000213591,299.2724325042836,14
JPY,test,41,2024-05-13,2024-06-11,selected_threshold,5,0.8029818149868646,0.06972581485965428,-0.08085497223730442,0.08085497223730442,0.1411760596011398,0.0603210873638354,282.3521192022797,14
JPY,test,42,2024-06-11,2024-07-10,selected_threshold,5,0.8489240918824379,0.07371529537583933,-0.198058051809241,0.198058051809241,0.1182516816257894,-0.07980637018345157,236.5033632515788,9
JPY,test,43,2024-07-10,2024-08-08,selected_threshold,5,0.8609372216411373,0.07475848115349226,-0.4439836256851928,0.4439836256851928,0.05674186974195935,-0.3872417559432335,113.4837394839187,8
JPY,test,44,2024-08-08,2024-09-06,selected_threshold,5,1.508566964116532,0.1309999191768706,0.6362338402438752,-0.6362338402438752,0.1070000067191474,0.7432338469630226,214.0000134382949,14
JPY,test,45,2024-09-06,2024-10-07,selected_threshold,5,1.54030582923707,0.1337563762309741,0.1925856771541277,-0.1925856771541277,0.1548752414154977,0.3474609185696254,309.7504828309955,16
JPY,test,46,2024-10-07,2024-11-05,selected_threshold,5,1.620545448717401,0.1407251223641679,0.7653767864546666,-0.7653767864546666,0.1072481030439765,0.872624889498643,214.496206087953,9
JPY,test,47,2024-11-05,2024-12-04,selected_threshold,5,0.9294060023164974,0.08070414701058688,-0.3632873403635148,0.3632873403635148,0.08160849513083628,-0.2816788452326786,163.2169902616726,13
JPY,test,48,2024-12-04,2025-01-07,selected_threshold,5,1.01508169254641,0.08814410415262346,-0.1577544746133555,0.1577544746133555,0.1089201497817666,-0.04883432483158889,217.8402995635331,9
JPY,test,49,2025-01-07,2025-02-05,selected_threshold,5,0.9424720670264719,0.08183877957280571,-0.3723570345360088,0.3723570345360088,0.09177966937713587,-0.2805773651588729,183.5593387542718,13
JPY,test,50,2025-02-05,2025-03-06,selected_threshold,5,1.187529740363331,0.1031195684876222,-0.5394135194663221,0.5394135194663221,0.1696796593657257,-0.3697338601005964,339.3593187314515,14
JPY,test,51,2025-03-06,2025-04-04,selected_threshold,5,1.278407589187097,0.1110116302733601,-0.09713992767463253,0.09713992767463253,0.1440906409543539,0.04695071327972136,288.1812819087078,15
JPY,test,52,2025-04-04,2025-05-08,selected_threshold,5,1.355093358952544,0.1176713277387123,0.2436839957120043,-0.2436839957120043,0.1418878372814704,0.3855718329934746,283.7756745629408,15
JPY,test,53,2025-05-08,2025-06-06,selected_threshold,5,1.232871062445824,0.1070571059823842,0.3920238209397979,-0.3920238209397979,0.1220642315604839,0.5140880525002818,244.1284631209678,12
JPY,test,54,2025-06-06,2025-07-07,selected_threshold,5,1.018746788169778,0.08846237813788675,0.006335205274083933,-0.006335205274083933,0.1093437770965619,0.1156789823706458,218.6875541931237,12
JPY,test,55,2025-07-07,2025-08-05,selected_threshold,5,0.8377248411535376,0.07274278602756495,0.1243823580897683,-0.1243823580897683,0.1286548373923626,0.2530371954821309,257.3096747847252,14
JPY,test,56,2025-08-05,2025-09-03,selected_threshold,5,0.7323079670109962,0.06358876841582067,-0.01161935121854185,0.01161935121854185,0.1324383902323628,0.120819039013821,264.8767804647256,15
JPY,test,57,2025-09-03,2025-10-02,selected_threshold,5,0.6616263814599037,0.05745109997330345,-0.07597597285197111,0.07597597285197111,0.1162779510574808,0.04030197820550968,232.5559021149616,14
JPY,test,58,2025-10-02,2025-10-31,selected_threshold,5,0.5924785772517183,0.05144666181366902,-0.411025887244918,0.411025887244918,0.104989097904229,-0.3060367893406889,209.9781958084581,8
JPY,test,59,2025-10-31,2025-12-01,selected_threshold,5,0.6789433417536941,0.0589548219409132,-0.08295165550963191,0.08295165550963191,0.1192633982450435,0.03631174273541164,238.5267964900871,11
JPY,test,0,2021-01-04,2021-02-02,frozen_rolling63_daily,10,0.7465292015332921,0.06482368182306604,-0.08503918049971304,0.08503918049971304,0.2956908180405532,0.2106516375408402,295.6908180405533,22
JPY,test,1,2021-02-02,2021-03-03,frozen_rolling63_daily,10,0.7057073118787116,0.06127888252535982,-0.1104161492021518,0.1104161492021518,0.2369521479121647,0.1265359987100129,236.9521479121647,22
JPY,test,2,2021-03-03,2021-04-01,frozen_rolling63_daily,10,0.6005053063423418,0.05214365944022282,-0.3310865676800319,0.3310865676800319,0.3460496168750554,0.01496304919502356,346.0496168750555,22
JPY,test,3,2021-04-01,2021-05-04,frozen_rolling63_daily,10,0.6092449215222189,0.05290256082926605,-0.4157014023495975,0.4157014023495975,0.3402934884620145,-0.07540791388758306,340.2934884620144,22
JPY,test,4,2021-05-04,2021-06-02,frozen_rolling63_daily,10,0.6233150320990219,0.05412433523577036,-0.1664782906597395,0.1664782906597395,0.237811520462839,0.07133322980309953,237.811520462839,22
JPY,test,5,2021-06-02,2021-07-01,frozen_rolling63_daily,10,0.5784336290554108,0.05022707592422375,-0.2047353003995734,0.2047353003995734,0.1562772229975932,-0.04845807740198022,156.2772229975932,22
JPY,test,6,2021-07-01,2021-07-30,frozen_rolling63_daily,10,0.6329029683066665,0.05495690215420801,-0.139347382424924,0.139347382424924,0.1119077246022664,-0.02743965782265761,111.9077246022663,22
JPY,test,7,2021-07-30,2021-08-30,frozen_rolling63_daily,10,0.6089561593564952,0.05287748625878013,-0.08458777246991955,0.08458777246991955,0.1530510629551863,0.06846329048526675,153.0510629551863,22
JPY,test,8,2021-08-30,2021-09-28,frozen_rolling63_daily,10,0.6403528802597762,0.05560381462321767,-0.5316758439248588,0.5316758439248588,0.3187315815940415,-0.2129442623308173,318.7315815940416,22
JPY,test,9,2021-09-28,2021-10-27,frozen_rolling63_daily,10,0.6480874919495108,0.05627544948258384,-0.4175995028340793,0.4175995028340793,0.2751638411788883,-0.142435661655191,275.1638411788883,22
JPY,test,10,2021-10-27,2021-11-25,frozen_rolling63_daily,10,0.6945178289602012,0.060307238253719,-0.07792107452615908,0.07792107452615908,0.1439323315925874,0.06601125706642837,143.9323315925874,22
JPY,test,11,2021-11-25,2021-12-24,frozen_rolling63_daily,10,0.7305788609749015,0.06343862011097089,-0.130686112356166,0.130686112356166,0.2721242764090444,0.1414381640528783,272.1242764090444,22
JPY,test,12,2021-12-24,2022-01-24,frozen_rolling63_daily,10,0.7139504490338808,0.06199468017844713,-0.08821116425621867,0.08821116425621867,0.2311044917253276,0.1428933274691089,231.1044917253276,22
JPY,test,13,2022-01-24,2022-02-22,frozen_rolling63_daily,10,0.648927758824307,0.05634841407245395,-0.3689907485711643,0.3689907485711643,0.2224245034548231,-0.1465662451163412,222.4245034548231,22
JPY,test,14,2022-02-22,2022-03-23,frozen_rolling63_daily,10,0.736566818685283,0.06395858933289679,-1.02052439537465,1.02052439537465,0.3432150044222987,-0.6773093909523517,343.2150044222987,22
JPY,test,15,2022-03-23,2022-04-25,frozen_rolling63_daily,10,1.027508784540714,0.08922326368310161,-0.3866156866586152,0.3866156866586152,0.2411831669331489,-0.1454325197254664,241.1831669331489,22
JPY,test,16,2022-04-25,2022-05-24,frozen_rolling63_daily,10,1.233395343606283,0.1071026358807371,-0.4514288999938643,0.4514288999938643,0.2074038390627502,-0.2440250609311141,207.4038390627502,22
JPY,test,17,2022-05-24,2022-06-22,frozen_rolling63_daily,10,1.385908725914021,0.1203474871331841,-0.5390843136001422,0.5390843136001422,0.2705132352625042,-0.268571078337638,270.5132352625042,22
JPY,test,18,2022-06-22,2022-07-21,frozen_rolling63_daily,10,1.505859577215631,0.130764788997126,0.03099852479008058,-0.03099852479008058,0.1506929560684314,0.181691480858512,150.6929560684314,22
JPY,test,19,2022-07-21,2022-08-19,frozen_rolling63_daily,10,1.496780728441472,0.1299763134485338,-0.2296089274308792,0.2296089274308792,0.1449315307576545,-0.08467739667322463,144.9315307576546,22
JPY,test,20,2022-08-19,2022-09-19,frozen_rolling63_daily,10,1.549215782709751,0.1345301916845139,-0.1016673777271109,0.1016673777271109,0.250270274982715,0.1486028972556042,250.270274982715,22
JPY,test,21,2022-09-19,2022-10-18,frozen_rolling63_daily,10,1.379847508935768,0.1198210995647396,-0.4146054682278901,0.4146054682278901,0.3273280090237644,-0.08727745920412572,327.3280090237644,22
JPY,test,22,2022-10-18,2022-11-16,frozen_rolling63_daily,10,1.462813159816058,0.127026329021862,0.3200322149601584,-0.3200322149601584,0.2033807042270851,0.5234129191872435,203.3807042270851,22
JPY,test,23,2022-11-16,2022-12-15,frozen_rolling63_daily,10,1.268655569426642,0.1101647335428536,-0.2227281556448091,0.2227281556448091,0.260624487424952,0.03789633178014296,260.6244874249521,22
JPY,test,24,2022-12-15,2023-01-16,frozen_rolling63_daily,10,1.2985472135056,0.112760625224782,-0.5329978749834032,0.5329978749834032,0.143030278123548,-0.3899675968598553,143.0302781235479,22
JPY,test,25,2023-01-16,2023-02-14,frozen_rolling63_daily,10,1.387068219857831,0.1204481836895248,-0.129977308163717,0.129977308163717,0.2863634086969748,0.1563861005332578,286.3634086969747,22
JPY,test,26,2023-02-14,2023-03-15,frozen_rolling63_daily,10,1.429004263086846,0.1240901476567741,-2.120930267973975,2.120930267973975,0.3223639050454417,-1.798566362928533,322.3639050454417,22
JPY,test,27,2023-03-15,2023-04-17,frozen_rolling63_daily,10,1.571343588922502,0.1364519641514647,-0.363361259760552,0.363361259760552,0.2617665387771241,-0.1015947209834279,261.7665387771241,22
JPY,test,28,2023-04-17,2023-05-17,frozen_rolling63_daily,10,1.475267897213861,0.1281079839962305,0.08876403757449225,-0.08876403757449225,0.3036405780211556,0.3924046155956479,303.6405780211556,22
JPY,test,29,2023-05-17,2023-06-15,frozen_rolling63_daily,10,1.489817880719556,0.1293716084960235,0.5177067344491775,-0.5177067344491775,0.2448234930844312,0.7625302275336087,244.8234930844312,22
JPY,test,30,2023-06-15,2023-07-14,frozen_rolling63_daily,10,1.169267585347264,0.1015336533239062,-0.1048154320393593,0.1048154320393593,0.2507790042149373,0.145963572175578,250.7790042149373,22
JPY,test,31,2023-07-14,2023-08-14,frozen_rolling63_daily,10,0.9536051309015647,0.08280555569737401,-0.9528092484619179,0.9528092484619179,0.3601037603829346,-0.5927054880789833,360.1037603829346,22
JPY,test,32,2023-08-14,2023-09-12,frozen_rolling63_daily,10,1.016676486321721,0.08828259475116984,0.1743625474583519,-0.1743625474583519,0.2048253212069333,0.3791878686652852,204.8253212069333,22
JPY,test,33,2023-09-12,2023-10-11,frozen_rolling63_daily,10,1.01495909810015,0.08813345815175545,0.3011066119254551,-0.3011066119254551,0.2735167729142313,0.5746233848396863,273.5167729142312,22
JPY,test,34,2023-10-11,2023-11-09,frozen_rolling63_daily,10,0.9483383349699395,0.08234819599466098,-0.09697626208711085,0.09697626208711085,0.2742109108356834,0.1772346487485725,274.2109108356834,22
JPY,test,35,2023-11-09,2023-12-08,frozen_rolling63_daily,10,0.6835999072203762,0.0593591762745284,-0.4526990473370657,0.4526990473370657,0.2312240209594338,-0.2214750263776319,231.2240209594338,22
JPY,test,36,2023-12-08,2024-01-11,frozen_rolling63_daily,10,0.8097688771836786,0.07031518016531751,-1.076322055527328,1.076322055527328,0.3765181697237761,-0.6998038858035518,376.5181697237761,22
JPY,test,37,2024-01-11,2024-02-09,frozen_rolling63_daily,10,1.052312726046026,0.09137722622215673,0.2813851875671531,-0.2813851875671531,0.2592067977649629,0.5405919853321159,259.2067977649629,22
JPY,test,38,2024-02-09,2024-03-11,frozen_rolling63_daily,10,1.025367472452679,0.08903731356235974,0.2556606819737581,-0.2556606819737581,0.2041835278725452,0.4598442098463034,204.1835278725452,22
JPY,test,39,2024-03-11,2024-04-11,frozen_rolling63_daily,10,0.9056397310384767,0.0786403340994685,-0.1599722970564983,0.1599722970564983,0.2294958405984738,0.06952354354197549,229.4958405984738,22
JPY,test,40,2024-04-11,2024-05-13,frozen_rolling63_daily,10,0.6490177641802291,0.05635622968959699,-0.5759235850258619,0.5759235850258619,0.3198142475758425,-0.2561093374500194,319.8142475758426,22
JPY,test,41,2024-05-13,2024-06-11,frozen_rolling63_daily,10,0.8029818149868646,0.06972581485965428,-0.2394969027997433,0.2394969027997433,0.3032539875794644,0.06375708477972103,303.2539875794643,22
JPY,test,42,2024-06-11,2024-07-10,frozen_rolling63_daily,10,0.8489240918824379,0.07371529537583933,-0.2994019816144373,0.2994019816144373,0.2501050350391252,-0.04929694657531208,250.1050350391253,22
JPY,test,43,2024-07-10,2024-08-08,frozen_rolling63_daily,10,0.8609372216411373,0.07475848115349226,-0.3320978666609858,0.3320978666609858,0.1241837804658129,-0.2079140861951729,124.1837804658129,21
JPY,test,44,2024-08-08,2024-09-06,frozen_rolling63_daily,10,1.508566964116532,0.1309999191768706,0.5051482555046078,-0.5051482555046078,0.2342381541822749,0.7393864096868827,234.238154182275,22
JPY,test,45,2024-09-06,2024-10-07,frozen_rolling63_daily,10,1.54030582923707,0.1337563762309741,0.04728669060585844,-0.04728669060585844,0.3197389975287434,0.3670256881346018,319.7389975287433,22
JPY,test,46,2024-10-07,2024-11-05,frozen_rolling63_daily,10,1.620545448717401,0.1407251223641679,0.6077119417807637,-0.6077119417807637,0.2222861496518119,0.8299980914325756,222.2861496518119,22
JPY,test,47,2024-11-05,2024-12-04,frozen_rolling63_daily,10,0.9294060023164974,0.08070414701058688,-0.3521564880746115,0.3521564880746115,0.169224326565621,-0.1829321615089905,169.224326565621,22
JPY,test,48,2024-12-04,2025-01-07,frozen_rolling63_daily,10,1.01508169254641,0.08814410415262346,-0.1802278727664799,0.1802278727664799,0.22291731293737,0.0426894401708901,222.9173129373699,22
JPY,test,49,2025-01-07,2025-02-05,frozen_rolling63_daily,10,0.9424720670264719,0.08183877957280571,-0.5660309213841761,0.5660309213841761,0.2170394699633465,-0.3489914514208297,217.0394699633464,22
JPY,test,50,2025-02-05,2025-03-06,frozen_rolling63_daily,10,1.187529740363331,0.1031195684876222,-0.7388337293907341,0.7388337293907341,0.3643261087805941,-0.37450762061014,364.326108780594,22
JPY,test,51,2025-03-06,2025-04-04,frozen_rolling63_daily,10,1.278407589187097,0.1110116302733601,-0.2111704331813371,0.2111704331813371,0.2977883868976887,0.08661795371635161,297.7883868976887,22
JPY,test,52,2025-04-04,2025-05-08,frozen_rolling63_daily,10,1.355093358952544,0.1176713277387123,0.0694304779146222,-0.0694304779146222,0.2929177419850498,0.362348219899672,292.9177419850498,22
JPY,test,53,2025-05-08,2025-06-06,frozen_rolling63_daily,10,1.232871062445824,0.1070571059823842,0.3133112347530016,-0.3133112347530016,0.2398565294123426,0.5531677641653442,239.8565294123425,22
JPY,test,54,2025-06-06,2025-07-07,frozen_rolling63_daily,10,1.018746788169778,0.08846237813788675,-0.1208704116925645,0.1208704116925645,0.2356221166786208,0.1147517049860562,235.6221166786208,22
JPY,test,55,2025-07-07,2025-08-05,frozen_rolling63_daily,10,0.8377248411535376,0.07274278602756495,0.00668025050336496,-0.00668025050336496,0.2711364685818099,0.2778167190851749,271.1364685818099,22
JPY,test,56,2025-08-05,2025-09-03,frozen_rolling63_daily,10,0.7323079670109962,0.06358876841582067,-0.1406800994914619,0.1406800994914619,0.2767190672029348,0.1360389677114729,276.7190672029349,22
JPY,test,57,2025-09-03,2025-10-02,frozen_rolling63_daily,10,0.6616263814599037,0.05745109997330345,-0.190578651814219,0.190578651814219,0.2481045674356251,0.0575259156214061,248.1045674356251,22
JPY,test,58,2025-10-02,2025-10-31,frozen_rolling63_daily,10,0.5924785772517183,0.05144666181366902,-0.4438906484460716,0.4438906484460716,0.2163418589997435,-0.2275487894463281,216.3418589997435,22
JPY,test,59,2025-10-31,2025-12-01,frozen_rolling63_daily,10,0.6789433417536941,0.0589548219409132,-0.2838208453917304,0.2838208453917304,0.2744613417515558,-0.009359503640174571,274.4613417515558,22
JPY,test,0,2021-01-04,2021-02-02,rolling63_daily,10,0.7465292015332921,0.06482368182306604,-0.103050778169866,0.103050778169866,0.2998275444882426,0.1967767663183767,299.8275444882427,22
JPY,test,1,2021-02-02,2021-03-03,rolling63_daily,10,0.7057073118787116,0.06127888252535982,-0.06415887411709775,0.06415887411709775,0.2389760480665131,0.1748171739494154,238.9760480665131,22
JPY,test,2,2021-03-03,2021-04-01,rolling63_daily,10,0.6005053063423418,0.05214365944022282,-0.3223829691004312,0.3223829691004312,0.3427304449871855,0.02034747588675434,342.7304449871855,22
JPY,test,3,2021-04-01,2021-05-04,rolling63_daily,10,0.6092449215222189,0.05290256082926605,-0.4250011360042265,0.4250011360042265,0.342341692166686,-0.08265944383754054,342.3416921666859,22
JPY,test,4,2021-05-04,2021-06-02,rolling63_daily,10,0.6233150320990219,0.05412433523577036,-0.1654155238509816,0.1654155238509816,0.2373702562202369,0.07195473236925531,237.370256220237,22
JPY,test,5,2021-06-02,2021-07-01,rolling63_daily,10,0.5784336290554108,0.05022707592422375,-0.2077060440059834,0.2077060440059834,0.158896782041608,-0.04880926196437543,158.896782041608,22
JPY,test,6,2021-07-01,2021-07-30,rolling63_daily,10,0.6329029683066665,0.05495690215420801,-0.1392001051546013,0.1392001051546013,0.1127914441991336,-0.02640866095546769,112.7914441991336,22
JPY,test,7,2021-07-30,2021-08-30,rolling63_daily,10,0.6089561593564952,0.05287748625878013,-0.08367961148841685,0.08367961148841685,0.1562052935836877,0.07252568209527085,156.2052935836877,22
JPY,test,8,2021-08-30,2021-09-28,rolling63_daily,10,0.6403528802597762,0.05560381462321767,-0.5321695673696922,0.5321695673696922,0.3193401172240486,-0.2128294501456436,319.3401172240488,22
JPY,test,9,2021-09-28,2021-10-27,rolling63_daily,10,0.6480874919495108,0.05627544948258384,-0.4345625376090538,0.4345625376090538,0.277370707739155,-0.1571918298698989,277.3707077391549,22
JPY,test,10,2021-10-27,2021-11-25,rolling63_daily,10,0.6945178289602012,0.060307238253719,-0.07993185944639855,0.07993185944639855,0.1432632730305569,0.06333141358415834,143.2632730305569,22
JPY,test,11,2021-11-25,2021-12-24,rolling63_daily,10,0.7305788609749015,0.06343862011097089,-0.1440352238037548,0.1440352238037548,0.2746622236311812,0.1306269998274264,274.6622236311812,22
JPY,test,12,2021-12-24,2022-01-24,rolling63_daily,10,0.7139504490338808,0.06199468017844713,-0.1124985229139561,0.1124985229139561,0.2361025303270961,0.12360400741314,236.1025303270961,22
JPY,test,13,2022-01-24,2022-02-22,rolling63_daily,10,0.648927758824307,0.05634841407245395,-0.3694110614488011,0.3694110614488011,0.2285570337766644,-0.1408540276721367,228.5570337766643,22
JPY,test,14,2022-02-22,2022-03-23,rolling63_daily,10,0.736566818685283,0.06395858933289679,-1.00484140265506,1.00484140265506,0.3396285560145164,-0.6652128466405438,339.6285560145163,22
JPY,test,15,2022-03-23,2022-04-25,rolling63_daily,10,1.027508784540714,0.08922326368310161,-0.4188224322030294,0.4188224322030294,0.2430839429326994,-0.17573848927033,243.0839429326994,22
JPY,test,16,2022-04-25,2022-05-24,rolling63_daily,10,1.233395343606283,0.1071026358807371,-0.4191031531128226,0.4191031531128226,0.2070002392977039,-0.2121029138151188,207.0002392977039,22
JPY,test,17,2022-05-24,2022-06-22,rolling63_daily,10,1.385908725914021,0.1203474871331841,-0.5089667328264511,0.5089667328264511,0.271522018526459,-0.2374447142999921,271.522018526459,22
JPY,test,18,2022-06-22,2022-07-21,rolling63_daily,10,1.505859577215631,0.130764788997126,0.03617987004316303,-0.03617987004316303,0.1503782692794354,0.1865581393225985,150.3782692794354,22
JPY,test,19,2022-07-21,2022-08-19,rolling63_daily,10,1.496780728441472,0.1299763134485338,-0.2194854453759716,0.2194854453759716,0.1450616524930227,-0.07442379288294895,145.0616524930226,22
JPY,test,20,2022-08-19,2022-09-19,rolling63_daily,10,1.549215782709751,0.1345301916845139,-0.08307456520319079,0.08307456520319079,0.2492949155756742,0.1662203503724834,249.2949155756742,22
JPY,test,21,2022-09-19,2022-10-18,rolling63_daily,10,1.379847508935768,0.1198210995647396,-0.3863625382594904,0.3863625382594904,0.3207056846826514,-0.06565685357683904,320.7056846826514,22
JPY,test,22,2022-10-18,2022-11-16,rolling63_daily,10,1.462813159816058,0.127026329021862,0.2911693918962133,-0.2911693918962133,0.2106352743159827,0.501804666212196,210.6352743159827,22
JPY,test,23,2022-11-16,2022-12-15,rolling63_daily,10,1.268655569426642,0.1101647335428536,-0.2189183178975371,0.2189183178975371,0.2598202993648358,0.04090198146729868,259.8202993648358,22
JPY,test,24,2022-12-15,2023-01-16,rolling63_daily,10,1.2985472135056,0.112760625224782,-0.528922983140179,0.528922983140179,0.1437660289632139,-0.3851569541769651,143.766028963214,22
JPY,test,25,2023-01-16,2023-02-14,rolling63_daily,10,1.387068219857831,0.1204481836895248,-0.1229893001520423,0.1229893001520423,0.2854446960905385,0.1624553959384961,285.4446960905385,22
JPY,test,26,2023-02-14,2023-03-15,rolling63_daily,10,1.429004263086846,0.1240901476567741,-2.172881273774635,2.172881273774635,0.3253597343354145,-1.847521539439221,325.3597343354145,22
JPY,test,27,2023-03-15,2023-04-17,rolling63_daily,10,1.571343588922502,0.1364519641514647,-0.3793975801238787,0.3793975801238787,0.2646840832282235,-0.1147134968956552,264.6840832282235,22
JPY,test,28,2023-04-17,2023-05-17,rolling63_daily,10,1.475267897213861,0.1281079839962305,0.1019775272929024,-0.1019775272929024,0.3016789557629709,0.4036564830558733,301.6789557629709,22
JPY,test,29,2023-05-17,2023-06-15,rolling63_daily,10,1.489817880719556,0.1293716084960235,0.5274943347342287,-0.5274943347342287,0.245808031352778,0.7733023660870068,245.808031352778,22
JPY,test,30,2023-06-15,2023-07-14,rolling63_daily,10,1.169267585347264,0.1015336533239062,-0.1244119887080615,0.1244119887080615,0.2482412219034186,0.1238292331953571,248.2412219034186,22
JPY,test,31,2023-07-14,2023-08-14,rolling63_daily,10,0.9536051309015647,0.08280555569737401,-0.9396483454093385,0.9396483454093385,0.3549524697909021,-0.5846958756184364,354.9524697909021,22
JPY,test,32,2023-08-14,2023-09-12,rolling63_daily,10,1.016676486321721,0.08828259475116984,0.1790110159044458,-0.1790110159044458,0.2031249454494519,0.3821359613538977,203.1249454494519,22
JPY,test,33,2023-09-12,2023-10-11,rolling63_daily,10,1.01495909810015,0.08813345815175545,0.2826544493649266,-0.2826544493649266,0.2807891464289618,0.5634435957938884,280.7891464289618,22
JPY,test,34,2023-10-11,2023-11-09,rolling63_daily,10,0.9483383349699395,0.08234819599466098,-0.02533939780063577,0.02533939780063577,0.2769783506365922,0.2516389528359564,276.9783506365922,22
JPY,test,35,2023-11-09,2023-12-08,rolling63_daily,10,0.6835999072203762,0.0593591762745284,-0.4593455069176677,0.4593455069176677,0.2312565670588187,-0.228088939858849,231.2565670588186,22
JPY,test,36,2023-12-08,2024-01-11,rolling63_daily,10,0.8097688771836786,0.07031518016531751,-1.037682293494115,1.037682293494115,0.3612869110219799,-0.6763953824721347,361.2869110219799,22
JPY,test,37,2024-01-11,2024-02-09,rolling63_daily,10,1.052312726046026,0.09137722622215673,0.2775276917889897,-0.2775276917889897,0.2615828102624119,0.5391105020514017,261.582810262412,22
JPY,test,38,2024-02-09,2024-03-11,rolling63_daily,10,1.025367472452679,0.08903731356235974,0.2361707460012497,-0.2361707460012497,0.2069241080738192,0.4430948540750689,206.9241080738192,22
JPY,test,39,2024-03-11,2024-04-11,rolling63_daily,10,0.9056397310384767,0.0786403340994685,-0.09702453264989686,0.09702453264989686,0.2232069076042169,0.1261823749543201,223.2069076042168,22
JPY,test,40,2024-04-11,2024-05-13,rolling63_daily,10,0.6490177641802291,0.05635622968959699,-0.6045224505353985,0.6045224505353985,0.3227748160965649,-0.2817476344388337,322.7748160965648,22
JPY,test,41,2024-05-13,2024-06-11,rolling63_daily,10,0.8029818149868646,0.06972581485965428,-0.2232702219091323,0.2232702219091323,0.3008017451733714,0.07753152326423918,300.8017451733715,22
JPY,test,42,2024-06-11,2024-07-10,rolling63_daily,10,0.8489240918824379,0.07371529537583933,-0.3086831782461132,0.3086831782461132,0.2497252744593667,-0.05895790378674653,249.7252744593667,22
JPY,test,43,2024-07-10,2024-08-08,rolling63_daily,10,0.8609372216411373,0.07475848115349226,-0.3924241487594158,0.3924241487594158,0.1256040589615903,-0.2668200897978255,125.6040589615903,22
JPY,test,44,2024-08-08,2024-09-06,rolling63_daily,10,1.508566964116532,0.1309999191768706,0.5109248121555865,-0.5109248121555865,0.2335995978996599,0.7445244100552464,233.5995978996599,22
JPY,test,45,2024-09-06,2024-10-07,rolling63_daily,10,1.54030582923707,0.1337563762309741,0.04641232094853365,-0.04641232094853365,0.3174470692907579,0.3638593902392916,317.4470692907579,22
JPY,test,46,2024-10-07,2024-11-05,rolling63_daily,10,1.620545448717401,0.1407251223641679,0.6199189359378749,-0.6199189359378749,0.22689379031608,0.846812726253955,226.89379031608,22
JPY,test,47,2024-11-05,2024-12-04,rolling63_daily,10,0.9294060023164974,0.08070414701058688,-0.3760551521566328,0.3760551521566328,0.1703898612675054,-0.2056652908891273,170.3898612675054,22
JPY,test,48,2024-12-04,2025-01-07,rolling63_daily,10,1.01508169254641,0.08814410415262346,-0.1554730574139569,0.1554730574139569,0.2226296595064778,0.06715660209252095,222.6296595064778,22
JPY,test,49,2025-01-07,2025-02-05,rolling63_daily,10,0.9424720670264719,0.08183877957280571,-0.5692026409905111,0.5692026409905111,0.2122167492417601,-0.3569858917487511,212.2167492417601,22
JPY,test,50,2025-02-05,2025-03-06,rolling63_daily,10,1.187529740363331,0.1031195684876222,-0.7295899256693303,0.7295899256693303,0.3602434209226268,-0.3693465047467036,360.2434209226268,22
JPY,test,51,2025-03-06,2025-04-04,rolling63_daily,10,1.278407589187097,0.1110116302733601,-0.2068859403212571,0.2068859403212571,0.2967401781378345,0.08985423781657748,296.7401781378345,22
JPY,test,52,2025-04-04,2025-05-08,rolling63_daily,10,1.355093358952544,0.1176713277387123,0.07522599282714282,-0.07522599282714282,0.2950910608517081,0.3703170536788509,295.0910608517081,22
JPY,test,53,2025-05-08,2025-06-06,rolling63_daily,10,1.232871062445824,0.1070571059823842,0.2956704501501761,-0.2956704501501761,0.2470233017255163,0.5426937518756925,247.0233017255163,22
JPY,test,54,2025-06-06,2025-07-07,rolling63_daily,10,1.018746788169778,0.08846237813788675,-0.05879446498397556,0.05879446498397556,0.2338263333964429,0.1750318684124674,233.8263333964429,22
JPY,test,55,2025-07-07,2025-08-05,rolling63_daily,10,0.8377248411535376,0.07274278602756495,-0.032981845494227,0.032981845494227,0.2810214490847918,0.2480396035905648,281.0214490847918,22
JPY,test,56,2025-08-05,2025-09-03,rolling63_daily,10,0.7323079670109962,0.06358876841582067,-0.1386698626110672,0.1386698626110672,0.2772181035486039,0.1385482409375367,277.2181035486038,22
JPY,test,57,2025-09-03,2025-10-02,rolling63_daily,10,0.6616263814599037,0.05745109997330345,-0.2300528667151553,0.2300528667151553,0.2547377204957119,0.02468485378055657,254.737720495712,22
JPY,test,58,2025-10-02,2025-10-31,rolling63_daily,10,0.5924785772517183,0.05144666181366902,-0.4743895123060469,0.4743895123060469,0.2213852594819593,-0.2530042528240876,221.3852594819593,22
JPY,test,59,2025-10-31,2025-12-01,rolling63_daily,10,0.6789433417536941,0.0589548219409132,-0.2860638057370863,0.2860638057370863,0.275011229798839,-0.01105257593824732,275.0112297988389,22
JPY,test,0,2021-01-04,2021-02-02,ewma_daily,10,0.7465292015332921,0.06482368182306604,-0.1280747725282225,0.1280747725282225,0.3076871971693929,0.1796124246411704,307.6871971693929,22
JPY,test,1,2021-02-02,2021-03-03,ewma_daily,10,0.7057073118787116,0.06127888252535982,-0.07328077245954034,0.07328077245954034,0.2372923853079346,0.1640116128483942,237.2923853079345,22
JPY,test,2,2021-03-03,2021-04-01,ewma_daily,10,0.6005053063423418,0.05214365944022282,-0.3193410146035944,0.3193410146035944,0.3389581862076443,0.01961717160404985,338.9581862076442,22
JPY,test,3,2021-04-01,2021-05-04,ewma_daily,10,0.6092449215222189,0.05290256082926605,-0.420910285412603,0.420910285412603,0.338920843878717,-0.08198944153388599,338.920843878717,22
JPY,test,4,2021-05-04,2021-06-02,ewma_daily,10,0.6233150320990219,0.05412433523577036,-0.1600738231759919,0.1600738231759919,0.2357790958092441,0.07570527263325216,235.7790958092442,22
JPY,test,5,2021-06-02,2021-07-01,ewma_daily,10,0.5784336290554108,0.05022707592422375,-0.2043629156808754,0.2043629156808754,0.1615407036454899,-0.0428222120353855,161.54070364549,22
JPY,test,6,2021-07-01,2021-07-30,ewma_daily,10,0.6329029683066665,0.05495690215420801,-0.1463142233171393,0.1463142233171393,0.1123776228066754,-0.03393660051046393,112.3776228066753,22
JPY,test,7,2021-07-30,2021-08-30,ewma_daily,10,0.6089561593564952,0.05287748625878013,-0.07859199111959203,0.07859199111959203,0.155276182811049,0.07668419169145702,155.2761828110491,22
JPY,test,8,2021-08-30,2021-09-28,ewma_daily,10,0.6403528802597762,0.05560381462321767,-0.5458228836904411,0.5458228836904411,0.3232936480641055,-0.2225292356263355,323.2936480641055,22
JPY,test,9,2021-09-28,2021-10-27,ewma_daily,10,0.6480874919495108,0.05627544948258384,-0.4489888775775626,0.4489888775775626,0.2732575364417931,-0.1757313411357694,273.2575364417931,22
JPY,test,10,2021-10-27,2021-11-25,ewma_daily,10,0.6945178289602012,0.060307238253719,-0.06258814909010015,0.06258814909010015,0.1419285051739411,0.079340356083841,141.9285051739411,22
JPY,test,11,2021-11-25,2021-12-24,ewma_daily,10,0.7305788609749015,0.06343862011097089,-0.1729517087180383,0.1729517087180383,0.2797270659187688,0.1067753572007305,279.7270659187689,22
JPY,test,12,2021-12-24,2022-01-24,ewma_daily,10,0.7139504490338808,0.06199468017844713,-0.108697278849661,0.108697278849661,0.2351433108940174,0.1264460320443565,235.1433108940174,22
JPY,test,13,2022-01-24,2022-02-22,ewma_daily,10,0.648927758824307,0.05634841407245395,-0.3639203793625967,0.3639203793625967,0.2313842445077617,-0.132536134854835,231.3842445077616,22
JPY,test,14,2022-02-22,2022-03-23,ewma_daily,10,0.736566818685283,0.06395858933289679,-0.9831195214174073,0.9831195214174073,0.3340222530134537,-0.6490972684039537,334.0222530134538,22
JPY,test,15,2022-03-23,2022-04-25,ewma_daily,10,1.027508784540714,0.08922326368310161,-0.4069448016533812,0.4069448016533812,0.2400789597694727,-0.1668658418839085,240.0789597694727,22
JPY,test,16,2022-04-25,2022-05-24,ewma_daily,10,1.233395343606283,0.1071026358807371,-0.4172534233247536,0.4172534233247536,0.2099978915978413,-0.2072555317269122,209.9978915978414,22
JPY,test,17,2022-05-24,2022-06-22,ewma_daily,10,1.385908725914021,0.1203474871331841,-0.5088754648826921,0.5088754648826921,0.2749471961504102,-0.2339282687322819,274.9471961504103,22
JPY,test,18,2022-06-22,2022-07-21,ewma_daily,10,1.505859577215631,0.130764788997126,0.03091686723041231,-0.03091686723041231,0.1474287737871354,0.1783456410175477,147.4287737871354,22
JPY,test,19,2022-07-21,2022-08-19,ewma_daily,10,1.496780728441472,0.1299763134485338,-0.2078779626556509,0.2078779626556509,0.1455815065479988,-0.06229645610765211,145.5815065479987,22
JPY,test,20,2022-08-19,2022-09-19,ewma_daily,10,1.549215782709751,0.1345301916845139,-0.04393988509201563,0.04393988509201563,0.2529414424913882,0.2090015573993725,252.9414424913881,22
JPY,test,21,2022-09-19,2022-10-18,ewma_daily,10,1.379847508935768,0.1198210995647396,-0.3616365369338155,0.3616365369338155,0.3198858733741962,-0.04175066355961932,319.8858733741961,22
JPY,test,22,2022-10-18,2022-11-16,ewma_daily,10,1.462813159816058,0.127026329021862,0.2844387001414979,-0.2844387001414979,0.2126143671615363,0.4970530673030342,212.6143671615363,22
JPY,test,23,2022-11-16,2022-12-15,ewma_daily,10,1.268655569426642,0.1101647335428536,-0.2230227346920959,0.2230227346920959,0.2634693337151616,0.04044659902306574,263.4693337151616,22
JPY,test,24,2022-12-15,2023-01-16,ewma_daily,10,1.2985472135056,0.112760625224782,-0.5487402563980777,0.5487402563980777,0.1454031974192277,-0.40333705897885,145.4031974192277,22
JPY,test,25,2023-01-16,2023-02-14,ewma_daily,10,1.387068219857831,0.1204481836895248,-0.1177347466921503,0.1177347466921503,0.282272581259057,0.1645378345669067,282.2725812590569,22
JPY,test,26,2023-02-14,2023-03-15,ewma_daily,10,1.429004263086846,0.1240901476567741,-2.233996634737338,2.233996634737338,0.3327387275349636,-1.901257907202374,332.7387275349636,22
JPY,test,27,2023-03-15,2023-04-17,ewma_daily,10,1.571343588922502,0.1364519641514647,-0.403538601778834,0.403538601778834,0.26113338400501,-0.142405217773824,261.1333840050101,22
JPY,test,28,2023-04-17,2023-05-17,ewma_daily,10,1.475267897213861,0.1281079839962305,0.08308159604091259,-0.08308159604091259,0.3057118573028392,0.3887934533437518,305.7118573028392,22
JPY,test,29,2023-05-17,2023-06-15,ewma_daily,10,1.489817880719556,0.1293716084960235,0.5607139059305126,-0.5607139059305126,0.2527951561327838,0.8135090620632964,252.7951561327838,22
JPY,test,30,2023-06-15,2023-07-14,ewma_daily,10,1.169267585347264,0.1015336533239062,-0.1200100589530706,0.1200100589530706,0.2486036103434701,0.1285935513903995,248.6036103434701,22
JPY,test,31,2023-07-14,2023-08-14,ewma_daily,10,0.9536051309015647,0.08280555569737401,-0.8825120893467471,0.8825120893467471,0.3422007401983711,-0.540311349148376,342.2007401983711,22
JPY,test,32,2023-08-14,2023-09-12,ewma_daily,10,1.016676486321721,0.08828259475116984,0.2032267594491097,-0.2032267594491097,0.1969782795951594,0.4002050390442692,196.9782795951593,22
JPY,test,33,2023-09-12,2023-10-11,ewma_daily,10,1.01495909810015,0.08813345815175545,0.2355874922160268,-0.2355874922160268,0.2981189597287538,0.5337064519447806,298.1189597287538,22
JPY,test,34,2023-10-11,2023-11-09,ewma_daily,10,0.9483383349699395,0.08234819599466098,-0.07460045022475015,0.07460045022475015,0.2840308915997204,0.2094304413749702,284.0308915997205,22
JPY,test,35,2023-11-09,2023-12-08,ewma_daily,10,0.6835999072203762,0.0593591762745284,-0.4397238451638817,0.4397238451638817,0.219454757920291,-0.2202690872435906,219.4547579202911,22
JPY,test,36,2023-12-08,2024-01-11,ewma_daily,10,0.8097688771836786,0.07031518016531751,-0.9456195834465007,0.9456195834465007,0.3419420442012973,-0.6036775392452034,341.9420442012973,22
JPY,test,37,2024-01-11,2024-02-09,ewma_daily,10,1.052312726046026,0.09137722622215673,0.2620804886425674,-0.2620804886425674,0.2715566263167234,0.5336371149592908,271.5566263167233,22
JPY,test,38,2024-02-09,2024-03-11,ewma_daily,10,1.025367472452679,0.08903731356235974,0.1744220795549509,-0.1744220795549509,0.2179330922084427,0.3923551717633936,217.9330922084427,22
JPY,test,39,2024-03-11,2024-04-11,ewma_daily,10,0.9056397310384767,0.0786403340994685,-0.08766802410625019,0.08766802410625019,0.2266085319180509,0.1389405078118007,226.6085319180508,22
JPY,test,40,2024-04-11,2024-05-13,ewma_daily,10,0.6490177641802291,0.05635622968959699,-0.6371449081426164,0.6371449081426164,0.3185543745436354,-0.3185905335989809,318.5543745436354,22
JPY,test,41,2024-05-13,2024-06-11,ewma_daily,10,0.8029818149868646,0.06972581485965428,-0.2256983203154448,0.2256983203154448,0.2980254524134897,0.07232713209804487,298.0254524134896,22
JPY,test,42,2024-06-11,2024-07-10,ewma_daily,10,0.8489240918824379,0.07371529537583933,-0.302761555661391,0.302761555661391,0.2487417434902746,-0.0540198121711164,248.7417434902746,22
JPY,test,43,2024-07-10,2024-08-08,ewma_daily,10,0.8609372216411373,0.07475848115349226,-0.3902730458382646,0.3902730458382646,0.1263534439201412,-0.2639196019181234,126.3534439201412,22
JPY,test,44,2024-08-08,2024-09-06,ewma_daily,10,1.508566964116532,0.1309999191768706,0.5152182586999743,-0.5152182586999743,0.2294087977880345,0.7446270564880088,229.4087977880346,22
JPY,test,45,2024-09-06,2024-10-07,ewma_daily,10,1.54030582923707,0.1337563762309741,0.02514134715505634,-0.02514134715505634,0.3311327943431605,0.3562741414982168,331.1327943431604,22
JPY,test,46,2024-10-07,2024-11-05,ewma_daily,10,1.620545448717401,0.1407251223641679,0.6643905824717109,-0.6643905824717109,0.2324451154716417,0.8968356979433526,232.4451154716417,22
JPY,test,47,2024-11-05,2024-12-04,ewma_daily,10,0.9294060023164974,0.08070414701058688,-0.4171335121238995,0.4171335121238995,0.1671595919677586,-0.2499739201561409,167.1595919677586,22
JPY,test,48,2024-12-04,2025-01-07,ewma_daily,10,1.01508169254641,0.08814410415262346,-0.1968599138631504,0.1968599138631504,0.2229473120846656,0.02608739822151518,222.9473120846656,22
JPY,test,49,2025-01-07,2025-02-05,ewma_daily,10,0.9424720670264719,0.08183877957280571,-0.5541182616774609,0.5541182616774609,0.2060370755905212,-0.3480811860869397,206.0370755905212,22
JPY,test,50,2025-02-05,2025-03-06,ewma_daily,10,1.187529740363331,0.1031195684876222,-0.7087628712804133,0.7087628712804133,0.3558884644685651,-0.3528744068118481,355.8884644685652,22
JPY,test,51,2025-03-06,2025-04-04,ewma_daily,10,1.278407589187097,0.1110116302733601,-0.2047104849585679,0.2047104849585679,0.2942806546663351,0.08957016970776716,294.2806546663351,22
JPY,test,52,2025-04-04,2025-05-08,ewma_daily,10,1.355093358952544,0.1176713277387123,0.07094680454105173,-0.07094680454105173,0.2988387492740681,0.3697855538151198,298.8387492740681,22
JPY,test,53,2025-05-08,2025-06-06,ewma_daily,10,1.232871062445824,0.1070571059823842,0.24562959339206,-0.24562959339206,0.261752643560684,0.507382236952744,261.752643560684,22
JPY,test,54,2025-06-06,2025-07-07,ewma_daily,10,1.018746788169778,0.08846237813788675,-0.08835787793755401,0.08835787793755401,0.2357050226479235,0.1473471447103695,235.7050226479235,22
JPY,test,55,2025-07-07,2025-08-05,ewma_daily,10,0.8377248411535376,0.07274278602756495,-0.01578584398698979,0.01578584398698979,0.2750764987003023,0.2592906547133125,275.0764987003023,22
JPY,test,56,2025-08-05,2025-09-03,ewma_daily,10,0.7323079670109962,0.06358876841582067,-0.1380622341968092,0.1380622341968092,0.2740292314458902,0.135966997249081,274.0292314458902,22
JPY,test,57,2025-09-03,2025-10-02,ewma_daily,10,0.6616263814599037,0.05745109997330345,-0.2146297471177991,0.2146297471177991,0.2506394603787488,0.03600971326094971,250.6394603787488,22
JPY,test,58,2025-10-02,2025-10-31,ewma_daily,10,0.5924785772517183,0.05144666181366902,-0.5080317530775602,0.5080317530775602,0.2222056103657362,-0.285826142711824,222.2056103657362,22
JPY,test,59,2025-10-31,2025-12-01,ewma_daily,10,0.6789433417536941,0.0589548219409132,-0.2875642134220016,0.2875642134220016,0.2717327288209192,-0.01583148460108236,271.7327288209192,22
JPY,test,0,2021-01-04,2021-02-02,ridge_daily,10,0.7465292015332921,0.06482368182306604,-0.06940794363121938,0.06940794363121938,0.2903198361497387,0.2209118925185193,290.3198361497387,22
JPY,test,1,2021-02-02,2021-03-03,ridge_daily,10,0.7057073118787116,0.06127888252535982,-0.09055963837639069,0.09055963837639069,0.2349879411919512,0.1444283028155605,234.9879411919512,22
JPY,test,2,2021-03-03,2021-04-01,ridge_daily,10,0.6005053063423418,0.05214365944022282,-0.2875076159646142,0.2875076159646142,0.3276986093476648,0.04019099338305065,327.6986093476648,22
JPY,test,3,2021-04-01,2021-05-04,ridge_daily,10,0.6092449215222189,0.05290256082926605,-0.4093935022839048,0.4093935022839048,0.3280975169535392,-0.08129598533036564,328.0975169535391,22
JPY,test,4,2021-05-04,2021-06-02,ridge_daily,10,0.6233150320990219,0.05412433523577036,-0.1904509176680875,0.1904509176680875,0.2379801175357246,0.04752919986763704,237.9801175357245,22
JPY,test,5,2021-06-02,2021-07-01,ridge_daily,10,0.5784336290554108,0.05022707592422375,-0.2252699883536402,0.2252699883536402,0.1617753246338936,-0.0634946637197466,161.7753246338935,22
JPY,test,6,2021-07-01,2021-07-30,ridge_daily,10,0.6329029683066665,0.05495690215420801,-0.2025915586847293,0.2025915586847293,0.1115483420006193,-0.09104321668410996,111.5483420006193,22
JPY,test,7,2021-07-30,2021-08-30,ridge_daily,10,0.6089561593564952,0.05287748625878013,-0.07550141956594825,0.07550141956594825,0.1535043307065786,0.07800291114063032,153.5043307065785,22
JPY,test,8,2021-08-30,2021-09-28,ridge_daily,10,0.6403528802597762,0.05560381462321767,-0.433409007138593,0.433409007138593,0.2991909914382446,-0.1342180157003484,299.1909914382446,22
JPY,test,9,2021-09-28,2021-10-27,ridge_daily,10,0.6480874919495108,0.05627544948258384,-0.430300920470529,0.430300920470529,0.2672237312906164,-0.1630771891799126,267.2237312906164,22
JPY,test,10,2021-10-27,2021-11-25,ridge_daily,10,0.6945178289602012,0.060307238253719,-0.08956418505754866,0.08956418505754866,0.1377170644941696,0.0481528794366209,137.7170644941696,22
JPY,test,11,2021-11-25,2021-12-24,ridge_daily,10,0.7305788609749015,0.06343862011097089,-0.1119624144733535,0.1119624144733535,0.2645779550542652,0.1526155405809117,264.5779550542652,22
JPY,test,12,2021-12-24,2022-01-24,ridge_daily,10,0.7139504490338808,0.06199468017844713,-0.09809953835400265,0.09809953835400265,0.2365115641446726,0.1384120257906699,236.5115641446725,22
JPY,test,13,2022-01-24,2022-02-22,ridge_daily,10,0.648927758824307,0.05634841407245395,-0.3994402766712852,0.3994402766712852,0.2384451365508694,-0.1609951401204158,238.4451365508694,22
JPY,test,14,2022-02-22,2022-03-23,ridge_daily,10,0.736566818685283,0.06395858933289679,-0.9638862856458843,0.9638862856458843,0.3249514523475949,-0.6389348332982894,324.9514523475949,22
JPY,test,15,2022-03-23,2022-04-25,ridge_daily,10,1.027508784540714,0.08922326368310161,-0.4073949479090828,0.4073949479090828,0.2464071083670819,-0.160987839542001,246.4071083670819,22
JPY,test,16,2022-04-25,2022-05-24,ridge_daily,10,1.233395343606283,0.1071026358807371,-0.3445468080622227,0.3445468080622227,0.1979386573586125,-0.1466081507036102,197.9386573586124,22
JPY,test,17,2022-05-24,2022-06-22,ridge_daily,10,1.385908725914021,0.1203474871331841,-0.5082446034550827,0.5082446034550827,0.2782251080981358,-0.2300194953569469,278.2251080981358,22
JPY,test,18,2022-06-22,2022-07-21,ridge_daily,10,1.505859577215631,0.130764788997126,-0.0353046040540903,0.0353046040540903,0.1394333444512127,0.1041287403971224,139.4333444512127,22
JPY,test,19,2022-07-21,2022-08-19,ridge_daily,10,1.496780728441472,0.1299763134485338,-0.218684908784918,0.218684908784918,0.1366523292694335,-0.08203257951548448,136.6523292694336,22
JPY,test,20,2022-08-19,2022-09-19,ridge_daily,10,1.549215782709751,0.1345301916845139,0.02043632568822318,-0.02043632568822318,0.2550560115296011,0.2754923372178243,255.0560115296011,22
JPY,test,21,2022-09-19,2022-10-18,ridge_daily,10,1.379847508935768,0.1198210995647396,-0.2768591483818881,0.2768591483818881,0.3118197441639619,0.03496059578207383,311.8197441639619,22
JPY,test,22,2022-10-18,2022-11-16,ridge_daily,10,1.462813159816058,0.127026329021862,0.2982407256959236,-0.2982407256959236,0.2161403947678777,0.5143811204638014,216.1403947678777,22
JPY,test,23,2022-11-16,2022-12-15,ridge_daily,10,1.268655569426642,0.1101647335428536,-0.1674874622873421,0.1674874622873421,0.2535087471181894,0.08602128483084726,253.5087471181894,22
JPY,test,24,2022-12-15,2023-01-16,ridge_daily,10,1.2985472135056,0.112760625224782,-0.4137906860629848,0.4137906860629848,0.1352656790822371,-0.2785250069807477,135.2656790822371,22
JPY,test,25,2023-01-16,2023-02-14,ridge_daily,10,1.387068219857831,0.1204481836895248,-0.1071248850242768,0.1071248850242768,0.2877015760530598,0.180576691028783,287.7015760530598,22
JPY,test,26,2023-02-14,2023-03-15,ridge_daily,10,1.429004263086846,0.1240901476567741,-2.214193610688028,2.214193610688028,0.3361619717639422,-1.878031638924086,336.1619717639422,22
JPY,test,27,2023-03-15,2023-04-17,ridge_daily,10,1.571343588922502,0.1364519641514647,-0.531594001291495,0.531594001291495,0.2742824780991526,-0.2573115231923424,274.2824780991526,22
JPY,test,28,2023-04-17,2023-05-17,ridge_daily,10,1.475267897213861,0.1281079839962305,0.04559800504884493,-0.04559800504884493,0.3174906611604955,0.3630886662093404,317.4906611604954,22
JPY,test,29,2023-05-17,2023-06-15,ridge_daily,10,1.489817880719556,0.1293716084960235,0.5744807412360444,-0.5744807412360444,0.2544779285034218,0.8289586697394662,254.4779285034218,22
JPY,test,30,2023-06-15,2023-07-14,ridge_daily,10,1.169267585347264,0.1015336533239062,-0.09510128310722621,0.09510128310722621,0.2590038744867012,0.163902591379475,259.0038744867011,22
JPY,test,31,2023-07-14,2023-08-14,ridge_daily,10,0.9536051309015647,0.08280555569737401,-0.7563335193202363,0.7563335193202363,0.3318836859391083,-0.424449833381128,331.8836859391083,22
JPY,test,32,2023-08-14,2023-09-12,ridge_daily,10,1.016676486321721,0.08828259475116984,0.2230964781099622,-0.2230964781099622,0.1938265157806304,0.4169229938905926,193.8265157806303,22
JPY,test,33,2023-09-12,2023-10-11,ridge_daily,10,1.01495909810015,0.08813345815175545,0.244667113911234,-0.244667113911234,0.2959637880974177,0.5406309020086517,295.9637880974177,22
JPY,test,34,2023-10-11,2023-11-09,ridge_daily,10,0.9483383349699395,0.08234819599466098,-0.08618110661933542,0.08618110661933542,0.2855612674794843,0.1993801608601489,285.5612674794843,22
JPY,test,35,2023-11-09,2023-12-08,ridge_daily,10,0.6835999072203762,0.0593591762745284,-0.4856337602747982,0.4856337602747982,0.2185673273140291,-0.267066432960769,218.567327314029,22
JPY,test,36,2023-12-08,2024-01-11,ridge_daily,10,0.8097688771836786,0.07031518016531751,-0.8956254373056254,0.8956254373056254,0.3321879658194238,-0.5634374714862016,332.1879658194239,22
JPY,test,37,2024-01-11,2024-02-09,ridge_daily,10,1.052312726046026,0.09137722622215673,0.26001463382255,-0.26001463382255,0.278892919199096,0.5389075530216459,278.892919199096,22
JPY,test,38,2024-02-09,2024-03-11,ridge_daily,10,1.025367472452679,0.08903731356235974,0.1667196975785501,-0.1667196975785501,0.2271560804039331,0.3938757779824832,227.1560804039331,22
JPY,test,39,2024-03-11,2024-04-11,ridge_daily,10,0.9056397310384767,0.0786403340994685,-0.1075062240730915,0.1075062240730915,0.2273206131544167,0.1198143890813251,227.3206131544166,22
JPY,test,40,2024-04-11,2024-05-13,ridge_daily,10,0.6490177641802291,0.05635622968959699,-0.6658761370778308,0.6658761370778308,0.318352584742903,-0.3475235523349278,318.3525847429029,22
JPY,test,41,2024-05-13,2024-06-11,ridge_daily,10,0.8029818149868646,0.06972581485965428,-0.2069059058725458,0.2069059058725458,0.2947063963895223,0.08780049051697658,294.7063963895222,22
JPY,test,42,2024-06-11,2024-07-10,ridge_daily,10,0.8489240918824379,0.07371529537583933,-0.3119787097601403,0.3119787097601403,0.2481431816463002,-0.06383552811384013,248.1431816463001,22
JPY,test,43,2024-07-10,2024-08-08,ridge_daily,10,0.8609372216411373,0.07475848115349226,-0.4794046720126166,0.4794046720126166,0.1215274775823478,-0.3578771944302688,121.5274775823478,22
JPY,test,44,2024-08-08,2024-09-06,ridge_daily,10,1.508566964116532,0.1309999191768706,0.454972640478676,-0.454972640478676,0.2395646807807478,0.6945373212594239,239.5646807807479,22
JPY,test,45,2024-09-06,2024-10-07,ridge_daily,10,1.54030582923707,0.1337563762309741,-0.03129583391768165,0.03129583391768165,0.3426647709710776,0.311368937053396,342.6647709710775,22
JPY,test,46,2024-10-07,2024-11-05,ridge_daily,10,1.620545448717401,0.1407251223641679,0.6804997902428198,-0.6804997902428198,0.2348999478258997,0.9153997380687195,234.8999478258997,22
JPY,test,47,2024-11-05,2024-12-04,ridge_daily,10,0.9294060023164974,0.08070414701058688,-0.4396807490265775,0.4396807490265775,0.1651430739075617,-0.2745376751190158,165.1430739075617,22
JPY,test,48,2024-12-04,2025-01-07,ridge_daily,10,1.01508169254641,0.08814410415262346,-0.2423815379089405,0.2423815379089405,0.2264893059695354,-0.01589223193940509,226.4893059695353,22
JPY,test,49,2025-01-07,2025-02-05,ridge_daily,10,0.9424720670264719,0.08183877957280571,-0.533172072822868,0.533172072822868,0.1895732195945706,-0.3435988532282975,189.5732195945705,22
JPY,test,50,2025-02-05,2025-03-06,ridge_daily,10,1.187529740363331,0.1031195684876222,-0.6721019520890081,0.6721019520890081,0.3494543094262431,-0.322647642662765,349.4543094262431,22
JPY,test,51,2025-03-06,2025-04-04,ridge_daily,10,1.278407589187097,0.1110116302733601,-0.2332685094734757,0.2332685094734757,0.3039405511727771,0.07067204169930141,303.9405511727771,22
JPY,test,52,2025-04-04,2025-05-08,ridge_daily,10,1.355093358952544,0.1176713277387123,0.06521445140258209,-0.06521445140258209,0.3042250110973626,0.3694394624999446,304.2250110973625,22
JPY,test,53,2025-05-08,2025-06-06,ridge_daily,10,1.232871062445824,0.1070571059823842,0.265410906616701,-0.265410906616701,0.2590454240462153,0.5244563306629163,259.0454240462154,22
JPY,test,54,2025-06-06,2025-07-07,ridge_daily,10,1.018746788169778,0.08846237813788675,-0.0917629242982656,0.0917629242982656,0.2403065360851125,0.1485436117868469,240.3065360851126,22
JPY,test,55,2025-07-07,2025-08-05,ridge_daily,10,0.8377248411535376,0.07274278602756495,0.01424812023791588,-0.01424812023791588,0.2711264644824689,0.2853745847203848,271.126464482469,22
JPY,test,56,2025-08-05,2025-09-03,ridge_daily,10,0.7323079670109962,0.06358876841582067,-0.1510296307939853,0.1510296307939853,0.2766116043805052,0.1255819735865199,276.6116043805052,22
JPY,test,57,2025-09-03,2025-10-02,ridge_daily,10,0.6616263814599037,0.05745109997330345,-0.2105447531542488,0.2105447531542488,0.2517123520551955,0.04116759890094668,251.7123520551955,22
JPY,test,58,2025-10-02,2025-10-31,ridge_daily,10,0.5924785772517183,0.05144666181366902,-0.5594244314289085,0.5594244314289085,0.2297433291661272,-0.3296811022627814,229.7433291661272,22
JPY,test,59,2025-10-31,2025-12-01,ridge_daily,10,0.6789433417536941,0.0589548219409132,-0.2829104627768828,0.2829104627768828,0.2711143998982588,-0.011796062878624,271.1143998982588,22
JPY,test,0,2021-01-04,2021-02-02,selected_daily,10,0.7465292015332921,0.06482368182306604,-0.1280747725282225,0.1280747725282225,0.3076871971693929,0.1796124246411704,307.6871971693929,22
JPY,test,1,2021-02-02,2021-03-03,selected_daily,10,0.7057073118787116,0.06127888252535982,-0.07328077245954034,0.07328077245954034,0.2372923853079346,0.1640116128483942,237.2923853079345,22
JPY,test,2,2021-03-03,2021-04-01,selected_daily,10,0.6005053063423418,0.05214365944022282,-0.3193410146035944,0.3193410146035944,0.3389581862076443,0.01961717160404985,338.9581862076442,22
JPY,test,3,2021-04-01,2021-05-04,selected_daily,10,0.6092449215222189,0.05290256082926605,-0.420910285412603,0.420910285412603,0.338920843878717,-0.08198944153388599,338.920843878717,22
JPY,test,4,2021-05-04,2021-06-02,selected_daily,10,0.6233150320990219,0.05412433523577036,-0.1600738231759919,0.1600738231759919,0.2357790958092441,0.07570527263325216,235.7790958092442,22
JPY,test,5,2021-06-02,2021-07-01,selected_daily,10,0.5784336290554108,0.05022707592422375,-0.2043629156808754,0.2043629156808754,0.1615407036454899,-0.0428222120353855,161.54070364549,22
JPY,test,6,2021-07-01,2021-07-30,selected_daily,10,0.6329029683066665,0.05495690215420801,-0.1463142233171393,0.1463142233171393,0.1123776228066754,-0.03393660051046393,112.3776228066753,22
JPY,test,7,2021-07-30,2021-08-30,selected_daily,10,0.6089561593564952,0.05287748625878013,-0.07859199111959203,0.07859199111959203,0.155276182811049,0.07668419169145702,155.2761828110491,22
JPY,test,8,2021-08-30,2021-09-28,selected_daily,10,0.6403528802597762,0.05560381462321767,-0.5458228836904411,0.5458228836904411,0.3232936480641055,-0.2225292356263355,323.2936480641055,22
JPY,test,9,2021-09-28,2021-10-27,selected_daily,10,0.6480874919495108,0.05627544948258384,-0.4489888775775626,0.4489888775775626,0.2732575364417931,-0.1757313411357694,273.2575364417931,22
JPY,test,10,2021-10-27,2021-11-25,selected_daily,10,0.6945178289602012,0.060307238253719,-0.06258814909010015,0.06258814909010015,0.1419285051739411,0.079340356083841,141.9285051739411,22
JPY,test,11,2021-11-25,2021-12-24,selected_daily,10,0.7305788609749015,0.06343862011097089,-0.1729517087180383,0.1729517087180383,0.2797270659187688,0.1067753572007305,279.7270659187689,22
JPY,test,12,2021-12-24,2022-01-24,selected_daily,10,0.7139504490338808,0.06199468017844713,-0.108697278849661,0.108697278849661,0.2351433108940174,0.1264460320443565,235.1433108940174,22
JPY,test,13,2022-01-24,2022-02-22,selected_daily,10,0.648927758824307,0.05634841407245395,-0.3639203793625967,0.3639203793625967,0.2313842445077617,-0.132536134854835,231.3842445077616,22
JPY,test,14,2022-02-22,2022-03-23,selected_daily,10,0.736566818685283,0.06395858933289679,-0.9831195214174073,0.9831195214174073,0.3340222530134537,-0.6490972684039537,334.0222530134538,22
JPY,test,15,2022-03-23,2022-04-25,selected_daily,10,1.027508784540714,0.08922326368310161,-0.4069448016533812,0.4069448016533812,0.2400789597694727,-0.1668658418839085,240.0789597694727,22
JPY,test,16,2022-04-25,2022-05-24,selected_daily,10,1.233395343606283,0.1071026358807371,-0.4172534233247536,0.4172534233247536,0.2099978915978413,-0.2072555317269122,209.9978915978414,22
JPY,test,17,2022-05-24,2022-06-22,selected_daily,10,1.385908725914021,0.1203474871331841,-0.5088754648826921,0.5088754648826921,0.2749471961504102,-0.2339282687322819,274.9471961504103,22
JPY,test,18,2022-06-22,2022-07-21,selected_daily,10,1.505859577215631,0.130764788997126,0.03091686723041231,-0.03091686723041231,0.1474287737871354,0.1783456410175477,147.4287737871354,22
JPY,test,19,2022-07-21,2022-08-19,selected_daily,10,1.496780728441472,0.1299763134485338,-0.2078779626556509,0.2078779626556509,0.1455815065479988,-0.06229645610765211,145.5815065479987,22
JPY,test,20,2022-08-19,2022-09-19,selected_daily,10,1.549215782709751,0.1345301916845139,-0.04393988509201563,0.04393988509201563,0.2529414424913882,0.2090015573993725,252.9414424913881,22
JPY,test,21,2022-09-19,2022-10-18,selected_daily,10,1.379847508935768,0.1198210995647396,-0.3616365369338155,0.3616365369338155,0.3198858733741962,-0.04175066355961932,319.8858733741961,22
JPY,test,22,2022-10-18,2022-11-16,selected_daily,10,1.462813159816058,0.127026329021862,0.2844387001414979,-0.2844387001414979,0.2126143671615363,0.4970530673030342,212.6143671615363,22
JPY,test,23,2022-11-16,2022-12-15,selected_daily,10,1.268655569426642,0.1101647335428536,-0.2230227346920959,0.2230227346920959,0.2634693337151616,0.04044659902306574,263.4693337151616,22
JPY,test,24,2022-12-15,2023-01-16,selected_daily,10,1.2985472135056,0.112760625224782,-0.5487402563980777,0.5487402563980777,0.1454031974192277,-0.40333705897885,145.4031974192277,22
JPY,test,25,2023-01-16,2023-02-14,selected_daily,10,1.387068219857831,0.1204481836895248,-0.1177347466921503,0.1177347466921503,0.282272581259057,0.1645378345669067,282.2725812590569,22
JPY,test,26,2023-02-14,2023-03-15,selected_daily,10,1.429004263086846,0.1240901476567741,-2.233996634737338,2.233996634737338,0.3327387275349636,-1.901257907202374,332.7387275349636,22
JPY,test,27,2023-03-15,2023-04-17,selected_daily,10,1.571343588922502,0.1364519641514647,-0.403538601778834,0.403538601778834,0.26113338400501,-0.142405217773824,261.1333840050101,22
JPY,test,28,2023-04-17,2023-05-17,selected_daily,10,1.475267897213861,0.1281079839962305,0.08308159604091259,-0.08308159604091259,0.3057118573028392,0.3887934533437518,305.7118573028392,22
JPY,test,29,2023-05-17,2023-06-15,selected_daily,10,1.489817880719556,0.1293716084960235,0.5607139059305126,-0.5607139059305126,0.2527951561327838,0.8135090620632964,252.7951561327838,22
JPY,test,30,2023-06-15,2023-07-14,selected_daily,10,1.169267585347264,0.1015336533239062,-0.1200100589530706,0.1200100589530706,0.2486036103434701,0.1285935513903995,248.6036103434701,22
JPY,test,31,2023-07-14,2023-08-14,selected_daily,10,0.9536051309015647,0.08280555569737401,-0.8825120893467471,0.8825120893467471,0.3422007401983711,-0.540311349148376,342.2007401983711,22
JPY,test,32,2023-08-14,2023-09-12,selected_daily,10,1.016676486321721,0.08828259475116984,0.2032267594491097,-0.2032267594491097,0.1969782795951594,0.4002050390442692,196.9782795951593,22
JPY,test,33,2023-09-12,2023-10-11,selected_daily,10,1.01495909810015,0.08813345815175545,0.2355874922160268,-0.2355874922160268,0.2981189597287538,0.5337064519447806,298.1189597287538,22
JPY,test,34,2023-10-11,2023-11-09,selected_daily,10,0.9483383349699395,0.08234819599466098,-0.07460045022475015,0.07460045022475015,0.2840308915997204,0.2094304413749702,284.0308915997205,22
JPY,test,35,2023-11-09,2023-12-08,selected_daily,10,0.6835999072203762,0.0593591762745284,-0.4397238451638817,0.4397238451638817,0.219454757920291,-0.2202690872435906,219.4547579202911,22
JPY,test,36,2023-12-08,2024-01-11,selected_daily,10,0.8097688771836786,0.07031518016531751,-0.9456195834465007,0.9456195834465007,0.3419420442012973,-0.6036775392452034,341.9420442012973,22
JPY,test,37,2024-01-11,2024-02-09,selected_daily,10,1.052312726046026,0.09137722622215673,0.2620804886425674,-0.2620804886425674,0.2715566263167234,0.5336371149592908,271.5566263167233,22
JPY,test,38,2024-02-09,2024-03-11,selected_daily,10,1.025367472452679,0.08903731356235974,0.1744220795549509,-0.1744220795549509,0.2179330922084427,0.3923551717633936,217.9330922084427,22
JPY,test,39,2024-03-11,2024-04-11,selected_daily,10,0.9056397310384767,0.0786403340994685,-0.08766802410625019,0.08766802410625019,0.2266085319180509,0.1389405078118007,226.6085319180508,22
JPY,test,40,2024-04-11,2024-05-13,selected_daily,10,0.6490177641802291,0.05635622968959699,-0.6371449081426164,0.6371449081426164,0.3185543745436354,-0.3185905335989809,318.5543745436354,22
JPY,test,41,2024-05-13,2024-06-11,selected_daily,10,0.8029818149868646,0.06972581485965428,-0.2256983203154448,0.2256983203154448,0.2980254524134897,0.07232713209804487,298.0254524134896,22
JPY,test,42,2024-06-11,2024-07-10,selected_daily,10,0.8489240918824379,0.07371529537583933,-0.302761555661391,0.302761555661391,0.2487417434902746,-0.0540198121711164,248.7417434902746,22
JPY,test,43,2024-07-10,2024-08-08,selected_daily,10,0.8609372216411373,0.07475848115349226,-0.3902730458382646,0.3902730458382646,0.1263534439201412,-0.2639196019181234,126.3534439201412,22
JPY,test,44,2024-08-08,2024-09-06,selected_daily,10,1.508566964116532,0.1309999191768706,0.5152182586999743,-0.5152182586999743,0.2294087977880345,0.7446270564880088,229.4087977880346,22
JPY,test,45,2024-09-06,2024-10-07,selected_daily,10,1.54030582923707,0.1337563762309741,0.02514134715505634,-0.02514134715505634,0.3311327943431605,0.3562741414982168,331.1327943431604,22
JPY,test,46,2024-10-07,2024-11-05,selected_daily,10,1.620545448717401,0.1407251223641679,0.6643905824717109,-0.6643905824717109,0.2324451154716417,0.8968356979433526,232.4451154716417,22
JPY,test,47,2024-11-05,2024-12-04,selected_daily,10,0.9294060023164974,0.08070414701058688,-0.4171335121238995,0.4171335121238995,0.1671595919677586,-0.2499739201561409,167.1595919677586,22
JPY,test,48,2024-12-04,2025-01-07,selected_daily,10,1.01508169254641,0.08814410415262346,-0.1968599138631504,0.1968599138631504,0.2229473120846656,0.02608739822151518,222.9473120846656,22
JPY,test,49,2025-01-07,2025-02-05,selected_daily,10,0.9424720670264719,0.08183877957280571,-0.5541182616774609,0.5541182616774609,0.2060370755905212,-0.3480811860869397,206.0370755905212,22
JPY,test,50,2025-02-05,2025-03-06,selected_daily,10,1.187529740363331,0.1031195684876222,-0.7087628712804133,0.7087628712804133,0.3558884644685651,-0.3528744068118481,355.8884644685652,22
JPY,test,51,2025-03-06,2025-04-04,selected_daily,10,1.278407589187097,0.1110116302733601,-0.2047104849585679,0.2047104849585679,0.2942806546663351,0.08957016970776716,294.2806546663351,22
JPY,test,52,2025-04-04,2025-05-08,selected_daily,10,1.355093358952544,0.1176713277387123,0.07094680454105173,-0.07094680454105173,0.2988387492740681,0.3697855538151198,298.8387492740681,22
JPY,test,53,2025-05-08,2025-06-06,selected_daily,10,1.232871062445824,0.1070571059823842,0.24562959339206,-0.24562959339206,0.261752643560684,0.507382236952744,261.752643560684,22
JPY,test,54,2025-06-06,2025-07-07,selected_daily,10,1.018746788169778,0.08846237813788675,-0.08835787793755401,0.08835787793755401,0.2357050226479235,0.1473471447103695,235.7050226479235,22
JPY,test,55,2025-07-07,2025-08-05,selected_daily,10,0.8377248411535376,0.07274278602756495,-0.01578584398698979,0.01578584398698979,0.2750764987003023,0.2592906547133125,275.0764987003023,22
JPY,test,56,2025-08-05,2025-09-03,selected_daily,10,0.7323079670109962,0.06358876841582067,-0.1380622341968092,0.1380622341968092,0.2740292314458902,0.135966997249081,274.0292314458902,22
JPY,test,57,2025-09-03,2025-10-02,selected_daily,10,0.6616263814599037,0.05745109997330345,-0.2146297471177991,0.2146297471177991,0.2506394603787488,0.03600971326094971,250.6394603787488,22
JPY,test,58,2025-10-02,2025-10-31,selected_daily,10,0.5924785772517183,0.05144666181366902,-0.5080317530775602,0.5080317530775602,0.2222056103657362,-0.285826142711824,222.2056103657362,22
JPY,test,59,2025-10-31,2025-12-01,selected_daily,10,0.6789433417536941,0.0589548219409132,-0.2875642134220016,0.2875642134220016,0.2717327288209192,-0.01583148460108236,271.7327288209192,22
JPY,test,0,2021-01-04,2021-02-02,selected_every5,10,0.7465292015332921,0.06482368182306604,0.09757031821802542,-0.09757031821802542,0.1942649988976032,0.2918353171156286,194.2649988976031,6
JPY,test,1,2021-02-02,2021-03-03,selected_every5,10,0.7057073118787116,0.06127888252535982,-0.1474299466967466,0.1474299466967466,0.2025083464910961,0.05507839979434953,202.5083464910961,6
JPY,test,2,2021-03-03,2021-04-01,selected_every5,10,0.6005053063423418,0.05214365944022282,-0.4497700875136417,0.4497700875136417,0.273761664434673,-0.1760084230789687,273.7616644346729,6
JPY,test,3,2021-04-01,2021-05-04,selected_every5,10,0.6092449215222189,0.05290256082926605,-0.1239963950387732,0.1239963950387732,0.2056795015244429,0.08168310648566968,205.6795015244429,6
JPY,test,4,2021-05-04,2021-06-02,selected_every5,10,0.6233150320990219,0.05412433523577036,-0.1789159958622975,0.1789159958622975,0.2024739000482774,0.02355790418597997,202.4739000482774,6
JPY,test,5,2021-06-02,2021-07-01,selected_every5,10,0.5784336290554108,0.05022707592422375,-0.002796291029829872,0.002796291029829872,0.1000893282350092,0.09729303720517933,100.0893282350092,6
JPY,test,6,2021-07-01,2021-07-30,selected_every5,10,0.6329029683066665,0.05495690215420801,-0.4170160360997142,0.4170160360997142,0.09970743384255737,-0.3173086022571568,99.70743384255736,6
JPY,test,7,2021-07-30,2021-08-30,selected_every5,10,0.6089561593564952,0.05287748625878013,-0.1461393851813426,0.1461393851813426,0.1051513254632986,-0.04098805971804403,105.1513254632986,6
JPY,test,8,2021-08-30,2021-09-28,selected_every5,10,0.6403528802597762,0.05560381462321767,-0.2953374349650488,0.2953374349650488,0.2221874434662525,-0.07314999149879631,222.1874434662525,6
JPY,test,9,2021-09-28,2021-10-27,selected_every5,10,0.6480874919495108,0.05627544948258384,-0.7838375399427235,0.7838375399427235,0.2490516101704947,-0.5347859297722288,249.0516101704947,6
JPY,test,10,2021-10-27,2021-11-25,selected_every5,10,0.6945178289602012,0.060307238253719,-0.04204403519387157,0.04204403519387157,0.1000841854834465,0.05804015028957492,100.0841854834465,6
JPY,test,11,2021-11-25,2021-12-24,selected_every5,10,0.7305788609749015,0.06343862011097089,0.2555431471929168,-0.2555431471929168,0.1528479907979225,0.4083911379908393,152.8479907979224,6
JPY,test,12,2021-12-24,2022-01-24,selected_every5,10,0.7139504490338808,0.06199468017844713,0.03127588951611315,-0.03127588951611315,0.1659865990141215,0.1972624885302347,165.9865990141215,6
JPY,test,13,2022-01-24,2022-02-22,selected_every5,10,0.648927758824307,0.05634841407245395,-0.5600145988897651,0.5600145988897651,0.208575821189026,-0.3514387777007392,208.5758211890259,6
JPY,test,14,2022-02-22,2022-03-23,selected_every5,10,0.736566818685283,0.06395858933289679,-1.739333518377705,1.739333518377705,0.2948063231805768,-1.444527195197129,294.8063231805768,6
JPY,test,15,2022-03-23,2022-04-25,selected_every5,10,1.027508784540714,0.08922326368310161,-0.3956252850567239,0.3956252850567239,0.2050477131935711,-0.1905775718631528,205.0477131935712,6
JPY,test,16,2022-04-25,2022-05-24,selected_every5,10,1.233395343606283,0.1071026358807371,-0.01801307791448004,0.01801307791448004,0.133510133915072,0.115497056000592,133.510133915072,6
JPY,test,17,2022-05-24,2022-06-22,selected_every5,10,1.385908725914021,0.1203474871331841,-0.4958315883955891,0.4958315883955891,0.2065253868302345,-0.2893062015653546,206.5253868302345,6
JPY,test,18,2022-06-22,2022-07-21,selected_every5,10,1.505859577215631,0.130764788997126,-0.549671970969305,0.549671970969305,0.1065108169099742,-0.4431611540593308,106.5108169099742,6
JPY,test,19,2022-07-21,2022-08-19,selected_every5,10,1.496780728441472,0.1299763134485338,-0.2357762104825008,0.2357762104825008,0.09979621969213963,-0.1359799907903612,99.79621969213963,6
JPY,test,20,2022-08-19,2022-09-19,selected_every5,10,1.549215782709751,0.1345301916845139,-0.2336311335772479,0.2336311335772479,0.2180383597765932,-0.01559277380065466,218.0383597765932,6
JPY,test,21,2022-09-19,2022-10-18,selected_every5,10,1.379847508935768,0.1198210995647396,-0.8273116562259588,0.8273116562259588,0.2722847761960707,-0.5550268800298881,272.2847761960707,6
JPY,test,22,2022-10-18,2022-11-16,selected_every5,10,1.462813159816058,0.127026329021862,0.8069467879481662,-0.8069467879481662,0.1041216408071992,0.9110684287553654,104.1216408071991,6
JPY,test,23,2022-11-16,2022-12-15,selected_every5,10,1.268655569426642,0.1101647335428536,0.6601544552906393,-0.6601544552906393,0.1103841095623255,0.7705385648529648,110.3841095623255,6
JPY,test,24,2022-12-15,2023-01-16,selected_every5,10,1.2985472135056,0.112760625224782,-0.4980376076938808,0.4980376076938808,0.09960734280044112,-0.3984302648934397,99.60734280044115,6
JPY,test,25,2023-01-16,2023-02-14,selected_every5,10,1.387068219857831,0.1204481836895248,0.1444625415264795,-0.1444625415264795,0.2024048589399357,0.3468674004664152,202.4048589399356,6
JPY,test,26,2023-02-14,2023-03-15,selected_every5,10,1.429004263086846,0.1240901476567741,-1.355947223347016,1.355947223347016,0.1926840130614565,-1.163263210285559,192.6840130614565,6
JPY,test,27,2023-03-15,2023-04-17,selected_every5,10,1.571343588922502,0.1364519641514647,-0.1800987874668891,0.1800987874668891,0.2068918363975047,0.02679304893061557,206.8918363975047,6
JPY,test,28,2023-04-17,2023-05-17,selected_every5,10,1.475267897213861,0.1281079839962305,0.4753507608022289,-0.4753507608022289,0.1974167076663077,0.6727674684685366,197.4167076663077,6
JPY,test,29,2023-05-17,2023-06-15,selected_every5,10,1.489817880719556,0.1293716084960235,0.5442435077810472,-0.5442435077810472,0.2036643961841656,0.7479079039652129,203.6643961841656,6
JPY,test,30,2023-06-15,2023-07-14,selected_every5,10,1.169267585347264,0.1015336533239062,-0.2023551488083939,0.2023551488083939,0.2005864276315124,-0.001768721176881538,200.5864276315124,6
JPY,test,31,2023-07-14,2023-08-14,selected_every5,10,0.9536051309015647,0.08280555569737401,-1.351237167338596,1.351237167338596,0.2984159796114782,-1.052821187727117,298.4159796114782,6
JPY,test,32,2023-08-14,2023-09-12,selected_every5,10,1.016676486321721,0.08828259475116984,0.4732068381804746,-0.4732068381804746,0.1101812092042132,0.5833880473846877,110.1812092042132,6
JPY,test,33,2023-09-12,2023-10-11,selected_every5,10,1.01495909810015,0.08813345815175545,0.6229617881069203,-0.6229617881069203,0.1685345157345225,0.7914963038414429,168.5345157345226,6
JPY,test,34,2023-10-11,2023-11-09,selected_every5,10,0.9483383349699395,0.08234819599466098,0.1517695857668855,-0.1517695857668855,0.2029367963959486,0.3547063821628341,202.9367963959486,6
JPY,test,35,2023-11-09,2023-12-08,selected_every5,10,0.6835999072203762,0.0593591762745284,-1.337950011220858,1.337950011220858,0.1636684151880218,-1.174281596032836,163.6684151880218,6
JPY,test,36,2023-12-08,2024-01-11,selected_every5,10,0.8097688771836786,0.07031518016531751,-0.4118210751226741,0.4118210751226741,0.2184323760722042,-0.1933886990504699,218.4323760722041,6
JPY,test,37,2024-01-11,2024-02-09,selected_every5,10,1.052312726046026,0.09137722622215673,0.1987615580983402,-0.1987615580983402,0.2305131884541917,0.4292747465525318,230.5131884541917,6
JPY,test,38,2024-02-09,2024-03-11,selected_every5,10,1.025367472452679,0.08903731356235974,0.3302570469603907,-0.3302570469603907,0.172215415193848,0.5024724621542387,172.215415193848,6
JPY,test,39,2024-03-11,2024-04-11,selected_every5,10,0.9056397310384767,0.0786403340994685,-0.1287788125982416,0.1287788125982416,0.2031687178755366,0.074389905277295,203.1687178755366,6
JPY,test,40,2024-04-11,2024-05-13,selected_every5,10,0.6490177641802291,0.05635622968959699,-0.9341396706443561,0.9341396706443561,0.261187075660776,-0.6729525949835801,261.187075660776,6
JPY,test,41,2024-05-13,2024-06-11,selected_every5,10,0.8029818149868646,0.06972581485965428,0.3251609025395794,-0.3251609025395794,0.1693112917447126,0.494472194284292,169.3112917447126,6
JPY,test,42,2024-06-11,2024-07-10,selected_every5,10,0.8489240918824379,0.07371529537583933,-0.2392322130644118,0.2392322130644118,0.2046410837834297,-0.03459112928098212,204.6410837834297,6
JPY,test,43,2024-07-10,2024-08-08,selected_every5,10,0.8609372216411373,0.07475848115349226,-0.6396615581963628,0.6396615581963628,0.09940257499386759,-0.5402589832024952,99.40257499386762,6
JPY,test,44,2024-08-08,2024-09-06,selected_every5,10,1.508566964116532,0.1309999191768706,0.8064513183178832,-0.8064513183178832,0.1471681197328553,0.9536194380507386,147.1681197328553,6
JPY,test,45,2024-09-06,2024-10-07,selected_every5,10,1.54030582923707,0.1337563762309741,-0.3216620485258943,0.3216620485258943,0.2661618523127653,-0.05550019621312902,266.1618523127653,6
JPY,test,46,2024-10-07,2024-11-05,selected_every5,10,1.620545448717401,0.1407251223641679,0.6063772007404111,-0.6063772007404111,0.2125869335107469,0.818964134251158,212.5869335107469,6
JPY,test,47,2024-11-05,2024-12-04,selected_every5,10,0.9294060023164974,0.08070414701058688,-0.2098289549660182,0.2098289549660182,0.1000129155524,-0.1098160394136182,100.0129155524,5
JPY,test,48,2024-12-04,2025-01-07,selected_every5,10,1.01508169254641,0.08814410415262346,-0.2942865082309538,0.2942865082309538,0.2044278849724039,-0.08985862325854993,204.4278849724039,6
JPY,test,49,2025-01-07,2025-02-05,selected_every5,10,0.9424720670264719,0.08183877957280571,-0.00994379118784211,0.00994379118784211,0.1002148895457662,0.09027109835792411,100.2148895457662,6
JPY,test,50,2025-02-05,2025-03-06,selected_every5,10,1.187529740363331,0.1031195684876222,0.1898706320136085,-0.1898706320136085,0.2215244451583045,0.411395077171913,221.5244451583044,6
JPY,test,51,2025-03-06,2025-04-04,selected_every5,10,1.278407589187097,0.1110116302733601,0.2608216903996379,-0.2608216903996379,0.2007229092779487,0.4615445996775865,200.7229092779487,6
JPY,test,52,2025-04-04,2025-05-08,selected_every5,10,1.355093358952544,0.1176713277387123,0.4716319731292771,-0.4716319731292771,0.2156130507931349,0.6872450239224119,215.6130507931349,6
JPY,test,53,2025-05-08,2025-06-06,selected_every5,10,1.232871062445824,0.1070571059823842,0.6641788961700996,-0.6641788961700996,0.1512724816308458,0.8154513778009453,151.2724816308457,6
JPY,test,54,2025-06-06,2025-07-07,selected_every5,10,1.018746788169778,0.08846237813788675,-0.08517838631959762,0.08517838631959762,0.2045987554001029,0.1194203690805053,204.5987554001029,6
JPY,test,55,2025-07-07,2025-08-05,selected_every5,10,0.8377248411535376,0.07274278602756495,0.1744389833448921,-0.1744389833448921,0.1714437657118369,0.3458827490567289,171.4437657118369,6
JPY,test,56,2025-08-05,2025-09-03,selected_every5,10,0.7323079670109962,0.06358876841582067,-0.15594288134956,0.15594288134956,0.2108475764436832,0.05490469509412316,210.8475764436832,6
JPY,test,57,2025-09-03,2025-10-02,selected_every5,10,0.6616263814599037,0.05745109997330345,-0.1064786739327577,0.1064786739327577,0.1799924309993244,0.07351375706656674,179.9924309993244,6
JPY,test,58,2025-10-02,2025-10-31,selected_every5,10,0.5924785772517183,0.05144666181366902,-1.010775435574715,1.010775435574715,0.2062844805028257,-0.8044909550718889,206.2844805028257,6
JPY,test,59,2025-10-31,2025-12-01,selected_every5,10,0.6789433417536941,0.0589548219409132,-0.2966371303259763,0.2966371303259763,0.2336298969934535,-0.06300723333252278,233.6298969934535,6
JPY,test,0,2021-01-04,2021-02-02,selected_threshold,10,0.7465292015332921,0.06482368182306604,-0.1225380237062978,0.1225380237062978,0.2884296414072407,0.1658916177009429,288.4296414072408,15
JPY,test,1,2021-02-02,2021-03-03,selected_threshold,10,0.7057073118787116,0.06127888252535982,-0.04382308353693531,0.04382308353693531,0.2162852233894433,0.172462139852508,216.2852233894433,10
JPY,test,2,2021-03-03,2021-04-01,selected_threshold,10,0.6005053063423418,0.05214365944022282,-0.2572702651378478,0.2572702651378478,0.3123166255280984,0.05504636039025057,312.3166255280984,16
JPY,test,3,2021-04-01,2021-05-04,selected_threshold,10,0.6092449215222189,0.05290256082926605,-0.4182438713131944,0.4182438713131944,0.3303502358269006,-0.08789363548629381,330.3502358269006,16
JPY,test,4,2021-05-04,2021-06-02,selected_threshold,10,0.6233150320990219,0.05412433523577036,-0.1498088203290706,0.1498088203290706,0.2154449411164928,0.0656361207874222,215.4449411164928,9
JPY,test,5,2021-06-02,2021-07-01,selected_threshold,10,0.5784336290554108,0.05022707592422375,-0.1977010856246451,0.1977010856246451,0.150958429392759,-0.04674265623188609,150.958429392759,12
JPY,test,6,2021-07-01,2021-07-30,selected_threshold,10,0.6329029683066665,0.05495690215420801,-0.2155627735502085,0.2155627735502085,0.1102884543909993,-0.1052743191592092,110.2884543909993,8
JPY,test,7,2021-07-30,2021-08-30,selected_threshold,10,0.6089561593564952,0.05287748625878013,-0.0900533068380307,0.0900533068380307,0.1448781021799535,0.05482479534192283,144.8781021799535,12
JPY,test,8,2021-08-30,2021-09-28,selected_threshold,10,0.6403528802597762,0.05560381462321767,-0.5398364796035295,0.5398364796035295,0.3137887674129764,-0.2260477121905531,313.7887674129764,15
JPY,test,9,2021-09-28,2021-10-27,selected_threshold,10,0.6480874919495108,0.05627544948258384,-0.4250475341359561,0.4250475341359561,0.2551058746708346,-0.1699416594651215,255.1058746708346,11
JPY,test,10,2021-10-27,2021-11-25,selected_threshold,10,0.6945178289602012,0.060307238253719,-0.08795654556077359,0.08795654556077359,0.1418894261199873,0.05393288055921366,141.8894261199873,12
JPY,test,11,2021-11-25,2021-12-24,selected_threshold,10,0.7305788609749015,0.06343862011097089,-0.1570969062541181,0.1570969062541181,0.2712269453287835,0.1141300390746654,271.2269453287835,15
JPY,test,12,2021-12-24,2022-01-24,selected_threshold,10,0.7139504490338808,0.06199468017844713,-0.07337389815198492,0.07337389815198492,0.2151832010093467,0.1418093028573617,215.1832010093466,13
JPY,test,13,2022-01-24,2022-02-22,selected_threshold,10,0.648927758824307,0.05634841407245395,-0.2322959021564941,0.2322959021564941,0.1917987705161807,-0.04049713164031338,191.7987705161807,6
JPY,test,14,2022-02-22,2022-03-23,selected_threshold,10,0.736566818685283,0.06395858933289679,-1.034436258660932,1.034436258660932,0.3219103678267405,-0.7125258908341916,321.9103678267405,13
JPY,test,15,2022-03-23,2022-04-25,selected_threshold,10,1.027508784540714,0.08922326368310161,-0.3824611645833329,0.3824611645833329,0.2134082743786138,-0.1690528902047191,213.4082743786138,8
JPY,test,16,2022-04-25,2022-05-24,selected_threshold,10,1.233395343606283,0.1071026358807371,-0.4580038955158123,0.4580038955158123,0.1925793062118784,-0.2654245893039339,192.5793062118784,13
JPY,test,17,2022-05-24,2022-06-22,selected_threshold,10,1.385908725914021,0.1203474871331841,-0.4168427380914324,0.4168427380914324,0.2555764664738436,-0.1612662716175887,255.5764664738436,11
JPY,test,18,2022-06-22,2022-07-21,selected_threshold,10,1.505859577215631,0.130764788997126,0.04245194133871966,-0.04245194133871966,0.1298376850466495,0.1722896263853692,129.8376850466495,10
JPY,test,19,2022-07-21,2022-08-19,selected_threshold,10,1.496780728441472,0.1299763134485338,0.0370709987871285,-0.0370709987871285,0.1127796350963388,0.1498506338834673,112.7796350963388,9
JPY,test,20,2022-08-19,2022-09-19,selected_threshold,10,1.549215782709751,0.1345301916845139,-0.07318385927601412,0.07318385927601412,0.2443074980140402,0.1711236387380261,244.3074980140402,11
JPY,test,21,2022-09-19,2022-10-18,selected_threshold,10,1.379847508935768,0.1198210995647396,-0.4020578462420161,0.4020578462420161,0.3189548183358967,-0.08310302790611945,318.9548183358967,15
JPY,test,22,2022-10-18,2022-11-16,selected_threshold,10,1.462813159816058,0.127026329021862,0.3543018460757299,-0.3543018460757299,0.1829171419135734,0.5372189879893032,182.9171419135734,13
JPY,test,23,2022-11-16,2022-12-15,selected_threshold,10,1.268655569426642,0.1101647335428536,-0.1167168536337062,0.1167168536337062,0.2366056573073955,0.1198888036736893,236.6056573073954,14
JPY,test,24,2022-12-15,2023-01-16,selected_threshold,10,1.2985472135056,0.112760625224782,-0.4733357066704802,0.4733357066704802,0.1099725851606264,-0.3633631215098539,109.9725851606264,7
JPY,test,25,2023-01-16,2023-02-14,selected_threshold,10,1.387068219857831,0.1204481836895248,-0.1012492942590484,0.1012492942590484,0.2633764234597141,0.1621271292006657,263.376423459714,12
JPY,test,26,2023-02-14,2023-03-15,selected_threshold,10,1.429004263086846,0.1240901476567741,-2.255765805050856,2.255765805050856,0.311452982805958,-1.944312822244898,311.452982805958,10
JPY,test,27,2023-03-15,2023-04-17,selected_threshold,10,1.571343588922502,0.1364519641514647,-0.3663874505274549,0.3663874505274549,0.2462236720227696,-0.1201637785046853,246.2236720227695,10
JPY,test,28,2023-04-17,2023-05-17,selected_threshold,10,1.475267897213861,0.1281079839962305,0.1490716705881852,-0.1490716705881852,0.2822527592201457,0.4313244298083309,282.2527592201457,14
JPY,test,29,2023-05-17,2023-06-15,selected_threshold,10,1.489817880719556,0.1293716084960235,0.5295332954907508,-0.5295332954907508,0.2359404984606523,0.7654737939514031,235.9404984606523,13
JPY,test,30,2023-06-15,2023-07-14,selected_threshold,10,1.169267585347264,0.1015336533239062,-0.1288346513547225,0.1288346513547225,0.228864135682282,0.1000294843275595,228.864135682282,8
JPY,test,31,2023-07-14,2023-08-14,selected_threshold,10,0.9536051309015647,0.08280555569737401,-0.8021480620814998,0.8021480620814998,0.3108703470721447,-0.4912777150093551,310.8703470721448,12
JPY,test,32,2023-08-14,2023-09-12,selected_threshold,10,1.016676486321721,0.08828259475116984,0.1969405091999592,-0.1969405091999592,0.1760789997968402,0.3730195089967994,176.0789997968402,12
JPY,test,33,2023-09-12,2023-10-11,selected_threshold,10,1.01495909810015,0.08813345815175545,0.2371757327375548,-0.2371757327375548,0.2872221479204294,0.5243978806579842,287.2221479204294,15
JPY,test,34,2023-10-11,2023-11-09,selected_threshold,10,0.9483383349699395,0.08234819599466098,-0.1136085998186616,0.1136085998186616,0.2827091899998068,0.1691005901811452,282.7091899998068,14
JPY,test,35,2023-11-09,2023-12-08,selected_threshold,10,0.6835999072203762,0.0593591762745284,-0.4902389115067509,0.4902389115067509,0.2194103417877021,-0.2708285697190489,219.410341787702,16
JPY,test,36,2023-12-08,2024-01-11,selected_threshold,10,0.8097688771836786,0.07031518016531751,-0.8825874668136606,0.8825874668136606,0.3273360023335711,-0.5552514644800894,327.3360023335711,15
JPY,test,37,2024-01-11,2024-02-09,selected_threshold,10,1.052312726046026,0.09137722622215673,0.2483466882407299,-0.2483466882407299,0.2531484120880694,0.5014951003287993,253.1484120880694,11
JPY,test,38,2024-02-09,2024-03-11,selected_threshold,10,1.025367472452679,0.08903731356235974,0.1449399082112208,-0.1449399082112208,0.2076958711847819,0.3526357793960028,207.6958711847819,11
JPY,test,39,2024-03-11,2024-04-11,selected_threshold,10,0.9056397310384767,0.0786403340994685,-0.04899199153214795,0.04899199153214795,0.202405285296097,0.153413293763949,202.405285296097,8
JPY,test,40,2024-04-11,2024-05-13,selected_threshold,10,0.6490177641802291,0.05635622968959699,-0.581544632525663,0.581544632525663,0.2992724325042837,-0.2822722000213793,299.2724325042836,14
JPY,test,41,2024-05-13,2024-06-11,selected_threshold,10,0.8029818149868646,0.06972581485965428,-0.2220310318384122,0.2220310318384122,0.2823521192022796,0.06032108736386743,282.3521192022797,14
JPY,test,42,2024-06-11,2024-07-10,selected_threshold,10,0.8489240918824379,0.07371529537583933,-0.316309733435034,0.316309733435034,0.2365033632515788,-0.07980637018345521,236.5033632515788,9
JPY,test,43,2024-07-10,2024-08-08,selected_threshold,10,0.8609372216411373,0.07475848115349226,-0.5007254954271523,0.5007254954271523,0.1134837394839187,-0.3872417559432336,113.4837394839187,8
JPY,test,44,2024-08-08,2024-09-06,selected_threshold,10,1.508566964116532,0.1309999191768706,0.529233833524728,-0.529233833524728,0.2140000134382949,0.7432338469630229,214.0000134382949,14
JPY,test,45,2024-09-06,2024-10-07,selected_threshold,10,1.54030582923707,0.1337563762309741,0.03771043573860311,-0.03771043573860311,0.3097504828309955,0.3474609185695986,309.7504828309955,16
JPY,test,46,2024-10-07,2024-11-05,selected_threshold,10,1.620545448717401,0.1407251223641679,0.6581286834106947,-0.6581286834106947,0.214496206087953,0.8726248894986477,214.496206087953,9
JPY,test,47,2024-11-05,2024-12-04,selected_threshold,10,0.9294060023164974,0.08070414701058688,-0.4448958354943464,0.4448958354943464,0.1632169902616726,-0.2816788452326738,163.2169902616726,13
JPY,test,48,2024-12-04,2025-01-07,selected_threshold,10,1.01508169254641,0.08814410415262346,-0.2666746243951366,0.2666746243951366,0.2178402995635331,-0.04883432483160344,217.8402995635331,9
JPY,test,49,2025-01-07,2025-02-05,selected_threshold,10,0.9424720670264719,0.08183877957280571,-0.4641367039131454,0.4641367039131454,0.1835593387542717,-0.2805773651588737,183.5593387542718,13
JPY,test,50,2025-02-05,2025-03-06,selected_threshold,10,1.187529740363331,0.1031195684876222,-0.7090931788320489,0.7090931788320489,0.3393593187314514,-0.3697338601005975,339.3593187314515,14
JPY,test,51,2025-03-06,2025-04-04,selected_threshold,10,1.278407589187097,0.1110116302733601,-0.2412305686290352,0.2412305686290352,0.2881812819087078,0.04695071327967254,288.1812819087078,15
JPY,test,52,2025-04-04,2025-05-08,selected_threshold,10,1.355093358952544,0.1176713277387123,0.1017961584305027,-0.1017961584305027,0.2837756745629408,0.3855718329934435,283.7756745629408,15
JPY,test,53,2025-05-08,2025-06-06,selected_threshold,10,1.232871062445824,0.1070571059823842,0.2699595893793187,-0.2699595893793187,0.2441284631209678,0.5140880525002864,244.1284631209678,12
JPY,test,54,2025-06-06,2025-07-07,selected_threshold,10,1.018746788169778,0.08846237813788675,-0.1030085718224711,0.1030085718224711,0.2186875541931237,0.1156789823706526,218.6875541931237,12
JPY,test,55,2025-07-07,2025-08-05,selected_threshold,10,0.8377248411535376,0.07274278602756495,-0.004272479302585452,0.004272479302585452,0.2573096747847252,0.2530371954821397,257.3096747847252,14
JPY,test,56,2025-08-05,2025-09-03,selected_threshold,10,0.7323079670109962,0.06358876841582067,-0.1440577414509221,0.1440577414509221,0.2648767804647256,0.1208190390138035,264.8767804647256,15
JPY,test,57,2025-09-03,2025-10-02,selected_threshold,10,0.6616263814599037,0.05745109997330345,-0.1922539239094494,0.1922539239094494,0.2325559021149616,0.04030197820551218,232.5559021149616,14
JPY,test,58,2025-10-02,2025-10-31,selected_threshold,10,0.5924785772517183,0.05144666181366902,-0.5160149851491553,0.5160149851491553,0.2099781958084581,-0.3060367893406972,209.9781958084581,8
JPY,test,59,2025-10-31,2025-12-01,selected_threshold,10,0.6789433417536941,0.0589548219409132,-0.2022150537546707,0.2022150537546707,0.2385267964900871,0.03631174273541635,238.5267964900871,11
