currency,split,episode_id,strategy,cost_bps,date,step,time,event,spot,hedge_vol,desired_delta,trade,position,cash_before,interest,fee,terminal_value_fee,payoff,cash_after,wealth,cumulative_cost,cumulative_turnover
USD,test,0,frozen_rolling63_daily,0,2021-01-04,0,0,entry,100,0.05801708819289545,0.5033407217121401,0.5033407217121401,0.5033407217121401,0.6681443424280076,0,0,0,0,-49.665927828786,0.6681443424280076,0,50.334072171214
USD,test,0,frozen_rolling63_daily,0,2021-01-05,1,0.003968253968253968,observation,99.79668184775538,0.05801708819289545,0.4536875259026219,-0.04965319580951816,0.4536875259026219,-49.665927828786,-0,0,0,0,-44.71070364385921,0.5658060369400246,0,55.28929635614079
USD,test,0,frozen_rolling63_daily,0,2021-01-06,2,0.007936507936507936,observation,100.341574495771,0.05801708819289545,0.5878484555747728,0.1341609296721509,0.5878484555747728,-44.71070364385921,-0,0,0,0,-58.17262256297924,0.8130170343007563,0,68.75121527526082
USD,test,0,frozen_rolling63_daily,0,2021-01-07,3,0.0119047619047619,observation,99.8373454782043,0.05801708819289545,0.461270982196828,-0.1265774733779448,0.461270982196828,-58.17262256297924,-0,0,0,0,-45.53546362358716,0.5166067850681912,0,81.3883742146529
USD,test,0,frozen_rolling63_daily,0,2021-01-08,4,0.01587301587301587,observation,99.62589459986988,0.05801708819289545,0.4047019217060437,-0.05656906049078436,0.4047019217060437,-45.53546362358716,-0,0,0,0,-39.89972036551861,0.4190706307324916,0,87.02411747272144
USD,test,0,frozen_rolling63_daily,0,2021-01-11,5,0.01984126984126984,observation,98.91834743005855,0.05801708819289545,0.2306768334947581,-0.1740250882112855,0.2306768334947581,-39.89972036551861,-0,0,0,0,-22.68544622828808,0.1327249314121701,0,104.238391609952
USD,test,0,frozen_rolling63_daily,0,2021-01-12,6,0.02380952380952381,observation,98.90208197787898,0.05801708819289545,0.2198005045946712,-0.010876328900087,0.2198005045946712,-22.68544622828808,-0,0,0,0,-21.6097546557933,0.1289728684080274,0,105.3140831824468
USD,test,0,frozen_rolling63_daily,0,2021-01-13,7,0.02777777777777778,observation,98.9427456083279,0.05801708819289545,0.2205248952566022,0.0007243906619310847,0.2205248952566022,-21.6097546557933,-0,0,0,0,-21.6814278567778,0.1379107548993517,0,105.3857563834312
USD,test,0,frozen_rolling63_daily,0,2021-01-14,8,0.03174603174603174,observation,98.60117111255691,0.05801708819289545,0.1440161592323637,-0.07650873602423852,0.1440161592323637,-21.6814278567778,-0,0,0,0,-14.13757688444641,0.06258507499712884,0,112.9296073557626
USD,test,0,frozen_rolling63_daily,0,2021-01-15,9,0.03571428571428571,observation,98.59303838646713,0.05801708819289545,0.1328813379503859,-0.01113482128197785,0.1328813379503859,-14.13757688444641,-0,0,0,0,-13.03976102236592,0.06141383102158926,0,114.0274232178431
USD,test,0,frozen_rolling63_daily,0,2021-01-18,10,0.03968253968253968,observation,98.11320754716981,0.05801708819289545,0.05874529246088223,-0.07413604548950364,0.05874529246088223,-13.03976102236592,-0,0,0,0,-5.766035804527823,-0.002346732894094927,0,121.3011484356812
USD,test,0,frozen_rolling63_daily,0,2021-01-19,11,0.04365079365079365,observation,98.66623292127521,0.05801708819289545,0.123833240836591,0.06508794837570875,0.123833240836591,-5.766035804527823,-0,0,0,0,-12.18801847933344,0.03014090444601614,0,127.7231311104868
USD,test,0,frozen_rolling63_daily,0,2021-01-20,12,0.04761904761904762,observation,98.41411841249186,0.05801708819289545,0.07317743203276637,-0.0506558088038246,0.07317743203276637,-12.18801847933344,-0,0,0,0,-7.202771713433297,-0.001079252238551653,0,132.708377876387
USD,test,0,frozen_rolling63_daily,0,2021-01-21,13,0.05158730158730158,observation,98.87768379960963,0.05801708819289545,0.1385887265533293,0.06541129452056295,0.1385887265533293,-7.202771713433297,-0,0,0,0,-13.67048900996066,0.03284327237000184,0,139.1760951729143
USD,test,0,frozen_rolling63_daily,0,2021-01-22,14,0.05555555555555555,observation,98.87768379960963,0.05801708819289545,0.1225360231823229,-0.01605270337100639,0.1225360231823229,-13.67048900996066,-0,0,0,0,-12.08323488191336,0.03284327237000184,0,140.7633493009616
USD,test,0,frozen_rolling63_daily,0,2021-01-25,15,0.05952380952380952,observation,98.82888744307093,0.05801708819289545,0.09485729527838604,-0.02767872790393688,0.09485729527838604,-12.08323488191336,-0,0,0,0,-9.347776997327795,0.02686396089396226,0,143.4988071855472
USD,test,0,frozen_rolling63_daily,0,2021-01-26,16,0.06349206349206349,observation,98.75569290826284,0.05801708819289545,0.06324758392443153,-0.03160971135395452,0.06324758392443153,-9.347776997327795,-0,0,0,0,-6.226138049937834,0.01992092529290801,0,146.6204461329372
USD,test,0,frozen_rolling63_daily,0,2021-01-27,17,0.06746031746031746,observation,98.51984385165908,0.05801708819289545,0.02085176152277432,-0.04239582240165721,0.02085176152277432,-6.226138049937834,-0,0,0,0,-2.049308246963896,0.005004042291862465,0,150.7972759359111
USD,test,0,frozen_rolling63_daily,0,2021-01-28,18,0.07142857142857142,observation,98.33279115159401,0.05801708819289545,0.003991570318235818,-0.0168601912045385,0.003991570318235819,-2.049308246963896,-0,0,0,0,-0.3913985864720697,0.001103663997914783,0,152.4551855964029
USD,test,0,frozen_rolling63_daily,0,2021-01-29,19,0.07539682539682539,observation,98.69876382563434,0.05801708819289545,0.00567827542563792,0.0016867051074021,0.00567827542563792,-0.3913985864720697,-0,0,0,0,-0.5578742955110408,0.002564469660899515,0,152.6216613054419
USD,test,0,frozen_rolling63_daily,0,2021-02-01,20,0.07936507936507936,observation,98.27586206896551,0.05801708819289545,9.831227402319238e-07,-0.005677292302897688,9.831227402315804e-07,-0.5578742955110408,-0,0,0,0,6.649977373196503e-05,0.0001631170085478272,0,153.1796021007267
USD,test,0,frozen_rolling63_daily,0,2021-02-02,21,0.08333333333333333,settlement,97.95055302537409,,0,-9.831227402315804e-07,0,6.649977373196503e-05,0,0,0,0,0.0001627971898294695,0.0001627971898294695,0,153.1796983981428
USD,test,0,rolling63_daily,0,2021-01-04,0,0,entry,100,0.05801708819289545,0.5033407217121401,0.5033407217121401,0.5033407217121401,0.6681443424280076,0,0,0,0,-49.665927828786,0.6681443424280076,0,50.334072171214
USD,test,0,rolling63_daily,0,2021-01-05,1,0.003968253968253968,observation,99.79668184775538,0.0579788186783644,0.4536528212700798,-0.04968790044206028,0.4536528212700798,-49.665927828786,-0,0,0,0,-44.70724023668676,0.5658060369400246,0,55.29275976331324
USD,test,0,rolling63_daily,0,2021-01-06,2,0.007936507936507936,observation,100.341574495771,0.05883991141091713,0.5867269944796532,0.1330741732095734,0.5867269944796532,-44.70724023668676,-0,0,0,0,-58.0601123012583,0.8129981240016306,0,68.64563182788477
USD,test,0,rolling63_daily,0,2021-01-07,3,0.0119047619047619,observation,99.8373454782043,0.05969028809313297,0.462528453452844,-0.1241985410268092,0.462528453452844,-58.0601123012583,-0,0,0,0,-45.66045965287582,0.517153347995297,0,81.04528447626724
USD,test,0,rolling63_daily,0,2021-01-08,4,0.01587301587301587,observation,99.62589459986988,0.05962356033616426,0.4073819068512173,-0.05514654660162666,0.4073819068512173,-45.66045965287582,-0,0,0,0,-40.16643561359535,0.419351300258036,0,86.53930851554772
USD,test,0,rolling63_daily,0,2021-01-11,5,0.01984126984126984,observation,98.91834743005855,0.06130014093116094,0.2431006318790054,-0.1642812749722119,0.2431006318790054,-40.16643561359535,-0,0,0,0,-23.91600337964111,0.1311093850331098,0,102.789740749502
USD,test,0,rolling63_daily,0,2021-01-12,6,0.02380952380952381,observation,98.90208197787898,0.06126723262532918,0.2323603620538774,-0.01074026982512799,0.2323603620538774,-23.91600337964111,-0,0,0,0,-22.85376833293177,0.1271552433304599,0,103.8519757962113
USD,test,0,rolling63_daily,0,2021-01-13,7,0.02777777777777778,observation,98.9427456083279,0.06094924967240409,0.2318757259257818,-0.0004846361280956835,0.2318757259257818,-22.85376833293177,-0,0,0,0,-22.80581710379699,0.1366038592239924,0,103.8999270253461
USD,test,0,rolling63_daily,0,2021-01-14,8,0.03174603174603174,observation,98.60117111255691,0.06069562291918153,0.1550608627940011,-0.07681486313178071,0.1550608627940011,-22.80581710379699,-0,0,0,0,-15.23178164015264,0.05740102505936306,0,111.4739624889904
USD,test,0,rolling63_daily,0,2021-01-15,9,0.03571428571428571,observation,98.59303838646713,0.06025061493392476,0.1420531437233404,-0.01300771907066067,0.1420531437233404,-15.23178164015264,-0,0,0,0,-13.94931109449861,0.05613995753501477,0,112.7564330346445
USD,test,0,rolling63_daily,0,2021-01-18,10,0.03968253968253968,observation,98.11320754716981,0.06057536851228293,0.06696803537369167,-0.07508510834964871,0.06696803537369167,-13.94931109449861,-0,0,0,0,-6.582470275287799,-0.01202152164257875,0,120.1232738538553
USD,test,0,rolling63_daily,0,2021-01-19,11,0.04365079365079365,observation,98.66623292127521,0.06146369369328804,0.137736946610982,0.07076891123729029,0.137736946610982,-6.582470275287799,-0,0,0,0,-13.56497215501133,0.02501350117306167,0,127.1057757335788
USD,test,0,rolling63_daily,0,2021-01-20,12,0.04761904761904762,observation,98.41411841249186,0.06126629794516315,0.08458176507475751,-0.05315518153622445,0.08458176507475751,-13.56497215501133,-0,0,0,0,-8.333751825067839,-0.009711981463086161,0,132.3369960635223
USD,test,0,rolling63_daily,0,2021-01-21,13,0.05158730158730158,observation,98.87768379960963,0.06176128023440765,0.1538271602162423,0.06924539514148476,0.1538271602162423,-8.333751825067839,-0,0,0,0,-15.18057611044659,0.02949719720689714,0,139.183820348901
USD,test,0,rolling63_daily,0,2021-01-22,14,0.05555555555555555,observation,98.87768379960963,0.06147758262686869,0.1364493130212366,-0.01737784719500568,0.1364493130212366,-15.18057611044659,-0,0,0,0,-13.46229483038089,0.02949719720689892,0,140.9021016289667
USD,test,0,rolling63_daily,0,2021-01-25,15,0.05952380952380952,observation,98.82888744307093,0.06116689267521346,0.1068568687079844,-0.0295924443132522,0.1068568687079844,-13.46229483038089,-0,0,0,0,-10.53770648218114,0.02283896787925421,0,143.8266899771665
USD,test,0,rolling63_daily,0,2021-01-26,16,0.06349206349206349,observation,98.75569290826284,0.06114532229224569,0.07360408597535294,-0.03325278273263145,0.07360408597535294,-10.53770648218114,-0,0,0,0,-7.253804882292206,0.01501762908312454,0,147.1105915770554
USD,test,0,rolling63_daily,0,2021-01-27,17,0.06746031746031746,observation,98.51984385165908,0.05868383333462739,0.02204440636471187,-0.05155967961064106,0.02204440636471187,-7.253804882292206,-0,0,0,0,-2.174153298010278,-0.002341825156344957,0,152.1902431613373
USD,test,0,rolling63_daily,0,2021-01-28,18,0.07142857142857142,observation,98.33279115159401,0.05867556643355296,0.004358729764891462,-0.01768567659982041,0.004358729764891461,-2.174153298010278,-0,0,0,0,-0.4350713545455043,-0.006465290888195752,0,153.9293251048021
USD,test,0,rolling63_daily,0,2021-01-29,19,0.07539682539682539,observation,98.69876382563434,0.05913519518213095,0.006503677196210661,0.002144947431319199,0.006503677196210661,-0.4350713545455043,-0,0,0,0,-0.6467750144876789,-0.004870114900719202,0,154.1410287647443
USD,test,0,rolling63_daily,0,2021-02-01,20,0.07936507936507936,observation,98.27586206896551,0.0592336762732918,1.588075548854292e-06,-0.006502089120661807,1.588075548853915e-06,-0.6467750144876789,-0,0,0,0,-0.007776600905398001,-0.007620531411803737,0,154.7800271783265
USD,test,0,rolling63_daily,0,2021-02-02,21,0.08333333333333333,settlement,97.95055302537409,,0,-1.588075548853915e-06,0,-0.007776600905398001,-0,0,0,0,-0.007621048027141686,-0.007621048027141686,0,154.7801827312048
USD,test,0,ewma_daily,0,2021-01-04,0,0,entry,100,0.05981726198018385,0.5034443762156937,0.5034443762156937,0.5034443762156937,0.6681443424280076,0,0,0,0,-49.67629327914136,0.6681443424280076,0,50.34443762156937
USD,test,0,ewma_daily,0,2021-01-05,1,0.003968253968253968,observation,99.79668184775538,0.05917834973933248,0.4547207423704362,-0.04872363384525752,0.4547207423704362,-49.67629327914136,-0,0,0,0,-44.81383629381967,0.5657849620978936,0,55.20689460689106
USD,test,0,ewma_daily,0,2021-01-06,2,0.007936507936507936,observation,100.341574495771,0.06017614400680429,0.5849722760252142,0.130251533654778,0.5849722760252142,-44.81383629381967,-0,0,0,0,-57.883480261229,0.8135589515157378,0,68.27653857430039
USD,test,0,ewma_daily,0,2021-01-07,3,0.0119047619047619,observation,99.8373454782043,0.06086379289516185,0.4633722594140839,-0.1216000166111302,0.4633722594140839,-57.883480261229,-0,0,0,0,-45.74325739266821,0.5185989554717949,0,80.41676144286117
USD,test,0,ewma_daily,0,2021-01-08,4,0.01587301587301587,observation,99.62589459986988,0.06022668274712401,0.4083533391006313,-0.05501892031345268,0.4083533391006313,-45.74325739266821,-0,0,0,0,-40.26194823652153,0.4206184842228851,0,85.89807059900785
USD,test,0,ewma_daily,0,2021-01-11,5,0.01984126984126984,observation,98.91834743005855,0.06246983527031375,0.2472931101829777,-0.1610602289176535,0.2472931101829777,-40.26194823652153,-0,0,0,0,-24.33013655528031,0.1316892348592269,0,101.8298822802491
USD,test,0,ewma_daily,0,2021-01-12,6,0.02380952380952381,observation,98.90208197787898,0.06152731386892457,0.2333245647147681,-0.01396854546820958,0.2333245647147681,-24.33013655528031,-0,0,0,0,-22.94861832627172,0.1276669006012128,0,103.2114005092577
USD,test,0,ewma_daily,0,2021-01-13,7,0.02777777777777778,observation,98.9427456083279,0.06060791609750128,0.230594442756167,-0.002730121958601117,0.230594442756167,-22.94861832627172,-0,0,0,0,-22.67849256384214,0.1371547244754261,0,103.4815262716872
USD,test,0,ewma_daily,0,2021-01-14,8,0.03174603174603174,observation,98.60117111255691,0.06044445330525997,0.1540441914759699,-0.07655025128019716,0.1540441914759699,-22.67849256384214,-0,0,0,0,-15.13054813865419,0.05838954396339879,0,111.0294706968752
USD,test,0,ewma_daily,0,2021-01-15,9,0.03571428571428571,observation,98.59303838646713,0.05953131455916121,0.1391290573243757,-0.01491513415159412,0.1391290573243757,-15.13054813865419,-0,0,0,0,-13.66001974470676,0.05713674474840147,0,112.4999990908226
USD,test,0,ewma_daily,0,2021-01-18,10,0.03968253968253968,observation,98.11320754716981,0.06014645753252588,0.06558078967079341,-0.07354826765358234,0.06558078967079341,-13.66001974470676,-0,0,0,0,-6.443963295676042,-0.009621667598198158,0,119.7160555398533
USD,test,0,ewma_daily,0,2021-01-19,11,0.04365079365079365,observation,98.66623292127521,0.06122019837777731,0.1367737863315215,0.07119299666072808,0.1367737863315215,-6.443963295676042,-0,0,0,0,-13.46830808656701,0.02664617314361983,0,126.7404003307443
USD,test,0,ewma_daily,0,2021-01-20,12,0.04761904761904762,observation,98.41411841249186,0.06070389053929807,0.08260790421025793,-0.05416588212126355,0.08260790421025793,-13.46830808656701,-0,0,0,0,-8.137620549567899,-0.007836482811789836,0,132.0710878677434
USD,test,0,ewma_daily,0,2021-01-21,13,0.05158730158730158,observation,98.87768379960963,0.06116668861992863,0.1514628586018086,0.06885495439155065,0.1514628586018086,-8.137620549567899,-0,0,0,0,-14.94583895793219,0.03045768228242629,0,138.8793062761077
USD,test,0,ewma_daily,0,2021-01-22,14,0.05555555555555555,observation,98.87768379960963,0.06024220184244172,0.1315479381283421,-0.01991492047346644,0.1315479381283421,-14.94583895793219,-0,0,0,0,-12.9766977484624,0.03045768228242629,0,140.8484474855775
USD,test,0,ewma_daily,0,2021-01-25,15,0.05952380952380952,observation,98.82888744307093,0.05934720971846093,0.0999513868124578,-0.03159655131588435,0.0999513868124578,-12.9766977484624,-0,0,0,0,-9.854045734875651,0.02403862219158448,0,143.9710994991643
USD,test,0,ewma_daily,0,2021-01-26,16,0.06349206349206349,observation,98.75569290826284,0.05848571123306655,0.06478997502791269,-0.03516141178454511,0.06478997502791269,-9.854045734875651,-0,0,0,0,-6.38165615046014,0.01672272693042398,0,147.4434890835798
USD,test,0,ewma_daily,0,2021-01-27,17,0.06746031746031746,observation,98.51984385165908,0.05797571027929927,0.02077870347261763,-0.04401127155529505,0.02077870347261764,-6.38165615046014,-0,0,0,0,-2.045672549119507,0.001442072442708664,0,151.7794726849204
USD,test,0,ewma_daily,0,2021-01-28,18,0.07142857142857142,observation,98.33279115159401,0.05733804646854431,0.003634387819178877,-0.01714431565343876,0.003634387819178877,-2.045672549119507,-0,0,0,0,-0.3598241385329095,-0.002444640145695787,0,153.465321095507
USD,test,0,ewma_daily,0,2021-01-29,19,0.07539682539682539,observation,98.69876382563434,0.05738773269642544,0.005243392663928347,0.00160900484474947,0.005243392663928347,-0.3598241385329095,-0,0,0,0,-0.5186309276991389,-0.001114553517011285,0,153.6241278846732
USD,test,0,ewma_daily,0,2021-02-01,20,0.07936507936507936,observation,98.27586206896551,0.05774031944664829,8.778647616330912e-07,-0.005242514799166714,8.778647616327837e-07,-0.5186309276991389,-0,0,0,0,-0.003418266401720493,-0.003331993485491065,0,154.1393405459707
USD,test,0,ewma_daily,0,2021-02-02,21,0.08333333333333333,settlement,97.95055302537409,,0,-8.778647616327837e-07,0,-0.003418266401720493,-0,0,0,0,-0.003332279062837074,-0.003332279062837074,0,154.1394265333095
USD,test,0,ridge_daily,0,2021-01-04,0,0,entry,100,0.06501777287390428,0.5037438217374273,0.5037438217374273,0.5037438217374273,0.6681443424280076,0,0,0,0,-49.70623783131472,0.6681443424280076,0,50.37438217374272
USD,test,0,ridge_daily,0,2021-01-05,1,0.003968253968253968,observation,99.79668184775538,0.06344357664156668,0.4582136708738026,-0.04553015086362466,0.4582136708738026,-49.70623783131472,-0,0,0,0,-45.16247985109726,0.5657240793877136,0,54.91814015396018
USD,test,0,ridge_daily,0,2021-01-06,2,0.007936507936507936,observation,100.341574495771,0.06346627215996437,0.5809732409373725,0.1227595700635699,0.5809732409373725,-45.16247985109726,-0,0,0,0,-57.48036839569977,0.8154013398670941,0,67.23602869856269
USD,test,0,ridge_daily,0,2021-01-07,3,0.0119047619047619,observation,99.8373454782043,0.06366303171233448,0.4652693103852486,-0.1157039305521239,0.4652693103852486,-57.48036839569977,-0,0,0,0,-45.92879510798122,0.522457773356706,0,78.78760198628123
USD,test,0,ridge_daily,0,2021-01-08,4,0.01587301587301587,observation,99.62589459986988,0.06385471188658762,0.4138321660731167,-0.05143714431213192,0.4138321660731167,-45.92879510798122,-0,0,0,0,-40.80432359022247,0.4240761690136949,0,83.91207350403998
USD,test,0,ridge_daily,0,2021-01-11,5,0.01984126984126984,observation,98.91834743005855,0.06481366260698138,0.255348583036334,-0.1584835830367827,0.255348583036334,-40.80432359022247,-0,0,0,0,-25.12738946142947,0.1312703911317676,0,99.58900763283299
USD,test,0,ridge_daily,0,2021-01-12,6,0.02380952380952381,observation,98.90208197787898,0.06653706812418696,0.250805536815611,-0.00454304622072299,0.250805536815611,-25.12738946142947,-0,0,0,0,-24.67807273167823,0.1271170309652696,0,100.0383243625842
USD,test,0,ridge_daily,0,2021-01-13,7,0.02777777777777778,observation,98.9427456083279,0.06676129936299766,0.2521983344287905,0.001392797613179453,0.2521983344287905,-24.67807273167823,-0,0,0,0,-24.81587995160293,0.1373156946288852,0,100.1761315825089
USD,test,0,ridge_daily,0,2021-01-14,8,0.03174603174603174,observation,98.60117111255691,0.06698179799585637,0.1792172357594044,-0.07298109866938607,0.1792172357594044,-24.81587995160293,-0,0,0,0,-17.6198581537204,0.05117117571208496,0,107.3721533803915
USD,test,0,ridge_daily,0,2021-01-15,9,0.03571428571428571,observation,98.59303838646713,0.06809063421227447,0.172024315836181,-0.007192919923223406,0.172024315836181,-17.6198581537204,-0,0,0,0,-16.91068632361925,0.04971365102308667,0,108.0813252104926
USD,test,0,ridge_daily,0,2021-01-18,10,0.03968253968253968,observation,98.11320754716981,0.06848403602493049,0.09273112720950522,-0.07929318862667578,0.09273112720950522,-16.91068632361925,-0,0,0,0,-9.130977250813327,-0.03282892082413724,0,115.8610342832985
USD,test,0,ridge_daily,0,2021-01-19,11,0.04365079365079365,observation,98.66623292127521,0.06781253847474004,0.1617631512110829,0.06903202400157765,0.1617631512110829,-9.130977250813327,-0,0,0,0,-15.94210700998005,0.0184537454921152,0,122.6721640424653
USD,test,0,ridge_daily,0,2021-01-20,12,0.04761904761904762,observation,98.41411841249186,0.06838919748164463,0.1092696099169619,-0.05249354129412098,0.1092696099169619,-15.94210700998005,-0,0,0,0,-10.7760014211694,-0.02232909191471322,0,127.8382696312759
USD,test,0,ridge_daily,0,2021-01-21,13,0.05158730158730158,observation,98.87768379960963,0.06619870354602042,0.1707998501230123,0.06153024020605041,0.1707998501230123,-10.7760014211694,-0,0,0,0,-16.85996905637727,0.0283245171066504,0,133.9222372664838
USD,test,0,ridge_daily,0,2021-01-22,14,0.05555555555555555,observation,98.87768379960963,0.06701456965904333,0.1574634682286531,-0.01333638189435921,0.1574634682286531,-16.85996905637727,-0,0,0,0,-15.54129850439599,0.02832451710665218,0,135.2409078184651
USD,test,0,ridge_daily,0,2021-01-25,15,0.05952380952380952,observation,98.82888744307093,0.06495949417480321,0.1209493239246951,-0.036514144303958,0.1209493239246951,-15.54129850439599,-0,0,0,0,-11.93264624690007,0.02064087356914435,0,138.849560075961
USD,test,0,ridge_daily,0,2021-01-26,16,0.06349206349206349,observation,98.75569290826284,0.06669469433488438,0.09207073514350883,-0.02887858878118627,0.09207073514350883,-11.93264624690007,-0,0,0,0,-9.080721201601236,0.01178804406912626,0,141.7014851212598
USD,test,0,ridge_daily,0,2021-01-27,17,0.06746031746031746,observation,98.51984385165908,0.06548518397231576,0.03566776479161553,-0.0564029703518933,0.03566776479161553,-9.080721201601236,-0,0,0,0,-3.523909369762952,-0.009926751955285695,0,147.2582969530981
USD,test,0,ridge_daily,0,2021-01-28,18,0.07142857142857142,observation,98.33279115159401,0.06762545513712466,0.01145610601050367,-0.02421165878111186,0.01145610601050367,-3.523909369762952,-0,0,0,0,-1.143109383406221,-0.01659850366484306,0,149.6390969394548
USD,test,0,ridge_daily,0,2021-01-29,19,0.07539682539682539,observation,98.69876382563434,0.06611455554400614,0.01318218988765237,0.001726083877148699,0.01318218988765237,-1.143109383406221,-0,0,0,0,-1.313471728340156,-0.01240588191408931,0,149.8094592843888
USD,test,0,ridge_daily,0,2021-02-01,20,0.07936507936507936,observation,98.27586206896551,0.06536697950613624,1.213074531067171e-05,-0.0131700591423417,1.213074531067164e-05,-1.313471728340156,-0,0,0,0,-0.019172812627265,-0.01798065317431969,0,151.1037582001017
USD,test,0,ridge_daily,0,2021-02-02,21,0.08333333333333333,settlement,97.95055302537409,,0,-1.213074531067164e-05,0,-0.019172812627265,-0,0,0,0,-0.01798459941547475,-0.01798459941547475,0,151.1049464133134
USD,test,0,selected_daily,0,2021-01-04,0,0,entry,100,0.05981726198018385,0.5034443762156937,0.5034443762156937,0.5034443762156937,0.6681443424280076,0,0,0,0,-49.67629327914136,0.6681443424280076,0,50.34443762156937
USD,test,0,selected_daily,0,2021-01-05,1,0.003968253968253968,observation,99.79668184775538,0.05917834973933248,0.4547207423704362,-0.04872363384525752,0.4547207423704362,-49.67629327914136,-0,0,0,0,-44.81383629381967,0.5657849620978936,0,55.20689460689106
USD,test,0,selected_daily,0,2021-01-06,2,0.007936507936507936,observation,100.341574495771,0.06017614400680429,0.5849722760252142,0.130251533654778,0.5849722760252142,-44.81383629381967,-0,0,0,0,-57.883480261229,0.8135589515157378,0,68.27653857430039
USD,test,0,selected_daily,0,2021-01-07,3,0.0119047619047619,observation,99.8373454782043,0.06086379289516185,0.4633722594140839,-0.1216000166111302,0.4633722594140839,-57.883480261229,-0,0,0,0,-45.74325739266821,0.5185989554717949,0,80.41676144286117
USD,test,0,selected_daily,0,2021-01-08,4,0.01587301587301587,observation,99.62589459986988,0.06022668274712401,0.4083533391006313,-0.05501892031345268,0.4083533391006313,-45.74325739266821,-0,0,0,0,-40.26194823652153,0.4206184842228851,0,85.89807059900785
USD,test,0,selected_daily,0,2021-01-11,5,0.01984126984126984,observation,98.91834743005855,0.06246983527031375,0.2472931101829777,-0.1610602289176535,0.2472931101829777,-40.26194823652153,-0,0,0,0,-24.33013655528031,0.1316892348592269,0,101.8298822802491
USD,test,0,selected_daily,0,2021-01-12,6,0.02380952380952381,observation,98.90208197787898,0.06152731386892457,0.2333245647147681,-0.01396854546820958,0.2333245647147681,-24.33013655528031,-0,0,0,0,-22.94861832627172,0.1276669006012128,0,103.2114005092577
USD,test,0,selected_daily,0,2021-01-13,7,0.02777777777777778,observation,98.9427456083279,0.06060791609750128,0.230594442756167,-0.002730121958601117,0.230594442756167,-22.94861832627172,-0,0,0,0,-22.67849256384214,0.1371547244754261,0,103.4815262716872
USD,test,0,selected_daily,0,2021-01-14,8,0.03174603174603174,observation,98.60117111255691,0.06044445330525997,0.1540441914759699,-0.07655025128019716,0.1540441914759699,-22.67849256384214,-0,0,0,0,-15.13054813865419,0.05838954396339879,0,111.0294706968752
USD,test,0,selected_daily,0,2021-01-15,9,0.03571428571428571,observation,98.59303838646713,0.05953131455916121,0.1391290573243757,-0.01491513415159412,0.1391290573243757,-15.13054813865419,-0,0,0,0,-13.66001974470676,0.05713674474840147,0,112.4999990908226
USD,test,0,selected_daily,0,2021-01-18,10,0.03968253968253968,observation,98.11320754716981,0.06014645753252588,0.06558078967079341,-0.07354826765358234,0.06558078967079341,-13.66001974470676,-0,0,0,0,-6.443963295676042,-0.009621667598198158,0,119.7160555398533
USD,test,0,selected_daily,0,2021-01-19,11,0.04365079365079365,observation,98.66623292127521,0.06122019837777731,0.1367737863315215,0.07119299666072808,0.1367737863315215,-6.443963295676042,-0,0,0,0,-13.46830808656701,0.02664617314361983,0,126.7404003307443
USD,test,0,selected_daily,0,2021-01-20,12,0.04761904761904762,observation,98.41411841249186,0.06070389053929807,0.08260790421025793,-0.05416588212126355,0.08260790421025793,-13.46830808656701,-0,0,0,0,-8.137620549567899,-0.007836482811789836,0,132.0710878677434
USD,test,0,selected_daily,0,2021-01-21,13,0.05158730158730158,observation,98.87768379960963,0.06116668861992863,0.1514628586018086,0.06885495439155065,0.1514628586018086,-8.137620549567899,-0,0,0,0,-14.94583895793219,0.03045768228242629,0,138.8793062761077
USD,test,0,selected_daily,0,2021-01-22,14,0.05555555555555555,observation,98.87768379960963,0.06024220184244172,0.1315479381283421,-0.01991492047346644,0.1315479381283421,-14.94583895793219,-0,0,0,0,-12.9766977484624,0.03045768228242629,0,140.8484474855775
USD,test,0,selected_daily,0,2021-01-25,15,0.05952380952380952,observation,98.82888744307093,0.05934720971846093,0.0999513868124578,-0.03159655131588435,0.0999513868124578,-12.9766977484624,-0,0,0,0,-9.854045734875651,0.02403862219158448,0,143.9710994991643
USD,test,0,selected_daily,0,2021-01-26,16,0.06349206349206349,observation,98.75569290826284,0.05848571123306655,0.06478997502791269,-0.03516141178454511,0.06478997502791269,-9.854045734875651,-0,0,0,0,-6.38165615046014,0.01672272693042398,0,147.4434890835798
USD,test,0,selected_daily,0,2021-01-27,17,0.06746031746031746,observation,98.51984385165908,0.05797571027929927,0.02077870347261763,-0.04401127155529505,0.02077870347261764,-6.38165615046014,-0,0,0,0,-2.045672549119507,0.001442072442708664,0,151.7794726849204
USD,test,0,selected_daily,0,2021-01-28,18,0.07142857142857142,observation,98.33279115159401,0.05733804646854431,0.003634387819178877,-0.01714431565343876,0.003634387819178877,-2.045672549119507,-0,0,0,0,-0.3598241385329095,-0.002444640145695787,0,153.465321095507
USD,test,0,selected_daily,0,2021-01-29,19,0.07539682539682539,observation,98.69876382563434,0.05738773269642544,0.005243392663928347,0.00160900484474947,0.005243392663928347,-0.3598241385329095,-0,0,0,0,-0.5186309276991389,-0.001114553517011285,0,153.6241278846732
USD,test,0,selected_daily,0,2021-02-01,20,0.07936507936507936,observation,98.27586206896551,0.05774031944664829,8.778647616330912e-07,-0.005242514799166714,8.778647616327837e-07,-0.5186309276991389,-0,0,0,0,-0.003418266401720493,-0.003331993485491065,0,154.1393405459707
USD,test,0,selected_daily,0,2021-02-02,21,0.08333333333333333,settlement,97.95055302537409,,0,-8.778647616327837e-07,0,-0.003418266401720493,-0,0,0,0,-0.003332279062837074,-0.003332279062837074,0,154.1394265333095
USD,test,0,selected_every5,0,2021-01-04,0,0,entry,100,0.05981726198018385,0.5034443762156937,0.5034443762156937,0.5034443762156937,0.6681443424280076,0,0,0,0,-49.67629327914136,0.6681443424280076,0,50.34443762156937
USD,test,0,selected_every5,0,2021-01-05,1,0.003968253968253968,observation,99.79668184775538,0.05917834973933248,0.4547207423704362,0,0.5034443762156937,-49.67629327914136,-0,0,0,0,-49.67629327914136,0.5657849620978865,0,50.34443762156937
USD,test,0,selected_every5,0,2021-01-06,2,0.007936507936507936,observation,100.341574495771,0.06017614400680429,0.5849722760252142,0,0.5034443762156937,-49.67629327914136,-0,0,0,0,-49.67629327914136,0.8401081013826257,0,50.34443762156937
USD,test,0,selected_every5,0,2021-01-07,3,0.0119047619047619,observation,99.8373454782043,0.06086379289516185,0.4633722594140839,0,0.5034443762156937,-49.67629327914136,-0,0,0,0,-49.67629327914136,0.5862568381639122,0,50.34443762156937
USD,test,0,selected_every5,0,2021-01-08,4,0.01587301587301587,observation,99.62589459986988,0.06022668274712401,0.4083533391006313,0,0.5034443762156937,-49.67629327914136,-0,0,0,0,-49.67629327914136,0.4798030826205775,0,50.34443762156937
USD,test,0,selected_every5,0,2021-01-11,5,0.01984126984126984,observation,98.91834743005855,0.06246983527031375,0.2472931101829777,-0.256151266032716,0.2472931101829777,-49.67629327914136,-0,0,0,0,-24.33823335106781,0.1235924390717322,0,75.68249754964293
USD,test,0,selected_every5,0,2021-01-12,6,0.02380952380952381,observation,98.90208197787898,0.06152731386892457,0.2333245647147681,0,0.2472931101829777,-24.33823335106781,-0,0,0,0,-24.33823335106781,0.1195701048137146,0,75.68249754964293
USD,test,0,selected_every5,0,2021-01-13,7,0.02777777777777778,observation,98.9427456083279,0.06060791609750128,0.230594442756167,0,0.2472931101829777,-24.33823335106781,-0,0,0,0,-24.33823335106781,0.1296259404587587,0,75.68249754964293
USD,test,0,selected_every5,0,2021-01-14,8,0.03174603174603174,observation,98.60117111255691,0.06044445330525997,0.1540441914759699,0,0.2472931101829777,-24.33823335106781,-0,0,0,0,-24.33823335106781,0.04515692104036972,0,75.68249754964293
USD,test,0,selected_every5,0,2021-01-15,9,0.03571428571428571,observation,98.59303838646713,0.05953131455916121,0.1391290573243757,0,0.2472931101829777,-24.33823335106781,-0,0,0,0,-24.33823335106781,0.04314575391136088,0,75.68249754964293
USD,test,0,selected_every5,0,2021-01-18,10,0.03968253968253968,observation,98.11320754716981,0.06014645753252588,0.06558078967079341,-0.1817123205121843,0.06558078967079339,-24.33823335106781,-0,0,0,0,-6.509854734778024,-0.07551310670018196,0,93.51087616593271
USD,test,0,selected_every5,0,2021-01-19,11,0.04365079365079365,observation,98.66623292127521,0.06122019837777731,0.1367737863315215,0,0.06558078967079339,-6.509854734778024,-0,0,0,0,-6.509854734778024,-0.03924526595836397,0,93.51087616593271
USD,test,0,selected_every5,0,2021-01-20,12,0.04761904761904762,observation,98.41411841249186,0.06070389053929807,0.08260790421025793,0,0.06558078967079339,-6.509854734778024,-0,0,0,0,-6.509854734778024,-0.05577913453184014,0,93.51087616593271
USD,test,0,selected_every5,0,2021-01-21,13,0.05158730158730158,observation,98.87768379960963,0.06116668861992863,0.1514628586018086,0,0.06558078967079339,-6.509854734778024,-0,0,0,0,-6.509854734778024,-0.02537815038061009,0,93.51087616593271
USD,test,0,selected_every5,0,2021-01-22,14,0.05555555555555555,observation,98.87768379960963,0.06024220184244172,0.1315479381283421,0,0.06558078967079339,-6.509854734778024,-0,0,0,0,-6.509854734778024,-0.02537815038061009,0,93.51087616593271
USD,test,0,selected_every5,0,2021-01-25,15,0.05952380952380952,observation,98.82888744307093,0.05934720971846093,0.0999513868124578,0.03437059714166441,0.0999513868124578,-6.509854734778024,-0,0,0,0,-9.906662611042711,-0.02857825397547487,0,96.9076840421974
USD,test,0,selected_every5,0,2021-01-26,16,0.06349206349206349,observation,98.75569290826284,0.05848571123306655,0.06478997502791269,0,0.0999513868124578,-9.906662611042711,-0,0,0,0,-9.906662611042711,-0.03589414923663625,0,96.9076840421974
USD,test,0,selected_every5,0,2021-01-27,17,0.06746031746031746,observation,98.51984385165908,0.05797571027929927,0.02077870347261763,0,0.0999513868124578,-9.906662611042711,-0,0,0,0,-9.906662611042711,-0.05946758952259223,0,96.9076840421974
USD,test,0,selected_every5,0,2021-01-28,18,0.07142857142857142,observation,98.33279115159401,0.05733804646854431,0.003634387819178877,0,0.0999513868124578,-9.906662611042711,-0,0,0,0,-9.906662611042711,-0.07816376630110966,0,96.9076840421974
USD,test,0,selected_every5,0,2021-01-29,19,0.07539682539682539,observation,98.69876382563434,0.05738773269642544,0.005243392663928347,0,0.0999513868124578,-9.906662611042711,-0,0,0,0,-9.906662611042711,-0.04158428999531516,0,96.9076840421974
USD,test,0,selected_every5,0,2021-02-01,20,0.07936507936507936,observation,98.27586206896551,0.05774031944664829,8.778647616330912e-07,-0.09995050894769617,8.77864761633651e-07,-9.906662611042711,-0,0,0,0,-0.08394017997601999,-0.08385390705979048,0,106.7304064732641
USD,test,0,selected_every5,0,2021-02-02,21,0.08333333333333333,settlement,97.95055302537409,,0,-8.77864761633651e-07,0,-0.08394017997601999,-0,0,0,0,-0.08385419263713649,-0.08385419263713649,0,106.730492460603
USD,test,0,selected_threshold,0,2021-01-04,0,0,entry,100,0.05981726198018385,0.5034443762156937,0.5034443762156937,0.5034443762156937,0.6681443424280076,0,0,0,0,-49.67629327914136,0.6681443424280076,0,50.34443762156937
USD,test,0,selected_threshold,0,2021-01-05,1,0.003968253968253968,observation,99.79668184775538,0.05917834973933248,0.4547207423704362,0,0.5034443762156937,-49.67629327914136,-0,0,0,0,-49.67629327914136,0.5657849620978865,0,50.34443762156937
USD,test,0,selected_threshold,0,2021-01-06,2,0.007936507936507936,observation,100.341574495771,0.06017614400680429,0.5849722760252142,0,0.5034443762156937,-49.67629327914136,-0,0,0,0,-49.67629327914136,0.8401081013826257,0,50.34443762156937
USD,test,0,selected_threshold,0,2021-01-07,3,0.0119047619047619,observation,99.8373454782043,0.06086379289516185,0.4633722594140839,0,0.5034443762156937,-49.67629327914136,-0,0,0,0,-49.67629327914136,0.5862568381639122,0,50.34443762156937
USD,test,0,selected_threshold,0,2021-01-08,4,0.01587301587301587,observation,99.62589459986988,0.06022668274712401,0.4083533391006313,0,0.5034443762156937,-49.67629327914136,-0,0,0,0,-49.67629327914136,0.4798030826205775,0,50.34443762156937
USD,test,0,selected_threshold,0,2021-01-11,5,0.01984126984126984,observation,98.91834743005855,0.06246983527031375,0.2472931101829777,-0.256151266032716,0.2472931101829777,-49.67629327914136,-0,0,0,0,-24.33823335106781,0.1235924390717322,0,75.68249754964293
USD,test,0,selected_threshold,0,2021-01-12,6,0.02380952380952381,observation,98.90208197787898,0.06152731386892457,0.2333245647147681,0,0.2472931101829777,-24.33823335106781,-0,0,0,0,-24.33823335106781,0.1195701048137146,0,75.68249754964293
USD,test,0,selected_threshold,0,2021-01-13,7,0.02777777777777778,observation,98.9427456083279,0.06060791609750128,0.230594442756167,0,0.2472931101829777,-24.33823335106781,-0,0,0,0,-24.33823335106781,0.1296259404587587,0,75.68249754964293
USD,test,0,selected_threshold,0,2021-01-14,8,0.03174603174603174,observation,98.60117111255691,0.06044445330525997,0.1540441914759699,0,0.2472931101829777,-24.33823335106781,-0,0,0,0,-24.33823335106781,0.04515692104036972,0,75.68249754964293
USD,test,0,selected_threshold,0,2021-01-15,9,0.03571428571428571,observation,98.59303838646713,0.05953131455916121,0.1391290573243757,-0.108164052858602,0.1391290573243757,-24.33823335106781,-0,0,0,0,-13.6740107355438,0.04314575391136088,0,86.34672016516694
USD,test,0,selected_threshold,0,2021-01-18,10,0.03968253968253968,observation,98.11320754716981,0.06014645753252588,0.06558078967079341,0,0.1391290573243757,-13.6740107355438,-0,0,0,0,-13.6740107355438,-0.02361265843523874,0,86.34672016516694
USD,test,0,selected_threshold,0,2021-01-19,11,0.04365079365079365,observation,98.66623292127521,0.06122019837777731,0.1367737863315215,0,0.1391290573243757,-13.6740107355438,-0,0,0,0,-13.6740107355438,0.05332924054050636,0,86.34672016516694
USD,test,0,selected_threshold,0,2021-01-20,12,0.04761904761904762,observation,98.41411841249186,0.06070389053929807,0.08260790421025793,0,0.1391290573243757,-13.6740107355438,-0,0,0,0,-13.6740107355438,0.01825278659567964,0,86.34672016516694
USD,test,0,selected_threshold,0,2021-01-21,13,0.05158730158730158,observation,98.87768379960963,0.06116668861992863,0.1514628586018086,0,0.1391290573243757,-13.6740107355438,-0,0,0,0,-13.6740107355438,0.08274820191358501,0,86.34672016516694
USD,test,0,selected_threshold,0,2021-01-22,14,0.05555555555555555,observation,98.87768379960963,0.06024220184244172,0.1315479381283421,0,0.1391290573243757,-13.6740107355438,-0,0,0,0,-13.6740107355438,0.08274820191358501,0,86.34672016516694
USD,test,0,selected_threshold,0,2021-01-25,15,0.05952380952380952,observation,98.82888744307093,0.05934720971846093,0.0999513868124578,0,0.1391290573243757,-13.6740107355438,-0,0,0,0,-13.6740107355438,0.07595921082749157,0,86.34672016516694
USD,test,0,selected_threshold,0,2021-01-26,16,0.06349206349206349,observation,98.75569290826284,0.05848571123306655,0.06478997502791269,0,0.1391290573243757,-13.6740107355438,-0,0,0,0,-13.6740107355438,0.0657757241983461,0,86.34672016516694
USD,test,0,selected_threshold,0,2021-01-27,17,0.06746031746031746,observation,98.51984385165908,0.05797571027929927,0.02077870347261763,-0.1183503538517581,0.02077870347261764,-13.6740107355438,-0,0,0,0,-2.014152354279995,0.03296226728222074,0,98.00657854643075
USD,test,0,selected_threshold,0,2021-01-28,18,0.07142857142857142,observation,98.33279115159401,0.05733804646854431,0.003634387819178877,0,0.02077870347261764,-2.014152354279995,-0,0,0,0,-2.014152354279995,0.0290755546938164,0,98.00657854643075
USD,test,0,selected_threshold,0,2021-01-29,19,0.07539682539682539,observation,98.69876382563434,0.05738773269642544,0.005243392663928347,0,0.02077870347261764,-2.014152354279995,-0,0,0,0,-2.014152354279995,0.03667999236678154,0,98.00657854643075
USD,test,0,selected_threshold,0,2021-02-01,20,0.07936507936507936,observation,98.27586206896551,0.05774031944664829,8.778647616330912e-07,0,0.02077870347261764,-2.014152354279995,-0,0,0,0,-2.014152354279995,0.02789264216691034,0,98.00657854643075
USD,test,0,selected_threshold,0,2021-02-02,21,0.08333333333333333,settlement,97.95055302537409,,0,-0.02077870347261764,0,-2.014152354279995,-0,0,0,0,0.02113314201316374,0.02113314201316374,0,100.0418640427239
USD,test,0,frozen_rolling63_daily,5,2021-01-04,0,0,entry,100,0.05801708819289545,0.5033407217121401,0.5033407217121401,0.5033407217121401,0.6681443424280076,0,0.025167036085607,0.025167036085607,0,-49.6910948648716,0.6429773063424022,0.025167036085607,50.334072171214
USD,test,0,frozen_rolling63_daily,5,2021-01-05,1,0.003968253968253968,observation,99.79668184775538,0.05801708819289545,0.4536875259026219,-0.04965319580951816,0.4536875259026219,-49.6910948648716,-0,0.002477612092463392,0.002477612092463392,0,-44.73834829203728,0.5381613887619565,0.02764464817807039,55.28929635614079
USD,test,0,frozen_rolling63_daily,5,2021-01-06,2,0.007936507936507936,observation,100.341574495771,0.05801708819289545,0.5878484555747728,0.1341609296721509,0.5878484555747728,-44.73834829203728,-0,0.006730959459560012,0.006730959459560012,0,-58.20699817061686,0.7786414266631283,0.0343756076376304,68.75121527526082
USD,test,0,frozen_rolling63_daily,5,2021-01-07,3,0.0119047619047619,observation,99.8373454782043,0.05801708819289545,0.461270982196828,-0.1265774733779448,0.461270982196828,-58.20699817061686,-0,0.00631857946969604,0.00631857946969604,0,-45.57615781069448,0.475912597960864,0.04069418710732645,81.3883742146529
USD,test,0,frozen_rolling63_daily,5,2021-01-08,4,0.01587301587301587,observation,99.62589459986988,0.05801708819289545,0.4047019217060437,-0.05656906049078436,0.4047019217060437,-45.57615781069448,-0,0.002817871629034273,0.002817871629034273,0,-39.94323242425497,0.3755585719961303,0.04351205873636072,87.02411747272144
USD,test,0,frozen_rolling63_daily,5,2021-01-11,5,0.01984126984126984,observation,98.91834743005855,0.05801708819289545,0.2306768334947581,-0.1740250882112855,0.2306768334947581,-39.94323242425497,-0,0.008607137068615265,0.008607137068615265,0,-22.73756542409306,0.0806057356071932,0.05211919580497599,104.238391609952
USD,test,0,frozen_rolling63_daily,5,2021-01-12,6,0.02380952380952381,observation,98.90208197787898,0.05801708819289545,0.2198005045946712,-0.010876328900087,0.2198005045946712,-22.73756542409306,-0,0.0005378457862473893,0.0005378457862473893,0,-21.66241169738453,0.07631582681680271,0.05265704159122338,105.3140831824468
USD,test,0,frozen_rolling63_daily,5,2021-01-13,7,0.02777777777777778,observation,98.9427456083279,0.05801708819289545,0.2205248952566022,0.0007243906619310847,0.2205248952566022,-21.66241169738453,-0,3.583660049224778e-05,3.583660049224778e-05,0,-21.73412073496952,0.08521787670763459,0.05269287819171563,105.3857563834312
USD,test,0,frozen_rolling63_daily,5,2021-01-14,8,0.03174603174603174,observation,98.60117111255691,0.05801708819289545,0.1440161592323637,-0.07650873602423852,0.1440161592323637,-21.73412073496952,-0,0.003771925486165695,0.003771925486165695,0,-14.19404168812429,0.006120271319247195,0.05646480367788132,112.9296073557626
USD,test,0,frozen_rolling63_daily,5,2021-01-15,9,0.03571428571428571,observation,98.59303838646713,0.05801708819289545,0.1328813379503859,-0.01113482128197785,0.1328813379503859,-14.19404168812429,-0,0.0005489079310402465,0.0005489079310402465,0,-13.09677473397484,0.004400119412666825,0.05701371160892157,114.0274232178431
USD,test,0,frozen_rolling63_daily,5,2021-01-18,10,0.03968253968253968,observation,98.11320754716981,0.05801708819289545,0.05874529246088223,-0.07413604548950364,0.05874529246088223,-13.09677473397484,-0,0.003636862608919047,0.003636862608919047,0,-5.826686378745664,-0.06299730711193607,0.06065057421784061,121.3011484356812
USD,test,0,frozen_rolling63_daily,5,2021-01-19,11,0.04365079365079365,observation,98.66623292127521,0.05801708819289545,0.123833240836591,0.06508794837570875,0.123833240836591,-5.826686378745664,-0,0.003210991337402808,0.003210991337402808,0,-12.25188004488868,-0.03372066110922844,0.06386156555524342,127.7231311104868
USD,test,0,frozen_rolling63_daily,5,2021-01-20,12,0.04761904761904762,observation,98.41411841249186,0.05801708819289545,0.07317743203276637,-0.0506558088038246,0.07317743203276637,-12.25188004488868,-0,0.002492623382950071,0.002492623382950071,0,-7.269125902371491,-0.0674334411767461,0.06635418893819349,132.708377876387
USD,test,0,frozen_rolling63_daily,5,2021-01-21,13,0.05158730158730158,observation,98.87768379960963,0.05801708819289545,0.1385887265533293,0.06541129452056295,0.1385887265533293,-7.269125902371491,-0,0.003233858648263681,0.003233858648263681,0,-13.74007705754711,-0.03674477521645514,0.06958804758645717,139.1760951729143
USD,test,0,frozen_rolling63_daily,5,2021-01-22,14,0.05555555555555555,observation,98.87768379960963,0.05801708819289545,0.1225360231823229,-0.01605270337100639,0.1225360231823229,-13.74007705754711,-0,0.0007936270640236489,0.0007936270640236489,0,-12.15361655656384,-0.03753840228047878,0.07038167465048083,140.7633493009616
USD,test,0,frozen_rolling63_daily,5,2021-01-25,15,0.05952380952380952,observation,98.82888744307093,0.05801708819289545,0.09485729527838604,-0.02767872790393688,0.09485729527838604,-12.15361655656384,-0,0.001367728942292782,0.001367728942292782,0,-9.419526400920567,-0.0448854426988099,0.07174940359277361,143.4988071855472
USD,test,0,frozen_rolling63_daily,5,2021-01-26,16,0.06349206349206349,observation,98.75569290826284,0.05801708819289545,0.06324758392443153,-0.03160971135395452,0.06324758392443153,-9.419526400920567,-0,0.001560819473694981,0.001560819473694981,0,-6.299448273004301,-0.05338929777355883,0.07331022306646859,146.6204461329372
USD,test,0,frozen_rolling63_daily,5,2021-01-27,17,0.06746031746031746,observation,98.51984385165908,0.05801708819289545,0.02085176152277432,-0.04239582240165721,0.02085176152277432,-6.299448273004301,-0,0.002088414901486969,0.002088414901486969,0,-2.12470688493185,-0.07039459567609141,0.07539863796795555,150.7972759359111
USD,test,0,frozen_rolling63_daily,5,2021-01-28,18,0.07142857142857142,observation,98.33279115159401,0.05801708819289545,0.003991570318235818,-0.0168601912045385,0.003991570318235819,-2.12470688493185,-0,0.0008289548302459134,0.0008289548302459134,0,-0.4676261792702694,-0.0751239288002849,0.07622759279820146,152.4551855964029
USD,test,0,frozen_rolling63_daily,5,2021-01-29,19,0.07539682539682539,observation,98.69876382563434,0.05801708819289545,0.00567827542563792,0.0016867051074021,0.00567827542563792,-0.4676261792702694,-0,8.323785451948556e-05,8.323785451948556e-05,0,-0.63418512616376,-0.07374636099181964,0.07631083065272094,152.6216613054419
USD,test,0,frozen_rolling63_daily,5,2021-02-01,20,0.07936507936507936,observation,98.27586206896551,0.05801708819289545,9.831227402319238e-07,-0.005677292302897688,9.831227402315804e-07,-0.63418512616376,-0,0.0002789703976423864,0.0002789703976423864,0,-0.07652330127662954,-0.07642668404181367,0.07658980105036332,153.1796021007267
USD,test,0,frozen_rolling63_daily,5,2021-02-02,21,0.08333333333333333,settlement,97.95055302537409,,0,-9.831227402315804e-07,0,-0.07652330127662954,-0,4.814870804875225e-08,4.814870804875225e-08,0,-0.07642705200924009,-0.07642705200924009,0.07658984919907137,153.1796983981428
USD,test,0,rolling63_daily,5,2021-01-04,0,0,entry,100,0.05801708819289545,0.5033407217121401,0.5033407217121401,0.5033407217121401,0.6681443424280076,0,0.025167036085607,0.025167036085607,0,-49.6910948648716,0.6429773063424022,0.025167036085607,50.334072171214
USD,test,0,rolling63_daily,5,2021-01-05,1,0.003968253968253968,observation,99.79668184775538,0.0579788186783644,0.4536528212700798,-0.04968790044206028,0.4536528212700798,-49.6910948648716,-0,0.002479343796049617,0.002479343796049617,0,-44.73488661656842,0.5381596570583724,0.02764637988165662,55.29275976331324
USD,test,0,rolling63_daily,5,2021-01-06,2,0.007936507936507936,observation,100.341574495771,0.05883991141091713,0.5867269944796532,0.1330741732095734,0.5867269944796532,-44.73488661656842,-0,0.00667643603228577,0.00667643603228577,0,-58.09443511717224,0.778675308087692,0.03432281591394239,68.64563182788477
USD,test,0,rolling63_daily,5,2021-01-07,3,0.0119047619047619,observation,99.8373454782043,0.05969028809313297,0.462528453452844,-0.1241985410268092,0.462528453452844,-58.09443511717224,-0,0.006199826324191238,0.006199826324191238,0,-45.70098229511395,0.4766307057571666,0.04052264223813362,81.04528447626724
USD,test,0,rolling63_daily,5,2021-01-08,4,0.01587301587301587,observation,99.62589459986988,0.05962356033616426,0.4073819068512173,-0.05514654660162666,0.4073819068512173,-45.70098229511395,-0,0.002747012019640235,0.002747012019640235,0,-40.20970526785312,0.3760816460002658,0.04326965425777386,86.53930851554772
USD,test,0,rolling63_daily,5,2021-01-11,5,0.01984126984126984,observation,98.91834743005855,0.06130014093116094,0.2431006318790054,-0.1642812749722119,0.2431006318790054,-40.20970526785312,-0,0.00812521611697712,0.00812521611697712,0,-23.96739825001586,0.0797145146583631,0.05139487037475098,102.789740749502
USD,test,0,rolling63_daily,5,2021-01-12,6,0.02380952380952381,observation,98.90208197787898,0.06126723262532918,0.2323603620538774,-0.01074026982512799,0.2323603620538774,-23.96739825001586,-0,0.0005311175233546743,0.0005311175233546743,0,-22.90569432082987,0.0752292554323617,0.05192598789810565,103.8519757962113
USD,test,0,rolling63_daily,5,2021-01-13,7,0.02777777777777778,observation,98.9427456083279,0.06094924967240409,0.2318757259257818,-0.0004846361280956835,0.2318757259257818,-22.90569432082987,-0,2.397561456738811e-05,2.397561456738811e-05,0,-22.85776706730966,0.08465389571132675,0.05194996351267304,103.8999270253461
USD,test,0,rolling63_daily,5,2021-01-14,8,0.03174603174603174,observation,98.60117111255691,0.06069562291918153,0.1550608627940011,-0.07681486313178071,0.1550608627940011,-22.85776706730966,-0,0.003787017731822175,0.003787017731822175,0,-15.28751862139713,0.001664043814873395,0.05573698124449521,111.4739624889904
USD,test,0,rolling63_daily,5,2021-01-15,9,0.03571428571428571,observation,98.59303838646713,0.06025061493392476,0.1420531437233404,-0.01300771907066067,0.1420531437233404,-15.28751862139713,-0,0.0006412352728270141,0.0006412352728270141,0,-14.00568931101593,-0.0002382589823017867,0.05637821651732223,112.7564330346445
USD,test,0,rolling63_daily,5,2021-01-18,10,0.03968253968253968,observation,98.11320754716981,0.06057536851228293,0.06696803537369167,-0.07508510834964871,0.06696803537369167,-14.00568931101593,-0,0.003683420409605408,0.003683420409605408,0,-6.642531912214721,-0.07208315856950076,0.06006163692692763,120.1232738538553
USD,test,0,rolling63_daily,5,2021-01-19,11,0.04365079365079365,observation,98.66623292127521,0.06146369369328804,0.137736946610982,0.07076891123729029,0.137736946610982,-6.642531912214721,-0,0.003491250939861767,0.003491250939861767,0,-13.62852504287812,-0.03853938669372248,0.06355288786678941,127.1057757335788
USD,test,0,rolling63_daily,5,2021-01-20,12,0.04761904761904762,observation,98.41411841249186,0.06126629794516315,0.08458176507475751,-0.05315518153622445,0.08458176507475751,-13.62852504287812,-0,0.002615610164971747,0.002615610164971747,0,-8.399920323099593,-0.07588047949484,0.06616849803176116,132.3369960635223
USD,test,0,rolling63_daily,5,2021-01-21,13,0.05158730158730158,observation,98.87768379960963,0.06176128023440765,0.1538271602162423,0.06924539514148476,0.1538271602162423,-8.399920323099593,-0,0.003423412142689377,0.003423412142689377,0,-15.25016802062104,-0.04009471296754441,0.06959191017445053,139.183820348901
USD,test,0,rolling63_daily,5,2021-01-22,14,0.05555555555555555,observation,98.87768379960963,0.06147758262686869,0.1364493130212366,-0.01737784719500568,0.1364493130212366,-15.25016802062104,-0,0.0008591406400328524,0.0008591406400328524,0,-13.53274588119536,-0.04095385360757575,0.07045105081448338,140.9021016289667
USD,test,0,rolling63_daily,5,2021-01-25,15,0.05952380952380952,observation,98.82888744307093,0.06116689267521346,0.1068568687079844,-0.0295924443132522,0.1068568687079844,-13.53274588119536,-0,0.001462294174099873,0.001462294174099873,0,-10.60961982716972,-0.04907437710932072,0.07191334498858326,143.8266899771665
USD,test,0,rolling63_daily,5,2021-01-26,16,0.06349206349206349,observation,98.75569290826284,0.06114532229224569,0.07360408597535294,-0.03325278273263145,0.07360408597535294,-10.60961982716972,-0,0.001641950799944468,0.001641950799944468,0,-7.327360178080726,-0.05853766670539517,0.07355529578852774,147.1105915770554
USD,test,0,rolling63_daily,5,2021-01-27,17,0.06746031746031746,observation,98.51984385165908,0.05868383333462739,0.02204440636471187,-0.05155967961064106,0.02204440636471187,-7.327360178080726,-0,0.002539825792140964,0.002539825792140964,0,-2.250248419590939,-0.07843694673700563,0.0760951215806687,152.1902431613373
USD,test,0,rolling63_daily,5,2021-01-28,18,0.07142857142857142,observation,98.33279115159401,0.05867556643355296,0.004358729764891462,-0.01768567659982041,0.004358729764891461,-2.250248419590939,-0,0.000869540971732387,0.000869540971732387,0,-0.5120360170978973,-0.08342995344058873,0.07696466255240109,153.9293251048021
USD,test,0,rolling63_daily,5,2021-01-29,19,0.07539682539682539,observation,98.69876382563434,0.05913519518213095,0.006503677196210661,0.002144947431319199,0.006503677196210661,-0.5120360170978973,-0,0.0001058518299710874,0.0001058518299710874,0,-0.7238455288700431,-0.08194062928308332,0.07707051438237217,154.1410287647443
USD,test,0,rolling63_daily,5,2021-02-01,20,0.07936507936507936,observation,98.27586206896551,0.0592336762732918,1.588075548854292e-06,-0.006502089120661807,1.588075548853915e-06,-0.7238455288700431,-0,0.0003194992067911405,0.0003194992067911405,0,-0.08516661449455321,-0.08501054500095895,0.07739001358916331,154.7800271783265
USD,test,0,rolling63_daily,5,2021-02-02,21,0.08333333333333333,settlement,97.95055302537409,,0,-1.588075548853915e-06,0,-0.08516661449455321,-0,7.777643912815772e-08,7.777643912815772e-08,0,-0.08501113939273602,-0.08501113939273602,0.07739009136560243,154.7801827312048
USD,test,0,ewma_daily,5,2021-01-04,0,0,entry,100,0.05981726198018385,0.5034443762156937,0.5034443762156937,0.5034443762156937,0.6681443424280076,0,0.02517221881078469,0.02517221881078469,0,-49.70146549795215,0.6429721236172199,0.02517221881078469,50.34443762156937
USD,test,0,ewma_daily,5,2021-01-05,1,0.003968253968253968,observation,99.79668184775538,0.05917834973933248,0.4547207423704362,-0.04872363384525752,0.4547207423704362,-49.70146549795215,-0,0.002431228492660845,0.002431228492660845,0,-44.84143974112312,0.5381815147944451,0.02760344730344553,55.20689460689106
USD,test,0,ewma_daily,5,2021-01-06,2,0.007936507936507936,observation,100.341574495771,0.06017614400680429,0.5849722760252142,0.130251533654778,0.5849722760252142,-44.84143974112312,-0,0.006534821983704663,0.006534821983704663,0,-57.91761853051615,0.779420682228583,0.0341382692871502,68.27653857430039
USD,test,0,ewma_daily,5,2021-01-07,3,0.0119047619047619,observation,99.8373454782043,0.06086379289516185,0.4633722594140839,-0.1216000166111302,0.4633722594140839,-57.91761853051615,-0,0.006070111434280396,0.006070111434280396,0,-45.78346577338964,0.4783905747503638,0.0402083807214306,80.41676144286117
USD,test,0,ewma_daily,5,2021-01-08,4,0.01587301587301587,observation,99.62589459986988,0.06022668274712401,0.4083533391006313,-0.05501892031345268,0.4083533391006313,-45.78346577338964,-0,0.002740654578073338,0.002740654578073338,0,-40.30489727182103,0.3776694489233776,0.04294903529950394,85.89807059900785
USD,test,0,ewma_daily,5,2021-01-11,5,0.01984126984126984,observation,98.91834743005855,0.06246983527031375,0.2472931101829777,-0.1610602289176535,0.2472931101829777,-40.30489727182103,-0,0.007965905840620607,0.007965905840620607,0,-24.38105149642044,0.08077429371909872,0.05091494114012454,101.8298822802491
USD,test,0,ewma_daily,5,2021-01-12,6,0.02380952380952381,observation,98.90208197787898,0.06152731386892457,0.2333245647147681,-0.01396854546820958,0.2333245647147681,-24.38105149642044,-0,0.000690759114504297,0.000690759114504297,0,-23.00022402652635,0.07606120034657948,0.05160570025462884,103.2114005092577
USD,test,0,ewma_daily,5,2021-01-13,7,0.02777777777777778,observation,98.9427456083279,0.06060791609750128,0.230594442756167,-0.002730121958601117,0.230594442756167,-23.00022402652635,-0,0.0001350628812147901,0.0001350628812147901,0,-22.73023332697798,0.08541396133957946,0.05174076313584362,103.4815262716872
USD,test,0,ewma_daily,5,2021-01-14,8,0.03174603174603174,observation,98.60117111255691,0.06044445330525997,0.1540441914759699,-0.07655025128019716,0.1540441914759699,-22.73023332697798,-0,0.003773972212593975,0.003773972212593975,0,-15.18606287400263,0.002874808614956592,0.0555147353484376,111.0294706968752
USD,test,0,ewma_daily,5,2021-01-15,9,0.03571428571428571,observation,98.59303838646713,0.05953131455916121,0.1391290573243757,-0.01491513415159412,0.1391290573243757,-15.18606287400263,-0,0.0007352641969737131,0.0007352641969737131,0,-13.71626974425218,0.0008867452029868161,0.05624999954541132,112.4999990908226
USD,test,0,ewma_daily,5,2021-01-18,10,0.03968253968253968,observation,98.11320754716981,0.06014645753252588,0.06558078967079341,-0.07354826765358234,0.06558078967079341,-13.71626974425218,-0,0.00360802822451536,0.00360802822451536,0,-6.503821323445972,-0.06947969536812781,0.05985802776992667,119.7160555398533
USD,test,0,ewma_daily,5,2021-01-19,11,0.04365079365079365,observation,98.66623292127521,0.06122019837777731,0.1367737863315215,0.07119299666072808,0.1367737863315215,-6.503821323445972,-0,0.003512172395445482,0.003512172395445482,0,-13.53167828673238,-0.03672402702175503,0.06337020016537215,126.7404003307443
USD,test,0,ewma_daily,5,2021-01-20,12,0.04761904761904762,observation,98.41411841249186,0.06070389053929807,0.08260790421025793,-0.05416588212126355,0.08260790421025793,-13.53167828673238,-0,0.002665343768499553,0.002665343768499553,0,-8.203656093501774,-0.07387202674566495,0.0660355439338717,132.0710878677434
USD,test,0,ewma_daily,5,2021-01-21,13,0.05158730158730158,observation,98.87768379960963,0.06116668861992863,0.1514628586018086,0.06885495439155065,0.1514628586018086,-8.203656093501774,-0,0.003404109204182144,0.003404109204182144,0,-15.01527861107024,-0.03898197085563204,0.06943965313805385,138.8793062761077
USD,test,0,ewma_daily,5,2021-01-22,14,0.05555555555555555,observation,98.87768379960963,0.06024220184244172,0.1315479381283421,-0.01991492047346644,0.1315479381283421,-15.01527861107024,-0,0.0009845706047348932,0.0009845706047348932,0,-13.04712197220519,-0.03996654146036605,0.07042422374278874,140.8484474855775
USD,test,0,ewma_daily,5,2021-01-25,15,0.05952380952380952,observation,98.82888744307093,0.05934720971846093,0.0999513868124578,-0.03159655131588435,0.0999513868124578,-13.04712197220519,-0,0.001561326006793374,0.001561326006793374,0,-9.926031284625235,-0.04794692755799979,0.07198554974958211,143.9710994991643
USD,test,0,ewma_daily,5,2021-01-26,16,0.06349206349206349,observation,98.75569290826284,0.05848571123306655,0.06478997502791269,-0.03516141178454511,0.06478997502791269,-9.926031284625235,-0,0.001736194792207756,0.001736194792207756,0,-6.455377895001932,-0.05699901761136861,0.07372174454178987,147.4434890835798
USD,test,0,ewma_daily,5,2021-01-27,17,0.06746031746031746,observation,98.51984385165908,0.05797571027929927,0.02077870347261763,-0.04401127155529505,0.02077870347261764,-6.455377895001932,-0,0.002167991800670317,0.002167991800670317,0,-2.12156228546197,-0.07444766389975399,0.07588973634246018,151.7794726849204
USD,test,0,ewma_daily,5,2021-01-28,18,0.07142857142857142,observation,98.33279115159401,0.05733804646854431,0.003634387819178877,-0.01714431565343876,0.003634387819178877,-2.12156228546197,-0,0.0008429242052932987,0.0008429242052932987,0,-0.4365567990806654,-0.07917730069345164,0.07673266054775349,153.465321095507
USD,test,0,ewma_daily,5,2021-01-29,19,0.07539682539682539,observation,98.69876382563434,0.05738773269642544,0.005243392663928347,0.00160900484474947,0.005243392663928347,-0.4365567990806654,-0,7.940339458311469e-05,7.940339458311469e-05,0,-0.5954429916414778,-0.07792661745935026,0.0768120639423366,153.6241278846732
USD,test,0,ewma_daily,5,2021-02-01,20,0.07936507936507936,observation,98.27586206896551,0.05774031944664829,8.778647616330912e-07,-0.005242514799166714,8.778647616327837e-07,-0.5954429916414778,-0,0.0002576063306487092,0.0002576063306487092,0,-0.08048793667470822,-0.08040166375847879,0.07706967027298531,154.1393405459707
USD,test,0,ewma_daily,5,2021-02-02,21,0.08333333333333333,settlement,97.95055302537409,,0,-8.778647616327837e-07,0,-0.08048793667470822,-0,4.299366944170968e-08,4.299366944170968e-08,0,-0.08040199232949424,-0.08040199232949424,0.07706971326665475,154.1394265333095
USD,test,0,ridge_daily,5,2021-01-04,0,0,entry,100,0.06501777287390428,0.5037438217374273,0.5037438217374273,0.5037438217374273,0.6681443424280076,0,0.02518719108687136,0.02518719108687136,0,-49.73142502240159,0.6429571513411361,0.02518719108687136,50.37438217374272
USD,test,0,ridge_daily,5,2021-01-05,1,0.003968253968253968,observation,99.79668184775538,0.06344357664156668,0.4582136708738026,-0.04553015086362466,0.4582136708738026,-49.73142502240159,-0,0.002271878990108727,0.002271878990108727,0,-45.18993892117424,0.5382650093107344,0.02745907007698009,54.91814015396018
USD,test,0,ridge_daily,5,2021-01-06,2,0.007936507936507936,observation,100.341574495771,0.06346627215996437,0.5809732409373725,0.1227595700635699,0.5809732409373725,-45.18993892117424,-0,0.006158944272301257,0.006158944272301257,0,-57.51398641004905,0.7817833255178144,0.03361801434928135,67.23602869856269
USD,test,0,ridge_daily,5,2021-01-07,3,0.0119047619047619,observation,99.8373454782043,0.06366303171233448,0.4652693103852486,-0.1157039305521239,0.4652693103852486,-57.51398641004905,-0,0.005775786643859274,0.005775786643859274,0,-45.96818890897436,0.483063972363567,0.03939380099314062,78.78760198628123
USD,test,0,ridge_daily,5,2021-01-08,4,0.01587301587301587,observation,99.62589459986988,0.06385471188658762,0.4138321660731167,-0.05143714431213192,0.4138321660731167,-45.96818890897436,-0,0.002562235758879376,0.002562235758879376,0,-40.84627962697449,0.3821201322616758,0.04195603675202,83.91207350403998
USD,test,0,ridge_daily,5,2021-01-11,5,0.01984126984126984,observation,98.91834743005855,0.06481366260698138,0.255348583036334,-0.1584835830367827,0.255348583036334,-40.84627962697449,-0,0.007838467064396502,0.007838467064396502,0,-25.17718396524589,0.08147588731535294,0.04979450381641651,99.58900763283299
USD,test,0,ridge_daily,5,2021-01-12,6,0.02380952380952381,observation,98.90208197787898,0.06653706812418696,0.250805536815611,-0.00454304622072299,0.250805536815611,-25.17718396524589,-0,0.0002246583648756193,0.0002246583648756193,0,-24.72809189385952,0.07709786878398006,0.05001916218129213,100.0383243625842
USD,test,0,ridge_daily,5,2021-01-13,7,0.02777777777777778,observation,98.9427456083279,0.06676129936299766,0.2521983344287905,0.001392797613179453,0.2521983344287905,-24.72809189385952,-0,6.890360996235045e-05,6.890360996235045e-05,0,-24.86596801739419,0.08722762883763124,0.05008806579125448,100.1761315825089
USD,test,0,ridge_daily,5,2021-01-14,8,0.03174603174603174,observation,98.60117111255691,0.06698179799585637,0.1792172357594044,-0.07298109866938607,0.1792172357594044,-24.86596801739419,-0,0.003598010898941268,0.003598010898941268,0,-17.6735442304106,-0.00251490097810958,0.05368607669019575,107.3721533803915
USD,test,0,ridge_daily,5,2021-01-15,9,0.03571428571428571,observation,98.59303838646713,0.06809063421227447,0.172024315836181,-0.007192919923223406,0.172024315836181,-17.6735442304106,-0,0.0003545859150505747,0.0003545859150505747,0,-16.96472698622449,-0.004327011582155649,0.05404066260524632,108.0813252104926
USD,test,0,ridge_daily,5,2021-01-18,10,0.03968253968253968,observation,98.11320754716981,0.06848403602493049,0.09273112720950522,-0.07929318862667578,0.09273112720950522,-16.96472698622449,-0,0.003889854536402963,0.003889854536402963,0,-9.188907767954973,-0.09075943796578301,0.05793051714164928,115.8610342832985
USD,test,0,ridge_daily,5,2021-01-19,11,0.04365079365079365,observation,98.66623292127521,0.06781253847474004,0.1617631512110829,0.06903202400157765,0.1617631512110829,-9.188907767954973,-0,0.003405564879583361,0.003405564879583361,0,-16.00344309200128,-0.04288233652911266,0.06133608202123264,122.6721640424653
USD,test,0,ridge_daily,5,2021-01-20,12,0.04761904761904762,observation,98.41411841249186,0.06838919748164463,0.1092696099169619,-0.05249354129412098,0.1092696099169619,-16.00344309200128,-0,0.002583052794405327,0.002583052794405327,0,-10.83992055598503,-0.08624822673034593,0.06391913481563796,127.8382696312759
USD,test,0,ridge_daily,5,2021-01-21,13,0.05158730158730158,observation,98.87768379960963,0.06619870354602042,0.1707998501230123,0.06153024020605041,0.1707998501230123,-10.83992055598503,-0,0.00304198381760394,0.00304198381760394,0,-16.92693017501051,-0.0386366015265871,0.0669611186332419,133.9222372664838
USD,test,0,ridge_daily,5,2021-01-22,14,0.05555555555555555,observation,98.87768379960963,0.06701456965904333,0.1574634682286531,-0.01333638189435921,0.1574634682286531,-16.92693017501051,-0,0.0006593352759906442,0.0006593352759906442,0,-15.60891895830521,-0.03929593680257604,0.06762045390923255,135.2409078184651
USD,test,0,ridge_daily,5,2021-01-25,15,0.05952380952380952,observation,98.82888744307093,0.06495949417480321,0.1209493239246951,-0.036514144303958,0.1209493239246951,-15.60891895830521,-0,0.001804326128747957,0.001804326128747957,0,-12.00207102693805,-0.04878390646883091,0.0694247800379805,138.849560075961
USD,test,0,ridge_daily,5,2021-01-26,16,0.06349206349206349,observation,98.75569290826284,0.06669469433488438,0.09207073514350883,-0.02887858878118627,0.09207073514350883,-12.00207102693805,-0,0.001425962522649418,0.001425962522649418,0,-9.151571944161862,-0.05906269849150014,0.07085074256062991,141.7014851212598
USD,test,0,ridge_daily,5,2021-01-27,17,0.06746031746031746,observation,98.51984385165908,0.06548518397231576,0.03566776479161553,-0.0564029703518933,0.03566776479161553,-9.151571944161862,-0,0.002778405915919142,0.002778405915919142,0,-3.597538518239497,-0.08355590043183092,0.07362914847654906,147.2582969530981
USD,test,0,ridge_daily,5,2021-01-28,18,0.07142857142857142,observation,98.33279115159401,0.06762545513712466,0.01145610601050367,-0.02421165878111186,0.01145610601050367,-3.597538518239497,-0,0.001190399993178365,0.001190399993178365,0,-1.217928931875945,-0.09141805213456666,0.07481954846972742,149.6390969394548
USD,test,0,ridge_daily,5,2021-01-29,19,0.07539682539682539,observation,98.69876382563434,0.06611455554400614,0.01318218988765237,0.001726083877148699,0.01318218988765237,-1.217928931875945,-0,8.518117246696734e-05,8.518117246696734e-05,0,-1.388376457982347,-0.08731061155627984,0.07490472964219438,149.8094592843888
USD,test,0,ridge_daily,5,2021-02-01,20,0.07936507936507936,observation,98.27586206896551,0.06536697950613624,1.213074531067171e-05,-0.0131700591423417,1.213074531067164e-05,-1.388376457982347,-0,0.0006471494578564455,0.0006471494578564455,0,-0.0947246917273119,-0.09353253227436659,0.07555187910005083,151.1037582001017
USD,test,0,ridge_daily,5,2021-02-02,21,0.08333333333333333,settlement,97.95055302537409,,0,-1.213074531067164e-05,0,-0.0947246917273119,-0,5.941066058951252e-07,5.941066058951252e-07,0,-0.09353707262212754,-0.09353707262212754,0.07555247320665673,151.1049464133134
USD,test,0,selected_daily,5,2021-01-04,0,0,entry,100,0.05981726198018385,0.5034443762156937,0.5034443762156937,0.5034443762156937,0.6681443424280076,0,0.02517221881078469,0.02517221881078469,0,-49.70146549795215,0.6429721236172199,0.02517221881078469,50.34443762156937
USD,test,0,selected_daily,5,2021-01-05,1,0.003968253968253968,observation,99.79668184775538,0.05917834973933248,0.4547207423704362,-0.04872363384525752,0.4547207423704362,-49.70146549795215,-0,0.002431228492660845,0.002431228492660845,0,-44.84143974112312,0.5381815147944451,0.02760344730344553,55.20689460689106
USD,test,0,selected_daily,5,2021-01-06,2,0.007936507936507936,observation,100.341574495771,0.06017614400680429,0.5849722760252142,0.130251533654778,0.5849722760252142,-44.84143974112312,-0,0.006534821983704663,0.006534821983704663,0,-57.91761853051615,0.779420682228583,0.0341382692871502,68.27653857430039
USD,test,0,selected_daily,5,2021-01-07,3,0.0119047619047619,observation,99.8373454782043,0.06086379289516185,0.4633722594140839,-0.1216000166111302,0.4633722594140839,-57.91761853051615,-0,0.006070111434280396,0.006070111434280396,0,-45.78346577338964,0.4783905747503638,0.0402083807214306,80.41676144286117
USD,test,0,selected_daily,5,2021-01-08,4,0.01587301587301587,observation,99.62589459986988,0.06022668274712401,0.4083533391006313,-0.05501892031345268,0.4083533391006313,-45.78346577338964,-0,0.002740654578073338,0.002740654578073338,0,-40.30489727182103,0.3776694489233776,0.04294903529950394,85.89807059900785
USD,test,0,selected_daily,5,2021-01-11,5,0.01984126984126984,observation,98.91834743005855,0.06246983527031375,0.2472931101829777,-0.1610602289176535,0.2472931101829777,-40.30489727182103,-0,0.007965905840620607,0.007965905840620607,0,-24.38105149642044,0.08077429371909872,0.05091494114012454,101.8298822802491
USD,test,0,selected_daily,5,2021-01-12,6,0.02380952380952381,observation,98.90208197787898,0.06152731386892457,0.2333245647147681,-0.01396854546820958,0.2333245647147681,-24.38105149642044,-0,0.000690759114504297,0.000690759114504297,0,-23.00022402652635,0.07606120034657948,0.05160570025462884,103.2114005092577
USD,test,0,selected_daily,5,2021-01-13,7,0.02777777777777778,observation,98.9427456083279,0.06060791609750128,0.230594442756167,-0.002730121958601117,0.230594442756167,-23.00022402652635,-0,0.0001350628812147901,0.0001350628812147901,0,-22.73023332697798,0.08541396133957946,0.05174076313584362,103.4815262716872
USD,test,0,selected_daily,5,2021-01-14,8,0.03174603174603174,observation,98.60117111255691,0.06044445330525997,0.1540441914759699,-0.07655025128019716,0.1540441914759699,-22.73023332697798,-0,0.003773972212593975,0.003773972212593975,0,-15.18606287400263,0.002874808614956592,0.0555147353484376,111.0294706968752
USD,test,0,selected_daily,5,2021-01-15,9,0.03571428571428571,observation,98.59303838646713,0.05953131455916121,0.1391290573243757,-0.01491513415159412,0.1391290573243757,-15.18606287400263,-0,0.0007352641969737131,0.0007352641969737131,0,-13.71626974425218,0.0008867452029868161,0.05624999954541132,112.4999990908226
USD,test,0,selected_daily,5,2021-01-18,10,0.03968253968253968,observation,98.11320754716981,0.06014645753252588,0.06558078967079341,-0.07354826765358234,0.06558078967079341,-13.71626974425218,-0,0.00360802822451536,0.00360802822451536,0,-6.503821323445972,-0.06947969536812781,0.05985802776992667,119.7160555398533
USD,test,0,selected_daily,5,2021-01-19,11,0.04365079365079365,observation,98.66623292127521,0.06122019837777731,0.1367737863315215,0.07119299666072808,0.1367737863315215,-6.503821323445972,-0,0.003512172395445482,0.003512172395445482,0,-13.53167828673238,-0.03672402702175503,0.06337020016537215,126.7404003307443
USD,test,0,selected_daily,5,2021-01-20,12,0.04761904761904762,observation,98.41411841249186,0.06070389053929807,0.08260790421025793,-0.05416588212126355,0.08260790421025793,-13.53167828673238,-0,0.002665343768499553,0.002665343768499553,0,-8.203656093501774,-0.07387202674566495,0.0660355439338717,132.0710878677434
USD,test,0,selected_daily,5,2021-01-21,13,0.05158730158730158,observation,98.87768379960963,0.06116668861992863,0.1514628586018086,0.06885495439155065,0.1514628586018086,-8.203656093501774,-0,0.003404109204182144,0.003404109204182144,0,-15.01527861107024,-0.03898197085563204,0.06943965313805385,138.8793062761077
USD,test,0,selected_daily,5,2021-01-22,14,0.05555555555555555,observation,98.87768379960963,0.06024220184244172,0.1315479381283421,-0.01991492047346644,0.1315479381283421,-15.01527861107024,-0,0.0009845706047348932,0.0009845706047348932,0,-13.04712197220519,-0.03996654146036605,0.07042422374278874,140.8484474855775
USD,test,0,selected_daily,5,2021-01-25,15,0.05952380952380952,observation,98.82888744307093,0.05934720971846093,0.0999513868124578,-0.03159655131588435,0.0999513868124578,-13.04712197220519,-0,0.001561326006793374,0.001561326006793374,0,-9.926031284625235,-0.04794692755799979,0.07198554974958211,143.9710994991643
USD,test,0,selected_daily,5,2021-01-26,16,0.06349206349206349,observation,98.75569290826284,0.05848571123306655,0.06478997502791269,-0.03516141178454511,0.06478997502791269,-9.926031284625235,-0,0.001736194792207756,0.001736194792207756,0,-6.455377895001932,-0.05699901761136861,0.07372174454178987,147.4434890835798
USD,test,0,selected_daily,5,2021-01-27,17,0.06746031746031746,observation,98.51984385165908,0.05797571027929927,0.02077870347261763,-0.04401127155529505,0.02077870347261764,-6.455377895001932,-0,0.002167991800670317,0.002167991800670317,0,-2.12156228546197,-0.07444766389975399,0.07588973634246018,151.7794726849204
USD,test,0,selected_daily,5,2021-01-28,18,0.07142857142857142,observation,98.33279115159401,0.05733804646854431,0.003634387819178877,-0.01714431565343876,0.003634387819178877,-2.12156228546197,-0,0.0008429242052932987,0.0008429242052932987,0,-0.4365567990806654,-0.07917730069345164,0.07673266054775349,153.465321095507
USD,test,0,selected_daily,5,2021-01-29,19,0.07539682539682539,observation,98.69876382563434,0.05738773269642544,0.005243392663928347,0.00160900484474947,0.005243392663928347,-0.4365567990806654,-0,7.940339458311469e-05,7.940339458311469e-05,0,-0.5954429916414778,-0.07792661745935026,0.0768120639423366,153.6241278846732
USD,test,0,selected_daily,5,2021-02-01,20,0.07936507936507936,observation,98.27586206896551,0.05774031944664829,8.778647616330912e-07,-0.005242514799166714,8.778647616327837e-07,-0.5954429916414778,-0,0.0002576063306487092,0.0002576063306487092,0,-0.08048793667470822,-0.08040166375847879,0.07706967027298531,154.1393405459707
USD,test,0,selected_daily,5,2021-02-02,21,0.08333333333333333,settlement,97.95055302537409,,0,-8.778647616327837e-07,0,-0.08048793667470822,-0,4.299366944170968e-08,4.299366944170968e-08,0,-0.08040199232949424,-0.08040199232949424,0.07706971326665475,154.1394265333095
USD,test,0,selected_every5,5,2021-01-04,0,0,entry,100,0.05981726198018385,0.5034443762156937,0.5034443762156937,0.5034443762156937,0.6681443424280076,0,0.02517221881078469,0.02517221881078469,0,-49.70146549795215,0.6429721236172199,0.02517221881078469,50.34443762156937
USD,test,0,selected_every5,5,2021-01-05,1,0.003968253968253968,observation,99.79668184775538,0.05917834973933248,0.4547207423704362,0,0.5034443762156937,-49.70146549795215,-0,0,0,0,-49.70146549795215,0.5406127432870989,0.02517221881078469,50.34443762156937
USD,test,0,selected_every5,5,2021-01-06,2,0.007936507936507936,observation,100.341574495771,0.06017614400680429,0.5849722760252142,0,0.5034443762156937,-49.70146549795215,-0,0,0,0,-49.70146549795215,0.814935882571838,0.02517221881078469,50.34443762156937
USD,test,0,selected_every5,5,2021-01-07,3,0.0119047619047619,observation,99.8373454782043,0.06086379289516185,0.4633722594140839,0,0.5034443762156937,-49.70146549795215,-0,0,0,0,-49.70146549795215,0.5610846193531245,0.02517221881078469,50.34443762156937
USD,test,0,selected_every5,5,2021-01-08,4,0.01587301587301587,observation,99.62589459986988,0.06022668274712401,0.4083533391006313,0,0.5034443762156937,-49.70146549795215,-0,0,0,0,-49.70146549795215,0.4546308638097898,0.02517221881078469,50.34443762156937
USD,test,0,selected_every5,5,2021-01-11,5,0.01984126984126984,observation,98.91834743005855,0.06246983527031375,0.2472931101829777,-0.256151266032716,0.2472931101829777,-49.70146549795215,-0,0.01266902996403678,0.01266902996403678,0,-24.37607459984263,0.08575119029690725,0.03784124877482146,75.68249754964293
USD,test,0,selected_every5,5,2021-01-12,6,0.02380952380952381,observation,98.90208197787898,0.06152731386892457,0.2333245647147681,0,0.2472931101829777,-24.37607459984263,-0,0,0,0,-24.37607459984263,0.08172885603888957,0.03784124877482146,75.68249754964293
USD,test,0,selected_every5,5,2021-01-13,7,0.02777777777777778,observation,98.9427456083279,0.06060791609750128,0.230594442756167,0,0.2472931101829777,-24.37607459984263,-0,0,0,0,-24.37607459984263,0.09178469168393377,0.03784124877482146,75.68249754964293
USD,test,0,selected_every5,5,2021-01-14,8,0.03174603174603174,observation,98.60117111255691,0.06044445330525997,0.1540441914759699,0,0.2472931101829777,-24.37607459984263,-0,0,0,0,-24.37607459984263,0.007315672265544748,0.03784124877482146,75.68249754964293
USD,test,0,selected_every5,5,2021-01-15,9,0.03571428571428571,observation,98.59303838646713,0.05953131455916121,0.1391290573243757,0,0.2472931101829777,-24.37607459984263,-0,0,0,0,-24.37607459984263,0.005304505136535909,0.03784124877482146,75.68249754964293
USD,test,0,selected_every5,5,2021-01-18,10,0.03968253968253968,observation,98.11320754716981,0.06014645753252588,0.06558078967079341,-0.1817123205121843,0.06558078967079339,-24.37607459984263,-0,0.008914189308144891,0.008914189308144891,0,-6.556610172860992,-0.1222685447831502,0.04675543808296635,93.51087616593271
USD,test,0,selected_every5,5,2021-01-19,11,0.04365079365079365,observation,98.66623292127521,0.06122019837777731,0.1367737863315215,0,0.06558078967079339,-6.556610172860992,-0,0,0,0,-6.556610172860992,-0.0860007040413322,0.04675543808296635,93.51087616593271
USD,test,0,selected_every5,5,2021-01-20,12,0.04761904761904762,observation,98.41411841249186,0.06070389053929807,0.08260790421025793,0,0.06558078967079339,-6.556610172860992,-0,0,0,0,-6.556610172860992,-0.1025345726148084,0.04675543808296635,93.51087616593271
USD,test,0,selected_every5,5,2021-01-21,13,0.05158730158730158,observation,98.87768379960963,0.06116668861992863,0.1514628586018086,0,0.06558078967079339,-6.556610172860992,-0,0,0,0,-6.556610172860992,-0.07213358846357831,0.04675543808296635,93.51087616593271
USD,test,0,selected_every5,5,2021-01-22,14,0.05555555555555555,observation,98.87768379960963,0.06024220184244172,0.1315479381283421,0,0.06558078967079339,-6.556610172860992,-0,0,0,0,-6.556610172860992,-0.07213358846357831,0.04675543808296635,93.51087616593271
USD,test,0,selected_every5,5,2021-01-25,15,0.05952380952380952,observation,98.82888744307093,0.05934720971846093,0.0999513868124578,0.03437059714166441,0.0999513868124578,-6.556610172860992,-0,0.001698403938132344,0.001698403938132344,0,-9.955116453063813,-0.0770320959965769,0.0484538420210987,96.9076840421974
USD,test,0,selected_every5,5,2021-01-26,16,0.06349206349206349,observation,98.75569290826284,0.05848571123306655,0.06478997502791269,0,0.0999513868124578,-9.955116453063813,-0,0,0,0,-9.955116453063813,-0.08434799125773829,0.0484538420210987,96.9076840421974
USD,test,0,selected_every5,5,2021-01-27,17,0.06746031746031746,observation,98.51984385165908,0.05797571027929927,0.02077870347261763,0,0.0999513868124578,-9.955116453063813,-0,0,0,0,-9.955116453063813,-0.1079214315436943,0.0484538420210987,96.9076840421974
USD,test,0,selected_every5,5,2021-01-28,18,0.07142857142857142,observation,98.33279115159401,0.05733804646854431,0.003634387819178877,0,0.0999513868124578,-9.955116453063813,-0,0,0,0,-9.955116453063813,-0.1266176083222117,0.0484538420210987,96.9076840421974
USD,test,0,selected_every5,5,2021-01-29,19,0.07539682539682539,observation,98.69876382563434,0.05738773269642544,0.005243392663928347,0,0.0999513868124578,-9.955116453063813,-0,0,0,0,-9.955116453063813,-0.09003813201641719,0.0484538420210987,96.9076840421974
USD,test,0,selected_every5,5,2021-02-01,20,0.07936507936507936,observation,98.27586206896551,0.05774031944664829,8.778647616330912e-07,-0.09995050894769617,8.77864761633651e-07,-9.955116453063813,-0,0.004911361215533345,0.004911361215533345,0,-0.1373053832126558,-0.1372191102964263,0.05336520323663204,106.7304064732641
USD,test,0,selected_every5,5,2021-02-02,21,0.08333333333333333,settlement,97.95055302537409,,0,-8.77864761633651e-07,0,-0.1373053832126558,-0,4.299366944175216e-08,4.299366944175216e-08,0,-0.1372194388674418,-0.1372194388674418,0.05336524623030148,106.730492460603
USD,test,0,selected_threshold,5,2021-01-04,0,0,entry,100,0.05981726198018385,0.5034443762156937,0.5034443762156937,0.5034443762156937,0.6681443424280076,0,0.02517221881078469,0.02517221881078469,0,-49.70146549795215,0.6429721236172199,0.02517221881078469,50.34443762156937
USD,test,0,selected_threshold,5,2021-01-05,1,0.003968253968253968,observation,99.79668184775538,0.05917834973933248,0.4547207423704362,0,0.5034443762156937,-49.70146549795215,-0,0,0,0,-49.70146549795215,0.5406127432870989,0.02517221881078469,50.34443762156937
USD,test,0,selected_threshold,5,2021-01-06,2,0.007936507936507936,observation,100.341574495771,0.06017614400680429,0.5849722760252142,0,0.5034443762156937,-49.70146549795215,-0,0,0,0,-49.70146549795215,0.814935882571838,0.02517221881078469,50.34443762156937
USD,test,0,selected_threshold,5,2021-01-07,3,0.0119047619047619,observation,99.8373454782043,0.06086379289516185,0.4633722594140839,0,0.5034443762156937,-49.70146549795215,-0,0,0,0,-49.70146549795215,0.5610846193531245,0.02517221881078469,50.34443762156937
USD,test,0,selected_threshold,5,2021-01-08,4,0.01587301587301587,observation,99.62589459986988,0.06022668274712401,0.4083533391006313,0,0.5034443762156937,-49.70146549795215,-0,0,0,0,-49.70146549795215,0.4546308638097898,0.02517221881078469,50.34443762156937
USD,test,0,selected_threshold,5,2021-01-11,5,0.01984126984126984,observation,98.91834743005855,0.06246983527031375,0.2472931101829777,-0.256151266032716,0.2472931101829777,-49.70146549795215,-0,0.01266902996403678,0.01266902996403678,0,-24.37607459984263,0.08575119029690725,0.03784124877482146,75.68249754964293
USD,test,0,selected_threshold,5,2021-01-12,6,0.02380952380952381,observation,98.90208197787898,0.06152731386892457,0.2333245647147681,0,0.2472931101829777,-24.37607459984263,-0,0,0,0,-24.37607459984263,0.08172885603888957,0.03784124877482146,75.68249754964293
USD,test,0,selected_threshold,5,2021-01-13,7,0.02777777777777778,observation,98.9427456083279,0.06060791609750128,0.230594442756167,0,0.2472931101829777,-24.37607459984263,-0,0,0,0,-24.37607459984263,0.09178469168393377,0.03784124877482146,75.68249754964293
USD,test,0,selected_threshold,5,2021-01-14,8,0.03174603174603174,observation,98.60117111255691,0.06044445330525997,0.1540441914759699,0,0.2472931101829777,-24.37607459984263,-0,0,0,0,-24.37607459984263,0.007315672265544748,0.03784124877482146,75.68249754964293
USD,test,0,selected_threshold,5,2021-01-15,9,0.03571428571428571,observation,98.59303838646713,0.05953131455916121,0.1391290573243757,-0.108164052858602,0.1391290573243757,-24.37607459984263,-0,0.005332111307762002,0.005332111307762002,0,-13.71718409562639,-2.760617122632425e-05,0.04317336008258347,86.34672016516694
USD,test,0,selected_threshold,5,2021-01-18,10,0.03968253968253968,observation,98.11320754716981,0.06014645753252588,0.06558078967079341,0,0.1391290573243757,-13.71718409562639,-0,0,0,0,-13.71718409562639,-0.06678601851782595,0.04317336008258347,86.34672016516694
USD,test,0,selected_threshold,5,2021-01-19,11,0.04365079365079365,observation,98.66623292127521,0.06122019837777731,0.1367737863315215,0,0.1391290573243757,-13.71718409562639,-0,0,0,0,-13.71718409562639,0.01015588045791915,0.04317336008258347,86.34672016516694
USD,test,0,selected_threshold,5,2021-01-20,12,0.04761904761904762,observation,98.41411841249186,0.06070389053929807,0.08260790421025793,0,0.1391290573243757,-13.71718409562639,-0,0,0,0,-13.71718409562639,-0.02492057348690757,0.04317336008258347,86.34672016516694
USD,test,0,selected_threshold,5,2021-01-21,13,0.05158730158730158,observation,98.87768379960963,0.06116668861992863,0.1514628586018086,0,0.1391290573243757,-13.71718409562639,-0,0,0,0,-13.71718409562639,0.0395748418309978,0.04317336008258347,86.34672016516694
USD,test,0,selected_threshold,5,2021-01-22,14,0.05555555555555555,observation,98.87768379960963,0.06024220184244172,0.1315479381283421,0,0.1391290573243757,-13.71718409562639,-0,0,0,0,-13.71718409562639,0.0395748418309978,0.04317336008258347,86.34672016516694
USD,test,0,selected_threshold,5,2021-01-25,15,0.05952380952380952,observation,98.82888744307093,0.05934720971846093,0.0999513868124578,0,0.1391290573243757,-13.71718409562639,-0,0,0,0,-13.71718409562639,0.03278585074490437,0.04317336008258347,86.34672016516694
USD,test,0,selected_threshold,5,2021-01-26,16,0.06349206349206349,observation,98.75569290826284,0.05848571123306655,0.06478997502791269,0,0.1391290573243757,-13.71718409562639,-0,0,0,0,-13.71718409562639,0.02260236411575889,0.04317336008258347,86.34672016516694
USD,test,0,selected_threshold,5,2021-01-27,17,0.06746031746031746,observation,98.51984385165908,0.05797571027929927,0.02077870347261763,-0.1183503538517581,0.02077870347261764,-13.71718409562639,-0,0.005829929190631904,0.005829929190631904,0,-2.063155643553214,-0.01604102199099877,0.04900328927321537,98.00657854643075
USD,test,0,selected_threshold,5,2021-01-28,18,0.07142857142857142,observation,98.33279115159401,0.05733804646854431,0.003634387819178877,0,0.02077870347261764,-2.063155643553214,-0,0,0,0,-2.063155643553214,-0.01992773457940311,0.04900328927321537,98.00657854643075
USD,test,0,selected_threshold,5,2021-01-29,19,0.07539682539682539,observation,98.69876382563434,0.05738773269642544,0.005243392663928347,0,0.02077870347261764,-2.063155643553214,-0,0,0,0,-2.063155643553214,-0.01232329690643796,0.04900328927321537,98.00657854643075
USD,test,0,selected_threshold,5,2021-02-01,20,0.07936507936507936,observation,98.27586206896551,0.05774031944664829,8.778647616330912e-07,0,0.02077870347261764,-2.063155643553214,-0,0,0,0,-2.063155643553214,-0.02111064710630917,0.04900328927321537,98.00657854643075
USD,test,0,selected_threshold,5,2021-02-02,21,0.08333333333333333,settlement,97.95055302537409,,0,-0.02077870347261764,0,-2.063155643553214,-0,0.001017642748146579,0.001017642748146579,0,-0.02888779000820252,-0.02888779000820252,0.05002093202136195,100.0418640427239
USD,test,0,frozen_rolling63_daily,10,2021-01-04,0,0,entry,100,0.05801708819289545,0.5033407217121401,0.5033407217121401,0.5033407217121401,0.6681443424280076,0,0.050334072171214,0.050334072171214,0,-49.71626190095721,0.6178102702567969,0.050334072171214,50.334072171214
USD,test,0,frozen_rolling63_daily,10,2021-01-05,1,0.003968253968253968,observation,99.79668184775538,0.05801708819289545,0.4536875259026219,-0.04965319580951816,0.4536875259026219,-49.71626190095721,-0,0.004955224184926784,0.004955224184926784,0,-44.76599294021535,0.5105167405838884,0.05528929635614079,55.28929635614079
USD,test,0,frozen_rolling63_daily,10,2021-01-06,2,0.007936507936507936,observation,100.341574495771,0.05801708819289545,0.5878484555747728,0.1341609296721509,0.5878484555747728,-44.76599294021535,-0,0.01346191891912002,0.01346191891912002,0,-58.24137377825449,0.7442658190255003,0.0687512152752608,68.75121527526082
USD,test,0,frozen_rolling63_daily,10,2021-01-07,3,0.0119047619047619,observation,99.8373454782043,0.05801708819289545,0.461270982196828,-0.1265774733779448,0.461270982196828,-58.24137377825449,-0,0.01263715893939208,0.01263715893939208,0,-45.6168519978018,0.435218410853544,0.08138837421465289,81.3883742146529
USD,test,0,frozen_rolling63_daily,10,2021-01-08,4,0.01587301587301587,observation,99.62589459986988,0.05801708819289545,0.4047019217060437,-0.05656906049078436,0.4047019217060437,-45.6168519978018,-0,0.005635743258068547,0.005635743258068547,0,-39.98674448299133,0.3320465132597761,0.08702411747272144,87.02411747272144
USD,test,0,frozen_rolling63_daily,10,2021-01-11,5,0.01984126984126984,observation,98.91834743005855,0.05801708819289545,0.2306768334947581,-0.1740250882112855,0.2306768334947581,-39.98674448299133,-0,0.01721427413723053,0.01721427413723053,0,-22.78968461989803,0.02848653980222338,0.104238391609952,104.238391609952
USD,test,0,frozen_rolling63_daily,10,2021-01-12,6,0.02380952380952381,observation,98.90208197787898,0.05801708819289545,0.2198005045946712,-0.010876328900087,0.2198005045946712,-22.78968461989803,-0,0.001075691572494779,0.001075691572494779,0,-21.71506873897575,0.02365878522558518,0.1053140831824468,105.3140831824468
USD,test,0,frozen_rolling63_daily,10,2021-01-13,7,0.02777777777777778,observation,98.9427456083279,0.05801708819289545,0.2205248952566022,0.0007243906619310847,0.2205248952566022,-21.71506873897575,-0,7.167320098449557e-05,7.167320098449557e-05,0,-21.78681361316123,0.03252499851592461,0.1053857563834313,105.3857563834312
USD,test,0,frozen_rolling63_daily,10,2021-01-14,8,0.03174603174603174,observation,98.60117111255691,0.05801708819289545,0.1440161592323637,-0.07650873602423852,0.1440161592323637,-21.78681361316123,-0,0.007543850972331389,0.007543850972331389,0,-14.25050649180217,-0.05034453235862912,0.1129296073557626,112.9296073557626
USD,test,0,frozen_rolling63_daily,10,2021-01-15,9,0.03571428571428571,observation,98.59303838646713,0.05801708819289545,0.1328813379503859,-0.01113482128197785,0.1328813379503859,-14.25050649180217,-0,0.001097815862080493,0.001097815862080493,0,-13.15378844558375,-0.0526135921962485,0.1140274232178431,114.0274232178431
USD,test,0,frozen_rolling63_daily,10,2021-01-18,10,0.03968253968253968,observation,98.11320754716981,0.05801708819289545,0.05874529246088223,-0.07413604548950364,0.05874529246088223,-13.15378844558375,-0,0.007273725217838093,0.007273725217838093,0,-5.887336952963499,-0.123647881329771,0.1213011484356812,121.3011484356812
USD,test,0,frozen_rolling63_daily,10,2021-01-19,11,0.04365079365079365,observation,98.66623292127521,0.05801708819289545,0.123833240836591,0.06508794837570875,0.123833240836591,-5.887336952963499,-0,0.006421982674805616,0.006421982674805616,0,-12.31574161044392,-0.09758222666446592,0.1277231311104868,127.7231311104868
USD,test,0,frozen_rolling63_daily,10,2021-01-20,12,0.04761904761904762,observation,98.41411841249186,0.05801708819289545,0.07317743203276637,-0.0506558088038246,0.07317743203276637,-12.31574161044392,-0,0.004985246765900142,0.004985246765900142,0,-7.335480091309678,-0.1337876301149334,0.132708377876387,132.708377876387
USD,test,0,frozen_rolling63_daily,10,2021-01-21,13,0.05158730158730158,observation,98.87768379960963,0.05801708819289545,0.1385887265533293,0.06541129452056295,0.1385887265533293,-7.335480091309678,-0,0.006467717296527361,0.006467717296527361,0,-13.80966510513357,-0.1063328228029086,0.1391760951729143,139.1760951729143
USD,test,0,frozen_rolling63_daily,10,2021-01-22,14,0.05555555555555555,observation,98.87768379960963,0.05801708819289545,0.1225360231823229,-0.01605270337100639,0.1225360231823229,-13.80966510513357,-0,0.001587254128047298,0.001587254128047298,0,-12.22399823121432,-0.1079200769309558,0.1407633493009617,140.7633493009616
USD,test,0,frozen_rolling63_daily,10,2021-01-25,15,0.05952380952380952,observation,98.82888744307093,0.05801708819289545,0.09485729527838604,-0.02767872790393688,0.09485729527838604,-12.22399823121432,-0,0.002735457884585565,0.002735457884585565,0,-9.491275804513338,-0.1166348462915803,0.1434988071855472,143.4988071855472
USD,test,0,frozen_rolling63_daily,10,2021-01-26,16,0.06349206349206349,observation,98.75569290826284,0.05801708819289545,0.06324758392443153,-0.03160971135395452,0.06324758392443153,-9.491275804513338,-0,0.003121638947389962,0.003121638947389962,0,-6.372758496070766,-0.1266995208400239,0.1466204461329372,146.6204461329372
USD,test,0,frozen_rolling63_daily,10,2021-01-27,17,0.06746031746031746,observation,98.51984385165908,0.05801708819289545,0.02085176152277432,-0.04239582240165721,0.02085176152277432,-6.372758496070766,-0,0.004176829802973938,0.004176829802973938,0,-2.200105522899802,-0.1457932336440435,0.1507972759359111,150.7972759359111
USD,test,0,frozen_rolling63_daily,10,2021-01-28,18,0.07142857142857142,observation,98.33279115159401,0.05801708819289545,0.003991570318235818,-0.0168601912045385,0.003991570318235819,-2.200105522899802,-0,0.001657909660491827,0.001657909660491827,0,-0.5438537720684675,-0.151351521598483,0.1524551855964029,152.4551855964029
USD,test,0,frozen_rolling63_daily,10,2021-01-29,19,0.07539682539682539,observation,98.69876382563434,0.05801708819289545,0.00567827542563792,0.0016867051074021,0.00567827542563792,-0.5438537720684675,-0,0.0001664757090389711,0.0001664757090389711,0,-0.7104959568164776,-0.1500571916445372,0.1526216613054419,152.6216613054419
USD,test,0,frozen_rolling63_daily,10,2021-02-01,20,0.07936507936507936,observation,98.27586206896551,0.05801708819289545,9.831227402319238e-07,-0.005677292302897688,9.831227402315804e-07,-0.7104959568164776,-0,0.0005579407952847729,0.0005579407952847729,0,-0.1531131023269896,-0.1530164850921737,0.1531796021007266,153.1796021007267
USD,test,0,frozen_rolling63_daily,10,2021-02-02,21,0.08333333333333333,settlement,97.95055302537409,,0,-9.831227402315804e-07,0,-0.1531131023269896,-0,9.62974160975045e-08,9.62974160975045e-08,0,-0.1530169012083082,-0.1530169012083082,0.1531796983981427,153.1796983981428
USD,test,0,rolling63_daily,10,2021-01-04,0,0,entry,100,0.05801708819289545,0.5033407217121401,0.5033407217121401,0.5033407217121401,0.6681443424280076,0,0.050334072171214,0.050334072171214,0,-49.71626190095721,0.6178102702567969,0.050334072171214,50.334072171214
USD,test,0,rolling63_daily,10,2021-01-05,1,0.003968253968253968,observation,99.79668184775538,0.0579788186783644,0.4536528212700798,-0.04968790044206028,0.4536528212700798,-49.71626190095721,-0,0.004958687592099234,0.004958687592099234,0,-44.76253299645007,0.5105132771767202,0.05529275976331324,55.29275976331324
USD,test,0,rolling63_daily,10,2021-01-06,2,0.007936507936507936,observation,100.341574495771,0.05883991141091713,0.5867269944796532,0.1330741732095734,0.5867269944796532,-44.76253299645007,-0,0.01335287206457154,0.01335287206457154,0,-58.12875793308618,0.7443524921737534,0.06864563182788477,68.64563182788477
USD,test,0,rolling63_daily,10,2021-01-07,3,0.0119047619047619,observation,99.8373454782043,0.05969028809313297,0.462528453452844,-0.1241985410268092,0.462528453452844,-58.12875793308618,-0,0.01239965264838248,0.01239965264838248,0,-45.74150493735208,0.4361080635190362,0.08104528447626724,81.04528447626724
USD,test,0,rolling63_daily,10,2021-01-08,4,0.01587301587301587,observation,99.62589459986988,0.05962356033616426,0.4073819068512173,-0.05514654660162666,0.4073819068512173,-45.74150493735208,-0,0.00549402403928047,0.00549402403928047,0,-40.25297492211089,0.3328119917424956,0.08653930851554771,86.53930851554772
USD,test,0,rolling63_daily,10,2021-01-11,5,0.01984126984126984,observation,98.91834743005855,0.06130014093116094,0.2431006318790054,-0.1642812749722119,0.2431006318790054,-40.25297492211089,-0,0.01625043223395424,0.01625043223395424,0,-24.01879312039061,0.02831964428361644,0.102789740749502,102.789740749502
USD,test,0,rolling63_daily,10,2021-01-12,6,0.02380952380952381,observation,98.90208197787898,0.06126723262532918,0.2323603620538774,-0.01074026982512799,0.2323603620538774,-24.01879312039061,-0,0.001062235046709349,0.001062235046709349,0,-22.95762030872797,0.02330326753425993,0.1038519757962113,103.8519757962113
USD,test,0,rolling63_daily,10,2021-01-13,7,0.02777777777777778,observation,98.9427456083279,0.06094924967240409,0.2318757259257818,-0.0004846361280956835,0.2318757259257818,-22.95762030872797,-0,4.795122913477623e-05,4.795122913477623e-05,0,-22.90971703082232,0.03270393219866108,0.1038999270253461,103.8999270253461
USD,test,0,rolling63_daily,10,2021-01-14,8,0.03174603174603174,observation,98.60117111255691,0.06069562291918153,0.1550608627940011,-0.07681486313178071,0.1550608627940011,-22.90971703082232,-0,0.007574035463644349,0.007574035463644349,0,-15.34325560264162,-0.05407293742961272,0.1114739624889904,111.4739624889904
USD,test,0,rolling63_daily,10,2021-01-15,9,0.03571428571428571,observation,98.59303838646713,0.06025061493392476,0.1420531437233404,-0.01300771907066067,0.1420531437233404,-15.34325560264162,-0,0.001282470545654028,0.001282470545654028,0,-14.06206752753324,-0.05661647549961479,0.1127564330346445,112.7564330346445
USD,test,0,rolling63_daily,10,2021-01-18,10,0.03968253968253968,observation,98.11320754716981,0.06057536851228293,0.06696803537369167,-0.07508510834964871,0.06696803537369167,-14.06206752753324,-0,0.007366840819210817,0.007366840819210817,0,-6.702593549141639,-0.1321447954964192,0.1201232738538553,120.1232738538553
USD,test,0,rolling63_daily,10,2021-01-19,11,0.04365079365079365,observation,98.66623292127521,0.06146369369328804,0.137736946610982,0.07076891123729029,0.137736946610982,-6.702593549141639,-0,0.006982501879723534,0.006982501879723534,0,-13.6920779307449,-0.1020922745605031,0.1271057757335788,127.1057757335788
USD,test,0,rolling63_daily,10,2021-01-20,12,0.04761904761904762,observation,98.41411841249186,0.06126629794516315,0.08458176507475751,-0.05315518153622445,0.08458176507475751,-13.6920779307449,-0,0.005231220329943494,0.005231220329943494,0,-8.466088821131347,-0.1420489775265938,0.1323369960635223,132.3369960635223
USD,test,0,rolling63_daily,10,2021-01-21,13,0.05158730158730158,observation,98.87768379960963,0.06176128023440765,0.1538271602162423,0.06924539514148476,0.1538271602162423,-8.466088821131347,-0,0.006846824285378754,0.006846824285378754,0,-15.31975993079548,-0.1096866231419895,0.1391838203489011,139.183820348901
USD,test,0,rolling63_daily,10,2021-01-22,14,0.05555555555555555,observation,98.87768379960963,0.06147758262686869,0.1364493130212366,-0.01737784719500568,0.1364493130212366,-15.31975993079548,-0,0.001718281280065705,0.001718281280065705,0,-13.60319693200984,-0.111404904422054,0.1409021016289668,140.9021016289667
USD,test,0,rolling63_daily,10,2021-01-25,15,0.05952380952380952,observation,98.82888744307093,0.06116689267521346,0.1068568687079844,-0.0295924443132522,0.1068568687079844,-13.60319693200984,-0,0.002924588348199746,0.002924588348199746,0,-10.6815331721583,-0.1209877220978992,0.1438266899771665,143.8266899771665
USD,test,0,rolling63_daily,10,2021-01-26,16,0.06349206349206349,observation,98.75569290826284,0.06114532229224569,0.07360408597535294,-0.03325278273263145,0.07360408597535294,-10.6815331721583,-0,0.003283901599888937,0.003283901599888937,0,-7.400915473869249,-0.1320929624939184,0.1471105915770555,147.1105915770554
USD,test,0,rolling63_daily,10,2021-01-27,17,0.06746031746031746,observation,98.51984385165908,0.05868383333462739,0.02204440636471187,-0.05155967961064106,0.02204440636471187,-7.400915473869249,-0,0.005079651584281928,0.005079651584281928,0,-2.326343541171603,-0.1545320683176699,0.1521902431613374,152.1902431613373
USD,test,0,rolling63_daily,10,2021-01-28,18,0.07142857142857142,observation,98.33279115159401,0.05867556643355296,0.004358729764891462,-0.01768567659982041,0.004358729764891461,-2.326343541171603,-0,0.001739081943464774,0.001739081943464774,0,-0.589000679650294,-0.1603946159929855,0.1539293251048022,153.9293251048021
USD,test,0,rolling63_daily,10,2021-01-29,19,0.07539682539682539,observation,98.69876382563434,0.05913519518213095,0.006503677196210661,0.002144947431319199,0.006503677196210661,-0.589000679650294,-0,0.0002117036599421747,0.0002117036599421747,0,-0.8009160432524109,-0.1590111436654512,0.1541410287647443,154.1410287647443
USD,test,0,rolling63_daily,10,2021-02-01,20,0.07936507936507936,observation,98.27586206896551,0.0592336762732918,1.588075548854292e-06,-0.006502089120661807,1.588075548853915e-06,-0.8009160432524109,-0,0.0006389984135822809,0.0006389984135822809,0,-0.1625566280837123,-0.162400558590118,0.1547800271783266,154.7800271783265
USD,test,0,rolling63_daily,10,2021-02-02,21,0.08333333333333333,settlement,97.95055302537409,,0,-1.588075548853915e-06,0,-0.1625566280837123,-0,1.555528782563154e-07,1.555528782563154e-07,0,-0.1624012307583342,-0.1624012307583342,0.1547801827312049,154.7801827312048
USD,test,0,ewma_daily,10,2021-01-04,0,0,entry,100,0.05981726198018385,0.5034443762156937,0.5034443762156937,0.5034443762156937,0.6681443424280076,0,0.05034443762156937,0.05034443762156937,0,-49.72663771676293,0.6177999048064393,0.05034443762156937,50.34443762156937
USD,test,0,ewma_daily,10,2021-01-05,1,0.003968253968253968,observation,99.79668184775538,0.05917834973933248,0.4547207423704362,-0.04872363384525752,0.4547207423704362,-49.72663771676293,-0,0.004862456985321691,0.004862456985321691,0,-44.86904318842656,0.5105780674910037,0.05520689460689106,55.20689460689106
USD,test,0,ewma_daily,10,2021-01-06,2,0.007936507936507936,observation,100.341574495771,0.06017614400680429,0.5849722760252142,0.130251533654778,0.5849722760252142,-44.86904318842656,-0,0.01306964396740933,0.01306964396740933,0,-57.95175679980329,0.7452824129414424,0.0682765385743004,68.27653857430039
USD,test,0,ewma_daily,10,2021-01-07,3,0.0119047619047619,observation,99.8373454782043,0.06086379289516185,0.4633722594140839,-0.1216000166111302,0.4633722594140839,-57.95175679980329,-0,0.01214022286856079,0.01214022286856079,0,-45.82367415411106,0.4381821940289399,0.0804167614428612,80.41676144286117
USD,test,0,ewma_daily,10,2021-01-08,4,0.01587301587301587,observation,99.62589459986988,0.06022668274712401,0.4083533391006313,-0.05501892031345268,0.4083533391006313,-45.82367415411106,-0,0.005481309156146676,0.005481309156146676,0,-40.34784630712053,0.3347204136238773,0.08589807059900788,85.89807059900785
USD,test,0,ewma_daily,10,2021-01-11,5,0.01984126984126984,observation,98.91834743005855,0.06246983527031375,0.2472931101829777,-0.1610602289176535,0.2472931101829777,-40.34784630712053,-0,0.01593181168124121,0.01593181168124121,0,-24.43196643756056,0.02985935257897765,0.1018298822802491,101.8298822802491
USD,test,0,ewma_daily,10,2021-01-12,6,0.02380952380952381,observation,98.90208197787898,0.06152731386892457,0.2333245647147681,-0.01396854546820958,0.2333245647147681,-24.43196643756056,-0,0.001381518229008594,0.001381518229008594,0,-23.05182972678098,0.0244555000919533,0.1032114005092577,103.2114005092577
USD,test,0,ewma_daily,10,2021-01-13,7,0.02777777777777778,observation,98.9427456083279,0.06060791609750128,0.230594442756167,-0.002730121958601117,0.230594442756167,-23.05182972678098,-0,0.0002701257624295803,0.0002701257624295803,0,-22.78197409011383,0.03367319820373638,0.1034815262716872,103.4815262716872
USD,test,0,ewma_daily,10,2021-01-14,8,0.03174603174603174,observation,98.60117111255691,0.06044445330525997,0.1540441914759699,-0.07655025128019716,0.1540441914759699,-22.78197409011383,-0,0.007547944425187949,0.007547944425187949,0,-15.24157760935107,-0.0526399267334785,0.1110294706968752,111.0294706968752
USD,test,0,ewma_daily,10,2021-01-15,9,0.03571428571428571,observation,98.59303838646713,0.05953131455916121,0.1391290573243757,-0.01491513415159412,0.1391290573243757,-15.24157760935107,-0,0.001470528393947426,0.001470528393947426,0,-13.77251974379759,-0.05536325434242251,0.1124999990908226,112.4999990908226
USD,test,0,ewma_daily,10,2021-01-18,10,0.03968253968253968,observation,98.11320754716981,0.06014645753252588,0.06558078967079341,-0.07354826765358234,0.06558078967079341,-13.77251974379759,-0,0.00721605644903072,0.00721605644903072,0,-6.563679351215897,-0.129337723138053,0.1197160555398533,119.7160555398533
USD,test,0,ewma_daily,10,2021-01-19,11,0.04365079365079365,observation,98.66623292127521,0.06122019837777731,0.1367737863315215,0.07119299666072808,0.1367737863315215,-6.563679351215897,-0,0.007024344790890965,0.007024344790890965,0,-13.59504848689775,-0.1000942271871264,0.1267404003307443,126.7404003307443
USD,test,0,ewma_daily,10,2021-01-20,12,0.04761904761904762,observation,98.41411841249186,0.06070389053929807,0.08260790421025793,-0.05416588212126355,0.08260790421025793,-13.59504848689775,-0,0.005330687536999106,0.005330687536999106,0,-8.269691637435646,-0.1399075706795365,0.1320710878677434,132.0710878677434
USD,test,0,ewma_daily,10,2021-01-21,13,0.05158730158730158,observation,98.87768379960963,0.06116668861992863,0.1514628586018086,0.06885495439155065,0.1514628586018086,-8.269691637435646,-0,0.006808218408364287,0.006808218408364287,0,-15.0847182642083,-0.1084216239936868,0.1388793062761077,138.8793062761077
USD,test,0,ewma_daily,10,2021-01-22,14,0.05555555555555555,observation,98.87768379960963,0.06024220184244172,0.1315479381283421,-0.01991492047346644,0.1315479381283421,-15.0847182642083,-0,0.001969141209469786,0.001969141209469786,0,-13.11754619594798,-0.1103907652031566,0.1408484474855775,140.8484474855775
USD,test,0,ewma_daily,10,2021-01-25,15,0.05952380952380952,observation,98.82888744307093,0.05934720971846093,0.0999513868124578,-0.03159655131588435,0.0999513868124578,-13.11754619594798,-0,0.003122652013586749,0.003122652013586749,0,-9.99801683437482,-0.1199324773075841,0.1439710994991642,143.9710994991643
USD,test,0,ewma_daily,10,2021-01-26,16,0.06349206349206349,observation,98.75569290826284,0.05848571123306655,0.06478997502791269,-0.03516141178454511,0.06478997502791269,-9.99801683437482,-0,0.003472389584415511,0.003472389584415511,0,-6.529099639543723,-0.1307207621531594,0.1474434890835797,147.4434890835798
USD,test,0,ewma_daily,10,2021-01-27,17,0.06746031746031746,observation,98.51984385165908,0.05797571027929927,0.02077870347261763,-0.04401127155529505,0.02077870347261764,-6.529099639543723,-0,0.004335983601340633,0.004335983601340633,0,-2.197452021804431,-0.1503374002422158,0.1517794726849204,151.7794726849204
USD,test,0,ewma_daily,10,2021-01-28,18,0.07142857142857142,observation,98.33279115159401,0.05733804646854431,0.003634387819178877,-0.01714431565343876,0.003634387819178877,-2.197452021804431,-0,0.001685848410586597,0.001685848410586597,0,-0.5132894596284205,-0.1559099612412068,0.153465321095507,153.465321095507
USD,test,0,ewma_daily,10,2021-01-29,19,0.07539682539682539,observation,98.69876382563434,0.05738773269642544,0.005243392663928347,0.00160900484474947,0.005243392663928347,-0.5132894596284205,-0,0.0001588067891662294,0.0001588067891662294,0,-0.6722550555838162,-0.1547386814016886,0.1536241278846732,153.6241278846732
USD,test,0,ewma_daily,10,2021-02-01,20,0.07936507936507936,observation,98.27586206896551,0.05774031944664829,8.778647616330912e-07,-0.005242514799166714,8.778647616327837e-07,-0.6722550555838162,-0,0.0005152126612974184,0.0005152126612974184,0,-0.1575576069476952,-0.1574713340314657,0.1541393405459706,154.1393405459707
USD,test,0,ewma_daily,10,2021-02-02,21,0.08333333333333333,settlement,97.95055302537409,,0,-8.778647616327837e-07,0,-0.1575576069476952,-0,8.598733888341936e-08,8.598733888341936e-08,0,-0.1574717055961506,-0.1574717055961506,0.1541394265333095,154.1394265333095
USD,test,0,ridge_daily,10,2021-01-04,0,0,entry,100,0.06501777287390428,0.5037438217374273,0.5037438217374273,0.5037438217374273,0.6681443424280076,0,0.05037438217374272,0.05037438217374272,0,-49.75661221348846,0.6177699602542646,0.05037438217374272,50.37438217374272
USD,test,0,ridge_daily,10,2021-01-05,1,0.003968253968253968,observation,99.79668184775538,0.06344357664156668,0.4582136708738026,-0.04553015086362466,0.4582136708738026,-49.75661221348846,-0,0.004543757980217455,0.004543757980217455,0,-45.21739799125122,0.5108059392337552,0.05491814015396018,54.91814015396018
USD,test,0,ridge_daily,10,2021-01-06,2,0.007936507936507936,observation,100.341574495771,0.06346627215996437,0.5809732409373725,0.1227595700635699,0.5809732409373725,-45.21739799125122,-0,0.01231788854460251,0.01231788854460251,0,-57.54760442439833,0.7481653111685347,0.0672360286985627,67.23602869856269
USD,test,0,ridge_daily,10,2021-01-07,3,0.0119047619047619,observation,99.8373454782043,0.06366303171233448,0.4652693103852486,-0.1157039305521239,0.4652693103852486,-57.54760442439833,-0,0.01155157328771855,0.01155157328771855,0,-46.0075827099675,0.4436701713704281,0.07878760198628125,78.78760198628123
USD,test,0,ridge_daily,10,2021-01-08,4,0.01587301587301587,observation,99.62589459986988,0.06385471188658762,0.4138321660731167,-0.05143714431213192,0.4138321660731167,-46.0075827099675,-0,0.005124471517758751,0.005124471517758751,0,-40.8882356637265,0.3401640955096639,0.08391207350404001,83.91207350403998
USD,test,0,ridge_daily,10,2021-01-11,5,0.01984126984126984,observation,98.91834743005855,0.06481366260698138,0.255348583036334,-0.1584835830367827,0.255348583036334,-40.8882356637265,-0,0.015676934128793,0.015676934128793,0,-25.2269784690623,0.03168138349894534,0.09958900763283302,99.58900763283299
USD,test,0,ridge_daily,10,2021-01-12,6,0.02380952380952381,observation,98.90208197787898,0.06653706812418696,0.250805536815611,-0.00454304622072299,0.250805536815611,-25.2269784690623,-0,0.0004493167297512385,0.0004493167297512385,0,-24.77811105604081,0.02707870660269762,0.1000383243625843,100.0383243625842
USD,test,0,ridge_daily,10,2021-01-13,7,0.02777777777777778,observation,98.9427456083279,0.06676129936299766,0.2521983344287905,0.001392797613179453,0.2521983344287905,-24.77811105604081,-0,0.0001378072199247009,0.0001378072199247009,0,-24.91605608318543,0.03713956304638799,0.100176131582509,100.1761315825089
USD,test,0,ridge_daily,10,2021-01-14,8,0.03174603174603174,observation,98.60117111255691,0.06698179799585637,0.1792172357594044,-0.07298109866938607,0.1792172357594044,-24.91605608318543,-0,0.007196021797882536,0.007196021797882536,0,-17.72723030710078,-0.05620097766829346,0.1073721533803915,107.3721533803915
USD,test,0,ridge_daily,10,2021-01-15,9,0.03571428571428571,observation,98.59303838646713,0.06809063421227447,0.172024315836181,-0.007192919923223406,0.172024315836181,-17.72723030710078,-0,0.0007091718301011495,0.0007091718301011495,0,-17.01876764882973,-0.05836767418739086,0.1080813252104926,108.0813252104926
USD,test,0,ridge_daily,10,2021-01-18,10,0.03968253968253968,observation,98.11320754716981,0.06848403602493049,0.09273112720950522,-0.07929318862667578,0.09273112720950522,-17.01876764882973,-0,0.007779709072805925,0.007779709072805925,0,-9.246838285096612,-0.1486899551074217,0.1158610342832986,115.8610342832985
USD,test,0,ridge_daily,10,2021-01-19,11,0.04365079365079365,observation,98.66623292127521,0.06781253847474004,0.1617631512110829,0.06903202400157765,0.1617631512110829,-9.246838285096612,-0,0.006811129759166722,0.006811129759166722,0,-16.0647791740225,-0.104218418550337,0.1226721640424653,122.6721640424653
USD,test,0,ridge_daily,10,2021-01-20,12,0.04761904761904762,observation,98.41411841249186,0.06838919748164463,0.1092696099169619,-0.05249354129412098,0.1092696099169619,-16.0647791740225,-0,0.005166105588810654,0.005166105588810654,0,-10.90383969080066,-0.1501673615459769,0.1278382696312759,127.8382696312759
USD,test,0,ridge_daily,10,2021-01-21,13,0.05158730158730158,observation,98.87768379960963,0.06619870354602042,0.1707998501230123,0.06153024020605041,0.1707998501230123,-10.90383969080066,-0,0.006083967635207879,0.006083967635207879,0,-16.99389129364375,-0.1055977201598211,0.1339222372664838,133.9222372664838
USD,test,0,ridge_daily,10,2021-01-22,14,0.05555555555555555,observation,98.87768379960963,0.06701456965904333,0.1574634682286531,-0.01333638189435921,0.1574634682286531,-16.99389129364375,-0,0.001318670551981288,0.001318670551981288,0,-15.67653941221444,-0.1069163907118007,0.1352409078184651,135.2409078184651
USD,test,0,ridge_daily,10,2021-01-25,15,0.05952380952380952,observation,98.82888744307093,0.06495949417480321,0.1209493239246951,-0.036514144303958,0.1209493239246951,-15.67653941221444,-0,0.003608652257495914,0.003608652257495914,0,-12.07149580697602,-0.1182086865068044,0.138849560075961,138.849560075961
USD,test,0,ridge_daily,10,2021-01-26,16,0.06349206349206349,observation,98.75569290826284,0.06669469433488438,0.09207073514350883,-0.02887858878118627,0.09207073514350883,-12.07149580697602,-0,0.002851925045298835,0.002851925045298835,0,-9.222422686722485,-0.129913441052123,0.1417014851212598,141.7014851212598
USD,test,0,ridge_daily,10,2021-01-27,17,0.06746031746031746,observation,98.51984385165908,0.06548518397231576,0.03566776479161553,-0.0564029703518933,0.03566776479161553,-9.222422686722485,-0,0.005556811831838284,0.005556811831838284,0,-3.671167666716039,-0.1571850489083735,0.1472582969530981,147.2582969530981
USD,test,0,ridge_daily,10,2021-01-28,18,0.07142857142857142,observation,98.33279115159401,0.06762545513712466,0.01145610601050367,-0.02421165878111186,0.01145610601050367,-3.671167666716039,-0,0.00238079998635673,0.00238079998635673,0,-1.292748480345666,-0.1662376006042876,0.1496390969394548,149.6390969394548
USD,test,0,ridge_daily,10,2021-01-29,19,0.07539682539682539,observation,98.69876382563434,0.06611455554400614,0.01318218988765237,0.001726083877148699,0.01318218988765237,-1.292748480345666,-0,0.0001703623449339347,0.0001703623449339347,0,-1.463281187624534,-0.1622153411984677,0.1498094592843888,149.8094592843888
USD,test,0,ridge_daily,10,2021-02-01,20,0.07936507936507936,observation,98.27586206896551,0.06536697950613624,1.213074531067171e-05,-0.0131700591423417,1.213074531067164e-05,-1.463281187624534,-0,0.001294298915712891,0.001294298915712891,0,-0.1702765708273564,-0.169084411374411,0.1511037582001017,151.1037582001017
USD,test,0,ridge_daily,10,2021-02-02,21,0.08333333333333333,settlement,97.95055302537409,,0,-1.213074531067164e-05,0,-0.1702765708273564,-0,1.18821321179025e-06,1.18821321179025e-06,0,-0.1690895458287779,-0.1690895458287779,0.1511049464133135,151.1049464133134
USD,test,0,selected_daily,10,2021-01-04,0,0,entry,100,0.05981726198018385,0.5034443762156937,0.5034443762156937,0.5034443762156937,0.6681443424280076,0,0.05034443762156937,0.05034443762156937,0,-49.72663771676293,0.6177999048064393,0.05034443762156937,50.34443762156937
USD,test,0,selected_daily,10,2021-01-05,1,0.003968253968253968,observation,99.79668184775538,0.05917834973933248,0.4547207423704362,-0.04872363384525752,0.4547207423704362,-49.72663771676293,-0,0.004862456985321691,0.004862456985321691,0,-44.86904318842656,0.5105780674910037,0.05520689460689106,55.20689460689106
USD,test,0,selected_daily,10,2021-01-06,2,0.007936507936507936,observation,100.341574495771,0.06017614400680429,0.5849722760252142,0.130251533654778,0.5849722760252142,-44.86904318842656,-0,0.01306964396740933,0.01306964396740933,0,-57.95175679980329,0.7452824129414424,0.0682765385743004,68.27653857430039
USD,test,0,selected_daily,10,2021-01-07,3,0.0119047619047619,observation,99.8373454782043,0.06086379289516185,0.4633722594140839,-0.1216000166111302,0.4633722594140839,-57.95175679980329,-0,0.01214022286856079,0.01214022286856079,0,-45.82367415411106,0.4381821940289399,0.0804167614428612,80.41676144286117
USD,test,0,selected_daily,10,2021-01-08,4,0.01587301587301587,observation,99.62589459986988,0.06022668274712401,0.4083533391006313,-0.05501892031345268,0.4083533391006313,-45.82367415411106,-0,0.005481309156146676,0.005481309156146676,0,-40.34784630712053,0.3347204136238773,0.08589807059900788,85.89807059900785
USD,test,0,selected_daily,10,2021-01-11,5,0.01984126984126984,observation,98.91834743005855,0.06246983527031375,0.2472931101829777,-0.1610602289176535,0.2472931101829777,-40.34784630712053,-0,0.01593181168124121,0.01593181168124121,0,-24.43196643756056,0.02985935257897765,0.1018298822802491,101.8298822802491
USD,test,0,selected_daily,10,2021-01-12,6,0.02380952380952381,observation,98.90208197787898,0.06152731386892457,0.2333245647147681,-0.01396854546820958,0.2333245647147681,-24.43196643756056,-0,0.001381518229008594,0.001381518229008594,0,-23.05182972678098,0.0244555000919533,0.1032114005092577,103.2114005092577
USD,test,0,selected_daily,10,2021-01-13,7,0.02777777777777778,observation,98.9427456083279,0.06060791609750128,0.230594442756167,-0.002730121958601117,0.230594442756167,-23.05182972678098,-0,0.0002701257624295803,0.0002701257624295803,0,-22.78197409011383,0.03367319820373638,0.1034815262716872,103.4815262716872
USD,test,0,selected_daily,10,2021-01-14,8,0.03174603174603174,observation,98.60117111255691,0.06044445330525997,0.1540441914759699,-0.07655025128019716,0.1540441914759699,-22.78197409011383,-0,0.007547944425187949,0.007547944425187949,0,-15.24157760935107,-0.0526399267334785,0.1110294706968752,111.0294706968752
USD,test,0,selected_daily,10,2021-01-15,9,0.03571428571428571,observation,98.59303838646713,0.05953131455916121,0.1391290573243757,-0.01491513415159412,0.1391290573243757,-15.24157760935107,-0,0.001470528393947426,0.001470528393947426,0,-13.77251974379759,-0.05536325434242251,0.1124999990908226,112.4999990908226
USD,test,0,selected_daily,10,2021-01-18,10,0.03968253968253968,observation,98.11320754716981,0.06014645753252588,0.06558078967079341,-0.07354826765358234,0.06558078967079341,-13.77251974379759,-0,0.00721605644903072,0.00721605644903072,0,-6.563679351215897,-0.129337723138053,0.1197160555398533,119.7160555398533
USD,test,0,selected_daily,10,2021-01-19,11,0.04365079365079365,observation,98.66623292127521,0.06122019837777731,0.1367737863315215,0.07119299666072808,0.1367737863315215,-6.563679351215897,-0,0.007024344790890965,0.007024344790890965,0,-13.59504848689775,-0.1000942271871264,0.1267404003307443,126.7404003307443
USD,test,0,selected_daily,10,2021-01-20,12,0.04761904761904762,observation,98.41411841249186,0.06070389053929807,0.08260790421025793,-0.05416588212126355,0.08260790421025793,-13.59504848689775,-0,0.005330687536999106,0.005330687536999106,0,-8.269691637435646,-0.1399075706795365,0.1320710878677434,132.0710878677434
USD,test,0,selected_daily,10,2021-01-21,13,0.05158730158730158,observation,98.87768379960963,0.06116668861992863,0.1514628586018086,0.06885495439155065,0.1514628586018086,-8.269691637435646,-0,0.006808218408364287,0.006808218408364287,0,-15.0847182642083,-0.1084216239936868,0.1388793062761077,138.8793062761077
USD,test,0,selected_daily,10,2021-01-22,14,0.05555555555555555,observation,98.87768379960963,0.06024220184244172,0.1315479381283421,-0.01991492047346644,0.1315479381283421,-15.0847182642083,-0,0.001969141209469786,0.001969141209469786,0,-13.11754619594798,-0.1103907652031566,0.1408484474855775,140.8484474855775
USD,test,0,selected_daily,10,2021-01-25,15,0.05952380952380952,observation,98.82888744307093,0.05934720971846093,0.0999513868124578,-0.03159655131588435,0.0999513868124578,-13.11754619594798,-0,0.003122652013586749,0.003122652013586749,0,-9.99801683437482,-0.1199324773075841,0.1439710994991642,143.9710994991643
USD,test,0,selected_daily,10,2021-01-26,16,0.06349206349206349,observation,98.75569290826284,0.05848571123306655,0.06478997502791269,-0.03516141178454511,0.06478997502791269,-9.99801683437482,-0,0.003472389584415511,0.003472389584415511,0,-6.529099639543723,-0.1307207621531594,0.1474434890835797,147.4434890835798
USD,test,0,selected_daily,10,2021-01-27,17,0.06746031746031746,observation,98.51984385165908,0.05797571027929927,0.02077870347261763,-0.04401127155529505,0.02077870347261764,-6.529099639543723,-0,0.004335983601340633,0.004335983601340633,0,-2.197452021804431,-0.1503374002422158,0.1517794726849204,151.7794726849204
USD,test,0,selected_daily,10,2021-01-28,18,0.07142857142857142,observation,98.33279115159401,0.05733804646854431,0.003634387819178877,-0.01714431565343876,0.003634387819178877,-2.197452021804431,-0,0.001685848410586597,0.001685848410586597,0,-0.5132894596284205,-0.1559099612412068,0.153465321095507,153.465321095507
USD,test,0,selected_daily,10,2021-01-29,19,0.07539682539682539,observation,98.69876382563434,0.05738773269642544,0.005243392663928347,0.00160900484474947,0.005243392663928347,-0.5132894596284205,-0,0.0001588067891662294,0.0001588067891662294,0,-0.6722550555838162,-0.1547386814016886,0.1536241278846732,153.6241278846732
USD,test,0,selected_daily,10,2021-02-01,20,0.07936507936507936,observation,98.27586206896551,0.05774031944664829,8.778647616330912e-07,-0.005242514799166714,8.778647616327837e-07,-0.6722550555838162,-0,0.0005152126612974184,0.0005152126612974184,0,-0.1575576069476952,-0.1574713340314657,0.1541393405459706,154.1393405459707
USD,test,0,selected_daily,10,2021-02-02,21,0.08333333333333333,settlement,97.95055302537409,,0,-8.778647616327837e-07,0,-0.1575576069476952,-0,8.598733888341936e-08,8.598733888341936e-08,0,-0.1574717055961506,-0.1574717055961506,0.1541394265333095,154.1394265333095
USD,test,0,selected_every5,10,2021-01-04,0,0,entry,100,0.05981726198018385,0.5034443762156937,0.5034443762156937,0.5034443762156937,0.6681443424280076,0,0.05034443762156937,0.05034443762156937,0,-49.72663771676293,0.6177999048064393,0.05034443762156937,50.34443762156937
USD,test,0,selected_every5,10,2021-01-05,1,0.003968253968253968,observation,99.79668184775538,0.05917834973933248,0.4547207423704362,0,0.5034443762156937,-49.72663771676293,-0,0,0,0,-49.72663771676293,0.5154405244763183,0.05034443762156937,50.34443762156937
USD,test,0,selected_every5,10,2021-01-06,2,0.007936507936507936,observation,100.341574495771,0.06017614400680429,0.5849722760252142,0,0.5034443762156937,-49.72663771676293,-0,0,0,0,-49.72663771676293,0.7897636637610574,0.05034443762156937,50.34443762156937
USD,test,0,selected_every5,10,2021-01-07,3,0.0119047619047619,observation,99.8373454782043,0.06086379289516185,0.4633722594140839,0,0.5034443762156937,-49.72663771676293,-0,0,0,0,-49.72663771676293,0.5359124005423439,0.05034443762156937,50.34443762156937
USD,test,0,selected_every5,10,2021-01-08,4,0.01587301587301587,observation,99.62589459986988,0.06022668274712401,0.4083533391006313,0,0.5034443762156937,-49.72663771676293,-0,0,0,0,-49.72663771676293,0.4294586449990092,0.05034443762156937,50.34443762156937
USD,test,0,selected_every5,10,2021-01-11,5,0.01984126984126984,observation,98.91834743005855,0.06246983527031375,0.2472931101829777,-0.256151266032716,0.2472931101829777,-49.72663771676293,-0,0.02533805992807356,0.02533805992807356,0,-24.41391584861745,0.04790994152208938,0.07568249754964293,75.68249754964293
USD,test,0,selected_every5,10,2021-01-12,6,0.02380952380952381,observation,98.90208197787898,0.06152731386892457,0.2333245647147681,0,0.2472931101829777,-24.41391584861745,-0,0,0,0,-24.41391584861745,0.0438876072640717,0.07568249754964293,75.68249754964293
USD,test,0,selected_every5,10,2021-01-13,7,0.02777777777777778,observation,98.9427456083279,0.06060791609750128,0.230594442756167,0,0.2472931101829777,-24.41391584861745,-0,0,0,0,-24.41391584861745,0.0539434429091159,0.07568249754964293,75.68249754964293
USD,test,0,selected_every5,10,2021-01-14,8,0.03174603174603174,observation,98.60117111255691,0.06044445330525997,0.1540441914759699,0,0.2472931101829777,-24.41391584861745,-0,0,0,0,-24.41391584861745,-0.03052557650927312,0.07568249754964293,75.68249754964293
USD,test,0,selected_every5,10,2021-01-15,9,0.03571428571428571,observation,98.59303838646713,0.05953131455916121,0.1391290573243757,0,0.2472931101829777,-24.41391584861745,-0,0,0,0,-24.41391584861745,-0.03253674363828196,0.07568249754964293,75.68249754964293
USD,test,0,selected_every5,10,2021-01-18,10,0.03968253968253968,observation,98.11320754716981,0.06014645753252588,0.06558078967079341,-0.1817123205121843,0.06558078967079339,-24.41391584861745,-0,0.01782837861628978,0.01782837861628978,0,-6.603365610943957,-0.1690239828661149,0.0935108761659327,93.51087616593271
USD,test,0,selected_every5,10,2021-01-19,11,0.04365079365079365,observation,98.66623292127521,0.06122019837777731,0.1367737863315215,0,0.06558078967079339,-6.603365610943957,-0,0,0,0,-6.603365610943957,-0.1327561421242969,0.0935108761659327,93.51087616593271
USD,test,0,selected_every5,10,2021-01-20,12,0.04761904761904762,observation,98.41411841249186,0.06070389053929807,0.08260790421025793,0,0.06558078967079339,-6.603365610943957,-0,0,0,0,-6.603365610943957,-0.149290010697773,0.0935108761659327,93.51087616593271
USD,test,0,selected_every5,10,2021-01-21,13,0.05158730158730158,observation,98.87768379960963,0.06116668861992863,0.1514628586018086,0,0.06558078967079339,-6.603365610943957,-0,0,0,0,-6.603365610943957,-0.118889026546543,0.0935108761659327,93.51087616593271
USD,test,0,selected_every5,10,2021-01-22,14,0.05555555555555555,observation,98.87768379960963,0.06024220184244172,0.1315479381283421,0,0.06558078967079339,-6.603365610943957,-0,0,0,0,-6.603365610943957,-0.118889026546543,0.0935108761659327,93.51087616593271
USD,test,0,selected_every5,10,2021-01-25,15,0.05952380952380952,observation,98.82888744307093,0.05934720971846093,0.0999513868124578,0.03437059714166441,0.0999513868124578,-6.603365610943957,-0,0.003396807876264687,0.003396807876264687,0,-10.00357029508491,-0.1254859380176736,0.09690768404219739,96.9076840421974
USD,test,0,selected_every5,10,2021-01-26,16,0.06349206349206349,observation,98.75569290826284,0.05848571123306655,0.06478997502791269,0,0.0999513868124578,-10.00357029508491,-0,0,0,0,-10.00357029508491,-0.132801833278835,0.09690768404219739,96.9076840421974
USD,test,0,selected_every5,10,2021-01-27,17,0.06746031746031746,observation,98.51984385165908,0.05797571027929927,0.02077870347261763,0,0.0999513868124578,-10.00357029508491,-0,0,0,0,-10.00357029508491,-0.156375273564791,0.09690768404219739,96.9076840421974
USD,test,0,selected_every5,10,2021-01-28,18,0.07142857142857142,observation,98.33279115159401,0.05733804646854431,0.003634387819178877,0,0.0999513868124578,-10.00357029508491,-0,0,0,0,-10.00357029508491,-0.1750714503433084,0.09690768404219739,96.9076840421974
USD,test,0,selected_every5,10,2021-01-29,19,0.07539682539682539,observation,98.69876382563434,0.05738773269642544,0.005243392663928347,0,0.0999513868124578,-10.00357029508491,-0,0,0,0,-10.00357029508491,-0.1384919740375139,0.09690768404219739,96.9076840421974
USD,test,0,selected_every5,10,2021-02-01,20,0.07936507936507936,observation,98.27586206896551,0.05774031944664829,8.778647616330912e-07,-0.09995050894769617,8.77864761633651e-07,-10.00357029508491,-0,0.00982272243106669,0.00982272243106669,0,-0.1906705864492846,-0.1905843135330551,0.1067304064732641,106.7304064732641
USD,test,0,selected_every5,10,2021-02-02,21,0.08333333333333333,settlement,97.95055302537409,,0,-8.77864761633651e-07,0,-0.1906705864492846,-0,8.598733888350433e-08,8.598733888350433e-08,0,-0.19058468509774,-0.19058468509774,0.106730492460603,106.730492460603
USD,test,0,selected_threshold,10,2021-01-04,0,0,entry,100,0.05981726198018385,0.5034443762156937,0.5034443762156937,0.5034443762156937,0.6681443424280076,0,0.05034443762156937,0.05034443762156937,0,-49.72663771676293,0.6177999048064393,0.05034443762156937,50.34443762156937
USD,test,0,selected_threshold,10,2021-01-05,1,0.003968253968253968,observation,99.79668184775538,0.05917834973933248,0.4547207423704362,0,0.5034443762156937,-49.72663771676293,-0,0,0,0,-49.72663771676293,0.5154405244763183,0.05034443762156937,50.34443762156937
USD,test,0,selected_threshold,10,2021-01-06,2,0.007936507936507936,observation,100.341574495771,0.06017614400680429,0.5849722760252142,0,0.5034443762156937,-49.72663771676293,-0,0,0,0,-49.72663771676293,0.7897636637610574,0.05034443762156937,50.34443762156937
USD,test,0,selected_threshold,10,2021-01-07,3,0.0119047619047619,observation,99.8373454782043,0.06086379289516185,0.4633722594140839,0,0.5034443762156937,-49.72663771676293,-0,0,0,0,-49.72663771676293,0.5359124005423439,0.05034443762156937,50.34443762156937
USD,test,0,selected_threshold,10,2021-01-08,4,0.01587301587301587,observation,99.62589459986988,0.06022668274712401,0.4083533391006313,0,0.5034443762156937,-49.72663771676293,-0,0,0,0,-49.72663771676293,0.4294586449990092,0.05034443762156937,50.34443762156937
USD,test,0,selected_threshold,10,2021-01-11,5,0.01984126984126984,observation,98.91834743005855,0.06246983527031375,0.2472931101829777,-0.256151266032716,0.2472931101829777,-49.72663771676293,-0,0.02533805992807356,0.02533805992807356,0,-24.41391584861745,0.04790994152208938,0.07568249754964293,75.68249754964293
USD,test,0,selected_threshold,10,2021-01-12,6,0.02380952380952381,observation,98.90208197787898,0.06152731386892457,0.2333245647147681,0,0.2472931101829777,-24.41391584861745,-0,0,0,0,-24.41391584861745,0.0438876072640717,0.07568249754964293,75.68249754964293
USD,test,0,selected_threshold,10,2021-01-13,7,0.02777777777777778,observation,98.9427456083279,0.06060791609750128,0.230594442756167,0,0.2472931101829777,-24.41391584861745,-0,0,0,0,-24.41391584861745,0.0539434429091159,0.07568249754964293,75.68249754964293
USD,test,0,selected_threshold,10,2021-01-14,8,0.03174603174603174,observation,98.60117111255691,0.06044445330525997,0.1540441914759699,0,0.2472931101829777,-24.41391584861745,-0,0,0,0,-24.41391584861745,-0.03052557650927312,0.07568249754964293,75.68249754964293
USD,test,0,selected_threshold,10,2021-01-15,9,0.03571428571428571,observation,98.59303838646713,0.05953131455916121,0.1391290573243757,-0.108164052858602,0.1391290573243757,-24.41391584861745,-0,0.010664222615524,0.010664222615524,0,-13.76035745570897,-0.04320096625380643,0.08634672016516694,86.34672016516694
USD,test,0,selected_threshold,10,2021-01-18,10,0.03968253968253968,observation,98.11320754716981,0.06014645753252588,0.06558078967079341,0,0.1391290573243757,-13.76035745570897,-0,0,0,0,-13.76035745570897,-0.1099593786004061,0.08634672016516694,86.34672016516694
USD,test,0,selected_threshold,10,2021-01-19,11,0.04365079365079365,observation,98.66623292127521,0.06122019837777731,0.1367737863315215,0,0.1391290573243757,-13.76035745570897,-0,0,0,0,-13.76035745570897,-0.03301747962466095,0.08634672016516694,86.34672016516694
USD,test,0,selected_threshold,10,2021-01-20,12,0.04761904761904762,observation,98.41411841249186,0.06070389053929807,0.08260790421025793,0,0.1391290573243757,-13.76035745570897,-0,0,0,0,-13.76035745570897,-0.06809393356948767,0.08634672016516694,86.34672016516694
USD,test,0,selected_threshold,10,2021-01-21,13,0.05158730158730158,observation,98.87768379960963,0.06116668861992863,0.1514628586018086,0,0.1391290573243757,-13.76035745570897,-0,0,0,0,-13.76035745570897,-0.003598518251582306,0.08634672016516694,86.34672016516694
USD,test,0,selected_threshold,10,2021-01-22,14,0.05555555555555555,observation,98.87768379960963,0.06024220184244172,0.1315479381283421,0,0.1391290573243757,-13.76035745570897,-0,0,0,0,-13.76035745570897,-0.003598518251582306,0.08634672016516694,86.34672016516694
USD,test,0,selected_threshold,10,2021-01-25,15,0.05952380952380952,observation,98.82888744307093,0.05934720971846093,0.0999513868124578,0,0.1391290573243757,-13.76035745570897,-0,0,0,0,-13.76035745570897,-0.01038750933767574,0.08634672016516694,86.34672016516694
USD,test,0,selected_threshold,10,2021-01-26,16,0.06349206349206349,observation,98.75569290826284,0.05848571123306655,0.06478997502791269,0,0.1391290573243757,-13.76035745570897,-0,0,0,0,-13.76035745570897,-0.02057099596682122,0.08634672016516694,86.34672016516694
USD,test,0,selected_threshold,10,2021-01-27,17,0.06746031746031746,observation,98.51984385165908,0.05797571027929927,0.02077870347261763,-0.1183503538517581,0.02077870347261764,-13.76035745570897,-0,0.01165985838126381,0.01165985838126381,0,-2.112158932826427,-0.06504431126421117,0.09800657854643074,98.00657854643075
USD,test,0,selected_threshold,10,2021-01-28,18,0.07142857142857142,observation,98.33279115159401,0.05733804646854431,0.003634387819178877,0,0.02077870347261764,-2.112158932826427,-0,0,0,0,-2.112158932826427,-0.06893102385261551,0.09800657854643074,98.00657854643075
USD,test,0,selected_threshold,10,2021-01-29,19,0.07539682539682539,observation,98.69876382563434,0.05738773269642544,0.005243392663928347,0,0.02077870347261764,-2.112158932826427,-0,0,0,0,-2.112158932826427,-0.06132658617965037,0.09800657854643074,98.00657854643075
USD,test,0,selected_threshold,10,2021-02-01,20,0.07936507936507936,observation,98.27586206896551,0.05774031944664829,8.778647616330912e-07,0,0.02077870347261764,-2.112158932826427,-0,0,0,0,-2.112158932826427,-0.07011393637952157,0.09800657854643074,98.00657854643075
USD,test,0,selected_threshold,10,2021-02-02,21,0.08333333333333333,settlement,97.95055302537409,,0,-0.02077870347261764,0,-2.112158932826427,-0,0.002035285496293158,0.002035285496293158,0,-0.07890872202956123,-0.07890872202956123,0.1000418640427239,100.0418640427239
JPY,test,0,frozen_rolling63_daily,0,2021-01-04,0,0,entry,100,0.06482368182306604,0.5037326460076664,0.5037326460076664,0.5037326460076664,0.7465292015332921,0,0,0,0,-49.62673539923335,0.7465292015332921,0,50.37326460076665
JPY,test,0,frozen_rolling63_daily,0,2021-01-05,1,0.003968253968253968,observation,99.70778707945031,0.06482368182306604,0.4399426314524606,-0.06379001455520583,0.4399426314524606,-49.62673539923335,-0,0,0,0,-43.26637421016785,0.5993320138671692,0,56.73362578983215
JPY,test,0,frozen_rolling63_daily,0,2021-01-06,2,0.007936507936507936,observation,100.3238035065551,0.06482368182306604,0.5755499811709451,0.1356073497184845,0.5755499811709451,-43.26637421016785,-0,0,0,0,-56.87101931736979,0.8703439018255708,0,70.33827089703408
JPY,test,0,frozen_rolling63_daily,0,2021-01-07,3,0.0119047619047619,observation,100.4027799715685,0.06482368182306604,0.5950992893604372,0.01954930818949208,0.5950992893604372,-56.87101931736979,-0,0,0,0,-58.83382420611574,0.9157988047769905,0,72.30107578578003
JPY,test,0,frozen_rolling63_daily,0,2021-01-08,4,0.01587301587301587,observation,100.5054493760859,0.06482368182306604,0.6209088037346411,0.02580951437420387,0.6209088037346411,-58.83382420611574,-0,0,0,0,-61.42782104647365,0.9768972944443846,0,74.89507262613793
JPY,test,0,frozen_rolling63_daily,0,2021-01-11,5,0.01984126984126984,observation,100.1105670510188,0.06482368182306604,0.5302191808510881,-0.09068962288355298,0.5302191808510881,-61.42782104647365,-0,0,0,0,-52.34883147395811,0.731711382370996,0,83.97406219865347
JPY,test,0,frozen_rolling63_daily,0,2021-01-12,6,0.02380952380952381,observation,100.0947717580161,0.06482368182306604,0.527028842302542,-0.003190338548546112,0.527028842302542,-52.34883147395811,-0,0,0,0,-52.02949526511059,0.7233364150538151,0,84.29339840750099
JPY,test,0,frozen_rolling63_daily,0,2021-01-13,7,0.02777777777777778,observation,99.85784236297583,0.06482368182306604,0.4659449436945006,-0.06108389860804142,0.4659449436945006,-52.02949526511059,-0,0,0,0,-45.92978894699279,0.598467790278292,0,90.39310472561878
JPY,test,0,frozen_rolling63_daily,0,2021-01-14,8,0.03174603174603174,observation,99.67619649344495,0.06482368182306604,0.4156942440621368,-0.05025069963236373,0.4156942440621368,-45.92978894699279,-0,0,0,0,-40.92099033650423,0.5138308158273901,0,95.40190333610735
JPY,test,0,frozen_rolling63_daily,0,2021-01-15,9,0.03571428571428571,observation,99.30500710788185,0.06482368182306604,0.3135001733186625,-0.1021940707434743,0.3135001733186625,-40.92099033650423,-0,0,0,0,-30.77260741494013,0.3595295247918457,0,105.5502862576714
JPY,test,0,frozen_rolling63_daily,0,2021-01-18,10,0.03968253968253968,observation,98.86273890380667,0.06482368182306604,0.2010850709902454,-0.1124151023284171,0.2010850709902454,-30.77260741494013,-0,0,0,0,-19.65894250460112,0.2208783661609459,0,116.6639511680105
JPY,test,0,frozen_rolling63_daily,0,2021-01-19,11,0.04365079365079365,observation,99.63670826093824,0.06482368182306604,0.3915084666610434,0.190423395670798,0.3915084666610434,-19.65894250460112,-0,0,0,0,-38.63210282510963,0.3765120492840168,0,135.637111488519
JPY,test,0,frozen_rolling63_daily,0,2021-01-20,12,0.04761904761904762,observation,99.21023534986574,0.06482368182306604,0.2607248998200321,-0.1307835668410113,0.2607248998200321,-38.63210282510963,-0,0,0,0,-25.657034378918,0.2095442937975527,0,148.6121799347106
JPY,test,0,frozen_rolling63_daily,0,2021-01-21,13,0.05158730158730158,observation,99.28921181487917,0.06482368182306604,0.2703255614071799,0.009600661587147896,0.2703255614071799,-25.657034378918,-0,0,0,0,-26.6102765008073,0.2301354247263205,0,149.5654220565999
JPY,test,0,frozen_rolling63_daily,0,2021-01-22,14,0.05555555555555555,observation,99.66040120044227,0.06482368182306604,0.3784852759907186,0.1081597145835386,0.3784852759907186,-26.6102765008073,-0,0,0,0,-37.38951704992808,0.3304774037670484,0,160.3446626057207
JPY,test,0,frozen_rolling63_daily,0,2021-01-25,15,0.05952380952380952,observation,99.55773179592481,0.06482368182306604,0.3306436451862103,-0.04784163080450832,0.3306436451862103,-37.38951704992808,-0,0,0,0,-32.62651280161319,0.2916185458624554,0,165.1076668540356
JPY,test,0,frozen_rolling63_daily,0,2021-01-26,16,0.06349206349206349,observation,99.45506239140737,0.06482368182306604,0.2763009066216497,-0.05434273856456057,0.2763009066216497,-32.62651280161319,-0,0,0,0,-27.22185234715488,0.2576715597037129,0,170.5123273084939
JPY,test,0,frozen_rolling63_daily,0,2021-01-27,17,0.06746031746031746,observation,99.40767651239931,0.06482368182306604,0.2347367450827336,-0.04156416153891607,0.2347367450827336,-27.22185234715488,-0,0,0,0,-23.0900556223852,0.2445787983727215,0,174.6441240332636
JPY,test,0,frozen_rolling63_daily,0,2021-01-28,18,0.07142857142857142,observation,99.66829884694361,0.06482368182306604,0.3205284439960925,0.08579169891335886,0.3205284439960925,-23.0900556223852,-0,0,0,0,-31.64076830826886,0.3057564368795127,0,183.1948367191473
JPY,test,0,frozen_rolling63_daily,0,2021-01-29,19,0.07539682539682539,observation,100.3395987995577,0.06482368182306604,0.7223865455851519,0.4018581015890594,0.7223865455851519,-31.64076830826886,-0,0,0,0,-71.96304899606699,0.5209271661455688,0,223.5171174069454
JPY,test,0,frozen_rolling63_daily,0,2021-02-01,20,0.07936507936507936,observation,100.1184646975201,0.06482368182306604,0.6148472308241253,-0.1075393147610266,0.6148472308241253,-71.96304899606699,-0,0,0,0,-61.19637790756964,0.361182866063551,0,234.2837884954428
JPY,test,0,frozen_rolling63_daily,0,2021-02-02,21,0.08333333333333333,settlement,99.87363765597851,,0,-0.6148472308241253,0,-61.19637790756964,-0,0,0,0,0.2106516375408347,0.2106516375408347,0,295.6908180405533
JPY,test,0,rolling63_daily,0,2021-01-04,0,0,entry,100,0.06482368182306604,0.5037326460076664,0.5037326460076664,0.5037326460076664,0.7465292015332921,0,0,0,0,-49.62673539923335,0.7465292015332921,0,50.37326460076665
JPY,test,0,rolling63_daily,0,2021-01-05,1,0.003968253968253968,observation,99.70778707945031,0.0648708250121878,0.4399911821598211,-0.06374146384784529,0.4399911821598211,-49.62673539923335,-0,0,0,0,-43.27121509375991,0.5993320138671692,0,56.72878490624009
JPY,test,0,rolling63_daily,0,2021-01-06,2,0.007936507936507936,observation,100.3238035065551,0.06598617676224469,0.5743586335028696,0.1343674513430485,0.5743586335028696,-43.27121509375991,-0,0,0,0,-56.75146887997651,0.8703738098588545,0,70.20903869245669
JPY,test,0,rolling63_daily,0,2021-01-07,3,0.0119047619047619,observation,100.4027799715685,0.0660018249767565,0.5935544816340032,0.01919584813113351,0.5935544816340032,-56.75146887997651,-0,0,0,0,-58.67878539625435,0.9157346243828428,0,72.13635520873453
JPY,test,0,rolling63_daily,0,2021-01-08,4,0.01587301587301587,observation,100.5054493760859,0.06590192491706438,0.6190966512052816,0.02554216957127842,0.6190966512052816,-58.67878539625435,-0,0,0,0,-61.24591262705587,0.9766745095608727,0,74.70348243953606
JPY,test,0,rolling63_daily,0,2021-01-11,5,0.01984126984126984,observation,100.1105670510188,0.06580289291523223,0.5298677607640915,-0.08922889044119009,0.5298677607640915,-61.24591262705587,-0,0,0,0,-52.3131578076551,0.732204184491664,0,83.63623725893683
JPY,test,0,rolling63_daily,0,2021-01-12,6,0.02380952380952381,observation,100.0947717580161,0.06580188189823583,0.5267219287510068,-0.003145832013084715,0.5267219287510068,-52.3131578076551,-0,0,0,0,-51.99827647031633,0.7238347679577188,0,83.95111859627561
JPY,test,0,rolling63_daily,0,2021-01-13,7,0.02777777777777778,observation,99.85784236297583,0.06505488564335143,0.4660873051938831,-0.06063462355712368,0.4660873051938831,-51.99827647031633,-0,0,0,0,-45.94343378941069,0.5990388600242937,0,90.00596127718124
JPY,test,0,rolling63_daily,0,2021-01-14,8,0.03174603174603174,observation,99.67619649344495,0.06454431572316512,0.4153100663469154,-0.05077723884696766,0.4153100663469154,-45.94343378941069,-0,0,0,0,-40.88215175270575,0.5143760261950447,0,95.06724331388618
JPY,test,0,rolling63_daily,0,2021-01-15,9,0.03571428571428571,observation,99.30500710788185,0.06458147758080394,0.3128356056677137,-0.1024744606792017,0.3128356056677137,-40.88215175270575,-0,0,0,0,-30.70592470658126,0.3602173378495657,0,105.2434703600107
JPY,test,0,rolling63_daily,0,2021-01-18,10,0.03968253968253968,observation,98.86273890380667,0.06465251263373985,0.2004526431078739,-0.1123829625598398,0.2004526431078739,-30.70592470658126,-0,0,0,0,-19.59543722179155,0.2218600963601354,0,116.3539578448004
JPY,test,0,rolling63_daily,0,2021-01-19,11,0.04365079365079365,observation,99.63670826093824,0.06560315576093459,0.3928251715664127,0.1923725284585388,0.3928251715664127,-19.59543722179155,-0,0,0,0,-38.76280271723401,0.3770042996816656,0,135.5213233402428
JPY,test,0,rolling63_daily,0,2021-01-20,12,0.04761904761904762,observation,99.21023534986574,0.06563250720083461,0.2633473963137229,-0.1294777752526898,0.2633473963137229,-38.76280271723401,-0,0,0,0,-25.91728216183763,0.2094750052211864,0,148.3668438956392
JPY,test,0,rolling63_daily,0,2021-01-21,13,0.05158730158730158,observation,99.28921181487917,0.06504965875528909,0.2710425244878375,0.007695128174114552,0.2710425244878375,-25.91728216183763,-0,0,0,0,-26.68132537305994,0.2302732516525339,0,149.1308871068615
JPY,test,0,rolling63_daily,0,2021-01-22,14,0.05555555555555555,observation,99.66040120044227,0.06507248240687359,0.3789510647086611,0.1079085402208236,0.3789510647086611,-26.68132537305994,-0,0,0,0,-37.43553378442128,0.330881359778644,0,159.8850955182229
JPY,test,0,rolling63_daily,0,2021-01-25,15,0.05952380952380952,observation,99.55773179592481,0.0651033331258974,0.3313416460027324,-0.04760941870592872,0.3313416460027324,-37.43553378442128,-0,0,0,0,-32.69564804593654,0.291974679623749,0,164.6249812567076
JPY,test,0,rolling63_daily,0,2021-01-26,16,0.06349206349206349,observation,99.45506239140737,0.06481541970127741,0.2762751999830374,-0.05506644601969501,0.2762751999830374,-32.69564804593654,-0,0,0,0,-27.21901122137471,0.2579560301368211,0,170.1016180812694
JPY,test,0,rolling63_daily,0,2021-01-27,17,0.06746031746031746,observation,99.40767651239931,0.06081805527972493,0.2202059185142798,-0.05606928146875761,0.2202059185142798,-27.21901122137471,-0,0,0,0,-21.64529422684579,0.2448644869374981,0,175.6753350757984
JPY,test,0,rolling63_daily,0,2021-01-28,18,0.07142857142857142,observation,99.66829884694361,0.06088299290509794,0.3096502515522014,0.0894443330379216,0.3096502515522014,-21.64529422684579,-0,0,0,0,-30.56005874223491,0.3022550675011644,0,184.5900995911875
JPY,test,0,rolling63_daily,0,2021-01-29,19,0.07539682539682539,observation,100.3395987995577,0.06218893739924376,0.7306236777927407,0.4209734262405394,0.7306236777927407,-30.56005874223491,-0,0,0,0,-72.80036343648584,0.5101232666950892,0,226.8304042854384
JPY,test,0,rolling63_daily,0,2021-02-01,20,0.07936507936507936,observation,100.1184646975201,0.06194644169020036,0.6199506741774576,-0.1106730036152831,0.6199506741774576,-72.80036343648584,-0,0,0,0,-61.7199522310606,0.3485574557789874,0,237.9108154908637
JPY,test,0,rolling63_daily,0,2021-02-02,21,0.08333333333333333,settlement,99.87363765597851,,0,-0.6199506741774576,0,-61.7199522310606,-0,0,0,0,0.1967767663183935,0.1967767663183935,0,299.8275444882427
JPY,test,0,ewma_daily,0,2021-01-04,0,0,entry,100,0.06231444876251607,0.5035881645333771,0.5035881645333771,0.5035881645333771,0.7465292015332921,0,0,0,0,-49.61228725180442,0.7465292015332921,0,50.35881645333771
JPY,test,0,ewma_daily,0,2021-01-05,1,0.003968253968253968,observation,99.70778707945031,0.0618978236535003,0.4367944616279249,-0.06679370290545217,0.4367944616279249,-49.61228725180442,-0,0,0,0,-42.95243494425953,0.5993742332207361,0,57.0186687608826
JPY,test,0,ewma_daily,0,2021-01-06,2,0.007936507936507936,observation,100.3238035065551,0.06327081158434322,0.5772121204051339,0.140417658777209,0.5772121204051339,-42.95243494425953,-0,0,0,0,-57.03966855227474,0.8684467968519129,0,71.10590236889782
JPY,test,0,ewma_daily,0,2021-01-07,3,0.0119047619047619,observation,100.4027799715685,0.06235207326843337,0.598531966373845,0.02131984596871106,0.598531966373845,-57.03966855227474,-0,0,0,0,-59.18024035609897,0.9140329696843992,0,73.24647417272205
JPY,test,0,ewma_daily,0,2021-01-08,4,0.01587301587301587,observation,100.5054493760859,0.06147393533250439,0.6269366007816994,0.02840463440785446,0.6269366007816994,-59.18024035609897,-0,0,0,0,-62.03506090162382,0.9754838902566689,0,76.10129471824689
JPY,test,0,ewma_daily,0,2021-01-11,5,0.01984126984126984,observation,100.1105670510188,0.06150475972710011,0.5315049375339209,-0.09543166324777852,0.5315049375339209,-62.03506090162382,-0,0,0,0,-52.48134297926684,0.7279177076703007,0,85.65501264060387
JPY,test,0,ewma_daily,0,2021-01-12,6,0.02380952380952381,observation,100.0947717580161,0.06057671692754506,0.5284938422141391,-0.003011095319781831,0.5284938422141391,-52.48134297926684,-0,0,0,0,-52.17994808049165,0.7195224314495832,0,85.95640753937906
JPY,test,0,ewma_daily,0,2021-01-13,7,0.02777777777777778,observation,99.85784236297583,0.06001592370651233,0.4627561491870631,-0.06573769302707594,0.4627561491870631,-52.17994808049165,-0,0,0,0,-45.61552389288821,0.5943067051312738,0,92.52083172698251
JPY,test,0,ewma_daily,0,2021-01-14,8,0.03174603174603174,observation,99.67619649344495,0.05932044171805612,0.4074994641453204,-0.05525668504174275,0.4074994641453204,-45.61552389288821,-0,0,0,0,-40.10774769709106,0.5102489620314259,0,98.02860792277966
JPY,test,0,ewma_daily,0,2021-01-15,9,0.03571428571428571,observation,99.30500710788185,0.05931761826353598,0.2972527726307106,-0.1102466915146098,0.2972527726307106,-40.10774769709106,-0,0,0,0,-29.15969921261227,0.358989486318027,0,108.9766564072584
JPY,test,0,ewma_daily,0,2021-01-18,10,0.03968253968253968,observation,98.86273890380667,0.05969626915223898,0.1811938154111493,-0.1160589572195613,0.1811938154111493,-29.15969921261227,-0,0,0,0,-17.68579282756672,0.2275240364102729,0,120.450562792304
JPY,test,0,ewma_daily,0,2021-01-19,11,0.04365079365079365,observation,99.63670826093824,0.0625817721609053,0.3875502493797427,0.2063564339685934,0.3875502493797427,-17.68579282756672,-0,0,0,0,-38.24646863666302,0.3677624972402569,0,141.0112386014003
JPY,test,0,ewma_daily,0,2021-01-20,12,0.04761904761904762,observation,99.21023534986574,0.0627541568093852,0.253776562298885,-0.1337736870808577,0.253776562298885,-38.24646863666302,-0,0,0,0,-24.97474965775184,0.2024828142004083,0,154.2829575803115
JPY,test,0,ewma_daily,0,2021-01-21,13,0.05158730158730158,observation,99.28921181487917,0.06184439035081384,0.2604864221356426,0.006709859836757592,0.2604864221356426,-24.97474965775184,-0,0,0,0,-25.64096635233182,0.2225251899940304,0,154.9491742748915
JPY,test,0,ewma_daily,0,2021-01-22,14,0.05555555555555555,observation,99.66040120044227,0.06176773151193965,0.3724793192343056,0.111992897098663,0.3724793192343056,-25.64096635233182,-0,0,0,0,-36.80222340878441,0.3192149849740957,0,166.1104313313441
JPY,test,0,ewma_daily,0,2021-01-25,15,0.05952380952380952,observation,99.55773179592481,0.06090013754622012,0.3202539416541039,-0.05222537758020168,0.3202539416541039,-36.80222340878441,-0,0,0,0,-31.60278327471379,0.2809727550732397,0,171.3098714654147
JPY,test,0,ewma_daily,0,2021-01-26,16,0.06349206349206349,observation,99.45506239140737,0.06004673354785958,0.2604983279038148,-0.05975561375028915,0.2604983279038148,-31.60278327471379,-0,0,0,0,-25.65978498094194,0.2480924735892494,0,177.2528697591865
JPY,test,0,ewma_daily,0,2021-01-27,17,0.06746031746031746,observation,99.40767651239931,0.05915368892626353,0.2137672526972982,-0.04673107520651659,0.2137672526972982,-25.65978498094194,-0,0,0,0,-21.01435737373594,0.2357485313414003,0,181.8982973663925
JPY,test,0,ewma_daily,0,2021-01-28,18,0.07142857142857142,observation,99.66829884694361,0.05870274738655434,0.3030888450099509,0.08932159231265274,0.3030888450099509,-21.01435737373594,-0,0,0,0,-29.91688852983827,0.2914610517884917,0,190.8008285224949
JPY,test,0,ewma_daily,0,2021-01-29,19,0.07539682539682539,observation,100.3395987995577,0.06069015084463421,0.7355694844123141,0.4324806394023631,0.7355694844123141,-29.91688852983827,-0,0,0,0,-73.31182237604759,0.4949245790815269,0,234.1957623687042
JPY,test,0,ewma_daily,0,2021-02-01,20,0.07936507936507936,observation,100.1184646975201,0.06007990901632702,0.6235122397320827,-0.1120572446802314,0.6235122397320827,-73.31182237604759,-0,0,0,0,-62.09282308042847,0.332265081659763,0,245.4147616643233
JPY,test,0,ewma_daily,0,2021-02-02,21,0.08333333333333333,settlement,99.87363765597851,,0,-0.6235122397320827,0,-62.09282308042847,-0,0,0,0,0.1796124246411708,0.1796124246411708,0,307.6871971693929
JPY,test,0,ridge_daily,0,2021-01-04,0,0,entry,100,0.06516764039876315,0.5037524510820593,0.5037524510820593,0.5037524510820593,0.7465292015332921,0,0,0,0,-49.62871590667265,0.7465292015332921,0,50.37524510820594
JPY,test,0,ridge_daily,0,2021-01-05,1,0.003968253968253968,observation,99.70778707945031,0.06637714190985464,0.4415085758116462,-0.0622438752704132,0.4415085758116462,-49.62871590667265,-0,0,0,0,-43.42251684421042,0.5993262265685431,0,56.58144417066816
JPY,test,0,ridge_daily,0,2021-01-06,2,0.007936507936507936,observation,100.3238035065551,0.06763329012395945,0.5727433614178807,0.1312347856062346,0.5727433614178807,-43.42251684421042,-0,0,0,0,-56.58848968859517,0.8713027619761391,0,69.74741701505292
JPY,test,0,ridge_daily,0,2021-01-07,3,0.0119047619047619,observation,100.4027799715685,0.0655245928152705,0.5941734572489176,0.02143009583103683,0.5941734572489176,-56.58848968859517,-0,0,0,0,-58.74013088508839,0.9165360080208202,0,71.89905821154613
JPY,test,0,ridge_daily,0,2021-01-08,4,0.01587301587301587,observation,100.5054493760859,0.06429475886200541,0.6218196129830588,0.0276461557341412,0.6218196129830588,-58.74013088508839,-0,0,0,0,-61.51872019066951,0.9775394430566493,0,74.67764751712726
JPY,test,0,ridge_daily,0,2021-01-11,5,0.01984126984126984,observation,100.1105670510188,0.06621854143742967,0.5297221666175476,-0.0920974463655112,0.5297221666175476,-61.51872019066951,-0,0,0,0,-52.29879261106739,0.7319938685095551,0,83.89757509672937
JPY,test,0,ridge_daily,0,2021-01-12,6,0.02380952380952381,observation,100.0947717580161,0.06727512191956866,0.5262791168362575,-0.003443049781290064,0.5262791168362575,-52.29879261106739,-0,0,0,0,-51.95416132905768,0.7236267516778128,0,84.24220637873908
JPY,test,0,ridge_daily,0,2021-01-13,7,0.02777777777777778,observation,99.85784236297583,0.06505431164769597,0.4660869529139461,-0.06019216392231136,0.4660869529139461,-51.95416132905768,-0,0,0,0,-45.94350171261711,0.5989357589034654,0,90.25286599517965
JPY,test,0,ridge_daily,0,2021-01-14,8,0.03174603174603174,observation,99.67619649344495,0.06638571949791225,0.4177860603249017,-0.04830089258904441,0.4177860603249017,-45.94350171261711,-0,0,0,0,-41.12905245210274,0.5142729890644091,0,95.06731525569401
JPY,test,0,ridge_daily,0,2021-01-15,9,0.03571428571428571,observation,99.30500710788185,0.0692968471994282,0.3250440063281069,-0.0927420539967948,0.3250440063281069,-41.12905245210274,-0,0,0,0,-31.91930212075147,0.3591952380355785,0,104.2770655870453
JPY,test,0,ridge_daily,0,2021-01-18,10,0.03968253968253968,observation,98.86273890380667,0.07023884916469919,0.2200346244275558,-0.1050093819005511,0.2200346244275558,-31.91930212075147,-0,0,0,0,-21.53778701546716,0.2154386091114482,0,114.6585806923296
JPY,test,0,ridge_daily,0,2021-01-19,11,0.04365079365079365,observation,99.63670826093824,0.07274565221295756,0.4036511825656199,0.1836165581380642,0.4036511825656199,-21.53778701546716,-0,0,0,0,-39.83273645054706,0.3857386659263327,0,132.9535301274095
JPY,test,0,ridge_daily,0,2021-01-20,12,0.04761904761904762,observation,99.21023534986574,0.07487140422234491,0.2900277441252174,-0.1136234384404026,0.2900277441252174,-39.83273645054706,-0,0,0,0,-28.56012838161374,0.2135923710397201,0,144.2261381963428
JPY,test,0,ridge_daily,0,2021-01-21,13,0.05158730158730158,observation,99.28921181487917,0.07372203043390509,0.2958098531810297,0.005782109055812334,0.2958098531810297,-28.56012838161374,-0,0,0,0,-29.13422943239302,0.2364977370265464,0,144.8002392471221
JPY,test,0,ridge_daily,0,2021-01-22,14,0.05555555555555555,observation,99.66040120044227,0.06973504068832621,0.3871033747952539,0.09129352161422422,0.3871033747952539,-29.13422943239302,-0,0,0,0,-38.23257842346786,0.3462992146723209,0,153.8985882381969
JPY,test,0,ridge_daily,0,2021-01-25,15,0.05952380952380952,observation,99.55773179592481,0.06849041089141997,0.3393895715721142,-0.04771380322313967,0.3393895715721142,-38.23257842346786,-0,0,0,0,-33.48230039921499,0.3065555416953956,0,158.6488662624498
JPY,test,0,ridge_daily,0,2021-01-26,16,0.06349206349206349,observation,99.45506239140737,0.06831047388387447,0.2866921094830251,-0.0526974620890891,0.2866921094830251,-33.48230039921499,-0,0,0,0,-28.2412710192758,0.2717106164826539,0,163.889895642389
JPY,test,0,ridge_daily,0,2021-01-27,17,0.06746031746031746,observation,99.40767651239931,0.06482496737130516,0.2347412002077287,-0.05195090927529644,0.2347412002077287,-28.2412710192758,-0,0,0,0,-23.07695183551213,0.2581254588701256,0,169.0542148261527
JPY,test,0,ridge_daily,0,2021-01-28,18,0.07142857142857142,observation,99.66829884694361,0.06286374667010756,0.3152673424997957,0.080526142292067,0.3152673424997957,-23.07695183551213,-0,0,0,0,-31.10285545046937,0.3193042584819956,0,177.0801184411099
JPY,test,0,ridge_daily,0,2021-01-29,19,0.07539682539682539,observation,100.3395987995577,0.06446967023993357,0.7234608739951696,0.4081935314953739,0.7234608739951696,-31.10285545046937,-0,0,0,0,-72.06083063328981,0.5309432105628815,0,218.0380936239303
JPY,test,0,ridge_daily,0,2021-02-01,20,0.07936507936507936,observation,100.1184646975201,0.06600307568600663,0.6128793877067751,-0.1105814862883945,0.6128793877067751,-72.06083063328981,-0,0,0,0,-60.98958200212589,0.3709613398326255,0,229.1093422550943
JPY,test,0,ridge_daily,0,2021-02-02,21,0.08333333333333333,settlement,99.87363765597851,,0,-0.6128793877067751,0,-60.98958200212589,-0,0,0,0,0.2209118925185436,0.2209118925185436,0,290.3198361497387
JPY,test,0,selected_daily,0,2021-01-04,0,0,entry,100,0.06231444876251607,0.5035881645333771,0.5035881645333771,0.5035881645333771,0.7465292015332921,0,0,0,0,-49.61228725180442,0.7465292015332921,0,50.35881645333771
JPY,test,0,selected_daily,0,2021-01-05,1,0.003968253968253968,observation,99.70778707945031,0.0618978236535003,0.4367944616279249,-0.06679370290545217,0.4367944616279249,-49.61228725180442,-0,0,0,0,-42.95243494425953,0.5993742332207361,0,57.0186687608826
JPY,test,0,selected_daily,0,2021-01-06,2,0.007936507936507936,observation,100.3238035065551,0.06327081158434322,0.5772121204051339,0.140417658777209,0.5772121204051339,-42.95243494425953,-0,0,0,0,-57.03966855227474,0.8684467968519129,0,71.10590236889782
JPY,test,0,selected_daily,0,2021-01-07,3,0.0119047619047619,observation,100.4027799715685,0.06235207326843337,0.598531966373845,0.02131984596871106,0.598531966373845,-57.03966855227474,-0,0,0,0,-59.18024035609897,0.9140329696843992,0,73.24647417272205
JPY,test,0,selected_daily,0,2021-01-08,4,0.01587301587301587,observation,100.5054493760859,0.06147393533250439,0.6269366007816994,0.02840463440785446,0.6269366007816994,-59.18024035609897,-0,0,0,0,-62.03506090162382,0.9754838902566689,0,76.10129471824689
JPY,test,0,selected_daily,0,2021-01-11,5,0.01984126984126984,observation,100.1105670510188,0.06150475972710011,0.5315049375339209,-0.09543166324777852,0.5315049375339209,-62.03506090162382,-0,0,0,0,-52.48134297926684,0.7279177076703007,0,85.65501264060387
JPY,test,0,selected_daily,0,2021-01-12,6,0.02380952380952381,observation,100.0947717580161,0.06057671692754506,0.5284938422141391,-0.003011095319781831,0.5284938422141391,-52.48134297926684,-0,0,0,0,-52.17994808049165,0.7195224314495832,0,85.95640753937906
JPY,test,0,selected_daily,0,2021-01-13,7,0.02777777777777778,observation,99.85784236297583,0.06001592370651233,0.4627561491870631,-0.06573769302707594,0.4627561491870631,-52.17994808049165,-0,0,0,0,-45.61552389288821,0.5943067051312738,0,92.52083172698251
JPY,test,0,selected_daily,0,2021-01-14,8,0.03174603174603174,observation,99.67619649344495,0.05932044171805612,0.4074994641453204,-0.05525668504174275,0.4074994641453204,-45.61552389288821,-0,0,0,0,-40.10774769709106,0.5102489620314259,0,98.02860792277966
JPY,test,0,selected_daily,0,2021-01-15,9,0.03571428571428571,observation,99.30500710788185,0.05931761826353598,0.2972527726307106,-0.1102466915146098,0.2972527726307106,-40.10774769709106,-0,0,0,0,-29.15969921261227,0.358989486318027,0,108.9766564072584
JPY,test,0,selected_daily,0,2021-01-18,10,0.03968253968253968,observation,98.86273890380667,0.05969626915223898,0.1811938154111493,-0.1160589572195613,0.1811938154111493,-29.15969921261227,-0,0,0,0,-17.68579282756672,0.2275240364102729,0,120.450562792304
JPY,test,0,selected_daily,0,2021-01-19,11,0.04365079365079365,observation,99.63670826093824,0.0625817721609053,0.3875502493797427,0.2063564339685934,0.3875502493797427,-17.68579282756672,-0,0,0,0,-38.24646863666302,0.3677624972402569,0,141.0112386014003
JPY,test,0,selected_daily,0,2021-01-20,12,0.04761904761904762,observation,99.21023534986574,0.0627541568093852,0.253776562298885,-0.1337736870808577,0.253776562298885,-38.24646863666302,-0,0,0,0,-24.97474965775184,0.2024828142004083,0,154.2829575803115
JPY,test,0,selected_daily,0,2021-01-21,13,0.05158730158730158,observation,99.28921181487917,0.06184439035081384,0.2604864221356426,0.006709859836757592,0.2604864221356426,-24.97474965775184,-0,0,0,0,-25.64096635233182,0.2225251899940304,0,154.9491742748915
JPY,test,0,selected_daily,0,2021-01-22,14,0.05555555555555555,observation,99.66040120044227,0.06176773151193965,0.3724793192343056,0.111992897098663,0.3724793192343056,-25.64096635233182,-0,0,0,0,-36.80222340878441,0.3192149849740957,0,166.1104313313441
JPY,test,0,selected_daily,0,2021-01-25,15,0.05952380952380952,observation,99.55773179592481,0.06090013754622012,0.3202539416541039,-0.05222537758020168,0.3202539416541039,-36.80222340878441,-0,0,0,0,-31.60278327471379,0.2809727550732397,0,171.3098714654147
JPY,test,0,selected_daily,0,2021-01-26,16,0.06349206349206349,observation,99.45506239140737,0.06004673354785958,0.2604983279038148,-0.05975561375028915,0.2604983279038148,-31.60278327471379,-0,0,0,0,-25.65978498094194,0.2480924735892494,0,177.2528697591865
JPY,test,0,selected_daily,0,2021-01-27,17,0.06746031746031746,observation,99.40767651239931,0.05915368892626353,0.2137672526972982,-0.04673107520651659,0.2137672526972982,-25.65978498094194,-0,0,0,0,-21.01435737373594,0.2357485313414003,0,181.8982973663925
JPY,test,0,selected_daily,0,2021-01-28,18,0.07142857142857142,observation,99.66829884694361,0.05870274738655434,0.3030888450099509,0.08932159231265274,0.3030888450099509,-21.01435737373594,-0,0,0,0,-29.91688852983827,0.2914610517884917,0,190.8008285224949
JPY,test,0,selected_daily,0,2021-01-29,19,0.07539682539682539,observation,100.3395987995577,0.06069015084463421,0.7355694844123141,0.4324806394023631,0.7355694844123141,-29.91688852983827,-0,0,0,0,-73.31182237604759,0.4949245790815269,0,234.1957623687042
JPY,test,0,selected_daily,0,2021-02-01,20,0.07936507936507936,observation,100.1184646975201,0.06007990901632702,0.6235122397320827,-0.1120572446802314,0.6235122397320827,-73.31182237604759,-0,0,0,0,-62.09282308042847,0.332265081659763,0,245.4147616643233
JPY,test,0,selected_daily,0,2021-02-02,21,0.08333333333333333,settlement,99.87363765597851,,0,-0.6235122397320827,0,-62.09282308042847,-0,0,0,0,0.1796124246411708,0.1796124246411708,0,307.6871971693929
JPY,test,0,selected_every5,0,2021-01-04,0,0,entry,100,0.06231444876251607,0.5035881645333771,0.5035881645333771,0.5035881645333771,0.7465292015332921,0,0,0,0,-49.61228725180442,0.7465292015332921,0,50.35881645333771
JPY,test,0,selected_every5,0,2021-01-05,1,0.003968253968253968,observation,99.70778707945031,0.0618978236535003,0.4367944616279249,0,0.5035881645333771,-49.61228725180442,-0,0,0,0,-49.61228725180442,0.5993742332207361,0,50.35881645333771
JPY,test,0,selected_every5,0,2021-01-06,2,0.007936507936507936,observation,100.3238035065551,0.06327081158434322,0.5772121204051339,0,0.5035881645333771,-49.61228725180442,-0,0,0,0,-49.61228725180442,0.9095928150688195,0,50.35881645333771
JPY,test,0,selected_every5,0,2021-01-07,3,0.0119047619047619,observation,100.4027799715685,0.06235207326843337,0.598531966373845,0,0.5035881645333771,-49.61228725180442,-0,0,0,0,-49.61228725180442,0.949364428126259,0,50.35881645333771
JPY,test,0,selected_every5,0,2021-01-08,4,0.01587301587301587,observation,100.5054493760859,0.06147393533250439,0.6269366007816994,0,0.5035881645333771,-49.61228725180442,-0,0,0,0,-49.61228725180442,1.001067525100936,0,50.35881645333771
JPY,test,0,selected_every5,0,2021-01-11,5,0.01984126984126984,observation,100.1105670510188,0.06150475972710011,0.5315049375339209,0.02791677300054385,0.5315049375339209,-49.61228725180442,-0,0,0,0,-52.40705122712343,0.8022094598137102,0,53.15358042865672
JPY,test,0,selected_every5,0,2021-01-12,6,0.02380952380952381,observation,100.0947717580161,0.06057671692754506,0.5284938422141391,0,0.5315049375339209,-52.40705122712343,-0,0,0,0,-52.40705122712343,0.7938141835929926,0,53.15358042865672
JPY,test,0,selected_every5,0,2021-01-13,7,0.02777777777777778,observation,99.85784236297583,0.06001592370651233,0.4627561491870631,0,0.5315049375339209,-52.40705122712343,-0,0,0,0,-52.40705122712343,0.6678850402821581,0,53.15358042865672
JPY,test,0,selected_every5,0,2021-01-14,8,0.03174603174603174,observation,99.67619649344495,0.05932044171805612,0.4074994641453204,0,0.5315049375339209,-52.40705122712343,-0,0,0,0,-52.40705122712343,0.5713393637438529,0,53.15358042865672
JPY,test,0,selected_every5,0,2021-01-15,9,0.03571428571428571,observation,99.30500710788185,0.05931761826353598,0.2972527726307106,0,0.5315049375339209,-52.40705122712343,-0,0,0,0,-52.40705122712343,0.37405037255688,0,53.15358042865672
JPY,test,0,selected_every5,0,2021-01-18,10,0.03968253968253968,observation,98.86273890380667,0.05969626915223898,0.1811938154111493,-0.3503111221227716,0.1811938154111493,-52.40705122712343,-0,0,0,0,-17.77433422560033,0.1389826383766675,0,87.78629743017983
JPY,test,0,selected_every5,0,2021-01-19,11,0.04365079365079365,observation,99.63670826093824,0.0625817721609053,0.3875502493797427,0,0.1811938154111493,-17.77433422560033,-0,0,0,0,-17.77433422560033,0.2792210992066515,0,87.78629743017983
JPY,test,0,selected_every5,0,2021-01-20,12,0.04761904761904762,observation,99.21023534986574,0.0627541568093852,0.253776562298885,0,0.1811938154111493,-17.77433422560033,-0,0,0,0,-17.77433422560033,0.2019468452799273,0,87.78629743017983
JPY,test,0,selected_every5,0,2021-01-21,13,0.05158730158730158,observation,99.28921181487917,0.06184439035081384,0.2604864221356426,0,0.1811938154111493,-17.77433422560033,-0,0,0,0,-17.77433422560033,0.2162568923033952,0,87.78629743017983
JPY,test,0,selected_every5,0,2021-01-22,14,0.05555555555555555,observation,99.66040120044227,0.06176773151193965,0.3724793192343056,0,0.1811938154111493,-17.77433422560033,-0,0,0,0,-17.77433422560033,0.2835141133136929,0,87.78629743017983
JPY,test,0,selected_every5,0,2021-01-25,15,0.05952380952380952,observation,99.55773179592481,0.06090013754622012,0.3202539416541039,0.1390601262429546,0.3202539416541039,-17.77433422560033,-0,0,0,0,-31.61884497760385,0.2649110521831801,0,101.6308081821833
JPY,test,0,selected_every5,0,2021-01-26,16,0.06349206349206349,observation,99.45506239140737,0.06004673354785958,0.2604983279038148,0,0.3202539416541039,-31.61884497760385,-0,0,0,0,-31.61884497760385,0.2320307706991898,0,101.6308081821833
JPY,test,0,selected_every5,0,2021-01-27,17,0.06746031746031746,observation,99.40767651239931,0.05915368892626353,0.2137672526972982,0,0.3202539416541039,-31.61884497760385,-0,0,0,0,-31.61884497760385,0.2168552561681132,0,101.6308081821833
JPY,test,0,selected_every5,0,2021-01-28,18,0.07142857142857142,observation,99.66829884694361,0.05870274738655434,0.3030888450099509,0,0.3202539416541039,-31.61884497760385,-0,0,0,0,-31.61884497760385,0.3003205860890255,0,101.6308081821833
JPY,test,0,selected_every5,0,2021-01-29,19,0.07539682539682539,observation,100.3395987995577,0.06069015084463421,0.7355694844123141,0,0.3202539416541039,-31.61884497760385,-0,0,0,0,-31.61884497760385,0.5153070419459027,0,101.6308081821833
JPY,test,0,selected_every5,0,2021-02-01,20,0.07936507936507936,observation,100.1184646975201,0.06007990901632702,0.6235122397320827,0.3032582980779788,0.6235122397320827,-31.61884497760385,-0,0,0,0,-61.980600187954,0.4444879741342262,0,131.9925633925335
JPY,test,0,selected_every5,0,2021-02-02,21,0.08333333333333333,settlement,99.87363765597851,,0,-0.6235122397320827,0,-61.980600187954,-0,0,0,0,0.291835317115634,0.291835317115634,0,194.2649988976031
JPY,test,0,selected_threshold,0,2021-01-04,0,0,entry,100,0.06231444876251607,0.5035881645333771,0.5035881645333771,0.5035881645333771,0.7465292015332921,0,0,0,0,-49.61228725180442,0.7465292015332921,0,50.35881645333771
JPY,test,0,selected_threshold,0,2021-01-05,1,0.003968253968253968,observation,99.70778707945031,0.0618978236535003,0.4367944616279249,-0.06679370290545217,0.4367944616279249,-49.61228725180442,-0,0,0,0,-42.95243494425953,0.5993742332207361,0,57.0186687608826
JPY,test,0,selected_threshold,0,2021-01-06,2,0.007936507936507936,observation,100.3238035065551,0.06327081158434322,0.5772121204051339,0.140417658777209,0.5772121204051339,-42.95243494425953,-0,0,0,0,-57.03966855227474,0.8684467968519129,0,71.10590236889782
JPY,test,0,selected_threshold,0,2021-01-07,3,0.0119047619047619,observation,100.4027799715685,0.06235207326843337,0.598531966373845,0,0.5772121204051339,-57.03966855227474,-0,0,0,0,-57.03966855227474,0.9140329696844063,0,71.10590236889782
JPY,test,0,selected_threshold,0,2021-01-08,4,0.01587301587301587,observation,100.5054493760859,0.06147393533250439,0.6269366007816994,0,0.5772121204051339,-57.03966855227474,-0,0,0,0,-57.03966855227474,0.9732949943666611,0,71.10590236889782
JPY,test,0,selected_threshold,0,2021-01-11,5,0.01984126984126984,observation,100.1105670510188,0.06150475972710011,0.5315049375339209,0,0.5772121204051339,-57.03966855227474,-0,0,0,0,-57.03966855227474,0.7453641302041518,0,71.10590236889782
JPY,test,0,selected_threshold,0,2021-01-12,6,0.02380952380952381,observation,100.0947717580161,0.06057671692754506,0.5284938422141391,0,0.5772121204051339,-57.03966855227474,-0,0,0,0,-57.03966855227474,0.7362468956376489,0,71.10590236889782
JPY,test,0,selected_threshold,0,2021-01-13,7,0.02777777777777778,observation,99.85784236297583,0.06001592370651233,0.4627561491870631,-0.1144559712180708,0.4627561491870631,-57.03966855227474,-0,0,0,0,-45.61034222087933,0.5994883771401476,0,82.53522870029323
JPY,test,0,selected_threshold,0,2021-01-14,8,0.03174603174603174,observation,99.67619649344495,0.05932044171805612,0.4074994641453204,-0.05525668504174275,0.4074994641453204,-45.61034222087933,-0,0,0,0,-40.10256602508218,0.5154306340402997,0,88.04300489609038
JPY,test,0,selected_threshold,0,2021-01-15,9,0.03571428571428571,observation,99.30500710788185,0.05931761826353598,0.2972527726307106,-0.1102466915146098,0.2972527726307106,-40.10256602508218,-0,0,0,0,-29.1545175406034,0.3641711583269007,0,98.99105338056917
JPY,test,0,selected_threshold,0,2021-01-18,10,0.03968253968253968,observation,98.86273890380667,0.05969626915223898,0.1811938154111493,-0.1160589572195613,0.1811938154111493,-29.1545175406034,-0,0,0,0,-17.68061115555785,0.2327057084191466,0,110.4649597656147
JPY,test,0,selected_threshold,0,2021-01-19,11,0.04365079365079365,observation,99.63670826093824,0.0625817721609053,0.3875502493797427,0.2063564339685934,0.3875502493797427,-17.68061115555785,-0,0,0,0,-38.24128696465415,0.3729441692491307,0,131.025635574711
JPY,test,0,selected_threshold,0,2021-01-20,12,0.04761904761904762,observation,99.21023534986574,0.0627541568093852,0.253776562298885,-0.1337736870808577,0.253776562298885,-38.24128696465415,-0,0,0,0,-24.96956798574297,0.207664486209282,0,144.2973545536222
JPY,test,0,selected_threshold,0,2021-01-21,13,0.05158730158730158,observation,99.28921181487917,0.06184439035081384,0.2604864221356426,0,0.253776562298885,-24.96956798574297,-0,0,0,0,-24.96956798574297,0.2277068620029077,0,144.2973545536222
JPY,test,0,selected_threshold,0,2021-01-22,14,0.05555555555555555,observation,99.66040120044227,0.06176773151193965,0.3724793192343056,0.1187027569354206,0.3724793192343056,-24.96956798574297,-0,0,0,0,-36.79953236552556,0.3219060282329451,0,156.1273189334048
JPY,test,0,selected_threshold,0,2021-01-25,15,0.05952380952380952,observation,99.55773179592481,0.06090013754622012,0.3202539416541039,-0.05222537758020168,0.3202539416541039,-36.79953236552556,-0,0,0,0,-31.60009223145494,0.2836637983320891,0,161.3267590674755
JPY,test,0,selected_threshold,0,2021-01-26,16,0.06349206349206349,observation,99.45506239140737,0.06004673354785958,0.2604983279038148,-0.05975561375028915,0.2604983279038148,-31.60009223145494,-0,0,0,0,-25.65709393768309,0.2507835168480987,0,167.2697573612473
JPY,test,0,selected_threshold,0,2021-01-27,17,0.06746031746031746,observation,99.40767651239931,0.05915368892626353,0.2137672526972982,0,0.2604983279038148,-25.65709393768309,-0,0,0,0,-25.65709393768309,0.2384395746002461,0,167.2697573612473
JPY,test,0,selected_threshold,0,2021-01-28,18,0.07142857142857142,observation,99.66829884694361,0.05870274738655434,0.3030888450099509,0,0.2604983279038148,-25.65709393768309,-0,0,0,0,-25.65709393768309,0.3063312569634284,0,167.2697573612473
JPY,test,0,selected_threshold,0,2021-01-29,19,0.07539682539682539,observation,100.3395987995577,0.06069015084463421,0.7355694844123141,0.4750711565084993,0.7355694844123141,-25.65709393768309,-0,0,0,0,-73.32554318298781,0.4812037721412992,0,214.938206606552
JPY,test,0,selected_threshold,0,2021-02-01,20,0.07936507936507936,observation,100.1184646975201,0.06007990901632702,0.6235122397320827,-0.1120572446802314,0.6235122397320827,-73.32554318298781,-0,0,0,0,-62.10654388736869,0.3185442747195353,0,226.1572059021711
JPY,test,0,selected_threshold,0,2021-02-02,21,0.08333333333333333,settlement,99.87363765597851,,0,-0.6235122397320827,0,-62.10654388736869,-0,0,0,0,0.1658916177009431,0.1658916177009431,0,288.4296414072408
JPY,test,0,frozen_rolling63_daily,5,2021-01-04,0,0,entry,100,0.06482368182306604,0.5037326460076664,0.5037326460076664,0.5037326460076664,0.7465292015332921,0,0.02518663230038332,0.02518663230038332,0,-49.65192203153374,0.7213425692329096,0.02518663230038332,50.37326460076665
JPY,test,0,frozen_rolling63_daily,5,2021-01-05,1,0.003968253968253968,observation,99.70778707945031,0.06482368182306604,0.4399426314524606,-0.06379001455520583,0.4399426314524606,-49.65192203153374,-0,0.00318018059453275,0.00318018059453275,0,-43.29474102306277,0.5709652009722532,0.02836681289491607,56.73362578983215
JPY,test,0,frozen_rolling63_daily,5,2021-01-06,2,0.007936507936507936,observation,100.3238035065551,0.06482368182306604,0.5755499811709451,0.1356073497184845,0.5755499811709451,-43.29474102306277,-0,0.006802322553600968,0.006802322553600968,0,-56.90618845281831,0.835174766377051,0.03516913544851704,70.33827089703408
JPY,test,0,frozen_rolling63_daily,5,2021-01-07,3,0.0119047619047619,observation,100.4027799715685,0.06482368182306604,0.5950992893604372,0.01954930818949208,0.5950992893604372,-56.90618845281831,-0,0.0009814024443729771,0.0009814024443729771,0,-58.86997474400863,0.8796482668841037,0.03615053789289002,72.30107578578003
JPY,test,0,frozen_rolling63_daily,5,2021-01-08,4,0.01587301587301587,observation,100.5054493760859,0.06482368182306604,0.6209088037346411,0.02580951437420387,0.6209088037346411,-58.86997474400863,-0,0.001296998420178955,0.001296998420178955,0,-61.46526858278672,0.9394497581313175,0.03744753631306897,74.89507262613793
JPY,test,0,frozen_rolling63_daily,5,2021-01-11,5,0.01984126984126984,observation,100.1105670510188,0.06482368182306604,0.5302191808510881,-0.09068962288355298,0.5302191808510881,-61.46526858278672,-0,0.00453949478625777,0.00453949478625777,0,-52.39081850505744,0.6897243512716713,0.04198703109932674,83.97406219865347
JPY,test,0,frozen_rolling63_daily,5,2021-01-12,6,0.02380952380952381,observation,100.0947717580161,0.06482368182306604,0.527028842302542,-0.003190338548546112,0.527028842302542,-52.39081850505744,-0,0.0001596681044237618,0.0001596681044237618,0,-52.07164196431434,0.681189715850067,0.04214669920375051,84.29339840750099
JPY,test,0,frozen_rolling63_daily,5,2021-01-13,7,0.02777777777777778,observation,99.85784236297583,0.06482368182306604,0.4659449436945006,-0.06108389860804142,0.4659449436945006,-52.07164196431434,-0,0.0030498531590589,0.0030498531590589,0,-45.9749854993556,0.5532712379154887,0.04519655236280941,90.39310472561878
JPY,test,0,frozen_rolling63_daily,5,2021-01-14,8,0.03174603174603174,observation,99.67619649344495,0.06482368182306604,0.4156942440621368,-0.05025069963236373,0.4156942440621368,-45.9749854993556,-0,0.002504399305244284,0.002504399305244284,0,-40.96869128817227,0.4661298641593419,0.04770095166805369,95.40190333610735
JPY,test,0,frozen_rolling63_daily,5,2021-01-15,9,0.03571428571428571,observation,99.30500710788185,0.06482368182306604,0.3135001733186625,-0.1021940707434743,0.3135001733186625,-40.96869128817227,-0,0.005074191460782048,0.005074191460782048,0,-30.82538255806896,0.3067543816630156,0.05277514312883574,105.5502862576714
JPY,test,0,frozen_rolling63_daily,5,2021-01-18,10,0.03968253968253968,observation,98.86273890380667,0.06482368182306604,0.2010850709902454,-0.1124151023284171,0.2010850709902454,-30.82538255806896,-0,0.005556832455169506,0.005556832455169506,0,-19.71727448018512,0.1625463905769458,0.05833197558400525,116.6639511680105
JPY,test,0,frozen_rolling63_daily,5,2021-01-19,11,0.04365079365079365,observation,99.63670826093824,0.06482368182306604,0.3915084666610434,0.190423395670798,0.3915084666610434,-19.71727448018512,-0,0.009486580160254252,0.009486580160254252,0,-38.69992138085388,0.3086934935397636,0.0678185557442595,135.637111488519
JPY,test,0,frozen_rolling63_daily,5,2021-01-20,12,0.04761904761904762,observation,99.21023534986574,0.06482368182306604,0.2607248998200321,-0.1307835668410113,0.2607248998200321,-38.69992138085388,-0,0.006487534223095816,0.006487534223095816,0,-25.73134046888534,0.1352382038302054,0.07430608996735533,148.6121799347106
JPY,test,0,frozen_rolling63_daily,5,2021-01-21,13,0.05158730158730158,observation,99.28921181487917,0.06482368182306604,0.2703255614071799,0.009600661587147896,0.2703255614071799,-25.73134046888534,-0,0.0004766210609446507,0.0004766210609446507,0,-26.68505921183559,0.1553527136980257,0.07478271102829998,149.5654220565999
JPY,test,0,frozen_rolling63_daily,5,2021-01-22,14,0.05555555555555555,observation,99.66040120044227,0.06482368182306604,0.3784852759907186,0.1081597145835386,0.3784852759907186,-26.68505921183559,-0,0.005389620274560393,0.005389620274560393,0,-37.46968938123094,0.2503050724641938,0.08017233130286036,160.3446626057207
JPY,test,0,frozen_rolling63_daily,5,2021-01-25,15,0.05952380952380952,observation,99.55773179592481,0.06482368182306604,0.3306436451862103,-0.04784163080450832,0.3306436451862103,-37.46968938123094,-0,0.002381502124157447,0.002381502124157447,0,-32.7090666350402,0.2090647124354419,0.0825538334270178,165.1076668540356
JPY,test,0,frozen_rolling63_daily,5,2021-01-26,16,0.06349206349206349,observation,99.45506239140737,0.06482368182306604,0.2763009066216497,-0.05434273856456057,0.2763009066216497,-32.7090666350402,-0,0.002702330227229155,0.002702330227229155,0,-27.30710851080912,0.1724153960494732,0.08525616365424696,170.5123273084939
JPY,test,0,frozen_rolling63_daily,5,2021-01-27,17,0.06746031746031746,observation,99.40767651239931,0.06482368182306604,0.2347367450827336,-0.04156416153891607,0.2347367450827336,-27.30710851080912,-0,0.002065898362384839,0.002065898362384839,0,-23.17737768440183,0.1572567363560964,0.0873220620166318,174.6441240332636
JPY,test,0,frozen_rolling63_daily,5,2021-01-28,18,0.07142857142857142,observation,99.66829884694361,0.06482368182306604,0.3205284439960925,0.08579169891335886,0.3205284439960925,-23.17737768440183,-0,0.00427535634294183,0.00427535634294183,0,-31.73236572662843,0.2141590185199469,0.09159741835957363,183.1948367191473
JPY,test,0,frozen_rolling63_daily,5,2021-01-29,19,0.07539682539682539,observation,100.3395987995577,0.06482368182306604,0.7223865455851519,0.4018581015890594,0.7223865455851519,-31.73236572662843,-0,0.02016114034389907,0.02016114034389907,0,-72.07480755477046,0.4091686074420977,0.1117585587034727,223.5171174069454
JPY,test,0,frozen_rolling63_daily,5,2021-02-01,20,0.07936507936507936,observation,100.1184646975201,0.06482368182306604,0.6148472308241253,-0.1075393147610266,0.6148472308241253,-72.07480755477046,-0,0.005383335544248674,0.005383335544248674,0,-61.31351980181736,0.244040971815835,0.1171418942477214,234.2837884954428
JPY,test,0,frozen_rolling63_daily,5,2021-02-02,21,0.08333333333333333,settlement,99.87363765597851,,0,-0.6148472308241253,0,-61.31351980181736,-0,0.03070351477255524,0.03070351477255524,0,0.06280622852056439,0.06280622852056439,0.1478454090202766,295.6908180405533
JPY,test,0,rolling63_daily,5,2021-01-04,0,0,entry,100,0.06482368182306604,0.5037326460076664,0.5037326460076664,0.5037326460076664,0.7465292015332921,0,0.02518663230038332,0.02518663230038332,0,-49.65192203153374,0.7213425692329096,0.02518663230038332,50.37326460076665
JPY,test,0,rolling63_daily,5,2021-01-05,1,0.003968253968253968,observation,99.70778707945031,0.0648708250121878,0.4399911821598211,-0.06374146384784529,0.4399911821598211,-49.65192203153374,-0,0.003177760152736719,0.003177760152736719,0,-43.29957948621303,0.5709676214140487,0.02836439245312004,56.72878490624009
JPY,test,0,rolling63_daily,5,2021-01-06,2,0.007936507936507936,observation,100.3238035065551,0.06598617676224469,0.5743586335028696,0.1343674513430485,0.5743586335028696,-43.29957948621303,-0,0.006740126893108297,0.006740126893108297,0,-56.78657339932273,0.8352692905126275,0.03510451934622834,70.20903869245669
JPY,test,0,rolling63_daily,5,2021-01-07,3,0.0119047619047619,observation,100.4027799715685,0.0660018249767565,0.5935544816340032,0.01919584813113351,0.5935544816340032,-56.78657339932273,-0,0.0009636582581389208,0.0009636582581389208,0,-58.71485357385871,0.8796664467784794,0.03606817760436726,72.13635520873453
JPY,test,0,rolling63_daily,5,2021-01-08,4,0.01587301587301587,observation,100.5054493760859,0.06590192491706438,0.6190966512052816,0.02554216957127842,0.6190966512052816,-58.71485357385871,-0,0.001283563615400763,0.001283563615400763,0,-61.28326436827564,0.939322768341107,0.03735174121976802,74.70348243953606
JPY,test,0,rolling63_daily,5,2021-01-11,5,0.01984126984126984,observation,100.1105670510188,0.06580289291523223,0.5298677607640915,-0.08922889044119009,0.5298677607640915,-61.28326436827564,-0,0.004466377409700385,0.004466377409700385,0,-52.35497592628457,0.6903860658621994,0.0418181186294684,83.63623725893683
JPY,test,0,rolling63_daily,5,2021-01-12,6,0.02380952380952381,observation,100.0947717580161,0.06580188189823583,0.5267219287510068,-0.003145832013084715,0.5267219287510068,-52.35497592628457,-0,0.0001574406686693874,0.0001574406686693874,0,-52.04025202961446,0.6818592086595814,0.04197555929813779,83.95111859627561
JPY,test,0,rolling63_daily,5,2021-01-13,7,0.02777777777777778,observation,99.85784236297583,0.06505488564335143,0.4660873051938831,-0.06063462355712368,0.4660873051938831,-52.04025202961446,-0,0.003027421340452819,0.003027421340452819,0,-45.98843677004928,0.5540358793857081,0.04500298063859061,90.00596127718124
JPY,test,0,rolling63_daily,5,2021-01-14,8,0.03174603174603174,observation,99.67619649344495,0.06454431572316512,0.4153100663469154,-0.05077723884696766,0.4153100663469154,-45.98843677004928,-0,0.002530641018352468,0.002530641018352468,0,-40.92968537436269,0.4668424045381059,0.04753362165694307,95.06724331388618
JPY,test,0,rolling63_daily,5,2021-01-15,9,0.03571428571428571,observation,99.30500710788185,0.06458147758080394,0.3128356056677137,-0.1024744606792017,0.3128356056677137,-40.92968537436269,-0,0.005088113523062245,0.005088113523062245,0,-30.75854644176126,0.307595602669565,0.05262173518000532,105.2434703600107
JPY,test,0,rolling63_daily,5,2021-01-18,10,0.03968253968253968,observation,98.86273890380667,0.06465251263373985,0.2004526431078739,-0.1123829625598398,0.2004526431078739,-30.75854644176126,-0,0.00555524374239486,0.00555524374239486,0,-19.65361420071394,0.163683117437742,0.05817697892240018,116.3539578448004
JPY,test,0,rolling63_daily,5,2021-01-19,11,0.04365079365079365,observation,99.63670826093824,0.06560315576093459,0.3928251715664127,0.1923725284585388,0.3928251715664127,-19.65361420071394,-0,0.009583682747721234,0.009583682747721234,0,-38.83056337890413,0.3092436380115444,0.06776066167012142,135.5213233402428
JPY,test,0,rolling63_daily,5,2021-01-20,12,0.04761904761904762,observation,99.21023534986574,0.06563250720083461,0.2633473963137229,-0.1294777752526898,0.2633473963137229,-38.83056337890413,-0,0.006422760277698188,0.006422760277698188,0,-25.99146558378546,0.1352915832733643,0.0741834219478196,148.3668438956392
JPY,test,0,rolling63_daily,5,2021-01-21,13,0.05158730158730158,observation,99.28921181487917,0.06504965875528909,0.2710425244878375,0.007695128174114552,0.2710425244878375,-25.99146558378546,-0,0.0003820216056111521,0.0003820216056111521,0,-26.75589081661337,0.1557078080991019,0.07456544355343075,149.1308871068615
JPY,test,0,rolling63_daily,5,2021-01-22,14,0.05555555555555555,observation,99.66040120044227,0.06507248240687359,0.3789510647086611,0.1079085402208236,0.3789510647086611,-26.75589081661337,-0,0.005377104205680672,0.005377104205680672,0,-37.51547633218039,0.2509388120195339,0.07994254775911143,159.8850955182229
JPY,test,0,rolling63_daily,5,2021-01-25,15,0.05952380952380952,observation,99.55773179592481,0.0651033331258974,0.3313416460027324,-0.04760941870592872,0.3313416460027324,-37.51547633218039,-0,0.002369942869242369,0.002369942869242369,0,-32.7779605365649,0.2096621889953951,0.0823124906283538,164.6249812567076
JPY,test,0,rolling63_daily,5,2021-01-26,16,0.06349206349206349,observation,99.45506239140737,0.06481541970127741,0.2762751999830374,-0.05506644601969501,0.2762751999830374,-32.7779605365649,-0,0.002738318412280916,0.002738318412280916,0,-27.30406203041534,0.1729052210961868,0.08505080904063472,170.1016180812694
JPY,test,0,rolling63_daily,5,2021-01-27,17,0.06746031746031746,observation,99.40767651239931,0.06081805527972493,0.2202059185142798,-0.05606928146875761,0.2202059185142798,-27.30406203041534,-0,0.002786858497264461,0.002786858497264461,0,-21.73313189438369,0.1570268193995972,0.08783766753789918,175.6753350757984
JPY,test,0,rolling63_daily,5,2021-01-28,18,0.07142857142857142,observation,99.66829884694361,0.06088299290509794,0.3096502515522014,0.0894443330379216,0.3096502515522014,-21.73313189438369,-0,0.004457382257694561,0.004457382257694561,0,-30.6523537920305,0.2099600177055692,0.09229504979559373,184.5900995911875
JPY,test,0,rolling63_daily,5,2021-01-29,19,0.07539682539682539,observation,100.3395987995577,0.06218893739924376,0.7306236777927407,0.4209734262405394,0.7306236777927407,-30.6523537920305,-0,0.02112015234712546,0.02112015234712546,0,-72.91377863862854,0.3967080645523851,0.1134152021427192,226.8304042854384
JPY,test,0,rolling63_daily,5,2021-02-01,20,0.07936507936507936,observation,100.1184646975201,0.06194644169020036,0.6199506741774576,-0.1106730036152831,0.6199506741774576,-72.91377863862854,-0,0.005540205602712619,0.005540205602712619,0,-61.83890763880602,0.2296020480335699,0.1189554077454318,237.9108154908637
JPY,test,0,rolling63_daily,5,2021-02-02,21,0.08333333333333333,settlement,99.87363765597851,,0,-0.6199506741774576,0,-61.83890763880602,-0,0.0309583644986895,0.0309583644986895,0,0.04686299407428862,0.04686299407428862,0.1499137722441213,299.8275444882427
JPY,test,0,ewma_daily,5,2021-01-04,0,0,entry,100,0.06231444876251607,0.5035881645333771,0.5035881645333771,0.5035881645333771,0.7465292015332921,0,0.02517940822666885,0.02517940822666885,0,-49.63746666003109,0.7213497933066222,0.02517940822666885,50.35881645333771
JPY,test,0,ewma_daily,5,2021-01-05,1,0.003968253968253968,observation,99.70778707945031,0.0618978236535003,0.4367944616279249,-0.06679370290545217,0.4367944616279249,-49.63746666003109,-0,0.003329926153772443,0.003329926153772443,0,-42.98094427863997,0.5708648988402913,0.0285093343804413,57.0186687608826
JPY,test,0,ewma_daily,5,2021-01-06,2,0.007936507936507936,observation,100.3238035065551,0.06327081158434322,0.5772121204051339,0.140417658777209,0.5772121204051339,-42.98094427863997,-0,0.007043616804007606,0.007043616804007606,0,-57.0752215034592,0.8328938456674564,0.0355529511844489,71.10590236889782
JPY,test,0,ewma_daily,5,2021-01-07,3,0.0119047619047619,observation,100.4027799715685,0.06235207326843337,0.598531966373845,0.02131984596871106,0.598531966373845,-57.0752215034592,-0,0.001070285901912114,0.001070285901912114,0,-59.21686359318534,0.8774097325980321,0.03662323708636101,73.24647417272205
JPY,test,0,ewma_daily,5,2021-01-08,4,0.01587301587301587,observation,100.5054493760859,0.06147393533250439,0.6269366007816994,0.02840463440785446,0.6269366007816994,-59.21686359318534,-0,0.001427410272762422,0.001427410272762422,0,-62.07311154898294,0.9374332428975407,0.03805064735912343,76.10129471824689
JPY,test,0,ewma_daily,5,2021-01-11,5,0.01984126984126984,observation,100.1105670510188,0.06150475972710011,0.5315049375339209,-0.09543166324777852,0.5315049375339209,-62.07311154898294,-0,0.004776858961178489,0.004776858961178489,0,-52.52417048558715,0.6850902013499933,0.04282750632030192,85.65501264060387
JPY,test,0,ewma_daily,5,2021-01-12,6,0.02380952380952381,observation,100.0947717580161,0.06057671692754506,0.5284938422141391,-0.003011095319781831,0.5284938422141391,-52.52417048558715,-0,0.0001506974493875965,0.0001506974493875965,0,-52.22292628426134,0.6765442276798908,0.04297820376968951,85.95640753937906
JPY,test,0,ewma_daily,5,2021-01-13,7,0.02777777777777778,observation,99.85784236297583,0.06001592370651233,0.4627561491870631,-0.06573769302707594,0.4627561491870631,-52.22292628426134,-0,0.003282212093801723,0.003282212093801723,0,-45.6617843087517,0.5480462892677807,0.04626041586349124,92.52083172698251
JPY,test,0,ewma_daily,5,2021-01-14,8,0.03174603174603174,observation,99.67619649344495,0.05932044171805612,0.4074994641453204,-0.05525668504174275,0.4074994641453204,-45.6617843087517,-0,0.002753888097898575,0.002753888097898575,0,-40.15676200105245,0.4612346580700333,0.04901430396138981,98.02860792277966
JPY,test,0,ewma_daily,5,2021-01-15,9,0.03571428571428571,observation,99.30500710788185,0.05931761826353598,0.2972527726307106,-0.1102466915146098,0.2972527726307106,-40.15676200105245,-0,0.005474024242239392,0.005474024242239392,0,-29.21418754081591,0.3045011581143946,0.0544883282036292,108.9766564072584
JPY,test,0,ewma_daily,5,2021-01-18,10,0.03968253968253968,observation,98.86273890380667,0.05969626915223898,0.1811938154111493,-0.1160589572195613,0.1811938154111493,-29.21418754081591,-0,0.005736953192522777,0.005736953192522777,0,-17.74601810896288,0.1672987550141194,0.06022528139615198,120.450562792304
JPY,test,0,ewma_daily,5,2021-01-19,11,0.04365079365079365,observation,99.63670826093824,0.0625817721609053,0.3875502493797427,0.2063564339685934,0.3875502493797427,-17.74601810896288,-0,0.01028033790454815,0.01028033790454815,0,-38.31697425596373,0.297256877939553,0.07050561930070012,141.0112386014003
JPY,test,0,ewma_daily,5,2021-01-20,12,0.04761904761904762,observation,99.21023534986574,0.0627541568093852,0.253776562298885,-0.1337736870808577,0.253776562298885,-38.31697425596373,-0,0.006635859489455592,0.006635859489455592,0,-25.051891136542,0.1253413354102513,0.07714147879015572,154.2829575803115
JPY,test,0,ewma_daily,5,2021-01-21,13,0.05158730158730158,observation,99.28921181487917,0.06184439035081384,0.2604864221356426,0.006709859836757592,0.2604864221356426,-25.051891136542,-0,0.0003331083472899875,0.0003331083472899875,0,-25.71844093946926,0.1450506028565854,0.07747458713744571,154.9491742748915
JPY,test,0,ewma_daily,5,2021-01-22,14,0.05555555555555555,observation,99.66040120044227,0.06176773151193965,0.3724793192343056,0.111992897098663,0.3724793192343056,-25.71844093946926,-0,0.005580628528226301,0.005580628528226301,0,-36.88527862445009,0.2361597693084221,0.08305521566567201,166.1104313313441
JPY,test,0,ewma_daily,5,2021-01-25,15,0.05952380952380952,observation,99.55773179592481,0.06090013754622012,0.3202539416541039,-0.05222537758020168,0.3202539416541039,-36.88527862445009,-0,0.002599720067035312,0.002599720067035312,0,-31.6884382104465,0.1953178193405307,0.08565493573270731,171.3098714654147
JPY,test,0,ewma_daily,5,2021-01-26,16,0.06349206349206349,observation,99.45506239140737,0.06004673354785958,0.2604983279038148,-0.05975561375028915,0.2604983279038148,-31.6884382104465,-0,0.002971499146885923,0.002971499146885923,0,-25.74841141582154,0.159466038709656,0.08862643487959324,177.2528697591865
JPY,test,0,ewma_daily,5,2021-01-27,17,0.06746031746031746,observation,99.40767651239931,0.05915368892626353,0.2137672526972982,-0.04673107520651659,0.2137672526972982,-25.74841141582154,-0,0.002322713803603003,0.002322713803603003,0,-21.10530652241913,0.1447993826582028,0.09094914868319624,181.8982973663925
JPY,test,0,ewma_daily,5,2021-01-28,18,0.07142857142857142,observation,99.66829884694361,0.05870274738655434,0.3030888450099509,0.08932159231265274,0.3030888450099509,-21.10530652241913,-0,0.004451265578051167,0.004451265578051167,0,-30.01228894409952,0.1960606375272427,0.09540041426124742,190.8008285224949
JPY,test,0,ewma_daily,5,2021-01-29,19,0.07539682539682539,observation,100.3395987995577,0.06069015084463421,0.7355694844123141,0.4324806394023631,0.7355694844123141,-30.01228894409952,-0,0.02169746692310466,0.02169746692310466,0,-73.42892025723194,0.3778266978971772,0.1170978811843521,234.1957623687042
JPY,test,0,ewma_daily,5,2021-02-01,20,0.07936507936507936,observation,100.1184646975201,0.06007990901632702,0.6235122397320827,-0.1120572446802314,0.6235122397320827,-73.42892025723194,-0,0.005609499647809559,0.005609499647809559,0,-62.21553046126063,0.2095577008276024,0.1227073808321616,245.4147616643233
JPY,test,0,ewma_daily,5,2021-02-02,21,0.08333333333333333,settlement,99.87363765597851,,0,-0.6235122397320827,0,-62.21553046126063,-0,0.03113621775253482,0.03113621775253482,0,0.02576882605647768,0.02576882605647768,0.1538435985846965,307.6871971693929
JPY,test,0,ridge_daily,5,2021-01-04,0,0,entry,100,0.06516764039876315,0.5037524510820593,0.5037524510820593,0.5037524510820593,0.7465292015332921,0,0.02518762255410297,0.02518762255410297,0,-49.65390352922675,0.7213415789791924,0.02518762255410297,50.37524510820594
JPY,test,0,ridge_daily,5,2021-01-05,1,0.003968253968253968,observation,99.70778707945031,0.06637714190985464,0.4415085758116462,-0.0622438752704132,0.4415085758116462,-49.65390352922675,-0,0.003103099531231111,0.003103099531231111,0,-43.45080756629575,0.5710355044832127,0.02829072208533408,56.58144417066816
JPY,test,0,ridge_daily,5,2021-01-06,2,0.007936507936507936,observation,100.3238035065551,0.06763329012395945,0.5727433614178807,0.1312347856062346,0.5727433614178807,-43.45080756629575,-0,0.006582986422192379,0.006582986422192379,0,-56.6233633971027,0.8364290534686134,0.03487370850752645,69.74741701505292
JPY,test,0,ridge_daily,5,2021-01-07,3,0.0119047619047619,observation,100.4027799715685,0.0655245928152705,0.5941734572489176,0.02143009583103683,0.5941734572489176,-56.6233633971027,-0,0.001075820598246609,0.001075820598246609,0,-58.77608041419416,0.880586478915049,0.03594952910577306,71.89905821154613
JPY,test,0,ridge_daily,5,2021-01-08,4,0.01587301587301587,observation,100.5054493760859,0.06429475886200541,0.6218196129830588,0.0276461557341412,0.6218196129830588,-58.77608041419416,-0,0.001389294652790558,0.001389294652790558,0,-61.55605901442807,0.9402006192980892,0.03733882375856362,74.67764751712726
JPY,test,0,ridge_daily,5,2021-01-11,5,0.01984126984126984,observation,100.1105670510188,0.06621854143742967,0.5297221666175476,-0.0920974463655112,0.5297221666175476,-61.55605901442807,-0,0.004609963789801058,0.004609963789801058,0,-52.34074139861575,0.6900450809611982,0.04194878754836468,83.89757509672937
JPY,test,0,ridge_daily,5,2021-01-12,6,0.02380952380952381,observation,100.0947717580161,0.06727512191956866,0.5262791168362575,-0.003443049781290064,0.5262791168362575,-52.34074139861575,-0,0.0001723156410048581,0.0001723156410048581,0,-51.99628243224704,0.6815056484884536,0.04212110318936954,84.24220637873908
JPY,test,0,ridge_daily,5,2021-01-13,7,0.02777777777777778,observation,99.85784236297583,0.06505431164769597,0.4660869529139461,-0.06019216392231136,0.4660869529139461,-51.99628243224704,-0,0.003005329808220284,0.003005329808220284,0,-45.98862814561469,0.5538093259058812,0.04512643299758982,90.25286599517965
JPY,test,0,ridge_daily,5,2021-01-14,8,0.03174603174603174,observation,99.67619649344495,0.06638571949791225,0.4177860603249017,-0.04830089258904441,0.4177860603249017,-45.98862814561469,-0,0.002407224630257184,0.002407224630257184,0,-41.17658610973058,0.4667393314365711,0.04753365762784701,95.06731525569401
JPY,test,0,ridge_daily,5,2021-01-15,9,0.03571428571428571,observation,99.30500710788185,0.0692968471994282,0.3250440063281069,-0.0927420539967948,0.3250440063281069,-41.17658610973058,-0,0.004604875165675635,0.004604875165675635,0,-31.97144065354498,0.307056705242065,0.05213853279352264,104.2770655870453
JPY,test,0,ridge_daily,5,2021-01-18,10,0.03968253968253968,observation,98.86273890380667,0.07023884916469919,0.2200346244275558,-0.1050093819005511,0.2200346244275558,-31.97144065354498,-0,0.005190757552642155,0.005190757552642155,0,-21.59511630581332,0.1581093187652911,0.0573292903461648,114.6585806923296
JPY,test,0,ridge_daily,5,2021-01-19,11,0.04365079365079365,observation,99.63670826093824,0.07274565221295756,0.4036511825656199,0.1836165581380642,0.4036511825656199,-21.59511630581332,-0,0.009147474717539952,0.009147474717539952,0,-39.89921321561076,0.3192619008626352,0.06647676506370474,132.9535301274095
JPY,test,0,ridge_daily,5,2021-01-20,12,0.04761904761904762,observation,99.21023534986574,0.07487140422234491,0.2900277441252174,-0.1136234384404026,0.2900277441252174,-39.89921321561076,-0,0.00563630403446666,0.00563630403446666,0,-28.6322414507119,0.1414793019415548,0.0721130690981714,144.2261381963428
JPY,test,0,ridge_daily,5,2021-01-21,13,0.05158730158730158,observation,99.28921181487917,0.07372203043390509,0.2958098531810297,0.005782109055812334,0.2958098531810297,-28.6322414507119,-0,0.0002870505253896409,0.0002870505253896409,0,-29.20662955201657,0.1640976174029944,0.07240011962356105,144.8002392471221
JPY,test,0,ridge_daily,5,2021-01-22,14,0.05555555555555555,observation,99.66040120044227,0.06973504068832621,0.3871033747952539,0.09129352161422422,0.3871033747952539,-29.20662955201657,-0,0.004549174495537416,0.004549174495537416,0,-38.30952771758695,0.2693499205532319,0.07694929411909847,153.8985882381969
JPY,test,0,ridge_daily,5,2021-01-25,15,0.05952380952380952,observation,99.55773179592481,0.06849041089141997,0.3393895715721142,-0.04771380322313967,0.3393895715721142,-38.30952771758695,-0,0.002375139012126436,0.002375139012126436,0,-33.5616248323462,0.2272311085641832,0.07932443313122491,158.6488662624498
JPY,test,0,ridge_daily,5,2021-01-26,16,0.06349206349206349,observation,99.45506239140737,0.06831047388387447,0.2866921094830251,-0.0526974620890891,0.2866921094830251,-33.5616248323462,-0,0.002620514689969591,0.002620514689969591,0,-28.32321596709698,0.1897656686614724,0.08194494782119449,163.889895642389
JPY,test,0,ridge_daily,5,2021-01-27,17,0.06746031746031746,observation,99.40767651239931,0.06482496737130516,0.2347412002077287,-0.05195090927529644,0.2347412002077287,-28.32321596709698,-0,0.002582159591881837,0.002582159591881837,0,-23.16147894292519,0.1735983514570627,0.08452710741307633,169.0542148261527
JPY,test,0,ridge_daily,5,2021-01-28,18,0.07142857142857142,observation,99.66829884694361,0.06286374667010756,0.3152673424997957,0.080526142292067,0.3152673424997957,-23.16147894292519,-0,0.004012951807478619,0.004012951807478619,0,-31.19139550968991,0.2307641992614542,0.08854005922055494,177.0801184411099
JPY,test,0,ridge_daily,5,2021-01-29,19,0.07539682539682539,observation,100.3395987995577,0.06446967023993357,0.7234608739951696,0.4081935314953739,0.7234608739951696,-31.19139550968991,-0,0.02047898759141022,0.02047898759141022,0,-72.16984968010176,0.4219241637509299,0.1090190468119652,218.0380936239303
JPY,test,0,ridge_daily,5,2021-02-01,20,0.07936507936507936,observation,100.1184646975201,0.06600307568600663,0.6128793877067751,-0.1105814862883945,0.6128793877067751,-72.16984968010176,-0,0.005535624315581964,0.005535624315581964,0,-61.10413667325341,0.2564066687050968,0.1145546711275471,229.1093422550943
JPY,test,0,ridge_daily,5,2021-02-02,21,0.08333333333333333,settlement,99.87363765597851,,0,-0.6128793877067751,0,-61.10413667325341,-0,0.03060524694732222,0.03060524694732222,0,0.07575197444369053,0.07575197444369053,0.1451599180748693,290.3198361497387
JPY,test,0,selected_daily,5,2021-01-04,0,0,entry,100,0.06231444876251607,0.5035881645333771,0.5035881645333771,0.5035881645333771,0.7465292015332921,0,0.02517940822666885,0.02517940822666885,0,-49.63746666003109,0.7213497933066222,0.02517940822666885,50.35881645333771
JPY,test,0,selected_daily,5,2021-01-05,1,0.003968253968253968,observation,99.70778707945031,0.0618978236535003,0.4367944616279249,-0.06679370290545217,0.4367944616279249,-49.63746666003109,-0,0.003329926153772443,0.003329926153772443,0,-42.98094427863997,0.5708648988402913,0.0285093343804413,57.0186687608826
JPY,test,0,selected_daily,5,2021-01-06,2,0.007936507936507936,observation,100.3238035065551,0.06327081158434322,0.5772121204051339,0.140417658777209,0.5772121204051339,-42.98094427863997,-0,0.007043616804007606,0.007043616804007606,0,-57.0752215034592,0.8328938456674564,0.0355529511844489,71.10590236889782
JPY,test,0,selected_daily,5,2021-01-07,3,0.0119047619047619,observation,100.4027799715685,0.06235207326843337,0.598531966373845,0.02131984596871106,0.598531966373845,-57.0752215034592,-0,0.001070285901912114,0.001070285901912114,0,-59.21686359318534,0.8774097325980321,0.03662323708636101,73.24647417272205
JPY,test,0,selected_daily,5,2021-01-08,4,0.01587301587301587,observation,100.5054493760859,0.06147393533250439,0.6269366007816994,0.02840463440785446,0.6269366007816994,-59.21686359318534,-0,0.001427410272762422,0.001427410272762422,0,-62.07311154898294,0.9374332428975407,0.03805064735912343,76.10129471824689
JPY,test,0,selected_daily,5,2021-01-11,5,0.01984126984126984,observation,100.1105670510188,0.06150475972710011,0.5315049375339209,-0.09543166324777852,0.5315049375339209,-62.07311154898294,-0,0.004776858961178489,0.004776858961178489,0,-52.52417048558715,0.6850902013499933,0.04282750632030192,85.65501264060387
JPY,test,0,selected_daily,5,2021-01-12,6,0.02380952380952381,observation,100.0947717580161,0.06057671692754506,0.5284938422141391,-0.003011095319781831,0.5284938422141391,-52.52417048558715,-0,0.0001506974493875965,0.0001506974493875965,0,-52.22292628426134,0.6765442276798908,0.04297820376968951,85.95640753937906
JPY,test,0,selected_daily,5,2021-01-13,7,0.02777777777777778,observation,99.85784236297583,0.06001592370651233,0.4627561491870631,-0.06573769302707594,0.4627561491870631,-52.22292628426134,-0,0.003282212093801723,0.003282212093801723,0,-45.6617843087517,0.5480462892677807,0.04626041586349124,92.52083172698251
JPY,test,0,selected_daily,5,2021-01-14,8,0.03174603174603174,observation,99.67619649344495,0.05932044171805612,0.4074994641453204,-0.05525668504174275,0.4074994641453204,-45.6617843087517,-0,0.002753888097898575,0.002753888097898575,0,-40.15676200105245,0.4612346580700333,0.04901430396138981,98.02860792277966
JPY,test,0,selected_daily,5,2021-01-15,9,0.03571428571428571,observation,99.30500710788185,0.05931761826353598,0.2972527726307106,-0.1102466915146098,0.2972527726307106,-40.15676200105245,-0,0.005474024242239392,0.005474024242239392,0,-29.21418754081591,0.3045011581143946,0.0544883282036292,108.9766564072584
JPY,test,0,selected_daily,5,2021-01-18,10,0.03968253968253968,observation,98.86273890380667,0.05969626915223898,0.1811938154111493,-0.1160589572195613,0.1811938154111493,-29.21418754081591,-0,0.005736953192522777,0.005736953192522777,0,-17.74601810896288,0.1672987550141194,0.06022528139615198,120.450562792304
JPY,test,0,selected_daily,5,2021-01-19,11,0.04365079365079365,observation,99.63670826093824,0.0625817721609053,0.3875502493797427,0.2063564339685934,0.3875502493797427,-17.74601810896288,-0,0.01028033790454815,0.01028033790454815,0,-38.31697425596373,0.297256877939553,0.07050561930070012,141.0112386014003
JPY,test,0,selected_daily,5,2021-01-20,12,0.04761904761904762,observation,99.21023534986574,0.0627541568093852,0.253776562298885,-0.1337736870808577,0.253776562298885,-38.31697425596373,-0,0.006635859489455592,0.006635859489455592,0,-25.051891136542,0.1253413354102513,0.07714147879015572,154.2829575803115
JPY,test,0,selected_daily,5,2021-01-21,13,0.05158730158730158,observation,99.28921181487917,0.06184439035081384,0.2604864221356426,0.006709859836757592,0.2604864221356426,-25.051891136542,-0,0.0003331083472899875,0.0003331083472899875,0,-25.71844093946926,0.1450506028565854,0.07747458713744571,154.9491742748915
JPY,test,0,selected_daily,5,2021-01-22,14,0.05555555555555555,observation,99.66040120044227,0.06176773151193965,0.3724793192343056,0.111992897098663,0.3724793192343056,-25.71844093946926,-0,0.005580628528226301,0.005580628528226301,0,-36.88527862445009,0.2361597693084221,0.08305521566567201,166.1104313313441
JPY,test,0,selected_daily,5,2021-01-25,15,0.05952380952380952,observation,99.55773179592481,0.06090013754622012,0.3202539416541039,-0.05222537758020168,0.3202539416541039,-36.88527862445009,-0,0.002599720067035312,0.002599720067035312,0,-31.6884382104465,0.1953178193405307,0.08565493573270731,171.3098714654147
JPY,test,0,selected_daily,5,2021-01-26,16,0.06349206349206349,observation,99.45506239140737,0.06004673354785958,0.2604983279038148,-0.05975561375028915,0.2604983279038148,-31.6884382104465,-0,0.002971499146885923,0.002971499146885923,0,-25.74841141582154,0.159466038709656,0.08862643487959324,177.2528697591865
JPY,test,0,selected_daily,5,2021-01-27,17,0.06746031746031746,observation,99.40767651239931,0.05915368892626353,0.2137672526972982,-0.04673107520651659,0.2137672526972982,-25.74841141582154,-0,0.002322713803603003,0.002322713803603003,0,-21.10530652241913,0.1447993826582028,0.09094914868319624,181.8982973663925
JPY,test,0,selected_daily,5,2021-01-28,18,0.07142857142857142,observation,99.66829884694361,0.05870274738655434,0.3030888450099509,0.08932159231265274,0.3030888450099509,-21.10530652241913,-0,0.004451265578051167,0.004451265578051167,0,-30.01228894409952,0.1960606375272427,0.09540041426124742,190.8008285224949
JPY,test,0,selected_daily,5,2021-01-29,19,0.07539682539682539,observation,100.3395987995577,0.06069015084463421,0.7355694844123141,0.4324806394023631,0.7355694844123141,-30.01228894409952,-0,0.02169746692310466,0.02169746692310466,0,-73.42892025723194,0.3778266978971772,0.1170978811843521,234.1957623687042
JPY,test,0,selected_daily,5,2021-02-01,20,0.07936507936507936,observation,100.1184646975201,0.06007990901632702,0.6235122397320827,-0.1120572446802314,0.6235122397320827,-73.42892025723194,-0,0.005609499647809559,0.005609499647809559,0,-62.21553046126063,0.2095577008276024,0.1227073808321616,245.4147616643233
JPY,test,0,selected_daily,5,2021-02-02,21,0.08333333333333333,settlement,99.87363765597851,,0,-0.6235122397320827,0,-62.21553046126063,-0,0.03113621775253482,0.03113621775253482,0,0.02576882605647768,0.02576882605647768,0.1538435985846965,307.6871971693929
JPY,test,0,selected_every5,5,2021-01-04,0,0,entry,100,0.06231444876251607,0.5035881645333771,0.5035881645333771,0.5035881645333771,0.7465292015332921,0,0.02517940822666885,0.02517940822666885,0,-49.63746666003109,0.7213497933066222,0.02517940822666885,50.35881645333771
JPY,test,0,selected_every5,5,2021-01-05,1,0.003968253968253968,observation,99.70778707945031,0.0618978236535003,0.4367944616279249,0,0.5035881645333771,-49.63746666003109,-0,0,0,0,-49.63746666003109,0.5741948249940663,0.02517940822666885,50.35881645333771
JPY,test,0,selected_every5,5,2021-01-06,2,0.007936507936507936,observation,100.3238035065551,0.06327081158434322,0.5772121204051339,0,0.5035881645333771,-49.63746666003109,-0,0,0,0,-49.63746666003109,0.8844134068421496,0.02517940822666885,50.35881645333771
JPY,test,0,selected_every5,5,2021-01-07,3,0.0119047619047619,observation,100.4027799715685,0.06235207326843337,0.598531966373845,0,0.5035881645333771,-49.63746666003109,-0,0,0,0,-49.63746666003109,0.9241850198995891,0.02517940822666885,50.35881645333771
JPY,test,0,selected_every5,5,2021-01-08,4,0.01587301587301587,observation,100.5054493760859,0.06147393533250439,0.6269366007816994,0,0.5035881645333771,-49.63746666003109,-0,0,0,0,-49.63746666003109,0.9758881168742661,0.02517940822666885,50.35881645333771
JPY,test,0,selected_every5,5,2021-01-11,5,0.01984126984126984,observation,100.1105670510188,0.06150475972710011,0.5315049375339209,0.02791677300054385,0.5315049375339209,-49.63746666003109,-0,0.001397381987659508,0.001397381987659508,0,-52.43362801733776,0.775632669599382,0.02657679021432836,53.15358042865672
JPY,test,0,selected_every5,5,2021-01-12,6,0.02380952380952381,observation,100.0947717580161,0.06057671692754506,0.5284938422141391,0,0.5315049375339209,-52.43362801733776,-0,0,0,0,-52.43362801733776,0.7672373933786645,0.02657679021432836,53.15358042865672
JPY,test,0,selected_every5,5,2021-01-13,7,0.02777777777777778,observation,99.85784236297583,0.06001592370651233,0.4627561491870631,0,0.5315049375339209,-52.43362801733776,-0,0,0,0,-52.43362801733776,0.64130825006783,0.02657679021432836,53.15358042865672
JPY,test,0,selected_every5,5,2021-01-14,8,0.03174603174603174,observation,99.67619649344495,0.05932044171805612,0.4074994641453204,0,0.5315049375339209,-52.43362801733776,-0,0,0,0,-52.43362801733776,0.5447625735295247,0.02657679021432836,53.15358042865672
JPY,test,0,selected_every5,5,2021-01-15,9,0.03571428571428571,observation,99.30500710788185,0.05931761826353598,0.2972527726307106,0,0.5315049375339209,-52.43362801733776,-0,0,0,0,-52.43362801733776,0.3474735823425519,0.02657679021432836,53.15358042865672
JPY,test,0,selected_every5,5,2021-01-18,10,0.03968253968253968,observation,98.86273890380667,0.05969626915223898,0.1811938154111493,-0.3503111221227716,0.1811938154111493,-52.43362801733776,-0,0.01731635850076155,0.01731635850076155,0,-17.81822737431542,0.09508948966157504,0.04389314871508992,87.78629743017983
JPY,test,0,selected_every5,5,2021-01-19,11,0.04365079365079365,observation,99.63670826093824,0.0625817721609053,0.3875502493797427,0,0.1811938154111493,-17.81822737431542,-0,0,0,0,-17.81822737431542,0.2353279504915591,0.04389314871508992,87.78629743017983
JPY,test,0,selected_every5,5,2021-01-20,12,0.04761904761904762,observation,99.21023534986574,0.0627541568093852,0.253776562298885,0,0.1811938154111493,-17.81822737431542,-0,0,0,0,-17.81822737431542,0.1580536965648349,0.04389314871508992,87.78629743017983
JPY,test,0,selected_every5,5,2021-01-21,13,0.05158730158730158,observation,99.28921181487917,0.06184439035081384,0.2604864221356426,0,0.1811938154111493,-17.81822737431542,-0,0,0,0,-17.81822737431542,0.1723637435883028,0.04389314871508992,87.78629743017983
JPY,test,0,selected_every5,5,2021-01-22,14,0.05555555555555555,observation,99.66040120044227,0.06176773151193965,0.3724793192343056,0,0.1811938154111493,-17.81822737431542,-0,0,0,0,-17.81822737431542,0.2396209645986005,0.04389314871508992,87.78629743017983
JPY,test,0,selected_every5,5,2021-01-25,15,0.05952380952380952,observation,99.55773179592481,0.06090013754622012,0.3202539416541039,0.1390601262429546,0.3202539416541039,-17.81822737431542,-0,0.006922255376001761,0.006922255376001761,0,-31.66966038169494,0.214095648092087,0.05081540409109168,101.6308081821833
JPY,test,0,selected_every5,5,2021-01-26,16,0.06349206349206349,observation,99.45506239140737,0.06004673354785958,0.2604983279038148,0,0.3202539416541039,-31.66966038169494,-0,0,0,0,-31.66966038169494,0.1812153666080967,0.05081540409109168,101.6308081821833
JPY,test,0,selected_every5,5,2021-01-27,17,0.06746031746031746,observation,99.40767651239931,0.05915368892626353,0.2137672526972982,0,0.3202539416541039,-31.66966038169494,-0,0,0,0,-31.66966038169494,0.1660398520770201,0.05081540409109168,101.6308081821833
JPY,test,0,selected_every5,5,2021-01-28,18,0.07142857142857142,observation,99.66829884694361,0.05870274738655434,0.3030888450099509,0,0.3202539416541039,-31.66966038169494,-0,0,0,0,-31.66966038169494,0.2495051819979324,0.05081540409109168,101.6308081821833
JPY,test,0,selected_every5,5,2021-01-29,19,0.07539682539682539,observation,100.3395987995577,0.06069015084463421,0.7355694844123141,0,0.3202539416541039,-31.66966038169494,-0,0,0,0,-31.66966038169494,0.4644916378548096,0.05081540409109168,101.6308081821833
JPY,test,0,selected_every5,5,2021-02-01,20,0.07936507936507936,observation,100.1184646975201,0.06007990901632702,0.6235122397320827,0.3032582980779788,0.6235122397320827,-31.66966038169494,-0,0.01518087760517508,0.01518087760517508,0,-62.04659646965027,0.3784916924379615,0.06599628169626676,131.9925633925335
JPY,test,0,selected_every5,5,2021-02-02,21,0.08333333333333333,settlement,99.87363765597851,,0,-0.6235122397320827,0,-62.04659646965027,-0,0.03113621775253482,0.03113621775253482,0,0.1947028176668368,0.1947028176668368,0.09713249944880158,194.2649988976031
JPY,test,0,selected_threshold,5,2021-01-04,0,0,entry,100,0.06231444876251607,0.5035881645333771,0.5035881645333771,0.5035881645333771,0.7465292015332921,0,0.02517940822666885,0.02517940822666885,0,-49.63746666003109,0.7213497933066222,0.02517940822666885,50.35881645333771
JPY,test,0,selected_threshold,5,2021-01-05,1,0.003968253968253968,observation,99.70778707945031,0.0618978236535003,0.4367944616279249,-0.06679370290545217,0.4367944616279249,-49.63746666003109,-0,0.003329926153772443,0.003329926153772443,0,-42.98094427863997,0.5708648988402913,0.0285093343804413,57.0186687608826
JPY,test,0,selected_threshold,5,2021-01-06,2,0.007936507936507936,observation,100.3238035065551,0.06327081158434322,0.5772121204051339,0.140417658777209,0.5772121204051339,-42.98094427863997,-0,0.007043616804007606,0.007043616804007606,0,-57.0752215034592,0.8328938456674564,0.0355529511844489,71.10590236889782
JPY,test,0,selected_threshold,5,2021-01-07,3,0.0119047619047619,observation,100.4027799715685,0.06235207326843337,0.598531966373845,0,0.5772121204051339,-57.0752215034592,-0,0,0,0,-57.0752215034592,0.8784800184999497,0.0355529511844489,71.10590236889782
JPY,test,0,selected_threshold,5,2021-01-08,4,0.01587301587301587,observation,100.5054493760859,0.06147393533250439,0.6269366007816994,0,0.5772121204051339,-57.0752215034592,-0,0,0,0,-57.0752215034592,0.9377420431822046,0.0355529511844489,71.10590236889782
JPY,test,0,selected_threshold,5,2021-01-11,5,0.01984126984126984,observation,100.1105670510188,0.06150475972710011,0.5315049375339209,0,0.5772121204051339,-57.0752215034592,-0,0,0,0,-57.0752215034592,0.7098111790196953,0.0355529511844489,71.10590236889782
JPY,test,0,selected_threshold,5,2021-01-12,6,0.02380952380952381,observation,100.0947717580161,0.06057671692754506,0.5284938422141391,0,0.5772121204051339,-57.0752215034592,-0,0,0,0,-57.0752215034592,0.7006939444531923,0.0355529511844489,71.10590236889782
JPY,test,0,selected_threshold,5,2021-01-13,7,0.02777777777777778,observation,99.85784236297583,0.06001592370651233,0.4627561491870631,-0.1144559712180708,0.4627561491870631,-57.0752215034592,-0,0.005714663165697706,0.005714663165697706,0,-45.65160983522949,0.5582207627899933,0.04126761435014661,82.53522870029323
JPY,test,0,selected_threshold,5,2021-01-14,8,0.03174603174603174,observation,99.67619649344495,0.05932044171805612,0.4074994641453204,-0.05525668504174275,0.4074994641453204,-45.65160983522949,-0,0.002753888097898575,0.002753888097898575,0,-40.14658752753024,0.471409131592246,0.04402150244804518,88.04300489609038
JPY,test,0,selected_threshold,5,2021-01-15,9,0.03571428571428571,observation,99.30500710788185,0.05931761826353598,0.2972527726307106,-0.1102466915146098,0.2972527726307106,-40.14658752753024,-0,0.005474024242239392,0.005474024242239392,0,-29.20401306729369,0.3146756316366073,0.04949552669028457,98.99105338056917
JPY,test,0,selected_threshold,5,2021-01-18,10,0.03968253968253968,observation,98.86273890380667,0.05969626915223898,0.1811938154111493,-0.1160589572195613,0.1811938154111493,-29.20401306729369,-0,0.005736953192522777,0.005736953192522777,0,-17.73584363544066,0.1774732285363321,0.05523247988280735,110.4649597656147
JPY,test,0,selected_threshold,5,2021-01-19,11,0.04365079365079365,observation,99.63670826093824,0.0625817721609053,0.3875502493797427,0.2063564339685934,0.3875502493797427,-17.73584363544066,-0,0.01028033790454815,0.01028033790454815,0,-38.30679978244152,0.3074313514617657,0.0655128177873555,131.025635574711
JPY,test,0,selected_threshold,5,2021-01-20,12,0.04761904761904762,observation,99.21023534986574,0.0627541568093852,0.253776562298885,-0.1337736870808577,0.253776562298885,-38.30679978244152,-0,0.006635859489455592,0.006635859489455592,0,-25.04171666301978,0.135515808932464,0.0721486772768111,144.2973545536222
JPY,test,0,selected_threshold,5,2021-01-21,13,0.05158730158730158,observation,99.28921181487917,0.06184439035081384,0.2604864221356426,0,0.253776562298885,-25.04171666301978,-0,0,0,0,-25.04171666301978,0.1555581847260896,0.0721486772768111,144.2973545536222
JPY,test,0,selected_threshold,5,2021-01-22,14,0.05555555555555555,observation,99.66040120044227,0.06176773151193965,0.3724793192343056,0.1187027569354206,0.3724793192343056,-25.04171666301978,-0,0.005914982189891299,0.005914982189891299,0,-36.87759602499227,0.2438423687662379,0.07806365946670239,156.1273189334048
JPY,test,0,selected_threshold,5,2021-01-25,15,0.05952380952380952,observation,99.55773179592481,0.06090013754622012,0.3202539416541039,-0.05222537758020168,0.3202539416541039,-36.87759602499227,-0,0.002599720067035312,0.002599720067035312,0,-31.68075561098868,0.2030004187983465,0.0806633795337377,161.3267590674755
JPY,test,0,selected_threshold,5,2021-01-26,16,0.06349206349206349,observation,99.45506239140737,0.06004673354785958,0.2604983279038148,-0.05975561375028915,0.2604983279038148,-31.68075561098868,-0,0.002971499146885923,0.002971499146885923,0,-25.74072881636372,0.1671486381674718,0.08363487868062362,167.2697573612473
JPY,test,0,selected_threshold,5,2021-01-27,17,0.06746031746031746,observation,99.40767651239931,0.05915368892626353,0.2137672526972982,0,0.2604983279038148,-25.74072881636372,-0,0,0,0,-25.74072881636372,0.1548046959196192,0.08363487868062362,167.2697573612473
JPY,test,0,selected_threshold,5,2021-01-28,18,0.07142857142857142,observation,99.66829884694361,0.05870274738655434,0.3030888450099509,0,0.2604983279038148,-25.74072881636372,-0,0,0,0,-25.74072881636372,0.2226963782828015,0.08363487868062362,167.2697573612473
JPY,test,0,selected_threshold,5,2021-01-29,19,0.07539682539682539,observation,100.3395987995577,0.06069015084463421,0.7355694844123141,0.4750711565084993,0.7355694844123141,-25.74072881636372,-0,0.02383422462265236,0.02383422462265236,0,-73.43301228629109,0.3737346688380256,0.107469103303276,214.938206606552
JPY,test,0,selected_threshold,5,2021-02-01,20,0.07936507936507936,observation,100.1184646975201,0.06007990901632702,0.6235122397320827,-0.1120572446802314,0.6235122397320827,-73.43301228629109,-0,0.005609499647809559,0.005609499647809559,0,-62.21962249031978,0.2054656717684509,0.1130786029510855,226.1572059021711
JPY,test,0,selected_threshold,5,2021-02-02,21,0.08333333333333333,settlement,99.87363765597851,,0,-0.6235122397320827,0,-62.21962249031978,-0,0.03113621775253482,0.03113621775253482,0,0.02167679699732616,0.02167679699732616,0.1442148207036203,288.4296414072408
JPY,test,0,frozen_rolling63_daily,10,2021-01-04,0,0,entry,100,0.06482368182306604,0.5037326460076664,0.5037326460076664,0.5037326460076664,0.7465292015332921,0,0.05037326460076665,0.05037326460076665,0,-49.67710866383412,0.6961559369325272,0.05037326460076665,50.37326460076665
JPY,test,0,frozen_rolling63_daily,10,2021-01-05,1,0.003968253968253968,observation,99.70778707945031,0.06482368182306604,0.4399426314524606,-0.06379001455520583,0.4399426314524606,-49.67710866383412,-0,0.0063603611890655,0.0063603611890655,0,-43.32310783595769,0.5425983880773373,0.05673362578983215,56.73362578983215
JPY,test,0,frozen_rolling63_daily,10,2021-01-06,2,0.007936507936507936,observation,100.3238035065551,0.06482368182306604,0.5755499811709451,0.1356073497184845,0.5755499811709451,-43.32310783595769,-0,0.01360464510720194,0.01360464510720194,0,-56.94135758826683,0.8000056309285313,0.07033827089703408,70.33827089703408
JPY,test,0,frozen_rolling63_daily,10,2021-01-07,3,0.0119047619047619,observation,100.4027799715685,0.06482368182306604,0.5950992893604372,0.01954930818949208,0.5950992893604372,-56.94135758826683,-0,0.001962804888745954,0.001962804888745954,0,-58.90612528190152,0.8434977289912098,0.07230107578578003,72.30107578578003
JPY,test,0,frozen_rolling63_daily,10,2021-01-08,4,0.01587301587301587,observation,100.5054493760859,0.06482368182306604,0.6209088037346411,0.02580951437420387,0.6209088037346411,-58.90612528190152,-0,0.002593996840357909,0.002593996840357909,0,-61.50271611909979,0.9020022218182504,0.07489507262613794,74.89507262613793
JPY,test,0,frozen_rolling63_daily,10,2021-01-11,5,0.01984126984126984,observation,100.1105670510188,0.06482368182306604,0.5302191808510881,-0.09068962288355298,0.5302191808510881,-61.50271611909979,-0,0.009078989572515539,0.009078989572515539,0,-52.43280553615676,0.6477373201723466,0.08397406219865348,83.97406219865347
JPY,test,0,frozen_rolling63_daily,10,2021-01-12,6,0.02380952380952381,observation,100.0947717580161,0.06482368182306604,0.527028842302542,-0.003190338548546112,0.527028842302542,-52.43280553615676,-0,0.0003193362088475235,0.0003193362088475235,0,-52.11378866351809,0.639043016646319,0.08429339840750101,84.29339840750099
JPY,test,0,frozen_rolling63_daily,10,2021-01-13,7,0.02777777777777778,observation,99.85784236297583,0.06482368182306604,0.4659449436945006,-0.06108389860804142,0.4659449436945006,-52.11378866351809,-0,0.006099706318117799,0.006099706318117799,0,-46.02018205171841,0.5080746855526783,0.09039310472561882,90.39310472561878
JPY,test,0,frozen_rolling63_daily,10,2021-01-14,8,0.03174603174603174,observation,99.67619649344495,0.06482368182306604,0.4156942440621368,-0.05025069963236373,0.4156942440621368,-46.02018205171841,-0,0.005008798610488569,0.005008798610488569,0,-41.01639223984033,0.4184289124912866,0.09540190333610739,95.40190333610735
JPY,test,0,frozen_rolling63_daily,10,2021-01-15,9,0.03571428571428571,observation,99.30500710788185,0.06482368182306604,0.3135001733186625,-0.1021940707434743,0.3135001733186625,-41.01639223984033,-0,0.0101483829215641,0.0101483829215641,0,-30.8781577011978,0.2539792385341784,0.1055502862576715,105.5502862576714
JPY,test,0,frozen_rolling63_daily,10,2021-01-18,10,0.03968253968253968,observation,98.86273890380667,0.06482368182306604,0.2010850709902454,-0.1124151023284171,0.2010850709902454,-30.8781577011978,-0,0.01111366491033901,0.01111366491033901,0,-19.77560645576912,0.104214414992942,0.1166639511680105,116.6639511680105
JPY,test,0,frozen_rolling63_daily,10,2021-01-19,11,0.04365079365079365,observation,99.63670826093824,0.06482368182306604,0.3915084666610434,0.190423395670798,0.3915084666610434,-19.77560645576912,-0,0.0189731603205085,0.0189731603205085,0,-38.76773993659813,0.2408749377955104,0.135637111488519,135.637111488519
JPY,test,0,frozen_rolling63_daily,10,2021-01-20,12,0.04761904761904762,observation,99.21023534986574,0.06482368182306604,0.2607248998200321,-0.1307835668410113,0.2607248998200321,-38.76773993659813,-0,0.01297506844619163,0.01297506844619163,0,-25.80564655885269,0.06093211386285446,0.1486121799347107,148.6121799347106
JPY,test,0,frozen_rolling63_daily,10,2021-01-21,13,0.05158730158730158,observation,99.28921181487917,0.06482368182306604,0.2703255614071799,0.009600661587147896,0.2703255614071799,-25.80564655885269,-0,0.0009532421218893015,0.0009532421218893015,0,-26.75984192286388,0.08057000266973091,0.1495654220566,149.5654220565999
JPY,test,0,frozen_rolling63_daily,10,2021-01-22,14,0.05555555555555555,observation,99.66040120044227,0.06482368182306604,0.3784852759907186,0.1081597145835386,0.3784852759907186,-26.75984192286388,-0,0.01077924054912079,0.01077924054912079,0,-37.54986171253379,0.1701327411613391,0.1603446626057207,160.3446626057207
JPY,test,0,frozen_rolling63_daily,10,2021-01-25,15,0.05952380952380952,observation,99.55773179592481,0.06482368182306604,0.3306436451862103,-0.04784163080450832,0.3306436451862103,-37.54986171253379,-0,0.004763004248314893,0.004763004248314893,0,-32.79162046846722,0.1265108790084284,0.1651076668540356,165.1076668540356
JPY,test,0,frozen_rolling63_daily,10,2021-01-26,16,0.06349206349206349,observation,99.45506239140737,0.06482368182306604,0.2763009066216497,-0.05434273856456057,0.2763009066216497,-32.79162046846722,-0,0.005404660454458311,0.005404660454458311,0,-27.39236467446336,0.08715923239522994,0.1705123273084939,170.5123273084939
JPY,test,0,frozen_rolling63_daily,10,2021-01-27,17,0.06746031746031746,observation,99.40767651239931,0.06482368182306604,0.2347367450827336,-0.04156416153891607,0.2347367450827336,-27.39236467446336,-0,0.004131796724769678,0.004131796724769678,0,-23.26469974641845,0.06993467433946776,0.1746441240332636,174.6441240332636
JPY,test,0,frozen_rolling63_daily,10,2021-01-28,18,0.07142857142857142,observation,99.66829884694361,0.06482368182306604,0.3205284439960925,0.08579169891335886,0.3205284439960925,-23.26469974641845,-0,0.008550712685883659,0.008550712685883659,0,-31.823963144988,0.1225616001603775,0.1831948367191473,183.1948367191473
JPY,test,0,frozen_rolling63_daily,10,2021-01-29,19,0.07539682539682539,observation,100.3395987995577,0.06482368182306604,0.7223865455851519,0.4018581015890594,0.7223865455851519,-31.823963144988,-0,0.04032228068779813,0.04032228068779813,0,-72.18656611347393,0.2974100487386266,0.2235171174069454,223.5171174069454
JPY,test,0,frozen_rolling63_daily,10,2021-02-01,20,0.07936507936507936,observation,100.1184646975201,0.06482368182306604,0.6148472308241253,-0.1075393147610266,0.6148472308241253,-72.18656611347393,-0,0.01076667108849735,0.01076667108849735,0,-61.43066169606508,0.1268990775681118,0.2342837884954428,234.2837884954428
JPY,test,0,frozen_rolling63_daily,10,2021-02-02,21,0.08333333333333333,settlement,99.87363765597851,,0,-0.6148472308241253,0,-61.43066169606508,-0,0.06140702954511048,0.06140702954511048,0,-0.08503918049971304,-0.08503918049971304,0.2956908180405532,295.6908180405533
JPY,test,0,rolling63_daily,10,2021-01-04,0,0,entry,100,0.06482368182306604,0.5037326460076664,0.5037326460076664,0.5037326460076664,0.7465292015332921,0,0.05037326460076665,0.05037326460076665,0,-49.67710866383412,0.6961559369325272,0.05037326460076665,50.37326460076665
JPY,test,0,rolling63_daily,10,2021-01-05,1,0.003968253968253968,observation,99.70778707945031,0.0648708250121878,0.4399911821598211,-0.06374146384784529,0.4399911821598211,-49.67710866383412,-0,0.006355520305473438,0.006355520305473438,0,-43.32794387866615,0.5426032289609282,0.05672878490624009,56.72878490624009
JPY,test,0,rolling63_daily,10,2021-01-06,2,0.007936507936507936,observation,100.3238035065551,0.06598617676224469,0.5743586335028696,0.1343674513430485,0.5743586335028696,-43.32794387866615,-0,0.01348025378621659,0.01348025378621659,0,-56.82167791866897,0.8001647711663935,0.07020903869245668,70.20903869245669
JPY,test,0,rolling63_daily,10,2021-01-07,3,0.0119047619047619,observation,100.4027799715685,0.0660018249767565,0.5935544816340032,0.01919584813113351,0.5935544816340032,-56.82167791866897,-0,0.001927316516277842,0.001927316516277842,0,-58.75092175146309,0.8435982691741017,0.07213635520873452,72.13635520873453
JPY,test,0,rolling63_daily,10,2021-01-08,4,0.01587301587301587,observation,100.5054493760859,0.06590192491706438,0.6190966512052816,0.02554216957127842,0.6190966512052816,-58.75092175146309,-0,0.002567127230801525,0.002567127230801525,0,-61.32061610949542,0.901971027121327,0.07470348243953603,74.70348243953606
JPY,test,0,rolling63_daily,10,2021-01-11,5,0.01984126984126984,observation,100.1105670510188,0.06580289291523223,0.5298677607640915,-0.08922889044119009,0.5298677607640915,-61.32061610949542,-0,0.008932754819400771,0.008932754819400771,0,-52.39679404491405,0.6485679472327206,0.0836362372589368,83.63623725893683
JPY,test,0,rolling63_daily,10,2021-01-12,6,0.02380952380952381,observation,100.0947717580161,0.06580188189823583,0.5267219287510068,-0.003145832013084715,0.5267219287510068,-52.39679404491405,-0,0.0003148813373387749,0.0003148813373387749,0,-52.08222758891261,0.6398836493614368,0.08395111859627558,83.95111859627561
JPY,test,0,rolling63_daily,10,2021-01-13,7,0.02777777777777778,observation,99.85784236297583,0.06505488564335143,0.4660873051938831,-0.06063462355712368,0.4660873051938831,-52.08222758891261,-0,0.006054842680905638,0.006054842680905638,0,-46.03343975068788,0.5090328987471082,0.09000596127718122,90.00596127718124
JPY,test,0,rolling63_daily,10,2021-01-14,8,0.03174603174603174,observation,99.67619649344495,0.06454431572316512,0.4153100663469154,-0.05077723884696766,0.4153100663469154,-46.03343975068788,-0,0.005061282036704935,0.005061282036704935,0,-40.97721899601964,0.4193087828811528,0.09506724331388615,95.06724331388618
JPY,test,0,rolling63_daily,10,2021-01-15,9,0.03571428571428571,observation,99.30500710788185,0.06458147758080394,0.3128356056677137,-0.1024744606792017,0.3128356056677137,-40.97721899601964,-0,0.01017622704612449,0.01017622704612449,0,-30.81116817694128,0.2549738674895501,0.1052434703600106,105.2434703600107
JPY,test,0,rolling63_daily,10,2021-01-18,10,0.03968253968253968,observation,98.86273890380667,0.06465251263373985,0.2004526431078739,-0.1123829625598398,0.2004526431078739,-30.81116817694128,-0,0.01111048748478972,0.01111048748478972,0,-19.71179117963635,0.1055061385153309,0.1163539578448004,116.3539578448004
JPY,test,0,rolling63_daily,10,2021-01-19,11,0.04365079365079365,observation,99.63670826093824,0.06560315576093459,0.3928251715664127,0.1923725284585388,0.3928251715664127,-19.71179117963635,-0,0.01916736549544247,0.01916736549544247,0,-38.89832404057426,0.2414829763414161,0.1355213233402428,135.5213233402428
JPY,test,0,rolling63_daily,10,2021-01-20,12,0.04761904761904762,observation,99.21023534986574,0.06563250720083461,0.2633473963137229,-0.1294777752526898,0.2633473963137229,-38.89832404057426,-0,0.01284552055539638,0.01284552055539638,0,-26.06564900573328,0.06110816132553865,0.1483668438956392,148.3668438956392
JPY,test,0,rolling63_daily,10,2021-01-21,13,0.05158730158730158,observation,99.28921181487917,0.06504965875528909,0.2710425244878375,0.007695128174114552,0.2710425244878375,-26.06564900573328,-0,0.0007640432112223041,0.0007640432112223041,0,-26.83045626016681,0.08114236454566282,0.1491308871068615,149.1308871068615
JPY,test,0,rolling63_daily,10,2021-01-22,14,0.05555555555555555,observation,99.66040120044227,0.06507248240687359,0.3789510647086611,0.1079085402208236,0.3789510647086611,-26.83045626016681,-0,0.01075420841136134,0.01075420841136134,0,-37.59541887993952,0.1709962642604097,0.1598850955182229,159.8850955182229
JPY,test,0,rolling63_daily,10,2021-01-25,15,0.05952380952380952,observation,99.55773179592481,0.0651033331258974,0.3313416460027324,-0.04760941870592872,0.3313416460027324,-37.59541887993952,-0,0.004739885738484737,0.004739885738484737,0,-32.86027302719327,0.127349698367027,0.1646249812567076,164.6249812567076
JPY,test,0,rolling63_daily,10,2021-01-26,16,0.06349206349206349,observation,99.45506239140737,0.06481541970127741,0.2762751999830374,-0.05506644601969501,0.2762751999830374,-32.86027302719327,-0,0.005476636824561833,0.005476636824561833,0,-27.38911283945599,0.08785441205553823,0.1701016180812694,170.1016180812694
JPY,test,0,rolling63_daily,10,2021-01-27,17,0.06746031746031746,observation,99.40767651239931,0.06081805527972493,0.2202059185142798,-0.05606928146875761,0.2202059185142798,-27.38911283945599,-0,0.005573716994528921,0.005573716994528921,0,-21.8209695619216,0.06918915186168562,0.1756753350757984,175.6753350757984
JPY,test,0,rolling63_daily,10,2021-01-28,18,0.07142857142857142,observation,99.66829884694361,0.06088299290509794,0.3096502515522014,0.0894443330379216,0.3096502515522014,-21.8209695619216,-0,0.008914764515389122,0.008914764515389122,0,-30.74464884182611,0.1176649679099597,0.1845900995911875,184.5900995911875
JPY,test,0,rolling63_daily,10,2021-01-29,19,0.07539682539682539,observation,100.3395987995577,0.06218893739924376,0.7306236777927407,0.4209734262405394,0.7306236777927407,-30.74464884182611,-0,0.04224030469425093,0.04224030469425093,0,-73.02719384077129,0.2832928624096382,0.2268304042854384,226.8304042854384
JPY,test,0,rolling63_daily,10,2021-02-01,20,0.07936507936507936,observation,100.1184646975201,0.06194644169020036,0.6199506741774576,-0.1106730036152831,0.6199506741774576,-73.02719384077129,-0,0.01108041120542524,0.01108041120542524,0,-61.95786304655148,0.1106466402881097,0.2379108154908636,237.9108154908637
JPY,test,0,rolling63_daily,10,2021-02-02,21,0.08333333333333333,settlement,99.87363765597851,,0,-0.6199506741774576,0,-61.95786304655148,-0,0.061916728997379,0.061916728997379,0,-0.103050778169866,-0.103050778169866,0.2998275444882426,299.8275444882427
JPY,test,0,ewma_daily,10,2021-01-04,0,0,entry,100,0.06231444876251607,0.5035881645333771,0.5035881645333771,0.5035881645333771,0.7465292015332921,0,0.05035881645333771,0.05035881645333771,0,-49.66264606825776,0.6961703850799523,0.05035881645333771,50.35881645333771
JPY,test,0,ewma_daily,10,2021-01-05,1,0.003968253968253968,observation,99.70778707945031,0.0618978236535003,0.4367944616279249,-0.06679370290545217,0.4367944616279249,-49.66264606825776,-0,0.006659852307544886,0.006659852307544886,0,-43.00945361302041,0.5423555644598537,0.05701866876088259,57.0186687608826
JPY,test,0,ewma_daily,10,2021-01-06,2,0.007936507936507936,observation,100.3238035065551,0.06327081158434322,0.5772121204051339,0.140417658777209,0.5772121204051339,-43.00945361302041,-0,0.01408723360801521,0.01408723360801521,0,-57.11077445464364,0.797340894483014,0.0711059023688978,71.10590236889782
JPY,test,0,ewma_daily,10,2021-01-07,3,0.0119047619047619,observation,100.4027799715685,0.06235207326843337,0.598531966373845,0.02131984596871106,0.598531966373845,-57.11077445464364,-0,0.002140571803824228,0.002140571803824228,0,-59.25348683027169,0.8407864955116793,0.07324647417272202,73.24647417272205
JPY,test,0,ewma_daily,10,2021-01-08,4,0.01587301587301587,observation,100.5054493760859,0.06147393533250439,0.6269366007816994,0.02840463440785446,0.6269366007816994,-59.25348683027169,-0,0.002854820545524845,0.002854820545524845,0,-62.11116219634206,0.8993825955384267,0.07610129471824686,76.10129471824689
JPY,test,0,ewma_daily,10,2021-01-11,5,0.01984126984126984,observation,100.1105670510188,0.06150475972710011,0.5315049375339209,-0.09543166324777852,0.5315049375339209,-62.11116219634206,-0,0.009553717922356977,0.009553717922356977,0,-52.56699799190744,0.6422626950297072,0.08565501264060384,85.65501264060387
JPY,test,0,ewma_daily,10,2021-01-12,6,0.02380952380952381,observation,100.0947717580161,0.06057671692754506,0.5284938422141391,-0.003011095319781831,0.5284938422141391,-52.56699799190744,-0,0.000301394898775193,0.000301394898775193,0,-52.26590448803102,0.6335660239102126,0.08595640753937903,85.95640753937906
JPY,test,0,ewma_daily,10,2021-01-13,7,0.02777777777777778,observation,99.85784236297583,0.06001592370651233,0.4627561491870631,-0.06573769302707594,0.4627561491870631,-52.26590448803102,-0,0.006564424187603445,0.006564424187603445,0,-45.70804472461518,0.5017858734043017,0.09252083172698247,92.52083172698251
JPY,test,0,ewma_daily,10,2021-01-14,8,0.03174603174603174,observation,99.67619649344495,0.05932044171805612,0.4074994641453204,-0.05525668504174275,0.4074994641453204,-45.70804472461518,-0,0.005507776195797151,0.005507776195797151,0,-40.20577630501383,0.4122203541086549,0.09802860792277962,98.02860792277966
JPY,test,0,ewma_daily,10,2021-01-15,9,0.03571428571428571,observation,99.30500710788185,0.05931761826353598,0.2972527726307106,-0.1102466915146098,0.2972527726307106,-40.20577630501383,-0,0.01094804848447878,0.01094804848447878,0,-29.26867586901952,0.2500128299107764,0.1089766564072584,108.9766564072584
JPY,test,0,ewma_daily,10,2021-01-18,10,0.03968253968253968,observation,98.86273890380667,0.05969626915223898,0.1811938154111493,-0.1160589572195613,0.1811938154111493,-29.26867586901952,-0,0.01147390638504555,0.01147390638504555,0,-17.80624339035901,0.1070734736179801,0.120450562792304,120.450562792304
JPY,test,0,ewma_daily,10,2021-01-19,11,0.04365079365079365,observation,99.63670826093824,0.0625817721609053,0.3875502493797427,0.2063564339685934,0.3875502493797427,-17.80624339035901,-0,0.0205606758090963,0.0205606758090963,0,-38.38747987526442,0.2267512586388634,0.1410112386014002,141.0112386014003
JPY,test,0,ewma_daily,10,2021-01-20,12,0.04761904761904762,observation,99.21023534986574,0.0627541568093852,0.253776562298885,-0.1337736870808577,0.253776562298885,-38.38747987526442,-0,0.01327171897891118,0.01327171897891118,0,-25.12903261533214,0.04819985662010495,0.1542829575803114,154.2829575803115
JPY,test,0,ewma_daily,10,2021-01-21,13,0.05158730158730158,observation,99.28921181487917,0.06184439035081384,0.2604864221356426,0.006709859836757592,0.2604864221356426,-25.12903261533214,-0,0.0006662166945799751,0.0006662166945799751,0,-25.7959155266067,0.06757601571914762,0.1549491742748914,154.9491742748915
JPY,test,0,ewma_daily,10,2021-01-22,14,0.05555555555555555,observation,99.66040120044227,0.06176773151193965,0.3724793192343056,0.111992897098663,0.3724793192343056,-25.7959155266067,-0,0.0111612570564526,0.0111612570564526,0,-36.96833384011575,0.1531045536427555,0.166110431331344,166.1104313313441
JPY,test,0,ewma_daily,10,2021-01-25,15,0.05952380952380952,observation,99.55773179592481,0.06090013754622012,0.3202539416541039,-0.05222537758020168,0.3202539416541039,-36.96833384011575,-0,0.005199440134070624,0.005199440134070624,0,-31.7740931461792,0.1096628836078288,0.1713098714654146,171.3098714654147
JPY,test,0,ewma_daily,10,2021-01-26,16,0.06349206349206349,observation,99.45506239140737,0.06004673354785958,0.2604983279038148,-0.05975561375028915,0.2604983279038148,-31.7740931461792,-0,0.005942998293771847,0.005942998293771847,0,-25.83703785070113,0.07083960383006627,0.1772528697591865,177.2528697591865
JPY,test,0,ewma_daily,10,2021-01-27,17,0.06746031746031746,observation,99.40767651239931,0.05915368892626353,0.2137672526972982,-0.04673107520651659,0.2137672526972982,-25.83703785070113,-0,0.004645427607206006,0.004645427607206006,0,-21.19625567110233,0.05385023397500888,0.1818982973663925,181.8982973663925
JPY,test,0,ewma_daily,10,2021-01-28,18,0.07142857142857142,observation,99.66829884694361,0.05870274738655434,0.3030888450099509,0.08932159231265274,0.3030888450099509,-21.19625567110233,-0,0.008902531156102334,0.008902531156102334,0,-30.10768935836077,0.1006602232659972,0.1908008285224948,190.8008285224949
JPY,test,0,ewma_daily,10,2021-01-29,19,0.07539682539682539,observation,100.3395987995577,0.06069015084463421,0.7355694844123141,0.4324806394023631,0.7355694844123141,-30.10768935836077,-0,0.04339493384620931,0.04339493384620931,0,-73.54601813841629,0.2607288167128274,0.2341957623687042,234.1957623687042
JPY,test,0,ewma_daily,10,2021-02-01,20,0.07936507936507936,observation,100.1184646975201,0.06007990901632702,0.6235122397320827,-0.1120572446802314,0.6235122397320827,-73.54601813841629,-0,0.01121899929561912,0.01121899929561912,0,-62.33823784209279,0.08685031999544179,0.2454147616643233,245.4147616643233
JPY,test,0,ewma_daily,10,2021-02-02,21,0.08333333333333333,settlement,99.87363765597851,,0,-0.6235122397320827,0,-62.33823784209279,-0,0.06227243550506964,0.06227243550506964,0,-0.1280747725282225,-0.1280747725282225,0.3076871971693929,307.6871971693929
JPY,test,0,ridge_daily,10,2021-01-04,0,0,entry,100,0.06516764039876315,0.5037524510820593,0.5037524510820593,0.5037524510820593,0.7465292015332921,0,0.05037524510820594,0.05037524510820594,0,-49.67909115178085,0.6961539564250856,0.05037524510820594,50.37524510820594
JPY,test,0,ridge_daily,10,2021-01-05,1,0.003968253968253968,observation,99.70778707945031,0.06637714190985464,0.4415085758116462,-0.0622438752704132,0.4415085758116462,-49.67909115178085,-0,0.006206199062462222,0.006206199062462222,0,-43.4790982883811,0.5427447823978682,0.05658144417066815,56.58144417066816
JPY,test,0,ridge_daily,10,2021-01-06,2,0.007936507936507936,observation,100.3238035065551,0.06763329012395945,0.5727433614178807,0.1312347856062346,0.5727433614178807,-43.4790982883811,-0,0.01316597284438476,0.01316597284438476,0,-56.65823710561024,0.8015553449610735,0.06974741701505291,69.74741701505292
JPY,test,0,ridge_daily,10,2021-01-07,3,0.0119047619047619,observation,100.4027799715685,0.0655245928152705,0.5941734572489176,0.02143009583103683,0.5941734572489176,-56.65823710561024,-0,0.002151641196493218,0.002151641196493218,0,-58.81202994329995,0.8446369498092565,0.07189905821154613,71.89905821154613
JPY,test,0,ridge_daily,10,2021-01-08,4,0.01587301587301587,observation,100.5054493760859,0.06429475886200541,0.6218196129830588,0.0276461557341412,0.6218196129830588,-58.81202994329995,-0,0.002778589305581116,0.002778589305581116,0,-61.59339783818665,0.9028617955395006,0.07467764751712724,74.67764751712726
JPY,test,0,ridge_daily,10,2021-01-11,5,0.01984126984126984,observation,100.1105670510188,0.06621854143742967,0.5297221666175476,-0.0920974463655112,0.5297221666175476,-61.59339783818665,-0,0.009219927579602116,0.009219927579602116,0,-52.38269018616414,0.6480962934128058,0.08389757509672936,83.89757509672937
JPY,test,0,ridge_daily,10,2021-01-12,6,0.02380952380952381,observation,100.0947717580161,0.06727512191956866,0.5262791168362575,-0.003443049781290064,0.5262791168362575,-52.38269018616414,-0,0.0003446312820097162,0.0003446312820097162,0,-52.03840353543644,0.6393845452990519,0.08424220637873908,84.24220637873908
JPY,test,0,ridge_daily,10,2021-01-13,7,0.02777777777777778,observation,99.85784236297583,0.06505431164769597,0.4660869529139461,-0.06019216392231136,0.4660869529139461,-52.03840353543644,-0,0.006010659616440569,0.006010659616440569,0,-46.03375457861231,0.5086828929082614,0.09025286599517965,90.25286599517965
JPY,test,0,ridge_daily,10,2021-01-14,8,0.03174603174603174,observation,99.67619649344495,0.06638571949791225,0.4177860603249017,-0.04830089258904441,0.4177860603249017,-46.03375457861231,-0,0.004814449260514369,0.004814449260514369,0,-41.22411976735846,0.4192056738086904,0.09506731525569402,95.06731525569401
JPY,test,0,ridge_daily,10,2021-01-15,9,0.03571428571428571,observation,99.30500710788185,0.0692968471994282,0.3250440063281069,-0.0927420539967948,0.3250440063281069,-41.22411976735846,-0,0.00920975033135127,0.00920975033135127,0,-32.02357918633854,0.2549181724485123,0.1042770655870453,104.2770655870453
JPY,test,0,ridge_daily,10,2021-01-18,10,0.03968253968253968,observation,98.86273890380667,0.07023884916469919,0.2200346244275558,-0.1050093819005511,0.2200346244275558,-32.02357918633854,-0,0.01038151510528431,0.01038151510528431,0,-21.65244559615951,0.1007800284190985,0.1146585806923296,114.6585806923296
JPY,test,0,ridge_daily,10,2021-01-19,11,0.04365079365079365,observation,99.63670826093824,0.07274565221295756,0.4036511825656199,0.1836165581380642,0.4036511825656199,-21.65244559615951,-0,0.0182949494350799,0.0182949494350799,0,-39.9656899806745,0.2527851357988951,0.1329535301274095,132.9535301274095
JPY,test,0,ridge_daily,10,2021-01-20,12,0.04761904761904762,observation,99.21023534986574,0.07487140422234491,0.2900277441252174,-0.1136234384404026,0.2900277441252174,-39.9656899806745,-0,0.01127260806893332,0.01127260806893332,0,-28.70435451981011,0.06936623284334686,0.1442261381963428,144.2261381963428
JPY,test,0,ridge_daily,10,2021-01-21,13,0.05158730158730158,observation,99.28921181487917,0.07372203043390509,0.2958098531810297,0.005782109055812334,0.2958098531810297,-28.70435451981011,-0,0.0005741010507792819,0.0005741010507792819,0,-29.27902967164017,0.09169749777939629,0.1448002392471221,144.8002392471221
JPY,test,0,ridge_daily,10,2021-01-22,14,0.05555555555555555,observation,99.66040120044227,0.06973504068832621,0.3871033747952539,0.09129352161422422,0.3871033747952539,-29.27902967164017,-0,0.009098348991074832,0.009098348991074832,0,-38.38647701170608,0.1924006264341003,0.1538985882381969,153.8985882381969
JPY,test,0,ridge_daily,10,2021-01-25,15,0.05952380952380952,observation,99.55773179592481,0.06849041089141997,0.3393895715721142,-0.04771380322313967,0.3393895715721142,-38.38647701170608,-0,0.004750278024252872,0.004750278024252872,0,-33.64094926547746,0.147906675432921,0.1586488662624498,158.6488662624498
JPY,test,0,ridge_daily,10,2021-01-26,16,0.06349206349206349,observation,99.45506239140737,0.06831047388387447,0.2866921094830251,-0.0526974620890891,0.2866921094830251,-33.64094926547746,-0,0.005241029379939181,0.005241029379939181,0,-28.40516091491822,0.1078207208402375,0.163889895642389,163.889895642389
JPY,test,0,ridge_daily,10,2021-01-27,17,0.06746031746031746,observation,99.40767651239931,0.06482496737130516,0.2347412002077287,-0.05195090927529644,0.2347412002077287,-28.40516091491822,-0,0.005164319183763673,0.005164319183763673,0,-23.24600605033831,0.08907124404394651,0.1690542148261527,169.0542148261527
JPY,test,0,ridge_daily,10,2021-01-28,18,0.07142857142857142,observation,99.66829884694361,0.06286374667010756,0.3152673424997957,0.080526142292067,0.3152673424997957,-23.24600605033831,-0,0.008025903614957239,0.008025903614957239,0,-31.2799355689105,0.142224140040863,0.1770801184411099,177.0801184411099
JPY,test,0,ridge_daily,10,2021-01-29,19,0.07539682539682539,observation,100.3395987995577,0.06446967023993357,0.7234608739951696,0.4081935314953739,0.7234608739951696,-31.2799355689105,-0,0.04095797518282044,0.04095797518282044,0,-72.27886872691377,0.3129051169389214,0.2180380936239303,218.0380936239303
JPY,test,0,ridge_daily,10,2021-02-01,20,0.07936507936507936,observation,100.1184646975201,0.06600307568600663,0.6128793877067751,-0.1105814862883945,0.6128793877067751,-72.27886872691377,-0,0.01107124863116393,0.01107124863116393,0,-61.21869134438101,0.1418519975775041,0.2291093422550942,229.1093422550943
JPY,test,0,ridge_daily,10,2021-02-02,21,0.08333333333333333,settlement,99.87363765597851,,0,-0.6128793877067751,0,-61.21869134438101,-0,0.06121049389464443,0.06121049389464443,0,-0.06940794363121938,-0.06940794363121938,0.2903198361497387,290.3198361497387
JPY,test,0,selected_daily,10,2021-01-04,0,0,entry,100,0.06231444876251607,0.5035881645333771,0.5035881645333771,0.5035881645333771,0.7465292015332921,0,0.05035881645333771,0.05035881645333771,0,-49.66264606825776,0.6961703850799523,0.05035881645333771,50.35881645333771
JPY,test,0,selected_daily,10,2021-01-05,1,0.003968253968253968,observation,99.70778707945031,0.0618978236535003,0.4367944616279249,-0.06679370290545217,0.4367944616279249,-49.66264606825776,-0,0.006659852307544886,0.006659852307544886,0,-43.00945361302041,0.5423555644598537,0.05701866876088259,57.0186687608826
JPY,test,0,selected_daily,10,2021-01-06,2,0.007936507936507936,observation,100.3238035065551,0.06327081158434322,0.5772121204051339,0.140417658777209,0.5772121204051339,-43.00945361302041,-0,0.01408723360801521,0.01408723360801521,0,-57.11077445464364,0.797340894483014,0.0711059023688978,71.10590236889782
JPY,test,0,selected_daily,10,2021-01-07,3,0.0119047619047619,observation,100.4027799715685,0.06235207326843337,0.598531966373845,0.02131984596871106,0.598531966373845,-57.11077445464364,-0,0.002140571803824228,0.002140571803824228,0,-59.25348683027169,0.8407864955116793,0.07324647417272202,73.24647417272205
JPY,test,0,selected_daily,10,2021-01-08,4,0.01587301587301587,observation,100.5054493760859,0.06147393533250439,0.6269366007816994,0.02840463440785446,0.6269366007816994,-59.25348683027169,-0,0.002854820545524845,0.002854820545524845,0,-62.11116219634206,0.8993825955384267,0.07610129471824686,76.10129471824689
JPY,test,0,selected_daily,10,2021-01-11,5,0.01984126984126984,observation,100.1105670510188,0.06150475972710011,0.5315049375339209,-0.09543166324777852,0.5315049375339209,-62.11116219634206,-0,0.009553717922356977,0.009553717922356977,0,-52.56699799190744,0.6422626950297072,0.08565501264060384,85.65501264060387
JPY,test,0,selected_daily,10,2021-01-12,6,0.02380952380952381,observation,100.0947717580161,0.06057671692754506,0.5284938422141391,-0.003011095319781831,0.5284938422141391,-52.56699799190744,-0,0.000301394898775193,0.000301394898775193,0,-52.26590448803102,0.6335660239102126,0.08595640753937903,85.95640753937906
JPY,test,0,selected_daily,10,2021-01-13,7,0.02777777777777778,observation,99.85784236297583,0.06001592370651233,0.4627561491870631,-0.06573769302707594,0.4627561491870631,-52.26590448803102,-0,0.006564424187603445,0.006564424187603445,0,-45.70804472461518,0.5017858734043017,0.09252083172698247,92.52083172698251
JPY,test,0,selected_daily,10,2021-01-14,8,0.03174603174603174,observation,99.67619649344495,0.05932044171805612,0.4074994641453204,-0.05525668504174275,0.4074994641453204,-45.70804472461518,-0,0.005507776195797151,0.005507776195797151,0,-40.20577630501383,0.4122203541086549,0.09802860792277962,98.02860792277966
JPY,test,0,selected_daily,10,2021-01-15,9,0.03571428571428571,observation,99.30500710788185,0.05931761826353598,0.2972527726307106,-0.1102466915146098,0.2972527726307106,-40.20577630501383,-0,0.01094804848447878,0.01094804848447878,0,-29.26867586901952,0.2500128299107764,0.1089766564072584,108.9766564072584
JPY,test,0,selected_daily,10,2021-01-18,10,0.03968253968253968,observation,98.86273890380667,0.05969626915223898,0.1811938154111493,-0.1160589572195613,0.1811938154111493,-29.26867586901952,-0,0.01147390638504555,0.01147390638504555,0,-17.80624339035901,0.1070734736179801,0.120450562792304,120.450562792304
JPY,test,0,selected_daily,10,2021-01-19,11,0.04365079365079365,observation,99.63670826093824,0.0625817721609053,0.3875502493797427,0.2063564339685934,0.3875502493797427,-17.80624339035901,-0,0.0205606758090963,0.0205606758090963,0,-38.38747987526442,0.2267512586388634,0.1410112386014002,141.0112386014003
JPY,test,0,selected_daily,10,2021-01-20,12,0.04761904761904762,observation,99.21023534986574,0.0627541568093852,0.253776562298885,-0.1337736870808577,0.253776562298885,-38.38747987526442,-0,0.01327171897891118,0.01327171897891118,0,-25.12903261533214,0.04819985662010495,0.1542829575803114,154.2829575803115
JPY,test,0,selected_daily,10,2021-01-21,13,0.05158730158730158,observation,99.28921181487917,0.06184439035081384,0.2604864221356426,0.006709859836757592,0.2604864221356426,-25.12903261533214,-0,0.0006662166945799751,0.0006662166945799751,0,-25.7959155266067,0.06757601571914762,0.1549491742748914,154.9491742748915
JPY,test,0,selected_daily,10,2021-01-22,14,0.05555555555555555,observation,99.66040120044227,0.06176773151193965,0.3724793192343056,0.111992897098663,0.3724793192343056,-25.7959155266067,-0,0.0111612570564526,0.0111612570564526,0,-36.96833384011575,0.1531045536427555,0.166110431331344,166.1104313313441
JPY,test,0,selected_daily,10,2021-01-25,15,0.05952380952380952,observation,99.55773179592481,0.06090013754622012,0.3202539416541039,-0.05222537758020168,0.3202539416541039,-36.96833384011575,-0,0.005199440134070624,0.005199440134070624,0,-31.7740931461792,0.1096628836078288,0.1713098714654146,171.3098714654147
JPY,test,0,selected_daily,10,2021-01-26,16,0.06349206349206349,observation,99.45506239140737,0.06004673354785958,0.2604983279038148,-0.05975561375028915,0.2604983279038148,-31.7740931461792,-0,0.005942998293771847,0.005942998293771847,0,-25.83703785070113,0.07083960383006627,0.1772528697591865,177.2528697591865
JPY,test,0,selected_daily,10,2021-01-27,17,0.06746031746031746,observation,99.40767651239931,0.05915368892626353,0.2137672526972982,-0.04673107520651659,0.2137672526972982,-25.83703785070113,-0,0.004645427607206006,0.004645427607206006,0,-21.19625567110233,0.05385023397500888,0.1818982973663925,181.8982973663925
JPY,test,0,selected_daily,10,2021-01-28,18,0.07142857142857142,observation,99.66829884694361,0.05870274738655434,0.3030888450099509,0.08932159231265274,0.3030888450099509,-21.19625567110233,-0,0.008902531156102334,0.008902531156102334,0,-30.10768935836077,0.1006602232659972,0.1908008285224948,190.8008285224949
JPY,test,0,selected_daily,10,2021-01-29,19,0.07539682539682539,observation,100.3395987995577,0.06069015084463421,0.7355694844123141,0.4324806394023631,0.7355694844123141,-30.10768935836077,-0,0.04339493384620931,0.04339493384620931,0,-73.54601813841629,0.2607288167128274,0.2341957623687042,234.1957623687042
JPY,test,0,selected_daily,10,2021-02-01,20,0.07936507936507936,observation,100.1184646975201,0.06007990901632702,0.6235122397320827,-0.1120572446802314,0.6235122397320827,-73.54601813841629,-0,0.01121899929561912,0.01121899929561912,0,-62.33823784209279,0.08685031999544179,0.2454147616643233,245.4147616643233
JPY,test,0,selected_daily,10,2021-02-02,21,0.08333333333333333,settlement,99.87363765597851,,0,-0.6235122397320827,0,-62.33823784209279,-0,0.06227243550506964,0.06227243550506964,0,-0.1280747725282225,-0.1280747725282225,0.3076871971693929,307.6871971693929
JPY,test,0,selected_every5,10,2021-01-04,0,0,entry,100,0.06231444876251607,0.5035881645333771,0.5035881645333771,0.5035881645333771,0.7465292015332921,0,0.05035881645333771,0.05035881645333771,0,-49.66264606825776,0.6961703850799523,0.05035881645333771,50.35881645333771
JPY,test,0,selected_every5,10,2021-01-05,1,0.003968253968253968,observation,99.70778707945031,0.0618978236535003,0.4367944616279249,0,0.5035881645333771,-49.66264606825776,-0,0,0,0,-49.66264606825776,0.5490154167673964,0.05035881645333771,50.35881645333771
JPY,test,0,selected_every5,10,2021-01-06,2,0.007936507936507936,observation,100.3238035065551,0.06327081158434322,0.5772121204051339,0,0.5035881645333771,-49.66264606825776,-0,0,0,0,-49.66264606825776,0.8592339986154798,0.05035881645333771,50.35881645333771
JPY,test,0,selected_every5,10,2021-01-07,3,0.0119047619047619,observation,100.4027799715685,0.06235207326843337,0.598531966373845,0,0.5035881645333771,-49.66264606825776,-0,0,0,0,-49.66264606825776,0.8990056116729193,0.05035881645333771,50.35881645333771
JPY,test,0,selected_every5,10,2021-01-08,4,0.01587301587301587,observation,100.5054493760859,0.06147393533250439,0.6269366007816994,0,0.5035881645333771,-49.66264606825776,-0,0,0,0,-49.66264606825776,0.9507087086475963,0.05035881645333771,50.35881645333771
JPY,test,0,selected_every5,10,2021-01-11,5,0.01984126984126984,observation,100.1105670510188,0.06150475972710011,0.5315049375339209,0.02791677300054385,0.5315049375339209,-49.66264606825776,-0,0.002794763975319016,0.002794763975319016,0,-52.4602048075521,0.7490558793850468,0.05315358042865673,53.15358042865672
JPY,test,0,selected_every5,10,2021-01-12,6,0.02380952380952381,observation,100.0947717580161,0.06057671692754506,0.5284938422141391,0,0.5315049375339209,-52.4602048075521,-0,0,0,0,-52.4602048075521,0.7406606031643292,0.05315358042865673,53.15358042865672
JPY,test,0,selected_every5,10,2021-01-13,7,0.02777777777777778,observation,99.85784236297583,0.06001592370651233,0.4627561491870631,0,0.5315049375339209,-52.4602048075521,-0,0,0,0,-52.4602048075521,0.6147314598534948,0.05315358042865673,53.15358042865672
JPY,test,0,selected_every5,10,2021-01-14,8,0.03174603174603174,observation,99.67619649344495,0.05932044171805612,0.4074994641453204,0,0.5315049375339209,-52.4602048075521,-0,0,0,0,-52.4602048075521,0.5181857833151895,0.05315358042865673,53.15358042865672
JPY,test,0,selected_every5,10,2021-01-15,9,0.03571428571428571,observation,99.30500710788185,0.05931761826353598,0.2972527726307106,0,0.5315049375339209,-52.4602048075521,-0,0,0,0,-52.4602048075521,0.3208967921282166,0.05315358042865673,53.15358042865672
JPY,test,0,selected_every5,10,2021-01-18,10,0.03968253968253968,observation,98.86273890380667,0.05969626915223898,0.1811938154111493,-0.3503111221227716,0.1811938154111493,-52.4602048075521,-0,0.03463271700152311,0.03463271700152311,0,-17.86212052303051,0.05119634094648262,0.08778629743017984,87.78629743017983
JPY,test,0,selected_every5,10,2021-01-19,11,0.04365079365079365,observation,99.63670826093824,0.0625817721609053,0.3875502493797427,0,0.1811938154111493,-17.86212052303051,-0,0,0,0,-17.86212052303051,0.1914348017764667,0.08778629743017984,87.78629743017983
JPY,test,0,selected_every5,10,2021-01-20,12,0.04761904761904762,observation,99.21023534986574,0.0627541568093852,0.253776562298885,0,0.1811938154111493,-17.86212052303051,-0,0,0,0,-17.86212052303051,0.1141605478497425,0.08778629743017984,87.78629743017983
JPY,test,0,selected_every5,10,2021-01-21,13,0.05158730158730158,observation,99.28921181487917,0.06184439035081384,0.2604864221356426,0,0.1811938154111493,-17.86212052303051,-0,0,0,0,-17.86212052303051,0.1284705948732103,0.08778629743017984,87.78629743017983
JPY,test,0,selected_every5,10,2021-01-22,14,0.05555555555555555,observation,99.66040120044227,0.06176773151193965,0.3724793192343056,0,0.1811938154111493,-17.86212052303051,-0,0,0,0,-17.86212052303051,0.1957278158835081,0.08778629743017984,87.78629743017983
JPY,test,0,selected_every5,10,2021-01-25,15,0.05952380952380952,observation,99.55773179592481,0.06090013754622012,0.3202539416541039,0.1390601262429546,0.3202539416541039,-17.86212052303051,-0,0.01384451075200352,0.01384451075200352,0,-31.72047578578604,0.1632802440009939,0.1016308081821834,101.6308081821833
JPY,test,0,selected_every5,10,2021-01-26,16,0.06349206349206349,observation,99.45506239140737,0.06004673354785958,0.2604983279038148,0,0.3202539416541039,-31.72047578578604,-0,0,0,0,-31.72047578578604,0.1303999625170036,0.1016308081821834,101.6308081821833
JPY,test,0,selected_every5,10,2021-01-27,17,0.06746031746031746,observation,99.40767651239931,0.05915368892626353,0.2137672526972982,0,0.3202539416541039,-31.72047578578604,-0,0,0,0,-31.72047578578604,0.115224447985927,0.1016308081821834,101.6308081821833
JPY,test,0,selected_every5,10,2021-01-28,18,0.07142857142857142,observation,99.66829884694361,0.05870274738655434,0.3030888450099509,0,0.3202539416541039,-31.72047578578604,-0,0,0,0,-31.72047578578604,0.1986897779068393,0.1016308081821834,101.6308081821833
JPY,test,0,selected_every5,10,2021-01-29,19,0.07539682539682539,observation,100.3395987995577,0.06069015084463421,0.7355694844123141,0,0.3202539416541039,-31.72047578578604,-0,0,0,0,-31.72047578578604,0.4136762337637165,0.1016308081821834,101.6308081821833
JPY,test,0,selected_every5,10,2021-02-01,20,0.07936507936507936,observation,100.1184646975201,0.06007990901632702,0.6235122397320827,0.3032582980779788,0.6235122397320827,-31.72047578578604,-0,0.03036175521035015,0.03036175521035015,0,-62.11259275134654,0.3124954107416897,0.1319925633925335,131.9925633925335
JPY,test,0,selected_every5,10,2021-02-02,21,0.08333333333333333,settlement,99.87363765597851,,0,-0.6235122397320827,0,-62.11259275134654,-0,0.06227243550506964,0.06227243550506964,0,0.09757031821802542,0.09757031821802542,0.1942649988976032,194.2649988976031
JPY,test,0,selected_threshold,10,2021-01-04,0,0,entry,100,0.06231444876251607,0.5035881645333771,0.5035881645333771,0.5035881645333771,0.7465292015332921,0,0.05035881645333771,0.05035881645333771,0,-49.66264606825776,0.6961703850799523,0.05035881645333771,50.35881645333771
JPY,test,0,selected_threshold,10,2021-01-05,1,0.003968253968253968,observation,99.70778707945031,0.0618978236535003,0.4367944616279249,-0.06679370290545217,0.4367944616279249,-49.66264606825776,-0,0.006659852307544886,0.006659852307544886,0,-43.00945361302041,0.5423555644598537,0.05701866876088259,57.0186687608826
JPY,test,0,selected_threshold,10,2021-01-06,2,0.007936507936507936,observation,100.3238035065551,0.06327081158434322,0.5772121204051339,0.140417658777209,0.5772121204051339,-43.00945361302041,-0,0.01408723360801521,0.01408723360801521,0,-57.11077445464364,0.797340894483014,0.0711059023688978,71.10590236889782
JPY,test,0,selected_threshold,10,2021-01-07,3,0.0119047619047619,observation,100.4027799715685,0.06235207326843337,0.598531966373845,0,0.5772121204051339,-57.11077445464364,-0,0,0,0,-57.11077445464364,0.8429270673155074,0.0711059023688978,71.10590236889782
JPY,test,0,selected_threshold,10,2021-01-08,4,0.01587301587301587,observation,100.5054493760859,0.06147393533250439,0.6269366007816994,0,0.5772121204051339,-57.11077445464364,-0,0,0,0,-57.11077445464364,0.9021890919977622,0.0711059023688978,71.10590236889782
JPY,test,0,selected_threshold,10,2021-01-11,5,0.01984126984126984,observation,100.1105670510188,0.06150475972710011,0.5315049375339209,0,0.5772121204051339,-57.11077445464364,-0,0,0,0,-57.11077445464364,0.6742582278352529,0.0711059023688978,71.10590236889782
JPY,test,0,selected_threshold,10,2021-01-12,6,0.02380952380952381,observation,100.0947717580161,0.06057671692754506,0.5284938422141391,0,0.5772121204051339,-57.11077445464364,-0,0,0,0,-57.11077445464364,0.66514099326875,0.0711059023688978,71.10590236889782
JPY,test,0,selected_threshold,10,2021-01-13,7,0.02777777777777778,observation,99.85784236297583,0.06001592370651233,0.4627561491870631,-0.1144559712180708,0.4627561491870631,-57.11077445464364,-0,0.01142932633139541,0.01142932633139541,0,-45.69287744957963,0.5169531484398533,0.08253522870029321,82.53522870029323
JPY,test,0,selected_threshold,10,2021-01-14,8,0.03174603174603174,observation,99.67619649344495,0.05932044171805612,0.4074994641453204,-0.05525668504174275,0.4074994641453204,-45.69287744957963,-0,0.005507776195797151,0.005507776195797151,0,-40.19060902997828,0.4273876291442065,0.08804300489609036,88.04300489609038
JPY,test,0,selected_threshold,10,2021-01-15,9,0.03571428571428571,observation,99.30500710788185,0.05931761826353598,0.2972527726307106,-0.1102466915146098,0.2972527726307106,-40.19060902997828,-0,0.01094804848447878,0.01094804848447878,0,-29.25350859398397,0.265180104946328,0.09899105338056914,98.99105338056917
JPY,test,0,selected_threshold,10,2021-01-18,10,0.03968253968253968,observation,98.86273890380667,0.05969626915223898,0.1811938154111493,-0.1160589572195613,0.1811938154111493,-29.25350859398397,-0,0.01147390638504555,0.01147390638504555,0,-17.79107611532346,0.1222407486535317,0.1104649597656147,110.4649597656147
JPY,test,0,selected_threshold,10,2021-01-19,11,0.04365079365079365,observation,99.63670826093824,0.0625817721609053,0.3875502493797427,0.2063564339685934,0.3875502493797427,-17.79107611532346,-0,0.0205606758090963,0.0205606758090963,0,-38.37231260022887,0.241918533674415,0.131025635574711,131.025635574711
JPY,test,0,selected_threshold,10,2021-01-20,12,0.04761904761904762,observation,99.21023534986574,0.0627541568093852,0.253776562298885,-0.1337736870808577,0.253776562298885,-38.37231260022887,-0,0.01327171897891118,0.01327171897891118,0,-25.11386534029659,0.06336713165565655,0.1442973545536222,144.2973545536222
JPY,test,0,selected_threshold,10,2021-01-21,13,0.05158730158730158,observation,99.28921181487917,0.06184439035081384,0.2604864221356426,0,0.253776562298885,-25.11386534029659,-0,0,0,0,-25.11386534029659,0.08340950744928222,0.1442973545536222,144.2973545536222
JPY,test,0,selected_threshold,10,2021-01-22,14,0.05555555555555555,observation,99.66040120044227,0.06176773151193965,0.3724793192343056,0.1187027569354206,0.3724793192343056,-25.11386534029659,-0,0.0118299643797826,0.0118299643797826,0,-36.95565968445897,0.1657787092995378,0.1561273189334048,156.1273189334048
JPY,test,0,selected_threshold,10,2021-01-25,15,0.05952380952380952,observation,99.55773179592481,0.06090013754622012,0.3202539416541039,-0.05222537758020168,0.3202539416541039,-36.95565968445897,-0,0.005199440134070624,0.005199440134070624,0,-31.76141899052242,0.122337039264611,0.1613267590674754,161.3267590674755
JPY,test,0,selected_threshold,10,2021-01-26,16,0.06349206349206349,observation,99.45506239140737,0.06004673354785958,0.2604983279038148,-0.05975561375028915,0.2604983279038148,-31.76141899052242,-0,0.005942998293771847,0.005942998293771847,0,-25.82436369504434,0.08351375948684847,0.1672697573612472,167.2697573612473
JPY,test,0,selected_threshold,10,2021-01-27,17,0.06746031746031746,observation,99.40767651239931,0.05915368892626353,0.2137672526972982,0,0.2604983279038148,-25.82436369504434,-0,0,0,0,-25.82436369504434,0.07116981723899585,0.1672697573612472,167.2697573612473
JPY,test,0,selected_threshold,10,2021-01-28,18,0.07142857142857142,observation,99.66829884694361,0.05870274738655434,0.3030888450099509,0,0.2604983279038148,-25.82436369504434,-0,0,0,0,-25.82436369504434,0.1390614996021782,0.1672697573612472,167.2697573612473
JPY,test,0,selected_threshold,10,2021-01-29,19,0.07539682539682539,observation,100.3395987995577,0.06069015084463421,0.7355694844123141,0.4750711565084993,0.7355694844123141,-25.82436369504434,-0,0.04766844924530472,0.04766844924530472,0,-73.54048138959436,0.2662655655347521,0.214938206606552,214.938206606552
JPY,test,0,selected_threshold,10,2021-02-01,20,0.07936507936507936,observation,100.1184646975201,0.06007990901632702,0.6235122397320827,-0.1120572446802314,0.6235122397320827,-73.54048138959436,-0,0.01121899929561912,0.01121899929561912,0,-62.33270109327086,0.09238706881736647,0.2261572059021711,226.1572059021711
JPY,test,0,selected_threshold,10,2021-02-02,21,0.08333333333333333,settlement,99.87363765597851,,0,-0.6235122397320827,0,-62.33270109327086,-0,0.06227243550506964,0.06227243550506964,0,-0.1225380237062978,-0.1225380237062978,0.2884296414072407,288.4296414072408
