currency,year,role,period,model,policy,cost_bps,n,mean_pnl,std_pnl,rmse,mean_loss,var95,es95,mean_cost,mean_trades,mse,pnl_variance,bias_squared,es90,tail90_equivalent_observations,gross_mse,selector,selection_objective,validation_feasible,feasible_candidates,validation_mse,validation_es90,validation_mean_cost,cost_budget,test_budget_met,test_budget_check_applies
USD,2015,validation,retrospective,ridge_term,daily,0,24,0.001219897137575712,0.2496524300724597,0.2443990452724099,-0.001219897137575712,0.3808435410393112,0.4845921833477037,0,22,0.05973089333006548,0.05972940518103922,1.488149026265416e-06,0.42603712124012,2.4,0.05973089333006548,forecast_first,mse,True,4,0.07162924666857903,0.5511427067421858,0.1119028338339102,0.12,True,False
USD,2015,validation,retrospective,ridge_term,daily,5,24,-0.1106829366963317,0.2489180780749848,0.2676364075916784,0.1106829366963317,0.5130475340384436,0.6130947510509706,0.1119028338339102,22,0.07162924666857903,0.05937853419285486,0.01225071247572417,0.5511427067421858,2.4,0.05973089333006516,forecast_first,mse,True,4,0.07162924666857903,0.5511427067421858,0.1119028338339102,0.12,True,False
USD,2015,validation,retrospective,ridge_term,daily,10,24,-0.2225857705302466,0.2525979817008709,0.3327034611886748,0.2225857705302466,0.6520781320168516,0.7415973187542333,0.2238056676678205,22,0.1106915930869241,0.06114716784438046,0.0495444252425436,0.6838334088878927,2.4,0.05973089333006376,forecast_first,mse,True,4,0.07162924666857903,0.5511427067421858,0.1119028338339102,0.12,False,False
USD,2015,outer,retrospective,ridge_term,daily,0,12,0.08648316416255737,0.2586604700146095,0.2623149631061833,-0.08648316416255737,0.2166008314596684,0.2281341784408326,0,22,0.06880913986939831,0.06132980218583046,0.007479337683567847,0.2246392248101768,1.2,0.06880913986939831,forecast_first,mse,True,4,0.07162924666857903,0.5511427067421858,0.1119028338339102,0.12,True,True
USD,2015,outer,retrospective,ridge_term,daily,5,12,-0.0247665407036519,0.2524273976997732,0.2429465100019244,0.0247665407036519,0.342358108239633,0.3578723986510504,0.1112497048662212,22,0.05902300672211513,0.05840962518368949,0.0006133815384256464,0.3531710985263784,1.2,0.06880913986939965,forecast_first,mse,True,4,0.07162924666857903,0.5511427067421858,0.1119028338339102,0.12,True,True
USD,2015,outer,retrospective,ridge_term,daily,10,12,-0.1360162455698795,0.2507264902716542,0.2759085794954659,0.1360162455698795,0.468115385019596,0.4876106188612646,0.2224994097324423,22,0.07612554423920583,0.05762512518028006,0.01850041905892577,0.4817029722425771,1.2,0.06880913986939803,forecast_first,mse,True,4,0.07162924666857903,0.5511427067421858,0.1119028338339102,0.12,False,True
USD,2015,validation,retrospective,rolling63,daily,0,24,0.002819456151246129,0.2429234609026507,0.2378254230786497,-0.002819456151246129,0.3852020624741416,0.4885411280289617,0,22,0.05656093186253874,0.05655298252954994,7.949332988799636e-06,0.428673503584541,2.4,0.05656093186253874,joint_mse,mse,True,16,0.07017152179123205,0.5568729332306951,0.114778188418403,0.12,True,False
USD,2015,validation,retrospective,rolling63,daily,5,24,-0.111958732267157,0.2452401074943843,0.264899078502044,0.111958732267157,0.5191900180272582,0.6213053402614143,0.114778188418403,22,0.07017152179123205,0.05763676406036311,0.01253475773086893,0.5568729332306951,2.4,0.05656093186253692,joint_mse,mse,True,16,0.07017152179123205,0.5568729332306951,0.114778188418403,0.12,True,False
USD,2015,validation,retrospective,rolling63,daily,10,24,-0.2267369206855608,0.2524473995861084,0.3353862206891989,0.2267369206855608,0.6622426835748334,0.7540695524938562,0.2295563768368061,22,0.1124839170281841,0.06107428582621377,0.05140963120197029,0.6951442628706823,2.4,0.0565609318625363,joint_mse,mse,True,16,0.07017152179123205,0.5568729332306951,0.114778188418403,0.12,False,False
USD,2015,outer,retrospective,rolling63,daily,0,12,0.0825131259228201,0.2616576697361322,0.2637570044636782,-0.0825131259228201,0.2439347110634134,0.2755435915387423,0,22,0.06956775740365279,0.0627593414540976,0.006808415949555167,0.2659651429098548,1.2,0.06956775740365279,joint_mse,mse,True,16,0.07017152179123205,0.5568729332306951,0.114778188418403,0.12,True,True
USD,2015,outer,retrospective,rolling63,daily,5,12,-0.02815852867173268,0.2539371816193493,0.24475154870808,0.02815852867173268,0.3699816199384507,0.4079388459028479,0.1106716545945571,22,0.05990332059500364,0.05911041785804685,0.0007929027369567915,0.396436656216667,1.2,0.06956775740365367,joint_mse,mse,True,16,0.07017152179123205,0.5568729332306951,0.114778188418403,0.12,True,True
USD,2015,outer,retrospective,rolling63,daily,10,12,-0.1388301832662924,0.2505062509304861,0.2771240752107186,0.1388301832662924,0.4960285288134739,0.5403341002669571,0.2213433091891142,22,0.07679775306139601,0.05752393327564368,0.01927381978575233,0.5269081695234773,1.2,0.06956775740364991,joint_mse,mse,True,16,0.07017152179123205,0.5568729332306951,0.114778188418403,0.12,False,True
USD,2015,validation,retrospective,ridge_term,band10,0,24,0.01897454748034185,0.31168801529241,0.3057148342423054,-0.01897454748034185,0.4096178413179198,0.4179483065542146,0,12.58333333333333,0.09346155987580029,0.09310152642371655,0.0003600334520837472,0.4136813937766102,2.4,0.09346155987580029,joint_es90,es90,True,16,0.09731052774933262,0.4898767615966255,0.07506316184957458,0.12,True,False
USD,2015,validation,retrospective,ridge_term,band10,5,24,-0.05608861436922793,0.3134624505700209,0.3119463539606331,0.05608861436922793,0.4819329984174942,0.5005168841410784,0.07506316184957458,12.58333333333333,0.09731052774933262,0.09416459508747266,0.003145932661859962,0.4898767615966255,2.4,0.09346155987579878,joint_es90,es90,True,16,0.09731052774933262,0.4898767615966255,0.07506316184957458,0.12,True,False
USD,2015,validation,retrospective,ridge_term,band10,10,24,-0.1311517762188072,0.3168488682636942,0.3367654131642172,0.1311517762188072,0.5667219904339179,0.5928302491901221,0.1501263236991492,12.58333333333333,0.1134109435036659,0.09621015509831783,0.01720078840534807,0.5790084106037418,2.4,0.09346155987579975,joint_es90,es90,True,16,0.09731052774933262,0.4898767615966255,0.07506316184957458,0.12,False,False
USD,2015,outer,retrospective,ridge_term,band10,0,12,0.09541569027774106,0.4574408463383112,0.4482394499873875,-0.09541569027774106,0.5014803948271883,0.6224174625788841,0,12,0.2009186045249957,0.1918144505738179,0.00910415395117781,0.5857698662904914,1.2,0.2009186045249957,joint_es90,es90,True,16,0.09731052774933262,0.4898767615966255,0.07506316184957458,0.12,True,True
USD,2015,outer,retrospective,ridge_term,band10,5,12,0.02273889199125249,0.4556032625808329,0.4367991861375556,-0.02273889199125249,0.5744892112165143,0.6721496713172819,0.07267679828648527,12,0.1907935290104309,0.1902764718014411,0.0005170572089898466,0.6425555924988675,1.2,0.2009186045249954,joint_es90,es90,True,16,0.09731052774933262,0.4898767615966255,0.07506316184957458,0.12,True,True
USD,2015,outer,retrospective,ridge_term,band10,10,12,-0.04993790629522765,0.4545716808187191,0.4380748677307454,0.04993790629522765,0.6474980276058214,0.7218818800556548,0.1453535965729705,12,0.1919095897373101,0.1894157952521592,0.002493794485150937,0.6993413187072205,1.2,0.2009186045249942,joint_es90,es90,True,16,0.09731052774933262,0.4898767615966255,0.07506316184957458,0.12,False,True
USD,2016,validation,retrospective,ridge_term,daily,0,24,0.001226315102581784,0.2815929343229787,0.2756667256824748,-0.001226315102581784,0.3564827296640424,0.4937773300424446,0,22,0.07599214364849681,0.075990639799766,1.503848730820172e-06,0.4245620897090517,2.4,0.07599214364849681,forecast_first,mse,True,4,0.08566550332678524,0.5597404380460468,0.1075156527609483,0.12,True,False
USD,2016,validation,retrospective,ridge_term,daily,5,24,-0.1062893376583587,0.2785704126620634,0.2926866982402604,0.1062893376583587,0.5027302633994346,0.6208310330708914,0.1075156527609483,22,0.08566550332678524,0.07436808002693265,0.01129742329985259,0.5597404380460468,2.4,0.07599214364849594,forecast_first,mse,True,4,0.08566550332678524,0.5597404380460468,0.1075156527609483,0.12,True,False
USD,2016,validation,retrospective,ridge_term,daily,10,24,-0.2138049904193153,0.279755462407574,0.3474402529845373,0.2138049904193153,0.6489777971349027,0.7478847360993381,0.2150313055218966,22,0.1207147293939593,0.07500215546575577,0.04571257392820352,0.6949187863830829,2.4,0.07599214364849595,forecast_first,mse,True,4,0.08566550332678524,0.5597404380460468,0.1075156527609483,0.12,False,False
USD,2016,outer,retrospective,ridge_term,daily,0,12,-0.02017582882516694,0.5206803963363543,0.4989216367363551,0.02017582882516694,0.8176026018558447,0.8993597679451906,0,22,0.2489227996036835,0.2485157355349011,0.0004070640687824373,0.8745848691302374,1.2,0.2489227996036835,forecast_first,mse,True,4,0.08566550332678524,0.5597404380460468,0.1075156527609483,0.12,True,True
USD,2016,outer,retrospective,ridge_term,daily,5,12,-0.1380058234840138,0.5230062505745062,0.5194097778028156,0.1380058234840138,0.9475549823460087,1.043177173922993,0.1178299946588483,22,0.2697865172771702,0.2507409099616696,0.01904560731550077,1.014200752232998,1.2,0.2489227996036706,forecast_first,mse,True,4,0.08566550332678524,0.5597404380460468,0.1075156527609483,0.12,True,True
USD,2016,outer,retrospective,ridge_term,daily,10,12,-0.2558358181428584,0.527158412003954,0.5658533006994645,0.2558358181428584,1.077507362836208,1.186994579900828,0.2356599893176967,22,0.3201899579124786,0.254737992067653,0.06545196584482571,1.153816635335792,1.2,0.2489227996036816,forecast_first,mse,True,4,0.08566550332678524,0.5597404380460468,0.1075156527609483,0.12,False,True
USD,2016,validation,retrospective,ewma97,daily,0,24,-0.001297126214800766,0.2776034560685519,0.2717616138089987,0.001297126214800766,0.4228963246293539,0.5066674605081355,0,22,0.07385437474007135,0.07385269220365424,1.682536417123362e-06,0.4572090885706268,2.4,0.07385437474007135,joint_mse,mse,True,16,0.08540503115397864,0.5948360185596774,0.1097260427289471,0.12,True,False
USD,2016,validation,retrospective,ewma97,daily,5,24,-0.1110231689437442,0.2761453060067581,0.2922413919245161,0.1110231689437442,0.5756031985092482,0.6336905074511456,0.1097260427289471,22,0.08540503115397864,0.07307888711166748,0.01232614404231118,0.5948360185596774,2.4,0.0738543747400715,joint_mse,mse,True,16,0.08540503115397864,0.5948360185596774,0.1097260427289471,0.12,True,False
USD,2016,validation,retrospective,ewma97,daily,10,24,-0.220749211672689,0.2792766578949539,0.3513913140842863,0.220749211672689,0.7283100723891544,0.7607135543941332,0.2194520854578942,22,0.1234758556138815,0.07474564115976783,0.04873021445411367,0.7324629485487255,2.4,0.07385437474007217,joint_mse,mse,True,16,0.08540503115397864,0.5948360185596774,0.1097260427289471,0.12,False,False
USD,2016,outer,retrospective,ewma97,daily,0,12,-0.02226122848090548,0.5204812986073514,0.4988198866426048,0.02226122848090548,0.8261112655471842,0.8954613375880721,0,22,0.2488212793101411,0.248325717016662,0.0004955622934790772,0.8744461642423487,1.2,0.2488212793101411,joint_mse,mse,True,16,0.08540503115397864,0.5948360185596774,0.1097260427289471,0.12,True,True
USD,2016,outer,retrospective,ewma97,daily,5,12,-0.1405737373494303,0.5235321255667567,0.5205827231008815,0.1405737373494303,0.9580325436248558,1.040619090825956,0.1183125088685302,22,0.271006371591129,0.2512453959587424,0.01976097563238662,1.01559286440138,1.2,0.2488212793101401,joint_mse,mse,True,16,0.08540503115397864,0.5948360185596774,0.1097260427289471,0.12,True,True
USD,2016,outer,retrospective,ewma97,daily,10,12,-0.2588862462179592,0.5284566538966512,0.568345247721694,0.2588862462179592,1.089953821702526,1.185776844063827,0.2366250177370605,22,0.3230163206078338,0.2559942321270079,0.06702208848082582,1.156739564560403,1.2,0.2488212793101402,joint_mse,mse,True,16,0.08540503115397864,0.5948360185596774,0.1097260427289471,0.12,False,True
USD,2016,validation,retrospective,ridge_term,band05,0,24,0.002894994995859509,0.3109001853859324,0.304367953387548,-0.002894994995859509,0.4074322226412244,0.45356177625398,0,15.08333333333333,0.09263985104932455,0.09263147005329848,8.380996026051597e-06,0.4267591215902372,2.4,0.09263985104932455,joint_es90,es90,True,16,0.0967134379548092,0.4999854337058676,0.08143966543373039,0.12,True,False
USD,2016,validation,retrospective,ridge_term,band05,5,24,-0.07854467043786588,0.3073774159913389,0.3109878421334333,0.07854467043786588,0.4988505174696878,0.5105674875670871,0.08143966543373039,15.08333333333333,0.0967134379548092,0.09054417270061625,0.006169265254192962,0.4999854337058676,2.4,0.09263985104932415,joint_es90,es90,True,16,0.0967134379548092,0.4999854337058676,0.08143966543373039,0.12,True,False
USD,2016,validation,retrospective,ridge_term,band05,10,24,-0.1599843358716,0.3057364681285,0.3393744139397948,0.1599843358716,0.5638560969210172,0.5937311798190201,0.1628793308674608,15.08333333333333,0.1151749928369792,0.08958000511270225,0.02559498772427692,0.5785034857902915,2.4,0.09263985104932489,joint_es90,es90,True,16,0.0967134379548092,0.4999854337058676,0.08143966543373039,0.12,False,False
USD,2016,outer,retrospective,ridge_term,band05,0,12,0.02061459425169687,0.5110074240001594,0.4896864642443852,-0.02061459425169687,0.648291320053175,0.6975524813096925,0,14.75,0.2397928332641675,0.2393678717680054,0.0004249614961620937,0.6826248566865054,1.2,0.2397928332641675,joint_es90,es90,True,16,0.0967134379548092,0.4999854337058676,0.08143966543373039,0.12,True,True
USD,2016,outer,retrospective,ridge_term,band05,5,12,-0.07033940257468389,0.512303600022041,0.4955112127225897,0.07033940257468389,0.7495899178635608,0.8055804958053354,0.0909539968263795,14.75,0.2455313619338115,0.2405837303792481,0.004947631554563447,0.7886136540047977,1.2,0.2397928332641639,joint_es90,es90,True,16,0.0967134379548092,0.4999854337058676,0.08143966543373039,0.12,True,True
USD,2016,outer,retrospective,ridge_term,band05,10,12,-0.1612933994010571,0.5145828430866867,0.5184059907282402,0.1612933994010571,0.8508885156739828,0.9136085103010244,0.181907993652759,14.75,0.2687447712229283,0.2427292105325795,0.02601556069034893,0.8946024513231332,1.2,0.2397928332641721,joint_es90,es90,True,16,0.0967134379548092,0.4999854337058676,0.08143966543373039,0.12,False,True
USD,2017,validation,retrospective,ridge_term,band05,0,24,0.01207835587996386,0.415437546514675,0.4068698321015051,-0.01207835587996386,0.6620512166612272,0.7975386955856578,0,15.08333333333333,0.165543060274307,0.1653971735935439,0.0001458866807630577,0.7119041452540052,2.4,0.165543060274307,forecast_first,mse,True,4,0.1750865016343535,0.8171163998672089,0.08718588472809025,0.12,True,False
USD,2017,validation,retrospective,ridge_term,band05,5,24,-0.07510752884812166,0.4204908445403741,0.418433389722132,0.07510752884812166,0.7733181139953708,0.9023044963214485,0.08718588472809025,15.08333333333333,0.1750865016343535,0.1694453607446821,0.005641140889671428,0.8171163998672089,2.4,0.1655430602743055,forecast_first,mse,True,4,0.1750865016343535,0.8171163998672089,0.08718588472809025,0.12,True,False
USD,2017,validation,retrospective,ridge_term,band05,10,24,-0.1622934135762128,0.4266566147356467,0.4480961852108298,0.1622934135762128,0.8845850113295143,1.007070297057268,0.1743717694561805,15.08333333333333,0.2007901912004983,0.1744510391102786,0.02633915209021966,0.9223286544804268,2.4,0.165543060274306,forecast_first,mse,True,4,0.1750865016343535,0.8171163998672089,0.08718588472809025,0.12,False,False
USD,2017,outer,retrospective,ridge_term,band05,0,12,0.06934231901954606,0.2802244713129626,0.2771106253275373,-0.06934231901954606,0.2292705648106032,0.3060032535358701,0,15,0.07679029866941874,0.07198194146241026,0.004808357207008499,0.2827509236191226,1.2,0.07679029866941874,forecast_first,mse,True,4,0.1750865016343535,0.8171163998672089,0.08718588472809025,0.12,True,True
USD,2017,outer,retrospective,ridge_term,band05,5,12,-0.03404837237278868,0.2905956672949793,0.2802998038249389,0.03404837237278868,0.3433020581201875,0.3885159474270496,0.1033906913923327,15,0.0785679800242992,0.07740868836306311,0.00115929166123608,0.3748147688492127,1.2,0.07679029866942083,forecast_first,mse,True,4,0.1750865016343535,0.8171163998672089,0.08718588472809025,0.12,True,True
USD,2017,outer,retrospective,ridge_term,band05,10,12,-0.137439063765119,0.3024053434286249,0.320496082147091,0.137439063765119,0.4578655629673111,0.4710286413182265,0.2067813827846654,15,0.1027177386716349,0.08382824242300248,0.01888949624863244,0.467039829696737,1.2,0.07679029866942071,forecast_first,mse,True,4,0.1750865016343535,0.8171163998672089,0.08718588472809025,0.12,False,True
USD,2017,validation,retrospective,ridge_term,band05,0,24,0.01207835587996386,0.415437546514675,0.4068698321015051,-0.01207835587996386,0.6620512166612272,0.7975386955856578,0,15.08333333333333,0.165543060274307,0.1653971735935439,0.0001458866807630577,0.7119041452540052,2.4,0.165543060274307,joint_mse,mse,True,16,0.1750865016343535,0.8171163998672089,0.08718588472809025,0.12,True,False
USD,2017,validation,retrospective,ridge_term,band05,5,24,-0.07510752884812166,0.4204908445403741,0.418433389722132,0.07510752884812166,0.7733181139953708,0.9023044963214485,0.08718588472809025,15.08333333333333,0.1750865016343535,0.1694453607446821,0.005641140889671428,0.8171163998672089,2.4,0.1655430602743055,joint_mse,mse,True,16,0.1750865016343535,0.8171163998672089,0.08718588472809025,0.12,True,False
USD,2017,validation,retrospective,ridge_term,band05,10,24,-0.1622934135762128,0.4266566147356467,0.4480961852108298,0.1622934135762128,0.8845850113295143,1.007070297057268,0.1743717694561805,15.08333333333333,0.2007901912004983,0.1744510391102786,0.02633915209021966,0.9223286544804268,2.4,0.165543060274306,joint_mse,mse,True,16,0.1750865016343535,0.8171163998672089,0.08718588472809025,0.12,False,False
USD,2017,outer,retrospective,ridge_term,band05,0,12,0.06934231901954606,0.2802244713129626,0.2771106253275373,-0.06934231901954606,0.2292705648106032,0.3060032535358701,0,15,0.07679029866941874,0.07198194146241026,0.004808357207008499,0.2827509236191226,1.2,0.07679029866941874,joint_mse,mse,True,16,0.1750865016343535,0.8171163998672089,0.08718588472809025,0.12,True,True
USD,2017,outer,retrospective,ridge_term,band05,5,12,-0.03404837237278868,0.2905956672949793,0.2802998038249389,0.03404837237278868,0.3433020581201875,0.3885159474270496,0.1033906913923327,15,0.0785679800242992,0.07740868836306311,0.00115929166123608,0.3748147688492127,1.2,0.07679029866942083,joint_mse,mse,True,16,0.1750865016343535,0.8171163998672089,0.08718588472809025,0.12,True,True
USD,2017,outer,retrospective,ridge_term,band05,10,12,-0.137439063765119,0.3024053434286249,0.320496082147091,0.137439063765119,0.4578655629673111,0.4710286413182265,0.2067813827846654,15,0.1027177386716349,0.08382824242300248,0.01888949624863244,0.467039829696737,1.2,0.07679029866942071,joint_mse,mse,True,16,0.1750865016343535,0.8171163998672089,0.08718588472809025,0.12,False,True
USD,2017,validation,retrospective,ridge_term,band10,0,24,0.04798222637508035,0.4417397322449216,0.43509275118251,-0.04798222637508035,0.5782563025717281,0.6246038543053126,0,11.45833333333333,0.1893057021315655,0.1870034080836561,0.002302294047909457,0.5974547348161003,2.4,0.1893057021315655,joint_es90,es90,True,16,0.1913567038498646,0.6688228420791108,0.07470219687542533,0.12,True,False
USD,2017,validation,retrospective,ridge_term,band10,5,24,-0.0267199705003438,0.4460174459754085,0.4374433721636031,0.0267199705003438,0.6630879549667053,0.6798236513538555,0.07470219687542533,11.45833333333333,0.1913567038498646,0.1906427470263253,0.0007139568235392431,0.6688228420791108,2.4,0.1893057021315668,joint_es90,es90,True,16,0.1913567038498646,0.6688228420791108,0.07470219687542533,0.12,True,False
USD,2017,validation,retrospective,ridge_term,band10,10,24,-0.1014221673757689,0.4510041096334625,0.4530076895819498,0.1014221673757689,0.7383370933485109,0.7482674382228204,0.1494043937508507,11.45833333333333,0.2052159668203761,0.1949295107851776,0.01028645603519849,0.7426237978752623,2.4,0.1893057021315661,joint_es90,es90,True,16,0.1913567038498646,0.6688228420791108,0.07470219687542533,0.12,False,False
USD,2017,outer,retrospective,ridge_term,band10,0,12,0.07213419975006923,0.3198705825538687,0.314633278423715,-0.07213419975006923,0.2587100685803543,0.2733608099733011,0,11.5,0.09899409989165493,0.09379075711807205,0.005203342773582887,0.2689211913693779,1.2,0.09899409989165493,joint_es90,es90,True,16,0.1913567038498646,0.6688228420791108,0.07470219687542533,0.12,True,True
USD,2017,outer,retrospective,ridge_term,band10,5,12,-0.0160107030840438,0.3314428406012452,0.3177360059602667,0.0160107030840438,0.3399458869036072,0.3441941279362766,0.08814490283411576,11.5,0.1009561694835827,0.1006998268703372,0.0002563426132454098,0.342906782168801,1.2,0.09899409989165746,joint_es90,es90,True,16,0.1913567038498646,0.6688228420791108,0.07470219687542533,0.12,True,True
USD,2017,outer,retrospective,ridge_term,band10,10,12,-0.1041556059181613,0.3440687157558238,0.3454944253904627,0.1041556059181613,0.4185179340645095,0.4416651575228059,0.1762898056682315,11.5,0.119366397975886,0.1085180077317067,0.01084839024417931,0.4346508473839282,1.2,0.09899409989165596,joint_es90,es90,True,16,0.1913567038498646,0.6688228420791108,0.07470219687542533,0.12,False,True
USD,2018,validation,retrospective,ridge_flat,band05,0,24,0.03337338783269269,0.4016547324992408,0.3946116681608322,-0.03337338783269269,0.5954293240115988,0.6880793420982011,0,14.66666666666667,0.1557183686486747,0.1546045856332434,0.00111378301543132,0.6306622331076883,2.4,0.1557183686486747,forecast_first,mse,True,3,0.1628752115014695,0.7289474499525679,0.09450182140336383,0.12,True,False
USD,2018,validation,retrospective,ridge_flat,band05,5,24,-0.06112843357067047,0.4075016471909081,0.4035780116674712,0.06112843357067047,0.6879470107192162,0.7955792276832347,0.09450182140336383,14.66666666666667,0.1628752115014695,0.1591385261106657,0.003736685390803873,0.7289474499525679,2.4,0.1557183686486788,forecast_first,mse,True,3,0.1628752115014695,0.7289474499525679,0.09450182140336383,0.12,True,False
USD,2018,validation,retrospective,ridge_flat,band05,10,24,-0.155630254974038,0.4147804289315353,0.434850698874782,0.155630254974038,0.7839006071187874,0.9030791132682541,0.1890036428067277,14.66666666666667,0.1890951303118863,0.1648743540486022,0.02422077626328409,0.8310503442329533,2.4,0.1557183686486794,forecast_first,mse,True,3,0.1628752115014695,0.7289474499525679,0.09450182140336383,0.12,False,False
USD,2018,outer,retrospective,ridge_flat,band05,0,12,0.0215970813259807,0.2266641905432752,0.2180864536299447,-0.0215970813259807,0.3121900950010785,0.3765489922984102,0,14.83333333333333,0.04756170125688603,0.04709526733508499,0.0004664339218010245,0.3570462961477037,1.2,0.04756170125688603,forecast_first,mse,True,3,0.1628752115014695,0.7289474499525679,0.09450182140336383,0.12,True,True
USD,2018,outer,retrospective,ridge_flat,band05,5,12,-0.07268487325741228,0.2211355513990184,0.2238502741088672,0.07268487325741228,0.4077597761536753,0.49181355224394,0.09428195458339134,14.83333333333333,0.050108945218615,0.04482585441816891,0.005283090800446087,0.4663427110044659,1.2,0.0475617012568853,forecast_first,mse,True,3,0.1628752115014695,0.7289474499525679,0.09450182140336383,0.12,True,True
USD,2018,outer,retrospective,ridge_flat,band05,10,12,-0.1669668278407978,0.2183664532604843,0.2675596578640327,0.1669668278407978,0.5033294573062618,0.6070781121894697,0.1885639091667827,14.83333333333333,0.07158817051631826,0.04371024891709966,0.02787792159921861,0.575639125861225,1.2,0.04756170125688441,forecast_first,mse,True,3,0.1628752115014695,0.7289474499525679,0.09450182140336383,0.12,False,True
USD,2018,validation,retrospective,ridge_term,band05,0,24,0.02981360433262488,0.3999184340837451,0.392631706365262,-0.02981360433262488,0.580176435256901,0.6728551573974976,0,15.08333333333333,0.1541596568432973,0.153270805839995,0.0008888510033023092,0.6165871113079054,2.4,0.1541596568432973,joint_mse,mse,True,12,0.1614584867528226,0.7153020632680996,0.09470522722371866,0.12,True,False
USD,2018,validation,retrospective,ridge_term,band05,5,24,-0.06489162289109444,0.4050733447678861,0.4018189726143138,0.06489162289109444,0.6738258107630261,0.7782953493936473,0.09470522722371866,15.08333333333333,0.1614584867528226,0.1572475640313826,0.004210922721440013,0.7153020632680996,2.4,0.1541596568432995,joint_mse,mse,True,12,0.1614584867528226,0.7153020632680996,0.09470522722371866,0.12,True,False
USD,2018,validation,retrospective,ridge_term,band05,10,24,-0.1595968501148122,0.4116471279615851,0.4334327582727978,0.1595968501148122,0.7712070306781819,0.883735541389739,0.1894104544474373,15.08333333333333,0.1878639559439655,0.1623928013773957,0.02547115456656983,0.8181635090160942,2.4,0.1541596568432954,joint_mse,mse,True,12,0.1614584867528226,0.7153020632680996,0.09470522722371866,0.12,False,False
USD,2018,outer,retrospective,ridge_term,band05,0,12,0.02112935551596558,0.229441217565116,0.2206870694500913,-0.02112935551596558,0.3124502350660303,0.3698313396118493,0,15.16666666666667,0.04870278262246941,0.04825633295794934,0.0004464496645200651,0.3524431261131163,1.2,0.04870278262246941,joint_mse,mse,True,12,0.1614584867528226,0.7153020632680996,0.09470522722371866,0.12,True,True
USD,2018,outer,retrospective,ridge_term,band05,5,12,-0.07251461060685467,0.2231674801277561,0.2256363946466863,0.07251461060685467,0.4079094341740319,0.4846750786187499,0.09364396612281528,15.16666666666667,0.05091178258915516,0.04565341383769139,0.00525836875146376,0.4614127621203506,1.2,0.04870278262246853,joint_mse,mse,True,12,0.1614584867528226,0.7153020632680996,0.09470522722371866,0.12,True,True
USD,2018,outer,retrospective,ridge_term,band05,10,12,-0.1661585767296732,0.2194490226505444,0.2678682325968994,0.1661585767296732,0.5033686332820281,0.5995188176256505,0.1872879322456306,15.16666666666667,0.0717533900345866,0.0441447174137559,0.02760867262083071,0.5703823981275832,1.2,0.04870278262246941,joint_mse,mse,True,12,0.1614584867528226,0.7153020632680996,0.09470522722371866,0.12,False,True
USD,2018,validation,retrospective,ridge_term,band10,0,24,0.0567738571244684,0.4133133301615153,0.4085747792080922,-0.0567738571244684,0.4912567260892239,0.5729481205085805,0,11.91666666666667,0.1669333502049413,0.1637100793521517,0.003223270852789551,0.5264115997230017,2.4,0.1669333502049413,joint_es90,es90,True,12,0.1679616288406428,0.6102381647106188,0.08126661578826488,0.12,True,False
USD,2018,validation,retrospective,ridge_term,band10,5,24,-0.02449275866379382,0.4178975122291567,0.4098312199438237,0.02449275866379382,0.5841824025458039,0.6471033101465139,0.08126661578826488,11.91666666666667,0.1679616288406428,0.1673617336136799,0.0005998952269628472,0.6102381647106188,2.4,0.166933350204939,joint_es90,es90,True,12,0.1679616288406428,0.6102381647106188,0.08126661578826488,0.12,True,False
USD,2018,validation,retrospective,ridge_term,band10,10,24,-0.1057593744520569,0.4233429870113583,0.4277111873009269,0.1057593744520569,0.6771080790023546,0.7212584997844464,0.1625332315765298,11.91666666666667,0.1829368597423686,0.1717518144578782,0.01118504528449038,0.6940647296982223,2.4,0.1669333502049388,joint_es90,es90,True,12,0.1679616288406428,0.6102381647106188,0.08126661578826488,0.12,False,False
USD,2018,outer,retrospective,ridge_term,band10,0,12,0.03336223777038224,0.2715152027217702,0.2620880935404566,-0.03336223777038224,0.3494191214500539,0.4769907922380696,0,12.08333333333333,0.06869016877567115,0.06757712986662365,0.001113038909047519,0.4383327101810952,1.2,0.06869016877567115,joint_es90,es90,True,12,0.1679616288406428,0.6102381647106188,0.08126661578826488,0.12,True,True
USD,2018,outer,retrospective,ridge_term,band10,5,12,-0.04598743435775902,0.2660781367187167,0.2588679606579474,0.04598743435775902,0.4346027260645124,0.581756328089952,0.07934967212814327,12.08333333333333,0.0670126210552046,0.06489777693639541,0.002114844118809195,0.5371643274761826,1.2,0.06869016877567065,joint_es90,es90,True,12,0.1679616288406428,0.6102381647106188,0.08126661578826488,0.12,True,True
USD,2018,outer,retrospective,ridge_term,band10,10,12,-0.1253371064859099,0.2620087194984337,0.2804233322396132,0.1253371064859099,0.5197863306789803,0.6865218639418487,0.1586993442562865,12.08333333333333,0.07863724526436851,0.06292785500210821,0.01570939026226032,0.6359959447712826,1.2,0.06869016877567095,joint_es90,es90,True,12,0.1679616288406428,0.6102381647106188,0.08126661578826488,0.12,False,True
USD,2019,validation,retrospective,ewma97,band05,0,24,0.02916772344783465,0.2283120966006258,0.2254001678157737,-0.02916772344783465,0.2806225508368449,0.3248583301918213,0,15.70833333333333,0.05080523565137895,0.04995447956024959,0.0008507560911293635,0.2952356438738085,2.4,0.05080523565137895,forecast_first,mse,True,3,0.05709519438437965,0.3996497553890834,0.09991848897573551,0.12,True,False
USD,2019,validation,retrospective,ewma97,band05,5,24,-0.07075076552790061,0.2331400554507485,0.2389460072576641,0.07075076552790061,0.3727268722398423,0.4297209821883034,0.09991848897573551,15.70833333333333,0.05709519438437965,0.05208952356159569,0.005005670822783969,0.3996497553890834,2.4,0.050805235651379,forecast_first,mse,True,3,0.05709519438437965,0.3996497553890834,0.09991848897573551,0.12,True,False
USD,2019,validation,retrospective,ewma97,band05,10,24,-0.1706692545036368,0.2409807942483738,0.2911701936374672,0.1706692545036368,0.498098652843363,0.5425044578039456,0.199836977951471,15.70833333333333,0.08478008166288015,0.055652087230053,0.02912799443282715,0.5159451023331116,2.4,0.05080523565137716,forecast_first,mse,True,3,0.05709519438437965,0.3996497553890834,0.09991848897573551,0.12,False,False
USD,2019,outer,retrospective,ewma97,band05,0,12,0.009387357308876817,0.1584130325628389,0.1519591632287657,-0.009387357308876817,0.216271832042652,0.2323889020569396,0,16.08333333333333,0.02309158728918667,0.02300346481194214,8.8122477244523e-05,0.2275049414465495,1.2,0.02309158728918667,forecast_first,mse,True,3,0.05709519438437965,0.3996497553890834,0.09991848897573551,0.12,True,True
USD,2019,outer,retrospective,ewma97,band05,5,12,-0.08185927217428694,0.1661762217227315,0.1789253076512922,0.08185927217428694,0.3251630430473509,0.3554481080681882,0.09124662948316603,16.08333333333333,0.03201426571810955,0.02531332527720556,0.006700940440903989,0.3462708156376315,1.2,0.0230915872891889,forecast_first,mse,True,3,0.05709519438437965,0.3996497553890834,0.09991848897573551,0.12,True,True
USD,2019,outer,retrospective,ewma97,band05,10,12,-0.1731059016574542,0.176006299789579,0.2415830139388759,0.1731059016574542,0.4340542540520261,0.4785073140793656,0.1824932589663321,16.08333333333333,0.05836235262379112,0.0283966994351509,0.02996565318864022,0.4650366898286568,1.2,0.02309158728918763,forecast_first,mse,True,3,0.05709519438437965,0.3996497553890834,0.09991848897573551,0.12,False,True
USD,2019,validation,retrospective,ewma97,band05,0,24,0.02916772344783465,0.2283120966006258,0.2254001678157737,-0.02916772344783465,0.2806225508368449,0.3248583301918213,0,15.70833333333333,0.05080523565137895,0.04995447956024959,0.0008507560911293635,0.2952356438738085,2.4,0.05080523565137895,joint_mse,mse,True,12,0.05709519438437965,0.3996497553890834,0.09991848897573551,0.12,True,False
USD,2019,validation,retrospective,ewma97,band05,5,24,-0.07075076552790061,0.2331400554507485,0.2389460072576641,0.07075076552790061,0.3727268722398423,0.4297209821883034,0.09991848897573551,15.70833333333333,0.05709519438437965,0.05208952356159569,0.005005670822783969,0.3996497553890834,2.4,0.050805235651379,joint_mse,mse,True,12,0.05709519438437965,0.3996497553890834,0.09991848897573551,0.12,True,False
USD,2019,validation,retrospective,ewma97,band05,10,24,-0.1706692545036368,0.2409807942483738,0.2911701936374672,0.1706692545036368,0.498098652843363,0.5425044578039456,0.199836977951471,15.70833333333333,0.08478008166288015,0.055652087230053,0.02912799443282715,0.5159451023331116,2.4,0.05080523565137716,joint_mse,mse,True,12,0.05709519438437965,0.3996497553890834,0.09991848897573551,0.12,False,False
USD,2019,outer,retrospective,ewma97,band05,0,12,0.009387357308876817,0.1584130325628389,0.1519591632287657,-0.009387357308876817,0.216271832042652,0.2323889020569396,0,16.08333333333333,0.02309158728918667,0.02300346481194214,8.8122477244523e-05,0.2275049414465495,1.2,0.02309158728918667,joint_mse,mse,True,12,0.05709519438437965,0.3996497553890834,0.09991848897573551,0.12,True,True
USD,2019,outer,retrospective,ewma97,band05,5,12,-0.08185927217428694,0.1661762217227315,0.1789253076512922,0.08185927217428694,0.3251630430473509,0.3554481080681882,0.09124662948316603,16.08333333333333,0.03201426571810955,0.02531332527720556,0.006700940440903989,0.3462708156376315,1.2,0.0230915872891889,joint_mse,mse,True,12,0.05709519438437965,0.3996497553890834,0.09991848897573551,0.12,True,True
USD,2019,outer,retrospective,ewma97,band05,10,12,-0.1731059016574542,0.176006299789579,0.2415830139388759,0.1731059016574542,0.4340542540520261,0.4785073140793656,0.1824932589663321,16.08333333333333,0.05836235262379112,0.0283966994351509,0.02996565318864022,0.4650366898286568,1.2,0.02309158728918763,joint_mse,mse,True,12,0.05709519438437965,0.3996497553890834,0.09991848897573551,0.12,False,True
USD,2019,validation,retrospective,ewma97,band05,0,24,0.02916772344783465,0.2283120966006258,0.2254001678157737,-0.02916772344783465,0.2806225508368449,0.3248583301918213,0,15.70833333333333,0.05080523565137895,0.04995447956024959,0.0008507560911293635,0.2952356438738085,2.4,0.05080523565137895,joint_es90,es90,True,12,0.05709519438437965,0.3996497553890834,0.09991848897573551,0.12,True,False
USD,2019,validation,retrospective,ewma97,band05,5,24,-0.07075076552790061,0.2331400554507485,0.2389460072576641,0.07075076552790061,0.3727268722398423,0.4297209821883034,0.09991848897573551,15.70833333333333,0.05709519438437965,0.05208952356159569,0.005005670822783969,0.3996497553890834,2.4,0.050805235651379,joint_es90,es90,True,12,0.05709519438437965,0.3996497553890834,0.09991848897573551,0.12,True,False
USD,2019,validation,retrospective,ewma97,band05,10,24,-0.1706692545036368,0.2409807942483738,0.2911701936374672,0.1706692545036368,0.498098652843363,0.5425044578039456,0.199836977951471,15.70833333333333,0.08478008166288015,0.055652087230053,0.02912799443282715,0.5159451023331116,2.4,0.05080523565137716,joint_es90,es90,True,12,0.05709519438437965,0.3996497553890834,0.09991848897573551,0.12,False,False
USD,2019,outer,retrospective,ewma97,band05,0,12,0.009387357308876817,0.1584130325628389,0.1519591632287657,-0.009387357308876817,0.216271832042652,0.2323889020569396,0,16.08333333333333,0.02309158728918667,0.02300346481194214,8.8122477244523e-05,0.2275049414465495,1.2,0.02309158728918667,joint_es90,es90,True,12,0.05709519438437965,0.3996497553890834,0.09991848897573551,0.12,True,True
USD,2019,outer,retrospective,ewma97,band05,5,12,-0.08185927217428694,0.1661762217227315,0.1789253076512922,0.08185927217428694,0.3251630430473509,0.3554481080681882,0.09124662948316603,16.08333333333333,0.03201426571810955,0.02531332527720556,0.006700940440903989,0.3462708156376315,1.2,0.0230915872891889,joint_es90,es90,True,12,0.05709519438437965,0.3996497553890834,0.09991848897573551,0.12,True,True
USD,2019,outer,retrospective,ewma97,band05,10,12,-0.1731059016574542,0.176006299789579,0.2415830139388759,0.1731059016574542,0.4340542540520261,0.4785073140793656,0.1824932589663321,16.08333333333333,0.05836235262379112,0.0283966994351509,0.02996565318864022,0.4650366898286568,1.2,0.02309158728918763,joint_es90,es90,True,12,0.05709519438437965,0.3996497553890834,0.09991848897573551,0.12,False,True
USD,2020,validation,retrospective,ewma97,band05,0,24,0.03699876588523129,0.1918290038765524,0.1914001309428913,-0.03699876588523129,0.2613386845944075,0.3430387686389922,0,15.70833333333333,0.03663401012495592,0.03526510144792577,0.001368908677030154,0.298642046929368,2.4,0.03663401012495592,forecast_first,mse,True,3,0.03857996333673903,0.4006173128939463,0.09334161929091407,0.12,True,False
USD,2020,validation,retrospective,ewma97,band05,5,24,-0.05634285340568183,0.1922103364370122,0.1964178284594834,0.05634285340568183,0.3481712327109434,0.4535649709335082,0.09334161929091407,15.70833333333333,0.03857996333673903,0.03540544620684487,0.003174517129894152,0.4006173128939463,2.4,0.03663401012495624,forecast_first,mse,True,3,0.03857996333673903,0.4006173128939463,0.09334161929091407,0.12,True,False
USD,2020,validation,retrospective,ewma97,band05,10,24,-0.1496844726965988,0.1956030703339263,0.2430469346518939,0.1496844726965988,0.458257285717029,0.5696277220112501,0.1866832385818281,15.70833333333333,0.05907181244368198,0.03666637107722315,0.02240544136645884,0.5108974020333644,2.4,0.03663401012495424,forecast_first,mse,True,3,0.03857996333673903,0.4006173128939463,0.09334161929091407,0.12,False,False
USD,2020,outer,retrospective,ewma97,band05,0,12,-0.02244111634654463,0.4201829093943383,0.4029199357246784,0.02244111634654463,0.7756764705710802,1.025733218004251,0,15.75,0.162344474604379,0.1618408709014998,0.0005036037028791525,0.9499584460548054,1.2,0.162344474604379,forecast_first,mse,True,3,0.03857996333673903,0.4006173128939463,0.09334161929091407,0.12,True,True
USD,2020,outer,retrospective,ewma97,band05,5,12,-0.1154725875274463,0.4146061071109686,0.4134093498211183,0.1154725875274463,0.844745706030257,1.118056517245448,0.09303147118089627,15.75,0.1709072905195198,0.157573372049236,0.01333391847028375,1.035235059301451,1.2,0.1623444746043825,forecast_first,mse,True,3,0.03857996333673903,0.4006173128939463,0.09334161929091407,0.12,True,True
USD,2020,outer,retrospective,ewma97,band05,10,12,-0.2085040587083416,0.410757121336132,0.4451238451249666,0.2085040587083416,0.9138149414894181,1.210379816486633,0.1860629423617925,15.75,0.1981352374988352,0.1546612950009837,0.04347394249785157,1.120511672548083,1.2,0.1623444746043813,forecast_first,mse,True,3,0.03857996333673903,0.4006173128939463,0.09334161929091407,0.12,False,True
USD,2020,validation,retrospective,ridge_term,daily,0,24,0.04571045110173801,0.1580115171375447,0.161297137524286,-0.04571045110173801,0.175923855722481,0.2046246088678862,0,22,0.02601676657352843,0.02392732123360405,0.002089445339924382,0.1849656344258,2.4,0.02601676657352843,joint_mse,mse,True,13,0.02991273216772479,0.3148479964579912,0.1188591596674284,0.12,True,False
USD,2020,validation,retrospective,ridge_term,daily,5,24,-0.07314870856568548,0.160093446416872,0.172952976753003,0.07314870856568548,0.2942405024846355,0.3400783155590637,0.1188591596674284,22,0.02991273216772479,0.02456199860289721,0.005350733564827588,0.3148479964579912,2.4,0.02601676657353009,joint_mse,mse,True,13,0.02991273216772479,0.3148479964579912,0.1188591596674284,0.12,True,False
USD,2020,validation,retrospective,ridge_term,daily,10,24,-0.192007868233115,0.1679910214072655,0.2528084856839677,0.192007868233115,0.4353569255487353,0.4802226006579188,0.2377183193348567,22,0.06391213043382089,0.02704510897039565,0.03686702146342524,0.4552099449790992,2.4,0.02601676657352863,joint_mse,mse,True,13,0.02991273216772479,0.3148479964579912,0.1188591596674284,0.12,False,False
USD,2020,outer,retrospective,ridge_term,daily,0,12,-0.03178358233835171,0.39716032450634,0.3815780730790772,0.03178358233835171,0.7827458425838786,0.9615647728079252,0,22,0.1456018258547416,0.1445916297484829,0.001010196106258782,0.907377218194578,1.2,0.1456018258547416,joint_mse,mse,True,13,0.02991273216772479,0.3148479964579912,0.1188591596674284,0.12,True,True
USD,2020,outer,retrospective,ridge_term,daily,5,12,-0.1518379486100812,0.3872667198754846,0.4006648419826413,0.1518379486100812,0.8695685755626801,1.083700035483004,0.1200543662717333,22,0.1605323156009749,0.1374775529628573,0.02305476263811765,1.018811714295027,1.2,0.1456018258547446,joint_mse,mse,True,13,0.02991273216772479,0.3148479964579912,0.1188591596674284,0.12,False,True
USD,2020,outer,retrospective,ridge_term,daily,10,12,-0.2718923148818225,0.3801539213577846,0.4543119535684575,0.2718923148818225,0.9563913085414776,1.205835298158078,0.2401087325434665,22,0.2063993511551883,0.1324739202633923,0.0739254308917961,1.130246210395472,1.2,0.1456018258547429,joint_mse,mse,True,13,0.02991273216772479,0.3148479964579912,0.1188591596674284,0.12,False,True
USD,2020,validation,retrospective,ridge_term,daily,0,24,0.04571045110173801,0.1580115171375447,0.161297137524286,-0.04571045110173801,0.175923855722481,0.2046246088678862,0,22,0.02601676657352843,0.02392732123360405,0.002089445339924382,0.1849656344258,2.4,0.02601676657352843,joint_es90,es90,True,13,0.02991273216772479,0.3148479964579912,0.1188591596674284,0.12,True,False
USD,2020,validation,retrospective,ridge_term,daily,5,24,-0.07314870856568548,0.160093446416872,0.172952976753003,0.07314870856568548,0.2942405024846355,0.3400783155590637,0.1188591596674284,22,0.02991273216772479,0.02456199860289721,0.005350733564827588,0.3148479964579912,2.4,0.02601676657353009,joint_es90,es90,True,13,0.02991273216772479,0.3148479964579912,0.1188591596674284,0.12,True,False
USD,2020,validation,retrospective,ridge_term,daily,10,24,-0.192007868233115,0.1679910214072655,0.2528084856839677,0.192007868233115,0.4353569255487353,0.4802226006579188,0.2377183193348567,22,0.06391213043382089,0.02704510897039565,0.03686702146342524,0.4552099449790992,2.4,0.02601676657352863,joint_es90,es90,True,13,0.02991273216772479,0.3148479964579912,0.1188591596674284,0.12,False,False
USD,2020,outer,retrospective,ridge_term,daily,0,12,-0.03178358233835171,0.39716032450634,0.3815780730790772,0.03178358233835171,0.7827458425838786,0.9615647728079252,0,22,0.1456018258547416,0.1445916297484829,0.001010196106258782,0.907377218194578,1.2,0.1456018258547416,joint_es90,es90,True,13,0.02991273216772479,0.3148479964579912,0.1188591596674284,0.12,True,True
USD,2020,outer,retrospective,ridge_term,daily,5,12,-0.1518379486100812,0.3872667198754846,0.4006648419826413,0.1518379486100812,0.8695685755626801,1.083700035483004,0.1200543662717333,22,0.1605323156009749,0.1374775529628573,0.02305476263811765,1.018811714295027,1.2,0.1456018258547446,joint_es90,es90,True,13,0.02991273216772479,0.3148479964579912,0.1188591596674284,0.12,False,True
USD,2020,outer,retrospective,ridge_term,daily,10,12,-0.2718923148818225,0.3801539213577846,0.4543119535684575,0.2718923148818225,0.9563913085414776,1.205835298158078,0.2401087325434665,22,0.2063993511551883,0.1324739202633923,0.0739254308917961,1.130246210395472,1.2,0.1456018258547429,joint_es90,es90,True,13,0.02991273216772479,0.3148479964579912,0.1188591596674284,0.12,False,True
USD,2021,validation,retrospective,ridge_term,daily,0,24,0.01203039003932983,0.3189842252338367,0.3124996702420044,-0.01203039003932983,0.2045040011435675,1.125896251146144,0,22,0.09765604390136147,0.0975113136168631,0.0001447302844984065,0.6616992449719997,2.4,0.09765604390136147,forecast_first,mse,True,4,0.110404572357606,0.7907660162401422,0.119613011506602,0.12,True,False
USD,2021,validation,retrospective,ridge_term,daily,5,24,-0.1075826214672722,0.3211347574366802,0.33227183503512,0.1075826214672722,0.3296135496768982,1.256560064009246,0.119613011506602,22,0.110404572357606,0.09883055191583563,0.01157402044177037,0.7907660162401422,2.4,0.09765604390135875,forecast_first,mse,True,4,0.110404572357606,0.7907660162401422,0.119613011506602,0.12,True,False
USD,2021,validation,retrospective,ridge_term,daily,10,24,-0.2271956329738737,0.3256279627011647,0.3914503293072727,0.2271956329738737,0.4547230982102364,1.387223876872403,0.2392260230132041,22,0.1532333603147723,0.1016155046723732,0.05161785564239913,0.919832787508315,2.4,0.09765604390136334,forecast_first,mse,True,4,0.110404572357606,0.7907660162401422,0.119613011506602,0.12,False,False
USD,2021,outer,retrospective,ridge_term,daily,0,12,-0.00701193395052629,0.1609249923667968,0.1542334246803386,0.00701193395052629,0.236218866273947,0.2574945878476821,0,22,0.02378794928862568,0.02373878207089914,4.916721772654323e-05,0.2510473994920048,1.2,0.02378794928862568,forecast_first,mse,True,4,0.110404572357606,0.7907660162401422,0.119613011506602,0.12,True,True
USD,2021,outer,retrospective,ridge_term,daily,5,12,-0.1052375424433765,0.1603953938345832,0.1861658736340433,0.1052375424433765,0.312529304256764,0.3427004676670187,0.09822560849284874,22,0.03465773250592658,0.02358279216640513,0.01107494033952146,0.3335576908760324,1.2,0.02378794928862571,forecast_first,mse,True,4,0.110404572357606,0.7907660162401422,0.119613011506602,0.12,True,True
USD,2021,outer,retrospective,ridge_term,daily,10,12,-0.20346315093623,0.1653512295942559,0.2577981067098899,0.20346315093623,0.4014634312169204,0.4279063474863571,0.1964512169856975,22,0.06645986382320378,0.02506261003430464,0.04139725378889912,0.4198933425562247,1.2,0.02378794928862669,forecast_first,mse,True,4,0.110404572357606,0.7907660162401422,0.119613011506602,0.12,False,True
USD,2021,validation,retrospective,ewma97,band05,0,24,0.006365942787636987,0.3206581814981833,0.3139712699689133,-0.006365942787636987,0.2279933375075884,1.103400756422089,0,16.29166666666667,0.09857795836589224,0.09853743313831677,4.052522757546738e-05,0.6630108686291245,2.4,0.09857795836589224,joint_mse,mse,True,13,0.1079246428936309,0.7770882489701151,0.09594382339103252,0.12,True,False
USD,2021,validation,retrospective,ewma97,band05,5,24,-0.0895778806033966,0.3228683073036347,0.3285188623102652,0.0895778806033966,0.347188544880687,1.217082974733155,0.09594382339103252,16.29166666666667,0.1079246428936309,0.09990044620023457,0.008024196693396376,0.7770882489701151,2.4,0.09857795836589271,joint_mse,mse,True,13,0.1079246428936309,0.7770882489701151,0.09594382339103252,0.12,True,False
USD,2021,validation,retrospective,ewma97,band05,10,24,-0.1855217039944304,0.326454311845578,0.3695269989736337,0.1855217039944304,0.4663837522537274,1.330765193044215,0.191887646782065,16.29166666666667,0.1365502029704599,0.1021319003174628,0.03441830265299704,0.8911656293110817,2.4,0.09857795836589291,joint_mse,mse,True,13,0.1079246428936309,0.7770882489701151,0.09594382339103252,0.12,False,False
USD,2021,outer,retrospective,ewma97,band05,0,12,-0.008191605642525968,0.17474348048879,0.1675045652469233,0.008191605642525968,0.2591193462645094,0.2834681083824897,0,15.66666666666667,0.02805777937856078,0.02799067697555812,6.710240300266327e-05,0.2760896956194654,1.2,0.02805777937856078,joint_mse,mse,True,13,0.1079246428936309,0.7770882489701151,0.09594382339103252,0.12,True,True
USD,2021,outer,retrospective,ewma97,band05,5,12,-0.08446588461287001,0.1715309823014148,0.1846766283587312,0.08446588461287001,0.3179825208693509,0.3452429175026293,0.07627427897034043,15.66666666666667,0.03410545706194893,0.02697097139851426,0.00713448566343467,0.3369821912501207,1.2,0.02805777937856143,joint_mse,mse,True,13,0.1079246428936309,0.7770882489701151,0.09594382339103252,0.12,True,True
USD,2021,outer,retrospective,ewma97,band05,10,12,-0.1607401635832098,0.1715709430312703,0.2298280653887666,0.1607401635832098,0.3768456954741855,0.4070177266227493,0.1525485579406809,15.66666666666667,0.05282093964034318,0.02698353945158612,0.02583740018875706,0.3978746868807603,1.2,0.02805777937856053,joint_mse,mse,True,13,0.1079246428936309,0.7770882489701151,0.09594382339103252,0.12,False,True
USD,2021,validation,retrospective,ewma97,band05,0,24,0.006365942787636987,0.3206581814981833,0.3139712699689133,-0.006365942787636987,0.2279933375075884,1.103400756422089,0,16.29166666666667,0.09857795836589224,0.09853743313831677,4.052522757546738e-05,0.6630108686291245,2.4,0.09857795836589224,joint_es90,es90,True,13,0.1079246428936309,0.7770882489701151,0.09594382339103252,0.12,True,False
USD,2021,validation,retrospective,ewma97,band05,5,24,-0.0895778806033966,0.3228683073036347,0.3285188623102652,0.0895778806033966,0.347188544880687,1.217082974733155,0.09594382339103252,16.29166666666667,0.1079246428936309,0.09990044620023457,0.008024196693396376,0.7770882489701151,2.4,0.09857795836589271,joint_es90,es90,True,13,0.1079246428936309,0.7770882489701151,0.09594382339103252,0.12,True,False
USD,2021,validation,retrospective,ewma97,band05,10,24,-0.1855217039944304,0.326454311845578,0.3695269989736337,0.1855217039944304,0.4663837522537274,1.330765193044215,0.191887646782065,16.29166666666667,0.1365502029704599,0.1021319003174628,0.03441830265299704,0.8911656293110817,2.4,0.09857795836589291,joint_es90,es90,True,13,0.1079246428936309,0.7770882489701151,0.09594382339103252,0.12,False,False
USD,2021,outer,retrospective,ewma97,band05,0,12,-0.008191605642525968,0.17474348048879,0.1675045652469233,0.008191605642525968,0.2591193462645094,0.2834681083824897,0,15.66666666666667,0.02805777937856078,0.02799067697555812,6.710240300266327e-05,0.2760896956194654,1.2,0.02805777937856078,joint_es90,es90,True,13,0.1079246428936309,0.7770882489701151,0.09594382339103252,0.12,True,True
USD,2021,outer,retrospective,ewma97,band05,5,12,-0.08446588461287001,0.1715309823014148,0.1846766283587312,0.08446588461287001,0.3179825208693509,0.3452429175026293,0.07627427897034043,15.66666666666667,0.03410545706194893,0.02697097139851426,0.00713448566343467,0.3369821912501207,1.2,0.02805777937856143,joint_es90,es90,True,13,0.1079246428936309,0.7770882489701151,0.09594382339103252,0.12,True,True
USD,2021,outer,retrospective,ewma97,band05,10,12,-0.1607401635832098,0.1715709430312703,0.2298280653887666,0.1607401635832098,0.3768456954741855,0.4070177266227493,0.1525485579406809,15.66666666666667,0.05282093964034318,0.02698353945158612,0.02583740018875706,0.3978746868807603,1.2,0.02805777937856053,joint_es90,es90,True,13,0.1079246428936309,0.7770882489701151,0.09594382339103252,0.12,False,True
USD,2022,validation,retrospective,ridge_term,daily,0,24,-0.004161907804449434,0.2967236182125704,0.2905059196439613,0.004161907804449434,0.5721183249634988,0.9076154902664462,0,22,0.0843936893481837,0.08437636787161096,1.732147657273711e-05,0.7000126279628348,2.4,0.0843936893481837,forecast_first,mse,True,4,0.09473658120104644,0.7876277825982949,0.1136000718467644,0.12,True,False
USD,2022,validation,retrospective,ridge_term,daily,5,24,-0.1177619796512093,0.290490494972255,0.3077930817952971,0.1177619796512093,0.632840381914744,1.018853248781181,0.1136000718467644,22,0.09473658120104644,0.08086869734967463,0.01386788385137183,0.7876277825982949,2.4,0.08439368934818414,forecast_first,mse,True,4,0.09473658120104644,0.7876277825982949,0.1136000718467644,0.12,True,False
USD,2022,validation,retrospective,ridge_term,daily,10,24,-0.2313620514979841,0.287932154809799,0.3646627931933067,0.2313620514979841,0.6982076718393269,1.130091007295899,0.2272001436935287,22,0.1329789527395444,0.07945055386618849,0.05352839887335586,0.8804043072041171,2.4,0.08439368934818144,forecast_first,mse,True,4,0.09473658120104644,0.7876277825982949,0.1136000718467644,0.12,False,False
USD,2022,outer,retrospective,ridge_term,daily,0,12,-0.1552610497260957,0.4072169962548269,0.4196580378883334,0.1552610497260957,0.7896549373793021,1.101996856083645,0,22,0.1761128687642859,0.1520068752022367,0.02410599356204916,1.007347789809602,1.2,0.1761128687642859,forecast_first,mse,True,4,0.09473658120104644,0.7876277825982949,0.1136000718467644,0.12,True,True
USD,2022,outer,retrospective,ridge_term,daily,5,12,-0.2740215652350901,0.418064355586827,0.4850781447441556,0.2740215652350901,0.9313569807467942,1.266181777435733,0.1187605155089931,22,0.235300806508432,0.1602129882945432,0.07508781821388875,1.164719717833025,1.2,0.1761128687642846,forecast_first,mse,True,4,0.09473658120104644,0.7876277825982949,0.1136000718467644,0.12,True,True
USD,2022,outer,retrospective,ridge_term,daily,10,12,-0.3927820807440827,0.4313153499860666,0.5699192485134369,0.3927820807440827,1.073059024114295,1.430366698787836,0.2375210310179861,22,0.3248079498261207,0.1705301868724695,0.1542777629536511,1.32209164585646,1.2,0.1761128687642833,forecast_first,mse,True,4,0.09473658120104644,0.7876277825982949,0.1136000718467644,0.12,False,True
USD,2022,validation,retrospective,rolling63,daily,0,24,0.001709553942608281,0.2895340147311088,0.2834430345896689,-0.001709553942608281,0.5370578707931724,0.8926342432050054,0,22,0.08033995385740024,0.08033703128271753,2.922574682687518e-06,0.6758348275221349,2.4,0.08033995385740024,joint_mse,mse,True,16,0.09099434980739546,0.7669262920753048,0.1156749013798881,0.12,True,False
USD,2022,validation,retrospective,rolling63,daily,5,24,-0.1139653474372753,0.2853030414337891,0.3016526973315429,0.1139653474372753,0.6001226304946395,1.005340172644772,0.1156749013798881,22,0.09099434980739546,0.07800624939089661,0.01298810041649887,0.7669262920753048,2.4,0.08033995385740016,joint_mse,mse,True,16,0.09099434980739546,0.7669262920753048,0.1156749013798881,0.12,True,False
USD,2022,validation,retrospective,rolling63,daily,10,24,-0.2296402488171617,0.2849948937741624,0.3613481418603551,0.2296402488171617,0.6733492682612602,1.118046102084552,0.2313498027597762,22,0.1305724796259313,0.07783783574912335,0.05273464387680793,0.8693087322564441,2.4,0.08033995385740138,joint_mse,mse,True,16,0.09099434980739546,0.7669262920753048,0.1156749013798881,0.12,False,False
USD,2022,outer,retrospective,rolling63,daily,0,12,-0.1649151064049439,0.4070217176137396,0.4231525899471996,0.1649151064049439,0.8272269941467432,1.101938735443127,0,22,0.1790581143790229,0.1518611220584689,0.02719699232055398,1.018692753232102,1.2,0.1790581143790229,joint_mse,mse,True,16,0.09099434980739546,0.7669262920753048,0.1156749013798881,0.12,True,True
USD,2022,outer,retrospective,rolling63,daily,5,12,-0.2850037432998171,0.4189692148052864,0.4920715426337107,0.2850037432998171,0.9728200663998018,1.265742578824032,0.1200886368948756,22,0.2421344030699197,0.1609072693750117,0.08122713369490804,1.17697818111972,1.2,0.1790581143790197,joint_mse,mse,True,16,0.09099434980739546,0.7669262920753048,0.1156749013798881,0.12,False,True
USD,2022,outer,retrospective,rolling63,daily,10,12,-0.4050923801946973,0.433354903775786,0.5798677461853831,0.4050923801946973,1.118413138652868,1.429546422204965,0.2401772737897513,22,0.3362466030661158,0.1721467665743107,0.1640998364918052,1.33526360900736,1.2,0.1790581143790163,joint_mse,mse,True,16,0.09099434980739546,0.7669262920753048,0.1156749013798881,0.12,False,True
USD,2022,validation,retrospective,rolling63,band05,0,24,-0.002637610874694274,0.3059321019069588,0.2995023191523216,0.002637610874694274,0.5152982083338545,0.9275067186928926,0,16.04166666666667,0.08970163917761909,0.08969468218649275,6.956991126305492e-06,0.6916249709046745,2.4,0.08970163917761909,joint_es90,es90,True,16,0.09606541844245207,0.7619427101791324,0.08852191430823682,0.12,True,False
USD,2022,validation,retrospective,rolling63,band05,5,24,-0.09115952518293095,0.302606691631304,0.3099442182755666,0.09115952518293095,0.5669201874820475,1.014580176336161,0.08852191430823682,16.04166666666667,0.09606541844245207,0.08775535941087464,0.008310059031577423,0.7619427101791324,2.4,0.08970163917761788,joint_es90,es90,True,16,0.09606541844245207,0.7619427101791324,0.08852191430823682,0.12,True,False
USD,2022,validation,retrospective,rolling63,band05,10,24,-0.1796814394911685,0.3014691936164849,0.3455174013247884,0.1796814394911685,0.6185421666302341,1.10165363397946,0.1770438286164736,16.04166666666667,0.1193822746182349,0.08709685492061643,0.03228541969761844,0.8322604494536026,2.4,0.08970163917761952,joint_es90,es90,True,16,0.09606541844245207,0.7619427101791324,0.08852191430823682,0.12,False,False
USD,2022,outer,retrospective,rolling63,band05,0,12,-0.148492552381582,0.3812410066825533,0.3940592398668373,0.148492552381582,0.6733041593230873,1.000087603223264,0,15.08333333333333,0.1552826845244296,0.1332326464116328,0.02205003811279686,0.9010623171929075,1.2,0.1552826845244296,joint_es90,es90,True,16,0.09606541844245207,0.7619427101791324,0.08852191430823682,0.12,True,True
USD,2022,outer,retrospective,rolling63,band05,5,12,-0.2396681536619812,0.3886440365905108,0.4426036550447764,0.2396681536619812,0.7804799321094802,1.130181497629067,0.09117560128040282,15.08333333333333,0.1958979954589955,0.1384571715792524,0.05744082387974304,1.024211326259496,1.2,0.1552826845244261,joint_es90,es90,True,16,0.09606541844245207,0.7619427101791324,0.08852191430823682,0.12,True,True
USD,2022,outer,retrospective,rolling63,band05,10,12,-0.3308437549423913,0.397837102832814,0.5045219723086936,0.3308437549423913,0.8876557048959073,1.260275392034885,0.1823512025608056,15.08333333333333,0.2545424205422542,0.1450848303578731,0.1094575901843811,1.147360335326104,1.2,0.1552826845244294,joint_es90,es90,True,16,0.09606541844245207,0.7619427101791324,0.08852191430823682,0.12,False,True
USD,2023,validation,retrospective,ridge_term,band05,0,24,-0.06246394227797428,0.295827738587261,0.2962589681584735,0.06246394227797428,0.4026391693559467,0.8745461068636616,0,14.875,0.0877693762143234,0.08386763212941729,0.003901744084906103,0.6326833088474674,2.4,0.0877693762143234,forecast_first,mse,True,4,0.1065757860716117,0.7244652272520327,0.07956211029851422,0.12,True,False
USD,2023,validation,retrospective,ridge_term,band05,5,24,-0.1420260525764902,0.3002683781485896,0.326459470794786,0.1420260525764902,0.4558102305554189,1.000872994179016,0.07956211029851422,14.875,0.1065757860716117,0.08640438646115173,0.02017139961045997,0.7244652272520327,2.4,0.08776937621431964,forecast_first,mse,True,4,0.1065757860716117,0.7244652272520327,0.07956211029851422,0.12,True,False
USD,2023,validation,retrospective,ridge_term,band05,10,24,-0.2215881628750057,0.3069941648829273,0.3733896608265228,0.2215881628750057,0.5089812917548883,1.127199881494429,0.1591242205970284,14.875,0.1394198388121457,0.09031852488582572,0.04910131392632005,0.8162471456566273,2.4,0.08776937621432135,forecast_first,mse,True,4,0.1065757860716117,0.7244652272520327,0.07956211029851422,0.12,False,False
USD,2023,outer,retrospective,ridge_term,band05,0,12,0.08070870497756499,0.2724436010369854,0.2730456942704934,-0.08070870497756499,0.3653716327166662,0.4355537218133918,0,15.5,0.07455395115965573,0.06804005610050008,0.006513895059155624,0.4142864220871114,1.2,0.07455395115965573,forecast_first,mse,True,4,0.1065757860716117,0.7244652272520327,0.07956211029851422,0.12,True,True
USD,2023,outer,retrospective,ridge_term,band05,5,12,-0.01437531830262658,0.2854797643636737,0.2737038319954842,0.01437531830262658,0.489500251368588,0.5833038472322443,0.09508402328019178,15.5,0.07491378764901226,0.07470713787271042,0.0002066497763018307,0.5548785151523485,1.2,0.07455395115965793,forecast_first,mse,True,4,0.1065757860716117,0.7244652272520327,0.07956211029851422,0.12,True,True
USD,2023,outer,retrospective,ridge_term,band05,10,12,-0.1094593415828258,0.3012668676769955,0.3085119055881989,0.1094593415828258,0.6136288700204963,0.7310539726511536,0.1901680465603836,15.5,0.09517959588966173,0.08319824842991595,0.01198134745974575,0.6954706082176211,1.2,0.07455395115965456,forecast_first,mse,True,4,0.1065757860716117,0.7244652272520327,0.07956211029851422,0.12,False,True
USD,2023,validation,retrospective,rolling63,band05,0,24,-0.06155228619673436,0.290885975789774,0.2913378183356593,0.06155228619673436,0.3602483099969224,0.8763442787308672,0,14.95833333333333,0.08487772439258164,0.08108904045653695,0.003788683936044695,0.6162166081047461,2.4,0.08487772439258164,joint_mse,mse,True,16,0.1048877295752441,0.7133942032204335,0.08139422491710678,0.12,True,False
USD,2023,validation,retrospective,rolling63,band05,5,24,-0.1429465111138395,0.2968601331365828,0.323863751561122,0.1429465111138395,0.4282380327419091,1.006626653117267,0.08139422491710678,14.95833333333333,0.1048877295752441,0.08445402453562507,0.02043370503961904,0.7133942032204335,2.4,0.08487772439257756,joint_mse,mse,True,16,0.1048877295752441,0.7133942032204335,0.08139422491710678,0.12,True,False
USD,2023,validation,retrospective,rolling63,band05,10,24,-0.2243407360309505,0.305209626890938,0.3736312495969252,0.2243407360309505,0.4999363338898762,1.136909027503736,0.1627884498342136,14.95833333333333,0.1396003106753598,0.08927154483245119,0.05032876584290862,0.8146924410061365,2.4,0.0848777243925799,joint_mse,mse,True,16,0.1048877295752441,0.7133942032204335,0.08139422491710678,0.12,False,False
USD,2023,outer,retrospective,rolling63,band05,0,12,0.08595449057775628,0.2693688547693673,0.2718476093517507,-0.08595449057775628,0.3577653227978926,0.4572952585656367,0,15.75,0.07390112271026206,0.06651294825978046,0.007388174450481594,0.4271346719693507,1.2,0.07390112271026206,joint_mse,mse,True,16,0.1048877295752441,0.7133942032204335,0.08139422491710678,0.12,True,True
USD,2023,outer,retrospective,rolling63,band05,5,12,-0.009776034946181214,0.2842270972497789,0.2723022709589192,0.009776034946181214,0.48405833531881,0.6083842386168214,0.09573052552393739,15.75,0.07414852676938463,0.07405295591011568,9.557085926895634e-05,0.570709722465909,1.2,0.07390112271026257,joint_mse,mse,True,16,0.1048877295752441,0.7133942032204335,0.08139422491710678,0.12,True,True
USD,2023,outer,retrospective,rolling63,band05,10,12,-0.1055065604701225,0.3018725534033503,0.3076763769379107,0.1055065604701225,0.6103513478397401,0.7594732186680346,0.1914610510478748,15.75,0.09466475292563932,0.08353311862340369,0.01113163430223561,0.7142847729624909,1.2,0.0739011227102654,joint_mse,mse,True,16,0.1048877295752441,0.7133942032204335,0.08139422491710678,0.12,False,True
USD,2023,validation,retrospective,ridge_term,every5,0,24,-0.07283311243136432,0.3375296207135421,0.3383548141468379,0.07283311243136432,0.5660547996533475,0.672203571398534,0,5.958333333333333,0.1144839802563412,0.1091793179899015,0.005304662266439756,0.6187506376240357,2.4,0.1144839802563412,joint_es90,es90,True,16,0.1284470103046068,0.6906720706449613,0.07419193947350698,0.12,True,False
USD,2023,validation,retrospective,ridge_term,every5,5,24,-0.1470250519048736,0.3338794019459738,0.3583950478237762,0.1470250519048736,0.6590683025113329,0.7300733201720069,0.07419193947350698,5.958333333333333,0.1284470103046068,0.1068306444169761,0.02161636588763078,0.6906720706449613,2.4,0.114483980256342,joint_es90,es90,True,16,0.1284470103046068,0.6906720706449613,0.07419193947350698,0.12,True,False
USD,2023,validation,retrospective,ridge_term,every5,10,24,-0.2212169913783781,0.3319248532957663,0.3930909279883918,0.2212169913783781,0.7728742824529893,0.7921414844562402,0.148383878947014,5.958333333333333,0.154520477666775,0.1055835203922736,0.04893695727450141,0.7724012735302703,2.4,0.1144839802563409,joint_es90,es90,True,16,0.1284470103046068,0.6906720706449613,0.07419193947350698,0.12,False,False
USD,2023,outer,retrospective,ridge_term,every5,0,12,0.1647769031776971,0.4067254155314682,0.4228374721136643,-0.1647769031776971,0.4324430742867268,0.6948179675318187,0,6,0.1787915278234738,0.1516401000026417,0.02715142782083217,0.6153104241242152,1.2,0.1787915278234738,joint_es90,es90,True,16,0.1284470103046068,0.6906720706449613,0.07419193947350698,0.12,True,True
USD,2023,outer,retrospective,ridge_term,every5,5,12,0.07698774754218567,0.4170392447123714,0.4066391118252511,-0.07698774754218567,0.5341122061150966,0.7957971290512234,0.08778915563551404,6,0.1653553672660291,0.1594282539944098,0.005927113271619315,0.7164986675554276,1.2,0.178791527823476,joint_es90,es90,True,16,0.1284470103046068,0.6906720706449613,0.07419193947350698,0.12,True,True
USD,2023,outer,retrospective,ridge_term,every5,10,12,-0.01080140809333399,0.4290507032105887,0.4109267584965814,0.01080140809333399,0.6357813379434643,0.8967762905705712,0.1755783112710281,6,0.1688608008485077,0.168744130431709,0.0001166704167987411,0.8176869109865995,1.2,0.1787915278234704,joint_es90,es90,True,16,0.1284470103046068,0.6906720706449613,0.07419193947350698,0.12,False,True
USD,2024,validation,retrospective,ridge_term,band05,0,24,-0.02774879885036918,0.3293559924232006,0.3236132854349436,0.02774879885036918,0.3781543892522085,0.8974931390993698,0,15.29166666666667,0.1047255585099983,0.1039555626723601,0.0007699958376382501,0.6322568919350781,2.4,0.1047255585099983,forecast_first,mse,True,3,0.1238027750820776,0.7635818918396801,0.09228393218519415,0.12,True,False
USD,2024,validation,retrospective,ridge_term,band05,5,24,-0.1200327310355634,0.3378627226689486,0.3518561852264042,0.1200327310355634,0.5195401982476012,1.031601322626469,0.09228393218519415,15.29166666666667,0.1238027750820776,0.1093949185622217,0.01440785651985592,0.7635818918396801,2.4,0.1047255585099988,forecast_first,mse,True,3,0.1238027750820776,0.7635818918396801,0.09228393218519415,0.12,True,False
USD,2024,validation,retrospective,ridge_term,band05,10,24,-0.212316663220763,0.3488906276292156,0.4021581458540003,0.212316663220763,0.6626427829189414,1.165709506153568,0.1845678643703883,15.29166666666667,0.1617311742767274,0.1166528087955285,0.04507836548119887,0.8968144202731124,2.4,0.1047255585099967,forecast_first,mse,True,3,0.1238027750820776,0.7635818918396801,0.09228393218519415,0.12,False,False
USD,2024,outer,retrospective,ridge_term,band05,0,12,0.01080481657633274,0.3087669652307888,0.2958192516457644,-0.01080481657633274,0.4944465448834678,0.6985278165263438,0,14.91666666666667,0.08750902964426006,0.08739228558301186,0.0001167440612481946,0.6366850069375936,1.2,0.08750902964426006,forecast_first,mse,True,3,0.1238027750820776,0.7635818918396801,0.09228393218519415,0.12,True,True
USD,2024,outer,retrospective,ridge_term,band05,5,12,-0.07222366470400265,0.3087172555325611,0.3042702849192963,0.07222366470400265,0.5849563795373035,0.7761212409740086,0.0830284812803387,14.91666666666667,0.09258040628486974,0.08736414854159356,0.005216257743276199,0.7181924950840981,1.2,0.0875090296442611,forecast_first,mse,True,3,0.1238027750820776,0.7635818918396801,0.09228393218519415,0.12,True,True
USD,2024,outer,retrospective,ridge_term,band05,10,12,-0.155252145984343,0.3105111982583896,0.3353888281626013,0.155252145984343,0.675466214191152,0.8537146654216672,0.1660569625606774,14.91666666666667,0.1124856660562829,0.08838243722353918,0.02410322883274375,0.7996999832306021,1.2,0.08750902964426117,forecast_first,mse,True,3,0.1238027750820776,0.7635818918396801,0.09228393218519415,0.12,False,True
USD,2024,validation,retrospective,ridge_term,band05,0,24,-0.02774879885036918,0.3293559924232006,0.3236132854349436,0.02774879885036918,0.3781543892522085,0.8974931390993698,0,15.29166666666667,0.1047255585099983,0.1039555626723601,0.0007699958376382501,0.6322568919350781,2.4,0.1047255585099983,joint_mse,mse,True,12,0.1238027750820776,0.7635818918396801,0.09228393218519415,0.12,True,False
USD,2024,validation,retrospective,ridge_term,band05,5,24,-0.1200327310355634,0.3378627226689486,0.3518561852264042,0.1200327310355634,0.5195401982476012,1.031601322626469,0.09228393218519415,15.29166666666667,0.1238027750820776,0.1093949185622217,0.01440785651985592,0.7635818918396801,2.4,0.1047255585099988,joint_mse,mse,True,12,0.1238027750820776,0.7635818918396801,0.09228393218519415,0.12,True,False
USD,2024,validation,retrospective,ridge_term,band05,10,24,-0.212316663220763,0.3488906276292156,0.4021581458540003,0.212316663220763,0.6626427829189414,1.165709506153568,0.1845678643703883,15.29166666666667,0.1617311742767274,0.1166528087955285,0.04507836548119887,0.8968144202731124,2.4,0.1047255585099967,joint_mse,mse,True,12,0.1238027750820776,0.7635818918396801,0.09228393218519415,0.12,False,False
USD,2024,outer,retrospective,ridge_term,band05,0,12,0.01080481657633274,0.3087669652307888,0.2958192516457644,-0.01080481657633274,0.4944465448834678,0.6985278165263438,0,14.91666666666667,0.08750902964426006,0.08739228558301186,0.0001167440612481946,0.6366850069375936,1.2,0.08750902964426006,joint_mse,mse,True,12,0.1238027750820776,0.7635818918396801,0.09228393218519415,0.12,True,True
USD,2024,outer,retrospective,ridge_term,band05,5,12,-0.07222366470400265,0.3087172555325611,0.3042702849192963,0.07222366470400265,0.5849563795373035,0.7761212409740086,0.0830284812803387,14.91666666666667,0.09258040628486974,0.08736414854159356,0.005216257743276199,0.7181924950840981,1.2,0.0875090296442611,joint_mse,mse,True,12,0.1238027750820776,0.7635818918396801,0.09228393218519415,0.12,True,True
USD,2024,outer,retrospective,ridge_term,band05,10,12,-0.155252145984343,0.3105111982583896,0.3353888281626013,0.155252145984343,0.675466214191152,0.8537146654216672,0.1660569625606774,14.91666666666667,0.1124856660562829,0.08838243722353918,0.02410322883274375,0.7996999832306021,1.2,0.08750902964426117,joint_mse,mse,True,12,0.1238027750820776,0.7635818918396801,0.09228393218519415,0.12,False,True
USD,2024,validation,retrospective,ewma97,band05,0,24,-0.02705610266113367,0.3295002785060493,0.3236953786552907,0.02705610266113367,0.3787938499242324,0.8905141299086341,0,15.29166666666667,0.1047786981627921,0.1040466654715823,0.0007320326912098046,0.6313425821884592,2.4,0.1047786981627921,joint_es90,es90,True,12,0.1240369741239839,0.7525295863855938,0.09277646201367802,0.12,True,False
USD,2024,validation,retrospective,ewma97,band05,5,24,-0.1198325646748068,0.3382982433617986,0.352188833048386,0.1198325646748068,0.4927938115749612,1.01693083017782,0.09277646201367802,15.29166666666667,0.1240369741239839,0.1096771305674421,0.01435984355654175,0.7525295863855938,2.4,0.1047786981627932,joint_es90,es90,True,12,0.1240369741239839,0.7525295863855938,0.09277646201367802,0.12,True,False
USD,2024,validation,retrospective,ewma97,band05,10,24,-0.212609026688487,0.3495834089183395,0.4028884891576938,0.212609026688487,0.6320808867847613,1.14936827177057,0.185552924027356,15.29166666666667,0.1623191346957692,0.1171165364663433,0.04520259822942579,0.8827477025681032,2.4,0.1047786981627904,joint_es90,es90,True,12,0.1240369741239839,0.7525295863855938,0.09277646201367802,0.12,False,False
USD,2024,outer,retrospective,ewma97,band05,0,12,0.003630229762961493,0.3140995560331371,0.3007493398330154,-0.003630229762961493,0.5082582736477196,0.7505829590224158,0,15.33333333333333,0.09045016540999457,0.09043698684186269,1.317856813189146e-05,0.677151236181599,1.2,0.09045016540999457,joint_es90,es90,True,12,0.1240369741239839,0.7525295863855938,0.09277646201367802,0.12,True,True
USD,2024,outer,retrospective,ewma97,band05,5,12,-0.08145578451850015,0.3147454500017295,0.3121607784517186,0.08145578451850015,0.6013530376087076,0.8334379916241382,0.08508601428146116,15.33333333333333,0.09744435160358293,0.0908093067720586,0.006635044831524328,0.7631092176800687,1.2,0.09045016540999766,joint_es90,es90,True,12,0.1240369741239839,0.7525295863855938,0.09277646201367802,0.12,True,True
USD,2024,outer,retrospective,ewma97,band05,10,12,-0.1665417987999594,0.3172915903286683,0.3464399340911019,0.1665417987999594,0.6944478015696831,0.9162930242258503,0.1701720285629223,15.33333333333333,0.120020627933047,0.09228445718552088,0.02773617074752617,0.849067199178527,1.2,0.09045016540999862,joint_es90,es90,True,12,0.1240369741239839,0.7525295863855938,0.09277646201367802,0.12,False,True
USD,2025,validation,retrospective,ridge_term,band10,0,24,0.04484083213450914,0.2824428141749063,0.2801084240116004,-0.04484083213450914,0.3648757974917196,0.476341574287494,0,13,0.07846072920226251,0.07645002897574728,0.002010700226515228,0.4206059869553755,2.4,0.07846072920226251,forecast_first,mse,True,4,0.07786173053655797,0.5038805183411609,0.07755734261735249,0.12,True,False
USD,2025,validation,retrospective,ridge_term,band10,5,24,-0.03271651048284507,0.2830726325199804,0.2790371490259997,0.03271651048284507,0.4628649795981815,0.5462039253368749,0.07755734261735249,13,0.07786173053655797,0.07679136047838386,0.001070370058174112,0.5038805183411609,2.4,0.07846072920226298,forecast_first,mse,True,4,0.07786173053655797,0.5038805183411609,0.07755734261735249,0.12,True,False
USD,2025,validation,retrospective,ridge_term,band10,10,24,-0.1102738531001993,0.2855535115157254,0.3005055689207813,0.1102738531001993,0.5608541617046008,0.6160662763862458,0.155114685234705,13,0.09030359695240246,0.07814327427483814,0.01216032267756433,0.5871550497269201,2.4,0.07846072920226042,forecast_first,mse,True,4,0.07786173053655797,0.5038805183411609,0.07755734261735249,0.12,False,False
USD,2025,outer,retrospective,ridge_term,band10,0,12,0.03555446480986513,0.4098187675789312,0.3939791750496937,-0.03555446480986513,0.6883197007430024,0.9721528008762306,0,11.75,0.1552195903728371,0.1539554704049212,0.001264119967915938,0.8861427705328282,1.2,0.1552195903728371,forecast_first,mse,True,4,0.07786173053655797,0.5038805183411609,0.07755734261735249,0.12,True,True
USD,2025,outer,retrospective,ridge_term,band10,5,12,-0.04956620884251143,0.4153164924536891,0.4007126346328314,0.04956620884251143,0.7807320575146892,1.065179465500663,0.08512067365237026,11.75,0.160570615554385,0.1581138064953655,0.002456809059019458,0.978983281262489,1.2,0.1552195903728457,forecast_first,mse,True,4,0.07786173053655797,0.5038805183411609,0.07755734261735249,0.12,True,True
USD,2025,outer,retrospective,ridge_term,band10,10,12,-0.1346868824948754,0.4213982171001912,0.4253457130109655,0.1346868824948754,0.873144414286313,1.158206130125023,0.1702413473047405,11.75,0.1809189755768066,0.1627784192606182,0.01814055631618837,1.071823791992081,1.2,0.1552195903728407,forecast_first,mse,True,4,0.07786173053655797,0.5038805183411609,0.07755734261735249,0.12,False,True
USD,2025,validation,retrospective,rolling63,band10,0,24,0.04684169132370627,0.2790420456779716,0.2771538465663787,-0.04684169132370627,0.3463454013671423,0.5037636746707262,0,13.20833333333333,0.07681425466653979,0.07462011062047441,0.002194144046065379,0.4220930171286381,2.4,0.07681425466653979,joint_mse,mse,True,16,0.07644018763702433,0.5079771934332898,0.07854310673810669,0.12,True,False
USD,2025,validation,retrospective,rolling63,band10,5,24,-0.03170141541440078,0.2805619353110398,0.2764781865482778,0.03170141541440078,0.4446513283375267,0.5786018454113204,0.07854310673810669,13.20833333333333,0.07644018763702433,0.07543520789774792,0.001004979739276407,0.5079771934332898,2.4,0.07681425466653863,joint_mse,mse,True,16,0.07644018763702433,0.5079771934332898,0.07854310673810669,0.12,True,False
USD,2025,validation,retrospective,rolling63,band10,10,24,-0.1102445221525135,0.2839936383393762,0.2990747819071694,0.1102445221525135,0.5432120609996957,0.6534400161519368,0.1570862134762134,13.20833333333333,0.08944572517282094,0.07729187050818492,0.01215385466463603,0.5941444871732691,2.4,0.07681425466654383,joint_mse,mse,True,16,0.07644018763702433,0.5079771934332898,0.07854310673810669,0.12,False,False
USD,2025,outer,retrospective,rolling63,band10,0,12,0.03946050065600559,0.4031114107877608,0.3879618192043901,-0.03946050065600559,0.6680643517439921,0.946185652948529,0,12,0.1505143731603799,0.1489572420483573,0.001557131112022618,0.8619064707653362,1.2,0.1505143731603799,joint_mse,mse,True,16,0.07644018763702433,0.5079771934332898,0.07854310673810669,0.12,True,True
USD,2025,outer,retrospective,rolling63,band10,5,12,-0.04582723372875078,0.408552859301378,0.3938349327966606,0.04582723372875078,0.7604665808856528,1.039199333999804,0.08528773438475047,12,0.1551059542909502,0.1530058189397206,0.002100135351229554,0.9547348633591523,1.2,0.1505143731603812,joint_mse,mse,True,16,0.07644018763702433,0.5079771934332898,0.07854310673810669,0.12,True,True
USD,2025,outer,retrospective,rolling63,band10,10,12,-0.1311149681134935,0.4145266203049897,0.4179761881890998,0.1311149681134935,0.8528688100272834,1.132213015051065,0.1705754687695009,12,0.1747040938930898,0.1575129590296874,0.01719113486340243,1.047563255952949,1.2,0.1505143731603809,joint_mse,mse,True,16,0.07644018763702433,0.5079771934332898,0.07854310673810669,0.12,False,True
USD,2025,validation,retrospective,ridge_term,band10,0,24,0.04484083213450914,0.2824428141749063,0.2801084240116004,-0.04484083213450914,0.3648757974917196,0.476341574287494,0,13,0.07846072920226251,0.07645002897574728,0.002010700226515228,0.4206059869553755,2.4,0.07846072920226251,joint_es90,es90,True,16,0.07786173053655797,0.5038805183411609,0.07755734261735249,0.12,True,False
USD,2025,validation,retrospective,ridge_term,band10,5,24,-0.03271651048284507,0.2830726325199804,0.2790371490259997,0.03271651048284507,0.4628649795981815,0.5462039253368749,0.07755734261735249,13,0.07786173053655797,0.07679136047838386,0.001070370058174112,0.5038805183411609,2.4,0.07846072920226298,joint_es90,es90,True,16,0.07786173053655797,0.5038805183411609,0.07755734261735249,0.12,True,False
USD,2025,validation,retrospective,ridge_term,band10,10,24,-0.1102738531001993,0.2855535115157254,0.3005055689207813,0.1102738531001993,0.5608541617046008,0.6160662763862458,0.155114685234705,13,0.09030359695240246,0.07814327427483814,0.01216032267756433,0.5871550497269201,2.4,0.07846072920226042,joint_es90,es90,True,16,0.07786173053655797,0.5038805183411609,0.07755734261735249,0.12,False,False
USD,2025,outer,retrospective,ridge_term,band10,0,12,0.03555446480986513,0.4098187675789312,0.3939791750496937,-0.03555446480986513,0.6883197007430024,0.9721528008762306,0,11.75,0.1552195903728371,0.1539554704049212,0.001264119967915938,0.8861427705328282,1.2,0.1552195903728371,joint_es90,es90,True,16,0.07786173053655797,0.5038805183411609,0.07755734261735249,0.12,True,True
USD,2025,outer,retrospective,ridge_term,band10,5,12,-0.04956620884251143,0.4153164924536891,0.4007126346328314,0.04956620884251143,0.7807320575146892,1.065179465500663,0.08512067365237026,11.75,0.160570615554385,0.1581138064953655,0.002456809059019458,0.978983281262489,1.2,0.1552195903728457,joint_es90,es90,True,16,0.07786173053655797,0.5038805183411609,0.07755734261735249,0.12,True,True
USD,2025,outer,retrospective,ridge_term,band10,10,12,-0.1346868824948754,0.4213982171001912,0.4253457130109655,0.1346868824948754,0.873144414286313,1.158206130125023,0.1702413473047405,11.75,0.1809189755768066,0.1627784192606182,0.01814055631618837,1.071823791992081,1.2,0.1552195903728407,joint_es90,es90,True,16,0.07786173053655797,0.5038805183411609,0.07755734261735249,0.12,False,True
USD,2026,validation,additional_2026,rolling63,daily,0,24,0.04588081319479371,0.3374044633256022,0.3334717585195459,-0.04588081319479371,0.5711450561479851,0.7439760238992263,0,22,0.1112034137301183,0.1090983647107027,0.002105049019415556,0.6289480951575563,2.4,0.1112034137301183,forecast_first,mse,True,4,0.1147946612104929,0.7544889713120256,0.1169956010906389,0.12,True,False
USD,2026,validation,additional_2026,rolling63,daily,5,24,-0.07111478789584887,0.338391100951477,0.3388136083608403,0.07111478789584887,0.7021703379956344,0.8515025045796838,0.1169956010906389,22,0.1147946612104929,0.1097373481530213,0.005057313057471573,0.7544889713120256,2.4,0.1112034137301153,forecast_first,mse,True,4,0.1147946612104929,0.7544889713120256,0.1169956010906389,0.12,True,False
USD,2026,validation,additional_2026,rolling63,daily,10,24,-0.1881103889864873,0.3419653039173801,0.3839964535202757,0.1881103889864873,0.8331956198432617,0.9590289852601535,0.2339912021812778,22,0.1474532763161493,0.1120677578715017,0.03538551844464757,0.8800298474664939,2.4,0.1112034137301172,forecast_first,mse,True,4,0.1147946612104929,0.7544889713120256,0.1169956010906389,0.12,False,False
USD,2026,outer,additional_2026,rolling63,daily,0,9,0.006243808938800948,0.1773732146348593,0.1673455920177062,-0.006243808938800948,0.2132615758925054,0.2836331258813942,0,22,0.02800454716775657,0.02796556201769232,3.898515006425062e-05,0.2836331258813942,0.9,0.02800454716775657,forecast_first,mse,True,4,0.1147946612104929,0.7544889713120256,0.1169956010906389,0.12,True,True
USD,2026,outer,additional_2026,rolling63,daily,5,9,-0.1135063059642057,0.1974367967470327,0.2180222830407202,0.1135063059642057,0.3572887925431302,0.4554046744948153,0.1197501149030123,22,0.04753371590228794,0.03465003440864808,0.01288368149363987,0.4554046744948153,0.9,0.02800454716775655,forecast_first,mse,True,4,0.1147946612104929,0.7544889713120256,0.1169956010906389,0.12,True,True
USD,2026,outer,additional_2026,rolling63,daily,10,9,-0.2332564208672211,0.2217281515056392,0.3132240955402266,0.2332564208672211,0.5196534350793143,0.6271762231082364,0.2395002298060245,22,0.09810933402699301,0.04370077615120684,0.05440855787578618,0.6271762231082363,0.9,0.02800454716775687,forecast_first,mse,True,4,0.1147946612104929,0.7544889713120256,0.1169956010906389,0.12,False,True
USD,2026,validation,additional_2026,rolling63,daily,0,24,0.04588081319479371,0.3374044633256022,0.3334717585195459,-0.04588081319479371,0.5711450561479851,0.7439760238992263,0,22,0.1112034137301183,0.1090983647107027,0.002105049019415556,0.6289480951575563,2.4,0.1112034137301183,joint_mse,mse,True,16,0.1147946612104929,0.7544889713120256,0.1169956010906389,0.12,True,False
USD,2026,validation,additional_2026,rolling63,daily,5,24,-0.07111478789584887,0.338391100951477,0.3388136083608403,0.07111478789584887,0.7021703379956344,0.8515025045796838,0.1169956010906389,22,0.1147946612104929,0.1097373481530213,0.005057313057471573,0.7544889713120256,2.4,0.1112034137301153,joint_mse,mse,True,16,0.1147946612104929,0.7544889713120256,0.1169956010906389,0.12,True,False
USD,2026,validation,additional_2026,rolling63,daily,10,24,-0.1881103889864873,0.3419653039173801,0.3839964535202757,0.1881103889864873,0.8331956198432617,0.9590289852601535,0.2339912021812778,22,0.1474532763161493,0.1120677578715017,0.03538551844464757,0.8800298474664939,2.4,0.1112034137301172,joint_mse,mse,True,16,0.1147946612104929,0.7544889713120256,0.1169956010906389,0.12,False,False
USD,2026,outer,additional_2026,rolling63,daily,0,9,0.006243808938800948,0.1773732146348593,0.1673455920177062,-0.006243808938800948,0.2132615758925054,0.2836331258813942,0,22,0.02800454716775657,0.02796556201769232,3.898515006425062e-05,0.2836331258813942,0.9,0.02800454716775657,joint_mse,mse,True,16,0.1147946612104929,0.7544889713120256,0.1169956010906389,0.12,True,True
USD,2026,outer,additional_2026,rolling63,daily,5,9,-0.1135063059642057,0.1974367967470327,0.2180222830407202,0.1135063059642057,0.3572887925431302,0.4554046744948153,0.1197501149030123,22,0.04753371590228794,0.03465003440864808,0.01288368149363987,0.4554046744948153,0.9,0.02800454716775655,joint_mse,mse,True,16,0.1147946612104929,0.7544889713120256,0.1169956010906389,0.12,True,True
USD,2026,outer,additional_2026,rolling63,daily,10,9,-0.2332564208672211,0.2217281515056392,0.3132240955402266,0.2332564208672211,0.5196534350793143,0.6271762231082364,0.2395002298060245,22,0.09810933402699301,0.04370077615120684,0.05440855787578618,0.6271762231082363,0.9,0.02800454716775687,joint_mse,mse,True,16,0.1147946612104929,0.7544889713120256,0.1169956010906389,0.12,False,True
USD,2026,validation,additional_2026,ridge_flat,every5,0,24,0.02220893635378795,0.3654047381725862,0.3583999166498957,-0.02220893635378795,0.4921253393045215,0.6585810019698146,0,6,0.1284505002546522,0.1279572634006856,0.0004932368539666041,0.574474560497032,2.4,0.1284505002546522,joint_es90,es90,True,16,0.1314867934322856,0.6712081064003441,0.08587880381121223,0.12,True,False
USD,2026,validation,additional_2026,ridge_flat,every5,5,24,-0.06366986745742263,0.364655322297989,0.3626110773711768,0.06366986745742263,0.5850265497109687,0.7592160929517651,0.08587880381121223,6,0.1314867934322856,0.1274329414102398,0.004053852022045766,0.6712081064003441,2.4,0.1284505002546514,joint_es90,es90,True,16,0.1314867934322856,0.6712081064003441,0.08587880381121223,0.12,True,False
USD,2026,validation,additional_2026,ridge_flat,every5,10,24,-0.1495486712686372,0.365292806103611,0.3876128066055586,0.1495486712686372,0.6853458922831852,0.861587626649353,0.1717576076224245,6,0.1502436878446382,0.1278788827664232,0.0223648050782149,0.7706852861106354,2.4,0.1284505002546534,joint_es90,es90,True,16,0.1314867934322856,0.6712081064003441,0.08587880381121223,0.12,False,False
USD,2026,outer,additional_2026,ridge_flat,every5,0,9,0.01956977536940383,0.2869630378920305,0.2712581930973317,-0.01956977536940383,0.4436394669746331,0.4589414324725851,0,6,0.07358100732242928,0.07319803121442037,0.0003829761080089247,0.4589414324725851,0.9,0.07358100732242928,joint_es90,es90,True,16,0.1314867934322856,0.6712081064003441,0.08587880381121223,0.12,True,True
USD,2026,outer,additional_2026,ridge_flat,every5,5,9,-0.06397455330028633,0.2947044799667404,0.2851199621464379,0.06397455330028633,0.5448989994678181,0.5879459854520661,0.08354432866969243,6,0.08129339281438618,0.07720064934441501,0.004092743469971176,0.5879459854520661,0.9,0.07358100732242821,joint_es90,es90,True,16,0.1314867934322856,0.6712081064003441,0.08587880381121223,0.12,True,True
USD,2026,outer,additional_2026,ridge_flat,every5,10,9,-0.1475188819699848,0.3050178312026134,0.323203307816447,0.1475188819699848,0.6461585319610229,0.7169505384315755,0.1670886573393849,6,0.104460378183493,0.08269855764581864,0.0217618205376743,0.7169505384315755,0.9,0.07358100732242873,joint_es90,es90,True,16,0.1314867934322856,0.6712081064003441,0.08587880381121223,0.12,False,True
JPY,2015,validation,retrospective,ridge_term,band05,0,24,0.1484060912404241,0.5755237645929895,0.5826240823876726,-0.1484060912404241,0.7550229612498531,1.084131404826374,0,15.5,0.3394508213780775,0.3174264534608164,0.02202436791726109,0.9097009276241244,2.4,0.3394508213780775,forecast_first,mse,True,3,0.3240205751052243,1.015582462369531,0.09373743447501369,0.12,True,False
JPY,2015,validation,retrospective,ridge_term,band05,5,24,0.05466865676541429,0.5787830529107773,0.5692280519310553,-0.05466865676541429,0.8562669964043221,1.191956230904431,0.09373743447501369,15.5,0.3240205751052243,0.3210319130726896,0.002988662032534678,1.015582462369531,2.4,0.3394508213780764,forecast_first,mse,True,3,0.3240205751052243,1.015582462369531,0.09373743447501369,0.12,True,False
JPY,2015,validation,retrospective,ridge_term,band05,10,24,-0.03906877770960219,0.5828362930058184,0.5719007120861289,0.03906877770960219,0.9575110315587791,1.299781056982502,0.1874748689500274,15.5,0.3270704244846213,0.325544055092899,0.001526369391722309,1.121463997114939,2.4,0.3394508213780741,forecast_first,mse,True,3,0.3240205751052243,1.015582462369531,0.09373743447501369,0.12,False,False
JPY,2015,outer,retrospective,ridge_term,band05,0,12,0.1032766369631781,0.3428126015750833,0.3440830862227094,-0.1032766369631781,0.396185726506799,0.6354700647873317,0,14.91666666666667,0.1183931702245445,0.1077271064821204,0.01066606374242408,0.5629596592477765,1.2,0.1183931702245445,forecast_first,mse,True,3,0.3240205751052243,1.015582462369531,0.09373743447501369,0.12,True,True
JPY,2015,outer,retrospective,ridge_term,band05,5,12,0.01794691967339605,0.3378064143040848,0.3239225746100412,-0.01794691967339605,0.4630248231154677,0.6851461817348277,0.08532971728978374,14.91666666666667,0.1049258343419977,0.1046037424162344,0.0003220919257633301,0.6178366791229006,1.2,0.1183931702245414,forecast_first,mse,True,3,0.3240205751052243,1.015582462369531,0.09373743447501369,0.12,True,True
JPY,2015,outer,retrospective,ridge_term,band05,10,12,-0.06738279761638892,0.3349260038161703,0.327670439787995,0.06738279761638892,0.5298639197241309,0.7348222986823343,0.1706594345795675,14.91666666666667,0.1073679171108581,0.1028274756962469,0.004540441414611228,0.6727136989980305,1.2,0.1183931702245449,forecast_first,mse,True,3,0.3240205751052243,1.015582462369531,0.09373743447501369,0.12,False,True
JPY,2015,validation,retrospective,ridge_flat,band05,0,24,0.1606339777833032,0.56645615965128,0.5773267400341076,-0.1606339777833032,0.669957336836866,1.147411540792681,0,15.33333333333333,0.33330616475841,0.3075028899399233,0.02580327481848676,0.9056088244049634,2.4,0.33330616475841,joint_mse,mse,True,12,0.3160334804585659,1.014406535488559,0.09457335825645058,0.12,True,False
JPY,2015,validation,retrospective,ridge_flat,band05,5,24,0.06606061952684823,0.570280914765433,0.5621685516449367,-0.06606061952684823,0.7719205684972564,1.259411719900251,0.09457335825645058,15.33333333333333,0.3160334804585659,0.3116694750062949,0.004364005452271002,1.014406535488559,2.4,0.3333061647584065,joint_mse,mse,True,12,0.3160334804585659,1.014406535488559,0.09457335825645058,0.12,True,False
JPY,2015,validation,retrospective,ridge_flat,band05,10,24,-0.02851273872959781,0.5749695273027969,0.5635852659903208,0.02851273872959781,0.878132649895042,1.372423529897677,0.1891467165129012,15.33333333333333,0.3176283520413806,0.3168153757715182,0.0008129762698623068,1.124721692906938,2.4,0.3333061647584123,joint_mse,mse,True,12,0.3160334804585659,1.014406535488559,0.09457335825645058,0.12,False,False
JPY,2015,outer,retrospective,ridge_flat,band05,0,12,0.09588650978913764,0.3608314093779782,0.3585297569060328,-0.09588650978913764,0.4136706571984991,0.6969396286453744,0,14.41666666666667,0.128543586587099,0.1193493638275566,0.009194222759542387,0.6111005463887458,1.2,0.128543586587099,joint_mse,mse,True,12,0.3160334804585659,1.014406535488559,0.09457335825645058,0.12,True,True
JPY,2015,outer,retrospective,ridge_flat,band05,5,12,0.01016636006356035,0.3547825834588998,0.3398305650500441,-0.01016636006356035,0.480025674650324,0.7466193642022221,0.08572014972557536,14.41666666666667,0.1154848129422322,0.1153814580652903,0.0001033548769419547,0.6658333976713441,1.2,0.1285435865871005,joint_mse,mse,True,12,0.3160334804585659,1.014406535488559,0.09457335825645058,0.12,True,True
JPY,2015,outer,retrospective,ridge_flat,band05,10,12,-0.07555378966200961,0.350783210665337,0.3442428855860106,0.07555378966200961,0.5463806921021319,0.7962990997590635,0.1714402994511507,14.41666666666667,0.1185031642765832,0.112794789144292,0.00570837513229119,0.7205662489539328,1.2,0.1285435865871009,joint_mse,mse,True,12,0.3160334804585659,1.014406535488559,0.09457335825645058,0.12,False,True
JPY,2015,validation,retrospective,ridge_flat,band10,0,24,0.1670844109298485,0.596243988416112,0.6071336812100742,-0.1670844109298485,0.7184951185431994,0.9598876002396536,0,12.33333333333333,0.3686113068596959,0.3406941064839215,0.02791720037577447,0.8340655477498623,2.4,0.3686113068596959,joint_es90,es90,True,12,0.3520004082753994,0.9291051389168702,0.08219412246450533,0.12,True,False
JPY,2015,validation,retrospective,ridge_flat,band10,5,24,0.08489028846534026,0.5998208838729202,0.5932962230415759,-0.08489028846534026,0.8161893268425943,1.054652266755172,0.08219412246450533,12.33333333333333,0.3520004082753994,0.3447940471996708,0.007206361075728682,0.9291051389168702,2.4,0.3686113068596972,joint_es90,es90,True,12,0.3520004082753994,0.9291051389168702,0.08219412246450533,0.12,True,False
JPY,2015,validation,retrospective,ridge_flat,band10,10,24,0.002696166000840809,0.6039548105208724,0.5912446957459908,-0.002696166000840809,0.9138835351419591,1.149416933270674,0.1643882449290107,12.33333333333333,0.3495702902477693,0.3495630209366652,7.269311104089919e-06,1.024144730083854,2.4,0.3686113068596921,joint_es90,es90,True,12,0.3520004082753994,0.9291051389168702,0.08219412246450533,0.12,False,False
JPY,2015,outer,retrospective,ridge_flat,band10,0,12,0.0930121403976704,0.4894069805963819,0.4777138455147087,-0.0930121403976704,0.5976719361074875,1.039202558195676,0,11.58333333333333,0.228210518196451,0.2195592599350951,0.008651258261355951,0.9054053999871342,1.2,0.228210518196451,joint_es90,es90,True,12,0.3520004082753994,0.9291051389168702,0.08219412246450533,0.12,True,True
JPY,2015,outer,retrospective,ridge_flat,band10,5,12,0.01893807636756151,0.4862974423308917,0.4659793482039806,-0.01893807636756151,0.6488260237389273,1.088711162287758,0.07407406403011248,11.58333333333333,0.2171367529526066,0.2167781022161031,0.0003586507365035916,0.9554126354547795,1.2,0.2282105181964518,joint_es90,es90,True,12,0.3520004082753994,0.9291051389168702,0.08219412246450533,0.12,True,True
JPY,2015,outer,retrospective,ridge_flat,band10,10,12,-0.05513598766255642,0.4841495884620636,0.4668055260414615,0.05513598766255642,0.7096273365201811,1.138219766379818,0.148148128060225,11.58333333333333,0.2179073991428455,0.21486742200732,0.003039977135525574,1.008343272482958,1.2,0.2282105181964499,joint_es90,es90,True,12,0.3520004082753994,0.9291051389168702,0.08219412246450533,0.12,False,True
JPY,2016,validation,retrospective,ridge_term,daily,0,24,0.05678831646429653,0.3445090804115315,0.3420031407301179,-0.05678831646429653,0.3614085928039856,0.7007865123783811,0,22,0.1169661482692649,0.1137412353824158,0.003224912886849092,0.5297935897661622,2.4,0.1169661482692649,forecast_first,mse,True,4,0.1178511357566892,0.6581083142511351,0.1082728939480779,0.12,True,False
JPY,2016,validation,retrospective,ridge_term,daily,5,24,-0.05148457748378832,0.3467119702296517,0.3432945320809657,0.05148457748378832,0.5002466326924754,0.8178037895313631,0.1082728939480779,22,0.1178511357566892,0.1152004740380049,0.002650661718684203,0.6581083142511351,2.4,0.1169661482692646,forecast_first,mse,True,4,0.1178511357566892,0.6581083142511351,0.1082728939480779,0.12,True,False
JPY,2016,validation,retrospective,ridge_term,daily,10,24,-0.1597574714318603,0.352345048710996,0.380127202358839,0.1597574714318603,0.6390846725809105,0.9348210666843356,0.2165457878961558,22,0.1444966899731577,0.118974240294856,0.02552244967830165,0.7864230387360773,2.4,0.1169661482692629,forecast_first,mse,True,4,0.1178511357566892,0.6581083142511351,0.1082728939480779,0.12,False,False
JPY,2016,outer,retrospective,ridge_term,daily,0,12,0.009893927191944022,0.6718785427074316,0.6433508124914327,-0.009893927191944022,0.8971450147113151,1.145136592078493,0,22,0.4139002679333865,0.4138023781381069,9.788979527948931e-05,1.069987629239955,1.2,0.4139002679333865,forecast_first,mse,True,4,0.1178511357566892,0.6581083142511351,0.1082728939480779,0.12,True,True
JPY,2016,outer,retrospective,ridge_term,daily,5,12,-0.1091763110532877,0.6730169523562219,0.6535482386232021,0.1091763110532877,1.020877430479205,1.225209142604603,0.1190702382452361,22,0.4271253002074899,0.4152058333122857,0.01191946689520423,1.163290441960543,1.2,0.4139002679333815,forecast_first,mse,True,4,0.1178511357566892,0.6581083142511351,0.1082728939480779,0.12,True,True
JPY,2016,outer,retrospective,ridge_term,daily,10,12,-0.2282465492985303,0.6761876571311712,0.6864573955839142,0.2282465492985303,1.144609846247111,1.305281693130717,0.2381404764904721,22,0.4712237559518503,0.4191272686851639,0.05209648726668643,1.25659325468114,1.2,0.4139002679333834,forecast_first,mse,True,4,0.1178511357566892,0.6581083142511351,0.1082728939480779,0.12,False,True
JPY,2016,validation,retrospective,rolling63,daily,0,24,0.06817618847044453,0.3212841853229129,0.3218237717921462,-0.06817618847044453,0.3282154353550942,0.6053194676812386,0,21.91666666666667,0.1035705400905234,0.09892254741616584,0.004647992674357573,0.4621097786350781,2.4,0.1035705400905234,joint_mse,mse,True,16,0.1025513418060161,0.5951349946005221,0.1095260634095221,0.12,True,False
JPY,2016,validation,retrospective,rolling63,daily,5,24,-0.04134987493907564,0.3243854866992112,0.3202363842632753,0.04134987493907564,0.4782938926738792,0.7252724364961528,0.1095260634095221,21.91666666666667,0.1025513418060161,0.1008415296485389,0.001709812157477196,0.5951349946005221,2.4,0.1035705400905231,joint_mse,mse,True,16,0.1025513418060161,0.5951349946005221,0.1095260634095221,0.12,True,False
JPY,2016,validation,retrospective,rolling63,daily,10,24,-0.1508759383485964,0.3311009877360363,0.3575242441882194,0.1508759383485964,0.6293091438743075,0.8452254053110504,0.2190521268190442,21.91666666666667,0.1278235851823575,0.1050600364097881,0.02276354877256946,0.7292010926566899,2.4,0.1035705400905244,joint_mse,mse,True,16,0.1025513418060161,0.5951349946005221,0.1095260634095221,0.12,False,False
JPY,2016,outer,retrospective,rolling63,daily,0,12,0.03760540444783872,0.7019713374742775,0.6731376371338623,-0.03760540444783872,0.9176678919487606,1.149935305633192,0,22,0.4531142785261593,0.4517001120824739,0.001414166443685528,1.079551240880334,1.2,0.4531142785261593,joint_mse,mse,True,16,0.1025513418060161,0.5951349946005221,0.1095260634095221,0.12,True,True
JPY,2016,outer,retrospective,rolling63,daily,5,12,-0.08033263461891388,0.7075993983493544,0.6822210040379048,0.08033263461891388,1.043409230644347,1.231645274953869,0.1179380390667469,22,0.4654254983504868,0.4589721661656709,0.00645333218481592,1.174604049405529,1.2,0.453114278526153,joint_mse,mse,True,16,0.1025513418060161,0.5951349946005221,0.1095260634095221,0.12,True,True
JPY,2016,outer,retrospective,rolling63,daily,10,12,-0.1982706736856631,0.715130453518564,0.7128149795921529,0.1982706736856631,1.169150569339909,1.313355244274547,0.2358760781334939,22,0.5081051951309614,0.4687939350871946,0.03931126004376669,1.269656857930718,1.2,0.453114278526148,joint_mse,mse,True,16,0.1025513418060161,0.5951349946005221,0.1095260634095221,0.12,False,True
JPY,2016,validation,retrospective,rolling63,daily,0,24,0.06817618847044453,0.3212841853229129,0.3218237717921462,-0.06817618847044453,0.3282154353550942,0.6053194676812386,0,21.91666666666667,0.1035705400905234,0.09892254741616584,0.004647992674357573,0.4621097786350781,2.4,0.1035705400905234,joint_es90,es90,True,16,0.1025513418060161,0.5951349946005221,0.1095260634095221,0.12,True,False
JPY,2016,validation,retrospective,rolling63,daily,5,24,-0.04134987493907564,0.3243854866992112,0.3202363842632753,0.04134987493907564,0.4782938926738792,0.7252724364961528,0.1095260634095221,21.91666666666667,0.1025513418060161,0.1008415296485389,0.001709812157477196,0.5951349946005221,2.4,0.1035705400905231,joint_es90,es90,True,16,0.1025513418060161,0.5951349946005221,0.1095260634095221,0.12,True,False
JPY,2016,validation,retrospective,rolling63,daily,10,24,-0.1508759383485964,0.3311009877360363,0.3575242441882194,0.1508759383485964,0.6293091438743075,0.8452254053110504,0.2190521268190442,21.91666666666667,0.1278235851823575,0.1050600364097881,0.02276354877256946,0.7292010926566899,2.4,0.1035705400905244,joint_es90,es90,True,16,0.1025513418060161,0.5951349946005221,0.1095260634095221,0.12,False,False
JPY,2016,outer,retrospective,rolling63,daily,0,12,0.03760540444783872,0.7019713374742775,0.6731376371338623,-0.03760540444783872,0.9176678919487606,1.149935305633192,0,22,0.4531142785261593,0.4517001120824739,0.001414166443685528,1.079551240880334,1.2,0.4531142785261593,joint_es90,es90,True,16,0.1025513418060161,0.5951349946005221,0.1095260634095221,0.12,True,True
JPY,2016,outer,retrospective,rolling63,daily,5,12,-0.08033263461891388,0.7075993983493544,0.6822210040379048,0.08033263461891388,1.043409230644347,1.231645274953869,0.1179380390667469,22,0.4654254983504868,0.4589721661656709,0.00645333218481592,1.174604049405529,1.2,0.453114278526153,joint_es90,es90,True,16,0.1025513418060161,0.5951349946005221,0.1095260634095221,0.12,True,True
JPY,2016,outer,retrospective,rolling63,daily,10,12,-0.1982706736856631,0.715130453518564,0.7128149795921529,0.1982706736856631,1.169150569339909,1.313355244274547,0.2358760781334939,22,0.5081051951309614,0.4687939350871946,0.03931126004376669,1.269656857930718,1.2,0.453114278526148,joint_es90,es90,True,16,0.1025513418060161,0.5951349946005221,0.1095260634095221,0.12,False,True
JPY,2017,validation,retrospective,ridge_flat,daily,0,24,0.0849879675558733,0.3371252305263003,0.3407943903234967,-0.0849879675558733,0.3334001773043546,0.6338068366672536,0,21.95833333333333,0.1161408164759638,0.1089178618466857,0.007222954629278173,0.4697657569672962,2.4,0.1161408164759638,forecast_first,mse,True,4,0.107052039364999,0.561536611400784,0.1094314459743591,0.12,True,False
JPY,2017,validation,retrospective,ridge_flat,daily,5,24,-0.02444347841848757,0.3332911860108081,0.3271880794970976,0.02444347841848757,0.4009160051379119,0.7285041986641227,0.1094314459743591,21.95833333333333,0.107052039364999,0.106454555727804,0.0005974836371950673,0.561536611400784,2.4,0.1161408164759646,forecast_first,mse,True,4,0.107052039364999,0.561536611400784,0.1094314459743591,0.12,True,False
JPY,2017,validation,retrospective,ridge_flat,daily,10,24,-0.1338749243928423,0.3335984573337736,0.3529496125549435,0.1338749243928423,0.536344921748995,0.8380040470633651,0.2188628919487182,21.95833333333333,0.1245734290026847,0.1066509336214955,0.01792249538118925,0.6818919130907378,2.4,0.1161408164759683,forecast_first,mse,True,4,0.107052039364999,0.561536611400784,0.1094314459743591,0.12,False,False
JPY,2017,outer,retrospective,ridge_flat,daily,0,12,0.02856229160224565,0.2669231247121678,0.2571505968600959,-0.02856229160224565,0.3900556336430842,0.698559403922502,0,22,0.06612642946550357,0.06531062496393186,0.0008158045015717122,0.6050734129287393,1.2,0.06612642946550357,forecast_first,mse,True,4,0.107052039364999,0.561536611400784,0.1094314459743591,0.12,True,True
JPY,2017,outer,retrospective,ridge_flat,daily,5,12,-0.1045568547285395,0.276904469867843,0.2849886796303497,0.1045568547285395,0.5469447503156419,0.8606348576216618,0.1331191463307884,22,0.08121854751745013,0.07028641164672521,0.01093213587072492,0.7655772493471106,1.2,0.06612642946550468,forecast_first,mse,True,4,0.107052039364999,0.561536611400784,0.1094314459743591,0.12,False,True
JPY,2017,outer,retrospective,ridge_flat,daily,10,12,-0.2376760010593316,0.2892841276866571,0.3649676868802219,0.2376760010593316,0.7038338669882374,1.022710311320836,0.2662382926615768,22,0.1332014124666997,0.0767115309871443,0.05648988147955541,0.9260810857655032,1.2,0.06612642946550464,forecast_first,mse,True,4,0.107052039364999,0.561536611400784,0.1094314459743591,0.12,False,True
JPY,2017,validation,retrospective,ewma97,daily,0,24,0.0955543216223564,0.3242390474639149,0.3314832297696261,-0.0955543216223564,0.1991566379185672,0.5799265442202993,0,22,0.1098811316185028,0.1007505032377941,0.009130628380708728,0.3889463253109171,2.4,0.1098811316185028,joint_mse,mse,True,16,0.1010731662118127,0.5207796791185209,0.109090856792767,0.12,True,False
JPY,2017,validation,retrospective,ewma97,daily,5,24,-0.01353653517041191,0.3244633215860783,0.3179200626129353,0.01353653517041191,0.356667404984447,0.6942177933746392,0.109090856792767,22,0.1010731662118127,0.1008899284273929,0.0001832377844197987,0.5207796791185209,2.4,0.1098811316185012,joint_mse,mse,True,16,0.1010731662118127,0.5207796791185209,0.109090856792767,0.12,True,False
JPY,2017,validation,retrospective,ewma97,daily,10,24,-0.1226273919631786,0.3285970507446356,0.3442593471660244,0.1226273919631786,0.5219071762325411,0.8095913439081234,0.218181713585534,22,0.1185144981111773,0.1034770208514863,0.01503747725969104,0.6577735276502538,2.4,0.1098811316184987,joint_mse,mse,True,16,0.1010731662118127,0.5207796791185209,0.109090856792767,0.12,False,False
JPY,2017,outer,retrospective,ewma97,daily,0,12,0.01603422601210637,0.2716086641354302,0.2605393584492002,-0.01603422601210637,0.3884548556861591,0.7372507103176957,0,22,0.06788075730112082,0.0676236608973135,0.0002570964038073085,0.6315549967929879,1.2,0.06788075730112082,joint_mse,mse,True,16,0.1010731662118127,0.5207796791185209,0.109090856792767,0.12,True,True
JPY,2017,outer,retrospective,ewma97,daily,5,12,-0.1191046954933295,0.2823569742305728,0.2954109019267052,0.1191046954933295,0.5445395334161391,0.9036045014017162,0.1351389215054404,22,0.08726760097714943,0.07308167248859067,0.01418592848855875,0.794796935345481,1.2,0.06788075730112414,joint_mse,mse,True,16,0.1010731662118127,0.5207796791185209,0.109090856792767,0.12,False,True
JPY,2017,outer,retrospective,ewma97,daily,10,12,-0.2542436169987711,0.295384489336299,0.3802904332393577,0.2542436169987711,0.7006242111461272,1.069958292485737,0.2702778430108807,22,0.1446208136133784,0.0799809968287606,0.06463981678461782,0.9580388738979766,1.2,0.06788075730112571,joint_mse,mse,True,16,0.1010731662118127,0.5207796791185209,0.109090856792767,0.12,False,True
JPY,2017,validation,retrospective,ridge_term,daily,0,24,0.08855207533657843,0.3298215314159126,0.334800118265942,-0.08855207533657843,0.2794048000364188,0.6064002913852632,0,21.95833333333333,0.1120911191908888,0.1042496491444737,0.007841470046415061,0.436441746312486,2.4,0.1120911191908888,joint_es90,es90,True,16,0.1023309352834126,0.5173134778499511,0.1092497604777687,0.12,True,False
JPY,2017,validation,retrospective,ridge_term,daily,5,24,-0.02069768514119029,0.3260875440414742,0.319892068178335,0.02069768514119029,0.3383224001217528,0.6986121006958573,0.1092497604777687,21.95833333333333,0.1023309352834126,0.1019025411132087,0.0004283941702038491,0.5173134778499511,2.4,0.1120911191908901,joint_es90,es90,True,16,0.1023309352834126,0.5173134778499511,0.1092497604777687,0.12,True,False
JPY,2017,validation,retrospective,ridge_term,daily,10,24,-0.129947445618956,0.326312601738905,0.3448616963232327,0.129947445618956,0.4899243051209274,0.8082972486234099,0.2184995209555374,21.95833333333333,0.1189295895909376,0.102043250968046,0.01688633862289153,0.6458355314491449,2.4,0.1120911191908922,joint_es90,es90,True,16,0.1023309352834126,0.5173134778499511,0.1092497604777687,0.12,False,False
JPY,2017,outer,retrospective,ridge_term,daily,0,12,0.02537581565530355,0.262858584744821,0.2529440279911441,-0.02537581565530355,0.3764226750908615,0.6922100163255465,0,22,0.06398068129638469,0.06333674927621274,0.0006439320201719489,0.5965168826180665,1.2,0.06398068129638469,joint_es90,es90,True,16,0.1023309352834126,0.5173134778499511,0.1092497604777687,0.12,True,True
JPY,2017,outer,retrospective,ridge_term,daily,5,12,-0.1071154415429151,0.272463099338246,0.2819991370131942,0.1071154415429151,0.5313618536609407,0.855101051907738,0.1324912571982183,22,0.0795235132761863,0.06804979545925265,0.01147371781693366,0.7569982645602239,1.2,0.06398068129638455,joint_es90,es90,True,16,0.1023309352834126,0.5173134778499511,0.1092497604777687,0.12,False,True
JPY,2017,outer,retrospective,ridge_term,daily,10,12,-0.2396066987411295,0.2843990489959808,0.3627036727536073,0.2396066987411295,0.6863010322310106,1.017992087489944,0.2649825143964366,22,0.1315539542289559,0.07414258414733343,0.0574113700816224,0.9174796465023884,1.2,0.06398068129638596,joint_es90,es90,True,16,0.1023309352834126,0.5173134778499511,0.1092497604777687,0.12,False,True
JPY,2018,validation,retrospective,ridge_flat,daily,0,24,0.0508566693209799,0.4822657821924523,0.4748429638242351,-0.0508566693209799,0.659461299072758,1.001246187179011,0,22,0.2254758402933839,0.2228894394789604,0.002586400814423498,0.8152596242557023,2.4,0.2254758402933839,forecast_first,mse,True,4,0.2307972911851481,0.934988553218416,0.1183145268300548,0.12,True,False
JPY,2018,validation,retrospective,ridge_flat,daily,5,24,-0.06745785750907476,0.4858842896558453,0.4804136667343552,0.06745785750907476,0.8117198739770398,1.090120447076569,0.1183145268300548,22,0.2307972911851481,0.2262467286454335,0.004550562539714634,0.934988553218416,2.4,0.2254758402933863,forecast_first,mse,True,4,0.2307972911851481,0.934988553218416,0.1183145268300548,0.12,True,False
JPY,2018,validation,retrospective,ridge_flat,daily,10,24,-0.1857723843391275,0.4914525050846307,0.5157260690899015,0.1857723843391275,0.9639784488813393,1.178994706974141,0.2366290536601096,22,0.2659733783389218,0.2314619995558773,0.03451137878304452,1.054717482181139,2.4,0.2254758402933859,forecast_first,mse,True,4,0.2307972911851481,0.934988553218416,0.1183145268300548,0.12,False,False
JPY,2018,outer,retrospective,ridge_flat,daily,0,12,-0.01470266274829225,0.218750361093326,0.2099529599628105,0.01470266274829225,0.2978604079854464,0.3070861652963979,0,22,0.0440802453971455,0.04386407710525548,0.0002161682918900205,0.3042904812627762,1.2,0.0440802453971455,forecast_first,mse,True,4,0.2307972911851481,0.934988553218416,0.1183145268300548,0.12,True,True
JPY,2018,outer,retrospective,ridge_flat,daily,5,12,-0.1346249349399465,0.2212987333294212,0.2510296961842508,0.1346249349399465,0.4267896013409613,0.4591732665548847,0.1199222721916492,22,0.06301590836635727,0.04489203525877244,0.01812387310758484,0.4493600346718776,1.2,0.04408024539714558,forecast_first,mse,True,4,0.2307972911851481,0.934988553218416,0.1183145268300548,0.12,True,True
JPY,2018,outer,retrospective,ridge_flat,daily,10,12,-0.2545472071315959,0.2305775352933124,0.3369418057448587,0.2545472071315959,0.5818847298353774,0.6431227198267067,0.2398445443832983,22,0.1135297804586061,0.04873549980011051,0.06479428065849559,0.6245657531626675,1.2,0.04408024539714334,forecast_first,mse,True,4,0.2307972911851481,0.934988553218416,0.1183145268300548,0.12,False,True
JPY,2018,validation,retrospective,ridge_flat,daily,0,24,0.0508566693209799,0.4822657821924523,0.4748429638242351,-0.0508566693209799,0.659461299072758,1.001246187179011,0,22,0.2254758402933839,0.2228894394789604,0.002586400814423498,0.8152596242557023,2.4,0.2254758402933839,joint_mse,mse,True,16,0.2307972911851481,0.934988553218416,0.1183145268300548,0.12,True,False
JPY,2018,validation,retrospective,ridge_flat,daily,5,24,-0.06745785750907476,0.4858842896558453,0.4804136667343552,0.06745785750907476,0.8117198739770398,1.090120447076569,0.1183145268300548,22,0.2307972911851481,0.2262467286454335,0.004550562539714634,0.934988553218416,2.4,0.2254758402933863,joint_mse,mse,True,16,0.2307972911851481,0.934988553218416,0.1183145268300548,0.12,True,False
JPY,2018,validation,retrospective,ridge_flat,daily,10,24,-0.1857723843391275,0.4914525050846307,0.5157260690899015,0.1857723843391275,0.9639784488813393,1.178994706974141,0.2366290536601096,22,0.2659733783389218,0.2314619995558773,0.03451137878304452,1.054717482181139,2.4,0.2254758402933859,joint_mse,mse,True,16,0.2307972911851481,0.934988553218416,0.1183145268300548,0.12,False,False
JPY,2018,outer,retrospective,ridge_flat,daily,0,12,-0.01470266274829225,0.218750361093326,0.2099529599628105,0.01470266274829225,0.2978604079854464,0.3070861652963979,0,22,0.0440802453971455,0.04386407710525548,0.0002161682918900205,0.3042904812627762,1.2,0.0440802453971455,joint_mse,mse,True,16,0.2307972911851481,0.934988553218416,0.1183145268300548,0.12,True,True
JPY,2018,outer,retrospective,ridge_flat,daily,5,12,-0.1346249349399465,0.2212987333294212,0.2510296961842508,0.1346249349399465,0.4267896013409613,0.4591732665548847,0.1199222721916492,22,0.06301590836635727,0.04489203525877244,0.01812387310758484,0.4493600346718776,1.2,0.04408024539714558,joint_mse,mse,True,16,0.2307972911851481,0.934988553218416,0.1183145268300548,0.12,True,True
JPY,2018,outer,retrospective,ridge_flat,daily,10,12,-0.2545472071315959,0.2305775352933124,0.3369418057448587,0.2545472071315959,0.5818847298353774,0.6431227198267067,0.2398445443832983,22,0.1135297804586061,0.04873549980011051,0.06479428065849559,0.6245657531626675,1.2,0.04408024539714334,joint_mse,mse,True,16,0.2307972911851481,0.934988553218416,0.1183145268300548,0.12,False,True
JPY,2018,validation,retrospective,rolling63,band10,0,24,0.1314535840684762,0.5486865877970166,0.5529855114813291,-0.1314535840684762,0.6556550454201909,0.773755888291436,0,12,0.3057929759082672,0.2885129311438193,0.01728004476444794,0.7073488970300027,2.4,0.3057929759082672,joint_es90,es90,True,16,0.2985751812509139,0.7866906599973874,0.07845202266841929,0.12,True,False
JPY,2018,validation,retrospective,rolling63,band10,5,24,0.05300156140005563,0.5555406445335649,0.5464203338556445,-0.05300156140005563,0.7053272178974822,0.8827598851790882,0.07845202266841929,12,0.2985751812509139,0.2957660157400701,0.002809165510843867,0.7866906599973874,2.4,0.3057929759082666,joint_es90,es90,True,16,0.2985751812509139,0.7866906599973874,0.07845202266841929,0.12,True,False
JPY,2018,validation,retrospective,rolling63,band10,10,24,-0.02545046126835963,0.5631356451016107,0.5518659930757156,0.02545046126835963,0.7549993903747737,0.9917638820667289,0.1569040453368386,12,0.3045560743134458,0.3039083483346736,0.0006477259787722737,0.8660324229647656,2.4,0.3057929759082648,joint_es90,es90,True,16,0.2985751812509139,0.7866906599973874,0.07845202266841929,0.12,False,False
JPY,2018,outer,retrospective,rolling63,band10,0,12,-0.004007273379888006,0.2486205373508145,0.2380697703051879,0.004007273379888006,0.3517858175028837,0.5318387003039131,0,12.5,0.05667721553316493,0.05666115729322376,1.605823994115904e-05,0.4772772206672377,1.2,0.05667721553316493,joint_es90,es90,True,16,0.2985751812509139,0.7866906599973874,0.07845202266841929,0.12,True,True
JPY,2018,outer,retrospective,rolling63,band10,5,12,-0.08401146448944481,0.2436407148091365,0.2479354571637062,0.08401146448944481,0.4238581647914046,0.5955364825927827,0.08000419110955681,12.5,0.06147199091897598,0.05441406475331476,0.007057926165661247,0.5435127499256985,1.2,0.0566772155331662,joint_es90,es90,True,16,0.2985751812509139,0.7866906599973874,0.07845202266841929,0.12,True,True
JPY,2018,outer,retrospective,rolling63,band10,10,12,-0.164015655598999,0.2409682520336494,0.2830689413594783,0.164015655598999,0.5178905083759238,0.6592342648816594,0.1600083822191136,12.5,0.08012802556237578,0.05322689028080635,0.02690113528156944,0.6164028235162849,1.2,0.05667721553316604,joint_es90,es90,True,16,0.2985751812509139,0.7866906599973874,0.07845202266841929,0.12,False,True
JPY,2019,validation,retrospective,ewma97,band05,0,24,0.007611179869767411,0.2503091203376679,0.2451570417672136,-0.007611179869767411,0.4297684114569865,0.6907545295344827,0,15.20833333333333,0.06010197512805134,0.06004404506904139,5.793005900995266e-05,0.5396265053284481,2.4,0.06010197512805134,forecast_first,mse,True,3,0.07030840486108206,0.6408684153356611,0.09736659263454472,0.12,True,False
JPY,2019,validation,retrospective,ewma97,band05,5,24,-0.08975541276478083,0.2548705466610657,0.2651573209645211,0.08975541276478083,0.5050362465770728,0.8196354633341848,0.09736659263454472,15.20833333333333,0.07030840486108206,0.06225237074050588,0.008056034120576181,0.6408684153356611,2.4,0.06010197512805288,forecast_first,mse,True,3,0.07030840486108206,0.6408684153356611,0.09736659263454472,0.12,True,False
JPY,2019,validation,retrospective,ewma97,band05,10,24,-0.1871220053993236,0.2617486002262154,0.3172889758879619,0.1871220053993236,0.5872506117790322,0.9485163971338708,0.1947331852690894,15.20833333333333,0.1006722942200317,0.06565764931536716,0.03501464490466449,0.7498286921005184,2.4,0.06010197512805241,forecast_first,mse,True,3,0.07030840486108206,0.6408684153356611,0.09736659263454472,0.12,False,False
JPY,2019,outer,retrospective,ewma97,band05,0,12,0.03398708720230995,0.2050347592218014,0.1992262621866848,-0.03398708720230995,0.2672250541736469,0.3503861475166161,0,15.08333333333333,0.03969110354487767,0.03853598144838025,0.001155122096497421,0.325185816200565,1.2,0.03969110354487767,forecast_first,mse,True,3,0.07030840486108206,0.6408684153356611,0.09736659263454472,0.12,True,True
JPY,2019,outer,retrospective,ewma97,band05,5,12,-0.05572228897628836,0.2035401525308235,0.2026849386938719,0.05572228897628836,0.3540371152943276,0.4002122042934477,0.08970937617860504,15.08333333333333,0.04108118437333862,0.03797621088458164,0.003104973488756987,0.3862197530815932,1.2,0.03969110354487926,forecast_first,mse,True,3,0.07030840486108206,0.6408684153356611,0.09736659263454472,0.12,True,True
JPY,2019,outer,retrospective,ewma97,band05,10,12,-0.1454316651549004,0.2063872460908764,0.2453495940482106,0.1454316651549004,0.4408491764150256,0.4500382610702829,0.1794187523572101,15.08333333333333,0.06019642329962172,0.03904605406989464,0.02115036922972708,0.4472536899626291,1.2,0.03969110354487872,forecast_first,mse,True,3,0.07030840486108206,0.6408684153356611,0.09736659263454472,0.12,False,True
JPY,2019,validation,retrospective,rolling63,band05,0,24,0.007129009500150792,0.245983586361373,0.2409099084803754,-0.007129009500150792,0.4308624924525195,0.6667506753676915,0,15.04166666666667,0.05803758400402283,0.05798676122756959,5.082277645324024e-05,0.52803302932989,2.4,0.05803758400402283,joint_mse,mse,True,12,0.06834432847776632,0.6322886578765963,0.09752736776725264,0.12,True,False
JPY,2019,validation,retrospective,rolling63,band05,5,24,-0.09039835826710167,0.2505766538284718,0.2614274822541929,0.09039835826710167,0.5097087672572945,0.7965099917607159,0.09752736776725264,15.04166666666667,0.06834432847776632,0.06017246530037906,0.00817186317738727,0.6322886578765963,2.4,0.05803758400402287,joint_mse,mse,True,12,0.06834432847776632,0.6322886578765963,0.09752736776725264,0.12,True,False
JPY,2019,validation,retrospective,rolling63,band05,10,24,-0.1879257260343525,0.2575729646597457,0.3144766832225648,0.1879257260343525,0.5952014592153421,0.9262693081537515,0.1950547355345053,15.04166666666667,0.09889558429066536,0.06357950578512685,0.03531607850553853,0.7439291943713909,2.4,0.05803758400402284,joint_mse,mse,True,12,0.06834432847776632,0.6322886578765963,0.09752736776725264,0.12,False,False
JPY,2019,outer,retrospective,rolling63,band05,0,12,0.02284165134485105,0.2079824062142453,0.200433776818192,-0.02284165134485105,0.2755240713527815,0.338066712153414,0,15,0.04017369888960481,0.03965195785344507,0.0005217410361597361,0.319114396759283,1.2,0.04017369888960481,joint_mse,mse,True,12,0.06834432847776632,0.6322886578765963,0.09752736776725264,0.12,True,True
JPY,2019,outer,retrospective,rolling63,band05,5,12,-0.06747156503883926,0.208502039646856,0.2107196104960678,0.06747156503883926,0.3635980968309724,0.3878976787973381,0.09031321638368771,15,0.04440275424761452,0.03985034215882421,0.004552412088790317,0.3805341691105606,1.2,0.04017369888960471,joint_mse,mse,True,12,0.06834432847776632,0.6322886578765963,0.09752736776725264,0.12,True,True
JPY,2019,outer,retrospective,rolling63,band05,10,12,-0.1577847814225256,0.2135319996058082,0.258248509255919,0.1577847814225256,0.4491369446968036,0.4630804215646833,0.1806264327673754,15,0.06669229253290448,0.04179625528435029,0.02489603724855419,0.4588551255441137,1.2,0.04017369888960796,joint_mse,mse,True,12,0.06834432847776632,0.6322886578765963,0.09752736776725264,0.12,False,True
JPY,2019,validation,retrospective,ridge_term,band05,0,24,0.01438009373718185,0.252242276155066,0.2473496770379605,-0.01438009373718185,0.4372283568859196,0.6466233855984729,0,14.95833333333333,0.06118186273078336,0.06097507563489323,0.0002067870958901368,0.5257624761155927,2.4,0.06118186273078336,joint_es90,es90,True,12,0.06890112011079115,0.6313037160036749,0.09425800032500757,0.12,True,False
JPY,2019,validation,retrospective,ridge_term,band05,5,24,-0.07987790658782341,0.2554191238966051,0.2624902286005922,0.07987790658782341,0.5149586016274661,0.7714453238289597,0.09425800032500757,14.95833333333333,0.06890112011079115,0.06252064014993809,0.006380479960853043,0.6313037160036749,2.4,0.06118186273078326,joint_es90,es90,True,12,0.06890112011079115,0.6313037160036749,0.09425800032500757,0.12,True,False
JPY,2019,validation,retrospective,ridge_term,band05,10,24,-0.1741359069128316,0.2609354256866106,0.3091498662011352,0.1741359069128316,0.5926888463689951,0.8962672620594544,0.1885160006500151,14.95833333333333,0.09557363977217982,0.06525032569582549,0.03032331407635434,0.7368449558917557,2.4,0.06118186273078349,joint_es90,es90,True,12,0.06890112011079115,0.6313037160036749,0.09425800032500757,0.12,False,False
JPY,2019,outer,retrospective,ridge_term,band05,0,12,0.03249284634411979,0.2195462577683169,0.2126961003135902,-0.03249284634411979,0.2683184142474088,0.4073525793129971,0,14.75,0.04523963108860881,0.04418384602506623,0.001055785063542579,0.3652210141416068,1.2,0.04523963108860881,joint_es90,es90,True,12,0.06890112011079115,0.6313037160036749,0.09425800032500757,0.12,True,True
JPY,2019,outer,retrospective,ridge_term,band05,5,12,-0.05420483841083142,0.2151111000818365,0.2129668622987171,0.05420483841083142,0.3513406258683979,0.4572021101384846,0.08669768475494605,14.75,0.04535488443736072,0.04241671993021637,0.002938164507144346,0.4251228724808827,1.2,0.04523963108860814,joint_es90,es90,True,12,0.06890112011079115,0.6313037160036749,0.09425800032500757,0.12,True,True
JPY,2019,outer,retrospective,ridge_term,band05,10,12,-0.1409025231657767,0.2142713553133689,0.2488769112097877,0.1409025231657767,0.4343628374893734,0.5070516409639767,0.1733953695098921,14.75,0.06193971693332456,0.04208619589884233,0.01985352103448224,0.4850247308201576,1.2,0.0452396310886071,joint_es90,es90,True,12,0.06890112011079115,0.6313037160036749,0.09425800032500757,0.12,False,True
JPY,2020,validation,retrospective,ewma97,band05,0,24,0.008483594062362617,0.2438403695225297,0.2388570184616631,-0.008483594062362617,0.3147415327986436,0.3983100351793278,0,15.125,0.05705267526839528,0.05698070390018032,7.197136821495426e-05,0.355611912136161,2.4,0.05705267526839528,forecast_first,mse,True,4,0.06381693479271362,0.429666246217644,0.09167295626170964,0.12,True,False
JPY,2020,validation,retrospective,ewma97,band05,5,24,-0.0831893621993444,0.2436600585839355,0.2526201393252597,0.0831893621993444,0.3929654133227514,0.4675225588933714,0.09167295626170964,15.125,0.06381693479271362,0.05689646480957991,0.006920469983133712,0.429666246217644,2.4,0.05705267526839278,forecast_first,mse,True,4,0.06381693479271362,0.429666246217644,0.09167295626170964,0.12,True,False
JPY,2020,validation,retrospective,ewma97,band05,10,24,-0.1748623184610571,0.2471273982440956,0.2985031268798,0.1748623184610571,0.5201769425288411,0.5456369931604402,0.1833459125234193,15.125,0.08910411675701797,0.05852728633944182,0.03057683041757616,0.5299619176389929,2.4,0.0570526752683953,forecast_first,mse,True,4,0.06381693479271362,0.429666246217644,0.09167295626170964,0.12,False,False
JPY,2020,outer,retrospective,ewma97,band05,0,12,-0.03936120929077713,0.2604252506931067,0.2524259100452761,0.03936120929077713,0.4749006047726668,0.5615157845782406,0,16.58333333333333,0.06371884006218585,0.06216953526535351,0.00154930479683236,0.5352687603947335,1.2,0.06371884006218585,forecast_first,mse,True,4,0.06381693479271362,0.429666246217644,0.09167295626170964,0.12,True,True
JPY,2020,outer,retrospective,ewma97,band05,5,12,-0.1433985734147088,0.267547999213109,0.2935641697313665,0.1433985734147088,0.5946283328145995,0.6817001420862461,0.1040373641239253,16.58333333333333,0.08617992175006656,0.06561677089269292,0.02056315085737364,0.6553147453372623,1.2,0.06371884006218488,forecast_first,mse,True,4,0.06381693479271362,0.429666246217644,0.09167295626170964,0.12,True,True
JPY,2020,outer,retrospective,ewma97,band05,10,12,-0.247435937538629,0.2763905361718447,0.3622848248232323,0.247435937538629,0.7143560608565178,0.8018844995942445,0.2080747282478507,16.58333333333333,0.1312502942972001,0.0700257511115798,0.06122454318562032,0.7753607302797819,1.2,0.06371884006218674,forecast_first,mse,True,4,0.06381693479271362,0.429666246217644,0.09167295626170964,0.12,False,True
JPY,2020,validation,retrospective,ridge_term,daily,0,24,0.01477062505450948,0.223503370234594,0.2192955114671304,-0.01477062505450948,0.296938884746689,0.3212366675100568,0,22,0.04809052134963032,0.04787234998512942,0.0002181713645009033,0.3084493320029298,2.4,0.04809052134963032,joint_mse,mse,True,15,0.05801998416979633,0.449890490069552,0.1155805797525631,0.12,True,False
JPY,2020,validation,retrospective,ridge_term,daily,5,24,-0.1008099546980586,0.2234683221287334,0.2408733778768345,0.1008099546980586,0.4390050626171303,0.4726742519760686,0.1155805797525631,22,0.05801998416979633,0.04785733720357169,0.01016264696622462,0.449890490069552,2.4,0.04809052134962966,joint_mse,mse,True,15,0.05801998416979633,0.449890490069552,0.1155805797525631,0.12,True,False
JPY,2020,validation,retrospective,ridge_term,daily,10,24,-0.216390534450622,0.2292920576354561,0.3117837270297815,0.216390534450622,0.6077035197652949,0.6296423309064185,0.2311611595051261,22,0.09720909244058129,0.05038422904075544,0.04682486339982584,0.6056370814824626,2.4,0.04809052134962764,joint_mse,mse,True,15,0.05801998416979633,0.449890490069552,0.1155805797525631,0.12,False,False
JPY,2020,outer,retrospective,ridge_term,daily,0,12,-0.01517472054295126,0.2455688704773673,0.2356034870542578,0.01517472054295126,0.450790324792453,0.5870849811272691,0,22,0.05550900311212582,0.05527873096856915,0.000230272143556667,0.545783570116719,1.2,0.05550900311212582,joint_mse,mse,True,15,0.05801998416979633,0.449890490069552,0.1155805797525631,0.12,True,True
JPY,2020,outer,retrospective,ridge_term,daily,5,12,-0.1434308277816367,0.2526794841459107,0.2812449950796436,0.1434308277816367,0.5983884613317026,0.7358668070798018,0.1282561072386855,22,0.07909874725734875,0.05852634489922323,0.02057240235812551,0.6942067023076506,1.2,0.05550900311212784,joint_mse,mse,True,15,0.05801998416979633,0.449890490069552,0.1155805797525631,0.12,False,True
JPY,2020,outer,retrospective,ridge_term,daily,10,12,-0.2716869350203218,0.2629978289231336,0.3704290222307484,0.2716869350203218,0.745986597870936,0.884648633032306,0.256512214477371,22,0.1372176605108283,0.06340386985009171,0.07381379066073654,0.8426298344985576,1.2,0.05550900311212637,joint_mse,mse,True,15,0.05801998416979633,0.449890490069552,0.1155805797525631,0.12,False,True
JPY,2020,validation,retrospective,ewma97,band05,0,24,0.008483594062362617,0.2438403695225297,0.2388570184616631,-0.008483594062362617,0.3147415327986436,0.3983100351793278,0,15.125,0.05705267526839528,0.05698070390018032,7.197136821495426e-05,0.355611912136161,2.4,0.05705267526839528,joint_es90,es90,True,15,0.06381693479271362,0.429666246217644,0.09167295626170964,0.12,True,False
JPY,2020,validation,retrospective,ewma97,band05,5,24,-0.0831893621993444,0.2436600585839355,0.2526201393252597,0.0831893621993444,0.3929654133227514,0.4675225588933714,0.09167295626170964,15.125,0.06381693479271362,0.05689646480957991,0.006920469983133712,0.429666246217644,2.4,0.05705267526839278,joint_es90,es90,True,15,0.06381693479271362,0.429666246217644,0.09167295626170964,0.12,True,False
JPY,2020,validation,retrospective,ewma97,band05,10,24,-0.1748623184610571,0.2471273982440956,0.2985031268798,0.1748623184610571,0.5201769425288411,0.5456369931604402,0.1833459125234193,15.125,0.08910411675701797,0.05852728633944182,0.03057683041757616,0.5299619176389929,2.4,0.0570526752683953,joint_es90,es90,True,15,0.06381693479271362,0.429666246217644,0.09167295626170964,0.12,False,False
JPY,2020,outer,retrospective,ewma97,band05,0,12,-0.03936120929077713,0.2604252506931067,0.2524259100452761,0.03936120929077713,0.4749006047726668,0.5615157845782406,0,16.58333333333333,0.06371884006218585,0.06216953526535351,0.00154930479683236,0.5352687603947335,1.2,0.06371884006218585,joint_es90,es90,True,15,0.06381693479271362,0.429666246217644,0.09167295626170964,0.12,True,True
JPY,2020,outer,retrospective,ewma97,band05,5,12,-0.1433985734147088,0.267547999213109,0.2935641697313665,0.1433985734147088,0.5946283328145995,0.6817001420862461,0.1040373641239253,16.58333333333333,0.08617992175006656,0.06561677089269292,0.02056315085737364,0.6553147453372623,1.2,0.06371884006218488,joint_es90,es90,True,15,0.06381693479271362,0.429666246217644,0.09167295626170964,0.12,True,True
JPY,2020,outer,retrospective,ewma97,band05,10,12,-0.247435937538629,0.2763905361718447,0.3622848248232323,0.247435937538629,0.7143560608565178,0.8018844995942445,0.2080747282478507,16.58333333333333,0.1312502942972001,0.0700257511115798,0.06122454318562032,0.7753607302797819,1.2,0.06371884006218674,joint_es90,es90,True,15,0.06381693479271362,0.429666246217644,0.09167295626170964,0.12,False,True
JPY,2021,validation,retrospective,ridge_flat,band05,0,24,0.01792766632299629,0.1869473049934726,0.1838871269164803,-0.01792766632299629,0.218163854851157,0.3623344501849746,0,14.875,0.03381447544559774,0.03349307422580904,0.0003214012197886952,0.2843257823507535,2.4,0.03381447544559774,forecast_first,mse,True,4,0.0391229976032688,0.3750644349485711,0.09345851167413277,0.12,True,False
JPY,2021,validation,retrospective,ridge_flat,band05,5,24,-0.0755308453511323,0.1867379163300326,0.1977953427239094,0.0755308453511323,0.3397140757178475,0.4244238516854918,0.09345851167413277,14.875,0.0391229976032688,0.03341808900381214,0.005704908599456664,0.3750644349485711,2.4,0.0338144754455976,forecast_first,mse,True,4,0.0391229976032688,0.3750644349485711,0.09345851167413277,0.12,True,False
JPY,2021,validation,retrospective,ridge_flat,band05,10,24,-0.1689893570252674,0.1903358165426217,0.2515464915000215,0.1689893570252674,0.4623744278002091,0.4865132531860102,0.1869170233482655,14.875,0.0632756373859704,0.03471823459815712,0.02855740278781329,0.4670365666748952,2.4,0.03381447544559801,forecast_first,mse,True,4,0.0391229976032688,0.3750644349485711,0.09345851167413277,0.12,False,False
JPY,2021,outer,retrospective,ridge_flat,band05,0,12,0.03331634818424319,0.1498292238966061,0.1472686061657568,-0.03331634818424319,0.1974976067922105,0.2700565173543339,0,14.5,0.02168804236200478,0.02057806330567106,0.001109979056333725,0.248068968699145,1.2,0.02168804236200478,forecast_first,mse,True,4,0.0391229976032688,0.3750644349485711,0.09345851167413277,0.12,True,True
JPY,2021,outer,retrospective,ridge_flat,band05,5,12,-0.05574722680794923,0.1482861255001308,0.1525258351710646,0.05574722680794923,0.2782361152792019,0.3883848566345875,0.08906357499219276,14.5,0.02326413039463076,0.02015637709785383,0.003107753296776933,0.3550064501632586,1.2,0.02168804236200426,forecast_first,mse,True,4,0.0391229976032688,0.3750644349485711,0.09345851167413277,0.12,True,True
JPY,2021,outer,retrospective,ridge_flat,band05,10,12,-0.1448108018001464,0.1521641974648708,0.2054132811162709,0.1448108018001464,0.3753845108454689,0.5067131959148696,0.1781271499843855,14.5,0.04219461605895213,0.02122444774095085,0.02097016831800128,0.466916624681718,1.2,0.0216880423620033,forecast_first,mse,True,4,0.0391229976032688,0.3750644349485711,0.09345851167413277,0.12,False,True
JPY,2021,validation,retrospective,ridge_flat,band05,0,24,0.01792766632299629,0.1869473049934726,0.1838871269164803,-0.01792766632299629,0.218163854851157,0.3623344501849746,0,14.875,0.03381447544559774,0.03349307422580904,0.0003214012197886952,0.2843257823507535,2.4,0.03381447544559774,joint_mse,mse,True,14,0.0391229976032688,0.3750644349485711,0.09345851167413277,0.12,True,False
JPY,2021,validation,retrospective,ridge_flat,band05,5,24,-0.0755308453511323,0.1867379163300326,0.1977953427239094,0.0755308453511323,0.3397140757178475,0.4244238516854918,0.09345851167413277,14.875,0.0391229976032688,0.03341808900381214,0.005704908599456664,0.3750644349485711,2.4,0.0338144754455976,joint_mse,mse,True,14,0.0391229976032688,0.3750644349485711,0.09345851167413277,0.12,True,False
JPY,2021,validation,retrospective,ridge_flat,band05,10,24,-0.1689893570252674,0.1903358165426217,0.2515464915000215,0.1689893570252674,0.4623744278002091,0.4865132531860102,0.1869170233482655,14.875,0.0632756373859704,0.03471823459815712,0.02855740278781329,0.4670365666748952,2.4,0.03381447544559801,joint_mse,mse,True,14,0.0391229976032688,0.3750644349485711,0.09345851167413277,0.12,False,False
JPY,2021,outer,retrospective,ridge_flat,band05,0,12,0.03331634818424319,0.1498292238966061,0.1472686061657568,-0.03331634818424319,0.1974976067922105,0.2700565173543339,0,14.5,0.02168804236200478,0.02057806330567106,0.001109979056333725,0.248068968699145,1.2,0.02168804236200478,joint_mse,mse,True,14,0.0391229976032688,0.3750644349485711,0.09345851167413277,0.12,True,True
JPY,2021,outer,retrospective,ridge_flat,band05,5,12,-0.05574722680794923,0.1482861255001308,0.1525258351710646,0.05574722680794923,0.2782361152792019,0.3883848566345875,0.08906357499219276,14.5,0.02326413039463076,0.02015637709785383,0.003107753296776933,0.3550064501632586,1.2,0.02168804236200426,joint_mse,mse,True,14,0.0391229976032688,0.3750644349485711,0.09345851167413277,0.12,True,True
JPY,2021,outer,retrospective,ridge_flat,band05,10,12,-0.1448108018001464,0.1521641974648708,0.2054132811162709,0.1448108018001464,0.3753845108454689,0.5067131959148696,0.1781271499843855,14.5,0.04219461605895213,0.02122444774095085,0.02097016831800128,0.466916624681718,1.2,0.0216880423620033,joint_mse,mse,True,14,0.0391229976032688,0.3750644349485711,0.09345851167413277,0.12,False,True
JPY,2021,validation,retrospective,ewma97,band10,0,24,0.01327772280893365,0.2073487213279228,0.2034168003127289,-0.01327772280893365,0.2012645266779176,0.4120951555528599,0,12.20833333333333,0.04137839464946861,0.04120209672647774,0.000176297922990877,0.3048358497772811,2.4,0.04137839464946861,joint_es90,es90,True,14,0.04552082622506785,0.3742763844733048,0.08301380163733234,0.12,True,False
JPY,2021,validation,retrospective,ewma97,band10,5,24,-0.06973607882840271,0.2059743475831459,0.2133561019166498,0.06973607882840271,0.2824114441835562,0.466667118325707,0.08301380163733234,12.20833333333333,0.04552082622506785,0.04065770553470665,0.004863120690361197,0.3742763844733048,2.4,0.04137839464946857,joint_es90,es90,True,14,0.04552082622506785,0.3742763844733048,0.08301380163733234,0.12,True,False
JPY,2021,validation,retrospective,ewma97,band10,10,24,-0.152749880465735,0.206899682945428,0.2536855530673621,0.152749880465735,0.3944577466761199,0.5270700236752678,0.1660276032746647,12.20833333333333,0.06435635983509337,0.04102383385279704,0.02333252598229633,0.4595849176619015,2.4,0.04137839464946878,joint_es90,es90,True,14,0.04552082622506785,0.3742763844733048,0.08301380163733234,0.12,False,False
JPY,2021,outer,retrospective,ewma97,band10,0,12,0.03716249621096276,0.1745908178106959,0.171239136832443,-0.03716249621096276,0.2272574985206564,0.3404122886682188,0,12.33333333333333,0.02932284198312013,0.0279417908584903,0.001381051124629821,0.3061229583204728,1.2,0.02932284198312013,joint_es90,es90,True,14,0.04552082622506785,0.3742763844733048,0.08301380163733234,0.12,True,True
JPY,2021,outer,retrospective,ewma97,band10,5,12,-0.0431309077727775,0.1770328508613032,0.174897645207259,0.0431309077727775,0.3054057299145443,0.453031095792383,0.08029340398373808,12.33333333333333,0.03058918629904423,0.0287289110937404,0.001860275205303839,0.4082961364354624,1.2,0.0293228419831186,joint_es90,es90,True,14,0.04552082622506785,0.3742763844733048,0.08301380163733234,0.12,True,True
JPY,2021,outer,retrospective,ewma97,band10,10,12,-0.1234243117565194,0.1825601626996908,0.2139729484158296,0.1234243117565194,0.3835539613084643,0.5656499029166184,0.1605868079674762,12.33333333333333,0.04578442265376326,0.03055086192119277,0.01523356073257049,0.5104693145505113,1.2,0.02932284198312004,joint_es90,es90,True,14,0.04552082622506785,0.3742763844733048,0.08301380163733234,0.12,False,True
JPY,2022,validation,retrospective,ridge_flat,band10,0,24,0.01268548472266769,0.1961191434891129,0.1924084891502919,-0.01268548472266769,0.2607618358850313,0.3875887721814036,0,12.25,0.03702102669709798,0.03686010517444895,0.0001609215226490354,0.3148818177743825,2.4,0.03702102669709798,forecast_first,mse,True,3,0.04272895648167424,0.4096924225174478,0.07964751856856794,0.12,True,False
JPY,2022,validation,retrospective,ridge_flat,band10,5,24,-0.06696203384590553,0.1997695433240248,0.2067098364415062,0.06696203384590553,0.3500237987622872,0.4858094758901063,0.07964751856856794,12.25,0.04272895648167424,0.03824504250489404,0.004483913976780197,0.4096924225174478,2.4,0.03702102669709725,forecast_first,mse,True,3,0.04272895648167424,0.4096924225174478,0.07964751856856794,0.12,True,False
JPY,2022,validation,retrospective,ridge_flat,band10,10,24,-0.1466095524144726,0.2051047079826237,0.2486151065622309,0.1466095524144726,0.4400712725403486,0.5840301795987888,0.1592950371371359,12.25,0.06180947121094943,0.04031511035177745,0.02149436085917199,0.5053758171502736,2.4,0.03702102669709768,forecast_first,mse,True,3,0.04272895648167424,0.4096924225174478,0.07964751856856794,0.12,False,False
JPY,2022,outer,retrospective,ridge_flat,band10,0,12,-0.1556438064295476,0.4910150919114592,0.4952065191321317,0.1556438064295476,0.8326290191833043,0.8748185496373359,0,12,0.2452294965909623,0.2210045021110838,0.02422499447987847,0.8620338434391447,1.2,0.2452294965909623,forecast_first,mse,True,3,0.04272895648167424,0.4096924225174478,0.07964751856856794,0.12,True,True
JPY,2022,outer,retrospective,ridge_flat,band10,5,12,-0.2407548339142441,0.5043337593661361,0.5395548033515749,0.2407548339142441,0.9377462506273996,0.9764032378543347,0.08511102748469228,12,0.2911193858197567,0.2331564957666814,0.05796289005307526,0.9646889993007182,1.2,0.2452294965909617,forecast_first,mse,True,3,0.04272895648167424,0.4096924225174478,0.07964751856856794,0.12,True,True
JPY,2022,outer,retrospective,ridge_flat,band10,10,12,-0.3258658613989334,0.5182641555687242,0.5936355363298972,0.3258658613989334,1.042863482071498,1.077987926071323,0.1702220549693846,12,0.3524031499936847,0.2462145903684158,0.1061885596252689,1.067344155162285,1.2,0.2452294965909624,forecast_first,mse,True,3,0.04272895648167424,0.4096924225174478,0.07964751856856794,0.12,False,True
JPY,2022,validation,retrospective,ridge_flat,band10,0,24,0.01268548472266769,0.1961191434891129,0.1924084891502919,-0.01268548472266769,0.2607618358850313,0.3875887721814036,0,12.25,0.03702102669709798,0.03686010517444895,0.0001609215226490354,0.3148818177743825,2.4,0.03702102669709798,joint_mse,mse,True,12,0.04272895648167424,0.4096924225174478,0.07964751856856794,0.12,True,False
JPY,2022,validation,retrospective,ridge_flat,band10,5,24,-0.06696203384590553,0.1997695433240248,0.2067098364415062,0.06696203384590553,0.3500237987622872,0.4858094758901063,0.07964751856856794,12.25,0.04272895648167424,0.03824504250489404,0.004483913976780197,0.4096924225174478,2.4,0.03702102669709725,joint_mse,mse,True,12,0.04272895648167424,0.4096924225174478,0.07964751856856794,0.12,True,False
JPY,2022,validation,retrospective,ridge_flat,band10,10,24,-0.1466095524144726,0.2051047079826237,0.2486151065622309,0.1466095524144726,0.4400712725403486,0.5840301795987888,0.1592950371371359,12.25,0.06180947121094943,0.04031511035177745,0.02149436085917199,0.5053758171502736,2.4,0.03702102669709768,joint_mse,mse,True,12,0.04272895648167424,0.4096924225174478,0.07964751856856794,0.12,False,False
JPY,2022,outer,retrospective,ridge_flat,band10,0,12,-0.1556438064295476,0.4910150919114592,0.4952065191321317,0.1556438064295476,0.8326290191833043,0.8748185496373359,0,12,0.2452294965909623,0.2210045021110838,0.02422499447987847,0.8620338434391447,1.2,0.2452294965909623,joint_mse,mse,True,12,0.04272895648167424,0.4096924225174478,0.07964751856856794,0.12,True,True
JPY,2022,outer,retrospective,ridge_flat,band10,5,12,-0.2407548339142441,0.5043337593661361,0.5395548033515749,0.2407548339142441,0.9377462506273996,0.9764032378543347,0.08511102748469228,12,0.2911193858197567,0.2331564957666814,0.05796289005307526,0.9646889993007182,1.2,0.2452294965909617,joint_mse,mse,True,12,0.04272895648167424,0.4096924225174478,0.07964751856856794,0.12,True,True
JPY,2022,outer,retrospective,ridge_flat,band10,10,12,-0.3258658613989334,0.5182641555687242,0.5936355363298972,0.3258658613989334,1.042863482071498,1.077987926071323,0.1702220549693846,12,0.3524031499936847,0.2462145903684158,0.1061885596252689,1.067344155162285,1.2,0.2452294965909624,joint_mse,mse,True,12,0.04272895648167424,0.4096924225174478,0.07964751856856794,0.12,False,True
JPY,2022,validation,retrospective,ridge_term,band10,0,24,0.01888295763329517,0.1995132576729112,0.1962231941185918,-0.01888295763329517,0.2433526267154012,0.3773734780273751,0,12.25,0.03850354191010254,0.03814697582112173,0.0003565660889808204,0.303711536135074,2.4,0.03850354191010254,joint_es90,es90,True,12,0.04316531202857329,0.3968473272929832,0.07882769499362884,0.12,True,False
JPY,2022,validation,retrospective,ridge_term,band10,5,24,-0.05994473736033087,0.2032054616470068,0.2077626338603102,0.05994473736033087,0.3311070076989584,0.473325887710376,0.07882769499362884,12.25,0.04316531202857329,0.03957194049137425,0.003593371537199047,0.3968473272929832,2.4,0.03850354191010489,joint_es90,es90,True,12,0.04316531202857329,0.3968473272929832,0.07882769499362884,0.12,True,False
JPY,2022,validation,retrospective,ridge_term,band10,10,24,-0.1387724323539561,0.2084931244550282,0.2468115609874817,0.1387724323539561,0.4188613886825059,0.5692782973933046,0.1576553899872577,12.25,0.06091594663707739,0.04165815865564407,0.01925778798143332,0.4899831184508496,2.4,0.03850354191010488,joint_es90,es90,True,12,0.04316531202857329,0.3968473272929832,0.07882769499362884,0.12,False,False
JPY,2022,outer,retrospective,ridge_term,band10,0,12,-0.1637947515426733,0.4986060329823318,0.504697300780814,0.1637947515426733,0.8714985812969053,0.8723729290401218,0,12,0.2547193654154394,0.2278906447825133,0.02682872063292609,0.8721079751785408,1.2,0.2547193654154394,joint_es90,es90,True,12,0.04316531202857329,0.3968473272929832,0.07882769499362884,0.12,True,True
JPY,2022,outer,retrospective,ridge_term,band10,5,12,-0.2484361202143727,0.5123500869742335,0.549861709718422,0.2484361202143727,0.9763765429879623,0.9795910389943288,0.08464136867169493,12,0.3023478998144661,0.2406273939872959,0.06172050582717024,0.9786169492954299,1.2,0.2547193654154498,joint_es90,es90,True,12,0.04316531202857329,0.3968473272929832,0.07882769499362884,0.12,True,True
JPY,2022,outer,retrospective,ridge_term,band10,10,12,-0.333077488886071,0.5266406447168234,0.6042999681847497,0.333077488886071,1.081095532362048,1.088398872117978,0.1692827373433899,12,0.3651784515480895,0.2542378379454388,0.1109406136026508,1.086185738858605,1.2,0.2547193654154467,joint_es90,es90,True,12,0.04316531202857329,0.3968473272929832,0.07882769499362884,0.12,False,True
JPY,2023,validation,retrospective,ridge_term,daily,0,24,-0.01013335584559714,0.2163002132050218,0.2119883476519616,0.01013335584559714,0.2458976388075753,0.5638302590616295,0,22,0.04493905954020896,0.04483637463951546,0.0001026849006934978,0.3981497923859851,2.4,0.04493905954020896,forecast_first,mse,True,4,0.06494242554294667,0.545374121809631,0.1176048637416556,0.12,True,False
JPY,2023,validation,retrospective,ridge_term,daily,5,24,-0.1277382195872533,0.2252543438939354,0.2548380378651246,0.1277382195872533,0.3822919552153839,0.7234157986838335,0.1176048637416556,22,0.06494242554294667,0.04862537279962532,0.01631705274332135,0.545374121809631,2.4,0.04493905954020958,forecast_first,mse,True,4,0.06494242554294667,0.545374121809631,0.1176048637416556,0.12,True,False
JPY,2023,validation,retrospective,ridge_term,daily,10,24,-0.2453430833289121,0.2383939463265675,0.3386102712272774,0.2453430833289121,0.5193743554969983,0.8830013383060398,0.2352097274833112,22,0.1146569157806104,0.05446368724327292,0.0601932285373375,0.693362988870831,2.4,0.04493905954021093,forecast_first,mse,True,4,0.06494242554294667,0.545374121809631,0.1176048637416556,0.12,False,False
JPY,2023,outer,retrospective,ridge_term,daily,0,12,0.1945853740632726,0.4404568322924428,0.4644338888937933,-0.1945853740632726,0.4399364719446816,0.6574507911227023,0,22,0.2156988371530123,0.1778353693536686,0.03786346779934371,0.5915373610687569,1.2,0.2156988371530123,forecast_first,mse,True,4,0.06494242554294667,0.545374121809631,0.1176048637416556,0.12,True,True
JPY,2023,outer,retrospective,ridge_term,daily,5,12,0.0767520053155207,0.4378920957260793,0.4262173551851802,-0.0767520053155207,0.5236156300930285,0.7787020423567306,0.1178333687477543,22,0.18166123386105,0.1757703635410963,0.005890870319953718,0.7014031295495483,1.2,0.2156988371530119,forecast_first,mse,True,4,0.06494242554294667,0.545374121809631,0.1176048637416556,0.12,True,True
JPY,2023,outer,retrospective,ridge_term,daily,10,12,-0.04108136343224205,0.4369786787264372,0.4203873375961303,0.04108136343224205,0.6339778055784926,0.8999532935907623,0.2356667374955086,22,0.1767255136111629,0.1750378351897109,0.001687678421451954,0.8193546608597717,1.2,0.2156988371530091,forecast_first,mse,True,4,0.06494242554294667,0.545374121809631,0.1176048637416556,0.12,False,True
JPY,2023,validation,retrospective,ridge_flat,daily,0,24,-0.004252044979461765,0.2173176202783299,0.2127844883126287,0.004252044979461765,0.2091835879802476,0.5738052035786437,0,22,0.04527723846646722,0.04525915857995986,1.8079886507366e-05,0.3870470733958836,2.4,0.04527723846646722,joint_mse,mse,True,14,0.0638761157471545,0.5351040675486244,0.1179087484861084,0.12,True,False
JPY,2023,validation,retrospective,ridge_flat,daily,5,24,-0.1221607934655657,0.226011595594065,0.2527372464579657,0.1221607934655657,0.3467702719785289,0.7332568069873796,0.1179087484861084,22,0.0638761157471545,0.04895285628701788,0.01492325946013661,0.5351040675486244,2.4,0.04527723846646591,joint_mse,mse,True,14,0.0638761157471545,0.5351040675486244,0.1179087484861084,0.12,True,False
JPY,2023,validation,retrospective,ridge_flat,daily,10,24,-0.2400695419516739,0.2390403373632925,0.3352503881270858,0.2400695419516739,0.4869928383590515,0.8927084103961486,0.2358174969722169,22,0.1123928227393617,0.05475943776647516,0.05763338497288653,0.6860898199038807,2.4,0.04527723846646532,joint_mse,mse,True,14,0.0638761157471545,0.5351040675486244,0.1179087484861084,0.12,False,False
JPY,2023,outer,retrospective,ridge_flat,daily,0,12,0.1989109461620177,0.4351437976060276,0.4616671008946617,-0.1989109461620177,0.4354393186816689,0.5990694481592591,0,22,0.2131365120484817,0.1735709475454126,0.03956556450306912,0.5494845604387774,1.2,0.2131365120484817,joint_mse,mse,True,14,0.0638761157471545,0.5351040675486244,0.1179087484861084,0.12,True,True
JPY,2023,outer,retrospective,ridge_flat,daily,5,12,0.08097611145619692,0.4309613027678086,0.4204848051986533,-0.08097611145619692,0.5173763903026788,0.7174130493645876,0.1179348347058131,22,0.1768074714029494,0.1702503407763829,0.006557130626566426,0.656795879951888,1.2,0.2131365120484739,joint_mse,mse,True,14,0.0638761157471545,0.5351040675486244,0.1179087484861084,0.12,True,True
JPY,2023,outer,retrospective,ridge_flat,daily,10,12,-0.03695872324960549,0.4285177979158527,0.4119358668862645,0.03695872324960549,0.6076130337129592,0.8357566505699126,0.2358696694116261,22,0.1696911584273383,0.1683252112030973,0.00136594722424093,0.7666222212193208,1.2,0.2131365120484815,joint_mse,mse,True,14,0.0638761157471545,0.5351040675486244,0.1179087484861084,0.12,False,True
JPY,2023,validation,retrospective,ridge_flat,daily,0,24,-0.004252044979461765,0.2173176202783299,0.2127844883126287,0.004252044979461765,0.2091835879802476,0.5738052035786437,0,22,0.04527723846646722,0.04525915857995986,1.8079886507366e-05,0.3870470733958836,2.4,0.04527723846646722,joint_es90,es90,True,14,0.0638761157471545,0.5351040675486244,0.1179087484861084,0.12,True,False
JPY,2023,validation,retrospective,ridge_flat,daily,5,24,-0.1221607934655657,0.226011595594065,0.2527372464579657,0.1221607934655657,0.3467702719785289,0.7332568069873796,0.1179087484861084,22,0.0638761157471545,0.04895285628701788,0.01492325946013661,0.5351040675486244,2.4,0.04527723846646591,joint_es90,es90,True,14,0.0638761157471545,0.5351040675486244,0.1179087484861084,0.12,True,False
JPY,2023,validation,retrospective,ridge_flat,daily,10,24,-0.2400695419516739,0.2390403373632925,0.3352503881270858,0.2400695419516739,0.4869928383590515,0.8927084103961486,0.2358174969722169,22,0.1123928227393617,0.05475943776647516,0.05763338497288653,0.6860898199038807,2.4,0.04527723846646532,joint_es90,es90,True,14,0.0638761157471545,0.5351040675486244,0.1179087484861084,0.12,False,False
JPY,2023,outer,retrospective,ridge_flat,daily,0,12,0.1989109461620177,0.4351437976060276,0.4616671008946617,-0.1989109461620177,0.4354393186816689,0.5990694481592591,0,22,0.2131365120484817,0.1735709475454126,0.03956556450306912,0.5494845604387774,1.2,0.2131365120484817,joint_es90,es90,True,14,0.0638761157471545,0.5351040675486244,0.1179087484861084,0.12,True,True
JPY,2023,outer,retrospective,ridge_flat,daily,5,12,0.08097611145619692,0.4309613027678086,0.4204848051986533,-0.08097611145619692,0.5173763903026788,0.7174130493645876,0.1179348347058131,22,0.1768074714029494,0.1702503407763829,0.006557130626566426,0.656795879951888,1.2,0.2131365120484739,joint_es90,es90,True,14,0.0638761157471545,0.5351040675486244,0.1179087484861084,0.12,True,True
JPY,2023,outer,retrospective,ridge_flat,daily,10,12,-0.03695872324960549,0.4285177979158527,0.4119358668862645,0.03695872324960549,0.6076130337129592,0.8357566505699126,0.2358696694116261,22,0.1696911584273383,0.1683252112030973,0.00136594722424093,0.7666222212193208,1.2,0.2131365120484815,joint_es90,es90,True,14,0.0638761157471545,0.5351040675486244,0.1179087484861084,0.12,False,True
JPY,2024,validation,retrospective,ridge_term,band05,0,24,0.00334931622933902,0.4594280538931467,0.449767271961007,-0.00334931622933902,0.8615548618621572,0.9214456031035977,0,15.58333333333333,0.2022905989272464,0.2022793810080423,1.121791920411375e-05,0.8683871848117688,2.4,0.2022905989272464,forecast_first,mse,True,3,0.2193622600491136,0.9836544151909975,0.10296493823491,0.12,True,False
JPY,2024,validation,retrospective,ridge_term,band05,5,24,-0.09961562200556817,0.4674880007591628,0.4683612495169873,0.09961562200556817,0.9680917100931239,1.039829852805789,0.10296493823491,15.58333333333333,0.2193622600491136,0.2094389879015574,0.009923272147556238,0.9836544151909975,2.4,0.2022905989272512,forecast_first,mse,True,3,0.2193622600491136,0.9836544151909975,0.10296493823491,0.12,True,False
JPY,2024,validation,retrospective,ridge_term,band05,10,24,-0.2025805602404771,0.476743363265011,0.5087759245193589,0.2025805602404771,1.074628558324093,1.158214102507965,0.2059298764698201,15.58333333333333,0.2588529413705284,0.2178140579831829,0.04103888338734556,1.098921645570212,2.4,0.2022905989272483,forecast_first,mse,True,3,0.2193622600491136,0.9836544151909975,0.10296493823491,0.12,False,False
JPY,2024,outer,retrospective,ridge_term,band05,0,12,0.04559402935247932,0.432320836876025,0.4164192751022489,-0.04559402935247932,0.5849457639917508,1.005695767867958,0,15.5,0.1734050126766824,0.1713261971640877,0.002078815512594746,0.8781957666933499,1.2,0.1734050126766824,forecast_first,mse,True,3,0.2193622600491136,0.9836544151909975,0.10296493823491,0.12,True,True
JPY,2024,outer,retrospective,ridge_term,band05,5,12,-0.05720360728099175,0.4172363287606326,0.4035482960197839,0.05720360728099175,0.6472659032099326,1.055315643514644,0.1027976366334661,15.5,0.1628512272204711,0.1595789745345132,0.003272252685957933,0.9316642070586708,1.2,0.173405012676684,forecast_first,mse,True,3,0.2193622600491136,0.9836544151909975,0.10296493823491,0.12,True,True
JPY,2024,outer,retrospective,ridge_term,band05,10,12,-0.1600012439144571,0.4030801986721588,0.4177733525118155,0.1600012439144571,0.7095860424280984,1.104935519161327,0.2055952732669322,15.5,0.1745345740689616,0.1489341760147881,0.02560039805417361,0.9851326474239857,1.2,0.1734050126766815,forecast_first,mse,True,3,0.2193622600491136,0.9836544151909975,0.10296493823491,0.12,False,True
JPY,2024,validation,retrospective,ridge_flat,band05,0,24,0.01109003284442223,0.4572006987438978,0.4477117165523322,-0.01109003284442223,0.862154426635753,0.9084123715180713,0,15.5,0.2004457811382359,0.2003227923097456,0.0001229888284903637,0.8600689701842057,2.4,0.2004457811382359,joint_mse,mse,True,12,0.2157419374691245,0.9760455209976487,0.1032074369965553,0.12,True,False
JPY,2024,validation,retrospective,ridge_flat,band05,5,24,-0.09211740415213092,0.4650456598299523,0.4644802874925097,0.09211740415213092,0.969776340020375,1.026876853126466,0.1032074369965553,15.5,0.2157419374691245,0.2072563213213975,0.008485616147727026,0.9760455209976487,2.4,0.2004457811382404,joint_mse,mse,True,12,0.2157419374691245,0.9760455209976487,0.1032074369965553,0.12,True,False
JPY,2024,validation,retrospective,ridge_flat,band05,10,24,-0.1953248411486885,0.4741154298724231,0.5035585113745406,0.1953248411486885,1.077398253404983,1.14534133473484,0.2064148739931105,15.5,0.2535711743777432,0.2154193808079828,0.03815179356976041,1.092022071811074,2.4,0.2004457811382373,joint_mse,mse,True,12,0.2157419374691245,0.9760455209976487,0.1032074369965553,0.12,False,False
JPY,2024,outer,retrospective,ridge_flat,band05,0,12,0.04810311283268113,0.4239573021636207,0.408748562505804,-0.04810311283268113,0.5761412895471438,0.9654134647168461,0,15.33333333333333,0.1670753873505612,0.1647614778863676,0.002313909464193652,0.8474521995139064,1.2,0.1670753873505612,joint_mse,mse,True,12,0.2157419374691245,0.9760455209976487,0.1032074369965553,0.12,True,True
JPY,2024,outer,retrospective,ridge_flat,band05,5,12,-0.05491993984774349,0.4093751196204511,0.3957758489896146,0.05491993984774349,0.6390551437807436,1.015029558933612,0.1030230526804193,15.33333333333333,0.1566385226434502,0.1536223228505705,0.003016199792879764,0.9010979179781978,1.2,0.167075387350559,joint_mse,mse,True,12,0.2157419374691245,0.9760455209976487,0.1032074369965553,0.12,True,True
JPY,2024,outer,retrospective,ridge_flat,band05,10,12,-0.1579429925281616,0.3958032698385416,0.4105498730593627,0.1579429925281616,0.7019689980143464,1.064645653150367,0.2060461053608386,15.33333333333333,0.1685511982690588,0.1436052093803079,0.02494598888875091,0.9547436364424824,1.2,0.1670753873505584,joint_mse,mse,True,12,0.2157419374691245,0.9760455209976487,0.1032074369965553,0.12,False,True
JPY,2024,validation,retrospective,ridge_flat,band10,0,24,0.04846064395826481,0.4763109058640166,0.4687936750472516,-0.04846064395826481,0.7823644143940474,0.8620338434391446,0,11.95833333333333,0.2197675097643081,0.2174190757514584,0.002348434012849707,0.8125766356612883,2.4,0.2197675097643081,joint_es90,es90,True,12,0.2251761849042937,0.9171759498719675,0.08737816450702481,0.12,True,False
JPY,2024,validation,retrospective,ridge_flat,band10,5,24,-0.03891752054876255,0.4831004340609467,0.4745273278793263,0.03891752054876255,0.8897130987923964,0.9646889993007182,0.08737816450702481,11.95833333333333,0.2251761849042937,0.2236616114986303,0.001514573405663356,0.9171759498719675,2.4,0.2197675097643101,joint_es90,es90,True,12,0.2251761849042937,0.9171759498719675,0.08737816450702481,0.12,True,False
JPY,2024,validation,retrospective,ridge_flat,band10,10,24,-0.1262956850557827,0.4908309110674248,0.4968173296298327,0.1262956850557827,0.9994564644414934,1.067344155162285,0.1747563290140496,11.95833333333333,0.2468274590205179,0.2308768589568083,0.01595060006370945,1.02443602102791,2.4,0.2197675097643114,joint_es90,es90,True,12,0.2251761849042937,0.9171759498719675,0.08737816450702481,0.12,False,False
JPY,2024,outer,retrospective,ridge_flat,band10,0,12,0.04386686501014303,0.470821799327602,0.452906949244977,-0.04386686501014303,0.6682745166081736,1.03074369560999,0,13.25,0.2051247046743922,0.2032004028285741,0.001924301845818111,0.9209045504579249,1.2,0.2051247046743922,joint_es90,es90,True,12,0.2251761849042937,0.9171759498719675,0.08737816450702481,0.12,True,True
JPY,2024,outer,retrospective,ridge_flat,band10,5,12,-0.04717116054466727,0.4600674823437473,0.4429996606523179,0.04717116054466727,0.7283759455796759,1.080327124711312,0.0910380255548064,13.25,0.1962486993380688,0.1940235809509381,0.002225118387130774,0.9736752522471802,1.2,0.2051247046743898,joint_es90,es90,True,12,0.2251761849042937,0.9171759498719675,0.08737816450702481,0.12,True,True
JPY,2024,outer,retrospective,ridge_flat,band10,10,12,-0.1382091860994721,0.4499111244294704,0.4523864100713235,0.1382091860994721,0.7884773745511762,1.129910553812623,0.1820760511096128,13.25,0.2046534640172196,0.1855516848949412,0.01910177912227851,1.026445954036427,1.2,0.2051247046743915,joint_es90,es90,True,12,0.2251761849042937,0.9171759498719675,0.08737816450702481,0.12,False,True
JPY,2025,validation,retrospective,ridge_term,band05,0,24,0.14418437335787,0.4011048317380745,0.4182949608977053,-0.14418437335787,0.3870274519216393,0.8320541332003732,0,14.91666666666667,0.1749706743124128,0.1541815407918112,0.02078913352060166,0.5987845183787813,2.4,0.1749706743124128,forecast_first,mse,True,3,0.153356182516091,0.6612380937586247,0.09254451089709835,0.12,True,False
JPY,2025,validation,retrospective,ridge_term,band05,5,24,0.05163986246076783,0.3965365365537486,0.3916071788362555,-0.05163986246076783,0.4430581427524899,0.8934133393647398,0.09254451089709835,14.91666666666667,0.153356182516091,0.150689507121124,0.002666675394967018,0.6612380937586247,2.4,0.1749706743124121,forecast_first,mse,True,3,0.153356182516091,0.6612380937586247,0.09254451089709835,0.12,True,False
JPY,2025,validation,retrospective,ridge_term,band05,10,24,-0.04090464843633165,0.3934126670554212,0.3872955201415414,0.04090464843633165,0.4990888335833243,0.9547725455291055,0.1850890217941967,14.91666666666667,0.1499978199217071,0.1483246296580072,0.001673190263699889,0.7236916691384606,2.4,0.174970674312411,forecast_first,mse,True,3,0.153356182516091,0.6612380937586247,0.09254451089709835,0.12,False,False
JPY,2025,outer,retrospective,ridge_term,band05,0,12,0.1081858278372924,0.3346956798122578,0.3382163088755684,-0.1081858278372924,0.2747420136068526,0.3917452821433471,0,16.16666666666667,0.1143902715894139,0.1026860982445736,0.01170417334484027,0.3562897462231974,1.2,0.1143902715894139,forecast_first,mse,True,3,0.153356182516091,0.6612380937586247,0.09254451089709835,0.12,True,True
JPY,2025,outer,retrospective,ridge_term,band05,5,12,0.007977021307183474,0.3375804133048882,0.3233070630666397,-0.007977021307183474,0.3900983116486179,0.5112294391026069,0.1002088065301024,16.16666666666667,0.1045274570287761,0.1044638241598409,6.363286893525914e-05,0.4745230368438224,1.2,0.1143902715894162,forecast_first,mse,True,3,0.153356182516091,0.6612380937586247,0.09254451089709835,0.12,True,True
JPY,2025,outer,retrospective,ridge_term,band05,10,12,-0.0922317852229136,0.3410703637893799,0.3393252311665126,0.0922317852229136,0.5054546096903669,0.6307135960617956,0.2004176130602048,16.16666666666667,0.1151416125062072,0.1066349103008016,0.008506702205405664,0.5927563274643931,1.2,0.1143902715894172,forecast_first,mse,True,3,0.153356182516091,0.6612380937586247,0.09254451089709835,0.12,False,True
JPY,2025,validation,retrospective,rolling63,band05,0,24,0.1238670556353402,0.3958286306362703,0.4068107745236258,-0.1238670556353402,0.2661600207115119,0.8545042993105986,0,15.25,0.1654950062685123,0.1501519587967438,0.01534304747176847,0.5585032453397634,2.4,0.1654950062685123,joint_mse,mse,True,12,0.1498031115372305,0.6387893502441138,0.09467644016873306,0.12,True,False
JPY,2025,validation,retrospective,rolling63,band05,5,24,0.02919061546660869,0.3942425025143494,0.3870440692443569,-0.02919061546660869,0.3551004398120747,0.9293125716525029,0.09467644016873306,15.25,0.1498031115372305,0.1489510195059111,0.0008520920313194144,0.6387893502441138,2.4,0.1654950062685151,joint_mse,mse,True,12,0.1498031115372305,0.6387893502441138,0.09467644016873306,0.12,True,False
JPY,2025,validation,retrospective,rolling63,band05,10,24,-0.06548582470212756,0.3942407473939737,0.3914563660506793,0.06548582470212756,0.4497559794140291,1.004120843994402,0.1893528803374661,15.25,0.1532380865216034,0.1489496932846857,0.00428839323691778,0.7254255890388822,2.4,0.1654950062685131,joint_mse,mse,True,12,0.1498031115372305,0.6387893502441138,0.09467644016873306,0.12,False,False
JPY,2025,outer,retrospective,rolling63,band05,0,12,0.0924961655743044,0.3460073655648399,0.3439474953908563,-0.0924961655743044,0.3298274076419543,0.4169653824841646,0,16.41666666666667,0.1182998795856431,0.109744338939694,0.008555540645949135,0.3905599355622827,1.2,0.1182998795856431,joint_mse,mse,True,12,0.1498031115372305,0.6387893502441138,0.09467644016873306,0.12,True,True
JPY,2025,outer,retrospective,rolling63,band05,5,12,-0.01062233844016721,0.3512054832672908,0.3364213894228454,0.01062233844016721,0.4495980408508083,0.5422297033812811,0.1031185040144842,16.41666666666667,0.1131793512611978,0.1130665171872603,0.0001128340739374539,0.5141595026144712,1.2,0.1182998795856502,joint_mse,mse,True,12,0.1498031115372305,0.6387893502441138,0.09467644016873306,0.12,True,True
JPY,2025,outer,retrospective,rolling63,band05,10,12,-0.1137408424546511,0.3569387278753915,0.3601737498460356,0.1137408424546511,0.5693686740596551,0.6674940242783833,0.2062370080289685,16.41666666666667,0.1297251300781546,0.1167881508358609,0.01293697924229376,0.6377590696666475,1.2,0.1182998795856468,joint_mse,mse,True,12,0.1498031115372305,0.6387893502441138,0.09467644016873306,0.12,False,True
JPY,2025,validation,retrospective,ewma97,band05,0,24,0.1334741111066722,0.3989485213367033,0.4127270254872996,-0.1334741111066722,0.3101232064764004,0.8446910453866986,0,15.20833333333333,0.1703435975675941,0.1525282592318778,0.01781533833571627,0.5719164664007547,2.4,0.1703435975675941,joint_es90,es90,True,12,0.1514941884315892,0.6367491650858622,0.09410647782295267,0.12,True,False
JPY,2025,validation,retrospective,ewma97,band05,5,24,0.03936763328372209,0.3955549249581811,0.3892225435809046,-0.03936763328372209,0.3664918477962025,0.9100719592807072,0.09410647782295267,15.20833333333333,0.1514941884315892,0.1499443778812276,0.001549810550361624,0.6367491650858622,2.4,0.1703435975675955,joint_es90,es90,True,12,0.1514941884315892,0.6367491650858622,0.09410647782295267,0.12,True,False
JPY,2025,validation,retrospective,ewma97,band05,10,24,-0.05473884453923006,0.3936406386895353,0.3892209147920572,0.05473884453923006,0.447524529373906,0.9802889594997782,0.1882129556459053,15.20833333333333,0.1514929205115658,0.1484965794100759,0.002996341101489997,0.7136720795836639,2.4,0.1703435975675951,joint_es90,es90,True,12,0.1514941884315892,0.6367491650858622,0.09410647782295267,0.12,False,False
JPY,2025,outer,retrospective,ewma97,band05,0,12,0.09701311094102112,0.3364474673670279,0.3364154680361793,-0.09701311094102112,0.2961361654605072,0.4117575068303978,0,16.58333333333333,0.1131753671340016,0.1037638234395467,0.009411543694454872,0.3767207367183099,1.2,0.1131753671340016,joint_es90,es90,True,12,0.1514941884315892,0.6367491650858622,0.09410647782295267,0.12,True,True
JPY,2025,outer,retrospective,ewma97,band05,5,12,-0.005350672335228198,0.3397836587570616,0.3253620853084243,0.005350672335228198,0.4111689724693303,0.5346112456261665,0.1023637832762464,16.58333333333333,0.1058604865562463,0.1058318568618073,2.862969443897637e-05,0.497204496184701,1.2,0.1131753671340042,joint_es90,es90,True,12,0.1514941884315892,0.6367491650858622,0.09410647782295267,0.12,True,True
JPY,2025,outer,retrospective,ewma97,band05,10,12,-0.107714455611486,0.3436766782991144,0.3462271771835639,0.107714455611486,0.5262017794781524,0.6574649844219351,0.2047275665524928,16.58333333333333,0.119873258220499,0.1082708542728202,0.01160240394767879,0.617688255651092,1.2,0.1131753671340017,joint_es90,es90,True,12,0.1514941884315892,0.6367491650858622,0.09410647782295267,0.12,False,True
JPY,2026,validation,additional_2026,ridge_term,band05,0,24,0.06560015751262964,0.3837981186801501,0.3814011471825565,-0.06560015751262964,0.3670623648207844,0.9011992628282636,0,15.58333333333333,0.1454668350721701,0.1411634544064883,0.004303380665681819,0.6326663345311881,2.4,0.1454668350721701,forecast_first,mse,True,3,0.1367354587495783,0.725006428547544,0.1030478654606064,0.12,True,False
JPY,2026,validation,additional_2026,ridge_term,band05,5,24,-0.03744770794797406,0.3757887397980134,0.3697775801067154,0.03744770794797406,0.4897758794458028,0.9629751971092859,0.1030478654606064,15.58333333333333,0.1367354587495783,0.1353331279190216,0.00140233083055676,0.725006428547544,2.4,0.1454668350721723,forecast_first,mse,True,3,0.1367354587495783,0.725006428547544,0.1030478654606064,0.12,True,False
JPY,2026,validation,additional_2026,ridge_term,band05,10,24,-0.1404955734085767,0.3690179354865141,0.3876071675401787,0.1404955734085767,0.6124893940708226,1.024751131390313,0.2060957309212127,15.58333333333333,0.1502393163285201,0.1305003101811154,0.01973900614740478,0.8173465225638951,2.4,0.1454668350721704,forecast_first,mse,True,3,0.1367354587495783,0.725006428547544,0.1030478654606064,0.12,False,False
JPY,2026,outer,additional_2026,ridge_term,band05,0,9,-0.002266340650024783,0.3295871052985773,0.3107459674418321,0.002266340650024783,0.4512886743988059,0.61238811398965,0,15.33333333333333,0.09656305628136015,0.09655791998141822,5.136299941954759e-06,0.6123881139896499,0.9,0.09656305628136015,forecast_first,mse,True,3,0.1367354587495783,0.725006428547544,0.1030478654606064,0.12,True,True
JPY,2026,outer,additional_2026,ridge_term,band05,5,9,-0.09581167399325213,0.3228694123993599,0.3191266122064628,0.09581167399325213,0.5228797144246857,0.6621486071162349,0.09354533334322389,15.33333333333333,0.1018417946183741,0.09266191774498483,0.009179876873389227,0.6621486071162348,0.9,0.09656305628135819,forecast_first,mse,True,3,0.1367354587495783,0.725006428547544,0.1030478654606064,0.12,True,True
JPY,2026,outer,additional_2026,ridge_term,band05,10,9,-0.1893570073364707,0.3173817804729248,0.3541114455234128,0.1893570073364707,0.5944707544505579,0.7119091002428117,0.1870906666864478,15.33333333333333,0.125394915850681,0.08953883962325676,0.03585607622742422,0.7119091002428117,0.9,0.09656305628135854,forecast_first,mse,True,3,0.1367354587495783,0.725006428547544,0.1030478654606064,0.12,False,True
JPY,2026,validation,additional_2026,ridge_flat,band05,0,24,0.07178896932229088,0.3753443276513115,0.3743886753591842,-0.07178896932229088,0.3453572793069526,0.862084894705255,0,15.25,0.1401668802372046,0.1350132241208478,0.005153656116356821,0.6036692859647808,2.4,0.1401668802372046,joint_mse,mse,True,12,0.1305471496471645,0.6966163372188118,0.1030594711001531,0.12,True,False
JPY,2026,validation,additional_2026,ridge_flat,band05,5,24,-0.0312705017778608,0.3676992703624862,0.3613130908881722,0.0312705017778608,0.4699735220355379,0.9243333703880846,0.1030594711001531,15.25,0.1305471496471645,0.1295693053657253,0.0009778442814391956,0.6966163372188118,2.4,0.1401668802372041,joint_mse,mse,True,12,0.1305471496471645,0.6966163372188118,0.1030594711001531,0.12,True,False
JPY,2026,validation,additional_2026,ridge_flat,band05,10,24,-0.1343299728780149,0.3614073098881504,0.3784408585705828,0.1343299728780149,0.5945897647641253,0.9865818460709047,0.2061189422003061,15.25,0.1432174834356399,0.1251729418222317,0.01804454161340821,0.7895633884728401,2.4,0.1401668802372042,joint_mse,mse,True,12,0.1305471496471645,0.6966163372188118,0.1030594711001531,0.12,False,False
JPY,2026,outer,additional_2026,ridge_flat,band05,0,9,-0.002089284367203644,0.3248224059676398,0.3062526279853417,0.002089284367203644,0.4284618687697578,0.5952321430144361,0,14.88888888888889,0.09379067214792809,0.09378630703876106,4.365109167041532e-06,0.5952321430144361,0.9,0.09379067214792809,joint_mse,mse,True,12,0.1305471496471645,0.6966163372188118,0.1030594711001531,0.12,True,True
JPY,2026,outer,additional_2026,ridge_flat,band05,5,9,-0.09621326082832463,0.3184091587885664,0.315240307496874,0.09621326082832463,0.4999968207912029,0.6453920063788576,0.09412397646111893,14.88888888888889,0.09937645147072367,0.09011945991150444,0.009256991559219226,0.6453920063788576,0.9,0.09379067214792863,joint_mse,mse,True,12,0.1305471496471645,0.6966163372188118,0.1030594711001531,0.12,True,True
JPY,2026,outer,additional_2026,ridge_flat,band05,10,9,-0.1903372372894408,0.3132510386868971,0.3513567482706859,0.1903372372894408,0.571531772812636,0.6955518697432783,0.1882479529222379,14.88888888888889,0.1234515645553502,0.08722330065637328,0.03622826389897688,0.6955518697432783,0.9,0.09379067214792859,joint_mse,mse,True,12,0.1305471496471645,0.6966163372188118,0.1030594711001531,0.12,False,True
JPY,2026,validation,additional_2026,rolling63,band10,0,24,0.07877774579588515,0.4066399205454134,0.4057981318828925,-0.07877774579588515,0.3271427316516168,0.8560156176022151,0,12.29166666666667,0.1646721238396454,0.1584661906069643,0.006205933232681099,0.5898214571618272,2.4,0.1646721238396454,joint_es90,es90,True,12,0.1565000595601657,0.670749570155877,0.08978023671869788,0.12,True,False
JPY,2026,validation,additional_2026,rolling63,band10,5,24,-0.01100249092281339,0.4039530813310646,0.3956008841751567,0.01100249092281339,0.4339866959015032,0.9157303516409027,0.08978023671869788,12.29166666666667,0.1565000595601657,0.1563790047536592,0.0001210548065065911,0.670749570155877,2.4,0.164672123839649,joint_es90,es90,True,12,0.1565000595601657,0.670749570155877,0.08978023671869788,0.12,True,False
JPY,2026,validation,additional_2026,rolling63,band10,10,24,-0.1007827276415138,0.4021125400380394,0.4063426908752191,0.1007827276415138,0.5438621520330265,0.9754450856795931,0.1795604734373958,12.29166666666667,0.1651143824277139,0.1549572242368503,0.01015715819086355,0.7550460074628578,2.4,0.1646721238396462,joint_es90,es90,True,12,0.1565000595601657,0.670749570155877,0.08978023671869788,0.12,False,False
JPY,2026,outer,additional_2026,rolling63,band10,0,9,0.02515447856911892,0.3591092774934879,0.3395046253299582,-0.02515447856911892,0.4639025948275814,0.6239699233482129,0,12.33333333333333,0.1152633906204353,0.114630642828351,0.0006327477920842632,0.6239699233482128,0.9,0.1152633906204353,joint_es90,es90,True,12,0.1565000595601657,0.670749570155877,0.08978023671869788,0.12,True,True
JPY,2026,outer,additional_2026,rolling63,band10,5,9,-0.05874980971028441,0.3598019203827461,0.3442743151354499,0.05874980971028441,0.5393053842922042,0.6736579383865475,0.08390428827940745,12.33333333333333,0.118524804061983,0.1150732639209884,0.003451540140994629,0.6736579383865475,0.9,0.1152633906204381,joint_es90,es90,True,12,0.1565000595601657,0.670749570155877,0.08978023671869788,0.12,True,True
JPY,2026,outer,additional_2026,rolling63,band10,10,9,-0.1426540979896897,0.3619467693872288,0.36986415464451,0.1426540979896897,0.6147081737568072,0.7233459534248681,0.1678085765588149,12.33333333333333,0.136799492890898,0.116449301217646,0.020350191673252,0.7233459534248681,0.9,0.1152633906204332,joint_es90,es90,True,12,0.1565000595601657,0.670749570155877,0.08978023671869788,0.12,False,True
GBP,2015,validation,retrospective,ridge_term,every5,0,24,0.05189130827378493,0.2634449268525888,0.2630667902457769,-0.05189130827378493,0.4244019835747903,0.5067634574491626,0,6,0.06920413613021559,0.06651142825585062,0.00269270787436498,0.4417079864406823,2.4,0.06920413613021559,forecast_first,mse,True,4,0.06871595161659484,0.5350437749450374,0.08192513531779083,0.12,True,False
GBP,2015,validation,retrospective,ridge_term,every5,5,24,-0.03003382704400452,0.2660119399406281,0.2621372762820939,0.03003382704400452,0.5286749810459777,0.5877764466949447,0.08192513531779083,6,0.06871595161659484,0.06781392084968567,0.0009020307669091772,0.5350437749450374,2.4,0.06920413613021582,forecast_first,mse,True,4,0.06871595161659484,0.5350437749450374,0.08192513531779083,0.12,True,False
GBP,2015,validation,retrospective,ridge_term,every5,10,24,-0.1119589623617963,0.2710197506783169,0.2879687948229717,0.1119589623617963,0.6319698396534841,0.6695566036769607,0.1638502706355817,6,0.0829260267917948,0.07039121753866469,0.01253480925313011,0.6283795634494008,2.4,0.06920413613021671,forecast_first,mse,True,4,0.06871595161659484,0.5350437749450374,0.08192513531779083,0.12,False,False
GBP,2015,outer,retrospective,ridge_term,every5,0,12,-0.1682312881489182,0.3059887583948097,0.3378290394379606,0.1682312881489182,0.6041867035640826,0.7424749618842128,0,6,0.1141284598875751,0.08582669357533078,0.02830176631224434,0.700569429059931,1.2,0.1141284598875751,forecast_first,mse,True,4,0.06871595161659484,0.5350437749450374,0.08192513531779083,0.12,True,True
GBP,2015,outer,retrospective,ridge_term,every5,5,12,-0.2514621350582394,0.3138941506550924,0.3918570509325732,0.2514621350582394,0.7004074067067982,0.8867619417760864,0.08323084690932547,6,0.1535519483655733,0.09031874299752503,0.06323320536804823,0.8302908705429689,1.2,0.1141284598875743,forecast_first,mse,True,4,0.06871595161659484,0.5350437749450374,0.08192513531779083,0.12,True,True
GBP,2015,outer,retrospective,ridge_term,every5,10,12,-0.3346929819675686,0.3250745962469577,0.4570413120018498,0.3346929819675686,0.7966281098495263,1.031048921667974,0.1664616938186509,6,0.2088867608763722,0.09686736869802903,0.1120193921783432,0.9600123120260206,1.2,0.1141284598875757,forecast_first,mse,True,4,0.06871595161659484,0.5350437749450374,0.08192513531779083,0.12,False,True
GBP,2015,validation,retrospective,ridge_term,every5,0,24,0.05189130827378493,0.2634449268525888,0.2630667902457769,-0.05189130827378493,0.4244019835747903,0.5067634574491626,0,6,0.06920413613021559,0.06651142825585062,0.00269270787436498,0.4417079864406823,2.4,0.06920413613021559,joint_mse,mse,True,15,0.06871595161659484,0.5350437749450374,0.08192513531779083,0.12,True,False
GBP,2015,validation,retrospective,ridge_term,every5,5,24,-0.03003382704400452,0.2660119399406281,0.2621372762820939,0.03003382704400452,0.5286749810459777,0.5877764466949447,0.08192513531779083,6,0.06871595161659484,0.06781392084968567,0.0009020307669091772,0.5350437749450374,2.4,0.06920413613021582,joint_mse,mse,True,15,0.06871595161659484,0.5350437749450374,0.08192513531779083,0.12,True,False
GBP,2015,validation,retrospective,ridge_term,every5,10,24,-0.1119589623617963,0.2710197506783169,0.2879687948229717,0.1119589623617963,0.6319698396534841,0.6695566036769607,0.1638502706355817,6,0.0829260267917948,0.07039121753866469,0.01253480925313011,0.6283795634494008,2.4,0.06920413613021671,joint_mse,mse,True,15,0.06871595161659484,0.5350437749450374,0.08192513531779083,0.12,False,False
GBP,2015,outer,retrospective,ridge_term,every5,0,12,-0.1682312881489182,0.3059887583948097,0.3378290394379606,0.1682312881489182,0.6041867035640826,0.7424749618842128,0,6,0.1141284598875751,0.08582669357533078,0.02830176631224434,0.700569429059931,1.2,0.1141284598875751,joint_mse,mse,True,15,0.06871595161659484,0.5350437749450374,0.08192513531779083,0.12,True,True
GBP,2015,outer,retrospective,ridge_term,every5,5,12,-0.2514621350582394,0.3138941506550924,0.3918570509325732,0.2514621350582394,0.7004074067067982,0.8867619417760864,0.08323084690932547,6,0.1535519483655733,0.09031874299752503,0.06323320536804823,0.8302908705429689,1.2,0.1141284598875743,joint_mse,mse,True,15,0.06871595161659484,0.5350437749450374,0.08192513531779083,0.12,True,True
GBP,2015,outer,retrospective,ridge_term,every5,10,12,-0.3346929819675686,0.3250745962469577,0.4570413120018498,0.3346929819675686,0.7966281098495263,1.031048921667974,0.1664616938186509,6,0.2088867608763722,0.09686736869802903,0.1120193921783432,0.9600123120260206,1.2,0.1141284598875757,joint_mse,mse,True,15,0.06871595161659484,0.5350437749450374,0.08192513531779083,0.12,False,True
GBP,2015,validation,retrospective,ridge_term,every5,0,24,0.05189130827378493,0.2634449268525888,0.2630667902457769,-0.05189130827378493,0.4244019835747903,0.5067634574491626,0,6,0.06920413613021559,0.06651142825585062,0.00269270787436498,0.4417079864406823,2.4,0.06920413613021559,joint_es90,es90,True,15,0.06871595161659484,0.5350437749450374,0.08192513531779083,0.12,True,False
GBP,2015,validation,retrospective,ridge_term,every5,5,24,-0.03003382704400452,0.2660119399406281,0.2621372762820939,0.03003382704400452,0.5286749810459777,0.5877764466949447,0.08192513531779083,6,0.06871595161659484,0.06781392084968567,0.0009020307669091772,0.5350437749450374,2.4,0.06920413613021582,joint_es90,es90,True,15,0.06871595161659484,0.5350437749450374,0.08192513531779083,0.12,True,False
GBP,2015,validation,retrospective,ridge_term,every5,10,24,-0.1119589623617963,0.2710197506783169,0.2879687948229717,0.1119589623617963,0.6319698396534841,0.6695566036769607,0.1638502706355817,6,0.0829260267917948,0.07039121753866469,0.01253480925313011,0.6283795634494008,2.4,0.06920413613021671,joint_es90,es90,True,15,0.06871595161659484,0.5350437749450374,0.08192513531779083,0.12,False,False
GBP,2015,outer,retrospective,ridge_term,every5,0,12,-0.1682312881489182,0.3059887583948097,0.3378290394379606,0.1682312881489182,0.6041867035640826,0.7424749618842128,0,6,0.1141284598875751,0.08582669357533078,0.02830176631224434,0.700569429059931,1.2,0.1141284598875751,joint_es90,es90,True,15,0.06871595161659484,0.5350437749450374,0.08192513531779083,0.12,True,True
GBP,2015,outer,retrospective,ridge_term,every5,5,12,-0.2514621350582394,0.3138941506550924,0.3918570509325732,0.2514621350582394,0.7004074067067982,0.8867619417760864,0.08323084690932547,6,0.1535519483655733,0.09031874299752503,0.06323320536804823,0.8302908705429689,1.2,0.1141284598875743,joint_es90,es90,True,15,0.06871595161659484,0.5350437749450374,0.08192513531779083,0.12,True,True
GBP,2015,outer,retrospective,ridge_term,every5,10,12,-0.3346929819675686,0.3250745962469577,0.4570413120018498,0.3346929819675686,0.7966281098495263,1.031048921667974,0.1664616938186509,6,0.2088867608763722,0.09686736869802903,0.1120193921783432,0.9600123120260206,1.2,0.1141284598875757,joint_es90,es90,True,15,0.06871595161659484,0.5350437749450374,0.08192513531779083,0.12,False,True
GBP,2016,validation,retrospective,rolling63,band10,0,24,-0.02810063023036458,0.2490317548044511,0.2454025801945046,0.02810063023036458,0.3827577547517325,0.692220331917996,0,12.70833333333333,0.06022242636612024,0.05943278094677656,0.0007896454193436795,0.5353997329954602,2.4,0.06022242636612024,forecast_first,mse,True,3,0.07394697822663983,0.6240283228807648,0.07844253397071742,0.12,True,False
GBP,2016,validation,retrospective,rolling63,band10,5,24,-0.1065431642010828,0.2555720588701442,0.2719319367537396,0.1065431642010828,0.4716479615360061,0.785141241819567,0.07844253397071742,12.70833333333333,0.07394697822663983,0.06259553238866095,0.01135144583797889,0.6240283228807648,2.4,0.06022242636612004,forecast_first,mse,True,3,0.07394697822663983,0.6240283228807648,0.07844253397071742,0.12,True,False
GBP,2016,validation,retrospective,rolling63,band10,10,24,-0.1849856981718014,0.2642746677519162,0.3180420769481926,0.1849856981718014,0.5619532939261022,0.8780621517211462,0.1568850679414348,12.70833333333333,0.1011507627095201,0.06693105418141128,0.03421970852810879,0.7142292745503122,2.4,0.06022242636611993,forecast_first,mse,True,3,0.07394697822663983,0.6240283228807648,0.07844253397071742,0.12,False,False
GBP,2016,outer,retrospective,rolling63,band10,0,12,-0.02029207616913735,1.046223597943478,1.001888350653188,0.02029207616913735,1.615601642710008,2.92875755264285,0,11.58333333333333,1.003780267174566,1.003368498819312,0.0004117683552540718,2.530831519329868,1.2,1.003780267174566,forecast_first,mse,True,3,0.07394697822663983,0.6240283228807648,0.07844253397071742,0.12,True,True
GBP,2016,outer,retrospective,rolling63,band10,5,12,-0.1030849177862434,1.060792983119249,1.020850025170419,0.1030849177862434,1.707081251952508,3.067676752472764,0.08279284161710782,11.58333333333333,1.042134773890445,1.031508273615449,0.01062650027499656,2.655375085648445,1.2,1.003780267174573,forecast_first,mse,True,3,0.07394697822663983,0.6240283228807648,0.07844253397071742,0.12,True,True
GBP,2016,outer,retrospective,rolling63,band10,10,12,-0.1858777594033551,1.07582268410957,1.04665918606861,0.1858777594033551,1.798560861195002,3.206595952302663,0.1655856832342156,11.58333333333333,1.095495451781805,1.060944910340993,0.03455054144081156,2.77991865196701,1.2,1.003780267174568,forecast_first,mse,True,3,0.07394697822663983,0.6240283228807648,0.07844253397071742,0.12,False,True
GBP,2016,validation,retrospective,ridge_term,band10,0,24,-0.01962546998239996,0.2314302101805328,0.2274058860244396,0.01962546998239996,0.3671924313164641,0.6002051994289458,0,12.875,0.05171343699856043,0.05132827792653035,0.000385159072030082,0.4814686426468749,2.4,0.05171343699856043,joint_mse,mse,True,13,0.06318182012140239,0.5646742114820794,0.07772051787399799,0.12,True,False
GBP,2016,validation,retrospective,ridge_term,band10,5,24,-0.09734598785639743,0.2367289672464334,0.2513599413617897,0.09734598785639743,0.4533856342767438,0.6882640377818963,0.07772051787399799,12.875,0.06318182012140239,0.0537055787696645,0.009476241351737877,0.5646742114820794,2.4,0.05171343699856095,joint_mse,mse,True,13,0.06318182012140239,0.5646742114820794,0.07772051787399799,0.12,True,False
GBP,2016,validation,retrospective,ridge_term,band10,10,24,-0.1750665057303986,0.2445080390315547,0.2965492455423673,0.1750665057303986,0.5472206207462327,0.776322876134851,0.155441035747996,12.875,0.08794145503174729,0.0572931736030956,0.03064828142865169,0.6563706508830478,2.4,0.05171343699856237,joint_mse,mse,True,13,0.06318182012140239,0.5646742114820794,0.07772051787399799,0.12,False,False
GBP,2016,outer,retrospective,ridge_term,band10,0,12,-0.05159687893134354,1.034305954585411,0.9916158420974946,0.05159687893134354,1.615953383293456,2.870888727904543,0,12.33333333333333,0.9833019782987235,0.9806397403832675,0.002662237915455723,2.490605290143608,1.2,0.9833019782987235,joint_mse,mse,True,13,0.06318182012140239,0.5646742114820794,0.07772051787399799,0.12,True,True
GBP,2016,outer,retrospective,ridge_term,band10,5,12,-0.1358283774118612,1.045948685796945,1.010589240816465,0.1358283774118612,1.726808153863265,3.004552686240658,0.08423149848052462,12.33333333333333,1.021290613653999,1.00284126554366,0.01844934811033902,2.617357373399024,1.2,0.9833019782987273,joint_mse,mse,True,13,0.06318182012140239,0.5646742114820794,0.07772051787399799,0.12,True,True
GBP,2016,outer,retrospective,ridge_term,band10,10,12,-0.2200598758923905,1.058132863731224,1.036710057430144,0.2200598758923905,1.837662924433048,3.138216644576787,0.1684629969610492,12.33333333333333,1.074767743176812,1.026341394199038,0.0484263489777743,2.744109456654443,1.2,0.9833019782987247,joint_mse,mse,True,13,0.06318182012140239,0.5646742114820794,0.07772051787399799,0.12,False,True
GBP,2016,validation,retrospective,ridge_term,band10,0,24,-0.01962546998239996,0.2314302101805328,0.2274058860244396,0.01962546998239996,0.3671924313164641,0.6002051994289458,0,12.875,0.05171343699856043,0.05132827792653035,0.000385159072030082,0.4814686426468749,2.4,0.05171343699856043,joint_es90,es90,True,13,0.06318182012140239,0.5646742114820794,0.07772051787399799,0.12,True,False
GBP,2016,validation,retrospective,ridge_term,band10,5,24,-0.09734598785639743,0.2367289672464334,0.2513599413617897,0.09734598785639743,0.4533856342767438,0.6882640377818963,0.07772051787399799,12.875,0.06318182012140239,0.0537055787696645,0.009476241351737877,0.5646742114820794,2.4,0.05171343699856095,joint_es90,es90,True,13,0.06318182012140239,0.5646742114820794,0.07772051787399799,0.12,True,False
GBP,2016,validation,retrospective,ridge_term,band10,10,24,-0.1750665057303986,0.2445080390315547,0.2965492455423673,0.1750665057303986,0.5472206207462327,0.776322876134851,0.155441035747996,12.875,0.08794145503174729,0.0572931736030956,0.03064828142865169,0.6563706508830478,2.4,0.05171343699856237,joint_es90,es90,True,13,0.06318182012140239,0.5646742114820794,0.07772051787399799,0.12,False,False
GBP,2016,outer,retrospective,ridge_term,band10,0,12,-0.05159687893134354,1.034305954585411,0.9916158420974946,0.05159687893134354,1.615953383293456,2.870888727904543,0,12.33333333333333,0.9833019782987235,0.9806397403832675,0.002662237915455723,2.490605290143608,1.2,0.9833019782987235,joint_es90,es90,True,13,0.06318182012140239,0.5646742114820794,0.07772051787399799,0.12,True,True
GBP,2016,outer,retrospective,ridge_term,band10,5,12,-0.1358283774118612,1.045948685796945,1.010589240816465,0.1358283774118612,1.726808153863265,3.004552686240658,0.08423149848052462,12.33333333333333,1.021290613653999,1.00284126554366,0.01844934811033902,2.617357373399024,1.2,0.9833019782987273,joint_es90,es90,True,13,0.06318182012140239,0.5646742114820794,0.07772051787399799,0.12,True,True
GBP,2016,outer,retrospective,ridge_term,band10,10,12,-0.2200598758923905,1.058132863731224,1.036710057430144,0.2200598758923905,1.837662924433048,3.138216644576787,0.1684629969610492,12.33333333333333,1.074767743176812,1.026341394199038,0.0484263489777743,2.744109456654443,1.2,0.9833019782987247,joint_es90,es90,True,13,0.06318182012140239,0.5646742114820794,0.07772051787399799,0.12,False,True
GBP,2017,validation,retrospective,ridge_flat,band10,0,24,-0.09069784476428018,0.3874463216013153,0.3899820175283843,0.09069784476428018,0.4693493261911795,0.8081333200750341,0,12.875,0.152085973995509,0.1438598749506236,0.008226099044885466,0.6286237350221124,2.4,0.152085973995509,forecast_first,mse,True,4,0.175776832286095,0.7359961231564742,0.08188885429777108,0.12,True,False
GBP,2017,validation,retrospective,ridge_flat,band10,5,24,-0.1725866990620505,0.3903051162221371,0.4192574773168571,0.1725866990620505,0.5925262693624515,0.9063073183379916,0.08188885429777108,12.875,0.175776832286095,0.1459906635929603,0.02978616869313477,0.7359961231564742,2.4,0.152085973995509,forecast_first,mse,True,4,0.175776832286095,0.7359961231564742,0.08188885429777108,0.12,True,False
GBP,2017,validation,retrospective,ridge_flat,band10,10,24,-0.2544755533598194,0.394503604173965,0.4624999337581298,0.2544755533598194,0.7157032125337235,1.004481316600938,0.1637777085955422,12.875,0.2139061887262744,0.1491483814684881,0.06475780725778627,0.8433685112908301,2.4,0.1520859739955082,forecast_first,mse,True,4,0.175776832286095,0.7359961231564742,0.08188885429777108,0.12,False,False
GBP,2017,outer,retrospective,ridge_flat,band10,0,12,0.04839235217553221,0.2966843013863489,0.2881462531668501,-0.04839235217553221,0.3365195586508655,0.4489933183617474,0,12.5,0.08302826321409447,0.08068644346501373,0.002341819749080737,0.4149103608736014,1.2,0.08302826321409447,forecast_first,mse,True,4,0.175776832286095,0.7359961231564742,0.08188885429777108,0.12,True,True
GBP,2017,outer,retrospective,ridge_flat,band10,5,12,-0.02961300692608878,0.3032111018934264,0.2918089925470853,0.02961300692608878,0.4100469569562515,0.4987596679365875,0.07800535910161795,12.5,0.08515248813134486,0.08427555795214031,0.0008769301792045818,0.4718770282455767,1.2,0.08302826321409267,forecast_first,mse,True,4,0.175776832286095,0.7359961231564742,0.08188885429777108,0.12,True,True
GBP,2017,outer,retrospective,ridge_flat,band10,10,12,-0.1076183660277071,0.311016914229637,0.3166263942966882,0.1076183660277071,0.4835743552616422,0.5485260175114384,0.1560107182032359,12.5,0.1002522735653218,0.08867056085884828,0.01158171270647354,0.5288436956175607,1.2,0.08302826321409641,forecast_first,mse,True,4,0.175776832286095,0.7359961231564742,0.08188885429777108,0.12,False,True
GBP,2017,validation,retrospective,rolling63,band10,0,24,-0.07177244850228452,0.3722973765493918,0.3714584749226232,0.07177244850228452,0.4671271628035689,0.710386747069909,0,13.375,0.1379813985918411,0.132830114227828,0.005151284364013083,0.5823861564544474,2.4,0.1379813985918411,joint_mse,mse,True,16,0.1602273532675303,0.6898430808437878,0.08098931033701733,0.12,True,False
GBP,2017,validation,retrospective,rolling63,band10,5,24,-0.152761758839301,0.3779457494594375,0.4002840907000056,0.152761758839301,0.5897382638660479,0.8091701084306516,0.08098931033701733,13.375,0.1602273532675303,0.1368911983038535,0.02333615496367674,0.6898430808437878,2.4,0.1379813985918391,joint_mse,mse,True,16,0.1602273532675303,0.6898430808437878,0.08098931033701733,0.12,True,False
GBP,2017,validation,retrospective,rolling63,band10,10,24,-0.2337510691763203,0.3849061052910911,0.4434176841902728,0.2337510691763203,0.7123493649285149,0.9079534697914154,0.1619786206740347,13.375,0.1966192426526645,0.1419796803115917,0.05463956234107287,0.7973000052331342,2.4,0.1379813985918421,joint_mse,mse,True,16,0.1602273532675303,0.6898430808437878,0.08098931033701733,0.12,False,False
GBP,2017,outer,retrospective,rolling63,band10,0,12,0.04985934214858304,0.2962268941629382,0.2879649210513757,-0.04985934214858304,0.3237645948092632,0.4788599051074413,0,12.83333333333333,0.08292379575612502,0.08043784175663554,0.002485953999489469,0.4318613262292056,1.2,0.08292379575612502,joint_mse,mse,True,16,0.1602273532675303,0.6898430808437878,0.08098931033701733,0.12,True,True
GBP,2017,outer,retrospective,rolling63,band10,5,12,-0.02845253148936629,0.3016153861742338,0.2901730534705677,0.02845253148936629,0.3977574326363625,0.5286204751548897,0.07831187363793804,12.83333333333333,0.08420040096043291,0.08339085441227954,0.0008095465481533803,0.4889650077250332,1.2,0.08292379575612426,joint_mse,mse,True,16,0.1602273532675303,0.6898430808437878,0.08098931033701733,0.12,True,True
GBP,2017,outer,retrospective,rolling63,band10,10,12,-0.1067644051272955,0.3083748508946891,0.3139571618514436,0.1067644051272955,0.4717502704634565,0.5783810452023435,0.1566237472758761,12.83333333333333,0.09856909947781355,0.08717046127562827,0.01139863820218528,0.5460686892208626,1.2,0.08292379575612523,joint_mse,mse,True,16,0.1602273532675303,0.6898430808437878,0.08098931033701733,0.12,False,True
GBP,2017,validation,retrospective,rolling63,band10,0,24,-0.07177244850228452,0.3722973765493918,0.3714584749226232,0.07177244850228452,0.4671271628035689,0.710386747069909,0,13.375,0.1379813985918411,0.132830114227828,0.005151284364013083,0.5823861564544474,2.4,0.1379813985918411,joint_es90,es90,True,16,0.1602273532675303,0.6898430808437878,0.08098931033701733,0.12,True,False
GBP,2017,validation,retrospective,rolling63,band10,5,24,-0.152761758839301,0.3779457494594375,0.4002840907000056,0.152761758839301,0.5897382638660479,0.8091701084306516,0.08098931033701733,13.375,0.1602273532675303,0.1368911983038535,0.02333615496367674,0.6898430808437878,2.4,0.1379813985918391,joint_es90,es90,True,16,0.1602273532675303,0.6898430808437878,0.08098931033701733,0.12,True,False
GBP,2017,validation,retrospective,rolling63,band10,10,24,-0.2337510691763203,0.3849061052910911,0.4434176841902728,0.2337510691763203,0.7123493649285149,0.9079534697914154,0.1619786206740347,13.375,0.1966192426526645,0.1419796803115917,0.05463956234107287,0.7973000052331342,2.4,0.1379813985918421,joint_es90,es90,True,16,0.1602273532675303,0.6898430808437878,0.08098931033701733,0.12,False,False
GBP,2017,outer,retrospective,rolling63,band10,0,12,0.04985934214858304,0.2962268941629382,0.2879649210513757,-0.04985934214858304,0.3237645948092632,0.4788599051074413,0,12.83333333333333,0.08292379575612502,0.08043784175663554,0.002485953999489469,0.4318613262292056,1.2,0.08292379575612502,joint_es90,es90,True,16,0.1602273532675303,0.6898430808437878,0.08098931033701733,0.12,True,True
GBP,2017,outer,retrospective,rolling63,band10,5,12,-0.02845253148936629,0.3016153861742338,0.2901730534705677,0.02845253148936629,0.3977574326363625,0.5286204751548897,0.07831187363793804,12.83333333333333,0.08420040096043291,0.08339085441227954,0.0008095465481533803,0.4889650077250332,1.2,0.08292379575612426,joint_es90,es90,True,16,0.1602273532675303,0.6898430808437878,0.08098931033701733,0.12,True,True
GBP,2017,outer,retrospective,rolling63,band10,10,12,-0.1067644051272955,0.3083748508946891,0.3139571618514436,0.1067644051272955,0.4717502704634565,0.5783810452023435,0.1566237472758761,12.83333333333333,0.09856909947781355,0.08717046127562827,0.01139863820218528,0.5460686892208626,1.2,0.08292379575612523,joint_es90,es90,True,16,0.1602273532675303,0.6898430808437878,0.08098931033701733,0.12,False,True
GBP,2018,validation,retrospective,ridge_flat,band10,0,24,-0.002372374089144591,0.7089561767088912,0.6940331664495127,0.002372374089144591,0.6487409118567322,2.39092019212709,0,12.29166666666667,0.4816820361319371,0.4816764079731182,5.628158818844628e-06,1.515557671846497,2.4,0.4816820361319371,forecast_first,mse,True,3,0.5002329846844096,1.616279389634875,0.08387406880151997,0.12,True,False
GBP,2018,validation,retrospective,ridge_flat,band10,5,24,-0.08624644289066323,0.7170916155935426,0.7072715070497394,0.08624644289066323,0.7346038491853253,2.514260611814765,0.08387406880151997,12.29166666666667,0.5002329846844096,0.4927945357731172,0.007438448911292434,1.616279389634875,2.4,0.4816820361319403,forecast_first,mse,True,3,0.5002329846844096,1.616279389634875,0.08387406880151997,0.12,True,False
GBP,2018,validation,retrospective,ridge_flat,band10,10,24,-0.1701205116921896,0.7259287211700202,0.7307231410564965,0.1701205116921896,0.8204667865138819,2.63760103150242,0.1677481376030399,12.29166666666667,0.5339563088754725,0.50501532037706,0.0289409884984124,1.71700110742323,2.4,0.4816820361319398,forecast_first,mse,True,3,0.5002329846844096,1.616279389634875,0.08387406880151997,0.12,False,False
GBP,2018,outer,retrospective,ridge_flat,band10,0,12,0.106637838126991,0.1850668420463121,0.2068023691272501,-0.106637838126991,0.1605196639142417,0.1728493637356312,0,11.91666666666667,0.04276721987664341,0.03139559135624507,0.01137162852039834,0.1691130910624829,1.2,0.04276721987664341,forecast_first,mse,True,3,0.5002329846844096,1.616279389634875,0.08387406880151997,0.12,True,True
GBP,2018,outer,retrospective,ridge_flat,band10,5,12,0.02742093635395164,0.1912048813074094,0.1851070109423005,-0.02742093635395164,0.2359887621136244,0.2521185284693246,0.07921690177303675,11.91666666666667,0.03426460549999295,0.03351269774946547,0.0007519077505274664,0.2472307204827488,1.2,0.04276721987664105,forecast_first,mse,True,3,0.5002329846844096,1.616279389634875,0.08387406880151997,0.12,True,True
GBP,2018,outer,retrospective,ridge_flat,band10,10,12,-0.05179596541908508,0.2002434047122686,0.1985920225073496,0.05179596541908508,0.3166711694145359,0.3538053292418866,0.1584338035460735,11.91666666666667,0.03943879140355964,0.03675596936986459,0.002682822033695057,0.3425525535366288,1.2,0.04276721987664284,forecast_first,mse,True,3,0.5002329846844096,1.616279389634875,0.08387406880151997,0.12,False,True
GBP,2018,validation,retrospective,ridge_flat,band10,0,24,-0.002372374089144591,0.7089561767088912,0.6940331664495127,0.002372374089144591,0.6487409118567322,2.39092019212709,0,12.29166666666667,0.4816820361319371,0.4816764079731182,5.628158818844628e-06,1.515557671846497,2.4,0.4816820361319371,joint_mse,mse,True,12,0.5002329846844096,1.616279389634875,0.08387406880151997,0.12,True,False
GBP,2018,validation,retrospective,ridge_flat,band10,5,24,-0.08624644289066323,0.7170916155935426,0.7072715070497394,0.08624644289066323,0.7346038491853253,2.514260611814765,0.08387406880151997,12.29166666666667,0.5002329846844096,0.4927945357731172,0.007438448911292434,1.616279389634875,2.4,0.4816820361319403,joint_mse,mse,True,12,0.5002329846844096,1.616279389634875,0.08387406880151997,0.12,True,False
GBP,2018,validation,retrospective,ridge_flat,band10,10,24,-0.1701205116921896,0.7259287211700202,0.7307231410564965,0.1701205116921896,0.8204667865138819,2.63760103150242,0.1677481376030399,12.29166666666667,0.5339563088754725,0.50501532037706,0.0289409884984124,1.71700110742323,2.4,0.4816820361319398,joint_mse,mse,True,12,0.5002329846844096,1.616279389634875,0.08387406880151997,0.12,False,False
GBP,2018,outer,retrospective,ridge_flat,band10,0,12,0.106637838126991,0.1850668420463121,0.2068023691272501,-0.106637838126991,0.1605196639142417,0.1728493637356312,0,11.91666666666667,0.04276721987664341,0.03139559135624507,0.01137162852039834,0.1691130910624829,1.2,0.04276721987664341,joint_mse,mse,True,12,0.5002329846844096,1.616279389634875,0.08387406880151997,0.12,True,True
GBP,2018,outer,retrospective,ridge_flat,band10,5,12,0.02742093635395164,0.1912048813074094,0.1851070109423005,-0.02742093635395164,0.2359887621136244,0.2521185284693246,0.07921690177303675,11.91666666666667,0.03426460549999295,0.03351269774946547,0.0007519077505274664,0.2472307204827488,1.2,0.04276721987664105,joint_mse,mse,True,12,0.5002329846844096,1.616279389634875,0.08387406880151997,0.12,True,True
GBP,2018,outer,retrospective,ridge_flat,band10,10,12,-0.05179596541908508,0.2002434047122686,0.1985920225073496,0.05179596541908508,0.3166711694145359,0.3538053292418866,0.1584338035460735,11.91666666666667,0.03943879140355964,0.03675596936986459,0.002682822033695057,0.3425525535366288,1.2,0.04276721987664284,joint_mse,mse,True,12,0.5002329846844096,1.616279389634875,0.08387406880151997,0.12,False,True
GBP,2018,validation,retrospective,rolling63,band10,0,24,0.01388597404653395,0.733232635214929,0.7179287315349906,-0.01388597404653395,0.5165991588143595,2.530831519329867,0,12.08333333333333,0.5154216635634407,0.5152288432882196,0.0001928202752210144,1.508680664991193,2.4,0.5154216635634407,joint_es90,es90,True,12,0.5356123302513572,1.603855952834752,0.08320840697495729,0.12,True,False
GBP,2018,validation,retrospective,rolling63,band10,5,24,-0.06932243292842388,0.7442346968840977,0.7318554025566507,0.06932243292842388,0.5751782823492432,2.655375085648444,0.08320840697495729,12.08333333333333,0.5356123302513572,0.5308067305442413,0.004805599707115828,1.603855952834752,2.4,0.5154216635634437,joint_es90,es90,True,12,0.5356123302513572,1.603855952834752,0.08320840697495729,0.12,True,False
GBP,2018,validation,retrospective,rolling63,band10,10,24,-0.1525308399033821,0.7558767060377811,0.7555190392957584,0.1525308399033821,0.6337574058841254,2.779918651967009,0.1664168139499146,12.08333333333333,0.5708090187383856,0.5475433616167543,0.0232656571216312,1.699031240678305,2.4,0.5154216635634417,joint_es90,es90,True,12,0.5356123302513572,1.603855952834752,0.08320840697495729,0.12,False,False
GBP,2018,outer,retrospective,rolling63,band10,0,12,0.08892708389771824,0.1803007536330984,0.1941838249301242,-0.08892708389771824,0.1582430319470821,0.1814958839416505,0,12.08333333333333,0.03770735786449312,0.0297993316139413,0.007908026250551817,0.1744495651554177,1.2,0.03770735786449312,joint_es90,es90,True,12,0.5356123302513572,1.603855952834752,0.08320840697495729,0.12,True,True
GBP,2018,outer,retrospective,rolling63,band10,5,12,0.007291225298230082,0.1882139094747675,0.1803485459958324,-0.007291225298230082,0.2450672252132985,0.2878503520916595,0.08163585859949035,12.08333333333333,0.03252559804281088,0.03247243607646132,5.316196634955035e-05,0.2748857681891259,1.2,0.03770735786449467,joint_es90,es90,True,12,0.5356123302513572,1.603855952834752,0.08320840697495729,0.12,True,True
GBP,2018,outer,retrospective,rolling63,band10,10,12,-0.07434463330126562,0.1993423929546353,0.2048244736203168,0.07434463330126562,0.3430726855795754,0.3942048202416544,0.1632717171989807,12.08333333333333,0.04195306499383986,0.0364259404931402,0.005527124500699652,0.3787102339804184,1.2,0.03770735786449358,joint_es90,es90,True,12,0.5356123302513572,1.603855952834752,0.08320840697495729,0.12,False,True
GBP,2019,validation,retrospective,rolling63,band05,0,24,0.04322008634637423,0.2243763474884788,0.2238638502633108,-0.04322008634637423,0.225969488119638,0.517442198342544,0,15.625,0.05011502345471402,0.04824704759092596,0.001867975863788044,0.3710158979303008,2.4,0.05011502345471402,forecast_first,mse,True,3,0.05729569538632242,0.484924584696332,0.09329677179888977,0.12,True,False
GBP,2019,validation,retrospective,rolling63,band05,5,24,-0.05007668545251184,0.2391027160620653,0.2393651925120326,0.05007668545251184,0.3079108995348314,0.668608574795975,0.09329677179888977,15.625,0.05729569538632242,0.0547880209604126,0.002507674425909811,0.484924584696332,2.4,0.05011502345471339,forecast_first,mse,True,3,0.05729569538632242,0.484924584696332,0.09329677179888977,0.12,True,False
GBP,2019,validation,retrospective,rolling63,band05,10,24,-0.1433734572514044,0.2562089976989829,0.288901145103115,0.1433734572514044,0.3951209841561327,0.8210293972508691,0.1865935435977795,15.625,0.08346387164189113,0.06290792339767086,0.02055594824422029,0.600714940464561,2.4,0.05011502345471449,forecast_first,mse,True,3,0.05729569538632242,0.484924584696332,0.09329677179888977,0.12,False,False
GBP,2019,outer,retrospective,rolling63,band05,0,12,-0.0317092912842413,0.4065226014278595,0.3905052955289045,0.0317092912842413,0.6831164482673725,0.9062590960333949,0,15.41666666666667,0.152494385836117,0.1514889066823681,0.001005479153748862,0.8386401118618733,1.2,0.152494385836117,forecast_first,mse,True,3,0.05729569538632242,0.484924584696332,0.09329677179888977,0.12,True,True
GBP,2019,outer,retrospective,rolling63,band05,5,12,-0.1196064104175686,0.4191235761833818,0.4187261052083975,0.1196064104175686,0.8087150533340524,0.9841690459394147,0.08789711913332708,15.41666666666667,0.175331551182994,0.1610258577700181,0.01430569341297587,0.9310011693923352,1.2,0.1524943858361182,forecast_first,mse,True,3,0.05729569538632242,0.484924584696332,0.09329677179888977,0.12,True,True
GBP,2019,outer,retrospective,rolling63,band05,10,12,-0.2075035295508987,0.4336299925807562,0.4641369457062595,0.2075035295508987,0.9343136584007231,1.062078995845432,0.1757942382666542,15.41666666666667,0.2154231043695352,0.1723653895934545,0.04305771477608068,1.023362226922793,1.2,0.1524943858361184,forecast_first,mse,True,3,0.05729569538632242,0.484924584696332,0.09329677179888977,0.12,False,True
GBP,2019,validation,retrospective,ridge_term,daily,0,24,0.03268918393288086,0.2070129250334994,0.2052738071779603,-0.03268918393288086,0.2521617762594032,0.5230494321828634,0,21.95833333333333,0.04213733591333441,0.04106875316713669,0.001068582746197716,0.3819396226022487,2.4,0.04213733591333441,joint_mse,mse,True,14,0.05539726663964967,0.5342054151565019,0.1190400190772388,0.12,True,False
GBP,2019,validation,retrospective,ridge_term,daily,5,24,-0.08635083514435794,0.2236631004754325,0.2353662393795034,0.08635083514435794,0.3773731682978222,0.6977259788086911,0.1190400190772388,21.95833333333333,0.05539726663964967,0.0479407999095216,0.007456466730128083,0.5342054151565019,2.4,0.04213733591333376,joint_mse,mse,True,14,0.05539726663964967,0.5342054151565019,0.1190400190772388,0.12,True,False
GBP,2019,validation,retrospective,ridge_term,daily,10,24,-0.2053908542215948,0.2437119776217702,0.3148112408507848,0.2053908542215948,0.502584560336274,0.8724025254345116,0.2380800381544777,21.95833333333333,0.09910611736601084,0.05692071436813444,0.0421854029978764,0.6864712077107705,2.4,0.04213733591333366,joint_mse,mse,True,14,0.05539726663964967,0.5342054151565019,0.1190400190772388,0.12,False,False
GBP,2019,outer,retrospective,ridge_term,daily,0,12,-0.02435717143899245,0.4225414384195657,0.4052852082797715,0.02435717143899245,0.7362257651433908,1.105244427877652,0,22,0.1642561000503778,0.1636628282498693,0.0005932718005084694,0.993420590685452,1.2,0.1642561000503778,joint_mse,mse,True,14,0.05539726663964967,0.5342054151565019,0.1190400190772388,0.12,True,True
GBP,2019,outer,retrospective,ridge_term,daily,5,12,-0.1358340317248925,0.4324362814285079,0.4357391347420057,0.1358340317248925,0.8867679863082765,1.210140445259054,0.111476860285902,22,0.1898685935457118,0.1714177093710727,0.01845088417463911,1.112148791031546,1.2,0.1642561000503824,joint_mse,mse,True,14,0.05539726663964967,0.5342054151565019,0.1190400190772388,0.12,True,True
GBP,2019,outer,retrospective,ridge_term,daily,10,12,-0.2473108920107939,0.4446671628758728,0.4923557208992762,0.2473108920107939,1.037310207473157,1.315036462640409,0.2229537205718041,22,0.242414155902246,0.1812514785950714,0.06116267730717456,1.230876991377605,1.2,0.1642561000503797,joint_mse,mse,True,14,0.05539726663964967,0.5342054151565019,0.1190400190772388,0.12,False,True
GBP,2019,validation,retrospective,rolling63,band05,0,24,0.04322008634637423,0.2243763474884788,0.2238638502633108,-0.04322008634637423,0.225969488119638,0.517442198342544,0,15.625,0.05011502345471402,0.04824704759092596,0.001867975863788044,0.3710158979303008,2.4,0.05011502345471402,joint_es90,es90,True,14,0.05729569538632242,0.484924584696332,0.09329677179888977,0.12,True,False
GBP,2019,validation,retrospective,rolling63,band05,5,24,-0.05007668545251184,0.2391027160620653,0.2393651925120326,0.05007668545251184,0.3079108995348314,0.668608574795975,0.09329677179888977,15.625,0.05729569538632242,0.0547880209604126,0.002507674425909811,0.484924584696332,2.4,0.05011502345471339,joint_es90,es90,True,14,0.05729569538632242,0.484924584696332,0.09329677179888977,0.12,True,False
GBP,2019,validation,retrospective,rolling63,band05,10,24,-0.1433734572514044,0.2562089976989829,0.288901145103115,0.1433734572514044,0.3951209841561327,0.8210293972508691,0.1865935435977795,15.625,0.08346387164189113,0.06290792339767086,0.02055594824422029,0.600714940464561,2.4,0.05011502345471449,joint_es90,es90,True,14,0.05729569538632242,0.484924584696332,0.09329677179888977,0.12,False,False
GBP,2019,outer,retrospective,rolling63,band05,0,12,-0.0317092912842413,0.4065226014278595,0.3905052955289045,0.0317092912842413,0.6831164482673725,0.9062590960333949,0,15.41666666666667,0.152494385836117,0.1514889066823681,0.001005479153748862,0.8386401118618733,1.2,0.152494385836117,joint_es90,es90,True,14,0.05729569538632242,0.484924584696332,0.09329677179888977,0.12,True,True
GBP,2019,outer,retrospective,rolling63,band05,5,12,-0.1196064104175686,0.4191235761833818,0.4187261052083975,0.1196064104175686,0.8087150533340524,0.9841690459394147,0.08789711913332708,15.41666666666667,0.175331551182994,0.1610258577700181,0.01430569341297587,0.9310011693923352,1.2,0.1524943858361182,joint_es90,es90,True,14,0.05729569538632242,0.484924584696332,0.09329677179888977,0.12,True,True
GBP,2019,outer,retrospective,rolling63,band05,10,12,-0.2075035295508987,0.4336299925807562,0.4641369457062595,0.2075035295508987,0.9343136584007231,1.062078995845432,0.1757942382666542,15.41666666666667,0.2154231043695352,0.1723653895934545,0.04305771477608068,1.023362226922793,1.2,0.1524943858361184,joint_es90,es90,True,14,0.05729569538632242,0.484924584696332,0.09329677179888977,0.12,False,True
GBP,2020,validation,retrospective,ridge_term,band05,0,24,0.01383423515077072,0.2741234857270188,0.2687081773905304,-0.01383423515077072,0.3741536904119416,0.7158513059511528,0,15.375,0.07220408459654078,0.07201269853433395,0.0001913860622068202,0.5246312024995113,2.4,0.07220408459654078,forecast_first,mse,True,4,0.08164149039175023,0.6222717147293093,0.09031652356198734,0.12,True,False
GBP,2020,validation,retrospective,ridge_term,band05,5,24,-0.07648228841121589,0.2812245581789085,0.2857297506241697,0.07648228841121589,0.472583742377731,0.8090486296318528,0.09031652356198734,15.375,0.08164149039175023,0.07579194995113382,0.005849540440616408,0.6222717147293093,2.4,0.07220408459654169,forecast_first,mse,True,4,0.08164149039175023,0.6222717147293093,0.09031652356198734,0.12,True,False
GBP,2020,validation,retrospective,ridge_term,band05,10,24,-0.1667988119732061,0.2905303201993652,0.3297161145202858,0.1667988119732061,0.5710137943435203,0.9022459533125387,0.1806330471239747,15.375,0.1087127161743542,0.08089087249868127,0.02782184367567296,0.7199122269591003,2.4,0.07220408459654122,forecast_first,mse,True,4,0.08164149039175023,0.6222717147293093,0.09031652356198734,0.12,False,False
GBP,2020,outer,retrospective,ridge_term,band05,0,12,0.1564655652617094,0.3837895123669154,0.3993761765953641,-0.1564655652617094,0.3595129978155661,0.36438770977378,0,14.91666666666667,0.1595013304319314,0.1350198573192652,0.02448147311266625,0.362910524331897,1.2,0.1595013304319314,forecast_first,mse,True,4,0.08164149039175023,0.6222717147293093,0.09031652356198734,0.12,True,True
GBP,2020,outer,retrospective,ridge_term,band05,5,12,0.0609151713016635,0.3982928135336576,0.3861710238109814,-0.0609151713016635,0.4897883407694188,0.4972917769502629,0.09555039396004487,14.91666666666667,0.1491280596312216,0.1454174015365105,0.003710658094711008,0.4950180084106132,1.2,0.1595013304319261,forecast_first,mse,True,4,0.08164149039175023,0.6222717147293093,0.09031652356198734,0.12,True,True
GBP,2020,outer,retrospective,ridge_term,band05,10,12,-0.03463522265837674,0.4140239641117195,0.3979080144151568,0.03463522265837674,0.6191773724581352,0.6390589567780296,0.1911007879200897,14.91666666666667,0.1583307879358126,0.1571311892872173,0.001199598648595334,0.6330342342568496,1.2,0.1595013304319274,forecast_first,mse,True,4,0.08164149039175023,0.6222717147293093,0.09031652356198734,0.12,False,True
GBP,2020,validation,retrospective,rolling63,band10,0,24,0.01680032228816986,0.2735015041833617,0.268269507995115,-0.01680032228816986,0.314219585868293,0.6812380921356189,0,12.41666666666667,0.07196852891994104,0.07168627809095467,0.0002822508289863768,0.4868540632394008,2.4,0.07196852891994104,joint_mse,mse,True,14,0.07914730509338451,0.5776302466233261,0.0796078934275684,0.12,True,False
GBP,2020,validation,retrospective,rolling63,band10,5,24,-0.06280757113939799,0.280128878602479,0.2813313084130248,0.06280757113939799,0.4073712291451747,0.7668754957295019,0.0796078934275684,12.41666666666667,0.07914730509338451,0.07520251410095398,0.003944790992430539,0.5776302466233261,2.4,0.07196852891994167,joint_mse,mse,True,14,0.07914730509338451,0.5776302466233261,0.0796078934275684,0.12,True,False
GBP,2020,validation,retrospective,rolling63,band10,10,24,-0.1424154645669691,0.2884377935406974,0.3162467553343573,0.1424154645669691,0.5005228724220705,0.8525128993233931,0.1592157868551368,12.41666666666667,0.1000120102595089,0.07972984571168323,0.02028216454782562,0.6684064300072626,2.4,0.07196852891994245,joint_mse,mse,True,14,0.07914730509338451,0.5776302466233261,0.0796078934275684,0.12,False,False
GBP,2020,outer,retrospective,rolling63,band10,0,12,0.1850365841068161,0.3690006278388658,0.3988147592445306,-0.1850365841068161,0.3504571542883928,0.5058606354093769,0,10.91666666666667,0.1590532121912729,0.1248146747333541,0.03423853745791884,0.4587686714333212,1.2,0.1590532121912729,joint_mse,mse,True,14,0.07914730509338451,0.5776302466233261,0.0796078934275684,0.12,True,True
GBP,2020,outer,retrospective,rolling63,band10,5,12,0.1011548957383813,0.3823903948614452,0.3798282846769188,-0.1011548957383813,0.4568943681431539,0.6307987622265472,0.08388168836843157,10.91666666666667,0.1442695258406104,0.1340372129087677,0.01023231293184279,0.5781004609891554,1.2,0.1590532121912739,joint_mse,mse,True,14,0.07914730509338451,0.5776302466233261,0.0796078934275684,0.12,True,True
GBP,2020,outer,retrospective,rolling63,band10,10,12,0.01727320736995471,0.3967480481758326,0.3802498647116575,-0.01727320736995471,0.5633315819978788,0.7557368890436891,0.1677633767368631,10.91666666666667,0.1445899596132338,0.1442915959203884,0.0002983636928454577,0.6974322505449588,1.2,0.1590532121912692,joint_mse,mse,True,14,0.07914730509338451,0.5776302466233261,0.0796078934275684,0.12,False,True
GBP,2020,validation,retrospective,rolling63,band10,0,24,0.01680032228816986,0.2735015041833617,0.268269507995115,-0.01680032228816986,0.314219585868293,0.6812380921356189,0,12.41666666666667,0.07196852891994104,0.07168627809095467,0.0002822508289863768,0.4868540632394008,2.4,0.07196852891994104,joint_es90,es90,True,14,0.07914730509338451,0.5776302466233261,0.0796078934275684,0.12,True,False
GBP,2020,validation,retrospective,rolling63,band10,5,24,-0.06280757113939799,0.280128878602479,0.2813313084130248,0.06280757113939799,0.4073712291451747,0.7668754957295019,0.0796078934275684,12.41666666666667,0.07914730509338451,0.07520251410095398,0.003944790992430539,0.5776302466233261,2.4,0.07196852891994167,joint_es90,es90,True,14,0.07914730509338451,0.5776302466233261,0.0796078934275684,0.12,True,False
GBP,2020,validation,retrospective,rolling63,band10,10,24,-0.1424154645669691,0.2884377935406974,0.3162467553343573,0.1424154645669691,0.5005228724220705,0.8525128993233931,0.1592157868551368,12.41666666666667,0.1000120102595089,0.07972984571168323,0.02028216454782562,0.6684064300072626,2.4,0.07196852891994245,joint_es90,es90,True,14,0.07914730509338451,0.5776302466233261,0.0796078934275684,0.12,False,False
GBP,2020,outer,retrospective,rolling63,band10,0,12,0.1850365841068161,0.3690006278388658,0.3988147592445306,-0.1850365841068161,0.3504571542883928,0.5058606354093769,0,10.91666666666667,0.1590532121912729,0.1248146747333541,0.03423853745791884,0.4587686714333212,1.2,0.1590532121912729,joint_es90,es90,True,14,0.07914730509338451,0.5776302466233261,0.0796078934275684,0.12,True,True
GBP,2020,outer,retrospective,rolling63,band10,5,12,0.1011548957383813,0.3823903948614452,0.3798282846769188,-0.1011548957383813,0.4568943681431539,0.6307987622265472,0.08388168836843157,10.91666666666667,0.1442695258406104,0.1340372129087677,0.01023231293184279,0.5781004609891554,1.2,0.1590532121912739,joint_es90,es90,True,14,0.07914730509338451,0.5776302466233261,0.0796078934275684,0.12,True,True
GBP,2020,outer,retrospective,rolling63,band10,10,12,0.01727320736995471,0.3967480481758326,0.3802498647116575,-0.01727320736995471,0.5633315819978788,0.7557368890436891,0.1677633767368631,10.91666666666667,0.1445899596132338,0.1442915959203884,0.0002983636928454577,0.6974322505449588,1.2,0.1590532121912692,joint_es90,es90,True,14,0.07914730509338451,0.5776302466233261,0.0796078934275684,0.12,False,True
GBP,2021,validation,retrospective,ridge_term,daily,0,24,0.004867298580448885,0.3796359201981216,0.3716745612819334,-0.004867298580448885,0.4846980914311237,1.00323727530465,0,22,0.1381419795041176,0.1381182889086464,2.369059547123973e-05,0.738771148307127,2.4,0.1381419795041176,forecast_first,mse,True,4,0.1552822602772536,0.8840313473750033,0.1131136788028467,0.12,True,False
GBP,2021,validation,retrospective,ridge_term,daily,5,24,-0.1082463802223961,0.3870490113164554,0.3940587015626651,0.1082463802223961,0.6565883713949503,1.118893467796437,0.1131136788028467,22,0.1552822602772536,0.143564981446002,0.01171727883125154,0.8840313473750033,2.4,0.1381419795041187,forecast_first,mse,True,4,0.1552822602772536,0.8840313473750033,0.1131136788028467,0.12,True,False
GBP,2021,validation,retrospective,ridge_term,daily,10,24,-0.2213600590252405,0.3971652989213922,0.4474014293165648,0.2213600590252405,0.8288102465075553,1.234549660288187,0.2262273576056933,22,0.2001680389545052,0.1511677632228472,0.04900027573165795,1.029659985497051,2.4,0.1381419795041157,forecast_first,mse,True,4,0.1552822602772536,0.8840313473750033,0.1131136788028467,0.12,False,False
GBP,2021,outer,retrospective,ridge_term,daily,0,12,0.05457564103371482,0.2247943823764204,0.2220359702388426,-0.05457564103371482,0.200643832626453,0.2714956978592041,0,22,0.04929997207990418,0.04632147148566328,0.002978500594240896,0.2500254356674614,1.2,0.04929997207990418,forecast_first,mse,True,4,0.1552822602772536,0.8840313473750033,0.1131136788028467,0.12,True,True
GBP,2021,outer,retrospective,ridge_term,daily,5,12,-0.05189676321608547,0.2400825961760188,0.2356472418751646,0.05189676321608547,0.3260557178154104,0.3926401705462456,0.1064724042498092,22,0.0555296226033723,0.05283634857106587,0.002693274032306443,0.3724630636581138,1.2,0.04929997207990123,forecast_first,mse,True,4,0.1552822602772536,0.8840313473750033,0.1131136788028467,0.12,True,True
GBP,2021,outer,retrospective,ridge_term,daily,10,12,-0.1583691674659052,0.2577223109045735,0.293200472283052,0.1583691674659052,0.4612859641838492,0.5137846432333049,0.2129448084996184,22,0.08596651694700476,0.06088572374316082,0.02508079320384393,0.4978759526122578,1.2,0.04929997207990162,forecast_first,mse,True,4,0.1552822602772536,0.8840313473750033,0.1131136788028467,0.12,False,True
GBP,2021,validation,retrospective,rolling63,daily,0,24,0.0007236017368987269,0.3688352852371497,0.3610701871990327,-0.0007236017368987269,0.4502654253381322,0.9472333235914365,0,21.95833333333333,0.1303716800839445,0.1303711564844709,5.235994736428543e-07,0.6981544327620638,2.4,0.1303716800839445,joint_mse,mse,True,16,0.1508299081541824,0.8496917966843861,0.114372936726107,0.12,True,False
GBP,2021,validation,retrospective,rolling63,daily,5,24,-0.113649334989212,0.3793546971334928,0.3883682635774741,0.113649334989212,0.6400151785663567,1.063794271143879,0.114372936726107,21.95833333333333,0.1508299081541824,0.1379137368106923,0.01291617134349013,0.8496917966843861,2.4,0.1303716800839459,joint_mse,mse,True,16,0.1508299081541824,0.8496917966843861,0.114372936726107,0.12,True,False
GBP,2021,validation,retrospective,rolling63,daily,10,24,-0.2280222717153135,0.3929027732540867,0.4471404191202318,0.2280222717153135,0.8343081229790107,1.181436930883061,0.228745873452214,21.95833333333333,0.1999345544110166,0.1479403980128043,0.05199415639821228,1.002851728886852,2.4,0.1303716800839443,joint_mse,mse,True,16,0.1508299081541824,0.8496917966843861,0.114372936726107,0.12,False,False
GBP,2021,outer,retrospective,rolling63,daily,0,12,0.04162005408525904,0.2209560822822084,0.2156046227274285,-0.04162005408525904,0.2196485856988812,0.3067087960649527,0,22,0.04648535334143677,0.04475312443937688,0.001732228902059888,0.2803269141358402,1.2,0.04648535334143677,joint_mse,mse,True,16,0.1508299081541824,0.8496917966843861,0.114372936726107,0.12,True,True
GBP,2021,outer,retrospective,rolling63,daily,5,12,-0.06838442724438397,0.23890464002055,0.2387374527124137,0.06838442724438397,0.3606526188823541,0.4360228615087501,0.1100044813296444,22,0.05699557132761196,0.05231914143806952,0.004676429889542444,0.4131833940462059,1.2,0.04648535334143733,joint_mse,mse,True,16,0.1508299081541824,0.8496917966843861,0.114372936726107,0.12,True,True
GBP,2021,outer,retrospective,rolling63,daily,10,12,-0.1783889085740272,0.2593609852889094,0.3057532447384607,0.1783889085740272,0.5016566520658424,0.5653369269525709,0.2200089626592888,22,0.09348504666809705,0.06166244396586441,0.03182260270223263,0.5460398739565926,1.2,0.04648535334143878,joint_mse,mse,True,16,0.1508299081541824,0.8496917966843861,0.114372936726107,0.12,False,True
GBP,2021,validation,retrospective,rolling63,every5,0,24,0.06155837184767813,0.4406211053688735,0.4357142814241973,-0.06155837184767813,0.6938477758634363,0.8610434645951517,0,6,0.1898469350370046,0.1860575018924676,0.003789433144537011,0.755436141342843,2.4,0.1898469350370046,joint_es90,es90,True,16,0.1909661292369532,0.8408037801776711,0.07729242656313769,0.12,True,False
GBP,2021,validation,retrospective,rolling63,every5,5,24,-0.01573405471545954,0.4461061313682487,0.4369967153617441,0.01573405471545954,0.7548299968030651,0.9569277792792787,0.07729242656313769,6,0.1909661292369532,0.1907185687591642,0.0002475604777890745,0.8408037801776711,2.4,0.189846935037002,joint_es90,es90,True,16,0.1909661292369532,0.8408037801776711,0.07729242656313769,0.12,True,False
GBP,2021,validation,retrospective,rolling63,every5,10,24,-0.09302648127859497,0.45284871156436,0.4529693333652385,0.09302648127859497,0.8158122177426929,1.052812093963416,0.1545848531262754,6,0.2051812169693486,0.1965272907502718,0.008653926219076782,0.9261714190125075,2.4,0.1898469350370036,joint_es90,es90,True,16,0.1909661292369532,0.8408037801776711,0.07729242656313769,0.12,False,False
GBP,2021,outer,retrospective,rolling63,every5,0,12,0.08948278527407362,0.2125629642694998,0.2223171866752311,-0.08948278527407362,0.2705764870893352,0.3340462117747995,0,6,0.04942493149118957,0.0414177626307836,0.008007168860405967,0.3148129618701134,1.2,0.04942493149118957,joint_es90,es90,True,16,0.1909661292369532,0.8408037801776711,0.07729242656313769,0.12,True,True
GBP,2021,outer,retrospective,rolling63,every5,5,12,0.01726078308123189,0.2228873321784302,0.2140953072217925,-0.01726078308123189,0.3663461809967332,0.4230123759577132,0.07222200219284212,6,0.04583680057439373,0.04553886594181639,0.0002979346325773412,0.4058408017271132,1.2,0.04942493149118887,joint_es90,es90,True,16,0.1909661292369532,0.8408037801776711,0.07729242656313769,0.12,True,True
GBP,2021,outer,retrospective,rolling63,every5,10,12,-0.05496121911161161,0.234684308116967,0.231317385950298,0.05496121911161161,0.4621158749041313,0.5119785401406445,0.1444440043856842,6,0.05350773304287913,0.05048699743664455,0.003020735606234582,0.4968686415841254,1.2,0.04942493149118948,joint_es90,es90,True,16,0.1909661292369532,0.8408037801776711,0.07729242656313769,0.12,False,True
GBP,2022,validation,retrospective,ridge_term,band05,0,24,0.1336023630655907,0.3191227314560307,0.3397728715527029,-0.1336023630655907,0.3469786226925456,0.362910524331897,0,15.16666666666667,0.1154456042431695,0.09759601282645962,0.01784959141670991,0.3497220335828158,2.4,0.1154456042431695,forecast_first,mse,True,3,0.1062083986861716,0.4749890590855243,0.09281222285247316,0.12,True,False
GBP,2022,validation,retrospective,ridge_term,band05,5,24,0.04079014021311703,0.3302877214438806,0.3258963005101034,-0.04079014021311703,0.4707390905339962,0.4950180084106132,0.09281222285247316,15.16666666666667,0.1062083986861716,0.1045445631475658,0.001663835538605747,0.4749890590855243,2.4,0.1154456042431652,forecast_first,mse,True,3,0.1062083986861716,0.4749890590855243,0.09281222285247316,0.12,True,False
GBP,2022,validation,retrospective,ridge_term,band05,10,24,-0.05202208263935415,0.343091550123948,0.3398726967924712,0.05202208263935415,0.5896692537763695,0.6330342342568495,0.1856244457049463,15.16666666666667,0.1155134500249871,0.1128071529428513,0.002706297082135792,0.6032597969821445,2.4,0.1154456042431678,forecast_first,mse,True,3,0.1062083986861716,0.4749890590855243,0.09281222285247316,0.12,False,False
GBP,2022,outer,retrospective,ridge_term,band05,0,12,-0.0249982828184292,0.2504925740207555,0.2411276971097511,0.0249982828184292,0.4292245527709811,0.5399728653991716,0,15.33333333333333,0.05814256631345188,0.05751765216958171,0.0006249141438701724,0.5064127706633563,1.2,0.05814256631345188,forecast_first,mse,True,3,0.1062083986861716,0.4749890590855243,0.09281222285247316,0.12,True,True
GBP,2022,outer,retrospective,ridge_term,band05,5,12,-0.1201642047413182,0.2506131125009906,0.2683513690023363,0.1201642047413182,0.5346671360545833,0.6007039581025282,0.09516592192289326,15.33333333333333,0.07201245724542805,0.05757302114431462,0.01443943610111344,0.5806927999061813,1.2,0.05814256631345244,forecast_first,mse,True,3,0.1062083986861716,0.4749890590855243,0.09281222285247316,0.12,True,True
GBP,2022,outer,retrospective,ridge_term,band05,10,12,-0.2153301266642101,0.2532033009068846,0.3242473064501671,0.2153301266642101,0.6401097193381903,0.6614350508058608,0.1903318438457865,15.33333333333333,0.1051363157401886,0.05876925229096381,0.04636706344922477,0.6549728291489909,1.2,0.05814256631345271,forecast_first,mse,True,3,0.1062083986861716,0.4749890590855243,0.09281222285247316,0.12,False,True
GBP,2022,validation,retrospective,rolling63,band05,0,24,0.1217691482455498,0.3002851658740774,0.3181851250031988,-0.1217691482455498,0.32508179323739,0.3545319125763798,0,14.95833333333333,0.1012417737733013,0.08641404830885462,0.01482772546444669,0.3384785319010725,2.4,0.1012417737733013,joint_mse,mse,True,12,0.09438339036829518,0.4746429581432554,0.09555579454429737,0.12,True,False
GBP,2022,validation,retrospective,rolling63,band05,5,24,0.02621335370125603,0.3126819477933693,0.3072187988523736,-0.02621335370125603,0.4577839136185566,0.4972761338238149,0.09555579454429737,14.95833333333333,0.09438339036829518,0.09369625045602802,0.0006871399122671532,0.4746429581432554,2.4,0.1012417737733027,joint_mse,mse,True,12,0.09438339036829518,0.4746429581432554,0.09555579454429737,0.12,True,False
GBP,2022,validation,retrospective,rolling63,band05,10,24,-0.06934244084304449,0.3269285596984745,0.3274709586881742,0.06934244084304449,0.5904860339997274,0.6400203550712499,0.1911115890885947,14.95833333333333,0.1072372287841519,0.1024288546820807,0.004808374102071124,0.6108073843854429,2.4,0.1012417737733007,joint_mse,mse,True,12,0.09438339036829518,0.4746429581432554,0.09555579454429737,0.12,False,False
GBP,2022,outer,retrospective,rolling63,band05,0,12,-0.03294396749452466,0.2558928846227191,0.2472037810419543,0.03294396749452466,0.4315522625112906,0.5401465793035864,0,14.75,0.06110970936143847,0.06002440436715819,0.001085304994280297,0.5072392105786484,1.2,0.06110970936143847,joint_mse,mse,True,12,0.09438339036829518,0.4746429581432554,0.09555579454429737,0.12,True,True
GBP,2022,outer,retrospective,rolling63,band05,5,12,-0.1290511505439771,0.2597654601438873,0.2801947879901455,0.1290511505439771,0.5405913626576108,0.6046624035786152,0.09610718304945708,14.75,0.07850911921684259,0.06185491976011836,0.01665419945672424,0.5852469366328563,1.2,0.06110970936144114,joint_mse,mse,True,12,0.09438339036829518,0.4746429581432554,0.09555579454429737,0.12,True,True
GBP,2022,outer,retrospective,rolling63,band05,10,12,-0.2251583335934363,0.2660305331257735,0.3399571041991786,0.2251583335934363,0.6496304628039212,0.6691782278536573,0.1922143660989142,14.75,0.1155708326954912,0.064874557508918,0.05069627518657313,0.6632546626870706,1.2,0.06110970936144033,joint_mse,mse,True,12,0.09438339036829518,0.4746429581432554,0.09555579454429737,0.12,False,True
GBP,2022,validation,retrospective,ewma97,band10,0,24,0.1616732569230193,0.317870699979365,0.3506707140087563,-0.1616732569230193,0.2412066071553794,0.4599668350563443,0,11.41666666666667,0.1229699496634109,0.09683170765931433,0.02613824200409659,0.3464656717608984,2.4,0.1229699496634109,joint_es90,es90,True,12,0.1093954703484366,0.4546739676035992,0.08070335139998182,0.12,True,False
GBP,2022,validation,retrospective,ewma97,band10,5,24,0.080969905523039,0.3275829980426893,0.3307498606929964,-0.080969905523039,0.335368967114131,0.5786888817309546,0.08070335139998182,11.41666666666667,0.1093954703484366,0.1028393447480267,0.006556125600409861,0.4546739676035992,2.4,0.1229699496634087,joint_es90,es90,True,12,0.1093954703484366,0.4546739676035992,0.08070335139998182,0.12,True,False
GBP,2022,validation,retrospective,ewma97,band10,10,24,0.0002665541230572425,0.3385336789213544,0.3314059630196164,-0.0002665541230572425,0.4295313270728832,0.697410928405553,0.1614067027999636,11.41666666666667,0.1098299123249594,0.1098298412738589,7.105110051881559e-08,0.5628822634462948,2.4,0.12296994966341,joint_es90,es90,True,12,0.1093954703484366,0.4546739676035992,0.08070335139998182,0.12,False,False
GBP,2022,outer,retrospective,ewma97,band10,0,12,-0.009414539627062771,0.2960499048122393,0.2836025108917658,0.009414539627062771,0.4801168982104509,0.6019266965201755,0,11.25,0.08043038418411413,0.08034175062772463,8.863355638953522e-05,0.5650146364263197,1.2,0.08043038418411413,joint_es90,es90,True,12,0.1093954703484366,0.4546739676035992,0.08070335139998182,0.12,True,True
GBP,2022,outer,retrospective,ewma97,band10,5,12,-0.09024038053624246,0.2989251456028844,0.300088679221475,0.09024038053624246,0.574788408830689,0.6598455488810409,0.08082584090918023,11.25,0.09005321539688933,0.08190988911756347,0.008143326279325848,0.6340706579566918,1.2,0.08043038418411141,joint_es90,es90,True,12,0.1093954703484366,0.4546739676035992,0.08070335139998182,0.12,True,True
GBP,2022,outer,retrospective,ewma97,band10,10,12,-0.1710662214454207,0.30323885485652,0.3369786911508642,0.1710662214454207,0.6694599194509435,0.717764401241908,0.1616516818183605,11.25,0.1135546382897495,0.08429098617013582,0.02926365211961371,0.7031266794870703,1.2,0.08043038418411232,joint_es90,es90,True,12,0.1093954703484366,0.4546739676035992,0.08070335139998182,0.12,False,True
GBP,2023,validation,retrospective,ridge_term,band10,0,24,0.04588921910062719,0.2625104944376929,0.2610483801887573,-0.04588921910062719,0.2538624031860972,0.59834452275251,0,12.79166666666667,0.06814625679917395,0.06604043636950858,0.002105820429665367,0.4234625846034633,2.4,0.06814625679917395,forecast_first,mse,True,4,0.07212078517198246,0.5149434464404192,0.07539893945967956,0.12,True,False
GBP,2023,validation,retrospective,ridge_term,band10,5,24,-0.02950972035905323,0.272667904221737,0.2685531328657003,0.02950972035905323,0.3527566166872295,0.6824234137796907,0.07539893945967956,12.79166666666667,0.07212078517198246,0.07124996157631294,0.0008708235956695208,0.5149434464404192,2.4,0.06814625679917492,forecast_first,mse,True,4,0.07212078517198246,0.5149434464404192,0.07539893945967956,0.12,True,False
GBP,2023,validation,retrospective,ridge_term,band10,10,24,-0.1049086598187342,0.2842254902861363,0.2973616499225721,0.1049086598187342,0.4516508301883446,0.766502304806861,0.1507978789193591,12.79166666666667,0.08842395084467435,0.07741812393971144,0.01100582690496289,0.606424308277368,2.4,0.06814625679917682,forecast_first,mse,True,4,0.07212078517198246,0.5149434464404192,0.07539893945967956,0.12,False,False
GBP,2023,outer,retrospective,ridge_term,band10,0,12,0.1571882285376273,0.1755780189050404,0.2301451929830337,-0.1571882285376273,0.07598111739898444,0.1042079531762763,0,11.41666666666667,0.05296680985319782,0.02825867066240048,0.02470813919079735,0.09565436657709697,1.2,0.05296680985319782,forecast_first,mse,True,4,0.07212078517198246,0.5149434464404192,0.07539893945967956,0.12,True,True
GBP,2023,outer,retrospective,ridge_term,band10,5,12,0.07923617226252662,0.1765623433279911,0.1866943410662615,-0.07923617226252662,0.1458936598556297,0.1541564619575944,0.07795205627509981,11.41666666666667,0.03485477698616559,0.0285764059913488,0.006278370994816792,0.1516525825327566,1.2,0.05296680985319702,forecast_first,mse,True,4,0.07212078517198246,0.5149434464404192,0.07539893945967956,0.12,True,True
GBP,2023,outer,retrospective,ridge_term,band10,10,12,0.001284115987426985,0.1795874926213369,0.1719467286721472,-0.001284115987426985,0.2136787056625761,0.2253799372359211,0.1559041125501996,11.41666666666667,0.02956567750105303,0.02956402854718386,1.648953869165581e-06,0.2218341094864226,1.2,0.05296680985319751,forecast_first,mse,True,4,0.07212078517198246,0.5149434464404192,0.07539893945967956,0.12,False,True
GBP,2023,validation,retrospective,ridge_term,band10,0,24,0.04588921910062719,0.2625104944376929,0.2610483801887573,-0.04588921910062719,0.2538624031860972,0.59834452275251,0,12.79166666666667,0.06814625679917395,0.06604043636950858,0.002105820429665367,0.4234625846034633,2.4,0.06814625679917395,joint_mse,mse,True,16,0.07212078517198246,0.5149434464404192,0.07539893945967956,0.12,True,False
GBP,2023,validation,retrospective,ridge_term,band10,5,24,-0.02950972035905323,0.272667904221737,0.2685531328657003,0.02950972035905323,0.3527566166872295,0.6824234137796907,0.07539893945967956,12.79166666666667,0.07212078517198246,0.07124996157631294,0.0008708235956695208,0.5149434464404192,2.4,0.06814625679917492,joint_mse,mse,True,16,0.07212078517198246,0.5149434464404192,0.07539893945967956,0.12,True,False
GBP,2023,validation,retrospective,ridge_term,band10,10,24,-0.1049086598187342,0.2842254902861363,0.2973616499225721,0.1049086598187342,0.4516508301883446,0.766502304806861,0.1507978789193591,12.79166666666667,0.08842395084467435,0.07741812393971144,0.01100582690496289,0.606424308277368,2.4,0.06814625679917682,joint_mse,mse,True,16,0.07212078517198246,0.5149434464404192,0.07539893945967956,0.12,False,False
GBP,2023,outer,retrospective,ridge_term,band10,0,12,0.1571882285376273,0.1755780189050404,0.2301451929830337,-0.1571882285376273,0.07598111739898444,0.1042079531762763,0,11.41666666666667,0.05296680985319782,0.02825867066240048,0.02470813919079735,0.09565436657709697,1.2,0.05296680985319782,joint_mse,mse,True,16,0.07212078517198246,0.5149434464404192,0.07539893945967956,0.12,True,True
GBP,2023,outer,retrospective,ridge_term,band10,5,12,0.07923617226252662,0.1765623433279911,0.1866943410662615,-0.07923617226252662,0.1458936598556297,0.1541564619575944,0.07795205627509981,11.41666666666667,0.03485477698616559,0.0285764059913488,0.006278370994816792,0.1516525825327566,1.2,0.05296680985319702,joint_mse,mse,True,16,0.07212078517198246,0.5149434464404192,0.07539893945967956,0.12,True,True
GBP,2023,outer,retrospective,ridge_term,band10,10,12,0.001284115987426985,0.1795874926213369,0.1719467286721472,-0.001284115987426985,0.2136787056625761,0.2253799372359211,0.1559041125501996,11.41666666666667,0.02956567750105303,0.02956402854718386,1.648953869165581e-06,0.2218341094864226,1.2,0.05296680985319751,joint_mse,mse,True,16,0.07212078517198246,0.5149434464404192,0.07539893945967956,0.12,False,True
GBP,2023,validation,retrospective,ridge_term,band10,0,24,0.04588921910062719,0.2625104944376929,0.2610483801887573,-0.04588921910062719,0.2538624031860972,0.59834452275251,0,12.79166666666667,0.06814625679917395,0.06604043636950858,0.002105820429665367,0.4234625846034633,2.4,0.06814625679917395,joint_es90,es90,True,16,0.07212078517198246,0.5149434464404192,0.07539893945967956,0.12,True,False
GBP,2023,validation,retrospective,ridge_term,band10,5,24,-0.02950972035905323,0.272667904221737,0.2685531328657003,0.02950972035905323,0.3527566166872295,0.6824234137796907,0.07539893945967956,12.79166666666667,0.07212078517198246,0.07124996157631294,0.0008708235956695208,0.5149434464404192,2.4,0.06814625679917492,joint_es90,es90,True,16,0.07212078517198246,0.5149434464404192,0.07539893945967956,0.12,True,False
GBP,2023,validation,retrospective,ridge_term,band10,10,24,-0.1049086598187342,0.2842254902861363,0.2973616499225721,0.1049086598187342,0.4516508301883446,0.766502304806861,0.1507978789193591,12.79166666666667,0.08842395084467435,0.07741812393971144,0.01100582690496289,0.606424308277368,2.4,0.06814625679917682,joint_es90,es90,True,16,0.07212078517198246,0.5149434464404192,0.07539893945967956,0.12,False,False
GBP,2023,outer,retrospective,ridge_term,band10,0,12,0.1571882285376273,0.1755780189050404,0.2301451929830337,-0.1571882285376273,0.07598111739898444,0.1042079531762763,0,11.41666666666667,0.05296680985319782,0.02825867066240048,0.02470813919079735,0.09565436657709697,1.2,0.05296680985319782,joint_es90,es90,True,16,0.07212078517198246,0.5149434464404192,0.07539893945967956,0.12,True,True
GBP,2023,outer,retrospective,ridge_term,band10,5,12,0.07923617226252662,0.1765623433279911,0.1866943410662615,-0.07923617226252662,0.1458936598556297,0.1541564619575944,0.07795205627509981,11.41666666666667,0.03485477698616559,0.0285764059913488,0.006278370994816792,0.1516525825327566,1.2,0.05296680985319702,joint_es90,es90,True,16,0.07212078517198246,0.5149434464404192,0.07539893945967956,0.12,True,True
GBP,2023,outer,retrospective,ridge_term,band10,10,12,0.001284115987426985,0.1795874926213369,0.1719467286721472,-0.001284115987426985,0.2136787056625761,0.2253799372359211,0.1559041125501996,11.41666666666667,0.02956567750105303,0.02956402854718386,1.648953869165581e-06,0.2218341094864226,1.2,0.05296680985319751,joint_es90,es90,True,16,0.07212078517198246,0.5149434464404192,0.07539893945967956,0.12,False,True
GBP,2024,validation,retrospective,ridge_flat,daily,0,24,0.01724487562924754,0.2071884768301994,0.2035579105837424,-0.01724487562924754,0.3084599834597026,0.4634803869797568,0,22,0.04143582296121888,0.04113843722575066,0.0002973857354682157,0.3754917768875589,2.4,0.04143582296121888,forecast_first,mse,True,4,0.0532566352275008,0.5033140620405812,0.1198119870106788,0.12,True,False
GBP,2024,validation,retrospective,ridge_flat,daily,5,24,-0.1025671113814352,0.2111746597702498,0.2307739916617572,0.1025671113814352,0.4692637509927164,0.5567311246039913,0.1198119870106788,22,0.0532566352275008,0.04273662289036907,0.01052001233713174,0.5033140620405812,2.4,0.0414358229612192,forecast_first,mse,True,4,0.0532566352275008,0.5033140620405812,0.1198119870106788,0.12,True,False
GBP,2024,validation,retrospective,ridge_flat,daily,10,24,-0.2223790983921076,0.220020408023183,0.3095874715121117,0.2223790983921076,0.6300675185256983,0.649981862228219,0.2396239740213576,22,0.0958444025172626,0.04639193911557595,0.04945246340168666,0.6311363471935905,2.4,0.04143582296122148,forecast_first,mse,True,4,0.0532566352275008,0.5033140620405812,0.1198119870106788,0.12,False,False
GBP,2024,outer,retrospective,ridge_flat,daily,0,12,0.03844543114994636,0.1129839288605355,0.1148026074413713,-0.03844543114994636,0.1613915276672572,0.2261045420312371,0,22,0.0131796386753376,0.01170158749903233,0.001478051176305266,0.2064945376785159,1.2,0.0131796386753376,forecast_first,mse,True,4,0.0532566352275008,0.5033140620405812,0.1198119870106788,0.12,True,True
GBP,2024,outer,retrospective,ridge_flat,daily,5,12,-0.06327511942279833,0.1163415254619591,0.1281059928570235,0.06327511942279833,0.2493178324558627,0.339555900891952,0.1017205505727353,22,0.01641114540588377,0.01240740466791437,0.00400374073796939,0.3122110316688947,1.2,0.01317963867533592,forecast_first,mse,True,4,0.0532566352275008,0.5033140620405812,0.1198119870106788,0.12,True,True
GBP,2024,outer,retrospective,ridge_flat,daily,10,12,-0.1649956699955275,0.1273880702588351,0.2051803633989384,0.1649956699955275,0.3598701099972358,0.4530072597526953,0.2034411011454707,22,0.04209898152452041,0.0148754104072474,0.02722357111727301,0.4247838810389197,1.2,0.01317963867533863,forecast_first,mse,True,4,0.0532566352275008,0.5033140620405812,0.1198119870106788,0.12,False,True
GBP,2024,validation,retrospective,ridge_flat,daily,0,24,0.01724487562924754,0.2071884768301994,0.2035579105837424,-0.01724487562924754,0.3084599834597026,0.4634803869797568,0,22,0.04143582296121888,0.04113843722575066,0.0002973857354682157,0.3754917768875589,2.4,0.04143582296121888,joint_mse,mse,True,14,0.0532566352275008,0.5033140620405812,0.1198119870106788,0.12,True,False
GBP,2024,validation,retrospective,ridge_flat,daily,5,24,-0.1025671113814352,0.2111746597702498,0.2307739916617572,0.1025671113814352,0.4692637509927164,0.5567311246039913,0.1198119870106788,22,0.0532566352275008,0.04273662289036907,0.01052001233713174,0.5033140620405812,2.4,0.0414358229612192,joint_mse,mse,True,14,0.0532566352275008,0.5033140620405812,0.1198119870106788,0.12,True,False
GBP,2024,validation,retrospective,ridge_flat,daily,10,24,-0.2223790983921076,0.220020408023183,0.3095874715121117,0.2223790983921076,0.6300675185256983,0.649981862228219,0.2396239740213576,22,0.0958444025172626,0.04639193911557595,0.04945246340168666,0.6311363471935905,2.4,0.04143582296122148,joint_mse,mse,True,14,0.0532566352275008,0.5033140620405812,0.1198119870106788,0.12,False,False
GBP,2024,outer,retrospective,ridge_flat,daily,0,12,0.03844543114994636,0.1129839288605355,0.1148026074413713,-0.03844543114994636,0.1613915276672572,0.2261045420312371,0,22,0.0131796386753376,0.01170158749903233,0.001478051176305266,0.2064945376785159,1.2,0.0131796386753376,joint_mse,mse,True,14,0.0532566352275008,0.5033140620405812,0.1198119870106788,0.12,True,True
GBP,2024,outer,retrospective,ridge_flat,daily,5,12,-0.06327511942279833,0.1163415254619591,0.1281059928570235,0.06327511942279833,0.2493178324558627,0.339555900891952,0.1017205505727353,22,0.01641114540588377,0.01240740466791437,0.00400374073796939,0.3122110316688947,1.2,0.01317963867533592,joint_mse,mse,True,14,0.0532566352275008,0.5033140620405812,0.1198119870106788,0.12,True,True
GBP,2024,outer,retrospective,ridge_flat,daily,10,12,-0.1649956699955275,0.1273880702588351,0.2051803633989384,0.1649956699955275,0.3598701099972358,0.4530072597526953,0.2034411011454707,22,0.04209898152452041,0.0148754104072474,0.02722357111727301,0.4247838810389197,1.2,0.01317963867533863,joint_mse,mse,True,14,0.0532566352275008,0.5033140620405812,0.1198119870106788,0.12,False,True
GBP,2024,validation,retrospective,ridge_flat,daily,0,24,0.01724487562924754,0.2071884768301994,0.2035579105837424,-0.01724487562924754,0.3084599834597026,0.4634803869797568,0,22,0.04143582296121888,0.04113843722575066,0.0002973857354682157,0.3754917768875589,2.4,0.04143582296121888,joint_es90,es90,True,14,0.0532566352275008,0.5033140620405812,0.1198119870106788,0.12,True,False
GBP,2024,validation,retrospective,ridge_flat,daily,5,24,-0.1025671113814352,0.2111746597702498,0.2307739916617572,0.1025671113814352,0.4692637509927164,0.5567311246039913,0.1198119870106788,22,0.0532566352275008,0.04273662289036907,0.01052001233713174,0.5033140620405812,2.4,0.0414358229612192,joint_es90,es90,True,14,0.0532566352275008,0.5033140620405812,0.1198119870106788,0.12,True,False
GBP,2024,validation,retrospective,ridge_flat,daily,10,24,-0.2223790983921076,0.220020408023183,0.3095874715121117,0.2223790983921076,0.6300675185256983,0.649981862228219,0.2396239740213576,22,0.0958444025172626,0.04639193911557595,0.04945246340168666,0.6311363471935905,2.4,0.04143582296122148,joint_es90,es90,True,14,0.0532566352275008,0.5033140620405812,0.1198119870106788,0.12,False,False
GBP,2024,outer,retrospective,ridge_flat,daily,0,12,0.03844543114994636,0.1129839288605355,0.1148026074413713,-0.03844543114994636,0.1613915276672572,0.2261045420312371,0,22,0.0131796386753376,0.01170158749903233,0.001478051176305266,0.2064945376785159,1.2,0.0131796386753376,joint_es90,es90,True,14,0.0532566352275008,0.5033140620405812,0.1198119870106788,0.12,True,True
GBP,2024,outer,retrospective,ridge_flat,daily,5,12,-0.06327511942279833,0.1163415254619591,0.1281059928570235,0.06327511942279833,0.2493178324558627,0.339555900891952,0.1017205505727353,22,0.01641114540588377,0.01240740466791437,0.00400374073796939,0.3122110316688947,1.2,0.01317963867533592,joint_es90,es90,True,14,0.0532566352275008,0.5033140620405812,0.1198119870106788,0.12,True,True
GBP,2024,outer,retrospective,ridge_flat,daily,10,12,-0.1649956699955275,0.1273880702588351,0.2051803633989384,0.1649956699955275,0.3598701099972358,0.4530072597526953,0.2034411011454707,22,0.04209898152452041,0.0148754104072474,0.02722357111727301,0.4247838810389197,1.2,0.01317963867533863,joint_es90,es90,True,14,0.0532566352275008,0.5033140620405812,0.1198119870106788,0.12,False,True
GBP,2025,validation,retrospective,ewma97,band05,0,24,0.05034366722325704,0.1699540187144238,0.1738255963701918,-0.05034366722325704,0.2425860044870223,0.2659839282563757,0,14.83333333333333,0.03021533795345283,0.02768085312396678,0.002534484829486045,0.2522604090894782,2.4,0.03021533795345283,forecast_first,mse,True,3,0.03171729208335611,0.3595275387175393,0.09208388459941515,0.12,True,False
GBP,2025,validation,retrospective,ewma97,band05,5,24,-0.041740217376155,0.1768567477393889,0.1780934925351179,0.041740217376155,0.3394647544923282,0.3839632901463486,0.09208388459941515,14.83333333333333,0.03171729208335611,0.02997504633674743,0.001742245746608672,0.3595275387175393,2.4,0.03021533795345333,forecast_first,mse,True,3,0.03171729208335611,0.3595275387175393,0.09208388459941515,0.12,True,False
GBP,2025,validation,retrospective,ewma97,band05,10,24,-0.1338241019755761,0.1877399946125162,0.2273468710604221,0.1338241019755761,0.4363435044976483,0.5019426520363357,0.1841677691988303,14.83333333333333,0.0516865997809642,0.03377770951139479,0.01790889026956941,0.4667946683456146,2.4,0.03021533795345355,forecast_first,mse,True,3,0.03171729208335611,0.3595275387175393,0.09208388459941515,0.12,False,False
GBP,2025,outer,retrospective,ewma97,band05,0,12,0.05085874725111047,0.1603900788826169,0.1617647719960273,-0.05085874725111047,0.232424649713701,0.325199707258065,0,14.5,0.02616784145892672,0.02358122928697438,0.002586612171952337,0.2970860534567427,1.2,0.02616784145892672,forecast_first,mse,True,3,0.03171729208335611,0.3595275387175393,0.09208388459941515,0.12,True,True
GBP,2025,outer,retrospective,ewma97,band05,5,12,-0.03906853037606221,0.165013640489406,0.1627474315752734,0.03906853037606221,0.3297204432631345,0.4241549222252842,0.08992727762717222,14.5,0.02648672648434831,0.02496037641860302,0.001526350065745295,0.3955384134488753,1.2,0.02616784145892725,forecast_first,mse,True,3,0.03171729208335611,0.3595275387175393,0.09208388459941515,0.12,True,True
GBP,2025,outer,retrospective,ewma97,band05,10,12,-0.1289958080032313,0.1714850373006973,0.2087976133298932,0.1289958080032313,0.427016236812551,0.5231101371925178,0.1798545552543444,14.5,0.0435964433322596,0.02695652484985307,0.01663991848240652,0.4939907734410127,1.2,0.02616784145892716,forecast_first,mse,True,3,0.03171729208335611,0.3595275387175393,0.09208388459941515,0.12,False,True
GBP,2025,validation,retrospective,ridge_flat,band05,0,24,0.0651041618783998,0.1600329676323877,0.1696525754084894,-0.0651041618783998,0.2035273654454698,0.2519880327521881,0,14.83333333333333,0.0287819963427332,0.02454344444884431,0.004238551893888887,0.2257058843045228,2.4,0.0287819963427332,joint_mse,mse,True,14,0.02615917020800525,0.3277280218442214,0.08874338914791306,0.12,True,False
GBP,2025,validation,retrospective,ridge_flat,band05,5,24,-0.02363922726951384,0.163442393975015,0.1617379677379596,0.02363922726951384,0.3134317753278235,0.3501562541503305,0.08874338914791306,14.83333333333333,0.02615917020800525,0.02560035714210553,0.0005588130658997268,0.3277280218442214,2.4,0.02878199634273324,joint_mse,mse,True,14,0.02615917020800525,0.3277280218442214,0.08874338914791306,0.12,True,False
GBP,2025,validation,retrospective,ridge_flat,band05,10,24,-0.1123826164174257,0.1706859275180611,0.201369398738565,0.1123826164174257,0.4233361852101892,0.4483244755484991,0.1774867782958261,14.83333333333333,0.0405496347483312,0.02791978227550496,0.01262985247282624,0.4297501593839377,2.4,0.02878199634273358,joint_mse,mse,True,14,0.02615917020800525,0.3277280218442214,0.08874338914791306,0.12,False,False
GBP,2025,outer,retrospective,ridge_flat,band05,0,12,0.0549436682305943,0.1790012107164815,0.1799725553061799,-0.0549436682305943,0.2687181990220813,0.3857095936216837,0,14.75,0.03239012066343597,0.02937131398480235,0.003018806678633617,0.3502576558642285,1.2,0.03239012066343597,joint_mse,mse,True,14,0.02615917020800525,0.3277280218442214,0.08874338914791306,0.12,True,True
GBP,2025,outer,retrospective,ridge_flat,band05,5,12,-0.03269651595193798,0.1843515357498956,0.1795060634842964,0.03269651595193798,0.3655461723363642,0.48363415543092,0.08764018418252262,14.75,0.03222242682762826,0.03115336467223294,0.001069062155395335,0.4478499181295396,1.2,0.0323901206634347,joint_mse,mse,True,14,0.02615917020800525,0.3277280218442214,0.08874338914791306,0.12,True,True
GBP,2025,outer,retrospective,ridge_flat,band05,10,12,-0.120336700134456,0.1912219800374453,0.2190881403558189,0.120336700134456,0.4623741456506194,0.581558717240199,0.1752803683650452,14.75,0.04799961324457102,0.03351869184532105,0.01448092139924997,0.545442180394872,1.2,0.03239012066343704,joint_mse,mse,True,14,0.02615917020800525,0.3277280218442214,0.08874338914791306,0.12,False,True
GBP,2025,validation,retrospective,ridge_term,band10,0,24,0.1004404242310362,0.1740632556396904,0.1977975692724847,-0.1004404242310362,0.1653059573423185,0.244183709005668,0,10.79166666666667,0.03912387841010337,0.02903559959039285,0.01008827881971052,0.1981558327247142,2.4,0.03912387841010337,joint_es90,es90,True,14,0.02998251103348785,0.2843326683710862,0.07441340350763524,0.12,True,False
GBP,2025,validation,retrospective,ridge_term,band10,5,24,0.02602702072339695,0.1748692089407595,0.173154587099181,-0.02602702072339695,0.2550928424110054,0.3353430861936672,0.07441340350763524,10.79166666666667,0.02998251103348785,0.02930510522575171,0.0006774058077361342,0.2843326683710862,2.4,0.03912387841010287,joint_es90,es90,True,14,0.02998251103348785,0.2843326683710862,0.07441340350763524,0.12,True,False
GBP,2025,validation,retrospective,ridge_term,band10,10,24,-0.04838638278423649,0.1779597457451921,0.1808074763809068,0.04838638278423649,0.3480709724542134,0.4265024633816369,0.1488268070152705,10.79166666666667,0.03269134351523218,0.03035010147628953,0.002341242038942658,0.374055331766933,2.4,0.03912387841010292,joint_es90,es90,True,14,0.02998251103348785,0.2843326683710862,0.07441340350763524,0.12,False,False
GBP,2025,outer,retrospective,ridge_term,band10,0,12,0.05968927411311794,0.2059102608073911,0.205982018611103,-0.05968927411311794,0.3305673264100731,0.4344520173489173,0,11.08333333333333,0.04242859199110476,0.03886578254695383,0.003562809444150931,0.40297180797351,1.2,0.04242859199110476,joint_es90,es90,True,14,0.02998251103348785,0.2843326683710862,0.07441340350763524,0.12,True,True
GBP,2025,outer,retrospective,ridge_term,band10,5,12,-0.01608796060107369,0.212918020924437,0.2044873243206429,0.01608796060107369,0.4215963672363791,0.5256408671013588,0.07577723471418803,11.08333333333333,0.04181506580781578,0.04155624333151407,0.0002588224763016992,0.4941122307786378,1.2,0.04242859199110524,joint_es90,es90,True,14,0.02998251103348785,0.2843326683710862,0.07441340350763524,0.12,True,True
GBP,2025,outer,retrospective,ridge_term,band10,10,12,-0.0918651953152619,0.2210856141538927,0.2307484030222055,0.0918651953152619,0.5126254080626551,0.6168297168537862,0.1515544694283761,11.08333333333333,0.05324482549729815,0.04480561138698694,0.008439214110311215,0.5852526535837466,1.2,0.04242859199110181,joint_es90,es90,True,14,0.02998251103348785,0.2843326683710862,0.07441340350763524,0.12,False,True
GBP,2026,validation,additional_2026,ewma97,band05,0,24,0.02562273362200618,0.1284572852930634,0.128336454422578,-0.02562273362200618,0.2385383689034212,0.2945609259495375,0,14.75,0.01647024553375844,0.01581372105549416,0.0006565244782642858,0.2573577748033281,2.4,0.01647024553375844,forecast_first,mse,True,4,0.02068306050684834,0.3564990911375704,0.08254355537860232,0.12,True,False
GBP,2026,validation,additional_2026,ewma97,band05,5,24,-0.05692082175659555,0.1349128435852043,0.1438160648427301,0.05692082175659555,0.3337020290807251,0.3950526622463262,0.08254355537860232,14.75,0.02068306050684834,0.01744308055740221,0.003239979949446122,0.3564990911375704,2.4,0.01647024553375924,forecast_first,mse,True,4,0.02068306050684834,0.3564990911375704,0.08254355537860232,0.12,True,False
GBP,2026,validation,additional_2026,ewma97,band05,10,24,-0.1394643771351983,0.1449663044999994,0.1989721271185471,0.1394643771351983,0.4288656892580269,0.495544398543115,0.1650871107572046,14.75,0.03958990737007927,0.02013959488037044,0.01945031248970882,0.4556404074718105,2.4,0.0164702455337599,forecast_first,mse,True,4,0.02068306050684834,0.3564990911375704,0.08254355537860232,0.12,False,False
GBP,2026,outer,additional_2026,ewma97,band05,0,9,0.07738335854097261,0.0770252794019339,0.1061219460742606,-0.07738335854097261,0.036506740225283,0.03834608519711935,0,15.22222222222222,0.01126186743858826,0.005273683259507542,0.005988184179080719,0.03834608519711935,0.9,0.01126186743858826,forecast_first,mse,True,4,0.02068306050684834,0.3564990911375704,0.08254355537860232,0.12,True,True
GBP,2026,outer,additional_2026,ewma97,band05,5,9,-0.01434166987026961,0.08631920916002077,0.08263655258762211,0.01434166987026961,0.1364828458336806,0.147795069927156,0.09172502841124613,15.22222222222222,0.006828799823566833,0.006623116328899034,0.0002056834946677992,0.147795069927156,0.9,0.01126186743858905,forecast_first,mse,True,4,0.02068306050684834,0.3564990911375704,0.08254355537860232,0.12,True,True
GBP,2026,outer,additional_2026,ewma97,band05,10,9,-0.1060666982815206,0.1017509325281731,0.1430141090638382,0.1060666982815206,0.2367210838920016,0.2572440546572068,0.1834500568224923,15.22222222222222,0.02045303539132342,0.009202890906980291,0.01125014448434313,0.2572440546572068,0.9,0.01126186743858778,forecast_first,mse,True,4,0.02068306050684834,0.3564990911375704,0.08254355537860232,0.12,False,True
GBP,2026,validation,additional_2026,rolling63,band05,0,24,0.02414037473276809,0.1214228774486502,0.121292867589781,-0.02414037473276809,0.237961123217102,0.2696696383392118,0,14.875,0.01471195972815215,0.01412920203591368,0.000582757692238468,0.2440751889401523,2.4,0.01471195972815215,joint_mse,mse,True,16,0.01925036768043433,0.3436955614613643,0.08283168656195873,0.12,True,False
GBP,2026,validation,additional_2026,rolling63,band05,5,24,-0.05869131182919252,0.1284246932623005,0.1387456942770994,0.05869131182919252,0.3338833115490642,0.3706896556920801,0.08283168656195873,14.875,0.01925036768043433,0.01580569759620281,0.003444670084231513,0.3436955614613643,2.4,0.01471195972815201,joint_mse,mse,True,16,0.01925036768043433,0.3436955614613643,0.08283168656195873,0.12,True,False
GBP,2026,validation,additional_2026,rolling63,band05,10,24,-0.1415229983911495,0.1392174947154286,0.196475715947315,0.1415229983911495,0.4298054998809538,0.4717096730449578,0.1656633731239175,14.875,0.03860270695701001,0.01857394788338872,0.0200287590736213,0.4433159339825525,2.4,0.01471195972815112,joint_mse,mse,True,16,0.01925036768043433,0.3436955614613643,0.08283168656195873,0.12,False,False
GBP,2026,outer,additional_2026,rolling63,band05,0,9,0.07831743195287268,0.07564103291429497,0.1059219357262525,-0.07831743195287268,0.03125438135096593,0.03728225185049894,0,14.77777777777778,0.01121945646799636,0.005085836320303515,0.006133620147692842,0.03728225185049894,0.9,0.01121945646799636,joint_mse,mse,True,16,0.01925036768043433,0.3436955614613643,0.08283168656195873,0.12,True,True
GBP,2026,outer,additional_2026,rolling63,band05,5,9,-0.01336036255453078,0.08623225355690219,0.08239100949895466,0.01336036255453078,0.1306555894826388,0.1475456601297509,0.09167779450740828,14.77777777777778,0.006788278446256835,0.006609779158668328,0.0001784992875885083,0.1475456601297509,0.9,0.01121945646799683,joint_mse,mse,True,16,0.01925036768043433,0.3436955614613643,0.08283168656195873,0.12,True,True
GBP,2026,outer,additional_2026,rolling63,band05,10,9,-0.1050381570619499,0.1030935216538341,0.143109640799033,0.1050381570619499,0.2361323929683635,0.2578090684090171,0.1833555890148166,14.77777777777778,0.02048036928962825,0.009447354850657379,0.01103301443897086,0.2578090684090171,0.9,0.01121945646799572,joint_mse,mse,True,16,0.01925036768043433,0.3436955614613643,0.08283168656195873,0.12,False,True
GBP,2026,validation,additional_2026,rolling63,band10,0,24,0.02621306229841114,0.1341750116041536,0.1339400467930006,-0.02621306229841114,0.2332592466157313,0.2902068366656915,0,12.16666666666667,0.01793993613491119,0.0172528114998508,0.0006871246350603834,0.2505695960943477,2.4,0.01793993613491119,joint_es90,es90,True,16,0.02125888080635953,0.3412816691708756,0.07333833053035642,0.12,True,False
GBP,2026,validation,additional_2026,rolling63,band10,5,24,-0.04712526823195037,0.1409462058360396,0.1458042551037504,0.04712526823195037,0.3225462958861653,0.3820049529976567,0.07333833053035642,12.16666666666667,0.02125888080635953,0.01903808990042627,0.002220790905933271,0.3412816691708756,2.4,0.01793993613491116,joint_es90,es90,True,16,0.02125888080635953,0.3412816691708756,0.07333833053035642,0.12,True,False
GBP,2026,validation,additional_2026,rolling63,band10,10,24,-0.1204635987623017,0.1501317584852112,0.1900312496096778,0.1204635987623017,0.4118333451565652,0.4738030693296266,0.1466766610607128,12.16666666666667,0.03611187582821566,0.02160039720145086,0.01451147862676481,0.431993742247394,2.4,0.01793993613491091,joint_es90,es90,True,16,0.02125888080635953,0.3412816691708756,0.07333833053035642,0.12,False,False
GBP,2026,outer,additional_2026,rolling63,band10,0,9,0.08785964332261642,0.07428862064972774,0.1123606522603342,-0.08785964332261642,0.006563299694687428,0.008669303474633239,0,11.55555555555556,0.01262491617636774,0.004905599251590361,0.007719316924777377,0.008669303474633239,0.9,0.01262491617636774,joint_es90,es90,True,16,0.02125888080635953,0.3412816691708756,0.07333833053035642,0.12,True,True
GBP,2026,outer,additional_2026,rolling63,band10,5,9,0.008032876540065657,0.08162898197597129,0.07737862864371603,-0.008032876540065657,0.09542156964879991,0.1080238392051314,0.07982676678255911,11.55555555555556,0.005987452170782111,0.005922925065274174,6.45271055079372e-05,0.1080238392051314,0.9,0.01262491617636918,joint_es90,es90,True,16,0.02125888080635953,0.3412816691708756,0.07333833053035642,0.12,True,True
GBP,2026,outer,additional_2026,rolling63,band10,10,9,-0.07179389024250524,0.09349153397612335,0.1136830875172268,0.07179389024250524,0.1842798396029387,0.2073783749356579,0.1596535335651182,11.55555555555556,0.01292384438744944,0.007769481711296556,0.005154362676152889,0.2073783749356579,0.9,0.01262491617636709,joint_es90,es90,True,16,0.02125888080635953,0.3412816691708756,0.07333833053035642,0.12,False,True
CHF,2015,validation,retrospective,ewma97,band05,0,24,0.05372958482277505,0.1577333494759097,0.1634931775072389,-0.05372958482277505,0.1703234660436813,0.2469237373362294,0,14.83333333333333,0.02673001909141353,0.02384315080618575,0.002886868285227779,0.2052909215252341,2.4,0.02673001909141353,forecast_first,mse,True,4,0.02695724043282756,0.298950418527027,0.08490363265742673,0.12,True,False
CHF,2015,validation,retrospective,ewma97,band05,5,24,-0.03117404783465301,0.1646669973252115,0.1641866024766563,0.03117404783465301,0.2645802874603933,0.3432174947841157,0.08490363265742673,14.83333333333333,0.02695724043282756,0.02598541917443032,0.0009718212583972343,0.298950418527027,2.4,0.02673001909141332,forecast_first,mse,True,4,0.02695724043282756,0.298950418527027,0.08490363265742673,0.12,True,False
CHF,2015,validation,retrospective,ewma97,band05,10,24,-0.1160776804920788,0.1749484765896212,0.2068954010490345,0.1160776804920788,0.3641564953756485,0.4395112522319924,0.1698072653148535,14.83333333333333,0.04280570697524083,0.0293316790668197,0.01347402790842114,0.3985203449716757,2.4,0.02673001909141343,forecast_first,mse,True,4,0.02695724043282756,0.298950418527027,0.08490363265742673,0.12,False,False
CHF,2015,outer,retrospective,ewma97,band05,0,12,0.3098364184672671,2.254209141521284,2.180367527608645,-0.3098364184672671,2.670695439483016,5.713360155154377,0,13.58333333333333,4.754002555450236,4.658003949241613,0.09599860620862342,4.791340544344877,1.2,4.754002555450236,forecast_first,mse,True,4,0.02695724043282756,0.298950418527027,0.08490363265742673,0.12,True,True
CHF,2015,outer,retrospective,ewma97,band05,5,12,0.2292583531222693,2.250304662587848,2.166665920426027,-0.2292583531222693,2.745023368031389,5.760502944066664,0.08057806534499719,13.58333333333333,4.69444121073556,4.641881818259225,0.05255939247633513,4.846721254359006,1.2,4.754002555450218,forecast_first,mse,True,4,0.02695724043282756,0.298950418527027,0.08490363265742673,0.12,True,True
CHF,2015,outer,retrospective,ewma97,band05,10,12,0.1486802877772718,2.246598273591036,2.15608657385719,-0.1486802877772718,2.819351296579781,5.807645732978979,0.1611561306899944,13.58333333333333,4.648709313967237,4.626603485993704,0.02210582797353236,4.902101964373164,1.2,4.754002555450232,forecast_first,mse,True,4,0.02695724043282756,0.298950418527027,0.08490363265742673,0.12,False,True
CHF,2015,validation,retrospective,ewma97,band05,0,24,0.05372958482277505,0.1577333494759097,0.1634931775072389,-0.05372958482277505,0.1703234660436813,0.2469237373362294,0,14.83333333333333,0.02673001909141353,0.02384315080618575,0.002886868285227779,0.2052909215252341,2.4,0.02673001909141353,joint_mse,mse,True,16,0.02695724043282756,0.298950418527027,0.08490363265742673,0.12,True,False
CHF,2015,validation,retrospective,ewma97,band05,5,24,-0.03117404783465301,0.1646669973252115,0.1641866024766563,0.03117404783465301,0.2645802874603933,0.3432174947841157,0.08490363265742673,14.83333333333333,0.02695724043282756,0.02598541917443032,0.0009718212583972343,0.298950418527027,2.4,0.02673001909141332,joint_mse,mse,True,16,0.02695724043282756,0.298950418527027,0.08490363265742673,0.12,True,False
CHF,2015,validation,retrospective,ewma97,band05,10,24,-0.1160776804920788,0.1749484765896212,0.2068954010490345,0.1160776804920788,0.3641564953756485,0.4395112522319924,0.1698072653148535,14.83333333333333,0.04280570697524083,0.0293316790668197,0.01347402790842114,0.3985203449716757,2.4,0.02673001909141343,joint_mse,mse,True,16,0.02695724043282756,0.298950418527027,0.08490363265742673,0.12,False,False
CHF,2015,outer,retrospective,ewma97,band05,0,12,0.3098364184672671,2.254209141521284,2.180367527608645,-0.3098364184672671,2.670695439483016,5.713360155154377,0,13.58333333333333,4.754002555450236,4.658003949241613,0.09599860620862342,4.791340544344877,1.2,4.754002555450236,joint_mse,mse,True,16,0.02695724043282756,0.298950418527027,0.08490363265742673,0.12,True,True
CHF,2015,outer,retrospective,ewma97,band05,5,12,0.2292583531222693,2.250304662587848,2.166665920426027,-0.2292583531222693,2.745023368031389,5.760502944066664,0.08057806534499719,13.58333333333333,4.69444121073556,4.641881818259225,0.05255939247633513,4.846721254359006,1.2,4.754002555450218,joint_mse,mse,True,16,0.02695724043282756,0.298950418527027,0.08490363265742673,0.12,True,True
CHF,2015,outer,retrospective,ewma97,band05,10,12,0.1486802877772718,2.246598273591036,2.15608657385719,-0.1486802877772718,2.819351296579781,5.807645732978979,0.1611561306899944,13.58333333333333,4.648709313967237,4.626603485993704,0.02210582797353236,4.902101964373164,1.2,4.754002555450232,joint_mse,mse,True,16,0.02695724043282756,0.298950418527027,0.08490363265742673,0.12,False,True
CHF,2015,validation,retrospective,rolling63,band05,0,24,0.05755746037944087,0.1588114669662748,0.1657801703068814,-0.05755746037944087,0.1721422458980532,0.2069151136680224,0,14.66666666666667,0.02748306486697859,0.02417020362164768,0.003312861245330906,0.18780228440834,2.4,0.02748306486697859,joint_es90,es90,True,16,0.02765213127532571,0.281943578466788,0.08525500985009569,0.12,True,False
CHF,2015,validation,retrospective,rolling63,band05,5,24,-0.02769754947065528,0.1674929523095526,0.1662892999423767,0.02769754947065528,0.2665629366354005,0.3030911379244093,0.08525500985009569,14.66666666666667,0.02765213127532571,0.02688497702864631,0.0007671542466793966,0.281943578466788,2.4,0.02748306486697904,joint_es90,es90,True,16,0.02765213127532571,0.281943578466788,0.08525500985009569,0.12,True,False
CHF,2015,validation,retrospective,rolling63,band05,10,24,-0.1129525593207534,0.1793442090360919,0.2087640891463548,0.1129525593207534,0.3634742046624981,0.3992671621808507,0.1705100197001914,14.66666666666667,0.04358244491710717,0.03082416425999887,0.01275828065710831,0.3788521806249596,2.4,0.0274830648669801,joint_es90,es90,True,16,0.02765213127532571,0.281943578466788,0.08525500985009569,0.12,False,False
CHF,2015,outer,retrospective,rolling63,band05,0,12,0.2717191324022505,2.149683991361318,2.076024432515739,-0.2717191324022505,2.555983047009953,5.436216845772301,0,14.58333333333333,4.309877444402297,4.236046157488866,0.07383128691343176,4.563418724935228,1.2,4.309877444402297,joint_es90,es90,True,16,0.02765213127532571,0.281943578466788,0.08525500985009569,0.12,True,True
CHF,2015,outer,retrospective,rolling63,band05,5,12,0.1797833900633843,2.143807464346657,2.060398013616647,-0.1797833900633843,2.652601591418269,5.483498737349397,0.09193574233887053,14.58333333333333,4.245239974515423,4.212917907172741,0.03232206734268298,4.625651117370269,1.2,4.309877444402284,joint_es90,es90,True,16,0.02765213127532571,0.281943578466788,0.08525500985009569,0.12,True,True
CHF,2015,outer,retrospective,rolling63,band05,10,12,0.08784764772451292,2.138324146975839,2.049173374873151,-0.08784764772451292,2.74922013582662,5.530780628926518,0.1838714846777411,14.58333333333333,4.19911152028902,4.191394311078289,0.007717209210730121,4.68788350980534,1.2,4.309877444402288,joint_es90,es90,True,16,0.02765213127532571,0.281943578466788,0.08525500985009569,0.12,False,True
CHF,2016,validation,retrospective,ridge_term,every5,0,24,0.1745454589445512,1.266042012668959,1.25161598051116,-0.1745454589445512,0.2258711086464209,3.684263090924302,0,5.958333333333333,1.566542562670912,1.536076445432748,0.03046611723816401,1.944812625373998,2.4,1.566542562670912,forecast_first,mse,True,4,1.541052321986772,2.027669810988409,0.08112962719693882,0.12,True,False
CHF,2016,validation,retrospective,ridge_term,every5,5,24,0.09341583174760826,1.264495419297773,1.241391284803777,-0.09341583174760826,0.3295811602216945,3.753208678236201,0.08112962719693882,5.958333333333333,1.541052321986772,1.532325804365674,0.008726517621097454,2.027669810988409,2.4,1.566542562670916,forecast_first,mse,True,4,1.541052321986772,2.027669810988409,0.08112962719693882,0.12,True,False
CHF,2016,validation,retrospective,ridge_term,every5,10,24,0.01228620455067218,1.263407045123965,1.236867045841331,-0.01228620455067218,0.4363296773396659,3.8221542655481,0.1622592543938776,5.958333333333333,1.52984008908826,1.529689138265999,0.0001509508222609577,2.113903069428021,2.4,1.566542562670913,forecast_first,mse,True,4,1.541052321986772,2.027669810988409,0.08112962719693882,0.12,False,False
CHF,2016,outer,retrospective,ridge_term,every5,0,12,0.003307018005205423,0.3166290475376025,0.3031672706069626,-0.003307018005205423,0.5179677974049156,0.6349131965885526,0,6,0.09191039396727528,0.09189945759918856,1.093636808675286e-05,0.5994751968359354,1.2,0.09191039396727528,forecast_first,mse,True,4,1.541052321986772,2.027669810988409,0.08112962719693882,0.12,True,True
CHF,2016,outer,retrospective,ridge_term,every5,5,12,-0.05808983833180795,0.3155886051750164,0.3076863929241946,0.05808983833180795,0.5772350587885744,0.686212056973428,0.06139685633701424,6,0.09467091639070191,0.09129648707328634,0.003374429317415585,0.6531887241901391,1.2,0.09191039396727511,forecast_first,mse,True,4,1.541052321986772,2.027669810988409,0.08112962719693882,0.12,True,True
CHF,2016,outer,retrospective,ridge_term,every5,10,12,-0.1194866946688249,0.3146706857933186,0.3241037498379934,0.1194866946688249,0.6365023201722377,0.7375109173582963,0.1227937126740285,6,0.1050432406590486,0.09076617045616764,0.01427707020288099,0.7069022515443392,1.2,0.09191039396727359,forecast_first,mse,True,4,1.541052321986772,2.027669810988409,0.08112962719693882,0.12,False,True
CHF,2016,validation,retrospective,ridge_flat,every5,0,24,0.3104220248951822,0.9171181500407805,0.9499586642552696,-0.3104220248951822,0.2088046042007916,1.227200449914913,0,5.958333333333333,0.9024214637936562,0.8060596302536309,0.0963618335400251,0.7112587981729025,2.4,0.9024214637936562,joint_mse,mse,True,16,0.859676382984766,0.7944347215584399,0.08170362403114743,0.12,True,False
CHF,2016,validation,retrospective,ridge_flat,every5,5,24,0.2287184008640321,0.9178600496282735,0.9271873505310381,-0.2287184008640321,0.3084196467383662,1.299817340449907,0.08170362403114743,5.958333333333333,0.859676382984766,0.8073642760909659,0.05231210689380006,0.7944347215584399,2.4,0.9024214637936537,joint_mse,mse,True,16,0.859676382984766,0.7944347215584399,0.08170362403114743,0.12,True,False
CHF,2016,validation,retrospective,ridge_flat,every5,10,24,0.1470147768328827,0.9191788951102521,0.9117562406911848,-0.1470147768328827,0.4080346892759067,1.3724342309849,0.1634072480622949,5.958333333333333,0.8312994424393217,0.8096860978320994,0.02161334460722232,0.8776106449439645,2.4,0.9024214637936551,joint_mse,mse,True,16,0.859676382984766,0.7944347215584399,0.08170362403114743,0.12,False,False
CHF,2016,outer,retrospective,ridge_flat,every5,0,12,-0.003401837219733454,0.3929851235032543,0.3762699884171364,0.003401837219733454,0.6616981855148868,0.8430900822263788,0,6,0.1415791041834319,0.1415675316869624,1.157249646956383e-05,0.788122840798654,1.2,0.1415791041834319,joint_mse,mse,True,16,0.859676382984766,0.7944347215584399,0.08170362403114743,0.12,True,True
CHF,2016,outer,retrospective,ridge_flat,every5,5,12,-0.06153732644673582,0.3922429619728403,0.3805524562991768,0.06153732644673582,0.715285466939918,0.898339049077407,0.05813548922700077,6,0.1448201719953369,0.1410333294491248,0.003786842546212131,0.8428682666115014,1.2,0.1415791041834336,joint_mse,mse,True,16,0.859676382984766,0.7944347215584399,0.08170362403114743,0.12,True,True
CHF,2016,outer,retrospective,ridge_flat,every5,10,12,-0.1196728156737337,0.3915623533761614,0.3935300535041352,0.1196728156737337,0.7688727483649407,0.9535880159284248,0.1162709784540015,6,0.1548659030109675,0.1405443201996881,0.01432158281127945,0.8976136924243386,1.2,0.1415791041834313,joint_mse,mse,True,16,0.859676382984766,0.7944347215584399,0.08170362403114743,0.12,True,True
CHF,2016,validation,retrospective,ridge_flat,daily,0,24,0.3397875225353826,0.9576212353817605,0.9971379324459422,-0.3397875225353826,0.08282587708060837,1.000772126368363,0,22,0.9942840563225684,0.8788284958518354,0.1154555604707332,0.5355108516032793,2.4,0.9942840563225684,joint_es90,es90,True,16,0.9378383577350377,0.6385191535861349,0.1126588432043393,0.12,True,False
CHF,2016,validation,retrospective,ridge_flat,daily,5,24,0.227128679331054,0.961656679636283,0.968420547972335,-0.227128679331054,0.1943991980988247,1.08740229474334,0.1126588432043393,22,0.9378383577350377,0.8862509207603689,0.05158743697466878,0.6385191535861349,2.4,0.99428405632257,joint_es90,es90,True,16,0.9378383577350377,0.6385191535861349,0.1126588432043393,0.12,True,False
CHF,2016,validation,retrospective,ridge_flat,daily,10,24,0.1144698361267089,0.9665668993423799,0.9531147703710908,-0.1144698361267089,0.3201024584034947,1.177279991236376,0.2253176864086785,22,0.9084277654995372,0.8953244221166615,0.01310334338287558,0.746943549069,2.4,0.9942840563225745,joint_es90,es90,True,16,0.9378383577350377,0.6385191535861349,0.1126588432043393,0.12,False,False
CHF,2016,outer,retrospective,ridge_flat,daily,0,12,-0.002648244327683772,0.379679751301254,0.3635253323825627,0.002648244327683772,0.6436832334793348,0.7579442690449447,0,22,0.1321506672838527,0.1321436540858336,7.013198019109275e-06,0.7233197128129418,1.2,0.1321506672838527,joint_es90,es90,True,16,0.9378383577350377,0.6385191535861349,0.1126588432043393,0.12,True,True
CHF,2016,outer,retrospective,ridge_flat,daily,5,12,-0.06510579050927519,0.379698631246246,0.3693176956414639,0.06510579050927519,0.7051921703573009,0.8175947846277474,0.06245754618158831,22,0.136395560313921,0.1321567963560833,0.004238763957837627,0.7835333863639757,1.2,0.1321506672838514,joint_es90,es90,True,16,0.9378383577350377,0.6385191535861349,0.1126588432043393,0.12,True,True
CHF,2016,outer,retrospective,ridge_flat,daily,10,12,-0.1275633366908607,0.3797733073978944,0.3853325699470266,0.1275633366908607,0.7667011072352481,0.8772453002105429,0.1249150923631766,22,0.1484811894619802,0.1322087845942743,0.01627240486770589,0.8437470599149991,1.2,0.1321506672838496,joint_es90,es90,True,16,0.9378383577350377,0.6385191535861349,0.1126588432043393,0.12,False,True
CHF,2017,validation,retrospective,ridge_term,band05,0,24,0.1315309019908281,1.706211136273307,1.6754577388455,-0.1315309019908281,0.2277075280473977,5.568467129795844,0,14.70833333333333,2.807158634657275,2.789858256478755,0.01730037817852084,2.897594206965798,2.4,2.807158634657275,forecast_first,mse,True,3,2.770513841503634,2.980791959482864,0.09166491139314199,0.12,True,False
CHF,2017,validation,retrospective,ridge_term,band05,5,24,0.03986599059768814,1.699797802081883,1.664486059269838,-0.03986599059768814,0.347206914441323,5.629203571385852,0.09166491139314199,14.70833333333333,2.770513841503634,2.768924544297299,0.001589297206334959,2.980791959482864,2.4,2.807158634657282,forecast_first,mse,True,3,2.770513841503634,2.980791959482864,0.09166491139314199,0.12,True,False
CHF,2017,validation,retrospective,ridge_term,band05,10,24,-0.05179892079545811,1.693843449980478,1.658988454810321,0.05179892079545811,0.4718564904631475,5.690836598350077,0.183329822786284,14.70833333333333,2.752242693193935,2.749559564998361,0.002683128195574143,3.066872957901453,2.4,2.807158634657281,forecast_first,mse,True,3,2.770513841503634,2.980791959482864,0.09166491139314199,0.12,False,False
CHF,2017,outer,retrospective,ridge_term,band05,0,12,0.05233471916477228,0.4136674633884628,0.3994992226618808,-0.05233471916477228,0.6149893005620919,1.067933965257296,0,6.916666666666667,0.159599628907447,0.1568607060773914,0.002738922830055583,0.9306780062587499,1.2,0.159599628907447,forecast_first,mse,True,3,2.770513841503634,2.980791959482864,0.09166491139314199,0.12,True,True
CHF,2017,outer,retrospective,ridge_term,band05,5,12,-0.00606306041800823,0.4170644190326704,0.3993548082296031,0.00606306041800823,0.6798754921320402,1.134775026566203,0.05839777958277994,6.916666666666667,0.159484262856103,0.1594475021544706,3.676070163241813e-05,0.9969266827982752,1.2,0.1595996289074498,forecast_first,mse,True,3,2.770513841503634,2.980791959482864,0.09166491139314199,0.12,True,True
CHF,2017,outer,retrospective,ridge_term,band05,10,12,-0.06446084000078756,0.4205129340631113,0.4077381516346529,0.06446084000078756,0.7447616837019642,1.201616087875081,0.1167955591655599,6.916666666666667,0.1662504002984432,0.162095200404836,0.004155199893607133,1.063175359337773,1.2,0.1595996289074461,forecast_first,mse,True,3,2.770513841503634,2.980791959482864,0.09166491139314199,0.12,True,True
CHF,2017,validation,retrospective,ridge_flat,band05,0,24,0.2936012774566652,1.164568936946603,1.177248197558295,-0.2936012774566652,0.1985484412979371,2.565195610198943,0,15.375,1.385913318654254,1.299711608530068,0.0862017101241857,1.376828447393784,2.4,1.385913318654254,joint_mse,mse,True,13,1.336711304200634,1.442726165280301,0.09385665437861897,0.12,True,False
CHF,2017,validation,retrospective,ridge_flat,band05,5,24,0.1997446230780421,1.1632697798064,1.156162317410766,-0.1997446230780421,0.2555085367628044,2.631490771720053,0.09385665437861897,15.375,1.336711304200634,1.296813389752045,0.03989791444858911,1.442726165280301,2.4,1.385913318654239,joint_mse,mse,True,13,1.336711304200634,1.442726165280301,0.09385665437861897,0.12,True,False
CHF,2017,validation,retrospective,ridge_flat,band05,10,24,0.1058879686994218,1.162525746792793,1.142964253978775,-0.1058879686994218,0.3545714459732615,2.706041386916792,0.1877133087572379,15.375,1.306367285873258,1.295155023957968,0.01121226191528973,1.529262517355841,2.4,1.385913318654252,joint_mse,mse,True,13,1.336711304200634,1.442726165280301,0.09385665437861897,0.12,False,False
CHF,2017,outer,retrospective,ridge_flat,band05,0,12,0.05763826324068747,0.4933349535888268,0.4758360338595483,-0.05763826324068747,0.7367830362767747,1.327336165195348,0,3.5,0.2264199311191852,0.2230977617297824,0.003322169389402785,1.14838067158366,1.2,0.2264199311191852,joint_mse,mse,True,13,1.336711304200634,1.442726165280301,0.09385665437861897,0.12,True,True
CHF,2017,outer,retrospective,ridge_flat,band05,5,12,0.0007145568851427697,0.4974905293973826,0.4763114546823567,-0.0007145568851427697,0.8025597831749613,1.394930913869175,0.05692370635554509,3.5,0.2268726018616228,0.2268720912700807,5.105915421049374e-07,1.215424510628504,1.2,0.2264199311191824,joint_mse,mse,True,13,1.336711304200634,1.442726165280301,0.09385665437861897,0.12,True,True
CHF,2017,outer,retrospective,ridge_flat,band05,10,12,-0.05620914947040312,0.5016590760654032,0.4835798569347989,0.05620914947040312,0.8683365300731529,1.46252566254303,0.1138474127110902,3.5,0.2338494780330806,0.2306900095488945,0.003159468484186119,1.28246834967337,1.2,0.2264199311191838,joint_mse,mse,True,13,1.336711304200634,1.442726165280301,0.09385665437861897,0.12,True,True
CHF,2017,validation,retrospective,ridge_flat,band05,0,24,0.2936012774566652,1.164568936946603,1.177248197558295,-0.2936012774566652,0.1985484412979371,2.565195610198943,0,15.375,1.385913318654254,1.299711608530068,0.0862017101241857,1.376828447393784,2.4,1.385913318654254,joint_es90,es90,True,13,1.336711304200634,1.442726165280301,0.09385665437861897,0.12,True,False
CHF,2017,validation,retrospective,ridge_flat,band05,5,24,0.1997446230780421,1.1632697798064,1.156162317410766,-0.1997446230780421,0.2555085367628044,2.631490771720053,0.09385665437861897,15.375,1.336711304200634,1.296813389752045,0.03989791444858911,1.442726165280301,2.4,1.385913318654239,joint_es90,es90,True,13,1.336711304200634,1.442726165280301,0.09385665437861897,0.12,True,False
CHF,2017,validation,retrospective,ridge_flat,band05,10,24,0.1058879686994218,1.162525746792793,1.142964253978775,-0.1058879686994218,0.3545714459732615,2.706041386916792,0.1877133087572379,15.375,1.306367285873258,1.295155023957968,0.01121226191528973,1.529262517355841,2.4,1.385913318654252,joint_es90,es90,True,13,1.336711304200634,1.442726165280301,0.09385665437861897,0.12,False,False
CHF,2017,outer,retrospective,ridge_flat,band05,0,12,0.05763826324068747,0.4933349535888268,0.4758360338595483,-0.05763826324068747,0.7367830362767747,1.327336165195348,0,3.5,0.2264199311191852,0.2230977617297824,0.003322169389402785,1.14838067158366,1.2,0.2264199311191852,joint_es90,es90,True,13,1.336711304200634,1.442726165280301,0.09385665437861897,0.12,True,True
CHF,2017,outer,retrospective,ridge_flat,band05,5,12,0.0007145568851427697,0.4974905293973826,0.4763114546823567,-0.0007145568851427697,0.8025597831749613,1.394930913869175,0.05692370635554509,3.5,0.2268726018616228,0.2268720912700807,5.105915421049374e-07,1.215424510628504,1.2,0.2264199311191824,joint_es90,es90,True,13,1.336711304200634,1.442726165280301,0.09385665437861897,0.12,True,True
CHF,2017,outer,retrospective,ridge_flat,band05,10,12,-0.05620914947040312,0.5016590760654032,0.4835798569347989,0.05620914947040312,0.8683365300731529,1.46252566254303,0.1138474127110902,3.5,0.2338494780330806,0.2306900095488945,0.003159468484186119,1.28246834967337,1.2,0.2264199311191838,joint_es90,es90,True,13,1.336711304200634,1.442726165280301,0.09385665437861897,0.12,True,True
CHF,2018,validation,retrospective,ewma97,band05,0,24,0.03913699204379065,0.2029689027195716,0.2025131204954135,-0.03913699204379065,0.3736999686605245,0.4909328402287111,0,14.95833333333333,0.04101156397278986,0.03947985982655413,0.001531704146235733,0.4101002350832104,2.4,0.04101156397278986,forecast_first,mse,True,4,0.04381323082491124,0.5223321058904975,0.09158076018509587,0.12,True,False
CHF,2018,validation,retrospective,ewma97,band05,5,24,-0.05244376814130625,0.2069981272960082,0.2093161026412236,0.05244376814130625,0.4683094954511519,0.6234658881796401,0.09158076018509587,14.95833333333333,0.04381323082491124,0.04106288200805216,0.002750348816859088,0.5223321058904975,2.4,0.04101156397278907,forecast_first,mse,True,4,0.04381323082491124,0.5223321058904975,0.09158076018509587,0.12,True,False
CHF,2018,validation,retrospective,ewma97,band05,10,24,-0.1440245283264011,0.2137415961943349,0.2540176636686712,0.1440245283264011,0.5679378421309957,0.7559989361305762,0.1831615203701917,14.95833333333333,0.06452497345569018,0.04378190869604787,0.02074306475964231,0.6401404432413359,2.4,0.04101156397278957,forecast_first,mse,True,4,0.04381323082491124,0.5223321058904975,0.09158076018509587,0.12,False,False
CHF,2018,outer,retrospective,ewma97,band05,0,12,0.04197141347226899,0.1899827281041424,0.1866741816961529,-0.04197141347226899,0.2556348751572417,0.3449066989783276,0,15.08333333333333,0.0348472501119283,0.03308565056306814,0.001761599548860163,0.3178546311537562,1.2,0.0348472501119283,forecast_first,mse,True,4,0.04381323082491124,0.5223321058904975,0.09158076018509587,0.12,True,True
CHF,2018,outer,retrospective,ewma97,band05,5,12,-0.0423982211411047,0.1815953192586005,0.1789592061556031,0.0423982211411047,0.3366976561784236,0.4073218304462616,0.0843696346133707,15.08333333333333,0.03202639746784365,0.03022878831191364,0.001797609155930017,0.3859205655166138,1.2,0.03484725011192716,forecast_first,mse,True,4,0.04381323082491124,0.5223321058904975,0.09158076018509587,0.12,True,True
CHF,2018,outer,retrospective,ewma97,band05,10,12,-0.1267678557544788,0.1752272905079115,0.2102759511842403,0.1267678557544788,0.4177604371996144,0.4697369619141983,0.1687392692267414,15.08333333333333,0.04421597564643701,0.02814588639384867,0.01607008925258833,0.4539864998794759,1.2,0.03484725011192926,forecast_first,mse,True,4,0.04381323082491124,0.5223321058904975,0.09158076018509587,0.12,False,True
CHF,2018,validation,retrospective,ewma97,band05,0,24,0.03913699204379065,0.2029689027195716,0.2025131204954135,-0.03913699204379065,0.3736999686605245,0.4909328402287111,0,14.95833333333333,0.04101156397278986,0.03947985982655413,0.001531704146235733,0.4101002350832104,2.4,0.04101156397278986,joint_mse,mse,True,16,0.04381323082491124,0.5223321058904975,0.09158076018509587,0.12,True,False
CHF,2018,validation,retrospective,ewma97,band05,5,24,-0.05244376814130625,0.2069981272960082,0.2093161026412236,0.05244376814130625,0.4683094954511519,0.6234658881796401,0.09158076018509587,14.95833333333333,0.04381323082491124,0.04106288200805216,0.002750348816859088,0.5223321058904975,2.4,0.04101156397278907,joint_mse,mse,True,16,0.04381323082491124,0.5223321058904975,0.09158076018509587,0.12,True,False
CHF,2018,validation,retrospective,ewma97,band05,10,24,-0.1440245283264011,0.2137415961943349,0.2540176636686712,0.1440245283264011,0.5679378421309957,0.7559989361305762,0.1831615203701917,14.95833333333333,0.06452497345569018,0.04378190869604787,0.02074306475964231,0.6401404432413359,2.4,0.04101156397278957,joint_mse,mse,True,16,0.04381323082491124,0.5223321058904975,0.09158076018509587,0.12,False,False
CHF,2018,outer,retrospective,ewma97,band05,0,12,0.04197141347226899,0.1899827281041424,0.1866741816961529,-0.04197141347226899,0.2556348751572417,0.3449066989783276,0,15.08333333333333,0.0348472501119283,0.03308565056306814,0.001761599548860163,0.3178546311537562,1.2,0.0348472501119283,joint_mse,mse,True,16,0.04381323082491124,0.5223321058904975,0.09158076018509587,0.12,True,True
CHF,2018,outer,retrospective,ewma97,band05,5,12,-0.0423982211411047,0.1815953192586005,0.1789592061556031,0.0423982211411047,0.3366976561784236,0.4073218304462616,0.0843696346133707,15.08333333333333,0.03202639746784365,0.03022878831191364,0.001797609155930017,0.3859205655166138,1.2,0.03484725011192716,joint_mse,mse,True,16,0.04381323082491124,0.5223321058904975,0.09158076018509587,0.12,True,True
CHF,2018,outer,retrospective,ewma97,band05,10,12,-0.1267678557544788,0.1752272905079115,0.2102759511842403,0.1267678557544788,0.4177604371996144,0.4697369619141983,0.1687392692267414,15.08333333333333,0.04421597564643701,0.02814588639384867,0.01607008925258833,0.4539864998794759,1.2,0.03484725011192926,joint_mse,mse,True,16,0.04381323082491124,0.5223321058904975,0.09158076018509587,0.12,False,True
CHF,2018,validation,retrospective,rolling63,band05,0,24,0.04283296354605918,0.2030699228465739,0.2033564151906207,-0.04283296354605918,0.3267373226126616,0.5023653718609371,0,14.79166666666667,0.04135383159918012,0.03951916883304209,0.001834662766138034,0.3956618746085827,2.4,0.04135383159918012,joint_es90,es90,True,16,0.04446397931194353,0.51399207243826,0.0911374590183676,0.12,True,False
CHF,2018,validation,retrospective,rolling63,band05,5,24,-0.04830449547230457,0.2096721789820264,0.2108648365943064,0.04830449547230457,0.4244919046666349,0.640074036069689,0.0911374590183676,14.79166666666667,0.04446397931194353,0.04213065502910965,0.002333324282833892,0.51399207243826,2.4,0.04135383159917905,joint_es90,es90,True,16,0.04446397931194353,0.51399207243826,0.0911374590183676,0.12,True,False
CHF,2018,validation,retrospective,rolling63,band05,10,24,-0.1394419544906735,0.2188376564180533,0.2556140943120161,0.1394419544906735,0.5243522089387053,0.7777827002784529,0.1822749180367352,14.79166666666667,0.06533856521095228,0.04589450653877322,0.01944405867217907,0.6346619616213841,2.4,0.04135383159917674,joint_es90,es90,True,16,0.04446397931194353,0.51399207243826,0.0911374590183676,0.12,False,False
CHF,2018,outer,retrospective,rolling63,band05,0,12,0.03968891573186828,0.1903986528782723,0.1865633577769505,-0.03968891573186828,0.2412492416058132,0.3257307373819973,0,15.25,0.03480588646501043,0.03323067643303909,0.001575210031971341,0.3001302841164871,1.2,0.03480588646501043,joint_es90,es90,True,16,0.04446397931194353,0.51399207243826,0.0911374590183676,0.12,True,True
CHF,2018,outer,retrospective,rolling63,band05,5,12,-0.04439760289950109,0.1825677868233785,0.180345670486826,0.04439760289950109,0.3222002242542613,0.3879038240781272,0.08408651863136564,15.25,0.03252456086334281,0.03055341372012104,0.001971147143221787,0.3679936423133194,1.2,0.03480588646500897,joint_es90,es90,True,16,0.04446397931194353,0.51399207243826,0.0911374590183676,0.12,True,True
CHF,2018,outer,retrospective,rolling63,band05,10,12,-0.1284841215308651,0.1769540506618998,0.2126299857986665,0.1284841215308651,0.4031512069027204,0.4500769107742641,0.1681730372627313,15.25,0.04521151086074111,0.02870334137518301,0.0165081694855581,0.43585700051016,1.2,0.03480588646501069,joint_es90,es90,True,16,0.04446397931194353,0.51399207243826,0.0911374590183676,0.12,False,True
CHF,2019,validation,retrospective,rolling63,every5,0,24,0.05210934383176431,0.2022248985442853,0.2047103777035292,-0.05210934383176431,0.299669714932134,0.4168700615368098,0,5.958333333333333,0.04190633873952157,0.03919095502494455,0.002715383714577033,0.3471764369282521,2.4,0.04190633873952157,forecast_first,mse,True,3,0.04032055925276264,0.432010208296323,0.08525310229696288,0.12,True,False
CHF,2019,validation,retrospective,rolling63,every5,5,24,-0.03314375846519454,0.2023051088634198,0.2007997989360613,0.03314375846519454,0.4094706882370585,0.478631613002656,0.08525310229696288,5.958333333333333,0.04032055925276264,0.03922205052756348,0.001098508725199155,0.432010208296323,2.4,0.04190633873952129,forecast_first,mse,True,3,0.04032055925276264,0.432010208296323,0.08525310229696288,0.12,True,False
CHF,2019,validation,retrospective,rolling63,every5,10,24,-0.1183968607621577,0.2052029877588862,0.2331771252341413,0.1183968607621577,0.5191367185144884,0.5404990021371245,0.1705062045939258,5.958333333333333,0.05437157173245843,0.04035375509412469,0.01401781663833375,0.516843979664398,2.4,0.04190633873952115,forecast_first,mse,True,3,0.04032055925276264,0.432010208296323,0.08525310229696288,0.12,False,False
CHF,2019,outer,retrospective,rolling63,every5,0,12,-0.007557055482774636,0.1379887714581119,0.132330149180168,0.007557055482774636,0.167654893378237,0.2105401527699094,0,6,0.01751126838204551,0.01745415929447578,5.710908756973419e-05,0.1975446196209178,1.2,0.01751126838204551,forecast_first,mse,True,3,0.04032055925276264,0.432010208296323,0.08525310229696288,0.12,True,True
CHF,2019,outer,retrospective,rolling63,every5,5,12,-0.07779494786710577,0.1457142730202312,0.1597351427477445,0.07779494786710577,0.2352430121628316,0.2604348826935214,0.07023789238433316,6,0.02551531582864232,0.01946326191499662,0.006052053913645704,0.2528009825327063,1.2,0.01751126838204467,forecast_first,mse,True,3,0.04032055925276264,0.432010208296323,0.08525310229696288,0.12,True,True
CHF,2019,outer,retrospective,rolling63,every5,10,12,-0.1480328402514396,0.1567316746445796,0.2107877403378291,0.1480328402514396,0.3127925301061406,0.3158027625926962,0.1404757847686663,6,0.04443147147672805,0.02251774968381983,0.02191372179290823,0.3148905709301036,1.2,0.01751126838204523,forecast_first,mse,True,3,0.04032055925276264,0.432010208296323,0.08525310229696288,0.12,False,True
CHF,2019,validation,retrospective,ewma97,band05,0,24,0.04184764231367255,0.1849364894841723,0.185816219947727,-0.04184764231367255,0.2807234575236424,0.3517840747535018,0,14.625,0.03452766759566207,0.03277644242844899,0.001751225167213077,0.314742725544479,2.4,0.03452766759566207,joint_mse,mse,True,14,0.03646726947298545,0.4232486925181142,0.0911042919589083,0.12,True,False
CHF,2019,validation,retrospective,ewma97,band05,5,24,-0.0492566496452295,0.1884704159150139,0.1909640528292837,0.0492566496452295,0.3877303952168219,0.467426715649476,0.0911042919589083,14.625,0.03646726947298545,0.03404105193871256,0.002426217534272888,0.4232486925181142,2.4,0.03452766759566136,joint_mse,mse,True,14,0.03646726947298545,0.4232486925181142,0.0911042919589083,0.12,True,False
CHF,2019,validation,retrospective,ewma97,band05,10,24,-0.1403609416041403,0.1942077232945635,0.2363182325963365,0.1403609416041403,0.5062761883557906,0.5858167030801862,0.1822085839178166,14.625,0.0558463070574562,0.03614511312945533,0.01970119392800087,0.5358756792938271,2.4,0.03452766759566186,joint_mse,mse,True,14,0.03646726947298545,0.4232486925181142,0.0911042919589083,0.12,False,False
CHF,2019,outer,retrospective,ewma97,band05,0,12,-0.0003456566562903459,0.1187335757150849,0.1136792694987658,0.0003456566562903459,0.1613923509311933,0.1908572895068801,0,15.33333333333333,0.01292297631377301,0.01292285683524897,1.194785240378223e-07,0.1819285202415205,1.2,0.01292297631377301,joint_mse,mse,True,14,0.03646726947298545,0.4232486925181142,0.0911042919589083,0.12,True,True
CHF,2019,outer,retrospective,ewma97,band05,5,12,-0.07539965208961437,0.1322384794115003,0.1473596677720146,0.07539965208961437,0.2482081640228434,0.3108419547922345,0.07505399543331949,15.33333333333333,0.02171487168587853,0.01602976415064364,0.005685107535234889,0.2918620181954494,1.2,0.0129229763137731,joint_mse,mse,True,14,0.03646726947298545,0.4232486925181142,0.0911042919589083,0.12,True,True
CHF,2019,outer,retrospective,ewma97,band05,10,12,-0.1504536475229234,0.1491610542586005,0.2074397144992439,0.1504536475229234,0.3580213920836271,0.4308266200775677,0.150107990866639,15.33333333333333,0.04303123515152781,0.02039493509857575,0.02263630005295206,0.4087644297763736,1.2,0.01292297631377179,joint_mse,mse,True,14,0.03646726947298545,0.4232486925181142,0.0911042919589083,0.12,False,True
CHF,2019,validation,retrospective,ewma97,band10,0,24,0.04579290969677811,0.2026597432447464,0.2036091148009408,-0.04579290969677811,0.280327169980945,0.3841528817752599,0,11.29166666666667,0.04145667163002269,0.03935968105152542,0.002096990578497274,0.3310953910606192,2.4,0.04145667163002269,joint_es90,es90,True,14,0.04150439714161398,0.4087815146823317,0.07797825527229445,0.12,True,False
CHF,2019,validation,retrospective,ewma97,band10,5,24,-0.03218534557551086,0.2054945271801845,0.2037262799484003,0.03218534557551086,0.3751657383765753,0.4453155302114405,0.07797825527229445,11.29166666666667,0.04150439714161398,0.04046850067179892,0.001035896469815056,0.4087815146823317,2.4,0.04145667163002103,joint_es90,es90,True,14,0.04150439714161398,0.4087815146823317,0.07797825527229445,0.12,True,False
CHF,2019,validation,retrospective,ewma97,band10,10,24,-0.110163600847806,0.209944931831198,0.2331873858508664,0.110163600847806,0.4700043067722482,0.5064781786476358,0.1559565105445889,11.29166666666667,0.05437635691996085,0.04224033796820612,0.01213601895175473,0.4864676383040727,2.4,0.04145667163002289,joint_es90,es90,True,14,0.04150439714161398,0.4087815146823317,0.07797825527229445,0.12,False,False
CHF,2019,outer,retrospective,ewma97,band10,0,12,-0.01516846960258963,0.1249096335669287,0.1205499798759436,0.01516846960258963,0.1611051188099116,0.1861932872649508,0,12.75,0.0145322976480904,0.01430221517800571,0.0002300824700846855,0.178590811975545,1.2,0.0145322976480904,joint_es90,es90,True,14,0.04150439714161398,0.4087815146823317,0.07797825527229445,0.12,True,True
CHF,2019,outer,retrospective,ewma97,band10,5,12,-0.08152890086924487,0.1324459592795826,0.1507549870783007,0.08152890086924487,0.2323021131351054,0.236105999747279,0.06636043126665252,12.75,0.02272706612897861,0.01608010445203145,0.006646961676947157,0.2349533068344991,1.2,0.01453229764809111,joint_es90,es90,True,14,0.04150439714161398,0.4087815146823317,0.07797825527229445,0.12,True,True
CHF,2019,outer,retrospective,ewma97,band10,10,12,-0.1478893321358933,0.1423359707458942,0.2011031801847714,0.1478893321358933,0.3057077161840823,0.3201765200631854,0.132720862533305,12.75,0.04044248908042862,0.01857123452082805,0.02187125455960057,0.3157920340392148,1.2,0.0145322976480909,joint_es90,es90,True,14,0.04150439714161398,0.4087815146823317,0.07797825527229445,0.12,False,True
CHF,2020,validation,retrospective,ewma97,daily,0,24,0.0347967126416897,0.1188971092319159,0.1214837932403059,-0.0347967126416897,0.1030318901928133,0.2041947567764716,0,22,0.01475831202005339,0.01354750080938506,0.001210811210668328,0.1529176150224377,2.4,0.01475831202005339,forecast_first,mse,True,4,0.01980773330743572,0.2756077731927735,0.1125142494322298,0.12,True,False
CHF,2020,validation,retrospective,ewma97,daily,5,24,-0.07771753679053789,0.1198595603528546,0.1407399492235084,0.07771753679053789,0.2589635993565163,0.2971482761253862,0.1125142494322298,22,0.01980773330743572,0.01376771778264711,0.00604001552478861,0.2756077731927735,2.4,0.01475831202005357,forecast_first,mse,True,4,0.01980773330743572,0.2756077731927735,0.1125142494322298,0.12,True,False
CHF,2020,validation,retrospective,ewma97,daily,10,24,-0.1902317862227702,0.1301382778953283,0.2289507335414522,0.1902317862227702,0.3863230466944625,0.4159365222350182,0.2250284988644595,22,0.05241843838916902,0.01623030589966328,0.03618813248950575,0.4008542773431183,2.4,0.01475831202005245,forecast_first,mse,True,4,0.01980773330743572,0.2756077731927735,0.1125142494322298,0.12,False,False
CHF,2020,outer,retrospective,ewma97,daily,0,12,0.01206961986975794,0.2349270633026143,0.2252491369716174,-0.01206961986975794,0.3197475559442395,0.353140974978146,0,22,0.05073717370645844,0.050591497982658,0.0001456757238004556,0.3430217570890834,1.2,0.05073717370645844,forecast_first,mse,True,4,0.01980773330743572,0.2756077731927735,0.1125142494322298,0.12,True,True
CHF,2020,outer,retrospective,ewma97,daily,5,12,-0.1039275201490017,0.2444113154372222,0.2560463752889213,0.1039275201490017,0.4527103715689825,0.5082128456863018,0.1159971400187599,22,0.06555974629859511,0.05475881685427392,0.01080092944432116,0.491393914135599,1.2,0.05073717370646421,forecast_first,mse,True,4,0.01980773330743572,0.2756077731927735,0.1125142494322298,0.12,True,True
CHF,2020,outer,retrospective,ewma97,daily,10,12,-0.2199246601677533,0.2583786438196764,0.3310031511936944,0.2199246601677533,0.585673187193704,0.6632847163944007,0.2319942800375199,22,0.1095630861001557,0.06119622995025393,0.04836685614990176,0.6397660711820684,1.2,0.05073717370645991,forecast_first,mse,True,4,0.01980773330743572,0.2756077731927735,0.1125142494322298,0.12,False,True
CHF,2020,validation,retrospective,ewma97,daily,0,24,0.0347967126416897,0.1188971092319159,0.1214837932403059,-0.0347967126416897,0.1030318901928133,0.2041947567764716,0,22,0.01475831202005339,0.01354750080938506,0.001210811210668328,0.1529176150224377,2.4,0.01475831202005339,joint_mse,mse,True,16,0.01980773330743572,0.2756077731927735,0.1125142494322298,0.12,True,False
CHF,2020,validation,retrospective,ewma97,daily,5,24,-0.07771753679053789,0.1198595603528546,0.1407399492235084,0.07771753679053789,0.2589635993565163,0.2971482761253862,0.1125142494322298,22,0.01980773330743572,0.01376771778264711,0.00604001552478861,0.2756077731927735,2.4,0.01475831202005357,joint_mse,mse,True,16,0.01980773330743572,0.2756077731927735,0.1125142494322298,0.12,True,False
CHF,2020,validation,retrospective,ewma97,daily,10,24,-0.1902317862227702,0.1301382778953283,0.2289507335414522,0.1902317862227702,0.3863230466944625,0.4159365222350182,0.2250284988644595,22,0.05241843838916902,0.01623030589966328,0.03618813248950575,0.4008542773431183,2.4,0.01475831202005245,joint_mse,mse,True,16,0.01980773330743572,0.2756077731927735,0.1125142494322298,0.12,False,False
CHF,2020,outer,retrospective,ewma97,daily,0,12,0.01206961986975794,0.2349270633026143,0.2252491369716174,-0.01206961986975794,0.3197475559442395,0.353140974978146,0,22,0.05073717370645844,0.050591497982658,0.0001456757238004556,0.3430217570890834,1.2,0.05073717370645844,joint_mse,mse,True,16,0.01980773330743572,0.2756077731927735,0.1125142494322298,0.12,True,True
CHF,2020,outer,retrospective,ewma97,daily,5,12,-0.1039275201490017,0.2444113154372222,0.2560463752889213,0.1039275201490017,0.4527103715689825,0.5082128456863018,0.1159971400187599,22,0.06555974629859511,0.05475881685427392,0.01080092944432116,0.491393914135599,1.2,0.05073717370646421,joint_mse,mse,True,16,0.01980773330743572,0.2756077731927735,0.1125142494322298,0.12,True,True
CHF,2020,outer,retrospective,ewma97,daily,10,12,-0.2199246601677533,0.2583786438196764,0.3310031511936944,0.2199246601677533,0.585673187193704,0.6632847163944007,0.2319942800375199,22,0.1095630861001557,0.06119622995025393,0.04836685614990176,0.6397660711820684,1.2,0.05073717370645991,joint_mse,mse,True,16,0.01980773330743572,0.2756077731927735,0.1125142494322298,0.12,False,True
CHF,2020,validation,retrospective,rolling63,daily,0,24,0.03203713563691583,0.1196938382807197,0.1214744857727625,-0.03203713563691583,0.1071144242413385,0.1891653355011422,0,22,0.01475605069375709,0.01372967263393895,0.001026378059818142,0.1465467191578957,2.4,0.01475605069375709,joint_es90,es90,True,16,0.02084357897893008,0.2715711583628445,0.1125959195733148,0.12,True,False
CHF,2020,validation,retrospective,rolling63,daily,5,24,-0.08055878393640101,0.1223844035656647,0.1443730548922827,0.08055878393640101,0.2664075578998022,0.2822914025029314,0.1125959195733148,22,0.02084357897893008,0.01435386130961834,0.006489717669311741,0.2715711583628445,2.4,0.01475605069375749,joint_es90,es90,True,16,0.02084357897893008,0.2715711583628445,0.1125959195733148,0.12,True,False
CHF,2020,validation,retrospective,rolling63,daily,10,24,-0.1931547035097134,0.1345679818115605,0.2338006814462416,0.1931547035097134,0.405676588172664,0.4282600961718982,0.2251918391466297,22,0.05466275864472694,0.01735401915680162,0.03730873948792531,0.4151643213383978,2.4,0.01475605069375784,joint_es90,es90,True,16,0.02084357897893008,0.2715711583628445,0.1125959195733148,0.12,False,False
CHF,2020,outer,retrospective,rolling63,daily,0,12,0.0120707480042327,0.2356056016985534,0.2258979176821711,-0.0120707480042327,0.3109947553727508,0.3349011331145277,0,22,0.05102986921314095,0.05088416625575928,0.0001457029573816878,0.3276567762230802,1.2,0.05102986921314095,joint_es90,es90,True,16,0.02084357897893008,0.2715711583628445,0.1125959195733148,0.12,True,True
CHF,2020,outer,retrospective,rolling63,daily,5,12,-0.1038718594709502,0.2460875424349768,0.2574914597674366,0.1038718594709502,0.4428486811417411,0.4882056548831031,0.1159426074751878,22,0.06630185185316545,0.05551248866321262,0.01078936318995283,0.4744611173857207,1.2,0.05102986921313812,joint_es90,es90,True,16,0.02084357897893008,0.2715711583628445,0.1125959195733148,0.12,True,True
CHF,2020,outer,retrospective,rolling63,daily,10,12,-0.2198144669461371,0.2609088429132422,0.3327447051869456,0.2198144669461371,0.5747026069107353,0.6415101766516784,0.2318852149503755,22,0.1107190388299473,0.06240063895113297,0.04831839987881439,0.6212654585483623,1.2,0.05102986921313837,joint_es90,es90,True,16,0.02084357897893008,0.2715711583628445,0.1125959195733148,0.12,False,True
CHF,2021,validation,retrospective,rolling63,every5,0,24,0.04056955813742236,0.1558390391328255,0.157860022098898,-0.04056955813742236,0.1555753667662179,0.2020560731288115,0,5.958333333333333,0.02491978657706456,0.02327389752959887,0.001645889047465693,0.1763344205181732,2.4,0.02491978657706456,forecast_first,mse,True,4,0.02731147444597302,0.2643578920065931,0.07594353404763997,0.12,True,False
CHF,2021,validation,retrospective,rolling63,every5,5,24,-0.03537397591021649,0.1649036280591518,0.1652618360238474,0.03537397591021649,0.2535643725487877,0.2835487016412949,0.07594353404763997,5.958333333333333,0.02731147444597302,0.02606015627427645,0.001251318171696577,0.2643578920065931,2.4,0.02491978657706392,forecast_first,mse,True,4,0.02731147444597302,0.2643578920065931,0.07594353404763997,0.12,True,False
CHF,2021,validation,retrospective,rolling63,every5,10,24,-0.1113175099578561,0.1776959563245272,0.2065230746915511,0.1113175099578561,0.3149817900963628,0.3998898403807634,0.1518870680952799,5.958333333333333,0.04265178038005199,0.0302601923568346,0.01239158802321739,0.3569341098241372,2.4,0.02491978657706383,forecast_first,mse,True,4,0.02731147444597302,0.2643578920065931,0.07594353404763997,0.12,False,False
CHF,2021,outer,retrospective,rolling63,every5,0,12,-0.02360602694054985,0.3062179961450174,0.2941302159034306,0.02360602694054985,0.488413059454214,0.6955174007318874,0,5.916666666666667,0.0865125839073987,0.08595533939948073,0.0005572445079179654,0.6327585094356228,1.2,0.0865125839073987,forecast_first,mse,True,4,0.02731147444597302,0.2643578920065931,0.07594353404763997,0.12,True,True
CHF,2021,outer,retrospective,rolling63,every5,5,12,-0.1058076833995633,0.3298054697460663,0.3330204344349914,0.1058076833995633,0.6315875532249354,0.8768129322440643,0.08220165645901449,5.916666666666667,0.1109026097512704,0.09970734388488815,0.01119526586638223,0.802502211329177,1.2,0.08651258390739795,forecast_first,mse,True,4,0.02731147444597302,0.2643578920065931,0.07594353404763997,0.12,True,True
CHF,2021,outer,retrospective,rolling63,every5,10,12,-0.1880093398585769,0.35581184454213,0.3891007686930101,0.1880093398585769,0.774762046995674,1.058108463756227,0.164403312918029,5.916666666666667,0.1513994081974913,0.1160518963234334,0.03534751187405789,0.9722459132227262,1.2,0.08651258390739869,forecast_first,mse,True,4,0.02731147444597302,0.2643578920065931,0.07594353404763997,0.12,False,True
CHF,2021,validation,retrospective,rolling63,every5,0,24,0.04056955813742236,0.1558390391328255,0.157860022098898,-0.04056955813742236,0.1555753667662179,0.2020560731288115,0,5.958333333333333,0.02491978657706456,0.02327389752959887,0.001645889047465693,0.1763344205181732,2.4,0.02491978657706456,joint_mse,mse,True,16,0.02731147444597302,0.2643578920065931,0.07594353404763997,0.12,True,False
CHF,2021,validation,retrospective,rolling63,every5,5,24,-0.03537397591021649,0.1649036280591518,0.1652618360238474,0.03537397591021649,0.2535643725487877,0.2835487016412949,0.07594353404763997,5.958333333333333,0.02731147444597302,0.02606015627427645,0.001251318171696577,0.2643578920065931,2.4,0.02491978657706392,joint_mse,mse,True,16,0.02731147444597302,0.2643578920065931,0.07594353404763997,0.12,True,False
CHF,2021,validation,retrospective,rolling63,every5,10,24,-0.1113175099578561,0.1776959563245272,0.2065230746915511,0.1113175099578561,0.3149817900963628,0.3998898403807634,0.1518870680952799,5.958333333333333,0.04265178038005199,0.0302601923568346,0.01239158802321739,0.3569341098241372,2.4,0.02491978657706383,joint_mse,mse,True,16,0.02731147444597302,0.2643578920065931,0.07594353404763997,0.12,False,False
CHF,2021,outer,retrospective,rolling63,every5,0,12,-0.02360602694054985,0.3062179961450174,0.2941302159034306,0.02360602694054985,0.488413059454214,0.6955174007318874,0,5.916666666666667,0.0865125839073987,0.08595533939948073,0.0005572445079179654,0.6327585094356228,1.2,0.0865125839073987,joint_mse,mse,True,16,0.02731147444597302,0.2643578920065931,0.07594353404763997,0.12,True,True
CHF,2021,outer,retrospective,rolling63,every5,5,12,-0.1058076833995633,0.3298054697460663,0.3330204344349914,0.1058076833995633,0.6315875532249354,0.8768129322440643,0.08220165645901449,5.916666666666667,0.1109026097512704,0.09970734388488815,0.01119526586638223,0.802502211329177,1.2,0.08651258390739795,joint_mse,mse,True,16,0.02731147444597302,0.2643578920065931,0.07594353404763997,0.12,True,True
CHF,2021,outer,retrospective,rolling63,every5,10,12,-0.1880093398585769,0.35581184454213,0.3891007686930101,0.1880093398585769,0.774762046995674,1.058108463756227,0.164403312918029,5.916666666666667,0.1513994081974913,0.1160518963234334,0.03534751187405789,0.9722459132227262,1.2,0.08651258390739869,joint_mse,mse,True,16,0.02731147444597302,0.2643578920065931,0.07594353404763997,0.12,False,True
CHF,2021,validation,retrospective,rolling63,every5,0,24,0.04056955813742236,0.1558390391328255,0.157860022098898,-0.04056955813742236,0.1555753667662179,0.2020560731288115,0,5.958333333333333,0.02491978657706456,0.02327389752959887,0.001645889047465693,0.1763344205181732,2.4,0.02491978657706456,joint_es90,es90,True,16,0.02731147444597302,0.2643578920065931,0.07594353404763997,0.12,True,False
CHF,2021,validation,retrospective,rolling63,every5,5,24,-0.03537397591021649,0.1649036280591518,0.1652618360238474,0.03537397591021649,0.2535643725487877,0.2835487016412949,0.07594353404763997,5.958333333333333,0.02731147444597302,0.02606015627427645,0.001251318171696577,0.2643578920065931,2.4,0.02491978657706392,joint_es90,es90,True,16,0.02731147444597302,0.2643578920065931,0.07594353404763997,0.12,True,False
CHF,2021,validation,retrospective,rolling63,every5,10,24,-0.1113175099578561,0.1776959563245272,0.2065230746915511,0.1113175099578561,0.3149817900963628,0.3998898403807634,0.1518870680952799,5.958333333333333,0.04265178038005199,0.0302601923568346,0.01239158802321739,0.3569341098241372,2.4,0.02491978657706383,joint_es90,es90,True,16,0.02731147444597302,0.2643578920065931,0.07594353404763997,0.12,False,False
CHF,2021,outer,retrospective,rolling63,every5,0,12,-0.02360602694054985,0.3062179961450174,0.2941302159034306,0.02360602694054985,0.488413059454214,0.6955174007318874,0,5.916666666666667,0.0865125839073987,0.08595533939948073,0.0005572445079179654,0.6327585094356228,1.2,0.0865125839073987,joint_es90,es90,True,16,0.02731147444597302,0.2643578920065931,0.07594353404763997,0.12,True,True
CHF,2021,outer,retrospective,rolling63,every5,5,12,-0.1058076833995633,0.3298054697460663,0.3330204344349914,0.1058076833995633,0.6315875532249354,0.8768129322440643,0.08220165645901449,5.916666666666667,0.1109026097512704,0.09970734388488815,0.01119526586638223,0.802502211329177,1.2,0.08651258390739795,joint_es90,es90,True,16,0.02731147444597302,0.2643578920065931,0.07594353404763997,0.12,True,True
CHF,2021,outer,retrospective,rolling63,every5,10,12,-0.1880093398585769,0.35581184454213,0.3891007686930101,0.1880093398585769,0.774762046995674,1.058108463756227,0.164403312918029,5.916666666666667,0.1513994081974913,0.1160518963234334,0.03534751187405789,0.9722459132227262,1.2,0.08651258390739869,joint_es90,es90,True,16,0.02731147444597302,0.2643578920065931,0.07594353404763997,0.12,False,True
CHF,2022,validation,retrospective,ewma97,band05,0,24,0.03020466360675629,0.1754115576014026,0.1743544827009272,-0.03020466360675629,0.1706495227223707,0.2961788072719317,0,15.66666666666667,0.03039948563790791,0.0294871639343106,0.0009123217035973081,0.2330806678661418,2.4,0.03039948563790791,forecast_first,mse,True,4,0.0339029733692137,0.3282018999873788,0.08330576142332581,0.12,True,False
CHF,2022,validation,retrospective,ewma97,band05,5,24,-0.0531010978165711,0.1800963416953763,0.1841276007805829,0.0531010978165711,0.247623653736837,0.4088764871614612,0.08330576142332581,15.66666666666667,0.0339029733692137,0.03108324677988865,0.002819726589325052,0.3282018999873788,2.4,0.03039948563790738,forecast_first,mse,True,4,0.0339029733692137,0.3282018999873788,0.08330576142332581,0.12,True,False
CHF,2022,validation,retrospective,ewma97,band05,10,24,-0.136406859239895,0.1888536206173507,0.2297530214174843,0.136406859239895,0.3513370832210015,0.5261881256992684,0.1666115228466516,15.66666666666667,0.05278645085046299,0.03417961960277047,0.01860683124769253,0.4384225946887336,2.4,0.03039948563790757,forecast_first,mse,True,4,0.0339029733692137,0.3282018999873788,0.08330576142332581,0.12,False,False
CHF,2022,outer,retrospective,ewma97,band05,0,12,-0.05445837442699034,0.5121211187894283,0.4933336445343265,0.05445837442699034,0.8236426596980586,0.9204856512165849,0,15.41666666666667,0.2433780848295213,0.2404123702842911,0.002965714545230276,0.8911392901503649,1.2,0.2433780848295213,forecast_first,mse,True,4,0.0339029733692137,0.3282018999873788,0.08330576142332581,0.12,True,True
CHF,2022,outer,retrospective,ewma97,band05,5,12,-0.1553082789902448,0.5313720802900916,0.531927869726789,0.1553082789902448,0.9265060489739291,1.046881751497308,0.1008499045632492,15.41666666666667,0.2829472585920798,0.258826597069168,0.02412066152291171,1.010404265884163,1.2,0.2433780848295277,forecast_first,mse,True,4,0.0339029733692137,0.3282018999873788,0.08330576142332581,0.12,True,True
CHF,2022,outer,retrospective,ewma97,band05,10,12,-0.2561581835534893,0.5519464878036043,0.5872604731152917,0.2561581835534893,1.029369438249802,1.173277851778046,0.2016998091264983,15.41666666666667,0.3448748632835963,0.2792578482821732,0.06561701500142314,1.129669241617972,1.2,0.2433780848295279,forecast_first,mse,True,4,0.0339029733692137,0.3282018999873788,0.08330576142332581,0.12,False,True
CHF,2022,validation,retrospective,ewma97,band05,0,24,0.03020466360675629,0.1754115576014026,0.1743544827009272,-0.03020466360675629,0.1706495227223707,0.2961788072719317,0,15.66666666666667,0.03039948563790791,0.0294871639343106,0.0009123217035973081,0.2330806678661418,2.4,0.03039948563790791,joint_mse,mse,True,16,0.0339029733692137,0.3282018999873788,0.08330576142332581,0.12,True,False
CHF,2022,validation,retrospective,ewma97,band05,5,24,-0.0531010978165711,0.1800963416953763,0.1841276007805829,0.0531010978165711,0.247623653736837,0.4088764871614612,0.08330576142332581,15.66666666666667,0.0339029733692137,0.03108324677988865,0.002819726589325052,0.3282018999873788,2.4,0.03039948563790738,joint_mse,mse,True,16,0.0339029733692137,0.3282018999873788,0.08330576142332581,0.12,True,False
CHF,2022,validation,retrospective,ewma97,band05,10,24,-0.136406859239895,0.1888536206173507,0.2297530214174843,0.136406859239895,0.3513370832210015,0.5261881256992684,0.1666115228466516,15.66666666666667,0.05278645085046299,0.03417961960277047,0.01860683124769253,0.4384225946887336,2.4,0.03039948563790757,joint_mse,mse,True,16,0.0339029733692137,0.3282018999873788,0.08330576142332581,0.12,False,False
CHF,2022,outer,retrospective,ewma97,band05,0,12,-0.05445837442699034,0.5121211187894283,0.4933336445343265,0.05445837442699034,0.8236426596980586,0.9204856512165849,0,15.41666666666667,0.2433780848295213,0.2404123702842911,0.002965714545230276,0.8911392901503649,1.2,0.2433780848295213,joint_mse,mse,True,16,0.0339029733692137,0.3282018999873788,0.08330576142332581,0.12,True,True
CHF,2022,outer,retrospective,ewma97,band05,5,12,-0.1553082789902448,0.5313720802900916,0.531927869726789,0.1553082789902448,0.9265060489739291,1.046881751497308,0.1008499045632492,15.41666666666667,0.2829472585920798,0.258826597069168,0.02412066152291171,1.010404265884163,1.2,0.2433780848295277,joint_mse,mse,True,16,0.0339029733692137,0.3282018999873788,0.08330576142332581,0.12,True,True
CHF,2022,outer,retrospective,ewma97,band05,10,12,-0.2561581835534893,0.5519464878036043,0.5872604731152917,0.2561581835534893,1.029369438249802,1.173277851778046,0.2016998091264983,15.41666666666667,0.3448748632835963,0.2792578482821732,0.06561701500142314,1.129669241617972,1.2,0.2433780848295279,joint_mse,mse,True,16,0.0339029733692137,0.3282018999873788,0.08330576142332581,0.12,False,True
CHF,2022,validation,retrospective,rolling63,band10,0,24,0.03703481263286109,0.1846821634565778,0.1845479150517868,-0.03703481263286109,0.1868120031775215,0.2365852309683145,0,12.875,0.0340579329499615,0.03268635560321038,0.001371577346751128,0.2103067113686746,2.4,0.0340579329499615,joint_es90,es90,True,16,0.03459677626667875,0.2858233161984773,0.07151296776145392,0.12,True,False
CHF,2022,validation,retrospective,rolling63,band10,5,24,-0.03447815512859102,0.1867098183364835,0.1860020867266783,0.03447815512859102,0.2448221076838357,0.3280813254986455,0.07151296776145392,12.875,0.03459677626667875,0.03340803308560756,0.001188743181071187,0.2858233161984773,2.4,0.03405793294996078,joint_es90,es90,True,16,0.03459677626667875,0.2858233161984773,0.07151296776145392,0.12,True,False
CHF,2022,validation,retrospective,rolling63,band10,10,24,-0.1059911228900482,0.190976595162282,0.2149104670991637,0.1059911228900482,0.3145356727388387,0.4221081576730722,0.1430259355229078,12.875,0.04618650886878071,0.0349523907372874,0.01123411813149331,0.3663297635427862,2.4,0.03405793294996035,joint_es90,es90,True,16,0.03459677626667875,0.2858233161984773,0.07151296776145392,0.12,False,False
CHF,2022,outer,retrospective,rolling63,band10,0,12,-0.03809080224546409,0.5321047159293567,0.5108734861689758,0.03809080224546409,0.8395952195798311,0.9311760726801276,0,11.58333333333333,0.2609917188704427,0.2595408096547396,0.001450909215703052,0.903424299013371,1.2,0.2609917188704427,joint_es90,es90,True,16,0.03459677626667875,0.2858233161984773,0.07151296776145392,0.12,True,True
CHF,2022,outer,retrospective,rolling63,band10,5,12,-0.1246747472732284,0.5489022494352624,0.5401200472331531,0.1246747472732284,0.9278479203078258,1.039628871633184,0.08658394502776261,11.58333333333333,0.2917296654231435,0.2761858728155002,0.01554379260764336,1.005755856080045,1.2,0.2609917188704451,joint_es90,es90,True,16,0.03459677626667875,0.2858233161984773,0.07151296776145392,0.12,True,True
CHF,2022,outer,retrospective,rolling63,band10,10,12,-0.2112586923009939,0.5667073194341468,0.5822579515540706,0.2112586923009939,1.016100621035825,1.148081670586235,0.1731678900555252,11.58333333333333,0.3390243221479424,0.2943940870752164,0.04463023507272604,1.108087413146717,1.2,0.260991718870447,joint_es90,es90,True,16,0.03459677626667875,0.2858233161984773,0.07151296776145392,0.12,False,True
CHF,2023,validation,retrospective,ewma97,band10,0,24,0.006281395202484126,0.2803893900888175,0.2745576574182,-0.006281395202484126,0.4058555876926818,0.5954676156649473,0,12.58333333333333,0.07538190724696971,0.07534245132127992,3.94559256897906e-05,0.4919114426315817,2.4,0.07538190724696971,forecast_first,mse,True,4,0.08301038019674918,0.5697820370155742,0.07797988700890779,0.12,True,False
CHF,2023,validation,retrospective,ewma97,band10,5,24,-0.07169849180642555,0.2850532334164052,0.2881152203489937,0.07169849180642555,0.4777360549286341,0.6695710450456446,0.07797988700890779,12.58333333333333,0.08301038019674918,0.0778697064694331,0.005140673727316072,0.5697820370155742,2.4,0.07538190724697028,forecast_first,mse,True,4,0.08301038019674918,0.5697820370155742,0.07797988700890779,0.12,True,False
CHF,2023,validation,retrospective,ewma97,band10,10,24,-0.1496783788153308,0.2918138858267546,0.3225070878513751,0.1496783788153308,0.5573073567777326,0.7455056255247324,0.1559597740178156,12.58333333333333,0.1040108217143745,0.08160720462958891,0.02240361708478566,0.6503993580471296,2.4,0.07538190724697283,forecast_first,mse,True,4,0.08301038019674918,0.5697820370155742,0.07797988700890779,0.12,False,False
CHF,2023,outer,retrospective,ewma97,band10,0,12,-0.04103369178264119,0.1904020786526031,0.1868572613528185,0.04103369178264119,0.2780541045367741,0.2954225508717059,0,13.75,0.03491563612027552,0.03323187225896272,0.001683763861312795,0.2901593853156659,1.2,0.03491563612027552,forecast_first,mse,True,4,0.08301038019674918,0.5697820370155742,0.07797988700890779,0.12,True,True
CHF,2023,outer,retrospective,ewma97,band10,5,12,-0.1089073762138262,0.1946145599266925,0.2158226307672229,0.1089073762138262,0.3696112864948894,0.3970032215099195,0.06787368443118581,13.75,0.04657940795128503,0.03471859135750516,0.01186081659377987,0.3887026351417286,1.2,0.03491563612027576,forecast_first,mse,True,4,0.08301038019674918,0.5697820370155742,0.07797988700890779,0.12,True,True
CHF,2023,outer,retrospective,ewma97,band10,10,12,-0.1767810606450129,0.2014898348984994,0.2616610737313601,0.1767810606450129,0.4654198818383157,0.4985838921481047,0.1357473688623716,13.75,0.06846651750624826,0.03721497410347251,0.03125154340277574,0.4885341920542293,1.2,0.03491563612027606,forecast_first,mse,True,4,0.08301038019674918,0.5697820370155742,0.07797988700890779,0.12,False,True
CHF,2023,validation,retrospective,ewma97,band10,0,24,0.006281395202484126,0.2803893900888175,0.2745576574182,-0.006281395202484126,0.4058555876926818,0.5954676156649473,0,12.58333333333333,0.07538190724696971,0.07534245132127992,3.94559256897906e-05,0.4919114426315817,2.4,0.07538190724696971,joint_mse,mse,True,15,0.08301038019674918,0.5697820370155742,0.07797988700890779,0.12,True,False
CHF,2023,validation,retrospective,ewma97,band10,5,24,-0.07169849180642555,0.2850532334164052,0.2881152203489937,0.07169849180642555,0.4777360549286341,0.6695710450456446,0.07797988700890779,12.58333333333333,0.08301038019674918,0.0778697064694331,0.005140673727316072,0.5697820370155742,2.4,0.07538190724697028,joint_mse,mse,True,15,0.08301038019674918,0.5697820370155742,0.07797988700890779,0.12,True,False
CHF,2023,validation,retrospective,ewma97,band10,10,24,-0.1496783788153308,0.2918138858267546,0.3225070878513751,0.1496783788153308,0.5573073567777326,0.7455056255247324,0.1559597740178156,12.58333333333333,0.1040108217143745,0.08160720462958891,0.02240361708478566,0.6503993580471296,2.4,0.07538190724697283,joint_mse,mse,True,15,0.08301038019674918,0.5697820370155742,0.07797988700890779,0.12,False,False
CHF,2023,outer,retrospective,ewma97,band10,0,12,-0.04103369178264119,0.1904020786526031,0.1868572613528185,0.04103369178264119,0.2780541045367741,0.2954225508717059,0,13.75,0.03491563612027552,0.03323187225896272,0.001683763861312795,0.2901593853156659,1.2,0.03491563612027552,joint_mse,mse,True,15,0.08301038019674918,0.5697820370155742,0.07797988700890779,0.12,True,True
CHF,2023,outer,retrospective,ewma97,band10,5,12,-0.1089073762138262,0.1946145599266925,0.2158226307672229,0.1089073762138262,0.3696112864948894,0.3970032215099195,0.06787368443118581,13.75,0.04657940795128503,0.03471859135750516,0.01186081659377987,0.3887026351417286,1.2,0.03491563612027576,joint_mse,mse,True,15,0.08301038019674918,0.5697820370155742,0.07797988700890779,0.12,True,True
CHF,2023,outer,retrospective,ewma97,band10,10,12,-0.1767810606450129,0.2014898348984994,0.2616610737313601,0.1767810606450129,0.4654198818383157,0.4985838921481047,0.1357473688623716,13.75,0.06846651750624826,0.03721497410347251,0.03125154340277574,0.4885341920542293,1.2,0.03491563612027606,joint_mse,mse,True,15,0.08301038019674918,0.5697820370155742,0.07797988700890779,0.12,False,True
CHF,2023,validation,retrospective,ridge_term,daily,0,24,0.07965103797361166,0.3607221226889818,0.3619986909358928,-0.07965103797361166,0.3478861669260972,0.4532276358887502,0,22,0.1310430522393,0.1246987643890263,0.006344287850273726,0.3999394880585718,2.4,0.1310430522393,joint_es90,es90,True,15,0.1236577114114932,0.4815221758739051,0.07895523835575856,0.12,True,False
CHF,2023,validation,retrospective,ridge_term,daily,5,24,0.0006957996178518222,0.3592125115585868,0.351649984233603,-0.0006957996178518222,0.4221673670734858,0.5444558256420429,0.07895523835575856,22,0.1236577114114932,0.123657227274385,4.841371082027418e-07,0.4815221758739051,2.4,0.1310430522392984,joint_es90,es90,True,15,0.1236577114114932,0.4815221758739051,0.07895523835575856,0.12,True,False
CHF,2023,validation,retrospective,ridge_term,daily,10,24,-0.07825943873790668,0.3579945237080454,0.3590885899950728,0.07825943873790668,0.5011633600666847,0.6368065851205031,0.1579104767115171,22,0.1289446154646495,0.1228200757130773,0.006124539751572169,0.5647887182770207,2.4,0.1310430522392999,joint_es90,es90,True,15,0.1236577114114932,0.4815221758739051,0.07895523835575856,0.12,False,False
CHF,2023,outer,retrospective,ridge_term,daily,0,12,-0.04786493860079188,0.2713540224435815,0.264174135850219,0.04786493860079188,0.3840517432573638,0.4022927291539506,0,22,0.06978797405220999,0.06749692170495242,0.002291052347257577,0.3967651576701365,1.2,0.06978797405220999,joint_es90,es90,True,15,0.1236577114114932,0.4815221758739051,0.07895523835575856,0.12,True,True
CHF,2023,outer,retrospective,ridge_term,daily,5,12,-0.126307416678169,0.2700955377683916,0.2877948280808909,0.126307416678169,0.4656969888322172,0.4676225258650675,0.07844247807737813,22,0.08282586307010956,0.06687229956219694,0.01595356350791261,0.4670390297945068,1.2,0.06978797405220809,joint_es90,es90,True,15,0.1236577114114932,0.4815221758739051,0.07895523835575856,0.12,True,True
CHF,2023,outer,retrospective,ridge_term,daily,10,12,-0.2047498947555448,0.2697959398878041,0.3296157578413917,0.2047498947555448,0.5440256915167996,0.5661177514790978,0.1568849561547563,22,0.108646547817355,0.06672402841494832,0.04192251940240669,0.559423187854159,1.2,0.06978797405221046,joint_es90,es90,True,15,0.1236577114114932,0.4815221758739051,0.07895523835575856,0.12,False,True
CHF,2024,validation,retrospective,ewma97,band05,0,24,-0.03880774728132833,0.3827500496355134,0.3766955999978054,0.03880774728132833,0.7131885877789241,0.8911392901503647,0,15.79166666666667,0.1418995750577066,0.1403935338086551,0.001506041249051447,0.7830857241066592,2.4,0.1418995750577066,forecast_first,mse,True,3,0.1709608529966614,0.8976180975625522,0.09579536027610665,0.12,True,False
CHF,2024,validation,retrospective,ewma97,band05,5,24,-0.1346031075574337,0.3993597350967759,0.4134741261513971,0.1346031075574337,0.8085836289585639,1.010404265884163,0.09579536027610665,15.79166666666667,0.1709608529966614,0.1528428564325434,0.01811799656411805,0.8976180975625522,2.4,0.1418995750577111,forecast_first,mse,True,3,0.1709608529966614,0.8976180975625522,0.09579536027610665,0.12,True,False
CHF,2024,validation,retrospective,ewma97,band05,10,24,-0.2303984678335407,0.4179787947428916,0.4695852412492859,0.2303984678335407,0.903978670138195,1.129669241617972,0.1915907205522133,15.79166666666667,0.2205102987991501,0.167426844819107,0.05308345398004308,1.012150471018446,2.4,0.1418995750577102,forecast_first,mse,True,3,0.1709608529966614,0.8976180975625522,0.09579536027610665,0.12,False,False
CHF,2024,outer,retrospective,ewma97,band05,0,12,0.07002609588375308,0.1765918215457171,0.1830016473199594,-0.07002609588375308,0.1716697613893927,0.2115211641170101,0,14.91666666666667,0.03348960292181879,0.0285859488170982,0.004903654104720581,0.1994449814722776,1.2,0.03348960292181879,forecast_first,mse,True,3,0.1709608529966614,0.8976180975625522,0.09579536027610665,0.12,True,True
CHF,2024,outer,retrospective,ewma97,band05,5,12,-0.01930218342975835,0.1808501070914523,0.1742233396646289,0.01930218342975835,0.2781394304830621,0.2813260978506547,0.08932827931351582,14.91666666666667,0.03035377208389666,0.02998119779874062,0.0003725742851560379,0.2803604410725963,1.2,0.03348960292181746,forecast_first,mse,True,3,0.1709608529966614,0.8976180975625522,0.09579536027610665,0.12,True,True
CHF,2024,outer,retrospective,ewma97,band05,10,12,-0.1086304627432719,0.1885762924276442,0.2107087500067983,0.1086304627432719,0.3785221781235626,0.4120002461159729,0.1786565586270316,14.91666666666667,0.04439817732942741,0.03259759989361001,0.01180057743581739,0.4018553770273637,1.2,0.03348960292181938,forecast_first,mse,True,3,0.1709608529966614,0.8976180975625522,0.09579536027610665,0.12,False,True
CHF,2024,validation,retrospective,ewma97,band05,0,24,-0.03880774728132833,0.3827500496355134,0.3766955999978054,0.03880774728132833,0.7131885877789241,0.8911392901503647,0,15.79166666666667,0.1418995750577066,0.1403935338086551,0.001506041249051447,0.7830857241066592,2.4,0.1418995750577066,joint_mse,mse,True,14,0.1709608529966614,0.8976180975625522,0.09579536027610665,0.12,True,False
CHF,2024,validation,retrospective,ewma97,band05,5,24,-0.1346031075574337,0.3993597350967759,0.4134741261513971,0.1346031075574337,0.8085836289585639,1.010404265884163,0.09579536027610665,15.79166666666667,0.1709608529966614,0.1528428564325434,0.01811799656411805,0.8976180975625522,2.4,0.1418995750577111,joint_mse,mse,True,14,0.1709608529966614,0.8976180975625522,0.09579536027610665,0.12,True,False
CHF,2024,validation,retrospective,ewma97,band05,10,24,-0.2303984678335407,0.4179787947428916,0.4695852412492859,0.2303984678335407,0.903978670138195,1.129669241617972,0.1915907205522133,15.79166666666667,0.2205102987991501,0.167426844819107,0.05308345398004308,1.012150471018446,2.4,0.1418995750577102,joint_mse,mse,True,14,0.1709608529966614,0.8976180975625522,0.09579536027610665,0.12,False,False
CHF,2024,outer,retrospective,ewma97,band05,0,12,0.07002609588375308,0.1765918215457171,0.1830016473199594,-0.07002609588375308,0.1716697613893927,0.2115211641170101,0,14.91666666666667,0.03348960292181879,0.0285859488170982,0.004903654104720581,0.1994449814722776,1.2,0.03348960292181879,joint_mse,mse,True,14,0.1709608529966614,0.8976180975625522,0.09579536027610665,0.12,True,True
CHF,2024,outer,retrospective,ewma97,band05,5,12,-0.01930218342975835,0.1808501070914523,0.1742233396646289,0.01930218342975835,0.2781394304830621,0.2813260978506547,0.08932827931351582,14.91666666666667,0.03035377208389666,0.02998119779874062,0.0003725742851560379,0.2803604410725963,1.2,0.03348960292181746,joint_mse,mse,True,14,0.1709608529966614,0.8976180975625522,0.09579536027610665,0.12,True,True
CHF,2024,outer,retrospective,ewma97,band05,10,12,-0.1086304627432719,0.1885762924276442,0.2107087500067983,0.1086304627432719,0.3785221781235626,0.4120002461159729,0.1786565586270316,14.91666666666667,0.04439817732942741,0.03259759989361001,0.01180057743581739,0.4018553770273637,1.2,0.03348960292181938,joint_mse,mse,True,14,0.1709608529966614,0.8976180975625522,0.09579536027610665,0.12,False,True
CHF,2024,validation,retrospective,ridge_flat,daily,0,24,0.06185657444962578,0.4459559752178187,0.4409267934046399,-0.06185657444962578,0.667827874586245,0.7436151142403926,0,22,0.194416437142098,0.1905902013394559,0.003826235802642097,0.6801298803842744,2.4,0.194416437142098,joint_es90,es90,True,14,0.1924332454790229,0.7545729128785499,0.06514203553938104,0.12,True,False
CHF,2024,validation,retrospective,ridge_flat,daily,5,24,-0.003285461089756877,0.4480944596354082,0.4386721389363848,0.003285461089756877,0.7294428278530534,0.8300636575206042,0.06514203553938104,22,0.1924332454790229,0.1924224512244506,1.079425457230644e-05,0.7545729128785499,2.4,0.1944164371421014,joint_es90,es90,True,14,0.1924332454790229,0.7545729128785499,0.06514203553938104,0.12,True,False
CHF,2024,validation,retrospective,ridge_flat,daily,10,24,-0.0684274966291351,0.4504086632635955,0.4462033778523816,0.0684274966291351,0.7920198859717354,0.9165122008007789,0.1302840710787621,22,0.1990974544068752,0.1944151321119449,0.004682322294930295,0.8300849507637824,2.4,0.1944164371421032,joint_es90,es90,True,14,0.1924332454790229,0.7545729128785499,0.06514203553938104,0.12,False,False
CHF,2024,outer,retrospective,ridge_flat,daily,0,12,0.06622564733402747,0.3368240713894459,0.3292143478696313,-0.06622564733402747,0.4112189313154483,0.4911295506296511,0,22,0.1083820868432266,0.1039962504784157,0.00438583636481098,0.4669142114435291,1.2,0.1083820868432266,joint_es90,es90,True,14,0.1924332454790229,0.7545729128785499,0.06514203553938104,0.12,True,True
CHF,2024,outer,retrospective,ridge_flat,daily,5,12,-0.0007757172371141152,0.3386094310130427,0.3241947762440975,0.0007757172371141152,0.4780743321817351,0.5681687540520386,0.06700136457113852,22,0.1051022529439605,0.1051016512067285,6.017372319559565e-07,0.5408674140913406,1.2,0.1083820868432249,joint_es90,es90,True,14,0.1924332454790229,0.7545729128785499,0.06514203553938104,0.12,True,True
CHF,2024,outer,retrospective,ridge_flat,daily,10,12,-0.06777708180825541,0.3406029578557286,0.3330714284907091,0.06777708180825541,0.5449297330480244,0.6452079574744403,0.134002729142277,22,0.1109365764768416,0.1063428436583986,0.004593732818442947,0.6148206167391629,1.2,0.1083820868432223,joint_es90,es90,True,14,0.1924332454790229,0.7545729128785499,0.06514203553938104,0.12,False,True
CHF,2025,validation,retrospective,ewma97,daily,0,24,0.01300868517429885,0.1729901344528211,0.1698467340444091,-0.01300868517429885,0.2476555037192341,0.2501056284096184,0,22,0.02884791306555225,0.02867868717558823,0.0001692258899640226,0.2479826642737588,2.4,0.02884791306555225,forecast_first,mse,True,4,0.03959924995243456,0.3897270282135127,0.1069214540183637,0.12,True,False
CHF,2025,validation,retrospective,ewma97,daily,5,24,-0.0939127688440638,0.1792146397372404,0.1989956028469839,0.0939127688440638,0.3800647550381967,0.4029903928253707,0.1069214540183637,22,0.03959924995243456,0.030779641800476,0.00881960815195856,0.3897270282135127,2.4,0.02884791306555206,forecast_first,mse,True,4,0.03959924995243456,0.3897270282135127,0.1069214540183637,0.12,True,False
CHF,2025,validation,retrospective,ewma97,daily,10,24,-0.2008342228624259,0.1922740702722273,0.2752513667862104,0.2008342228624259,0.5191541613872451,0.5584885368025377,0.2138429080367274,22,0.07576331491767692,0.03542892984492234,0.04033438507275457,0.5342144644740637,2.4,0.0288479130655516,forecast_first,mse,True,4,0.03959924995243456,0.3897270282135127,0.1069214540183637,0.12,False,False
CHF,2025,outer,retrospective,ewma97,daily,0,12,0.0485112367508338,0.2855561066187718,0.2776696585562795,-0.0485112367508338,0.3477031755322027,0.4555060234609272,0,22,0.07710043928276085,0.0747470991916654,0.002353340091095448,0.4228384937855562,1.2,0.07710043928276085,forecast_first,mse,True,4,0.03959924995243456,0.3897270282135127,0.1069214540183637,0.12,True,True
CHF,2025,outer,retrospective,ewma97,daily,5,12,-0.06362824092398954,0.2950343849852969,0.2895514934165642,0.06362824092398954,0.4988669350154331,0.5928760823977655,0.1121394776748131,22,0.08384006733976263,0.07979151429668135,0.004048553043081257,0.5643884619788769,1.2,0.07710043928276071,forecast_first,mse,True,4,0.03959924995243456,0.3897270282135127,0.1069214540183637,0.12,True,True
CHF,2025,outer,retrospective,ewma97,daily,10,12,-0.1757677185988011,0.3075469107070294,0.342924629225935,0.1757677185988011,0.6587571018663382,0.7302461413345895,0.2242789553496262,22,0.117597301329745,0.0867030104283177,0.03089429090142731,0.7085827960411801,1.2,0.07710043928276156,forecast_first,mse,True,4,0.03959924995243456,0.3897270282135127,0.1069214540183637,0.12,False,True
CHF,2025,validation,retrospective,rolling63,daily,0,24,0.01012866245349803,0.1691417989959883,0.1658900191805188,-0.01012866245349803,0.2398770691784584,0.2678913960803087,0,22,0.02751949846371289,0.027416908660616,0.0001025898030969008,0.2517224701668338,2.4,0.02751949846371289,joint_mse,mse,True,16,0.03931699348922222,0.3928848292278412,0.1073030137470108,0.12,True,False
CHF,2025,validation,retrospective,rolling63,daily,5,24,-0.09717435129351826,0.1765588132775847,0.1982851317906167,0.09717435129351826,0.3646327970541861,0.4228819349110229,0.1073030137470108,22,0.03931699348922222,0.02987413893990613,0.009442854549316093,0.3928848292278412,2.4,0.0275194984637142,joint_mse,mse,True,16,0.03931699348922222,0.3928848292278412,0.1073030137470108,0.12,True,False
CHF,2025,validation,retrospective,rolling63,daily,10,24,-0.2044773650405244,0.1907499377440587,0.2769123822596624,0.2044773650405244,0.5058965291893236,0.5818029509463283,0.2146060274940217,22,0.07668046744872135,0.0348694746348055,0.04181099281391585,0.539942904095747,2.4,0.02751949846371277,joint_mse,mse,True,16,0.03931699348922222,0.3928848292278412,0.1073030137470108,0.12,False,False
CHF,2025,outer,retrospective,rolling63,daily,0,12,0.05187095956585072,0.2880390600636544,0.2806122263167439,-0.05187095956585072,0.3389131644441454,0.4421304824895031,0,22,0.07874322155843951,0.07605262511215737,0.002690596446282121,0.4108525073242433,1.2,0.07874322155843951,joint_mse,mse,True,16,0.03931699348922222,0.3928848292278412,0.1073030137470108,0.12,True,True
CHF,2025,outer,retrospective,rolling63,daily,5,12,-0.06069749118350635,0.2994795908724768,0.2930839618141687,0.06069749118350635,0.5006698171217236,0.5791860806755409,0.1125684507493685,22,0.08589820867268909,0.08221402323671728,0.003684185435971831,0.5553932735380206,1.2,0.07874322155843837,joint_mse,mse,True,16,0.03931699348922222,0.3928848292278412,0.1073030137470108,0.12,True,True
CHF,2025,outer,retrospective,rolling63,daily,10,12,-0.173265941932885,0.3139136394766998,0.3469164816819821,0.173265941932885,0.6624264697993595,0.7162416788617065,0.225136901498737,22,0.120351045262605,0.09032995862871517,0.03002108663388988,0.6999340397519045,1.2,0.07874322155844002,joint_mse,mse,True,16,0.03931699348922222,0.3928848292278412,0.1073030137470108,0.12,False,True
CHF,2025,validation,retrospective,ewma97,daily,0,24,0.01300868517429885,0.1729901344528211,0.1698467340444091,-0.01300868517429885,0.2476555037192341,0.2501056284096184,0,22,0.02884791306555225,0.02867868717558823,0.0001692258899640226,0.2479826642737588,2.4,0.02884791306555225,joint_es90,es90,True,16,0.03959924995243456,0.3897270282135127,0.1069214540183637,0.12,True,False
CHF,2025,validation,retrospective,ewma97,daily,5,24,-0.0939127688440638,0.1792146397372404,0.1989956028469839,0.0939127688440638,0.3800647550381967,0.4029903928253707,0.1069214540183637,22,0.03959924995243456,0.030779641800476,0.00881960815195856,0.3897270282135127,2.4,0.02884791306555206,joint_es90,es90,True,16,0.03959924995243456,0.3897270282135127,0.1069214540183637,0.12,True,False
CHF,2025,validation,retrospective,ewma97,daily,10,24,-0.2008342228624259,0.1922740702722273,0.2752513667862104,0.2008342228624259,0.5191541613872451,0.5584885368025377,0.2138429080367274,22,0.07576331491767692,0.03542892984492234,0.04033438507275457,0.5342144644740637,2.4,0.0288479130655516,joint_es90,es90,True,16,0.03959924995243456,0.3897270282135127,0.1069214540183637,0.12,False,False
CHF,2025,outer,retrospective,ewma97,daily,0,12,0.0485112367508338,0.2855561066187718,0.2776696585562795,-0.0485112367508338,0.3477031755322027,0.4555060234609272,0,22,0.07710043928276085,0.0747470991916654,0.002353340091095448,0.4228384937855562,1.2,0.07710043928276085,joint_es90,es90,True,16,0.03959924995243456,0.3897270282135127,0.1069214540183637,0.12,True,True
CHF,2025,outer,retrospective,ewma97,daily,5,12,-0.06362824092398954,0.2950343849852969,0.2895514934165642,0.06362824092398954,0.4988669350154331,0.5928760823977655,0.1121394776748131,22,0.08384006733976263,0.07979151429668135,0.004048553043081257,0.5643884619788769,1.2,0.07710043928276071,joint_es90,es90,True,16,0.03959924995243456,0.3897270282135127,0.1069214540183637,0.12,True,True
CHF,2025,outer,retrospective,ewma97,daily,10,12,-0.1757677185988011,0.3075469107070294,0.342924629225935,0.1757677185988011,0.6587571018663382,0.7302461413345895,0.2242789553496262,22,0.117597301329745,0.0867030104283177,0.03089429090142731,0.7085827960411801,1.2,0.07710043928276156,joint_es90,es90,True,16,0.03959924995243456,0.3897270282135127,0.1069214540183637,0.12,False,True
CHF,2026,validation,additional_2026,rolling63,daily,0,24,0.04658028752355928,0.220820904909219,0.2211331059840774,-0.04658028752355928,0.3206429561666628,0.4665928408428073,0,22,0.0488998505621652,0.04673012737638774,0.002169723185777453,0.3788321892122666,2.4,0.0488998505621652,forecast_first,mse,True,4,0.05710064943849535,0.5388507549905283,0.1141236069786784,0.12,True,False
CHF,2026,validation,additional_2026,rolling63,daily,5,24,-0.06754331945511451,0.2341427645551834,0.2389574218108644,0.06754331945511451,0.5042692135300424,0.6085822112535979,0.1141236069786784,22,0.05710064943849535,0.0525385494354797,0.00456210000301565,0.5388507549905283,2.4,0.04889985056216143,forecast_first,mse,True,4,0.05710064943849535,0.5388507549905283,0.1141236069786784,0.12,True,False
CHF,2026,validation,additional_2026,rolling63,daily,10,24,-0.1816669264337972,0.2518634348155692,0.3062595778890626,0.1816669264337972,0.690643143338492,0.7505715816645282,0.2282472139573569,22,0.09379492904878679,0.06079205688888412,0.03300287215990269,0.7019222901522362,2.4,0.04889985056216604,forecast_first,mse,True,4,0.05710064943849535,0.5388507549905283,0.1141236069786784,0.12,False,False
CHF,2026,outer,additional_2026,rolling63,daily,0,9,-0.01339882829523623,0.06962497063475701,0.0669965585221387,0.01339882829523623,0.1151510625179299,0.1200638039745741,0,22,0.004488538853810356,0.004309010254125134,0.0001795285996852231,0.1200638039745741,0.9,0.004488538853810356,forecast_first,mse,True,4,0.05710064943849535,0.5388507549905283,0.1141236069786784,0.12,True,True
CHF,2026,outer,additional_2026,rolling63,daily,5,9,-0.1387620336408023,0.0949680286091267,0.165141531718305,0.1387620336408023,0.2772977089071134,0.2809190014389031,0.1253632053455631,22,0.02727172549826795,0.008016823518136809,0.01925490198013115,0.2809190014389031,0.9,0.004488538853810964,forecast_first,mse,True,4,0.05710064943849535,0.5388507549905283,0.1141236069786784,0.12,False,True
CHF,2026,outer,additional_2026,rolling63,daily,10,9,-0.2641252389863645,0.1236165959982109,0.2886958759809969,0.2641252389863645,0.4394443552963082,0.4417741989032322,0.2507264106911262,22,0.08334530880843517,0.013583166938831,0.06976214186960415,0.4417741989032322,0.9,0.004488538853810715,forecast_first,mse,True,4,0.05710064943849535,0.5388507549905283,0.1141236069786784,0.12,False,True
CHF,2026,validation,additional_2026,ewma97,daily,0,24,0.05326161682907551,0.2208944800044473,0.2227062467010396,-0.05326161682907551,0.3110762811180883,0.4834044361241301,0,22,0.0495980723196643,0.04676127249241705,0.00283679982724726,0.38575327012054,2.4,0.0495980723196643,joint_mse,mse,True,16,0.05522116800532662,0.5365567151885434,0.113134784702247,0.12,True,False
CHF,2026,validation,additional_2026,ewma97,daily,5,24,-0.05987316787316919,0.232123741604586,0.2349918466784042,0.05987316787316919,0.4839671389927328,0.6260525294411868,0.113134784702247,22,0.05522116800532662,0.05163637177415792,0.003584796231168699,0.5365567151885434,2.4,0.04959807231966364,joint_mse,mse,True,16,0.05522116800532662,0.5365567151885434,0.113134784702247,0.12,True,False
CHF,2026,validation,additional_2026,ewma97,daily,10,24,-0.1730079525754156,0.2474988348717184,0.2977164845921529,0.1730079525754156,0.6659643198980528,0.7687006227582648,0.2262695694044941,22,0.08863510519790962,0.05870335354357237,0.02993175165433724,0.6974782969573166,2.4,0.04959807231966362,joint_mse,mse,True,16,0.05522116800532662,0.5365567151885434,0.113134784702247,0.12,False,False
CHF,2026,outer,additional_2026,ewma97,daily,0,9,-0.01337280541576882,0.07106684035143061,0.06832394545470534,0.01337280541576882,0.1145755609157049,0.1180230466282808,0,22,0.004668161522497551,0.004489329597809535,0.0001788319246880158,0.1180230466282808,0.9,0.004668161522497551,joint_mse,mse,True,16,0.05522116800532662,0.5365567151885434,0.113134784702247,0.12,True,True
CHF,2026,outer,additional_2026,ewma97,daily,5,9,-0.1394515667489779,0.09582763545165084,0.1661606120423976,0.1394515667489779,0.2748850925555331,0.2765042731970055,0.1260787613332074,22,0.02760934899430417,0.008162609525559547,0.01944673946874462,0.2765042731970055,0.9,0.004668161522497658,joint_mse,mse,True,16,0.05522116800532662,0.5365567151885434,0.113134784702247,0.12,False,True
CHF,2026,outer,additional_2026,ewma97,daily,10,9,-0.2655303280821847,0.1236855660112952,0.2900080746192288,0.2655303280821847,0.4352991864102137,0.4355083108398787,0.2521575226664148,22,0.0841046833443522,0.01359832821291953,0.07050635513143266,0.4355083108398787,0.9,0.00466816152249836,joint_mse,mse,True,16,0.05522116800532662,0.5365567151885434,0.113134784702247,0.12,False,True
CHF,2026,validation,additional_2026,ridge_term,daily,0,24,0.09352887054716952,0.2762863352355768,0.2861838561784282,-0.09352887054716952,0.3557605153363035,0.3767714099653793,0,22,0.0819011995371553,0.07315354991132611,0.008747649625829194,0.3615596419919104,2.4,0.0819011995371553,joint_es90,es90,True,16,0.07512912005857438,0.4492540583179677,0.08104204276080257,0.12,True,False
CHF,2026,validation,additional_2026,ridge_term,daily,5,24,0.01248682778636478,0.2797014542383262,0.2740969172730229,-0.01248682778636478,0.4320858841339571,0.4721931597575732,0.08104204276080257,22,0.07512912005857438,0.07497319919040805,0.0001559208681663317,0.4492540583179677,2.4,0.0819011995371537,joint_es90,es90,True,16,0.07512912005857438,0.4492540583179677,0.08104204276080257,0.12,True,False
CHF,2026,validation,additional_2026,ridge_term,daily,10,24,-0.06855521497443624,0.2833982997281895,0.2857760876577768,0.06855521497443624,0.5084112529316185,0.567614909549734,0.1620840855216051,22,0.08166797227698536,0.07696815477679418,0.004699817500191167,0.5369484746440086,2.4,0.08190119953715264,joint_es90,es90,True,16,0.07512912005857438,0.4492540583179677,0.08104204276080257,0.12,False,False
CHF,2026,outer,additional_2026,ridge_term,daily,0,9,-0.007335769866124843,0.1598223782928702,0.1508604441570174,0.007335769866124843,0.1467599171130843,0.1542164546288376,0,22,0.02275887361125257,0.02270506009172382,5.381351952874529e-05,0.1542164546288376,0.9,0.02275887361125257,joint_es90,es90,True,16,0.07512912005857438,0.4492540583179677,0.08104204276080257,0.12,True,True
CHF,2026,outer,additional_2026,ridge_term,daily,5,9,-0.0921224327732154,0.1614423528820261,0.1779163192855867,0.0921224327732154,0.2433462033099403,0.2516087881167977,0.08478666290709634,22,0.03165421666813081,0.02316767404807523,0.00848654262005559,0.2516087881167977,0.9,0.02275887361125091,joint_es90,es90,True,16,0.07512912005857438,0.4492540583179677,0.08104204276080257,0.12,True,True
CHF,2026,outer,additional_2026,ridge_term,daily,10,9,-0.1769090956803178,0.1637911542905458,0.2348266005660076,0.1769090956803178,0.3399324895068361,0.3490011216048146,0.1695733258141927,22,0.05514353233338729,0.02384670419895946,0.03129682813442784,0.3490011216048146,0.9,0.02275887361125369,joint_es90,es90,True,16,0.07512912005857438,0.4492540583179677,0.08104204276080257,0.12,False,True
CAD,2015,validation,retrospective,ridge_term,band05,0,24,0.01077935975182442,0.2762565560819426,0.2706547170150327,-0.01077935975182442,0.4268152118932425,0.5110586742508154,0,14.41666666666667,0.07325397584248744,0.07313778124582818,0.0001161945966592523,0.4513887852521879,2.4,0.07325397584248744,forecast_first,mse,True,4,0.08317160296489681,0.5602070900767078,0.08899092881800301,0.12,True,False
CAD,2015,validation,retrospective,ridge_term,band05,5,24,-0.07821156906617784,0.2835573159068228,0.2883948733332422,0.07821156906617784,0.5452789894264302,0.6134088683833383,0.08899092881800301,14.41666666666667,0.08317160296489681,0.07705455342910331,0.006117049535793505,0.5602070900767078,2.4,0.07325397584248768,forecast_first,mse,True,4,0.08317160296489681,0.5602070900767078,0.08899092881800301,0.12,True,False
CAD,2015,validation,retrospective,ridge_term,band05,10,24,-0.1672024978841794,0.292725262917068,0.3317746497257807,0.1672024978841794,0.665551288562739,0.7157590625158601,0.177981857636006,14.41666666666667,0.1100744182006645,0.08211774290195546,0.02795667529870901,0.671034863349122,2.4,0.07325397584248844,forecast_first,mse,True,4,0.08317160296489681,0.5602070900767078,0.08899092881800301,0.12,False,False
CAD,2015,outer,retrospective,ridge_term,band05,0,12,-0.04072398821213145,0.4857141671301438,0.4668156392205817,0.04072398821213145,0.9448833291223395,1.371781053358447,0,15.25,0.2179168410209203,0.2162583978050185,0.001658443215901821,1.242418106620233,1.2,0.2179168410209203,forecast_first,mse,True,4,0.08317160296489681,0.5602070900767078,0.08899092881800301,0.12,True,True
CAD,2015,outer,retrospective,ridge_term,band05,5,12,-0.1333634717272233,0.5119699753800515,0.5079924211779485,0.1333634717272233,1.075933410055637,1.541560280554364,0.09263948351509414,15.25,0.2580562999742342,0.2402704843830963,0.0177858155911379,1.400461228888084,1.2,0.2179168410209223,forecast_first,mse,True,4,0.08317160296489681,0.5602070900767078,0.08899092881800301,0.12,True,True
CAD,2015,outer,retrospective,ridge_term,band05,10,12,-0.2260029552423194,0.5394226716918376,0.5637429257077128,0.2260029552423194,1.206983490988937,1.711339507750267,0.1852789670301883,15.25,0.3178060862854917,0.2667287505072299,0.05107733577826181,1.558504351155925,1.2,0.2179168410209208,forecast_first,mse,True,4,0.08317160296489681,0.5602070900767078,0.08899092881800301,0.12,False,True
CAD,2015,validation,retrospective,ridge_flat,band05,0,24,0.01105447450615515,0.2710433887601508,0.2655667494044621,-0.01105447450615515,0.4128030916249291,0.5325005590256401,0,14.70833333333333,0.07052569838925235,0.07040349698264513,0.0001222014066072342,0.4561677189735069,2.4,0.07052569838925235,joint_mse,mse,True,16,0.08049553338764114,0.5661474110881256,0.09038007181784069,0.12,True,False
CAD,2015,validation,retrospective,ridge_flat,band05,5,24,-0.07932559731167672,0.2782610279052889,0.2837173477030284,0.07932559731167672,0.5305007328741431,0.6378720265754841,0.09038007181784069,14.70833333333333,0.08049553338764114,0.07420298299878683,0.006292550388854293,0.5661474110881256,2.4,0.07052569838925249,joint_mse,mse,True,16,0.08049553338764114,0.5661474110881256,0.09038007181784069,0.12,True,False
CAD,2015,validation,retrospective,ridge_flat,band05,10,24,-0.169705669129522,0.2874072046204214,0.3285743870870061,0.169705669129522,0.6500421589415043,0.7432434941253387,0.1807601436356814,14.70833333333333,0.1079611278496017,0.07916111371490292,0.02880001413469881,0.6781757530006736,2.4,0.07052569838925156,joint_mse,mse,True,16,0.08049553338764114,0.5661474110881256,0.09038007181784069,0.12,False,False
CAD,2015,outer,retrospective,ridge_flat,band05,0,12,-0.04325551308844252,0.4726314901900269,0.4545728996965387,0.04325551308844252,0.947620288663835,1.298121386929111,0,15.5,0.2066365211385195,0.2047654817259751,0.001871039412544422,1.191908932909331,1.2,0.2066365211385195,joint_mse,mse,True,16,0.08049553338764114,0.5661474110881256,0.09038007181784069,0.12,True,True
CAD,2015,outer,retrospective,ridge_flat,band05,5,12,-0.1352741327039074,0.4969412340664061,0.4946417544559732,0.1352741327039074,1.076924601077937,1.463981257627452,0.09201861961546585,15.5,0.2446704652512833,0.226371374272489,0.01829909097879435,1.346691361703357,1.2,0.2066365211385184,joint_mse,mse,True,16,0.08049553338764114,0.5661474110881256,0.09038007181784069,0.12,True,True
CAD,2015,outer,retrospective,ridge_flat,band05,10,12,-0.2272927523193718,0.5225338756681912,0.5494999322499208,0.2272927523193718,1.20622891349203,1.629841128325808,0.1840372392309317,15.5,0.3019501755426675,0.2502881802857523,0.0516619952569153,1.50147379049739,1.2,0.2066365211385142,joint_mse,mse,True,16,0.08049553338764114,0.5661474110881256,0.09038007181784069,0.12,False,True
CAD,2015,validation,retrospective,ridge_term,band05,0,24,0.01077935975182442,0.2762565560819426,0.2706547170150327,-0.01077935975182442,0.4268152118932425,0.5110586742508154,0,14.41666666666667,0.07325397584248744,0.07313778124582818,0.0001161945966592523,0.4513887852521879,2.4,0.07325397584248744,joint_es90,es90,True,16,0.08317160296489681,0.5602070900767078,0.08899092881800301,0.12,True,False
CAD,2015,validation,retrospective,ridge_term,band05,5,24,-0.07821156906617784,0.2835573159068228,0.2883948733332422,0.07821156906617784,0.5452789894264302,0.6134088683833383,0.08899092881800301,14.41666666666667,0.08317160296489681,0.07705455342910331,0.006117049535793505,0.5602070900767078,2.4,0.07325397584248768,joint_es90,es90,True,16,0.08317160296489681,0.5602070900767078,0.08899092881800301,0.12,True,False
CAD,2015,validation,retrospective,ridge_term,band05,10,24,-0.1672024978841794,0.292725262917068,0.3317746497257807,0.1672024978841794,0.665551288562739,0.7157590625158601,0.177981857636006,14.41666666666667,0.1100744182006645,0.08211774290195546,0.02795667529870901,0.671034863349122,2.4,0.07325397584248844,joint_es90,es90,True,16,0.08317160296489681,0.5602070900767078,0.08899092881800301,0.12,False,False
CAD,2015,outer,retrospective,ridge_term,band05,0,12,-0.04072398821213145,0.4857141671301438,0.4668156392205817,0.04072398821213145,0.9448833291223395,1.371781053358447,0,15.25,0.2179168410209203,0.2162583978050185,0.001658443215901821,1.242418106620233,1.2,0.2179168410209203,joint_es90,es90,True,16,0.08317160296489681,0.5602070900767078,0.08899092881800301,0.12,True,True
CAD,2015,outer,retrospective,ridge_term,band05,5,12,-0.1333634717272233,0.5119699753800515,0.5079924211779485,0.1333634717272233,1.075933410055637,1.541560280554364,0.09263948351509414,15.25,0.2580562999742342,0.2402704843830963,0.0177858155911379,1.400461228888084,1.2,0.2179168410209223,joint_es90,es90,True,16,0.08317160296489681,0.5602070900767078,0.08899092881800301,0.12,True,True
CAD,2015,outer,retrospective,ridge_term,band05,10,12,-0.2260029552423194,0.5394226716918376,0.5637429257077128,0.2260029552423194,1.206983490988937,1.711339507750267,0.1852789670301883,15.25,0.3178060862854917,0.2667287505072299,0.05107733577826181,1.558504351155925,1.2,0.2179168410209208,joint_es90,es90,True,16,0.08317160296489681,0.5602070900767078,0.08899092881800301,0.12,False,True
CAD,2016,validation,retrospective,ridge_term,band10,0,24,0.00742565720585316,0.4220365682969448,0.4132173189222668,-0.00742565720585316,0.7196681403239956,0.9576609083657802,0,12.16666666666667,0.1707485526573063,0.1706934122723675,5.514038493883897e-05,0.804065147579007,2.4,0.1707485526573063,forecast_first,mse,True,4,0.1811878496541236,0.9015798571685515,0.0754025625383046,0.12,True,False
CAD,2016,validation,retrospective,ridge_term,band10,5,24,-0.06797690533245208,0.4292363167854355,0.4256616610103894,0.06797690533245208,0.8161487881261812,1.057104071901619,0.0754025625383046,12.16666666666667,0.1811878496541236,0.1765669899955465,0.004620859658577153,0.9015798571685515,2.4,0.1707485526573056,forecast_first,mse,True,4,0.1811878496541236,0.9015798571685515,0.0754025625383046,0.12,True,False
CAD,2016,validation,retrospective,ridge_term,band10,10,24,-0.1433794678707579,0.437372661677529,0.4515328320737054,0.1433794678707579,0.9126294359283632,1.156547235437449,0.1508051250766092,12.16666666666667,0.2038818984405011,0.1833242266335993,0.0205576718069017,0.9990945667580966,2.4,0.1707485526573077,forecast_first,mse,True,4,0.1811878496541236,0.9015798571685515,0.0754025625383046,0.12,False,False
CAD,2016,outer,retrospective,ridge_term,band10,0,12,0.1315914375606052,0.435557581817504,0.4372842472901188,-0.1315914375606052,0.4410018183640564,0.5915258088620394,0,11.5,0.1912175129280858,0.1739012064888191,0.01731630643926665,0.5459124784081053,1.2,0.1912175129280858,forecast_first,mse,True,4,0.1811878496541236,0.9015798571685515,0.0754025625383046,0.12,True,True
CAD,2016,outer,retrospective,ridge_term,band10,5,12,0.05883088783202369,0.4395854477887376,0.4249629302795249,-0.05883088783202369,0.5271138597731767,0.6686676099654072,0.07276054972858854,11.5,0.1805934921117603,0.1771324187486562,0.003461073363104153,0.6257725341495799,1.2,0.1912175129280799,forecast_first,mse,True,4,0.1811878496541236,0.9015798571685515,0.0754025625383046,0.12,True,True
CAD,2016,outer,retrospective,ridge_term,band10,10,12,-0.01392966189656593,0.4446072253764253,0.425906861805175,0.01392966189656593,0.6204434720949703,0.7458094110688158,0.1455210994571771,11.5,0.1813966549327324,0.1812026194521798,0.0001940354805526408,0.707819732591893,1.2,0.1912175129280796,forecast_first,mse,True,4,0.1811878496541236,0.9015798571685515,0.0754025625383046,0.12,False,True
CAD,2016,validation,retrospective,ridge_flat,band10,0,24,0.01168113823415773,0.4139505384620806,0.405403137142049,-0.01168113823415773,0.778342338961151,0.859436705030894,0,12.5,0.164351703604615,0.1642152546141695,0.0001364489904455015,0.7757320705598152,2.4,0.164351703604615,joint_mse,mse,True,16,0.1738841675501035,0.8722771213525671,0.07565389886669031,0.12,True,False
CAD,2016,validation,retrospective,ridge_flat,band10,5,24,-0.06397276063253947,0.4209203003529355,0.4169942056553106,0.06397276063253947,0.8745689125578555,0.957142055324803,0.07565389886669031,12.5,0.1738841675501035,0.1697916534471553,0.004092514102948192,0.8722771213525671,2.4,0.164351703604618,joint_mse,mse,True,16,0.1738841675501035,0.8722771213525671,0.07565389886669031,0.12,True,False
CAD,2016,validation,retrospective,ridge_flat,band10,10,24,-0.139626659499227,0.428845205250066,0.4424262334251917,0.139626659499227,0.9707954861545137,1.054847405618682,0.1513077977333806,12.5,0.1957409720228022,0.1762453679798891,0.01949560404291307,0.9688221721452871,2.4,0.1643517036046181,joint_mse,mse,True,16,0.1738841675501035,0.8722771213525671,0.07565389886669031,0.12,False,False
CAD,2016,outer,retrospective,ridge_flat,band10,0,12,0.1327777629010072,0.429713934095913,0.4323148860658943,-0.1327777629010072,0.4282883073137825,0.5612579979096406,0,11.58333333333333,0.1868961607141672,0.1692662263931711,0.01762993432099608,0.5209641522745322,1.2,0.1868961607141672,joint_mse,mse,True,16,0.1738841675501035,0.8722771213525671,0.07565389886669031,0.12,True,True
CAD,2016,outer,retrospective,ridge_flat,band10,5,12,0.05989701656285954,0.4337823878462697,0.4196119825882106,-0.05989701656285954,0.5213403038178511,0.6369329852005023,0.07288074633814602,11.58333333333333,0.1760742159316087,0.1724865633384773,0.00358765259313147,0.6019048999330323,1.2,0.1868961607141696,joint_mse,mse,True,16,0.1738841675501035,0.8722771213525671,0.07565389886669031,0.12,True,True
CAD,2016,outer,retrospective,ridge_flat,band10,10,12,-0.01298372977528587,0.4388461679881768,0.4203637787285665,0.01298372977528587,0.6143923003219238,0.7126079724913907,0.145761492676292,11.58333333333333,0.1767057064669592,0.1765371292280815,0.0001685772388776449,0.6828456475915524,1.2,0.1868961607141721,joint_mse,mse,True,16,0.1738841675501035,0.8722771213525671,0.07565389886669031,0.12,False,True
CAD,2016,validation,retrospective,ridge_term,every5,0,24,0.06542813775940227,0.4377752903562781,0.4335236393269097,-0.06542813775940227,0.5604883802743548,0.7493275740083394,0,6,0.1879427458552485,0.1836619046445851,0.004280841210663321,0.6364033461783249,2.4,0.1879427458552485,joint_es90,es90,True,16,0.1929846102419895,0.7342355281337684,0.07914726056750659,0.12,True,False
CAD,2016,validation,retrospective,ridge_term,every5,5,24,-0.01371912280810266,0.4485296510906632,0.4393001368563292,0.01371912280810266,0.6431798352519367,0.8578201530069691,0.07914726056750659,6,0.1929846102419895,0.1927963959113658,0.0001882143306238026,0.7342355281337684,2.4,0.1879427458552452,joint_es90,es90,True,16,0.1929846102419895,0.7342355281337684,0.07914726056750659,0.12,True,False
CAD,2016,validation,retrospective,ridge_term,every5,10,24,-0.09286638337561,0.4605142372073202,0.4602837578283956,0.09286638337561,0.725871290229529,0.9663127320056474,0.1582945211350132,6,0.2118611377206291,0.2032369725593633,0.008624165161265773,0.8320677100892431,2.4,0.1879427458552503,joint_es90,es90,True,16,0.1929846102419895,0.7342355281337684,0.07914726056750659,0.12,False,False
CAD,2016,outer,retrospective,ridge_term,every5,0,12,0.1077111965442227,0.4820798278822532,0.4739577149996848,-0.1077111965442227,0.5491414684748421,0.6330389046647467,0,6,0.2246359156077225,0.2130342137467343,0.01160170186098818,0.6076154391526545,1.2,0.2246359156077225,joint_es90,es90,True,16,0.1929846102419895,0.7342355281337684,0.07914726056750659,0.12,True,True
CAD,2016,outer,retrospective,ridge_term,every5,5,12,0.03046712057517174,0.4840397678765639,0.4644332039324637,-0.03046712057517174,0.6246991367943502,0.7096087230311556,0.07724407596905021,6,0.2156982009149735,0.2147699554788314,0.0009282454361420532,0.6838785453836389,1.2,0.2246359156077234,joint_es90,es90,True,16,0.1929846102419895,0.7342355281337684,0.07914726056750659,0.12,True,True
CAD,2016,outer,retrospective,ridge_term,every5,10,12,-0.04677695539387955,0.4874616705727184,0.4690473222149385,0.04677695539387955,0.7002568051138487,0.7861785413975433,0.1544881519381004,6,0.2200053904770043,0.2178173069210834,0.002188083555920997,0.7601416516146056,1.2,0.2246359156077239,joint_es90,es90,True,16,0.1929846102419895,0.7342355281337684,0.07914726056750659,0.12,False,True
CAD,2017,validation,retrospective,ridge_term,every5,0,24,0.06207984678804199,0.3597388275707201,0.3575944123863443,-0.06207984678804199,0.46432411246676,0.7144234437516062,0,6,0.1278737637699348,0.1240198563927081,0.003853907377226767,0.5788167154556032,2.4,0.1278737637699348,forecast_first,mse,True,3,0.1299189720023205,0.692787668778055,0.08729899860228953,0.12,True,False
CAD,2017,validation,retrospective,ridge_term,every5,5,24,-0.02521915181424722,0.3672927509800993,0.3604427444162533,0.02521915181424722,0.5839280667190101,0.821551236417586,0.08729899860228953,6,0.1299189720023205,0.1292829663840905,0.0006360056182300489,0.692787668778055,2.4,0.1278737637699344,forecast_first,mse,True,3,0.1299189720023205,0.692787668778055,0.08729899860228953,0.12,True,False
CAD,2017,validation,retrospective,ridge_term,every5,10,24,-0.1125181504165341,0.3764283683732826,0.3852980069606153,0.1125181504165341,0.7046155023124034,0.9286790290835658,0.1745979972045791,6,0.1484545541678224,0.1357942199946646,0.01266033417315779,0.8079624902573327,2.4,0.1278737637699362,forecast_first,mse,True,3,0.1299189720023205,0.692787668778055,0.08729899860228953,0.12,False,False
CAD,2017,outer,retrospective,ridge_term,every5,0,12,-0.1038121949543342,0.5351755142445007,0.5228021298230626,0.1038121949543342,0.9201508390881901,1.569328054638902,0,6,0.2733220669475304,0.2625450951262937,0.01077697182123669,1.372607686290202,1.2,0.2733220669475304,forecast_first,mse,True,3,0.1299189720023205,0.692787668778055,0.08729899860228953,0.12,True,True
CAD,2017,outer,retrospective,ridge_term,every5,5,12,-0.1910035010022581,0.5500184523436915,0.5601719472511307,0.1910035010022581,1.039997144282331,1.708060633557849,0.08719130604792298,6,0.3137926104871235,0.2773102730920039,0.0364823373951196,1.505617151959208,1.2,0.2733220669475297,forecast_first,mse,True,3,0.1299189720023205,0.692787668778055,0.08729899860228953,0.12,True,True
CAD,2017,outer,retrospective,ridge_term,every5,10,12,-0.2781948070501836,0.5657896835388563,0.6089612627270349,0.2781948070501836,1.15984344947648,1.846793212476797,0.174382612095846,6,0.3708338195021048,0.2934414688324158,0.07739235066968886,1.638626617628217,1.2,0.2733220669475315,forecast_first,mse,True,3,0.1299189720023205,0.692787668778055,0.08729899860228953,0.12,False,True
CAD,2017,validation,retrospective,ridge_flat,every5,0,24,0.0643944066998187,0.3597980273117776,0.3580604942640391,-0.0643944066998187,0.459154964240697,0.7269249064963645,0,6,0.128207317552608,0.1240606779383863,0.004146639614221656,0.5829091088272731,2.4,0.128207317552608,joint_mse,mse,True,12,0.129692909538121,0.6941567862204241,0.08708186922230421,0.12,True,False
CAD,2017,validation,retrospective,ridge_flat,every5,5,24,-0.0226874625224838,0.367143884007695,0.3601290179062511,0.0226874625224838,0.5755205448545827,0.8337842133495385,0.08708186922230421,6,0.129692909538121,0.1291781885824118,0.0005147209557091069,0.6941567862204241,2.4,0.1282073175526094,joint_mse,mse,True,12,0.129692909538121,0.6941567862204241,0.08708186922230421,0.12,True,False
CAD,2017,validation,retrospective,ridge_flat,every5,10,24,-0.1097693317447929,0.3760495774420619,0.3841488913044702,0.1097693317447929,0.6947718913750163,0.9406435202027434,0.1741637384446084,6,0.1475703706904536,0.1355210644987552,0.01204930619169839,0.8086108701764386,2.4,0.1282073175526075,joint_mse,mse,True,12,0.129692909538121,0.6941567862204241,0.08708186922230421,0.12,False,False
CAD,2017,outer,retrospective,ridge_flat,every5,0,12,-0.1136751765717457,0.5550799179012801,0.5434699790124582,0.1136751765717457,0.9588312745245475,1.662081134403635,0,6,0.2953596180878017,0.2824375723191841,0.01292204576861756,1.448975116258458,1.2,0.2953596180878017,joint_mse,mse,True,12,0.129692909538121,0.6941567862204241,0.08708186922230421,0.12,True,True
CAD,2017,outer,retrospective,ridge_flat,every5,5,12,-0.2013674576791126,0.5703562844648847,0.5820191462815938,0.2013674576791126,1.079300843738426,1.802651129689721,0.08769228110736982,6,0.3387462866383553,0.298197433626206,0.04054885301214919,1.583454073340844,1.2,0.2953596180877955,joint_mse,mse,True,12,0.129692909538121,0.6941567862204241,0.08708186922230421,0.12,True,True
CAD,2017,outer,retrospective,ridge_flat,every5,10,12,-0.289059738786486,0.5865395134562857,0.6315972477476344,0.289059738786486,1.199770412952333,1.94322112497585,0.1753845622147396,6,0.3989150833623866,0.3153595507750751,0.08355553258731152,1.717933030423269,1.2,0.2953596180878014,joint_mse,mse,True,12,0.129692909538121,0.6941567862204241,0.08708186922230421,0.12,False,True
CAD,2017,validation,retrospective,ridge_term,every5,0,24,0.06207984678804199,0.3597388275707201,0.3575944123863443,-0.06207984678804199,0.46432411246676,0.7144234437516062,0,6,0.1278737637699348,0.1240198563927081,0.003853907377226767,0.5788167154556032,2.4,0.1278737637699348,joint_es90,es90,True,12,0.1299189720023205,0.692787668778055,0.08729899860228953,0.12,True,False
CAD,2017,validation,retrospective,ridge_term,every5,5,24,-0.02521915181424722,0.3672927509800993,0.3604427444162533,0.02521915181424722,0.5839280667190101,0.821551236417586,0.08729899860228953,6,0.1299189720023205,0.1292829663840905,0.0006360056182300489,0.692787668778055,2.4,0.1278737637699344,joint_es90,es90,True,12,0.1299189720023205,0.692787668778055,0.08729899860228953,0.12,True,False
CAD,2017,validation,retrospective,ridge_term,every5,10,24,-0.1125181504165341,0.3764283683732826,0.3852980069606153,0.1125181504165341,0.7046155023124034,0.9286790290835658,0.1745979972045791,6,0.1484545541678224,0.1357942199946646,0.01266033417315779,0.8079624902573327,2.4,0.1278737637699362,joint_es90,es90,True,12,0.1299189720023205,0.692787668778055,0.08729899860228953,0.12,False,False
CAD,2017,outer,retrospective,ridge_term,every5,0,12,-0.1038121949543342,0.5351755142445007,0.5228021298230626,0.1038121949543342,0.9201508390881901,1.569328054638902,0,6,0.2733220669475304,0.2625450951262937,0.01077697182123669,1.372607686290202,1.2,0.2733220669475304,joint_es90,es90,True,12,0.1299189720023205,0.692787668778055,0.08729899860228953,0.12,True,True
CAD,2017,outer,retrospective,ridge_term,every5,5,12,-0.1910035010022581,0.5500184523436915,0.5601719472511307,0.1910035010022581,1.039997144282331,1.708060633557849,0.08719130604792298,6,0.3137926104871235,0.2773102730920039,0.0364823373951196,1.505617151959208,1.2,0.2733220669475297,joint_es90,es90,True,12,0.1299189720023205,0.692787668778055,0.08729899860228953,0.12,True,True
CAD,2017,outer,retrospective,ridge_term,every5,10,12,-0.2781948070501836,0.5657896835388563,0.6089612627270349,0.2781948070501836,1.15984344947648,1.846793212476797,0.174382612095846,6,0.3708338195021048,0.2934414688324158,0.07739235066968886,1.638626617628217,1.2,0.2733220669475315,joint_es90,es90,True,12,0.1299189720023205,0.692787668778055,0.08729899860228953,0.12,False,True
CAD,2018,validation,retrospective,ridge_term,band05,0,24,0.03365419938502989,0.331155486956397,0.3259251910408589,-0.03365419938502989,0.4072060163796228,0.5710496759401735,0,15.5,0.1062272301550204,0.1050946250187731,0.001132605136247346,0.4803289980594178,2.4,0.1062272301550204,forecast_first,mse,True,3,0.1159640588147781,0.6222102642169307,0.09223676471464075,0.12,True,False
CAD,2018,validation,retrospective,ridge_term,band05,5,24,-0.05858256532961048,0.342673085715711,0.3405349597541757,0.05858256532961048,0.5384333972508896,0.7264513977115167,0.09223676471464075,15.5,0.1159640588147781,0.11253214185418,0.00343191696059808,0.6222102642169307,2.4,0.106227230155023,forecast_first,mse,True,3,0.1159640588147781,0.6222102642169307,0.09223676471464075,0.12,True,False
CAD,2018,validation,retrospective,ridge_term,band05,10,24,-0.150819330044249,0.3563712548162974,0.3800726973512644,0.150819330044249,0.6696607781221521,0.8818531194828835,0.1844735294292815,15.5,0.1444552552718658,0.1217087849568698,0.02274647031499611,0.7640915303744508,2.4,0.1062272301550241,forecast_first,mse,True,3,0.1159640588147781,0.6222102642169307,0.09223676471464075,0.12,False,False
CAD,2018,outer,retrospective,ridge_term,band05,0,12,0.01982619511760715,0.2407805091212934,0.231380769413734,-0.01982619511760715,0.3218671196351579,0.513156596297355,0,14.66666666666667,0.05353706045449155,0.05314398244165015,0.0003930780128414298,0.4551900882179015,1.2,0.05353706045449155,forecast_first,mse,True,3,0.1159640588147781,0.6222102642169307,0.09223676471464075,0.12,True,True
CAD,2018,outer,retrospective,ridge_term,band05,5,12,-0.06797947295930278,0.2381512850558244,0.2379304669500876,0.06797947295930278,0.4122622342669946,0.5717526326040154,0.08780566807690508,14.66666666666667,0.05661090710308672,0.05198969835926215,0.004621208743824577,0.5234222088655244,1.2,0.05353706045449034,forecast_first,mse,True,3,0.1159640588147781,0.6222102642169307,0.09223676471464075,0.12,True,True
CAD,2018,outer,retrospective,ridge_term,band05,10,12,-0.1557851410362062,0.238623868353767,0.2765235038294399,0.1557851410362062,0.5026573488988328,0.6303486689106794,0.1756113361538102,14.66666666666667,0.07646524817011026,0.05219623800243958,0.02426901016767067,0.5916543295131503,1.2,0.05353706045449155,forecast_first,mse,True,3,0.1159640588147781,0.6222102642169307,0.09223676471464075,0.12,False,True
CAD,2018,validation,retrospective,ridge_flat,band05,0,24,0.03575435684453643,0.3297337443011839,0.324765354128369,-0.03575435684453643,0.4232072908353449,0.5675664177458964,0,15.83333333333333,0.105472535242125,0.1041941612087585,0.001278374033366449,0.4856876963551536,2.4,0.105472535242125,joint_mse,mse,True,12,0.1148291432499146,0.627737135241817,0.09273532797436568,0.12,True,False
CAD,2018,validation,retrospective,ridge_flat,band05,5,24,-0.05698097112982389,0.3412238518280417,0.3388644909841021,0.05698097112982389,0.5547422461413096,0.7231564380411417,0.09273532797436568,15.83333333333333,0.1148291432499146,0.1115823121790168,0.003246831070897823,0.627737135241817,2.4,0.1054725352421256,joint_mse,mse,True,12,0.1148291432499146,0.627737135241817,0.09273532797436568,0.12,True,False
CAD,2018,validation,retrospective,ridge_flat,band05,10,24,-0.1497162991041921,0.3548987098034471,0.3783120654236407,0.1497162991041921,0.6862772014472857,0.8787464583364154,0.1854706559487314,15.83333333333333,0.143120018845101,0.1207050486276451,0.0224149702174559,0.7697865741284898,2.4,0.105472535242127,joint_mse,mse,True,12,0.1148291432499146,0.627737135241817,0.09273532797436568,0.12,False,False
CAD,2018,outer,retrospective,ridge_flat,band05,0,12,0.02006220699713309,0.2447196570724694,0.2351585851309507,-0.02006220699713309,0.3334881907250714,0.5312232467757978,0,15.16666666666667,0.05529956016079058,0.05489706801119478,0.0004024921495958158,0.4713035328210324,1.2,0.05529956016079058,joint_mse,mse,True,12,0.1148291432499146,0.627737135241817,0.09273532797436568,0.12,True,True
CAD,2018,outer,retrospective,ridge_flat,band05,5,12,-0.06816245589731174,0.2419468452543353,0.2414667816942277,0.06816245589731174,0.4246611783568225,0.5913456884722814,0.0882246628944458,15.16666666666667,0.05830620666176781,0.05366008626781484,0.004646120393952968,0.5408352308615364,1.2,0.05529956016078771,joint_mse,mse,True,12,0.1148291432499146,0.627737135241817,0.09273532797436568,0.12,True,True
CAD,2018,outer,retrospective,ridge_flat,band05,10,12,-0.1563871187917552,0.2421919043906192,0.2796887071912483,0.1563871187917552,0.5158341659885615,0.6514681301687553,0.1764493257888916,15.16666666666667,0.07822577293031181,0.05376884200632528,0.02445693092398654,0.6103669289020299,1.2,0.05529956016078649,joint_mse,mse,True,12,0.1148291432499146,0.627737135241817,0.09273532797436568,0.12,False,True
CAD,2018,validation,retrospective,ridge_term,band05,0,24,0.03365419938502989,0.331155486956397,0.3259251910408589,-0.03365419938502989,0.4072060163796228,0.5710496759401735,0,15.5,0.1062272301550204,0.1050946250187731,0.001132605136247346,0.4803289980594178,2.4,0.1062272301550204,joint_es90,es90,True,12,0.1159640588147781,0.6222102642169307,0.09223676471464075,0.12,True,False
CAD,2018,validation,retrospective,ridge_term,band05,5,24,-0.05858256532961048,0.342673085715711,0.3405349597541757,0.05858256532961048,0.5384333972508896,0.7264513977115167,0.09223676471464075,15.5,0.1159640588147781,0.11253214185418,0.00343191696059808,0.6222102642169307,2.4,0.106227230155023,joint_es90,es90,True,12,0.1159640588147781,0.6222102642169307,0.09223676471464075,0.12,True,False
CAD,2018,validation,retrospective,ridge_term,band05,10,24,-0.150819330044249,0.3563712548162974,0.3800726973512644,0.150819330044249,0.6696607781221521,0.8818531194828835,0.1844735294292815,15.5,0.1444552552718658,0.1217087849568698,0.02274647031499611,0.7640915303744508,2.4,0.1062272301550241,joint_es90,es90,True,12,0.1159640588147781,0.6222102642169307,0.09223676471464075,0.12,False,False
CAD,2018,outer,retrospective,ridge_term,band05,0,12,0.01982619511760715,0.2407805091212934,0.231380769413734,-0.01982619511760715,0.3218671196351579,0.513156596297355,0,14.66666666666667,0.05353706045449155,0.05314398244165015,0.0003930780128414298,0.4551900882179015,1.2,0.05353706045449155,joint_es90,es90,True,12,0.1159640588147781,0.6222102642169307,0.09223676471464075,0.12,True,True
CAD,2018,outer,retrospective,ridge_term,band05,5,12,-0.06797947295930278,0.2381512850558244,0.2379304669500876,0.06797947295930278,0.4122622342669946,0.5717526326040154,0.08780566807690508,14.66666666666667,0.05661090710308672,0.05198969835926215,0.004621208743824577,0.5234222088655244,1.2,0.05353706045449034,joint_es90,es90,True,12,0.1159640588147781,0.6222102642169307,0.09223676471464075,0.12,True,True
CAD,2018,outer,retrospective,ridge_term,band05,10,12,-0.1557851410362062,0.238623868353767,0.2765235038294399,0.1557851410362062,0.5026573488988328,0.6303486689106794,0.1756113361538102,14.66666666666667,0.07646524817011026,0.05219623800243958,0.02426901016767067,0.5916543295131503,1.2,0.05353706045449155,joint_es90,es90,True,12,0.1159640588147781,0.6222102642169307,0.09223676471464075,0.12,False,True
CAD,2019,validation,retrospective,ridge_flat,band05,0,24,0.01205282504287508,0.2536166131510039,0.24856910364781,-0.01205282504287508,0.3834253105555605,0.5963109701508522,0,15.625,0.06178659928827571,0.06164132869676155,0.0001452705915141567,0.4696363142244744,2.4,0.06178659928827571,forecast_first,mse,True,4,0.07026517785609022,0.571227409371876,0.09039596139717691,0.12,True,False
CAD,2019,validation,retrospective,ridge_flat,band05,5,24,-0.07834313635430061,0.2586806609647166,0.2650757964358312,0.07834313635430061,0.4585423026106471,0.7178870545761049,0.09039596139717691,15.625,0.07026517785609022,0.06412753084226171,0.006137647013828538,0.571227409371876,2.4,0.0617865992882731,forecast_first,mse,True,4,0.07026517785609022,0.571227409371876,0.09039596139717691,0.12,True,False
CAD,2019,validation,retrospective,ridge_flat,band05,10,24,-0.1687390977514817,0.2665237701164301,0.3107217643039857,0.1687390977514817,0.5360000489115145,0.8394631390014419,0.1807919227943538,15.625,0.09654801481218163,0.06807513170219752,0.02847288310998411,0.6754193425701822,2.4,0.06178659928827366,forecast_first,mse,True,4,0.07026517785609022,0.571227409371876,0.09039596139717691,0.12,False,False
CAD,2019,outer,retrospective,ridge_flat,band05,0,12,0.09768381599083242,0.1704685157603839,0.1902104532702747,-0.09768381599083242,0.1178121024334342,0.1361211847954715,0,16,0.03618001653328337,0.02663788862675256,0.009542127906530808,0.1305729780190966,1.2,0.03618001653328337,forecast_first,mse,True,4,0.07026517785609022,0.571227409371876,0.09039596139717691,0.12,True,True
CAD,2019,outer,retrospective,ridge_flat,band05,5,12,0.01151846179090817,0.1658184563572107,0.1591763866229099,-0.01151846179090817,0.2056722358090643,0.2296109147583252,0.08616535419993125,16,0.02533712205832611,0.0252044470962975,0.0001326749620286115,0.2223567696221856,1.2,0.03618001653328642,forecast_first,mse,True,4,0.07026517785609022,0.571227409371876,0.09039596139717691,0.12,True,True
CAD,2019,outer,retrospective,ridge_flat,band05,10,12,-0.07464689240902549,0.1650368340511419,0.1747556925839044,0.07464689240902549,0.2902034451188759,0.3563898853794427,0.1723307083998625,16,0.03053955209048011,0.02496739354415548,0.005572158546324627,0.3363333883307861,1.2,0.03618001653328737,forecast_first,mse,True,4,0.07026517785609022,0.571227409371876,0.09039596139717691,0.12,False,True
CAD,2019,validation,retrospective,rolling63,band05,0,24,0.0176042649430311,0.2402931044691869,0.23589154399988,-0.0176042649430311,0.3509421894004401,0.503705402106406,0,15.33333333333333,0.05564482053064732,0.05533491038646291,0.0003099101441844336,0.4174466832458266,2.4,0.05564482053064732,joint_mse,mse,True,14,0.06460200750656031,0.5251183954027668,0.0915920545768879,0.12,True,False
CAD,2019,validation,retrospective,rolling63,band05,5,24,-0.07398778963385262,0.2483920067851874,0.2541692497265559,0.07398778963385262,0.4296379533120098,0.6278726171208823,0.0915920545768879,15.33333333333333,0.06460200750656031,0.05912781449165707,0.005474193014903229,0.5251183954027668,2.4,0.05564482053064793,joint_mse,mse,True,14,0.06460200750656031,0.5251183954027668,0.0915920545768879,0.12,True,False
CAD,2019,validation,retrospective,rolling63,band05,10,24,-0.1655798442107404,0.2597043781583509,0.3034020165973849,0.1655798442107404,0.5282137137635617,0.7567731646448786,0.1831841091537758,15.33333333333333,0.09205278367535981,0.06463609886650674,0.02741668480885307,0.6398901063239854,2.4,0.05564482053064607,joint_mse,mse,True,14,0.06460200750656031,0.5251183954027668,0.0915920545768879,0.12,False,False
CAD,2019,outer,retrospective,rolling63,band05,0,12,0.09056098582408796,0.1613288047336994,0.179051277908037,-0.09056098582408796,0.1251147220241635,0.1440311510122712,0,16.16666666666667,0.03205936012050108,0.02385806796707042,0.008201292153430661,0.1382988998037537,1.2,0.03205936012050108,joint_mse,mse,True,14,0.06460200750656031,0.5251183954027668,0.0915920545768879,0.12,True,True
CAD,2019,outer,retrospective,rolling63,band05,5,12,0.001534027254518862,0.1601024514832027,0.1532941028316852,-0.001534027254518862,0.2130142917295856,0.2783194178066282,0.08902695856957045,16.16666666666667,0.02349908196297126,0.02349672872335365,2.353239617606678e-06,0.2585299856620698,1.2,0.03205936012050203,joint_mse,mse,True,14,0.06460200750656031,0.5251183954027668,0.0915920545768879,0.12,True,True
CAD,2019,outer,retrospective,rolling63,band05,10,12,-0.08749293131505979,0.1638323568912788,0.1796087435629843,0.08749293131505979,0.3024625725190644,0.4126076846009568,0.1780539171391409,16.16666666666667,0.03225930076427384,0.02460428773417207,0.00765501303010177,0.3792303779094743,1.2,0.03205936012049986,joint_mse,mse,True,14,0.06460200750656031,0.5251183954027668,0.0915920545768879,0.12,False,True
CAD,2019,validation,retrospective,rolling63,band05,0,24,0.0176042649430311,0.2402931044691869,0.23589154399988,-0.0176042649430311,0.3509421894004401,0.503705402106406,0,15.33333333333333,0.05564482053064732,0.05533491038646291,0.0003099101441844336,0.4174466832458266,2.4,0.05564482053064732,joint_es90,es90,True,14,0.06460200750656031,0.5251183954027668,0.0915920545768879,0.12,True,False
CAD,2019,validation,retrospective,rolling63,band05,5,24,-0.07398778963385262,0.2483920067851874,0.2541692497265559,0.07398778963385262,0.4296379533120098,0.6278726171208823,0.0915920545768879,15.33333333333333,0.06460200750656031,0.05912781449165707,0.005474193014903229,0.5251183954027668,2.4,0.05564482053064793,joint_es90,es90,True,14,0.06460200750656031,0.5251183954027668,0.0915920545768879,0.12,True,False
CAD,2019,validation,retrospective,rolling63,band05,10,24,-0.1655798442107404,0.2597043781583509,0.3034020165973849,0.1655798442107404,0.5282137137635617,0.7567731646448786,0.1831841091537758,15.33333333333333,0.09205278367535981,0.06463609886650674,0.02741668480885307,0.6398901063239854,2.4,0.05564482053064607,joint_es90,es90,True,14,0.06460200750656031,0.5251183954027668,0.0915920545768879,0.12,False,False
CAD,2019,outer,retrospective,rolling63,band05,0,12,0.09056098582408796,0.1613288047336994,0.179051277908037,-0.09056098582408796,0.1251147220241635,0.1440311510122712,0,16.16666666666667,0.03205936012050108,0.02385806796707042,0.008201292153430661,0.1382988998037537,1.2,0.03205936012050108,joint_es90,es90,True,14,0.06460200750656031,0.5251183954027668,0.0915920545768879,0.12,True,True
CAD,2019,outer,retrospective,rolling63,band05,5,12,0.001534027254518862,0.1601024514832027,0.1532941028316852,-0.001534027254518862,0.2130142917295856,0.2783194178066282,0.08902695856957045,16.16666666666667,0.02349908196297126,0.02349672872335365,2.353239617606678e-06,0.2585299856620698,1.2,0.03205936012050203,joint_es90,es90,True,14,0.06460200750656031,0.5251183954027668,0.0915920545768879,0.12,True,True
CAD,2019,outer,retrospective,rolling63,band05,10,12,-0.08749293131505979,0.1638323568912788,0.1796087435629843,0.08749293131505979,0.3024625725190644,0.4126076846009568,0.1780539171391409,16.16666666666667,0.03225930076427384,0.02460428773417207,0.00765501303010177,0.3792303779094743,1.2,0.03205936012049986,joint_es90,es90,True,14,0.06460200750656031,0.5251183954027668,0.0915920545768879,0.12,False,True
CAD,2020,validation,retrospective,ewma97,band05,0,24,0.06248697559317137,0.189480093268504,0.1957329348656289,-0.06248697559317137,0.1495889139004332,0.4261976805053752,0,15.33333333333333,0.03831138179111253,0.03440675967233094,0.003904622118781594,0.2836048443732759,2.4,0.03831138179111253,forecast_first,mse,True,4,0.03407838458434048,0.3768196882292092,0.08763549691128686,0.12,True,False
CAD,2020,validation,retrospective,ewma97,band05,5,24,-0.02514852131811111,0.186815704934787,0.1846033168291959,0.02514852131811111,0.2685588060930761,0.4942980529302235,0.08763549691128686,15.33333333333333,0.03407838458434048,0.03344593645985299,0.000632448124487489,0.3768196882292092,2.4,0.03831138179111283,forecast_first,mse,True,4,0.03407838458434048,0.3768196882292092,0.08763549691128686,0.12,True,False
CAD,2020,validation,retrospective,ewma97,band05,10,24,-0.1127840182293973,0.188161297786936,0.2159854485919449,0.1127840182293973,0.3875286982857509,0.5623984253550702,0.1752709938225737,15.33333333333333,0.04664971400346369,0.03392947923549467,0.01272023476796902,0.4700345320851512,2.4,0.03831138179111277,forecast_first,mse,True,4,0.03407838458434048,0.3768196882292092,0.08763549691128686,0.12,False,False
CAD,2020,outer,retrospective,ewma97,band05,0,12,0.1108576058985441,0.4526202722240046,0.4473057422442485,-0.1108576058985441,0.5855840235874956,0.7212219326871008,0,15.16666666666667,0.200082427044678,0.1877930182591211,0.01228940878555693,0.6801195359902508,1.2,0.200082427044678,forecast_first,mse,True,4,0.03407838458434048,0.3768196882292092,0.08763549691128686,0.12,True,True
CAD,2020,outer,retrospective,ewma97,band05,5,12,0.01910736014230219,0.4711121093967213,0.4514600305639657,-0.01910736014230219,0.7077604344760543,0.8192337199364346,0.0917502457562341,15.16666666666667,0.2038161591968169,0.2034510679852093,0.0003650912116076383,0.7854539364635922,1.2,0.2000824270446808,forecast_first,mse,True,4,0.03407838458434048,0.3768196882292092,0.08763549691128686,0.12,True,True
CAD,2020,outer,retrospective,ewma97,band05,10,12,-0.07264288561392089,0.4908756886927635,0.4755586386214068,0.07264288561392089,0.829936845364564,0.9172455071857115,0.1835004915124682,15.16666666666667,0.2261560187674458,0.2208790299371286,0.005276988830317195,0.8907883369368791,1.2,0.200082427044679,forecast_first,mse,True,4,0.03407838458434048,0.3768196882292092,0.08763549691128686,0.12,False,True
CAD,2020,validation,retrospective,rolling63,band05,0,24,0.0640815019397023,0.1852340528745441,0.1923237920040847,-0.0640815019397023,0.14665929331317,0.4036172306515597,0,15.29166666666667,0.03698844097083043,0.03288200207998235,0.004106438890848069,0.2724425823239814,2.4,0.03698844097083043,joint_mse,mse,True,16,0.03272014829960917,0.3649232070612837,0.08723263414085931,0.12,True,False
CAD,2020,validation,retrospective,rolling63,band05,5,24,-0.02315113220115861,0.1832579746242661,0.1808871147970722,0.02315113220115861,0.2639632092633867,0.4711496891975271,0.08723263414085931,15.29166666666667,0.03272014829960917,0.03218417337741364,0.000535974922195523,0.3649232070612837,2.4,0.03698844097083012,joint_mse,mse,True,16,0.03272014829960917,0.3649232070612837,0.08723263414085931,0.12,True,False
CAD,2020,validation,retrospective,rolling63,band05,10,24,-0.1103837663420193,0.1853124061695587,0.2123544248589758,0.1103837663420193,0.3812671252136013,0.5386821477434959,0.1744652682817186,15.29166666666667,0.0450944017571864,0.03290982588533687,0.01218457587184951,0.4574038317985843,2.4,0.03698844097082924,joint_mse,mse,True,16,0.03272014829960917,0.3649232070612837,0.08723263414085931,0.12,False,False
CAD,2020,outer,retrospective,rolling63,band05,0,12,0.1180590193338174,0.4363944936425403,0.4341751642914003,-0.1180590193338174,0.5242685230781758,0.6049392521084656,0,14.66666666666667,0.1885080732874644,0.1745701412414017,0.01393793204606267,0.5804935766447414,1.2,0.1885080732874644,joint_mse,mse,True,16,0.03272014829960917,0.3649232070612837,0.08723263414085931,0.12,True,True
CAD,2020,outer,retrospective,rolling63,band05,5,12,0.02517772194520429,0.4569669763709712,0.438236428257064,-0.02517772194520429,0.6469536061948297,0.7028928980945324,0.09288129738861571,14.66666666666667,0.1920511670515088,0.1914172493691588,0.0006339176823500217,0.685941597518865,1.2,0.1885080732874673,joint_mse,mse,True,16,0.03272014829960917,0.3649232070612837,0.08723263414085931,0.12,True,True
CAD,2020,outer,retrospective,rolling63,band05,10,12,-0.06770357544340855,0.4788112765759172,0.4633993880258431,0.06770357544340855,0.7696386893114577,0.8008465440805423,0.1857625947772314,14.66666666666667,0.2147389928227259,0.2101552186949045,0.004583774127821313,0.7913896183929411,1.2,0.1885080732874614,joint_mse,mse,True,16,0.03272014829960917,0.3649232070612837,0.08723263414085931,0.12,False,True
CAD,2020,validation,retrospective,rolling63,band10,0,24,0.08187031430069995,0.2002195070802342,0.2124153296104203,-0.08187031430069995,0.1387092591836085,0.3875556988061899,0,12.29166666666667,0.04512027225350351,0.0384175238898081,0.006702748363695395,0.2601012631603566,2.4,0.04512027225350351,joint_es90,es90,True,16,0.03700115355826478,0.3352152925691382,0.07435799877063154,0.12,True,False
CAD,2020,validation,retrospective,rolling63,band10,5,24,0.007512315530070701,0.1963441132040549,0.1923568391252694,-0.007512315530070701,0.2330891954603799,0.4449863486304834,0.07435799877063154,12.29166666666667,0.03700115355826478,0.03694471867364144,5.643488462334144e-05,0.3352152925691382,2.4,0.0451202722535029,joint_es90,es90,True,16,0.03700115355826478,0.3352152925691382,0.07435799877063154,0.12,True,False
CAD,2020,validation,retrospective,rolling63,band10,10,24,-0.06684568324056757,0.194893219351224,0.2021610052098016,0.06684568324056757,0.3312447912736161,0.5024169984547825,0.1487159975412631,12.29166666666667,0.04086907202743742,0.03640072665953912,0.004468345367898296,0.4145244992406352,2.4,0.0451202722535016,joint_es90,es90,True,16,0.03700115355826478,0.3352152925691382,0.07435799877063154,0.12,False,False
CAD,2020,outer,retrospective,rolling63,band10,0,12,0.1152970655736653,0.4785668618757473,0.4724765967837616,-0.1152970655736653,0.6376882890577326,0.8055181038282058,0,11.66666666666667,0.2232341345083653,0.2099407211784672,0.01329341332989808,0.7546605842007897,1.2,0.2232341345083653,joint_es90,es90,True,16,0.03700115355826478,0.3352152925691382,0.07435799877063154,0.12,True,True
CAD,2020,outer,retrospective,rolling63,band10,5,12,0.03494725826421208,0.4954288572301732,0.4756226628205892,-0.03494725826421208,0.7507439174362445,0.8983162675500155,0.08034980730945206,11.66666666666667,0.2262169173885479,0.2249956065283624,0.001221310860185539,0.8535973735761454,1.2,0.2232341345083627,joint_es90,es90,True,16,0.03700115355826478,0.3352152925691382,0.07435799877063154,0.12,True,True
CAD,2020,outer,retrospective,rolling63,band10,10,12,-0.04540254904523522,0.5131539772154781,0.4934009310532323,0.04540254904523522,0.8637995458147592,0.9911144312717967,0.1606996146189041,11.66666666666667,0.2434444787641965,0.2413830873043915,0.002061391459804989,0.9525341629514822,1.2,0.2232341345083669,joint_es90,es90,True,16,0.03700115355826478,0.3352152925691382,0.07435799877063154,0.12,False,True
CAD,2021,validation,retrospective,ridge_term,daily,0,24,0.133240476743731,0.3033267141418547,0.3254635020633198,-0.133240476743731,0.2117300399610192,0.3985629797252527,0,22,0.1059264911753206,0.08817346653242382,0.01775302464289672,0.3045557379585989,2.4,0.1059264911753206,forecast_first,mse,True,4,0.09050789967310573,0.4429810958892269,0.1174069740535023,0.12,True,False
CAD,2021,validation,retrospective,ridge_term,daily,5,24,0.01583350269023209,0.3068899248049371,0.3008453085442845,-0.01583350269023209,0.3764774130820882,0.5130293288600308,0.1174069740535023,22,0.09050789967310573,0.09025719986566412,0.0002506998074415869,0.4429810958892269,2.4,0.1059264911753209,forecast_first,mse,True,4,0.09050789967310573,0.4429810958892269,0.1174069740535023,0.12,True,False
CAD,2021,validation,retrospective,ridge_term,daily,10,24,-0.1015734713632713,0.3133789263534255,0.3231587694237049,0.1015734713632713,0.5457361351396574,0.6285698086939864,0.2348139481070045,22,0.1044315902554432,0.09411442017065796,0.0103171700847853,0.5830176498686145,2.4,0.1059264911753238,forecast_first,mse,True,4,0.09050789967310573,0.4429810958892269,0.1174069740535023,0.12,False,False
CAD,2021,outer,retrospective,ridge_term,daily,0,12,-0.05036632820503186,0.2227411403298831,0.2191253400363034,0.05036632820503186,0.3685853250042242,0.4320141579454457,0,22,0.04801591464602561,0.04547914762916862,0.002536767016856988,0.4127932994784089,1.2,0.04801591464602561,forecast_first,mse,True,4,0.09050789967310573,0.4429810958892269,0.1174069740535023,0.12,True,True
CAD,2021,outer,retrospective,ridge_term,daily,5,12,-0.1637300825652574,0.2404363392830193,0.2824884134744767,0.1637300825652574,0.5215450178463186,0.5751114718057124,0.1133637543602218,22,0.07979970374732692,0.05299216381050092,0.02680753993682601,0.5588792130301385,1.2,0.04801591464602889,forecast_first,mse,True,4,0.09050789967310573,0.4429810958892269,0.1174069740535023,0.12,True,True
CAD,2021,outer,retrospective,ridge_term,daily,10,12,-0.2770938369254846,0.2627336961839461,0.3742426663454591,0.2770938369254846,0.6745047106884022,0.7182087856660075,0.2267275087204436,22,0.1400575733133586,0.06327657885127159,0.07678099446208703,0.7049651265818847,1.2,0.04801591464602998,forecast_first,mse,True,4,0.09050789967310573,0.4429810958892269,0.1174069740535023,0.12,False,True
CAD,2021,validation,retrospective,ridge_term,daily,0,24,0.133240476743731,0.3033267141418547,0.3254635020633198,-0.133240476743731,0.2117300399610192,0.3985629797252527,0,22,0.1059264911753206,0.08817346653242382,0.01775302464289672,0.3045557379585989,2.4,0.1059264911753206,joint_mse,mse,True,14,0.09050789967310573,0.4429810958892269,0.1174069740535023,0.12,True,False
CAD,2021,validation,retrospective,ridge_term,daily,5,24,0.01583350269023209,0.3068899248049371,0.3008453085442845,-0.01583350269023209,0.3764774130820882,0.5130293288600308,0.1174069740535023,22,0.09050789967310573,0.09025719986566412,0.0002506998074415869,0.4429810958892269,2.4,0.1059264911753209,joint_mse,mse,True,14,0.09050789967310573,0.4429810958892269,0.1174069740535023,0.12,True,False
CAD,2021,validation,retrospective,ridge_term,daily,10,24,-0.1015734713632713,0.3133789263534255,0.3231587694237049,0.1015734713632713,0.5457361351396574,0.6285698086939864,0.2348139481070045,22,0.1044315902554432,0.09411442017065796,0.0103171700847853,0.5830176498686145,2.4,0.1059264911753238,joint_mse,mse,True,14,0.09050789967310573,0.4429810958892269,0.1174069740535023,0.12,False,False
CAD,2021,outer,retrospective,ridge_term,daily,0,12,-0.05036632820503186,0.2227411403298831,0.2191253400363034,0.05036632820503186,0.3685853250042242,0.4320141579454457,0,22,0.04801591464602561,0.04547914762916862,0.002536767016856988,0.4127932994784089,1.2,0.04801591464602561,joint_mse,mse,True,14,0.09050789967310573,0.4429810958892269,0.1174069740535023,0.12,True,True
CAD,2021,outer,retrospective,ridge_term,daily,5,12,-0.1637300825652574,0.2404363392830193,0.2824884134744767,0.1637300825652574,0.5215450178463186,0.5751114718057124,0.1133637543602218,22,0.07979970374732692,0.05299216381050092,0.02680753993682601,0.5588792130301385,1.2,0.04801591464602889,joint_mse,mse,True,14,0.09050789967310573,0.4429810958892269,0.1174069740535023,0.12,True,True
CAD,2021,outer,retrospective,ridge_term,daily,10,12,-0.2770938369254846,0.2627336961839461,0.3742426663454591,0.2770938369254846,0.6745047106884022,0.7182087856660075,0.2267275087204436,22,0.1400575733133586,0.06327657885127159,0.07678099446208703,0.7049651265818847,1.2,0.04801591464602998,joint_mse,mse,True,14,0.09050789967310573,0.4429810958892269,0.1174069740535023,0.12,False,True
CAD,2021,validation,retrospective,ridge_term,daily,0,24,0.133240476743731,0.3033267141418547,0.3254635020633198,-0.133240476743731,0.2117300399610192,0.3985629797252527,0,22,0.1059264911753206,0.08817346653242382,0.01775302464289672,0.3045557379585989,2.4,0.1059264911753206,joint_es90,es90,True,14,0.09050789967310573,0.4429810958892269,0.1174069740535023,0.12,True,False
CAD,2021,validation,retrospective,ridge_term,daily,5,24,0.01583350269023209,0.3068899248049371,0.3008453085442845,-0.01583350269023209,0.3764774130820882,0.5130293288600308,0.1174069740535023,22,0.09050789967310573,0.09025719986566412,0.0002506998074415869,0.4429810958892269,2.4,0.1059264911753209,joint_es90,es90,True,14,0.09050789967310573,0.4429810958892269,0.1174069740535023,0.12,True,False
CAD,2021,validation,retrospective,ridge_term,daily,10,24,-0.1015734713632713,0.3133789263534255,0.3231587694237049,0.1015734713632713,0.5457361351396574,0.6285698086939864,0.2348139481070045,22,0.1044315902554432,0.09411442017065796,0.0103171700847853,0.5830176498686145,2.4,0.1059264911753238,joint_es90,es90,True,14,0.09050789967310573,0.4429810958892269,0.1174069740535023,0.12,False,False
CAD,2021,outer,retrospective,ridge_term,daily,0,12,-0.05036632820503186,0.2227411403298831,0.2191253400363034,0.05036632820503186,0.3685853250042242,0.4320141579454457,0,22,0.04801591464602561,0.04547914762916862,0.002536767016856988,0.4127932994784089,1.2,0.04801591464602561,joint_es90,es90,True,14,0.09050789967310573,0.4429810958892269,0.1174069740535023,0.12,True,True
CAD,2021,outer,retrospective,ridge_term,daily,5,12,-0.1637300825652574,0.2404363392830193,0.2824884134744767,0.1637300825652574,0.5215450178463186,0.5751114718057124,0.1133637543602218,22,0.07979970374732692,0.05299216381050092,0.02680753993682601,0.5588792130301385,1.2,0.04801591464602889,joint_es90,es90,True,14,0.09050789967310573,0.4429810958892269,0.1174069740535023,0.12,True,True
CAD,2021,outer,retrospective,ridge_term,daily,10,12,-0.2770938369254846,0.2627336961839461,0.3742426663454591,0.2770938369254846,0.6745047106884022,0.7182087856660075,0.2267275087204436,22,0.1400575733133586,0.06327657885127159,0.07678099446208703,0.7049651265818847,1.2,0.04801591464602998,joint_es90,es90,True,14,0.09050789967310573,0.4429810958892269,0.1174069740535023,0.12,False,True
CAD,2022,validation,retrospective,ridge_term,daily,0,24,0.01197176270985421,0.3403640455152671,0.3334126868765692,-0.01197176270985421,0.4754979295975046,0.7041920316329069,0,21.95833333333333,0.1111640197702532,0.1110206966678722,0.0001433231023810557,0.5831354498958502,2.4,0.1111640197702532,forecast_first,mse,True,4,0.1336177230708168,0.7316827483996148,0.1153847690483435,0.12,True,False
CAD,2022,validation,retrospective,ridge_term,daily,5,24,-0.103413006338488,0.3581451828871045,0.3655375809281678,0.103413006338488,0.6512556391159767,0.8302674189342056,0.1153847690483435,21.95833333333333,0.1336177230708168,0.1229234731908527,0.01069424987996417,0.7316827483996148,2.4,0.1111640197702508,forecast_first,mse,True,4,0.1336177230708168,0.7316827483996148,0.1153847690483435,0.12,True,False
CAD,2022,validation,retrospective,ridge_term,daily,10,24,-0.2187977753868282,0.3793313912469237,0.4310095801914728,0.2187977753868282,0.8270133486344006,0.9563428062355541,0.230769538096687,21.95833333333333,0.1857692582168297,0.1378967917026047,0.04787246651422493,0.8802300469033852,2.4,0.1111640197702526,forecast_first,mse,True,4,0.1336177230708168,0.7316827483996148,0.1153847690483435,0.12,False,False
CAD,2022,outer,retrospective,ridge_term,daily,0,12,-0.07282564492681001,0.2295599506272457,0.2315380413236466,0.07282564492681001,0.4571711020422507,0.4672336879922341,0,22,0.05360986457999065,0.04830629002098485,0.005303574559005809,0.4641844195225422,1.2,0.05360986457999065,forecast_first,mse,True,4,0.1336177230708168,0.7316827483996148,0.1153847690483435,0.12,True,True
CAD,2022,outer,retrospective,ridge_term,daily,5,12,-0.1863526740288871,0.2366817496704049,0.2933894718501453,0.1863526740288871,0.5926511274249772,0.6233901880570016,0.1135270291020772,22,0.0860773821925072,0.05135006307479053,0.03472731911771667,0.6140753211988125,1.2,0.05360986457998818,forecast_first,mse,True,4,0.1336177230708168,0.7316827483996148,0.1153847690483435,0.12,True,True
CAD,2022,outer,retrospective,ridge_term,daily,10,12,-0.2998797031309661,0.246421656958503,0.3815641055138388,0.2998797031309661,0.7281311528076938,0.7795466881217408,0.2270540582041544,22,0.1455911666165759,0.0556633302666596,0.08992783634991634,0.7639662228750599,1.2,0.05360986457998446,forecast_first,mse,True,4,0.1336177230708168,0.7316827483996148,0.1153847690483435,0.12,False,True
CAD,2022,validation,retrospective,rolling63,daily,0,24,0.02036668644100286,0.3261516523292347,0.3199334535813096,-0.02036668644100286,0.5003238635271036,0.5458289610291753,0,22,0.102357414720464,0.1019426128038779,0.0004148019165861298,0.5083305448782969,2.4,0.102357414720464,joint_mse,mse,True,16,0.127057837379582,0.660368201422647,0.1187623492187979,0.12,True,False
CAD,2022,validation,retrospective,rolling63,daily,5,24,-0.09839566277779847,0.3499706287195612,0.3564517321876582,0.09839566277779847,0.6191069862347978,0.7226732010323029,0.1187623492187979,22,0.127057837379582,0.1173761309260998,0.009681706453482236,0.660368201422647,2.4,0.1023574147204629,joint_mse,mse,True,16,0.127057837379582,0.660368201422647,0.1187623492187979,0.12,True,False
CAD,2022,validation,retrospective,rolling63,daily,10,24,-0.2171580119965947,0.3773865224073654,0.4285370442934401,0.2171580119965947,0.7378901089424437,0.899517441035409,0.2375246984375957,22,0.1836439983317578,0.1364863961574447,0.04715760217431317,0.8124058579669675,2.4,0.1023574147204639,joint_mse,mse,True,16,0.127057837379582,0.660368201422647,0.1187623492187979,0.12,False,False
CAD,2022,outer,retrospective,rolling63,daily,0,12,-0.06397071723969427,0.2319197250246832,0.23107743640403,0.06397071723969427,0.4795236904128972,0.4908454310135965,0,22,0.05339678161505853,0.0493045289508976,0.004092252664160918,0.4874146005285362,1.2,0.05339678161505853,joint_mse,mse,True,16,0.127057837379582,0.660368201422647,0.1187623492187979,0.12,True,True
CAD,2022,outer,retrospective,rolling63,daily,5,12,-0.1784210092285907,0.2417033767553353,0.2922091750918101,0.1784210092285907,0.6201946566232706,0.6510488716983787,0.1144502919888904,22,0.08538620200783614,0.05355214547368729,0.03183405653414886,0.6416991095544066,1.2,0.05339678161505764,joint_mse,mse,True,16,0.127057837379582,0.660368201422647,0.1187623492187979,0.12,True,True
CAD,2022,outer,retrospective,rolling63,daily,10,12,-0.2928713012174787,0.2540538117850403,0.3807076657390183,0.2928713012174787,0.7608656228336487,0.8112523123831608,0.2289005839777808,22,0.1449383267524521,0.05916472767563296,0.08577359907681913,0.7959836185802783,1.2,0.05339678161505828,joint_mse,mse,True,16,0.127057837379582,0.660368201422647,0.1187623492187979,0.12,False,True
CAD,2022,validation,retrospective,rolling63,band05,0,24,0.04009325817304984,0.3427775378106287,0.3379470739045311,-0.04009325817304984,0.452590464347456,0.5804935766447414,0,15,0.1142082247606346,0.1126007554097038,0.001607469350930828,0.5130741268980259,2.4,0.1142082247606346,joint_es90,es90,True,16,0.1270799327648225,0.6367612013700128,0.09048876497714065,0.12,True,False
CAD,2022,validation,retrospective,rolling63,band05,5,24,-0.05039550680408811,0.3604927434480875,0.3564827243567667,0.05039550680408811,0.5950631644018123,0.6859415975188649,0.09048876497714065,15,0.1270799327648225,0.1245402256587816,0.002539707106040891,0.6367612013700128,2.4,0.1142082247606347,joint_es90,es90,True,16,0.1270799327648225,0.6367612013700128,0.09048876497714065,0.12,True,False
CAD,2022,validation,retrospective,rolling63,band05,10,24,-0.1408842717812286,0.3805105921979561,0.3982509793181698,0.1408842717812286,0.7375358644561728,0.791389618392941,0.1809775299542813,15,0.1586038425278813,0.1387554644925542,0.01984837803532709,0.7604482758419806,2.4,0.1142082247606328,joint_es90,es90,True,16,0.1270799327648225,0.6367612013700128,0.09048876497714065,0.12,False,False
CAD,2022,outer,retrospective,rolling63,band05,0,12,-0.04411738293042874,0.2531928859637298,0.2463955380833539,0.04411738293042874,0.4572666075708616,0.5036130177890641,0,15.5,0.06071076118738549,0.05876441771075541,0.001946343476630085,0.4895686510562755,1.2,0.06071076118738549,joint_es90,es90,True,16,0.1270799327648225,0.6367612013700128,0.09048876497714065,0.12,True,True
CAD,2022,outer,retrospective,rolling63,band05,5,12,-0.1318082302944185,0.2655866980172904,0.2864117302476104,0.1318082302944185,0.5723171964249372,0.6381349291921481,0.08769084736399063,15.5,0.08203167922342991,0.06465826965008344,0.01737340957334646,0.6181901616869327,1.2,0.06071076118738373,joint_es90,es90,True,16,0.1270799327648225,0.6367612013700128,0.09048876497714065,0.12,True,True
CAD,2022,outer,retrospective,rolling63,band05,10,12,-0.2194990776584088,0.2800008302392687,0.3464779039847736,0.2194990776584088,0.6873677852790258,0.7726568405952321,0.1753816947279813,15.5,0.120046937949682,0.07186709285678983,0.04817984509289217,0.7468116723175939,1.2,0.06071076118738349,joint_es90,es90,True,16,0.1270799327648225,0.6367612013700128,0.09048876497714065,0.12,False,True
CAD,2023,validation,retrospective,rolling63,band05,0,24,-0.02580558235156816,0.2253101766964505,0.2220707296824555,0.02580558235156816,0.4089972048313754,0.4260263846067431,0,15.25,0.04931540898169823,0.04864948090119466,0.0006659280805035659,0.4162557236094718,2.4,0.04931540898169823,forecast_first,mse,True,4,0.07044044160014275,0.5491580888446906,0.08690112611227165,0.12,True,False
CAD,2023,validation,retrospective,rolling63,band05,5,24,-0.1127067084638388,0.2454546223197805,0.2654061822945026,0.1127067084638388,0.5312262459291588,0.5673553382931047,0.08690112611227165,15.25,0.07044044160014275,0.05773763946738999,0.01270280213275276,0.5491580888446906,2.4,0.04931540898169723,forecast_first,mse,True,4,0.07044044160014275,0.5491580888446906,0.08690112611227165,0.12,True,False
CAD,2023,validation,retrospective,rolling63,band05,10,24,-0.1996078345761138,0.2684824615004349,0.330034344301633,0.1996078345761138,0.663047102772937,0.7109680576333209,0.1738022522245433,15.25,0.1089226684186088,0.06907938079444363,0.03984328762416519,0.6854861025606489,2.4,0.04931540898169873,forecast_first,mse,True,4,0.07044044160014275,0.5491580888446906,0.08690112611227165,0.12,False,False
CAD,2023,outer,retrospective,rolling63,band05,0,12,0.01670067406729185,0.2075655325986568,0.19942937424149,-0.01670067406729185,0.2471389988665326,0.2604163399566346,0,15.58333333333333,0.03977207531035228,0.03949316279605037,0.0002789125143019145,0.2563929032626643,1.2,0.03977207531035228,forecast_first,mse,True,4,0.07044044160014275,0.5491580888446906,0.08690112611227165,0.12,True,True
CAD,2023,outer,retrospective,rolling63,band05,5,12,-0.07052602907361516,0.2081403467174779,0.2113909278586122,0.07052602907361516,0.3343340070193967,0.3932163043473054,0.08722670314090795,15.58333333333333,0.04468612438092499,0.03971220360403258,0.00497392077689241,0.3753731839449088,1.2,0.03977207531035481,forecast_first,mse,True,4,0.07044044160014275,0.5491580888446906,0.08690112611227165,0.12,True,True
CAD,2023,outer,retrospective,rolling63,band05,10,12,-0.1577527322145249,0.2125747017543334,0.2575039055268795,0.1577527322145249,0.4373595099738202,0.5260162687379619,0.1744534062818159,15.58333333333333,0.06630826136159607,0.04142233684044846,0.0248859245211476,0.4991505842639797,1.2,0.0397720753103546,forecast_first,mse,True,4,0.07044044160014275,0.5491580888446906,0.08690112611227165,0.12,False,True
CAD,2023,validation,retrospective,ridge_flat,daily,0,24,-0.03185920674623047,0.200030955443374,0.1983940764222525,0.03185920674623047,0.4050483852960004,0.4293612301961881,0,22,0.03936020955943858,0.03834520050493952,0.001015009054499057,0.4064737511906624,2.4,0.03936020955943858,joint_mse,mse,True,16,0.06740382873043754,0.5648069597922655,0.1147186004169674,0.12,True,False
CAD,2023,validation,retrospective,ridge_flat,daily,5,24,-0.1465778071631983,0.2188955085506581,0.2596224734695314,0.1465778071631983,0.5501523811659927,0.5972663279638866,0.1147186004169674,22,0.06740382873043754,0.04591877517766579,0.02148505355277176,0.5648069597922655,2.4,0.03936020955943986,joint_mse,mse,True,16,0.06740382873043754,0.5648069597922655,0.1147186004169674,0.12,True,False
CAD,2023,validation,retrospective,ridge_flat,daily,10,24,-0.2612964075801666,0.2422780565925709,0.3528862308985889,0.2612964075801666,0.6952563770359488,0.765171425731566,0.2294372008339347,22,0.1245286919578122,0.05625287934351163,0.06827581261430057,0.7231401683938449,2.4,0.03936020955943877,joint_mse,mse,True,16,0.06740382873043754,0.5648069597922655,0.1147186004169674,0.12,False,False
CAD,2023,outer,retrospective,ridge_flat,daily,0,12,0.01198742765413125,0.1689228075469799,0.1621749171589764,-0.01198742765413125,0.2001309375241171,0.205686225640676,0,22,0.02630070375552087,0.02615700533375784,0.0001436984217630307,0.2040028049992945,1.2,0.02630070375552087,joint_mse,mse,True,16,0.06740382873043754,0.5648069597922655,0.1147186004169674,0.12,True,True
CAD,2023,outer,retrospective,ridge_flat,daily,5,12,-0.09871516470325929,0.1638259876268738,0.1853295940906871,0.09871516470325929,0.3146251153886389,0.3603817376624932,0.1107025923573944,22,0.03434705844581884,0.02460237470342723,0.009744683742391609,0.346516094549204,1.2,0.02630070375552076,joint_mse,mse,True,16,0.06740382873043754,0.5648069597922655,0.1147186004169674,0.12,True,True
CAD,2023,outer,retrospective,ridge_flat,daily,10,12,-0.2094177570606632,0.166510745293316,0.2631941100764665,0.2094177570606632,0.4530520203154189,0.5150772496843388,0.2214051847147887,22,0.06927113957894319,0.02541534260662426,0.04385579697231896,0.496281725633151,1.2,0.02630070375552039,joint_mse,mse,True,16,0.06740382873043754,0.5648069597922655,0.1147186004169674,0.12,False,True
CAD,2023,validation,retrospective,ridge_flat,band05,0,24,-0.02676584117562667,0.2283027526582407,0.2250928719562882,0.02676584117562667,0.389781167713793,0.3955796809170853,0,15.45833333333333,0.05066680100552994,0.04995039075169107,0.0007164102538388723,0.3907833447941063,2.4,0.05066680100552994,joint_es90,es90,True,16,0.07013029757862631,0.5191050865078672,0.08591908717079173,0.12,True,False
CAD,2023,validation,retrospective,ridge_flat,band05,5,24,-0.1126849283464152,0.2448049541318602,0.2648212559041028,0.1126849283464152,0.5069573483631686,0.5319778119071993,0.08591908717079173,15.45833333333333,0.07013029757862631,0.05743240450218959,0.01269789307643672,0.5191050865078672,2.4,0.05066680100552967,joint_es90,es90,True,16,0.07013029757862631,0.5191050865078672,0.08591908717079173,0.12,True,False
CAD,2023,validation,retrospective,ridge_flat,band05,10,24,-0.1986040155172076,0.2642770514324598,0.326153056958924,0.1986040155172076,0.6330840517764429,0.6705070197458837,0.1718381743415835,15.45833333333333,0.1063758165636511,0.06693226158409186,0.03944355497955925,0.6506234434944625,2.4,0.05066680100552853,joint_es90,es90,True,16,0.07013029757862631,0.5191050865078672,0.08591908717079173,0.12,False,False
CAD,2023,outer,retrospective,ridge_flat,band05,0,12,-0.00231606100712726,0.2032278048100234,0.1945895930734682,0.00231606100712726,0.2559552967947866,0.2659663426784959,0,15.66666666666667,0.03786510973249794,0.03785974559390921,5.36413858873534e-06,0.2629326924107053,1.2,0.03786510973249794,joint_es90,es90,True,16,0.07013029757862631,0.5191050865078672,0.08591908717079173,0.12,True,True
CAD,2023,outer,retrospective,ridge_flat,band05,5,12,-0.08937625819597124,0.2009472826028205,0.2121389679332456,0.08937625819597124,0.3418917205622168,0.3736776364443131,0.08706019718884415,15.66666666666667,0.04500294171578259,0.03701482618666967,0.007988115529112915,0.3640455407224658,1.2,0.03786510973249845,joint_es90,es90,True,16,0.07013029757862631,0.5191050865078672,0.08591908717079173,0.12,True,True
CAD,2023,outer,retrospective,ridge_flat,band05,10,12,-0.1764364553848171,0.2024269850527617,0.2620911737859816,0.1764364553848171,0.4328910153551603,0.4995908318168603,0.1741203943776883,15.66666666666667,0.06869178337651362,0.03756196058775508,0.03112982278875855,0.4793787662224058,1.2,0.03786510973249906,joint_es90,es90,True,16,0.07013029757862631,0.5191050865078672,0.08591908717079173,0.12,False,True
CAD,2024,validation,retrospective,rolling63,daily,0,24,-0.008781004384928912,0.21176888304008,0.2074959759514613,0.008781004384928912,0.4498056406423838,0.4874146005285362,0,22,0.04305458003604942,0.04297747399804127,7.710603800814077e-05,0.4561099604704962,2.4,0.04305458003604942,forecast_first,mse,True,4,0.06027132371439739,0.5890600484839613,0.1165742196503191,0.12,True,False
CAD,2024,validation,retrospective,rolling63,daily,5,24,-0.1253552240352454,0.2156262261732294,0.245502186781294,0.1253552240352454,0.5686121086950821,0.6416991095544065,0.1165742196503191,22,0.06027132371439739,0.04455739152147083,0.01571393219292656,0.5890600484839613,2.4,0.0430545800360488,forecast_first,mse,True,4,0.06027132371439739,0.5890600484839613,0.1165742196503191,0.12,True,False
CAD,2024,validation,retrospective,rolling63,daily,10,24,-0.2419294436855643,0.2236266557369702,0.3262744757050477,0.2419294436855643,0.6874185767477873,0.7959836185802783,0.2331484393006382,22,0.1064550334966038,0.04792517777459714,0.05852985572200664,0.7220101364974296,2.4,0.04305458003604947,forecast_first,mse,True,4,0.06027132371439739,0.5890600484839613,0.1165742196503191,0.12,False,False
CAD,2024,outer,retrospective,rolling63,daily,0,12,-0.0236275128015572,0.236782269961475,0.2279297021348633,0.0236275128015572,0.4104415744115612,0.5496909202383874,0,22,0.05195194911528752,0.05139368975409977,0.0005582593611877493,0.5074941487757129,1.2,0.05195194911528752,forecast_first,mse,True,4,0.06027132371439739,0.5890600484839613,0.1165742196503191,0.12,True,True
CAD,2024,outer,retrospective,rolling63,daily,5,12,-0.1524469947737716,0.2354849565895662,0.272161999424139,0.1524469947737716,0.5527177723570222,0.6759147136304157,0.1288194819722174,22,0.07407215393054506,0.05083206771499071,0.02324008621555436,0.6385823071839329,1.2,0.05195194911528912,forecast_first,mse,True,4,0.06027132371439739,0.5890600484839613,0.1165742196503191,0.12,False,True
CAD,2024,outer,retrospective,rolling63,daily,10,12,-0.2812664767459836,0.2352897908312724,0.360359093319526,0.2812664767459836,0.6949939703024728,0.8021385070224554,0.2576389639444348,22,0.1298586761380708,0.0507478451969719,0.07911083094109893,0.7696704655921577,1.2,0.05195194911528567,forecast_first,mse,True,4,0.06027132371439739,0.5890600484839613,0.1165742196503191,0.12,False,True
CAD,2024,validation,retrospective,rolling63,daily,0,24,-0.008781004384928912,0.21176888304008,0.2074959759514613,0.008781004384928912,0.4498056406423838,0.4874146005285362,0,22,0.04305458003604942,0.04297747399804127,7.710603800814077e-05,0.4561099604704962,2.4,0.04305458003604942,joint_mse,mse,True,16,0.06027132371439739,0.5890600484839613,0.1165742196503191,0.12,True,False
CAD,2024,validation,retrospective,rolling63,daily,5,24,-0.1253552240352454,0.2156262261732294,0.245502186781294,0.1253552240352454,0.5686121086950821,0.6416991095544065,0.1165742196503191,22,0.06027132371439739,0.04455739152147083,0.01571393219292656,0.5890600484839613,2.4,0.0430545800360488,joint_mse,mse,True,16,0.06027132371439739,0.5890600484839613,0.1165742196503191,0.12,True,False
CAD,2024,validation,retrospective,rolling63,daily,10,24,-0.2419294436855643,0.2236266557369702,0.3262744757050477,0.2419294436855643,0.6874185767477873,0.7959836185802783,0.2331484393006382,22,0.1064550334966038,0.04792517777459714,0.05852985572200664,0.7220101364974296,2.4,0.04305458003604947,joint_mse,mse,True,16,0.06027132371439739,0.5890600484839613,0.1165742196503191,0.12,False,False
CAD,2024,outer,retrospective,rolling63,daily,0,12,-0.0236275128015572,0.236782269961475,0.2279297021348633,0.0236275128015572,0.4104415744115612,0.5496909202383874,0,22,0.05195194911528752,0.05139368975409977,0.0005582593611877493,0.5074941487757129,1.2,0.05195194911528752,joint_mse,mse,True,16,0.06027132371439739,0.5890600484839613,0.1165742196503191,0.12,True,True
CAD,2024,outer,retrospective,rolling63,daily,5,12,-0.1524469947737716,0.2354849565895662,0.272161999424139,0.1524469947737716,0.5527177723570222,0.6759147136304157,0.1288194819722174,22,0.07407215393054506,0.05083206771499071,0.02324008621555436,0.6385823071839329,1.2,0.05195194911528912,joint_mse,mse,True,16,0.06027132371439739,0.5890600484839613,0.1165742196503191,0.12,False,True
CAD,2024,outer,retrospective,rolling63,daily,10,12,-0.2812664767459836,0.2352897908312724,0.360359093319526,0.2812664767459836,0.6949939703024728,0.8021385070224554,0.2576389639444348,22,0.1298586761380708,0.0507478451969719,0.07911083094109893,0.7696704655921577,1.2,0.05195194911528567,joint_mse,mse,True,16,0.06027132371439739,0.5890600484839613,0.1165742196503191,0.12,False,True
CAD,2024,validation,retrospective,ridge_flat,band05,0,24,-0.01016974971638677,0.2369118283537614,0.2321465147041898,0.01016974971638677,0.3667006728171225,0.4817683448910574,0,16.125,0.05389200428930263,0.0537885804800087,0.0001034238092939488,0.4173710038742692,2.4,0.05389200428930263,joint_es90,es90,True,16,0.06573314039550915,0.5232272941571928,0.08876153270002091,0.12,True,False
CAD,2024,validation,retrospective,ridge_flat,band05,5,24,-0.09893128241640965,0.2416157389524055,0.2563847507078164,0.09893128241640965,0.4563332637334322,0.6065539622969037,0.08876153270002091,16.125,0.06573314039550915,0.05594574175495375,0.009787398640555405,0.5232272941571928,2.4,0.0538920042893038,joint_es90,es90,True,16,0.06573314039550915,0.5232272941571928,0.08876153270002091,0.12,True,False
CAD,2024,validation,retrospective,ridge_flat,band05,10,24,-0.1876928151164293,0.2489578161174915,0.3076135356152877,0.1876928151164293,0.5490040736261393,0.7313395797026759,0.1775230654000418,16.125,0.09462608729373789,0.05939749444740777,0.03522859284633011,0.6324593833027539,2.4,0.05389200428930108,joint_es90,es90,True,16,0.06573314039550915,0.5232272941571928,0.08876153270002091,0.12,False,False
CAD,2024,outer,retrospective,ridge_flat,band05,0,12,0.005879600679723707,0.2143878321461304,0.2053449140562709,-0.005879600679723707,0.3308439102812509,0.4317275270347798,0,15.25,0.0421665337287773,0.04213196402462429,3.456970415300748e-05,0.4011567340791651,1.2,0.0421665337287773,joint_es90,es90,True,16,0.06573314039550915,0.5232272941571928,0.08876153270002091,0.12,True,True
CAD,2024,outer,retrospective,ridge_flat,band05,5,12,-0.08810134509406213,0.2148533947615542,0.2237789008774068,0.08810134509406213,0.4329797188709608,0.5134885850733744,0.09398094577379246,15.25,0.05007699647790024,0.04231514947051721,0.007761847007383025,0.4890919589514309,1.2,0.04216653372877574,joint_es90,es90,True,16,0.06573314039550915,0.5232272941571928,0.08876153270002091,0.12,True,True
CAD,2024,outer,retrospective,ridge_flat,band05,10,12,-0.1820822908678517,0.2165045784225848,0.2759021694111841,0.1820822908678517,0.535115527460665,0.5952496431119565,0.1879618915475849,15.25,0.07612200708579771,0.04296804643811274,0.03315396064768496,0.5770271838236863,1.2,0.04216653372877811,joint_es90,es90,True,16,0.06573314039550915,0.5232272941571928,0.08876153270002091,0.12,False,True
CAD,2025,validation,retrospective,rolling63,band05,0,24,-0.01449155419808198,0.2144160162824668,0.210401141504945,0.01449155419808198,0.3444929622815442,0.4451531316030607,0,15.20833333333333,0.0442686403465839,0.04405863520350795,0.0002100051430759474,0.3857559602209888,2.4,0.0442686403465839,forecast_first,mse,True,3,0.05808599166087817,0.51225988583333,0.09458782119664745,0.12,True,False
CAD,2025,validation,retrospective,rolling63,band05,5,24,-0.109079375394732,0.2195355132789463,0.2410103559204006,0.109079375394732,0.4894184927528454,0.5558507705306956,0.09458782119664745,15.20833333333333,0.05808599166087817,0.0461876815243733,0.01189831013650487,0.51225988583333,2.4,0.04426864034658334,forecast_first,mse,True,3,0.05808599166087817,0.51225988583333,0.09458782119664745,0.12,True,False
CAD,2025,validation,retrospective,rolling63,band05,10,24,-0.2036671965913809,0.2273963453391476,0.3017198685805423,0.2036671965913809,0.6343440232241566,0.666548409458392,0.1891756423932949,15.20833333333333,0.09103487909625969,0.0495545521288675,0.04148032696739219,0.6387638114457045,2.4,0.04426864034658534,forecast_first,mse,True,3,0.05808599166087817,0.51225988583333,0.09458782119664745,0.12,False,False
CAD,2025,outer,retrospective,rolling63,band05,0,12,0.0535662359379756,0.2231973230291415,0.2203065278711835,-0.0535662359379756,0.195184542934341,0.3419555358122039,0,14.91666666666667,0.04853496622265655,0.04566562459009368,0.002869341632562869,0.2974794773643668,1.2,0.04853496622265655,forecast_first,mse,True,3,0.05808599166087817,0.51225988583333,0.09458782119664745,0.12,True,True
CAD,2025,outer,retrospective,rolling63,band05,5,12,-0.04240550315361132,0.2296208868416293,0.2238976679917694,0.04240550315361132,0.2958595453126376,0.4387159284543429,0.09597173909158439,14.91666666666667,0.05013016573215259,0.04833193903444163,0.00179822669771094,0.395426115381099,1.2,0.04853496622265571,forecast_first,mse,True,3,0.05808599166087817,0.51225988583333,0.09458782119664745,0.12,True,True
CAD,2025,outer,retrospective,rolling63,band05,10,12,-0.1383772422451891,0.2376650796930021,0.2663191577188443,0.1383772422451891,0.3997959005798746,0.5354763210964677,0.1919434781831688,14.91666666666667,0.07092589376807469,0.05177763259669094,0.01914826117138374,0.4943610421520457,1.2,0.04853496622265557,forecast_first,mse,True,3,0.05808599166087817,0.51225988583333,0.09458782119664745,0.12,False,True
CAD,2025,validation,retrospective,ridge_flat,band05,0,24,-0.01485093753365082,0.2021042818120936,0.1984055658043089,0.01485093753365082,0.2777453762726002,0.3879979638446476,0,15.41666666666667,0.03936476854212796,0.03914421819649956,0.0002205503456283986,0.3315620937786398,2.4,0.03936476854212796,joint_mse,mse,True,14,0.05123130184889265,0.4468567856082063,0.09243986608347272,0.12,True,False
CAD,2025,validation,retrospective,ridge_flat,band05,5,24,-0.1072908036171236,0.2035852184984084,0.2263433273787691,0.1072908036171236,0.4103495002860462,0.4912429525765687,0.09243986608347272,15.41666666666667,0.05123130184889265,0.03971998530808449,0.01151131654080817,0.4468567856082063,2.4,0.03936476854213009,joint_mse,mse,True,14,0.05123130184889265,0.4468567856082063,0.09243986608347272,0.12,True,False
CAD,2025,validation,retrospective,ridge_flat,band05,10,24,-0.1997306697005935,0.207862565504685,0.2851296219291835,0.1997306697005935,0.5456159013497106,0.5944879413085177,0.1848797321669454,15.41666666666667,0.08129890130147914,0.04140656088243157,0.03989234041904757,0.5651095630491664,2.4,0.03936476854212875,joint_mse,mse,True,14,0.05123130184889265,0.4468567856082063,0.09243986608347272,0.12,False,False
CAD,2025,outer,retrospective,ridge_flat,band05,0,12,0.04451373429168585,0.2439939980861722,0.2378097020395921,-0.04451373429168585,0.2500705276728316,0.4687692588500311,0,15.16666666666667,0.05655345438415959,0.05457198184356876,0.001981472540590808,0.4024969160690618,1.2,0.05655345438415959,joint_mse,mse,True,14,0.05123130184889265,0.4468567856082063,0.09243986608347272,0.12,True,True
CAD,2025,outer,retrospective,ridge_flat,band05,5,12,-0.04939238625588412,0.2480646469548183,0.2425853893645167,0.04939238625588412,0.352976390318855,0.5655930582660034,0.09390612054756693,15.16666666666667,0.05884767113313419,0.05640806331308373,0.002439607820050451,0.5011637649486859,1.2,0.05655345438416131,joint_mse,mse,True,14,0.05123130184889265,0.4468567856082063,0.09243986608347272,0.12,True,True
CAD,2025,outer,retrospective,ridge_flat,band05,10,12,-0.1432985068034549,0.2533781669318559,0.2817532896702982,0.1432985068034549,0.4558822529648719,0.6624168576819613,0.1878122410951339,15.16666666666667,0.07938491624003498,0.05885045418793517,0.02053446205209981,0.5998306138282981,1.2,0.05655345438416113,joint_mse,mse,True,14,0.05123130184889265,0.4468567856082063,0.09243986608347272,0.12,False,True
CAD,2025,validation,retrospective,ridge_term,band10,0,24,-0.007367328267051369,0.2364705939533819,0.2316089126565124,0.007367328267051369,0.2905249523945225,0.3698030443276213,0,12.33333333333333,0.05364268842193198,0.05358841089613747,5.427752579449413e-05,0.3275252066093173,2.4,0.05364268842193198,joint_es90,es90,True,14,0.06177616709001924,0.3909930231346205,0.0794764965906259,0.12,True,False
CAD,2025,validation,retrospective,ridge_term,band10,5,24,-0.08684382485767572,0.2378914268406644,0.2485481182588579,0.08684382485767572,0.3643529388865915,0.4237636137012221,0.0794764965906259,12.33333333333333,0.06177616709001924,0.05423431717410857,0.007541849915910655,0.3909930231346205,2.4,0.05364268842193259,joint_es90,es90,True,14,0.06177616709001924,0.3909930231346205,0.0794764965906259,0.12,True,False
CAD,2025,validation,retrospective,ridge_term,band10,10,24,-0.1663203214483042,0.2409429946318186,0.2886123334934937,0.1663203214483042,0.4497606073913559,0.4788743727350226,0.1589529931812518,12.33333333333333,0.08329707904455962,0.05563462971789237,0.02766244932666724,0.4636848857500798,2.4,0.05364268842193173,joint_es90,es90,True,14,0.06177616709001924,0.3909930231346205,0.0794764965906259,0.12,False,False
CAD,2025,outer,retrospective,ridge_term,band10,0,12,0.05386349659224443,0.2764383003472564,0.2700948580390156,-0.05386349659224443,0.2860330297423463,0.5313806618313919,0,12.66666666666667,0.072951232339116,0.07004995607397328,0.002901276265142728,0.4570328945316813,1.2,0.072951232339116,joint_es90,es90,True,14,0.06177616709001924,0.3909930231346205,0.0794764965906259,0.12,True,True
CAD,2025,outer,retrospective,ridge_term,band10,5,12,-0.026887911096805,0.2839040431244979,0.2731440523308474,0.026887911096805,0.3773943839763891,0.6230950757412188,0.0807514076890487,12.66666666666667,0.07460767332371668,0.07388471356056699,0.0007229597631496892,0.5486403206609676,1.2,0.07295123233911689,joint_es90,es90,True,14,0.06177616709001924,0.3909930231346205,0.0794764965906259,0.12,True,True
CAD,2025,outer,retrospective,ridge_term,band10,10,12,-0.1076393187858495,0.2921322676895123,0.2996926975341807,0.1076393187858495,0.4687557382104114,0.7148094896510173,0.1615028153780974,12.66666666666667,0.08981571295531388,0.07822949000663214,0.01158622294868174,0.6402477467902279,1.2,0.07295123233911703,joint_es90,es90,True,14,0.06177616709001924,0.3909930231346205,0.0794764965906259,0.12,False,True
CAD,2026,validation,additional_2026,ewma97,band05,0,24,0.03606742506094673,0.2133378278970214,0.21193751853283,-0.03606742506094673,0.2829190090174492,0.4224938016271215,0,15.41666666666667,0.04491751176185368,0.04361665261132668,0.001300859150527009,0.3502918980963347,2.4,0.04491751176185368,forecast_first,mse,True,3,0.05000376376844784,0.4534332096185796,0.09884119342833501,0.12,True,False
CAD,2026,validation,additional_2026,ewma97,band05,5,24,-0.06277376836738402,0.2192395182722531,0.2236152136337057,0.06277376836738402,0.4031408302120993,0.5136213413005946,0.09884119342833501,15.41666666666667,0.05000376376844784,0.04606321777340586,0.003940545995041983,0.4534332096185796,2.4,0.04491751176185344,forecast_first,mse,True,3,0.05000376376844784,0.4534332096185796,0.09884119342833501,0.12,True,False
CAD,2026,validation,additional_2026,ewma97,band05,10,24,-0.1616149617957237,0.226625042250114,0.2744783253321588,0.1616149617957237,0.5233626514067856,0.6047488809740718,0.19768238685667,15.41666666666667,0.07533835107714643,0.0492189552009132,0.02611939587623322,0.556574521140841,2.4,0.04491751176185402,forecast_first,mse,True,3,0.05000376376844784,0.4534332096185796,0.09884119342833501,0.12,False,False
CAD,2026,outer,additional_2026,ewma97,band05,0,9,0.06204838341215267,0.1013462658896349,0.1139290919020999,-0.06204838341215267,0.08138430329528423,0.1011460938640312,0,14.88888888888889,0.01297983798163713,0.009129836097575625,0.003850001884061503,0.1011460938640312,0.9,0.01297983798163713,forecast_first,mse,True,3,0.05000376376844784,0.4534332096185796,0.09884119342833501,0.12,True,True
CAD,2026,outer,additional_2026,ewma97,band05,5,9,-0.03231413712691249,0.1030023077109002,0.1023467061156342,0.03231413712691249,0.1897049342865958,0.2310520334784911,0.09436252053906366,14.88888888888889,0.01047484825272,0.009430644794463093,0.001044203458256904,0.2310520334784911,0.9,0.0129798379816368,forecast_first,mse,True,3,0.05000376376844784,0.4534332096185796,0.09884119342833501,0.12,True,True
CAD,2026,outer,additional_2026,ewma97,band05,10,9,-0.1266766576659724,0.1105178114782747,0.1640244811024587,0.1266766576659724,0.2980255652778978,0.3609579730929227,0.1887250410781273,14.88888888888889,0.02690403040093084,0.01085705480350887,0.01604697559742197,0.3609579730929227,0.9,0.01297983798163698,forecast_first,mse,True,3,0.05000376376844784,0.4534332096185796,0.09884119342833501,0.12,False,True
CAD,2026,validation,additional_2026,ridge_term,band05,0,24,0.04299583864790298,0.215931435321436,0.2157133766583481,-0.04299583864790298,0.3087745438240651,0.4121920862068082,0,15.08333333333333,0.04653226086934636,0.04468361872830986,0.001848642141036508,0.3519392729116659,2.4,0.04653226086934636,joint_mse,mse,True,12,0.04944704645371831,0.445567832669738,0.09457298654482327,0.12,True,False
CAD,2026,validation,additional_2026,ridge_term,band05,5,24,-0.05157714789692173,0.2209548707064603,0.2223669185236831,0.05157714789692173,0.4084562304211735,0.4961986405987392,0.09457298654482327,15.08333333333333,0.04944704645371831,0.04678684426853739,0.002660202185180937,0.445567832669738,2.4,0.04653226086934261,joint_mse,mse,True,12,0.04944704645371831,0.445567832669738,0.09457298654482327,0.12,True,False
CAD,2026,validation,additional_2026,ridge_term,band05,10,24,-0.1461501344417392,0.2273686010223168,0.2662749002398312,0.1461501344417392,0.5081379170183103,0.5802051949906765,0.1891459730896465,15.08333333333333,0.07090232249773205,0.04954246070039361,0.02135986179733845,0.5391963924278275,2.4,0.04653226086934468,joint_mse,mse,True,12,0.04944704645371831,0.445567832669738,0.09457298654482327,0.12,False,False
CAD,2026,outer,additional_2026,ridge_term,band05,0,9,0.06873827257182155,0.1072143403526247,0.1222401412809183,-0.06873827257182155,0.07048447399459865,0.09511159222799392,0,14.66666666666667,0.01494265214037888,0.01021770202422084,0.004724950116158035,0.09511159222799392,0.9,0.01494265214037888,joint_mse,mse,True,12,0.04944704645371831,0.445567832669738,0.09457298654482327,0.12,True,True
CAD,2026,outer,additional_2026,ridge_term,band05,5,9,-0.02116051141577301,0.1098092084887983,0.1056695075022352,0.02116051141577301,0.1754013335161413,0.2212694267817028,0.08989878398760172,14.66666666666667,0.01116604481576495,0.01071827757238789,0.0004477672433770597,0.2212694267817028,0.9,0.01494265214037932,joint_mse,mse,True,12,0.04944704645371831,0.445567832669738,0.09457298654482327,0.12,True,True
CAD,2026,outer,additional_2026,ridge_term,band05,10,9,-0.1110592954033783,0.1175130964466064,0.1568729587033934,0.1110592954033783,0.2803181930377394,0.3474272613354544,0.1797975679752034,14.66666666666667,0.02460912517235656,0.01227495807686171,0.01233416709549485,0.3474272613354543,0.9,0.01494265214037931,joint_mse,mse,True,12,0.04944704645371831,0.445567832669738,0.09457298654482327,0.12,False,True
CAD,2026,validation,additional_2026,rolling63,band10,0,24,0.04128129452367335,0.2188670704948074,0.2181994272488781,-0.04128129452367335,0.3034301734827584,0.3988424519214571,0,11.95833333333333,0.04761099005173846,0.04590684477418819,0.001704145277550263,0.341042131301551,2.4,0.04761099005173846,joint_es90,es90,True,12,0.05097977240932689,0.4275168440450433,0.08580994727365943,0.12,True,False
CAD,2026,validation,additional_2026,rolling63,band10,5,24,-0.04452865274998752,0.2261134109291513,0.2257870067327323,0.04452865274998752,0.397388532445572,0.4749763421915463,0.08580994727365943,11.95833333333333,0.05097977240932689,0.04899697149359792,0.001982800915728971,0.4275168440450433,2.4,0.04761099005173908,joint_es90,es90,True,12,0.05097977240932689,0.4275168440450433,0.08580994727365943,0.12,True,False
CAD,2026,validation,additional_2026,rolling63,band10,10,24,-0.1303386000236473,0.2344161479492506,0.2639118393984673,0.1303386000236473,0.4913468914083309,0.5511102324616468,0.1716198945473189,11.95833333333333,0.06964945897468239,0.05266130831855809,0.0169881506561243,0.5139915567885152,2.4,0.04761099005173722,joint_es90,es90,True,12,0.05097977240932689,0.4275168440450433,0.08580994727365943,0.12,False,False
CAD,2026,outer,additional_2026,rolling63,band10,0,9,0.07155262867513142,0.1456828249545719,0.1548712339428564,-0.07155262867513142,0.1383718902772614,0.2007294903468164,0,10.55555555555556,0.02398509910298295,0.01886532043266171,0.005119778670321239,0.2007294903468164,0.9,0.02398509910298295,joint_es90,es90,True,12,0.05097977240932689,0.4275168440450433,0.08580994727365943,0.12,True,True
CAD,2026,outer,additional_2026,rolling63,band10,5,9,-0.009931060543640532,0.1506507872488943,0.1423816901701534,0.009931060543640532,0.2362458187280871,0.3192049428317318,0.08148368921877008,10.55555555555556,0.02027254569570955,0.0201739197321881,9.862596352145378e-05,0.3192049428317318,0.9,0.02398509910298293,joint_es90,es90,True,12,0.05097977240932689,0.4275168440450433,0.08580994727365943,0.12,True,True
CAD,2026,outer,additional_2026,rolling63,band10,10,9,-0.09141474976241169,0.158491611513438,0.1751718634269187,0.09141474976241169,0.3341197471789036,0.4376803953166331,0.1629673784375402,10.55555555555556,0.03068518173645906,0.0223285252623347,0.008356656474124348,0.4376803953166331,0.9,0.02398509910298306,joint_es90,es90,True,12,0.05097977240932689,0.4275168440450433,0.08580994727365943,0.12,False,True
AUD,2015,validation,retrospective,ridge_term,band05,0,24,-0.06436330512381505,0.4125790973077073,0.4089884883478614,0.06436330512381505,0.6578971571382798,0.9950297228297036,0,15.125,0.1672715836010688,0.1631289485546075,0.004142635046461317,0.8113647299681144,2.4,0.1672715836010688,forecast_first,mse,True,3,0.204043795676051,0.9508479253186338,0.0940398460832591,0.12,True,False
AUD,2015,validation,retrospective,ridge_term,band05,5,24,-0.1584031512070772,0.432125872198149,0.4517120716518998,0.1584031512070772,0.7932222672446461,1.13728039350516,0.0940398460832591,15.125,0.204043795676051,0.1789522373637189,0.02509155831233215,0.9508479253186338,2.4,0.1672715836010719,forecast_first,mse,True,3,0.204043795676051,0.9508479253186338,0.0940398460832591,0.12,True,False
AUD,2015,validation,retrospective,ridge_term,band05,10,24,-0.2524429972903376,0.4529391381575906,0.5102286273192451,0.2524429972903376,0.9285473773510508,1.2795310641806,0.1880796921665182,15.125,0.2603332521360811,0.1966057852551517,0.0637274668809294,1.090331120669161,2.4,0.1672715836010725,forecast_first,mse,True,3,0.204043795676051,0.9508479253186338,0.0940398460832591,0.12,False,False
AUD,2015,outer,retrospective,ridge_term,band05,0,12,-0.006939813500618082,0.3426463511660034,0.3281322997636545,0.006939813500618082,0.5155967407552704,0.8900650778272023,0,14.33333333333333,0.1076708061481848,0.1076226451367614,4.8161011423361e-05,0.7765898241690414,1.2,0.1076708061481848,forecast_first,mse,True,3,0.204043795676051,0.9508479253186338,0.0940398460832591,0.12,True,True
AUD,2015,outer,retrospective,ridge_term,band05,5,12,-0.09929363691866795,0.3516746015460664,0.3510384588485126,0.09929363691866795,0.6334913741836397,1.017855987009398,0.09235382341804386,14.33333333333333,0.1232279995907389,0.1133687732582025,0.009859226332536259,0.9013818619106834,1.2,0.1076708061481818,forecast_first,mse,True,3,0.204043795676051,0.9508479253186338,0.0940398460832591,0.12,True,True
AUD,2015,outer,retrospective,ridge_term,band05,10,12,-0.191647460336706,0.3629710782080199,0.3968598648990733,0.191647460336706,0.7513860076120169,1.145646896191593,0.1847076468360877,14.33333333333333,0.1574977523677107,0.1207690033142014,0.03672874905350929,1.026173899652328,1.2,0.1076708061481804,forecast_first,mse,True,3,0.204043795676051,0.9508479253186338,0.0940398460832591,0.12,False,True
AUD,2015,validation,retrospective,ridge_term,band05,0,24,-0.06436330512381505,0.4125790973077073,0.4089884883478614,0.06436330512381505,0.6578971571382798,0.9950297228297036,0,15.125,0.1672715836010688,0.1631289485546075,0.004142635046461317,0.8113647299681144,2.4,0.1672715836010688,joint_mse,mse,True,12,0.204043795676051,0.9508479253186338,0.0940398460832591,0.12,True,False
AUD,2015,validation,retrospective,ridge_term,band05,5,24,-0.1584031512070772,0.432125872198149,0.4517120716518998,0.1584031512070772,0.7932222672446461,1.13728039350516,0.0940398460832591,15.125,0.204043795676051,0.1789522373637189,0.02509155831233215,0.9508479253186338,2.4,0.1672715836010719,joint_mse,mse,True,12,0.204043795676051,0.9508479253186338,0.0940398460832591,0.12,True,False
AUD,2015,validation,retrospective,ridge_term,band05,10,24,-0.2524429972903376,0.4529391381575906,0.5102286273192451,0.2524429972903376,0.9285473773510508,1.2795310641806,0.1880796921665182,15.125,0.2603332521360811,0.1966057852551517,0.0637274668809294,1.090331120669161,2.4,0.1672715836010725,joint_mse,mse,True,12,0.204043795676051,0.9508479253186338,0.0940398460832591,0.12,False,False
AUD,2015,outer,retrospective,ridge_term,band05,0,12,-0.006939813500618082,0.3426463511660034,0.3281322997636545,0.006939813500618082,0.5155967407552704,0.8900650778272023,0,14.33333333333333,0.1076708061481848,0.1076226451367614,4.8161011423361e-05,0.7765898241690414,1.2,0.1076708061481848,joint_mse,mse,True,12,0.204043795676051,0.9508479253186338,0.0940398460832591,0.12,True,True
AUD,2015,outer,retrospective,ridge_term,band05,5,12,-0.09929363691866795,0.3516746015460664,0.3510384588485126,0.09929363691866795,0.6334913741836397,1.017855987009398,0.09235382341804386,14.33333333333333,0.1232279995907389,0.1133687732582025,0.009859226332536259,0.9013818619106834,1.2,0.1076708061481818,joint_mse,mse,True,12,0.204043795676051,0.9508479253186338,0.0940398460832591,0.12,True,True
AUD,2015,outer,retrospective,ridge_term,band05,10,12,-0.191647460336706,0.3629710782080199,0.3968598648990733,0.191647460336706,0.7513860076120169,1.145646896191593,0.1847076468360877,14.33333333333333,0.1574977523677107,0.1207690033142014,0.03672874905350929,1.026173899652328,1.2,0.1076708061481804,joint_mse,mse,True,12,0.204043795676051,0.9508479253186338,0.0940398460832591,0.12,False,True
AUD,2015,validation,retrospective,rolling63,band10,0,24,-0.09161324841480704,0.4352438726838246,0.4358176202622598,0.09161324841480704,0.683909129687482,0.9509944398474274,0,12.58333333333333,0.1899369981310593,0.1815440108459461,0.008392987285113146,0.8153956201948501,2.4,0.1899369981310593,joint_es90,es90,True,12,0.2279567088426335,0.9383578338742449,0.0842449006897954,0.12,True,False
AUD,2015,validation,retrospective,rolling63,band10,5,24,-0.1758581491046013,0.4534282401241198,0.4774481216243641,0.1758581491046013,0.8062403447291727,1.080883398051735,0.0842449006897954,12.58333333333333,0.2279567088426335,0.1970306202361374,0.03092608860649617,0.9383578338742449,2.4,0.1899369981310594,joint_es90,es90,True,12,0.2279567088426335,0.9383578338742449,0.0842449006897954,0.12,True,False
AUD,2015,validation,retrospective,rolling63,band10,10,24,-0.2601030497944021,0.4725837627292075,0.5307385110464862,0.2601030497944021,0.9285715597708678,1.21077235625603,0.1684898013795908,12.58333333333333,0.2816833671078411,0.2140297705954919,0.06765359651234923,1.061320047553638,2.4,0.1899369981310598,joint_es90,es90,True,12,0.2279567088426335,0.9383578338742449,0.0842449006897954,0.12,False,False
AUD,2015,outer,retrospective,rolling63,band10,0,12,0.02571888126506394,0.3609461852689181,0.346535371631856,-0.02571888126506394,0.5257165329588918,0.8664547555002429,0,11.33333333333333,0.1200867637920286,0.1194253029385021,0.0006614608535264571,0.7632007486695307,1.2,0.1200867637920286,joint_es90,es90,True,12,0.2279567088426335,0.9383578338742449,0.0842449006897954,0.12,True,True
AUD,2015,outer,retrospective,rolling63,band10,5,12,-0.05522596379439667,0.3640664751995331,0.3529149173821945,0.05522596379439667,0.6040192866299078,0.9795006657613783,0.08094484505946029,11.33333333333333,0.1245489389108812,0.1214990318338612,0.003049907077020012,0.8657184296609329,1.2,0.1200867637920269,joint_es90,es90,True,12,0.2279567088426335,0.9383578338742449,0.0842449006897954,0.12,True,True
AUD,2015,outer,retrospective,rolling63,band10,10,12,-0.1361708088538577,0.3687866384889129,0.3784341975181462,0.1361708088538577,0.6823220403009405,1.092546576022542,0.1618896901189206,11.33333333333333,0.1432124418512033,0.1246699526672894,0.01854248918391386,0.9682361106523601,1.2,0.1200867637920298,joint_es90,es90,True,12,0.2279567088426335,0.9383578338742449,0.0842449006897954,0.12,False,True
AUD,2016,validation,retrospective,ridge_term,band10,0,24,-0.04882546867756377,0.4013612413320645,0.3959326380207229,0.04882546867756377,0.862628322272956,0.991202968789473,0,11.79166666666667,0.1567626538500488,0.1543787274584651,0.00238392639158376,0.8918822717472128,2.4,0.1567626538500488,forecast_first,mse,True,4,0.1826147703401425,1.024541740511689,0.07727216584043969,0.12,True,False
AUD,2016,validation,retrospective,ridge_term,band10,5,24,-0.1260976345180072,0.4170882382827995,0.4273344946761757,0.1260976345180072,0.9810192032435331,1.139256059388586,0.07727216584043969,11.79166666666667,0.1826147703401425,0.1667141569091056,0.01590061343103691,1.024541740511689,2.4,0.1567626538500472,forecast_first,mse,True,4,0.1826147703401425,1.024541740511689,0.07727216584043969,0.12,True,False
AUD,2016,validation,retrospective,ridge_term,band10,10,24,-0.2033698003584434,0.4341136151975516,0.4711280402504459,0.2033698003584434,1.099410084214124,1.287309149987725,0.1545443316808794,11.79166666666667,0.2219616303102258,0.1806023546123926,0.04135927569783314,1.157201209276186,2.4,0.1567626538500505,forecast_first,mse,True,4,0.1826147703401425,1.024541740511689,0.07727216584043969,0.12,False,False
AUD,2016,outer,retrospective,ridge_term,band10,0,12,0.1905257415655094,0.4172840341196466,0.4426234587501998,-0.1905257415655094,0.2339964573623799,0.2845890227494152,0,11.91666666666667,0.1959155262359898,0.1596154680369025,0.03630005819908726,0.2692579423291016,1.2,0.1959155262359898,forecast_first,mse,True,4,0.1826147703401425,1.024541740511689,0.07727216584043969,0.12,True,True
AUD,2016,outer,retrospective,ridge_term,band10,5,12,0.1114242831165645,0.4257514603669666,0.4225805462144797,-0.1114242831165645,0.3297826791368207,0.4076184353162375,0.07910145844894811,11.91666666666667,0.178574318038928,0.1661589471708877,0.01241537086804033,0.3840318425345961,1.2,0.1959155262359952,forecast_first,mse,True,4,0.1826147703401425,1.024541740511689,0.07727216584043969,0.12,True,True
AUD,2016,outer,retrospective,ridge_term,band10,10,12,0.0323228246676126,0.4352348598832771,0.4179573738002171,-0.0323228246676126,0.4255689009112414,0.5306478478830456,0.1582029168978962,11.91666666666667,0.1746883663139744,0.1736436013194812,0.001044764994493226,0.4988057427400748,1.2,0.1959155262359916,forecast_first,mse,True,4,0.1826147703401425,1.024541740511689,0.07727216584043969,0.12,False,True
AUD,2016,validation,retrospective,ridge_term,band10,0,24,-0.04882546867756377,0.4013612413320645,0.3959326380207229,0.04882546867756377,0.862628322272956,0.991202968789473,0,11.79166666666667,0.1567626538500488,0.1543787274584651,0.00238392639158376,0.8918822717472128,2.4,0.1567626538500488,joint_mse,mse,True,16,0.1826147703401425,1.024541740511689,0.07727216584043969,0.12,True,False
AUD,2016,validation,retrospective,ridge_term,band10,5,24,-0.1260976345180072,0.4170882382827995,0.4273344946761757,0.1260976345180072,0.9810192032435331,1.139256059388586,0.07727216584043969,11.79166666666667,0.1826147703401425,0.1667141569091056,0.01590061343103691,1.024541740511689,2.4,0.1567626538500472,joint_mse,mse,True,16,0.1826147703401425,1.024541740511689,0.07727216584043969,0.12,True,False
AUD,2016,validation,retrospective,ridge_term,band10,10,24,-0.2033698003584434,0.4341136151975516,0.4711280402504459,0.2033698003584434,1.099410084214124,1.287309149987725,0.1545443316808794,11.79166666666667,0.2219616303102258,0.1806023546123926,0.04135927569783314,1.157201209276186,2.4,0.1567626538500505,joint_mse,mse,True,16,0.1826147703401425,1.024541740511689,0.07727216584043969,0.12,False,False
AUD,2016,outer,retrospective,ridge_term,band10,0,12,0.1905257415655094,0.4172840341196466,0.4426234587501998,-0.1905257415655094,0.2339964573623799,0.2845890227494152,0,11.91666666666667,0.1959155262359898,0.1596154680369025,0.03630005819908726,0.2692579423291016,1.2,0.1959155262359898,joint_mse,mse,True,16,0.1826147703401425,1.024541740511689,0.07727216584043969,0.12,True,True
AUD,2016,outer,retrospective,ridge_term,band10,5,12,0.1114242831165645,0.4257514603669666,0.4225805462144797,-0.1114242831165645,0.3297826791368207,0.4076184353162375,0.07910145844894811,11.91666666666667,0.178574318038928,0.1661589471708877,0.01241537086804033,0.3840318425345961,1.2,0.1959155262359952,joint_mse,mse,True,16,0.1826147703401425,1.024541740511689,0.07727216584043969,0.12,True,True
AUD,2016,outer,retrospective,ridge_term,band10,10,12,0.0323228246676126,0.4352348598832771,0.4179573738002171,-0.0323228246676126,0.4255689009112414,0.5306478478830456,0.1582029168978962,11.91666666666667,0.1746883663139744,0.1736436013194812,0.001044764994493226,0.4988057427400748,1.2,0.1959155262359916,joint_mse,mse,True,16,0.1826147703401425,1.024541740511689,0.07727216584043969,0.12,False,True
AUD,2016,validation,retrospective,ridge_term,band10,0,24,-0.04882546867756377,0.4013612413320645,0.3959326380207229,0.04882546867756377,0.862628322272956,0.991202968789473,0,11.79166666666667,0.1567626538500488,0.1543787274584651,0.00238392639158376,0.8918822717472128,2.4,0.1567626538500488,joint_es90,es90,True,16,0.1826147703401425,1.024541740511689,0.07727216584043969,0.12,True,False
AUD,2016,validation,retrospective,ridge_term,band10,5,24,-0.1260976345180072,0.4170882382827995,0.4273344946761757,0.1260976345180072,0.9810192032435331,1.139256059388586,0.07727216584043969,11.79166666666667,0.1826147703401425,0.1667141569091056,0.01590061343103691,1.024541740511689,2.4,0.1567626538500472,joint_es90,es90,True,16,0.1826147703401425,1.024541740511689,0.07727216584043969,0.12,True,False
AUD,2016,validation,retrospective,ridge_term,band10,10,24,-0.2033698003584434,0.4341136151975516,0.4711280402504459,0.2033698003584434,1.099410084214124,1.287309149987725,0.1545443316808794,11.79166666666667,0.2219616303102258,0.1806023546123926,0.04135927569783314,1.157201209276186,2.4,0.1567626538500505,joint_es90,es90,True,16,0.1826147703401425,1.024541740511689,0.07727216584043969,0.12,False,False
AUD,2016,outer,retrospective,ridge_term,band10,0,12,0.1905257415655094,0.4172840341196466,0.4426234587501998,-0.1905257415655094,0.2339964573623799,0.2845890227494152,0,11.91666666666667,0.1959155262359898,0.1596154680369025,0.03630005819908726,0.2692579423291016,1.2,0.1959155262359898,joint_es90,es90,True,16,0.1826147703401425,1.024541740511689,0.07727216584043969,0.12,True,True
AUD,2016,outer,retrospective,ridge_term,band10,5,12,0.1114242831165645,0.4257514603669666,0.4225805462144797,-0.1114242831165645,0.3297826791368207,0.4076184353162375,0.07910145844894811,11.91666666666667,0.178574318038928,0.1661589471708877,0.01241537086804033,0.3840318425345961,1.2,0.1959155262359952,joint_es90,es90,True,16,0.1826147703401425,1.024541740511689,0.07727216584043969,0.12,True,True
AUD,2016,outer,retrospective,ridge_term,band10,10,12,0.0323228246676126,0.4352348598832771,0.4179573738002171,-0.0323228246676126,0.4255689009112414,0.5306478478830456,0.1582029168978962,11.91666666666667,0.1746883663139744,0.1736436013194812,0.001044764994493226,0.4988057427400748,1.2,0.1959155262359916,joint_es90,es90,True,16,0.1826147703401425,1.024541740511689,0.07727216584043969,0.12,False,True
AUD,2017,validation,retrospective,ridge_term,band05,0,24,0.03455272039969041,0.316760719509486,0.3120104499080859,-0.03455272039969041,0.3826537215677964,0.804961777467561,0,14.75,0.09735052085184619,0.09615663036482701,0.001193890487019182,0.5841381084398651,2.4,0.09735052085184619,forecast_first,mse,True,4,0.1061742874954809,0.7016169337519395,0.0887345137868371,0.12,True,False
AUD,2017,validation,retrospective,ridge_term,band05,5,24,-0.05418179338714713,0.3282183060800952,0.325843961882802,0.05418179338714713,0.4927965002265642,0.9299834735657957,0.0887345137868371,14.75,0.1061742874954809,0.1032386207608334,0.0029356667346475,0.7016169337519395,2.4,0.0973505208518453,forecast_first,mse,True,4,0.1061742874954809,0.7016169337519395,0.0887345137868371,0.12,True,False
AUD,2017,validation,retrospective,ridge_term,band05,10,24,-0.1429163071739867,0.3415412281492396,0.36361387158638,0.1429163071739867,0.6029392788853571,1.055005169664059,0.1774690275736742,14.75,0.1322150476100365,0.1117899767537871,0.02042507085624932,0.8190957590640385,2.4,0.09735052085184881,forecast_first,mse,True,4,0.1061742874954809,0.7016169337519395,0.0887345137868371,0.12,False,False
AUD,2017,outer,retrospective,ridge_term,band05,0,12,-0.03621707863986804,0.1513035264478268,0.1493208094711705,0.03621707863986804,0.2235118587253488,0.2759694072041867,0,15.25,0.02229670414112559,0.0209850273559192,0.001311676785206386,0.2600731803924177,1.2,0.02229670414112559,forecast_first,mse,True,4,0.1061742874954809,0.7016169337519395,0.0887345137868371,0.12,True,True
AUD,2017,outer,retrospective,ridge_term,band05,5,12,-0.1186005466461702,0.1587116430491222,0.192759850161221,0.1186005466461702,0.3338386659735654,0.3907326717880295,0.08238346800629916,15.25,0.03715635983417637,0.02309027016940598,0.0140660896647704,0.3734920639654646,1.2,0.02229670414112367,forecast_first,mse,True,4,0.1061742874954809,0.7016169337519395,0.0887345137868371,0.12,True,True
AUD,2017,outer,retrospective,ridge_term,band05,10,12,-0.20098401465247,0.1701625015695643,0.2587216870330006,0.20098401465247,0.4441654732218004,0.5054959363718439,0.1647669360125983,15.25,0.06693691134120193,0.02654233719537765,0.04039457414582429,0.4869109475384975,1.2,0.02229670414112541,forecast_first,mse,True,4,0.1061742874954809,0.7016169337519395,0.0887345137868371,0.12,False,True
AUD,2017,validation,retrospective,rolling63,band05,0,24,0.0258203466481974,0.2997044198900929,0.2945281233857323,-0.0258203466481974,0.3855293477421415,0.7256238398302959,0,14.79166666666667,0.08674681546512114,0.08608012516408807,0.0006666903010330785,0.5504983885328906,2.4,0.08674681546512114,joint_mse,mse,True,16,0.09745218649874716,0.6688174401766271,0.08994206232819592,0.12,True,False
AUD,2017,validation,retrospective,rolling63,band05,5,24,-0.06412171567999554,0.312087934225347,0.3121733276542811,0.06412171567999554,0.4969698618057736,0.8502056529258297,0.08994206232819592,14.79166666666667,0.09745218649874716,0.09334059207700098,0.004111594421746186,0.6688174401766271,2.4,0.08674681546511999,joint_mse,mse,True,16,0.09745218649874716,0.6688174401766271,0.08994206232819592,0.12,True,False
AUD,2017,validation,retrospective,rolling63,band05,10,24,-0.1540637780081905,0.3266601843903328,0.3549597215516192,0.1540637780081905,0.6084103758694136,0.9747874660213657,0.1798841246563918,14.79166666666667,0.125996403924003,0.102260756229846,0.023735647694157,0.7871364918203649,2.4,0.08674681546511971,joint_mse,mse,True,16,0.09745218649874716,0.6688174401766271,0.08994206232819592,0.12,False,False
AUD,2017,outer,retrospective,rolling63,band05,0,12,-0.01564816641996236,0.1358832515739829,0.1310360064985905,0.01564816641996236,0.1755639246588209,0.2371548339945662,0,15.25,0.01717043499909864,0.0169255698867918,0.0002448651123068377,0.2184909220746434,1.2,0.01717043499909864,joint_mse,mse,True,16,0.09745218649874716,0.6688174401766271,0.08994206232819592,0.12,True,True
AUD,2017,outer,retrospective,rolling63,band05,5,12,-0.09931994869786005,0.1435860432717435,0.1695975374622058,0.09931994869786005,0.2888567714443474,0.3553280655550424,0.08367178227789719,15.25,0.0287633247132443,0.01889887250389875,0.009864452209345552,0.3351852491578621,1.2,0.01717043499909802,joint_mse,mse,True,16,0.09745218649874716,0.6688174401766271,0.08994206232819592,0.12,True,True
AUD,2017,outer,retrospective,rolling63,band05,10,12,-0.1829917309757546,0.1560198649791084,0.2362195067119999,0.1829917309757546,0.4021496182298754,0.4735012971155044,0.1673435645557944,15.25,0.05579965535126057,0.02231368174575763,0.03348597360550293,0.4518795762410714,1.2,0.01717043499909818,joint_mse,mse,True,16,0.09745218649874716,0.6688174401766271,0.08994206232819592,0.12,False,True
AUD,2017,validation,retrospective,ewma97,every5,0,24,0.1142001964901823,0.3441350665194539,0.3557191160917051,-0.1142001964901823,0.4670395500502125,0.6251266637654269,0,6,0.1265360895530639,0.1134944046746677,0.01304168487839624,0.5289125165864804,2.4,0.1265360895530639,joint_es90,es90,True,16,0.1199180236896345,0.6210898086863558,0.08512305797167252,0.12,True,False
AUD,2017,validation,retrospective,ewma97,every5,5,24,0.02907713851850724,0.3524905826016176,0.3462918186871219,-0.02907713851850724,0.5246167155015625,0.7423453359845819,0.08512305797167252,6,0.1199180236896345,0.11907254370521,0.0008454799844244574,0.6210898086863558,2.4,0.1265360895530609,joint_es90,es90,True,16,0.1199180236896345,0.6210898086863558,0.08512305797167252,0.12,True,False
AUD,2017,validation,retrospective,ewma97,every5,10,24,-0.05604591945316668,0.3629886503544457,0.3597386185759094,0.05604591945316668,0.5821938809529136,0.8595640082037488,0.170246115943345,6,0.1294118736949036,0.1262707286075528,0.003141145087350847,0.713267100786238,2.4,0.1265360895530631,joint_es90,es90,True,16,0.1199180236896345,0.6210898086863558,0.08512305797167252,0.12,False,False
AUD,2017,outer,retrospective,ewma97,every5,0,12,-0.1246234159155763,0.2232527737477133,0.2474253692833668,0.1246234159155763,0.4745698508024608,0.6021133250852273,0,6,0.06121931336501042,0.04568831757054369,0.01553099579446673,0.563463787423783,1.2,0.06121931336501042,joint_es90,es90,True,16,0.1199180236896345,0.6210898086863558,0.08512305797167252,0.12,True,True
AUD,2017,outer,retrospective,ewma97,every5,5,12,-0.2093044676445974,0.2400155628972872,0.3108298699816586,0.2093044676445974,0.5973378542912746,0.7231631788289548,0.08468105172901952,6,0.0966152080728148,0.05280684789682649,0.04380836017598832,0.6850342926054155,1.2,0.06121931336501198,joint_es90,es90,True,16,0.1199180236896345,0.6210898086863558,0.08512305797167252,0.12,True,True
AUD,2017,outer,retrospective,ewma97,every5,10,12,-0.2939855193736171,0.2592709601679382,0.3847689312937219,0.2939855193736171,0.7201058577800742,0.8442130325726679,0.169362103458039,6,0.1480471304889129,0.06161964488753752,0.08642748560137541,0.8066047977870335,1.2,0.06121931336501214,joint_es90,es90,True,16,0.1199180236896345,0.6210898086863558,0.08512305797167252,0.12,False,True
AUD,2018,validation,retrospective,ewma97,band05,0,24,0.08165935827990252,0.3333837454510238,0.3364252405119382,-0.08165935827990252,0.3161777045223473,0.3432191385092196,0,14.95833333333333,0.1131819424535155,0.10651369165883,0.006668250794685484,0.3276713996456297,2.4,0.1131819424535155,forecast_first,mse,True,3,0.1126756917104397,0.4637837129550633,0.09330994242803314,0.12,True,False
AUD,2018,validation,retrospective,ewma97,band05,5,24,-0.01165058414813425,0.3426849823777648,0.3356720001883381,0.01165058414813425,0.4428197383853728,0.4870409637786489,0.09330994242803314,14.95833333333333,0.1126756917104397,0.1125399555994469,0.000135736110992757,0.4637837129550633,2.4,0.1131819424535148,forecast_first,mse,True,3,0.1126756917104397,0.4637837129550633,0.09330994242803314,0.12,True,False
AUD,2018,validation,retrospective,ewma97,band05,10,24,-0.1049605265761663,0.3538183936920596,0.3619226766394412,0.1049605265761663,0.5849408483477687,0.6345482833574749,0.1866198848560663,14.95833333333333,0.1309880238658575,0.1199713117267114,0.01101671213914612,0.6054242677285728,2.4,0.1131819424535163,forecast_first,mse,True,3,0.1126756917104397,0.4637837129550633,0.09330994242803314,0.12,False,False
AUD,2018,outer,retrospective,ewma97,band05,0,12,-0.04746966106309151,0.2759658812033278,0.2684475845997004,0.04746966106309151,0.412116232434914,0.4700170789789268,0,16.41666666666667,0.07206410567741328,0.06981073695596847,0.002253368721444786,0.4524713679049837,1.2,0.07206410567741328,forecast_first,mse,True,3,0.1126756917104397,0.4637837129550633,0.09330994242803314,0.12,True,True
AUD,2018,outer,retrospective,ewma97,band05,5,12,-0.1455845294078237,0.2957779082363365,0.3184164651629031,0.1455845294078237,0.5408831678661149,0.603901295492264,0.09811486834473442,16.41666666666667,0.1013890452868383,0.08019419008394083,0.02119485520289747,0.5848048931813098,1.2,0.07206410567741468,forecast_first,mse,True,3,0.1126756917104397,0.4637837129550633,0.09330994242803314,0.12,True,True
AUD,2018,outer,retrospective,ewma97,band05,10,12,-0.2436993977525578,0.3173619075698497,0.3895057917540749,0.2436993977525578,0.669650103297328,0.737785512005587,0.1962297366894688,16.41666666666667,0.1517147618099688,0.09232536534500936,0.05938939646495937,0.7171384184576297,1.2,0.07206410567741507,forecast_first,mse,True,3,0.1126756917104397,0.4637837129550633,0.09330994242803314,0.12,False,True
AUD,2018,validation,retrospective,ridge_flat,daily,0,24,0.07627975957517528,0.3070399410509898,0.3101033111127383,-0.07627975957517528,0.3677319360874307,0.3750600877194591,0,22,0.09616406356308373,0.09034546184223717,0.005818601720846545,0.3694503973865899,2.4,0.09616406356308373,joint_mse,mse,True,14,0.0975706877309082,0.5376772984973204,0.1193058720534717,0.12,True,False
AUD,2018,validation,retrospective,ridge_flat,daily,5,24,-0.04302611247829202,0.3160398016363518,0.3123630703698954,0.04302611247829202,0.5260886648532064,0.5524018973129353,0.1193058720534717,22,0.0975706877309082,0.09571944137591355,0.001851246354994637,0.5376772984973204,2.4,0.09616406356307977,joint_mse,mse,True,14,0.0975706877309082,0.5376772984973204,0.1193058720534717,0.12,True,False
AUD,2018,validation,retrospective,ridge_flat,daily,10,24,-0.162331984531762,0.327677194005022,0.3595137953241849,0.162331984531762,0.6993028135658831,0.7332811878461479,0.2386117441069434,22,0.1292501690283999,0.1028984958263797,0.0263516732020202,0.7112104210176646,2.4,0.09616406356307905,joint_mse,mse,True,14,0.0975706877309082,0.5376772984973204,0.1193058720534717,0.12,False,False
AUD,2018,outer,retrospective,ridge_flat,daily,0,12,-0.03451210572883233,0.2305791142135056,0.2234440706173081,0.03451210572883233,0.344481454058495,0.4031698290314711,0,22,0.04992725269403257,0.04873616725219446,0.001191085441838101,0.3853854729790542,1.2,0.04992725269403257,joint_mse,mse,True,14,0.0975706877309082,0.5376772984973204,0.1193058720534717,0.12,True,True
AUD,2018,outer,retrospective,ridge_flat,daily,5,12,-0.1565037148337315,0.247777057390039,0.2842019711605681,0.1565037148337315,0.4969707010999315,0.5523286555285711,0.1219916091048973,22,0.08077076041155239,0.05627734765479445,0.02449341275675794,0.5355535178229228,1.2,0.04992725269403139,joint_mse,mse,True,14,0.0975706877309082,0.5376772984973204,0.1193058720534717,0.12,False,True
AUD,2018,outer,retrospective,ridge_flat,daily,10,12,-0.2784953239386334,0.2685135587258306,0.3790130372520101,0.2784953239386334,0.6494599481413728,0.7014874820256818,0.2439832182097946,22,0.1436508824069936,0.06609123695130925,0.07755964545568433,0.6857215626668003,1.2,0.04992725269403436,joint_mse,mse,True,14,0.0975706877309082,0.5376772984973204,0.1193058720534717,0.12,False,True
AUD,2018,validation,retrospective,rolling63,band10,0,24,0.08172993041106924,0.3609987548494271,0.3627256240181874,-0.08172993041106924,0.2783843839319644,0.3288039247999042,0,12.20833333333333,0.1315698783193834,0.1248900967943852,0.00667978152499822,0.3031767172235504,2.4,0.1315698783193834,joint_es90,es90,True,14,0.1292832222293025,0.4144928854512007,0.08129512686489539,0.12,True,False
AUD,2018,validation,retrospective,rolling63,band10,5,24,0.00043480354617631,0.3672928458567874,0.3595597616938004,-0.00043480354617631,0.4042409544771686,0.4267753558740376,0.08129512686489539,12.20833333333333,0.1292832222293025,0.1292830331751787,1.890541237674946e-07,0.4144928854512007,2.4,0.1315698783193859,joint_es90,es90,True,14,0.1292832222293025,0.4144928854512007,0.08129512686489539,0.12,True,False
AUD,2018,validation,retrospective,rolling63,band10,10,24,-0.08086032331872284,0.3748153558357737,0.3757277426103601,0.08086032331872284,0.5228508419994696,0.5311390749723159,0.1625902537297908,12.20833333333333,0.141171336567077,0.1346329446798686,0.006538391887208392,0.5268129250209199,2.4,0.1315698783193852,joint_es90,es90,True,14,0.1292832222293025,0.4144928854512007,0.08129512686489539,0.12,False,False
AUD,2018,outer,retrospective,rolling63,band10,0,12,-0.0697034425373942,0.3413989472732252,0.3342140646365609,0.0697034425373942,0.4753071242651704,0.6675338557194976,0,13.66666666666667,0.1116990410008913,0.1068404710993275,0.004858569901563816,0.6092833310363683,1.2,0.1116990410008913,joint_es90,es90,True,14,0.1292832222293025,0.4144928854512007,0.08129512686489539,0.12,True,True
AUD,2018,outer,retrospective,rolling63,band10,5,12,-0.1566249361222779,0.3594337495043332,0.3780977905354945,0.1566249361222779,0.5914873780389873,0.7876004519675206,0.0869214935848846,13.66666666666667,0.1429579392078227,0.1184265685925151,0.02453137061530764,0.728172247746753,1.2,0.1116990410008926,joint_es90,es90,True,14,0.1292832222293025,0.4144928854512007,0.08129512686489539,0.12,True,True
AUD,2018,outer,retrospective,rolling63,band10,10,12,-0.2435464297071643,0.3786401375051356,0.4367331614867241,0.2435464297071643,0.7076676318127885,0.9076670482155436,0.1738429871697692,13.66666666666667,0.1907358543421891,0.1314209909190823,0.05931486342310674,0.8470611644571332,1.2,0.1116990410008945,joint_es90,es90,True,14,0.1292832222293025,0.4144928854512007,0.08129512686489539,0.12,False,True
AUD,2019,validation,retrospective,ewma97,daily,0,24,-0.01339527952919924,0.153894516328386,0.1512486107256816,0.01339527952919924,0.2184666592191682,0.3363497663408618,0,22,0.02287614224644876,0.02269670873278338,0.0001794335136653841,0.2745467501030715,2.4,0.02287614224644876,forecast_first,mse,True,4,0.04304839042616374,0.4364462057497001,0.1186759147572728,0.12,True,False
AUD,2019,validation,retrospective,ewma97,daily,5,24,-0.1320711942864752,0.1634590976070545,0.2074810604035071,0.1320711942864752,0.3725818387869903,0.503844509630639,0.1186759147572728,22,0.04304839042616374,0.02560559006590786,0.01744280036025588,0.4364462057497001,2.4,0.02287614224644825,forecast_first,mse,True,4,0.04304839042616374,0.4364462057497001,0.1186759147572728,0.12,True,False
AUD,2019,validation,retrospective,ewma97,daily,10,24,-0.2507471090437487,0.1809303382642627,0.3069949655296222,0.2507471090437487,0.5266970183548324,0.6713392529204208,0.2373518295145457,22,0.09424590886053393,0.03137179616673633,0.0628741126937976,0.5983456613963357,2.4,0.02287614224644735,forecast_first,mse,True,4,0.04304839042616374,0.4364462057497001,0.1186759147572728,0.12,False,False
AUD,2019,outer,retrospective,ewma97,daily,0,12,0.05881144960640255,0.2661582773113961,0.2615256446400536,-0.05881144960640255,0.2806475191745389,0.4872857531391475,0,22,0.06839566280439559,0.06493687619958917,0.003458786604806427,0.4246681064832057,1.2,0.06839566280439559,forecast_first,mse,True,4,0.04304839042616374,0.4364462057497001,0.1186759147572728,0.12,True,True
AUD,2019,outer,retrospective,ewma97,daily,5,12,-0.06351911637361353,0.277026676761206,0.2727327314651884,0.06351911637361353,0.4351427381646507,0.6321210391043479,0.1223305659800243,22,0.07438314281246257,0.07034846466757792,0.004034678144884658,0.5724306448801973,1.2,0.06839566280439802,forecast_first,mse,True,4,0.04304839042616374,0.4364462057497001,0.1186759147572728,0.12,False,True
AUD,2019,outer,retrospective,ewma97,daily,10,12,-0.185849682353647,0.291557077297395,0.3353533056985832,0.185849682353647,0.5896379571548036,0.7769563250696052,0.2446611319600485,22,0.1124618396429674,0.0779217352120159,0.03454010443095148,0.7201931832772412,1.2,0.06839566280439685,forecast_first,mse,True,4,0.04304839042616374,0.4364462057497001,0.1186759147572728,0.12,False,True
AUD,2019,validation,retrospective,ewma97,daily,0,24,-0.01339527952919924,0.153894516328386,0.1512486107256816,0.01339527952919924,0.2184666592191682,0.3363497663408618,0,22,0.02287614224644876,0.02269670873278338,0.0001794335136653841,0.2745467501030715,2.4,0.02287614224644876,joint_mse,mse,True,16,0.04304839042616374,0.4364462057497001,0.1186759147572728,0.12,True,False
AUD,2019,validation,retrospective,ewma97,daily,5,24,-0.1320711942864752,0.1634590976070545,0.2074810604035071,0.1320711942864752,0.3725818387869903,0.503844509630639,0.1186759147572728,22,0.04304839042616374,0.02560559006590786,0.01744280036025588,0.4364462057497001,2.4,0.02287614224644825,joint_mse,mse,True,16,0.04304839042616374,0.4364462057497001,0.1186759147572728,0.12,True,False
AUD,2019,validation,retrospective,ewma97,daily,10,24,-0.2507471090437487,0.1809303382642627,0.3069949655296222,0.2507471090437487,0.5266970183548324,0.6713392529204208,0.2373518295145457,22,0.09424590886053393,0.03137179616673633,0.0628741126937976,0.5983456613963357,2.4,0.02287614224644735,joint_mse,mse,True,16,0.04304839042616374,0.4364462057497001,0.1186759147572728,0.12,False,False
AUD,2019,outer,retrospective,ewma97,daily,0,12,0.05881144960640255,0.2661582773113961,0.2615256446400536,-0.05881144960640255,0.2806475191745389,0.4872857531391475,0,22,0.06839566280439559,0.06493687619958917,0.003458786604806427,0.4246681064832057,1.2,0.06839566280439559,joint_mse,mse,True,16,0.04304839042616374,0.4364462057497001,0.1186759147572728,0.12,True,True
AUD,2019,outer,retrospective,ewma97,daily,5,12,-0.06351911637361353,0.277026676761206,0.2727327314651884,0.06351911637361353,0.4351427381646507,0.6321210391043479,0.1223305659800243,22,0.07438314281246257,0.07034846466757792,0.004034678144884658,0.5724306448801973,1.2,0.06839566280439802,joint_mse,mse,True,16,0.04304839042616374,0.4364462057497001,0.1186759147572728,0.12,False,True
AUD,2019,outer,retrospective,ewma97,daily,10,12,-0.185849682353647,0.291557077297395,0.3353533056985832,0.185849682353647,0.5896379571548036,0.7769563250696052,0.2446611319600485,22,0.1124618396429674,0.0779217352120159,0.03454010443095148,0.7201931832772412,1.2,0.06839566280439685,joint_mse,mse,True,16,0.04304839042616374,0.4364462057497001,0.1186759147572728,0.12,False,True
AUD,2019,validation,retrospective,ridge_term,daily,0,24,-0.02272804098957248,0.1601506975314509,0.1584175901019471,0.02272804098957248,0.2443019745653312,0.3275373642444974,0,22,0.02509613285370854,0.02457956900648486,0.000516563847223687,0.2855254671112864,2.4,0.02509613285370854,joint_es90,es90,True,16,0.04499806947710183,0.4249681465898987,0.1150758599279081,0.12,True,False
AUD,2019,validation,retrospective,ridge_term,daily,5,24,-0.1378039009174835,0.164739016900729,0.2121274840210524,0.1378039009174835,0.376581873604777,0.4894414051778828,0.1150758599279081,22,0.04499806947710183,0.02600815436902622,0.01898991510807561,0.4249681465898987,2.4,0.02509613285370926,joint_es90,es90,True,16,0.04499806947710183,0.4249681465898987,0.1150758599279081,0.12,True,False
AUD,2019,validation,retrospective,ridge_term,daily,10,24,-0.252879760845388,0.1764804372380044,0.3062609924165167,0.252879760845388,0.5238278134743082,0.6520621775541617,0.2301517198558163,22,0.09379579547594967,0.02984762203072901,0.06394817344522065,0.5787701107547818,2.4,0.02509613285370634,joint_es90,es90,True,16,0.04499806947710183,0.4249681465898987,0.1150758599279081,0.12,False,False
AUD,2019,outer,retrospective,ridge_term,daily,0,12,0.06039897342688522,0.2757459595846876,0.2708275294340693,-0.06039897342688522,0.2656939912908552,0.4933904228046089,0,22,0.0733475506993617,0.06969951470834013,0.003648035991021586,0.4243915041640776,1.2,0.0733475506993617,joint_es90,es90,True,16,0.04499806947710183,0.4249681465898987,0.1150758599279081,0.12,True,True
AUD,2019,outer,retrospective,ridge_term,daily,5,12,-0.05751950312051635,0.2850858254574113,0.278943710796468,0.05751950312051635,0.4127418982341983,0.6354937473475104,0.1179184765473984,22,0.07780959379290354,0.07450110055367246,0.00330849323923109,0.5679931870101433,1.2,0.0733475506993629,joint_es90,es90,True,16,0.04499806947710183,0.4249681465898987,0.1150758599279081,0.12,True,True
AUD,2019,outer,retrospective,ridge_term,daily,10,12,-0.1754379796679134,0.2974290440791031,0.3344705038563952,0.1754379796679134,0.5597898051775115,0.7775970718903977,0.2358369530947968,22,0.1118705179499508,0.08109203323999162,0.03077848470995919,0.7115948698561899,1.2,0.07334755069936606,joint_es90,es90,True,16,0.04499806947710183,0.4249681465898987,0.1150758599279081,0.12,False,True
AUD,2020,validation,retrospective,ewma97,daily,0,24,0.02225456292669908,0.2359996910698363,0.2321001059135314,-0.02225456292669908,0.3864496095520882,0.4524359309104632,0,22,0.05387045916507249,0.05337519359401408,0.0004952655710584093,0.4097935565692527,2.4,0.05387045916507249,forecast_first,mse,True,4,0.06900440741083967,0.5545353899825346,0.1183184125456536,0.12,True,False
AUD,2020,validation,retrospective,ewma97,daily,5,24,-0.09606384961895002,0.2497500890867629,0.2626868999604656,0.09606384961895002,0.5175452182139088,0.6050409914615626,0.1183184125456536,22,0.06900440741083967,0.05977614420722743,0.009228263203612244,0.5545353899825346,2.4,0.05387045916507627,forecast_first,mse,True,4,0.06900440741083967,0.5545353899825346,0.1183184125456536,0.12,True,False
AUD,2020,validation,retrospective,ewma97,daily,10,24,-0.2143822621646042,0.266800038428858,0.3378995225142895,0.2143822621646042,0.6486408268757372,0.7576460520126654,0.2366368250913073,22,0.1141760873153848,0.06821633298457176,0.04595975433081308,0.699277223395818,2.4,0.05387045916507469,forecast_first,mse,True,4,0.06900440741083967,0.5545353899825346,0.1183184125456536,0.12,False,False
AUD,2020,outer,retrospective,ewma97,daily,0,12,0.115949899778054,0.5114374604279542,0.5032050266642015,-0.115949899778054,0.5043914891190574,0.5765573725528839,0,22,0.2532152988601198,0.239770919601579,0.01344437925854076,0.554688923027482,1.2,0.2532152988601198,forecast_first,mse,True,4,0.06900440741083967,0.5545353899825346,0.1183184125456536,0.12,True,True
AUD,2020,outer,retrospective,ewma97,daily,5,12,-0.004020917626597609,0.5186419663979941,0.4965781573045406,0.004020917626597609,0.6556189320503143,0.7013262839006416,0.1199708174046432,22,0.2465898663119731,0.2465736985334132,1.616777855988334e-05,0.6874755712187243,1.2,0.2532152988601218,forecast_first,mse,True,4,0.06900440741083967,0.5545353899825346,0.1183184125456536,0.12,True,True
AUD,2020,outer,retrospective,ewma97,daily,10,12,-0.1239917350312368,0.5281639086946824,0.520657890173318,0.1239917350312368,0.8068463749815521,0.8260951952483566,0.2399416348092865,22,0.2710846385997308,0.2557106882436744,0.01537395035605643,0.8202622194099309,1.2,0.2532152988601192,forecast_first,mse,True,4,0.06900440741083967,0.5545353899825346,0.1183184125456536,0.12,False,True
AUD,2020,validation,retrospective,rolling63,daily,0,24,0.030258071582313,0.2378735038269263,0.2348226910376387,-0.030258071582313,0.3362102934422622,0.4751179389561949,0,22,0.05514169622615833,0.05422614533027794,0.0009155508958803776,0.4011564576973976,2.4,0.05514169622615833,joint_mse,mse,True,16,0.06866284108328673,0.5468426044029289,0.1174844339268133,0.12,True,False
AUD,2020,validation,retrospective,rolling63,daily,5,24,-0.08722636234450594,0.2524063035017291,0.2620359537988761,0.08722636234450594,0.4639709155048806,0.6317498223765451,0.1174844339268133,22,0.06866284108328673,0.06105440279543168,0.007608438287855044,0.5468426044029289,2.4,0.0551416962261592,joint_mse,mse,True,16,0.06866284108328673,0.5468426044029289,0.1174844339268133,0.12,True,False
AUD,2020,validation,retrospective,rolling63,daily,10,24,-0.2047107962713214,0.2701043296555142,0.3343994783756635,0.2047107962713214,0.6140614293540168,0.7928764865718693,0.2349688678536266,22,0.1118230111379158,0.06991650102787739,0.04190651011003844,0.7031062695281106,2.4,0.05514169622615905,joint_mse,mse,True,16,0.06866284108328673,0.5468426044029289,0.1174844339268133,0.12,False,False
AUD,2020,outer,retrospective,rolling63,daily,0,12,0.1304709248090195,0.509561580615064,0.5050127882435583,-0.1304709248090195,0.45901011008186,0.4928810234849834,0,22,0.255037916289533,0.2380152540690121,0.01702266222052081,0.4826171103325219,1.2,0.255037916289533,joint_mse,mse,True,16,0.06866284108328673,0.5468426044029289,0.1174844339268133,0.12,True,True
AUD,2020,outer,retrospective,rolling63,daily,5,12,0.009361675743175299,0.5197925362223177,0.4977515092484542,-0.009361675743175299,0.6120307465744602,0.6188675641191423,0.1211092490658437,22,0.247756564959114,0.2476689239863936,8.764097272035678e-05,0.6167958012268144,1.2,0.2550379162895446,joint_mse,mse,True,16,0.06866284108328673,0.5468426044029289,0.1174844339268133,0.12,False,True
AUD,2020,outer,retrospective,rolling63,daily,10,12,-0.1117475733226668,0.5323750438134712,0.5218161634898673,0.1117475733226668,0.7613791506463421,0.7815764289600935,0.2422184981316874,22,0.2722921084792839,0.2598045883357791,0.0124875201435048,0.7754560415922901,1.2,0.2550379162895404,joint_mse,mse,True,16,0.06866284108328673,0.5468426044029289,0.1174844339268133,0.12,False,True
AUD,2020,validation,retrospective,ewma97,band05,0,24,0.03097251882365511,0.2676550638425494,0.2638438213656283,-0.03097251882365511,0.3601608372918227,0.4524713679049835,0,16,0.06961356207281758,0.06865426515053591,0.0009592969222816701,0.4035160066162983,2.4,0.06961356207281758,joint_es90,es90,True,16,0.07904597032768472,0.527280700718553,0.09154239558710402,0.12,True,False
AUD,2020,validation,retrospective,ewma97,band05,5,24,-0.06056987676344746,0.280454154089328,0.2811511521009379,0.06056987676344746,0.4805180136097044,0.5848048931813097,0.09154239558710402,16,0.07904597032768472,0.0753772603565455,0.003668709971139212,0.527280700718553,2.4,0.06961356207281873,joint_es90,es90,True,16,0.07904597032768472,0.527280700718553,0.09154239558710402,0.12,True,False
AUD,2020,validation,retrospective,ewma97,band05,10,24,-0.1521122723505507,0.2948716160601981,0.3262890238873397,0.1521122723505507,0.6044423446927309,0.7171384184576297,0.183084791174208,16,0.1064645271093529,0.08332638370970485,0.02313814339964811,0.6550089001153896,2.4,0.06961356207281895,joint_es90,es90,True,16,0.07904597032768472,0.527280700718553,0.09154239558710402,0.12,False,False
AUD,2020,outer,retrospective,ewma97,band05,0,12,0.089834433359127,0.6260341711513351,0.60607681876585,-0.089834433359127,0.7402703691971686,0.8797420418505481,0,15.08333333333333,0.3673291102453329,0.3592588848283775,0.008070225416955429,0.8374778986222514,1.2,0.3673291102453329,joint_es90,es90,True,16,0.07904597032768472,0.527280700718553,0.09154239558710402,0.12,True,True
AUD,2020,outer,retrospective,ewma97,band05,5,12,-0.002555759496081667,0.6384622869981806,0.6112864436298557,0.002555759496081667,0.8722684582955955,0.994090704914683,0.09239019285520293,15.08333333333333,0.3736711161656368,0.3736645842590349,6.531906601811614e-06,0.9571748726058688,1.2,0.3673291102453295,joint_es90,es90,True,16,0.07904597032768472,0.527280700718553,0.09154239558710402,0.12,True,True
AUD,2020,outer,retrospective,ewma97,band05,10,12,-0.09494595235127863,0.6521423035486822,0.6315564260400843,0.09494595235127863,1.004266547393991,1.108439367978818,0.1847803857104059,15.08333333333333,0.3988635192725244,0.3898487854046331,0.009014733867891271,1.076871846589476,1.2,0.3673291102453289,joint_es90,es90,True,16,0.07904597032768472,0.527280700718553,0.09154239558710402,0.12,False,True
AUD,2021,validation,retrospective,ridge_term,daily,0,24,0.1002394369986327,0.3492107104254049,0.3562511660717195,-0.1002394369986327,0.4772836859795274,0.5129119906837071,0,21.95833333333333,0.1269148933274598,0.116866948597657,0.01004794472980285,0.4847069756321373,2.4,0.1269148933274598,forecast_first,mse,True,4,0.1237837117581237,0.6244270150216724,0.115555239613868,0.12,True,False
AUD,2021,validation,retrospective,ridge_term,daily,5,24,-0.01531580261523376,0.3590554826183612,0.3518290945304606,0.01531580261523376,0.6249064728355512,0.6360770904887805,0.115555239613868,21.95833333333333,0.1237837117581237,0.123549137948375,0.0002345738097488013,0.6244270150216724,2.4,0.1269148933274586,forecast_first,mse,True,4,0.1237837117581237,0.6244270150216724,0.115555239613868,0.12,True,False
AUD,2021,validation,retrospective,ridge_term,daily,10,24,-0.1308710422291024,0.3719205337762424,0.386896079494679,0.1308710422291024,0.7558996254175007,0.7747060458870838,0.231110479227736,21.95833333333333,0.149688576328353,0.1325613466342215,0.0171272296941315,0.7649927480022486,2.4,0.1269148933274624,forecast_first,mse,True,4,0.1237837117581237,0.6244270150216724,0.115555239613868,0.12,False,False
AUD,2021,outer,retrospective,ridge_term,daily,0,12,0.04660986443255918,0.2218695866566169,0.2174773938183033,-0.04660986443255918,0.2999998352540351,0.4411394614824501,0,21.91666666666667,0.0472964168220014,0.04512393735957986,0.002172479462421545,0.39836987777687,1.2,0.0472964168220014,forecast_first,mse,True,4,0.1237837117581237,0.6244270150216724,0.115555239613868,0.12,True,True
AUD,2021,outer,retrospective,ridge_term,daily,5,12,-0.07827776107093909,0.2297505720266038,0.2334822393943874,0.07827776107093909,0.4514889726611445,0.6055930082498548,0.124887625503503,21.91666666666667,0.05451395611261805,0.04838654823433901,0.006127407878279027,0.5588948156472154,1.2,0.04729641682199814,forecast_first,mse,True,4,0.1237837117581237,0.6244270150216724,0.115555239613868,0.12,False,True
AUD,2021,outer,retrospective,ridge_term,daily,10,12,-0.2031653865744375,0.2427858155913249,0.308721633838517,0.2031653865744375,0.6029781100682926,0.7700465550173021,0.249775251007006,21.91666666666667,0.09530904719992338,0.05403287289798275,0.04127617430194062,0.7194197535176023,1.2,0.04729641682200155,forecast_first,mse,True,4,0.1237837117581237,0.6244270150216724,0.115555239613868,0.12,False,True
AUD,2021,validation,retrospective,rolling63,daily,0,24,0.1163279409198856,0.3413768917765194,0.3538567711438716,-0.1163279409198856,0.4315008309125956,0.4635040451144121,0,21.91666666666667,0.1252146144843663,0.1116824246457059,0.0135321898386604,0.4403193891078168,2.4,0.1252146144843663,joint_mse,mse,True,16,0.1210705312896132,0.6057425120539317,0.1178955602707367,0.12,True,False
AUD,2021,validation,retrospective,rolling63,daily,5,24,-0.001567619350853144,0.3554319951234123,0.3479519094495864,0.001567619350853144,0.5918449031300701,0.6428214908878307,0.1178955602707367,21.91666666666667,0.1210705312896132,0.121068073859184,2.457430429169234e-06,0.6057425120539317,2.4,0.1252146144843672,joint_mse,mse,True,16,0.1210705312896132,0.6057425120539317,0.1178955602707367,0.12,True,False
AUD,2021,validation,retrospective,rolling63,daily,10,24,-0.1194631796215827,0.3729070040814402,0.3841053678021423,0.1194631796215827,0.7315348584896686,0.8383382440007027,0.2357911205414735,21.91666666666667,0.147536933574419,0.1332654822891205,0.01427145128529853,0.7711656350000087,2.4,0.1252146144843682,joint_mse,mse,True,16,0.1210705312896132,0.6057425120539317,0.1178955602707367,0.12,False,False
AUD,2021,outer,retrospective,rolling63,daily,0,12,0.03964633004685746,0.2253473346891517,0.2193660585263747,-0.03964633004685746,0.3305690252232041,0.4796519587015524,0,21.91666666666667,0.04812146763339686,0.04654963614721252,0.001571831486184353,0.4344753121929621,1.2,0.04812146763339686,joint_mse,mse,True,16,0.1210705312896132,0.6057425120539317,0.1178955602707367,0.12,True,True
AUD,2021,outer,retrospective,rolling63,daily,5,12,-0.08980395780984113,0.2388176583732806,0.2456538254535583,0.08980395780984113,0.4886729323600993,0.653040741283192,0.1294502878566995,21.91666666666667,0.0603458019599673,0.05228105112165557,0.008064750838311725,0.6032323143368005,1.2,0.04812146763339697,joint_mse,mse,True,16,0.1210705312896132,0.6057425120539317,0.1178955602707367,0.12,False,True
AUD,2021,outer,retrospective,rolling63,daily,10,12,-0.2192542456665371,0.2574305952665904,0.329879361293141,0.2192542456665371,0.6467768394969832,0.826429523864789,0.2589005757133989,21.91666666666667,0.1088203930071707,0.0607479687643685,0.0480724242428022,0.7719893164806055,1.2,0.04812146763339423,joint_mse,mse,True,16,0.1210705312896132,0.6057425120539317,0.1178955602707367,0.12,False,True
AUD,2021,validation,retrospective,rolling63,daily,0,24,0.1163279409198856,0.3413768917765194,0.3538567711438716,-0.1163279409198856,0.4315008309125956,0.4635040451144121,0,21.91666666666667,0.1252146144843663,0.1116824246457059,0.0135321898386604,0.4403193891078168,2.4,0.1252146144843663,joint_es90,es90,True,16,0.1210705312896132,0.6057425120539317,0.1178955602707367,0.12,True,False
AUD,2021,validation,retrospective,rolling63,daily,5,24,-0.001567619350853144,0.3554319951234123,0.3479519094495864,0.001567619350853144,0.5918449031300701,0.6428214908878307,0.1178955602707367,21.91666666666667,0.1210705312896132,0.121068073859184,2.457430429169234e-06,0.6057425120539317,2.4,0.1252146144843672,joint_es90,es90,True,16,0.1210705312896132,0.6057425120539317,0.1178955602707367,0.12,True,False
AUD,2021,validation,retrospective,rolling63,daily,10,24,-0.1194631796215827,0.3729070040814402,0.3841053678021423,0.1194631796215827,0.7315348584896686,0.8383382440007027,0.2357911205414735,21.91666666666667,0.147536933574419,0.1332654822891205,0.01427145128529853,0.7711656350000087,2.4,0.1252146144843682,joint_es90,es90,True,16,0.1210705312896132,0.6057425120539317,0.1178955602707367,0.12,False,False
AUD,2021,outer,retrospective,rolling63,daily,0,12,0.03964633004685746,0.2253473346891517,0.2193660585263747,-0.03964633004685746,0.3305690252232041,0.4796519587015524,0,21.91666666666667,0.04812146763339686,0.04654963614721252,0.001571831486184353,0.4344753121929621,1.2,0.04812146763339686,joint_es90,es90,True,16,0.1210705312896132,0.6057425120539317,0.1178955602707367,0.12,True,True
AUD,2021,outer,retrospective,rolling63,daily,5,12,-0.08980395780984113,0.2388176583732806,0.2456538254535583,0.08980395780984113,0.4886729323600993,0.653040741283192,0.1294502878566995,21.91666666666667,0.0603458019599673,0.05228105112165557,0.008064750838311725,0.6032323143368005,1.2,0.04812146763339697,joint_es90,es90,True,16,0.1210705312896132,0.6057425120539317,0.1178955602707367,0.12,False,True
AUD,2021,outer,retrospective,rolling63,daily,10,12,-0.2192542456665371,0.2574305952665904,0.329879361293141,0.2192542456665371,0.6467768394969832,0.826429523864789,0.2589005757133989,21.91666666666667,0.1088203930071707,0.0607479687643685,0.0480724242428022,0.7719893164806055,1.2,0.04812146763339423,joint_es90,es90,True,16,0.1210705312896132,0.6057425120539317,0.1178955602707367,0.12,False,True
AUD,2022,validation,retrospective,ridge_term,daily,0,24,0.06627947004619948,0.3957117127618889,0.3930092082668207,-0.06627947004619948,0.4574035974088694,0.5962182955360238,0,22,0.1544562377825133,0.1500632696329082,0.004392968149605055,0.5247968841578819,2.4,0.1544562377825133,forecast_first,mse,True,4,0.1584424349425478,0.6737852902402821,0.1183629681023465,0.12,True,False
AUD,2022,validation,retrospective,ridge_term,daily,5,24,-0.05208349805614496,0.4031136348662475,0.3980482821750997,0.05208349805614496,0.6264470473283857,0.7263509400749465,0.1183629681023465,22,0.1584424349425478,0.1557297441727833,0.002712690769764456,0.6737852902402821,2.4,0.1544562377825119,forecast_first,mse,True,4,0.1584424349425478,0.6737852902402821,0.1183629681023465,0.12,True,False
AUD,2022,validation,retrospective,ridge_term,daily,10,24,-0.1704464661584923,0.4133980365917489,0.4391232026699166,0.1704464661584923,0.7954904972478978,0.8564835846138692,0.2367259362046931,22,0.1928291871230846,0.1637771892971666,0.02905199782591805,0.8227736963226775,2.4,0.1544562377825119,forecast_first,mse,True,4,0.1584424349425478,0.6737852902402821,0.1183629681023465,0.12,False,False
AUD,2022,outer,retrospective,ridge_term,daily,0,12,-0.05013512751798683,0.2724686181997496,0.2656427737701247,0.05013512751798683,0.4432737493318926,0.456950356050865,0,22,0.07056608325628565,0.06805255224504085,0.0025135310112448,0.4528059297723885,1.2,0.07056608325628565,forecast_first,mse,True,4,0.1584424349425478,0.6737852902402821,0.1183629681023465,0.12,True,True
AUD,2022,outer,retrospective,ridge_term,daily,5,12,-0.1797586903888754,0.2772118070693126,0.3205553107511056,0.1797586903888754,0.566812580049347,0.5859386849490278,0.1296235628708809,22,0.1027557072507379,0.07044252048041429,0.03231318677032357,0.5801428955854881,1.2,0.07056608325628554,forecast_first,mse,True,4,0.1584424349425478,0.6737852902402821,0.1183629681023465,0.12,False,True
AUD,2022,outer,retrospective,ridge_term,daily,10,12,-0.3093822532597501,0.2859502434593134,0.4131234180669469,0.3093822532597501,0.6878647549997322,0.7397935715180779,0.2592471257417618,22,0.1706709585553173,0.0749535799232372,0.09571737863208012,0.7240575665125186,1.2,0.07056608325629155,forecast_first,mse,True,4,0.1584424349425478,0.6737852902402821,0.1183629681023465,0.12,False,True
AUD,2022,validation,retrospective,ridge_term,daily,0,24,0.06627947004619948,0.3957117127618889,0.3930092082668207,-0.06627947004619948,0.4574035974088694,0.5962182955360238,0,22,0.1544562377825133,0.1500632696329082,0.004392968149605055,0.5247968841578819,2.4,0.1544562377825133,joint_mse,mse,True,14,0.1584424349425478,0.6737852902402821,0.1183629681023465,0.12,True,False
AUD,2022,validation,retrospective,ridge_term,daily,5,24,-0.05208349805614496,0.4031136348662475,0.3980482821750997,0.05208349805614496,0.6264470473283857,0.7263509400749465,0.1183629681023465,22,0.1584424349425478,0.1557297441727833,0.002712690769764456,0.6737852902402821,2.4,0.1544562377825119,joint_mse,mse,True,14,0.1584424349425478,0.6737852902402821,0.1183629681023465,0.12,True,False
AUD,2022,validation,retrospective,ridge_term,daily,10,24,-0.1704464661584923,0.4133980365917489,0.4391232026699166,0.1704464661584923,0.7954904972478978,0.8564835846138692,0.2367259362046931,22,0.1928291871230846,0.1637771892971666,0.02905199782591805,0.8227736963226775,2.4,0.1544562377825119,joint_mse,mse,True,14,0.1584424349425478,0.6737852902402821,0.1183629681023465,0.12,False,False
AUD,2022,outer,retrospective,ridge_term,daily,0,12,-0.05013512751798683,0.2724686181997496,0.2656427737701247,0.05013512751798683,0.4432737493318926,0.456950356050865,0,22,0.07056608325628565,0.06805255224504085,0.0025135310112448,0.4528059297723885,1.2,0.07056608325628565,joint_mse,mse,True,14,0.1584424349425478,0.6737852902402821,0.1183629681023465,0.12,True,True
AUD,2022,outer,retrospective,ridge_term,daily,5,12,-0.1797586903888754,0.2772118070693126,0.3205553107511056,0.1797586903888754,0.566812580049347,0.5859386849490278,0.1296235628708809,22,0.1027557072507379,0.07044252048041429,0.03231318677032357,0.5801428955854881,1.2,0.07056608325628554,joint_mse,mse,True,14,0.1584424349425478,0.6737852902402821,0.1183629681023465,0.12,False,True
AUD,2022,outer,retrospective,ridge_term,daily,10,12,-0.3093822532597501,0.2859502434593134,0.4131234180669469,0.3093822532597501,0.6878647549997322,0.7397935715180779,0.2592471257417618,22,0.1706709585553173,0.0749535799232372,0.09571737863208012,0.7240575665125186,1.2,0.07056608325629155,joint_mse,mse,True,14,0.1584424349425478,0.6737852902402821,0.1183629681023465,0.12,False,True
AUD,2022,validation,retrospective,ridge_term,daily,0,24,0.06627947004619948,0.3957117127618889,0.3930092082668207,-0.06627947004619948,0.4574035974088694,0.5962182955360238,0,22,0.1544562377825133,0.1500632696329082,0.004392968149605055,0.5247968841578819,2.4,0.1544562377825133,joint_es90,es90,True,14,0.1584424349425478,0.6737852902402821,0.1183629681023465,0.12,True,False
AUD,2022,validation,retrospective,ridge_term,daily,5,24,-0.05208349805614496,0.4031136348662475,0.3980482821750997,0.05208349805614496,0.6264470473283857,0.7263509400749465,0.1183629681023465,22,0.1584424349425478,0.1557297441727833,0.002712690769764456,0.6737852902402821,2.4,0.1544562377825119,joint_es90,es90,True,14,0.1584424349425478,0.6737852902402821,0.1183629681023465,0.12,True,False
AUD,2022,validation,retrospective,ridge_term,daily,10,24,-0.1704464661584923,0.4133980365917489,0.4391232026699166,0.1704464661584923,0.7954904972478978,0.8564835846138692,0.2367259362046931,22,0.1928291871230846,0.1637771892971666,0.02905199782591805,0.8227736963226775,2.4,0.1544562377825119,joint_es90,es90,True,14,0.1584424349425478,0.6737852902402821,0.1183629681023465,0.12,False,False
AUD,2022,outer,retrospective,ridge_term,daily,0,12,-0.05013512751798683,0.2724686181997496,0.2656427737701247,0.05013512751798683,0.4432737493318926,0.456950356050865,0,22,0.07056608325628565,0.06805255224504085,0.0025135310112448,0.4528059297723885,1.2,0.07056608325628565,joint_es90,es90,True,14,0.1584424349425478,0.6737852902402821,0.1183629681023465,0.12,True,True
AUD,2022,outer,retrospective,ridge_term,daily,5,12,-0.1797586903888754,0.2772118070693126,0.3205553107511056,0.1797586903888754,0.566812580049347,0.5859386849490278,0.1296235628708809,22,0.1027557072507379,0.07044252048041429,0.03231318677032357,0.5801428955854881,1.2,0.07056608325628554,joint_es90,es90,True,14,0.1584424349425478,0.6737852902402821,0.1183629681023465,0.12,False,True
AUD,2022,outer,retrospective,ridge_term,daily,10,12,-0.3093822532597501,0.2859502434593134,0.4131234180669469,0.3093822532597501,0.6878647549997322,0.7397935715180779,0.2592471257417618,22,0.1706709585553173,0.0749535799232372,0.09571737863208012,0.7240575665125186,1.2,0.07056608325629155,joint_es90,es90,True,14,0.1584424349425478,0.6737852902402821,0.1183629681023465,0.12,False,True
AUD,2023,validation,retrospective,ridge_term,band05,0,24,0.02370123298018641,0.2345828721378974,0.2308635791603492,-0.02370123298018641,0.4374138162786201,0.524269648986971,0,15.54166666666667,0.05329799218272682,0.05273624373794573,0.0005617484447810759,0.470564911526291,2.4,0.05329799218272682,forecast_first,mse,True,3,0.05809059567492502,0.5672079831655703,0.09625425154744331,0.12,True,False
AUD,2023,validation,retrospective,ridge_term,band05,5,24,-0.07255301856726193,0.2347838713926607,0.24101990721707,0.07255301856726193,0.4987308776732045,0.6422050481071518,0.09625425154744331,15.54166666666667,0.05809059567492502,0.05282665517170357,0.005263940503221454,0.5672079831655703,2.4,0.05329799218272541,forecast_first,mse,True,3,0.05809059567492502,0.5672079831655703,0.09625425154744331,0.12,True,False
AUD,2023,validation,retrospective,ridge_term,band05,10,24,-0.1688072701147041,0.2377431436350518,0.2875110809887635,0.1688072701147041,0.588736700814373,0.766971104786054,0.1925085030948866,15.54166666666667,0.08266262169132732,0.05416672724774866,0.02849589444357866,0.6740970411429249,2.4,0.05329799218272683,forecast_first,mse,True,3,0.05809059567492502,0.5672079831655703,0.09625425154744331,0.12,False,False
AUD,2023,outer,retrospective,ridge_term,band05,0,12,0.1196859317373069,0.1879966198745722,0.2161532417439141,-0.1196859317373069,0.1223996225446244,0.1611639582029456,0,14.91666666666667,0.04672222391640299,0.03239750166057569,0.01432472225582729,0.1494171898216362,1.2,0.04672222391640299,forecast_first,mse,True,3,0.05809059567492502,0.5672079831655703,0.09625425154744331,0.12,True,True
AUD,2023,outer,retrospective,ridge_term,band05,5,12,0.02570325567061619,0.1809740257854388,0.1751655089536046,-0.02570325567061619,0.2106984507650678,0.2393205449292122,0.09398267606668863,14.91666666666667,0.03068295552697533,0.03002229817490626,0.0006606573520690634,0.2306471830612897,1.2,0.04672222391640257,forecast_first,mse,True,3,0.05809059567492502,0.5672079831655703,0.09625425154744331,0.12,True,True
AUD,2023,outer,retrospective,ridge_term,band05,10,12,-0.06827942039606949,0.1774333487835437,0.1830877469187584,0.06827942039606949,0.2989972789855102,0.3174771316554592,0.1879653521333773,14.91666666666667,0.03352112307178732,0.02885904382216413,0.004662079249623191,0.3118771763009293,1.2,0.04672222391640191,forecast_first,mse,True,3,0.05809059567492502,0.5672079831655703,0.09625425154744331,0.12,False,True
AUD,2023,validation,retrospective,ewma97,band05,0,24,0.01896041956637847,0.2216262432603117,0.2177868175324408,-0.01896041956637847,0.3399838273508757,0.5323817490402386,0,15.875,0.04743109789090868,0.04707160038077558,0.0003594975101331074,0.4336186033420711,2.4,0.04743109789090868,joint_mse,mse,True,12,0.05447312253261338,0.5462359336485595,0.0992369076369702,0.12,True,False
AUD,2023,validation,retrospective,ewma97,band05,5,24,-0.08027648807059524,0.2238683028902367,0.2333947782890898,0.08027648807059524,0.4384457438056412,0.663615152711813,0.0992369076369702,15.875,0.05447312253261338,0.04802880799566497,0.006444314536948421,0.5462359336485595,2.4,0.04743109789090877,joint_mse,mse,True,12,0.05447312253261338,0.5462359336485595,0.0992369076369702,0.12,True,False
AUD,2023,validation,retrospective,ewma97,band05,10,24,-0.1795133957075639,0.2292542862827799,0.2873894396575742,0.1795133957075639,0.5564887082324582,0.7995107106624245,0.1984738152739404,15.875,0.08259269002669446,0.05036763078823404,0.0322250592384604,0.6658464953736231,2.4,0.04743109789090935,joint_mse,mse,True,12,0.05447312253261338,0.5462359336485595,0.0992369076369702,0.12,False,False
AUD,2023,outer,retrospective,ewma97,band05,0,12,0.1077958212919365,0.1800307451309871,0.2032980222425196,-0.1077958212919365,0.1059849945425052,0.1578864046314239,0,15.5,0.04133008584772,0.02971014675971689,0.01161993908800311,0.1421587046044789,1.2,0.04133008584772,joint_mse,mse,True,12,0.05447312253261338,0.5462359336485595,0.0992369076369702,0.12,True,True
AUD,2023,outer,retrospective,ewma97,band05,5,12,0.0119847202868523,0.1753866010110982,0.1683470275454684,-0.0119847202868523,0.1943321785702683,0.2361670576896788,0.09581110100508165,15.5,0.0283407216833947,0.02819708816304063,0.0001436335203540892,0.2234898215928878,1.2,0.04133008584771969,joint_mse,mse,True,12,0.05447312253261338,0.5462359336485595,0.0992369076369702,0.12,True,True
AUD,2023,outer,retrospective,ewma97,band05,10,12,-0.08382638071822986,0.1748500387208352,0.1872209571823412,0.08382638071822986,0.2826793625980054,0.3144477107479107,0.1916222020101633,15.5,0.03505168680827204,0.02802482470395442,0.007026862104317618,0.3048209385812727,1.2,0.04133008584771927,joint_mse,mse,True,12,0.05447312253261338,0.5462359336485595,0.0992369076369702,0.12,False,True
AUD,2023,validation,retrospective,ridge_flat,every5,0,24,0.09882935022313677,0.308854584119582,0.3180939533770707,-0.09882935022313677,0.3620546930214171,0.5506903525361747,0,5.916666666666667,0.101183763175054,0.0914165227095266,0.009767240465527424,0.4408597068882118,2.4,0.101183763175054,joint_es90,es90,True,12,0.09460128531532908,0.5305135773823446,0.08615856110722825,0.12,True,False
AUD,2023,validation,retrospective,ridge_flat,every5,5,24,0.01267078911590815,0.3139217345027691,0.3075732194377935,-0.01267078911590815,0.4775170566810455,0.6134480971042362,0.08615856110722825,5.916666666666667,0.09460128531532908,0.09444073641850925,0.0001605488968198165,0.5305135773823446,2.4,0.1011837631750549,joint_es90,es90,True,12,0.09460128531532908,0.5305135773823446,0.08615856110722825,0.12,True,False
AUD,2023,validation,retrospective,ridge_flat,every5,10,24,-0.0734877719913211,0.3211719331480081,0.3228837063570398,0.0734877719913211,0.5929794203406761,0.676205841672288,0.1723171222144565,5.916666666666667,0.1042538878308591,0.09885343519861071,0.005400452632248399,0.6201674478764749,2.4,0.1011837631750539,joint_es90,es90,True,12,0.09460128531532908,0.5305135773823446,0.08615856110722825,0.12,False,False
AUD,2023,outer,retrospective,ridge_flat,every5,0,12,0.2455895001563475,0.2584419534182725,0.3486264843637233,-0.2455895001563475,0.1638046139638845,0.1763168528262753,0,6,0.1215404255998094,0.06122622301276481,0.06031420258704463,0.1725252652922175,1.2,0.1215404255998094,joint_es90,es90,True,12,0.09460128531532908,0.5305135773823446,0.08615856110722825,0.12,True,True
AUD,2023,outer,retrospective,ridge_flat,every5,5,12,0.1603378935433972,0.2597440251938953,0.2958934811344562,-0.1603378935433972,0.2767814444618238,0.2780771626522949,0.08525160661294945,6,0.08755295217786679,0.06184471207193301,0.02570824010593378,0.2776845207763946,1.2,0.1215404255998085,joint_es90,es90,True,12,0.09460128531532908,0.5305135773823446,0.08615856110722825,0.12,True,True
AUD,2023,outer,retrospective,ridge_flat,every5,10,12,0.0750862869304483,0.2635297921956947,0.2632462204448189,-0.0750862869304483,0.3879544926904103,0.3978752951718434,0.1705032132258989,6,0.06929857257848217,0.06366062209348054,0.005637950485001612,0.394868991389591,1.2,0.1215404255998078,joint_es90,es90,True,12,0.09460128531532908,0.5305135773823446,0.08615856110722825,0.12,False,True
AUD,2024,validation,retrospective,ridge_term,band05,0,24,0.05187671615269111,0.3014755634121719,0.2996526809622457,-0.05187671615269111,0.3153600292499569,0.5611135806577608,0,15.66666666666667,0.08979172920786144,0.08710053552907455,0.002691193678786882,0.4325633779391076,2.4,0.08979172920786144,forecast_first,mse,True,3,0.08752465928279084,0.5256435059458234,0.09482240185159445,0.12,True,False
AUD,2024,validation,retrospective,ridge_term,band05,5,24,-0.04294568569890345,0.299007623627065,0.2958456680142382,0.04294568569890345,0.4260502622156727,0.6439983883320047,0.09482240185159445,15.66666666666667,0.08752465928279084,0.08568032736264185,0.001844331920149,0.5256435059458234,2.4,0.08979172920786148,forecast_first,mse,True,3,0.08752465928279084,0.5256435059458234,0.09482240185159445,0.12,True,False
AUD,2024,validation,retrospective,ridge_term,band05,10,24,-0.1377680875504984,0.2987919229102827,0.323321512214331,0.1377680875504984,0.5473534758951898,0.7268831960062552,0.1896448037031889,15.66666666666667,0.1045368002605618,0.08555675431323999,0.0189800459473218,0.6305158347456202,2.4,0.08979172920786375,forecast_first,mse,True,3,0.08752465928279084,0.5256435059458234,0.09482240185159445,0.12,False,False
AUD,2024,outer,retrospective,ridge_term,band05,0,12,0.05107202890347354,0.2390424402942371,0.2344949175916665,-0.05107202890347354,0.3485185442749382,0.4870864965958646,0,14.75,0.05498786637632248,0.05237951424000525,0.002608352136317237,0.4450962080137658,1.2,0.05498786637632248,forecast_first,mse,True,3,0.08752465928279084,0.5256435059458234,0.09482240185159445,0.12,True,True
AUD,2024,outer,retrospective,ridge_term,band05,5,12,-0.03548645675599116,0.2421698906441062,0.2345599210289878,0.03548645675599116,0.444029938084015,0.5806851473622743,0.08655848565946732,14.75,0.055018356553125,0.05375906794003016,0.00125928861309483,0.5392744778840141,1.2,0.05498786637631928,forecast_first,mse,True,3,0.08752465928279084,0.5256435059458234,0.09482240185159445,0.12,True,True
AUD,2024,outer,retrospective,ridge_term,band05,10,12,-0.122044942415459,0.246167851362351,0.2654123108671729,0.122044942415459,0.5395413318931265,0.6742837981287089,0.1731169713189346,14.75,0.07044369475985285,0.05554872679066015,0.0148949679691927,0.6334527477542901,1.2,0.05498786637632239,forecast_first,mse,True,3,0.08752465928279084,0.5256435059458234,0.09482240185159445,0.12,False,True
AUD,2024,validation,retrospective,ewma97,band05,0,24,0.04772502859407742,0.2918228091888235,0.2896374871893766,-0.04772502859407742,0.3250696156075225,0.5243673926253321,0,16,0.0838898739853763,0.08161219563107079,0.002277678354305508,0.4170381003017509,2.4,0.0838898739853763,joint_mse,mse,True,12,0.08305984121287911,0.5101629586092808,0.09631326097022523,0.12,True,False
AUD,2024,validation,retrospective,ewma97,band05,5,24,-0.0485882323761511,0.2901855925841528,0.2882010430461332,0.0485882323761511,0.4371308045016374,0.6071971232095829,0.09631326097022523,16,0.08305984121287911,0.08069902488744025,0.002360816325438858,0.5101629586092808,2.4,0.08388987398537762,joint_mse,mse,True,12,0.08305984121287911,0.5101629586092808,0.09631326097022523,0.12,True,False
AUD,2024,validation,retrospective,ewma97,band05,10,24,-0.1449014933463671,0.2911525335029636,0.3197407788073308,0.1449014933463671,0.5606694820561762,0.6900268537938252,0.1926265219404505,16,0.1022341656323185,0.08123772285831121,0.02099644277400726,0.6160405820950723,2.4,0.0838898739853771,joint_mse,mse,True,12,0.08305984121287911,0.5101629586092808,0.09631326097022523,0.12,False,False
AUD,2024,outer,retrospective,ewma97,band05,0,12,0.05044776855143803,0.2326618555672897,0.2283977994672876,-0.05044776855143803,0.3382023260453226,0.5179985742903277,0,14.66666666666667,0.05216555480149931,0.04962057744967987,0.00254497735181946,0.4635148627009323,1.2,0.05216555480149931,joint_mse,mse,True,12,0.08305984121287911,0.5101629586092808,0.09631326097022523,0.12,True,True
AUD,2024,outer,retrospective,ewma97,band05,5,12,-0.03950524032241157,0.2346885720537147,0.2281435864636395,0.03950524032241157,0.4361316686199057,0.6169973630391716,0.08995300887385553,14.66666666666667,0.05204949604449217,0.05048883203156068,0.001560664012931493,0.5621895768515154,1.2,0.05216555480150103,joint_mse,mse,True,12,0.08305984121287911,0.5101629586092808,0.09631326097022523,0.12,True,True
AUD,2024,outer,retrospective,ewma97,band05,10,12,-0.1294582491962677,0.2377032836880829,0.2618276502549952,0.1294582491962677,0.5340610111945011,0.7159961517880085,0.1799060177477111,14.66666666666667,0.06855371843805205,0.05179428015308912,0.01675943828496294,0.6608642910020973,1.2,0.05216555480150099,joint_mse,mse,True,12,0.08305984121287911,0.5101629586092808,0.09631326097022523,0.12,False,True
AUD,2024,validation,retrospective,ewma97,band05,0,24,0.04772502859407742,0.2918228091888235,0.2896374871893766,-0.04772502859407742,0.3250696156075225,0.5243673926253321,0,16,0.0838898739853763,0.08161219563107079,0.002277678354305508,0.4170381003017509,2.4,0.0838898739853763,joint_es90,es90,True,12,0.08305984121287911,0.5101629586092808,0.09631326097022523,0.12,True,False
AUD,2024,validation,retrospective,ewma97,band05,5,24,-0.0485882323761511,0.2901855925841528,0.2882010430461332,0.0485882323761511,0.4371308045016374,0.6071971232095829,0.09631326097022523,16,0.08305984121287911,0.08069902488744025,0.002360816325438858,0.5101629586092808,2.4,0.08388987398537762,joint_es90,es90,True,12,0.08305984121287911,0.5101629586092808,0.09631326097022523,0.12,True,False
AUD,2024,validation,retrospective,ewma97,band05,10,24,-0.1449014933463671,0.2911525335029636,0.3197407788073308,0.1449014933463671,0.5606694820561762,0.6900268537938252,0.1926265219404505,16,0.1022341656323185,0.08123772285831121,0.02099644277400726,0.6160405820950723,2.4,0.0838898739853771,joint_es90,es90,True,12,0.08305984121287911,0.5101629586092808,0.09631326097022523,0.12,False,False
AUD,2024,outer,retrospective,ewma97,band05,0,12,0.05044776855143803,0.2326618555672897,0.2283977994672876,-0.05044776855143803,0.3382023260453226,0.5179985742903277,0,14.66666666666667,0.05216555480149931,0.04962057744967987,0.00254497735181946,0.4635148627009323,1.2,0.05216555480149931,joint_es90,es90,True,12,0.08305984121287911,0.5101629586092808,0.09631326097022523,0.12,True,True
AUD,2024,outer,retrospective,ewma97,band05,5,12,-0.03950524032241157,0.2346885720537147,0.2281435864636395,0.03950524032241157,0.4361316686199057,0.6169973630391716,0.08995300887385553,14.66666666666667,0.05204949604449217,0.05048883203156068,0.001560664012931493,0.5621895768515154,1.2,0.05216555480150103,joint_es90,es90,True,12,0.08305984121287911,0.5101629586092808,0.09631326097022523,0.12,True,True
AUD,2024,outer,retrospective,ewma97,band05,10,12,-0.1294582491962677,0.2377032836880829,0.2618276502549952,0.1294582491962677,0.5340610111945011,0.7159961517880085,0.1799060177477111,14.66666666666667,0.06855371843805205,0.05179428015308912,0.01675943828496294,0.6608642910020973,1.2,0.05216555480150099,joint_es90,es90,True,12,0.08305984121287911,0.5101629586092808,0.09631326097022523,0.12,False,True
AUD,2025,validation,retrospective,ridge_flat,band05,0,24,0.08166117516794735,0.2386984227043641,0.2475306960553179,-0.08166117516794735,0.3099753232648802,0.574343827809552,0,15.125,0.06127144548963018,0.05460289795982001,0.006668547529810181,0.4311802022302251,2.4,0.06127144548963018,forecast_first,mse,True,3,0.05494286097066072,0.534906763875473,0.09423426813018265,0.12,True,False
AUD,2025,validation,retrospective,ridge_flat,band05,5,24,-0.01257309296223404,0.2390956402505227,0.2343989355152039,0.01257309296223404,0.4240757146268332,0.6747277567694177,0.09423426813018265,15.125,0.05494286097066072,0.05478477830402375,0.0001580826666369792,0.534906763875473,2.4,0.06127144548962846,forecast_first,mse,True,3,0.05494286097066072,0.534906763875473,0.09423426813018265,0.12,True,False
AUD,2025,validation,retrospective,ridge_flat,band05,10,24,-0.1068073610924161,0.2413576749115258,0.2592954093704921,0.1068073610924161,0.5381761059887938,0.7751116857293093,0.1884685362603653,15.125,0.06723410932061109,0.05582629693708534,0.01140781238352575,0.6386333255207338,2.4,0.06127144548962721,forecast_first,mse,True,3,0.05494286097066072,0.534906763875473,0.09423426813018265,0.12,False,False
AUD,2025,outer,retrospective,ridge_flat,band05,0,12,0.1555704612834817,0.5982380173163868,0.5935207101186193,-0.1555704612834817,0.722711802084421,1.183152355700216,0,15,0.3522668333397101,0.3280646649157548,0.02420216842395528,1.043624915210581,1.2,0.3522668333397101,forecast_first,mse,True,3,0.05494286097066072,0.534906763875473,0.09423426813018265,0.12,True,True
AUD,2025,outer,retrospective,ridge_flat,band05,5,12,0.05775088238575007,0.6035957936345956,0.5807774011345443,-0.05775088238575007,0.8219131740421795,1.285410969871194,0.09781957889773353,15,0.3373023896685954,0.3339672252522625,0.003335164416332737,1.144957092347251,1.2,0.3522668333397176,forecast_first,mse,True,3,0.05494286097066072,0.534906763875473,0.09423426813018265,0.12,True,True
AUD,2025,outer,retrospective,ridge_flat,band05,10,12,-0.0400686965119826,0.6093672205148902,0.584799004580527,0.0400686965119826,0.921114545999911,1.387669584042129,0.1956391577954671,15,0.3419898757583753,0.3403843753182059,0.001605500440169367,1.246289269483882,1.2,0.3522668333397058,forecast_first,mse,True,3,0.05494286097066072,0.534906763875473,0.09423426813018265,0.12,False,True
AUD,2025,validation,retrospective,ridge_flat,band05,0,24,0.08166117516794735,0.2386984227043641,0.2475306960553179,-0.08166117516794735,0.3099753232648802,0.574343827809552,0,15.125,0.06127144548963018,0.05460289795982001,0.006668547529810181,0.4311802022302251,2.4,0.06127144548963018,joint_mse,mse,True,12,0.05494286097066072,0.534906763875473,0.09423426813018265,0.12,True,False
AUD,2025,validation,retrospective,ridge_flat,band05,5,24,-0.01257309296223404,0.2390956402505227,0.2343989355152039,0.01257309296223404,0.4240757146268332,0.6747277567694177,0.09423426813018265,15.125,0.05494286097066072,0.05478477830402375,0.0001580826666369792,0.534906763875473,2.4,0.06127144548962846,joint_mse,mse,True,12,0.05494286097066072,0.534906763875473,0.09423426813018265,0.12,True,False
AUD,2025,validation,retrospective,ridge_flat,band05,10,24,-0.1068073610924161,0.2413576749115258,0.2592954093704921,0.1068073610924161,0.5381761059887938,0.7751116857293093,0.1884685362603653,15.125,0.06723410932061109,0.05582629693708534,0.01140781238352575,0.6386333255207338,2.4,0.06127144548962721,joint_mse,mse,True,12,0.05494286097066072,0.534906763875473,0.09423426813018265,0.12,False,False
AUD,2025,outer,retrospective,ridge_flat,band05,0,12,0.1555704612834817,0.5982380173163868,0.5935207101186193,-0.1555704612834817,0.722711802084421,1.183152355700216,0,15,0.3522668333397101,0.3280646649157548,0.02420216842395528,1.043624915210581,1.2,0.3522668333397101,joint_mse,mse,True,12,0.05494286097066072,0.534906763875473,0.09423426813018265,0.12,True,True
AUD,2025,outer,retrospective,ridge_flat,band05,5,12,0.05775088238575007,0.6035957936345956,0.5807774011345443,-0.05775088238575007,0.8219131740421795,1.285410969871194,0.09781957889773353,15,0.3373023896685954,0.3339672252522625,0.003335164416332737,1.144957092347251,1.2,0.3522668333397176,joint_mse,mse,True,12,0.05494286097066072,0.534906763875473,0.09423426813018265,0.12,True,True
AUD,2025,outer,retrospective,ridge_flat,band05,10,12,-0.0400686965119826,0.6093672205148902,0.584799004580527,0.0400686965119826,0.921114545999911,1.387669584042129,0.1956391577954671,15,0.3419898757583753,0.3403843753182059,0.001605500440169367,1.246289269483882,1.2,0.3522668333397058,joint_mse,mse,True,12,0.05494286097066072,0.534906763875473,0.09423426813018265,0.12,False,True
AUD,2025,validation,retrospective,rolling63,every5,0,24,0.2233571017267157,0.2419488814593696,0.3255587815529199,-0.2233571017267157,0.1159094502346689,0.1904103197467487,0,6,0.1059885202462218,0.0561001253544634,0.04988839489175841,0.1480109006288745,2.4,0.1059885202462218,joint_es90,es90,True,12,0.0786472233212291,0.260941513585017,0.08427354739358124,0.12,True,False
AUD,2025,validation,retrospective,rolling63,every5,5,24,0.1390835543331357,0.2487596812751808,0.280441122735645,-0.1390835543331357,0.2195844240503617,0.3102246128502391,0.08427354739358124,6,0.0786472233212291,0.05930298823529081,0.01934423508593831,0.260941513585017,2.4,0.1059885202462213,joint_es90,es90,True,12,0.0786472233212291,0.260941513585017,0.08427354739358124,0.12,True,False
AUD,2025,validation,retrospective,rolling63,every5,10,24,0.05481000693955228,0.2577018253486349,0.2581613346324955,-0.05481000693955228,0.323259397866095,0.4300389059537484,0.1685470947871625,6,0.06664727469923133,0.06364313783851756,0.003004136860713769,0.373872126541188,2.4,0.105988520246222,joint_es90,es90,True,12,0.0786472233212291,0.260941513585017,0.08427354739358124,0.12,False,False
AUD,2025,outer,retrospective,rolling63,every5,0,12,0.1227660211554534,0.7348126194470164,0.7141605441640635,-0.1227660211554534,0.905317861513069,1.497976084941541,0,6,0.5100252828407114,0.4949537868903702,0.01507149595034122,1.318382683902611,1.2,0.5100252828407114,joint_es90,es90,True,12,0.0786472233212291,0.260941513585017,0.08427354739358124,0.12,True,True
AUD,2025,outer,retrospective,rolling63,every5,5,12,0.02656094772857084,0.7448749865022264,0.7136579484140431,-0.02656094772857084,1.013647104896136,1.608283807281694,0.09620507342688223,6,0.509307667334541,0.5086021833903011,0.0007054839442398725,1.428090867164859,1.2,0.5100252828407135,joint_es90,es90,True,12,0.0786472233212291,0.260941513585017,0.08427354739358124,0.12,True,True
AUD,2025,outer,retrospective,rolling63,every5,10,12,-0.06964412569831106,0.7553283692820495,0.7265176099492511,0.06964412569831106,1.121976348279182,1.718591529621804,0.1924101468537645,6,0.5278278375663722,0.5229775333220901,0.004850304244282152,1.537799050427071,1.2,0.5100252828407055,joint_es90,es90,True,12,0.0786472233212291,0.260941513585017,0.08427354739358124,0.12,False,True
AUD,2026,validation,additional_2026,ridge_term,daily,0,24,0.09829965416596376,0.3948832775191038,0.3988714388797909,-0.09829965416596376,0.4000169384525231,1.040846071746502,0,22,0.1590984247540348,0.1494356027448867,0.009662822009148076,0.7018460668167332,2.4,0.1590984247540348,forecast_first,mse,True,4,0.1540650847571667,0.8282568002692421,0.1129951914979023,0.12,True,False
AUD,2026,validation,additional_2026,ridge_term,daily,5,24,-0.01469553733194475,0.4006722081350946,0.3925112543063787,0.01469553733194475,0.52917907370581,1.168662565644996,0.1129951914979023,22,0.1540650847571667,0.1538491259396921,0.0002159588174745818,0.8282568002692421,2.4,0.1590984247540367,forecast_first,mse,True,4,0.1540650847571667,0.8282568002692421,0.1129951914979023,0.12,True,False
AUD,2026,validation,additional_2026,ridge_term,daily,10,24,-0.1276907288298457,0.4077858302327552,0.4191246657363481,0.1276907288298457,0.6621103084961327,1.29647905954345,0.2259903829958047,22,0.1756654854286055,0.1593605631995083,0.01630492222909719,0.9588554220962278,2.4,0.1590984247540335,forecast_first,mse,True,4,0.1540650847571667,0.8282568002692421,0.1129951914979023,0.12,False,False
AUD,2026,outer,additional_2026,ridge_term,daily,0,9,0.0139803172001405,0.2005342815394883,0.1895817114953687,-0.0139803172001405,0.2460942461682553,0.2842144977870055,0,22,0.03594122533351321,0.03574577606449666,0.0001954492690165442,0.2842144977870055,0.9,0.03594122533351321,forecast_first,mse,True,4,0.1540650847571667,0.8282568002692421,0.1129951914979023,0.12,True,True
AUD,2026,outer,additional_2026,ridge_term,daily,5,9,-0.08491194944054345,0.2027022894236443,0.2091241251614392,0.08491194944054345,0.3542686775926039,0.3603140424209829,0.09889226664068462,22,0.0437328997245373,0.03652286056674389,0.007210039157793407,0.3603140424209829,0.9,0.03594122533351465,forecast_first,mse,True,4,0.1540650847571667,0.8282568002692421,0.1129951914979023,0.12,True,True
AUD,2026,outer,additional_2026,ridge_term,daily,10,9,-0.1838042160812315,0.2095816561888908,0.2698665665205166,0.1838042160812315,0.4754578699979478,0.5014873919599552,0.1977845332813692,22,0.0728279637255724,0.03904397387633638,0.03378398984923604,0.5014873919599552,0.9,0.03594122533351086,forecast_first,mse,True,4,0.1540650847571667,0.8282568002692421,0.1129951914979023,0.12,False,True
AUD,2026,validation,additional_2026,rolling63,daily,0,24,0.1073379630707281,0.3639433880837887,0.3720984795373407,-0.1073379630707281,0.5237434358989213,0.799808599486045,0,22,0.1384572784740007,0.1269358401578277,0.011521438316173,0.635834590688501,2.4,0.1384572784740007,joint_mse,mse,True,16,0.1343417992525513,0.7758871136784451,0.1163710653038921,0.12,True,False
AUD,2026,validation,additional_2026,rolling63,daily,5,24,-0.00903310223316082,0.3742961426695687,0.3665266692241524,0.00903310223316082,0.6728587468241524,0.9304774010615191,0.1163710653038921,22,0.1343417992525513,0.1342602023165965,8.159693595473499e-05,0.7758871136784451,2.4,0.1384572784740002,joint_mse,mse,True,16,0.1343417992525513,0.7758871136784451,0.1163710653038921,0.12,True,False
AUD,2026,validation,additional_2026,rolling63,daily,10,24,-0.1254041675370517,0.386312807283106,0.3984288613985254,0.1254041675370517,0.8219740577493674,1.061146202637014,0.2327421306077843,22,0.1587455575953254,0.1430193523596645,0.01572620523566092,0.9159396366683923,2.4,0.1384572784739995,joint_mse,mse,True,16,0.1343417992525513,0.7758871136784451,0.1163710653038921,0.12,False,False
AUD,2026,outer,additional_2026,rolling63,daily,0,9,0.02347257806323855,0.1929739365877292,0.1834454744621328,-0.02347257806323855,0.2118055719044297,0.2189845313443298,0,22,0.03365224210063701,0.03310128017970218,0.0005509619209348275,0.2189845313443298,0.9,0.03365224210063701,joint_mse,mse,True,16,0.1343417992525513,0.7758871136784451,0.1163710653038921,0.12,True,True
AUD,2026,outer,additional_2026,rolling63,daily,5,9,-0.07952971143394184,0.1990998036408662,0.2038655955622469,0.07952971143394184,0.342832964208537,0.3518366219761333,0.1030022894971833,22,0.04156118105394961,0.03523620605318355,0.00632497500076606,0.3518366219761334,0.9,0.03365224210063716,joint_mse,mse,True,16,0.1343417992525513,0.7758871136784451,0.1163710653038921,0.12,True,True
AUD,2026,outer,additional_2026,rolling63,daily,10,9,-0.182532000931126,0.2104131987164937,0.2695780851273046,0.182532000931126,0.4890641794974512,0.5100284175826033,0.2060045789943666,22,0.07267234398090429,0.03935441261698372,0.03331793136392057,0.5100284175826033,0.9,0.03365224210063866,joint_mse,mse,True,16,0.1343417992525513,0.7758871136784451,0.1163710653038921,0.12,False,True
AUD,2026,validation,additional_2026,rolling63,band10,0,24,0.131983697737018,0.4228423314372781,0.434471535896977,-0.131983697737018,0.5609774773895666,0.7947525145764723,0,11.66666666666667,0.1887655155046781,0.1713458190363416,0.01741969646833654,0.6569507787895394,2.4,0.1887655155046781,joint_es90,es90,True,16,0.1820802823231654,0.7457612667879221,0.07500061838688354,0.12,True,False
AUD,2026,validation,additional_2026,rolling63,band10,5,24,0.05698307935013832,0.4319821385086974,0.4267086621140534,-0.05698307935013832,0.6461808346181303,0.8857436370566085,0.07500061838688354,11.66666666666667,0.1820802823231654,0.1788332109909413,0.00324707133222416,0.7457612667879221,2.4,0.1887655155046767,joint_es90,es90,True,16,0.1820802823231654,0.7457612667879221,0.07500061838688354,0.12,True,False
AUD,2026,validation,additional_2026,rolling63,band10,10,24,-0.01801753903675096,0.4417559866850078,0.432829992215362,0.01801753903675096,0.7313841918467132,0.9767347595367598,0.1500012367737671,11.66666666666667,0.1873418021611503,0.1870171704482095,0.0003246317129408448,0.8345717547863227,2.4,0.1887655155046775,joint_es90,es90,True,16,0.1820802823231654,0.7457612667879221,0.07500061838688354,0.12,False,False
AUD,2026,outer,additional_2026,rolling63,band10,0,9,-0.01566430610865825,0.2445978559849878,0.231140463209042,0.01566430610865825,0.3026879045548284,0.3209034665034807,0,13.44444444444444,0.05342591373249048,0.05318054324662475,0.0002453704858657481,0.3209034665034807,0.9,0.05342591373249048,joint_es90,es90,True,16,0.1820802823231654,0.7457612667879221,0.07500061838688354,0.12,True,True
AUD,2026,outer,additional_2026,rolling63,band10,5,9,-0.08683212072192997,0.2517355997770861,0.252724015537073,0.08683212072192997,0.3948575080564559,0.4412779271933971,0.07116781461327512,13.44444444444444,0.06386942802918273,0.05632961084011491,0.00753981718906782,0.4412779271933971,0.9,0.05342591373249022,joint_es90,es90,True,16,0.1820802823231654,0.7457612667879221,0.07500061838688354,0.12,True,True
AUD,2026,outer,additional_2026,rolling63,band10,10,9,-0.1579999353352102,0.2611119791165898,0.2925199976447641,0.1579999353352102,0.4870271115580862,0.5616523878833277,0.1423356292265502,13.44444444444444,0.08556794902209279,0.06060396945616217,0.02496397956593061,0.5616523878833277,0.9,0.05342591373249036,joint_es90,es90,True,16,0.1820802823231654,0.7457612667879221,0.07500061838688354,0.12,False,True
