currency,year,role,period,model,policy,cost_bps,episode_id,step,time,event,spot,hedge_vol,desired_delta,trade,position,cash_before,interest,fee,terminal_value_fee,payoff,cash_after,wealth,cumulative_cost,cumulative_turnover
USD,2015,validation,retrospective,rolling63,daily,5,0,0,0,entry,100,0.06891266787281732,0.5039680884974619,0.5039680884974619,0.5039680884974619,0.7936176994923727,0,0.02519840442487309,0.02519840442487309,0,-49.62838955467868,0.7684192950675026,0.02519840442487309,50.39680884974619
USD,2015,validation,retrospective,rolling63,daily,5,0,1,0.003968253968253968,observation,98.79354546825516,0.07295248586591709,0.2808500307018372,-0.2231180577956247,0.2808500307018372,-49.62838955467868,-0,0.01102131199381041,0.01102131199381041,0,-27.59678687905167,0.1493833988511462,0.0362197164186835,72.43943283736701
USD,2015,validation,retrospective,rolling63,daily,5,0,2,0.007936507936507936,observation,98.11491479414869,0.07388667162216928,0.1767347444191725,-0.1041152862826647,0.1767347444191725,-27.59678687905167,-0,0.005107631221196022,0.005107631221196022,0,-17.38663206788082,-0.04631767802806053,0.04132734763987952,82.65469527975905
USD,2015,validation,retrospective,rolling63,daily,5,0,3,0.0119047619047619,observation,98.31850399638064,0.0735842492436858,0.1969809334253398,0.02024618900616731,0.1969809334253398,-17.38663206788082,-0,0.0009952875073571694,0.0009952875073571694,0,-19.37820237010251,-0.01133167991244832,0.04232263514723669,84.64527029447339
USD,2015,validation,retrospective,rolling63,daily,5,0,4,0.01587301587301587,observation,98.67290001508067,0.07362379270314166,0.2453839830342193,0.04840304960887948,0.2453839830342193,-19.37820237010251,-0,0.002388034637240977,0.002388034637240977,0,-24.15665967922171,0.05608954401606425,0.04471066978447767,89.42133956895535
USD,2015,validation,retrospective,rolling63,daily,5,0,5,0.01984126984126984,observation,98.44668979037853,0.07376271462775512,0.2024260390167486,-0.04295794401747072,0.2024260390167486,-24.15665967922171,-0,0.002114533694360194,0.002114533694360194,0,-19.92970682419568,-0.001533355618771992,0.04682520347883787,93.65040695767573
USD,2015,validation,retrospective,rolling63,daily,5,0,6,0.02380952380952381,observation,98.87648921731261,0.07361189739256156,0.2675819810617713,0.06515594204502273,0.2675819810617713,-19.92970682419568,-0,0.003221195400529268,0.003221195400529268,0,-26.37531882065475,0.08224804454663115,0.05004639887936713,100.0927977587343
USD,2015,validation,retrospective,rolling63,daily,5,0,7,0.02777777777777778,observation,100.0904840898809,0.07742204336381475,0.5233989413447671,0.2558169602829957,0.5233989413447671,-26.37531882065475,-0,0.01280242169656343,0.01280242169656343,0,-51.99296463547817,0.3942887758507183,0.06284882057593057,125.6976411518611
USD,2015,validation,retrospective,rolling63,daily,5,0,8,0.03174603174603174,observation,100.595686925049,0.07765959767135133,0.6351532880508685,0.1117543467061014,0.6351532880508685,-51.99296463547817,-0,0.00562100263688018,0.00562100263688018,0,-63.24059091187542,0.6530904023052173,0.06846982321281074,136.9396464256215
USD,2015,validation,retrospective,rolling63,daily,5,0,9,0.03571428571428571,observation,100.4901221535213,0.07768782976692278,0.616720493468322,-0.01843279458254643,0.616720493468322,-63.24059091187542,-0,0.0009261568896154284,0.0009261568896154284,0,-61.38920328953417,0.585114433677461,0.06939598010242617,138.7919602048524
USD,2015,validation,retrospective,rolling63,daily,5,0,10,0.03968253968253968,observation,100.1131051123511,0.07719424483709118,0.5311472073730574,-0.0855732860952646,0.5311472073730574,-61.38920328953417,-0,0.004283503692832258,0.004283503692832258,0,-52.82647940756249,0.3483167943081469,0.07367948379525843,147.3589675905169
USD,2015,validation,retrospective,rolling63,daily,5,0,11,0.04365079365079365,observation,100.7992761272809,0.07757324073403456,0.6994788170106651,0.1683316096376076,0.6994788170106651,-52.82647940756249,-0,0.008483852200405439,0.008483852200405439,0,-69.80266766057377,0.7042907604680693,0.08216333599566387,164.3266719913277
USD,2015,validation,retrospective,rolling63,daily,5,0,12,0.04761904761904762,observation,100.4675011310511,0.07785237405330615,0.6271706693010686,-0.07230814770959648,0.6271706693010686,-69.80266766057377,-0,0.003632309455899048,0.003632309455899048,0,-62.54168105823157,0.4685888691356226,0.08579564545156293,171.5912909031258
USD,2015,validation,retrospective,rolling63,daily,5,0,13,0.05158730158730158,observation,100.4599607902277,0.07681056272930846,0.6338854730623973,0.006714803761328714,0.6338854730623973,-62.54168105823157,-0,0.0003372844612885782,0.0003372844612885782,0,-63.21658726527002,0.4635225040733602,0.08613292991285151,172.265859825703
USD,2015,validation,retrospective,rolling63,daily,5,0,14,0.05555555555555555,observation,100.4147187452873,0.07669587368605499,0.629360208678676,-0.00452526438372125,0.629360208678676,-63.21658726527002,-0,0.0002272015751697176,0.0002272015751697176,0,-62.76241131650576,0.4346170274388186,0.08636013148802123,172.7202629760424
USD,2015,validation,retrospective,rolling63,daily,5,0,15,0.05952380952380952,observation,100.5127431759915,0.07620274565420805,0.6703329473368513,0.0409727386581753,0.6703329473368513,-62.76241131650576,-0,0.002059141178983097,0.002059141178983097,0,-66.88275281565093,0.4942505624234741,0.08841927266700432,176.8385453340086
USD,2015,validation,retrospective,rolling63,daily,5,0,16,0.06349206349206349,observation,100.6560096516363,0.0756349659679518,0.7320628546631472,0.06172990732629591,0.7320628546631472,-66.88275281565093,-0,0.003106743073815126,0.003106743073815126,0,-73.099345706355,0.5871800582231401,0.09152601574081945,183.0520314816389
USD,2015,validation,retrospective,rolling63,daily,5,0,17,0.06746031746031746,observation,101.5608505504449,0.07732486510387525,0.9446080819254101,0.2125452272622629,0.9446080819254101,-73.099345706355,-0,0.01079313703059651,0.01079313703059651,0,-94.69641290457861,1.238787332590363,0.102319152771416,204.6383055428319
USD,2015,validation,retrospective,rolling63,daily,5,0,18,0.07142857142857142,observation,101.3723420298597,0.07629301486070665,0.9496593517222827,0.005051269796872537,0.9496593517222827,-94.69641290457861,-0,0.0002560295247668315,0.0002560295247668315,0,-95.20872798363703,1.060464631009069,0.1025751822961828,205.1503645923655
USD,2015,validation,retrospective,rolling63,daily,5,0,19,0.07539682539682539,observation,101.2893982808023,0.07629483329752988,0.9705082021279225,0.02084885040563988,0.9705082021279225,-95.20872798363703,-0,0.001055883756216862,0.001055883756216862,0,-97.32155137982697,0.9806404402935271,0.1036310660523996,207.2621321047993
USD,2015,validation,retrospective,rolling63,daily,5,0,20,0.07936507936507936,observation,102.1037550897301,0.07732656980663657,0.9999905059877724,0.02948230385984985,0.9999905059877724,-97.32155137982697,-0,0.001505126966393556,0.001505126966393556,0,-100.3333104395805,1.769475275850283,0.1051361930187932,210.2723860375864
USD,2015,validation,retrospective,rolling63,daily,5,0,21,0.08333333333333333,settlement,102.1716181571407,,0,-0.9999905059877724,0,-100.3333104395805,-0,0.05108532406927431,0.05108532406927431,2.171618157140713,-0.3853657822418484,-0.3853657822418484,0.1562215170880675,312.443034176135
USD,2015,validation,retrospective,rolling63,every5,5,0,0,0,entry,100,0.06891266787281732,0.5039680884974619,0.5039680884974619,0.5039680884974619,0.7936176994923727,0,0.02519840442487309,0.02519840442487309,0,-49.62838955467868,0.7684192950675026,0.02519840442487309,50.39680884974619
USD,2015,validation,retrospective,rolling63,every5,5,0,1,0.003968253968253968,observation,98.79354546825516,0.07295248586591709,0.2808500307018372,0,0.5039680884974619,-49.62838955467868,-0,0,0,0,-49.62838955467868,0.1604047108449578,0.02519840442487309,50.39680884974619
USD,2015,validation,retrospective,rolling63,every5,5,0,2,0.007936507936507936,observation,98.11491479414869,0.07388667162216928,0.1767347444191725,0,0.5039680884974619,-49.62838955467868,-0,0,0,0,-49.62838955467868,-0.1816034927802264,0.02519840442487309,50.39680884974619
USD,2015,validation,retrospective,rolling63,every5,5,0,3,0.0119047619047619,observation,98.31850399638064,0.0735842492436858,0.1969809334253398,0,0.5039680884974619,-49.62838955467868,-0,0,0,0,-49.62838955467868,-0.07900103169266259,0.02519840442487309,50.39680884974619
USD,2015,validation,retrospective,rolling63,every5,5,0,4,0.01587301587301587,observation,98.67290001508067,0.07362379270314166,0.2453839830342193,0,0.5039680884974619,-49.62838955467868,-0,0,0,0,-49.62838955467868,0.09960325242270329,0.02519840442487309,50.39680884974619
USD,2015,validation,retrospective,rolling63,every5,5,0,5,0.01984126984126984,observation,98.44668979037853,0.07376271462775512,0.2024260390167486,-0.3015420494807133,0.2024260390167486,-49.62838955467868,-0,0.01484290830199138,0.01484290830199138,0,-19.95741585899792,-0.02924239042100751,0.04004131272686447,80.08262545372894
USD,2015,validation,retrospective,rolling63,every5,5,0,6,0.02380952380952381,observation,98.87648921731261,0.07361189739256156,0.2675819810617713,0,0.2024260390167486,-19.95741585899792,-0,0,0,0,-19.95741585899792,0.05776020514492686,0.04004131272686447,80.08262545372894
USD,2015,validation,retrospective,rolling63,every5,5,0,7,0.02777777777777778,observation,100.0904840898809,0.07742204336381475,0.5233989413447671,0,0.2024260390167486,-19.95741585899792,-0,0,0,0,-19.95741585899792,0.3035043785855578,0.04004131272686447,80.08262545372894
USD,2015,validation,retrospective,rolling63,every5,5,0,8,0.03174603174603174,observation,100.595686925049,0.07765959767135133,0.6351532880508685,0,0.2024260390167486,-19.95741585899792,-0,0,0,0,-19.95741585899792,0.4057705874086786,0.04004131272686447,80.08262545372894
USD,2015,validation,retrospective,rolling63,every5,5,0,9,0.03571428571428571,observation,100.4901221535213,0.07768782976692278,0.616720493468322,0,0.2024260390167486,-19.95741585899792,-0,0,0,0,-19.95741585899792,0.384401528848624,0.04004131272686447,80.08262545372894
USD,2015,validation,retrospective,rolling63,every5,5,0,10,0.03968253968253968,observation,100.1131051123511,0.07719424483709118,0.5311472073730574,0.3287211683563088,0.5311472073730574,-19.95741585899792,-0,0.016454648440155,0.016454648440155,0,-52.88316738774807,0.2916288141225607,0.05649596116701947,112.9919223340389
USD,2015,validation,retrospective,rolling63,every5,5,0,11,0.04365079365079365,observation,100.7992761272809,0.07757324073403456,0.6994788170106651,0,0.5311472073730574,-52.88316738774807,-0,0,0,0,-52.88316738774807,0.6560866324828964,0.05649596116701947,112.9919223340389
USD,2015,validation,retrospective,rolling63,every5,5,0,12,0.04761904761904762,observation,100.4675011310511,0.07785237405330615,0.6271706693010686,0,0.5311472073730574,-52.88316738774807,-0,0,0,0,-52.88316738774807,0.4798652697592161,0.05649596116701947,112.9919223340389
USD,2015,validation,retrospective,rolling63,every5,5,0,13,0.05158730158730158,observation,100.4599607902277,0.07681056272930846,0.6338854730623973,0,0.5311472073730574,-52.88316738774807,-0,0,0,0,-52.88316738774807,0.4758602387882291,0.05649596116701947,112.9919223340389
USD,2015,validation,retrospective,rolling63,every5,5,0,14,0.05555555555555555,observation,100.4147187452873,0.07669587368605499,0.629360208678676,0,0.5311472073730574,-52.88316738774807,-0,0,0,0,-52.88316738774807,0.4518300529622721,0.05649596116701947,112.9919223340389
USD,2015,validation,retrospective,rolling63,every5,5,0,15,0.05952380952380952,observation,100.5127431759915,0.07620274565420805,0.6703329473368513,0.1391857399637939,0.6703329473368513,-52.88316738774807,-0,0.00699497026737058,0.00699497026737058,0,-66.88010289275661,0.496900485317795,0.06349093143439005,126.9818628687801
USD,2015,validation,retrospective,rolling63,every5,5,0,16,0.06349206349206349,observation,100.6560096516363,0.0756349659679518,0.7320628546631472,0,0.6703329473368513,-66.88010289275661,-0,0,0,0,-66.88010289275661,0.5929367241912757,0.06349093143439005,126.9818628687801
USD,2015,validation,retrospective,rolling63,every5,5,0,17,0.06746031746031746,observation,101.5608505504449,0.07732486510387525,0.9446080819254101,0,0.6703329473368513,-66.88010289275661,-0,0,0,0,-66.88010289275661,1.199481390760582,0.06349093143439005,126.9818628687801
USD,2015,validation,retrospective,rolling63,every5,5,0,18,0.07142857142857142,observation,101.3723420298597,0.07629301486070665,0.9496593517222827,0,0.6703329473368513,-66.88010289275661,-0,0,0,0,-66.88010289275661,1.073117918558637,0.06349093143439005,126.9818628687801
USD,2015,validation,retrospective,rolling63,every5,5,0,19,0.07539682539682539,observation,101.2893982808023,0.07629483329752988,0.9705082021279225,0,0.6703329473368513,-66.88010289275661,-0,0,0,0,-66.88010289275661,1.017517990789784,0.06349093143439005,126.9818628687801
USD,2015,validation,retrospective,rolling63,every5,5,0,20,0.07936507936507936,observation,102.1037550897301,0.07732656980663657,0.9999905059877724,0.3296575586509211,0.9999905059877724,-66.88010289275661,-0,0.01682963731598599,0.01682963731598599,0,-100.5562071620446,1.546578553386198,0.08032056875037603,160.6411375007521
USD,2015,validation,retrospective,rolling63,every5,5,0,21,0.08333333333333333,settlement,102.1716181571407,,0,-0.9999905059877724,0,-100.5562071620446,-0,0.05108532406927431,0.05108532406927431,2.171618157140713,-0.6082625047059338,-0.6082625047059338,0.1314058928196503,262.8117856393007
USD,2015,validation,retrospective,rolling63,band05,5,0,0,0,entry,100,,0.5039680884974619,0.5039680884974619,0.5039680884974619,0.7936176994923727,0,0.02519840442487309,0.02519840442487309,0,-49.62838955467868,0.7684192950675026,0.02519840442487309,50.39680884974619
USD,2015,validation,retrospective,rolling63,band05,5,0,1,0.003968253968253968,observation,98.79354546825516,,0.2808500307018372,-0.1731180577956247,0.3308500307018372,-49.62838955467868,-0,0.008551473357104036,0.008551473357104036,0,-32.53399431382772,0.151853237487849,0.03374987778197713,67.49975556395425
USD,2015,validation,retrospective,rolling63,band05,5,0,2,0.007936507936507936,observation,98.11491479414869,,0.1767347444191725,-0.1041152862826647,0.2267347444191725,-32.53399431382772,-0,0.005107631221196022,0.005107631221196022,0,-22.32383950265687,-0.07777937309668204,0.03885750900317315,77.7150180063463
USD,2015,validation,retrospective,rolling63,band05,5,0,3,0.0119047619047619,observation,98.31850399638064,,0.1969809334253398,0,0.2267347444191725,-22.32383950265687,-0,0,0,0,-22.32383950265687,-0.03161862736211773,0.03885750900317315,77.7150180063463
USD,2015,validation,retrospective,rolling63,band05,5,0,4,0.01587301587301587,observation,98.67290001508067,,0.2453839830342193,0,0.2267347444191725,-22.32383950265687,-0,0,0,0,-22.32383950265687,0.04873526336100653,0.03885750900317315,77.7150180063463
USD,2015,validation,retrospective,rolling63,band05,5,0,5,0.01984126984126984,observation,98.44668979037853,,0.2024260390167486,0,0.2267347444191725,-22.32383950265687,-0,0,0,0,-22.32383950265687,-0.002554454121838745,0.03885750900317315,77.7150180063463
USD,2015,validation,retrospective,rolling63,band05,5,0,6,0.02380952380952381,observation,98.87648921731261,,0.2675819810617713,0,0.2267347444191725,-22.32383950265687,-0,0,0,0,-22.32383950265687,0.09489600909556728,0.03885750900317315,77.7150180063463
USD,2015,validation,retrospective,rolling63,band05,5,0,7,0.02777777777777778,observation,100.0904840898809,,0.5233989413447671,0.2466641969255945,0.4733989413447671,-22.32383950265687,-0,0.01234436943896223,0.01234436943896223,0,-47.02492275002029,0.3578064568145578,0.05120187844213538,102.4037568842708
USD,2015,validation,retrospective,rolling63,band05,5,0,8,0.03174603174603174,observation,100.595686925049,,0.6351532880508685,0.1117543467061013,0.5851532880508684,-47.02492275002029,-0,0.005621002636880177,0.005621002636880177,0,-58.27254902641753,0.591347941510648,0.05682288107901555,113.6457621580311
USD,2015,validation,retrospective,rolling63,band05,5,0,9,0.03571428571428571,observation,100.4901221535213,,0.616720493468322,0,0.5851532880508684,-58.27254902641753,-0,0,0,0,-58.27254902641753,0.5295763683488914,0.05682288107901555,113.6457621580311
USD,2015,validation,retrospective,rolling63,band05,5,0,10,0.03968253968253968,observation,100.1131051123511,,0.5311472073730574,-0.004006080677810941,0.5811472073730575,-58.27254902641753,-0,0.0002005305879931227,0.0002005305879931227,0,-57.87168838101928,0.3087630764689138,0.05702341166700867,114.0468233340174
USD,2015,validation,retrospective,rolling63,band05,5,0,11,0.04365079365079365,observation,100.7992761272809,,0.6994788170106651,0.06833160963760754,0.649478817010665,-57.87168838101928,-0,0.003443888394041387,0.003443888394041387,0,-64.76290905749609,0.7040855571817133,0.06046730006105006,120.9346001221001
USD,2015,validation,retrospective,rolling63,band05,5,0,12,0.04761904761904762,observation,100.4675011310511,,0.6271706693010686,0,0.649478817010665,-64.76290905749609,-0,0,0,0,-64.76290905749609,0.4886047251166445,0.06046730006105006,120.9346001221001
USD,2015,validation,retrospective,rolling63,band05,5,0,13,0.05158730158730158,observation,100.4599607902277,,0.6338854730623973,0,0.649478817010665,-64.76290905749609,-0,0,0,0,-64.76290905749609,0.4837074334788127,0.06046730006105006,120.9346001221001
USD,2015,validation,retrospective,rolling63,band05,5,0,14,0.05555555555555555,observation,100.4147187452873,,0.629360208678676,0,0.649478817010665,-64.76290905749609,-0,0,0,0,-64.76290905749609,0.4543236836517508,0.06046730006105006,120.9346001221001
USD,2015,validation,retrospective,rolling63,band05,5,0,15,0.05952380952380952,observation,100.5127431759915,,0.6703329473368513,0,0.649478817010665,-64.76290905749609,-0,0,0,0,-64.76290905749609,0.5179884749436923,0.06046730006105006,120.9346001221001
USD,2015,validation,retrospective,rolling63,band05,5,0,16,0.06349206349206349,observation,100.6560096516363,,0.7320628546631472,0.03258403765248219,0.6820628546631472,-64.76290905749609,-0,0.001639889604218763,0.001639889604218763,0,-68.04432815553784,0.6093971264584752,0.06210718966526883,124.2143793305377
USD,2015,validation,retrospective,rolling63,band05,5,0,17,0.06746031746031746,observation,101.5608505504449,,0.9446080819254101,0.2125452272622629,0.8946080819254101,-68.04432815553784,-0,0.01079313703059651,0.01079313703059651,0,-89.64139535376145,1.215762355885275,0.07290032669586534,145.8006533917307
USD,2015,validation,retrospective,rolling63,band05,5,0,18,0.07142857142857142,observation,101.3723420298597,,0.9496593517222827,0.005051269796872537,0.8996593517222826,-89.64139535376145,-0,0.0002560295247668315,0.0002560295247668315,0,-90.15371043281988,1.046865080333234,0.07315635622063217,146.3127124412644
USD,2015,validation,retrospective,rolling63,band05,5,0,19,0.07539682539682539,observation,101.2893982808023,,0.9705082021279225,0.02084885040563988,0.9205082021279225,-90.15371043281988,-0,0.001055883756216862,0.001055883756216862,0,-92.26653382900982,0.9711880770705648,0.07421223997684903,148.4244799536981
USD,2015,validation,retrospective,rolling63,band05,5,0,20,0.07936507936507936,observation,102.1037550897301,,0.9999905059877724,0.02948230385984985,0.9499905059877723,-92.26653382900982,-0,0.001505126966393556,0.001505126966393556,0,-95.27829288876332,1.71930507218093,0.07571736694324259,151.4347338864852
USD,2015,validation,retrospective,rolling63,band05,5,0,21,0.08333333333333333,settlement,102.1716181571407,,0,-0.9499905059877723,0,-95.27829288876332,-0,0.04853103361534578,0.04853103361534578,2.171618157140713,-0.4363748488278105,-0.4363748488278105,0.1242484005585884,248.4968011171767
USD,2015,validation,retrospective,rolling63,band10,5,0,0,0,entry,100,,0.5039680884974619,0.5039680884974619,0.5039680884974619,0.7936176994923727,0,0.02519840442487309,0.02519840442487309,0,-49.62838955467868,0.7684192950675026,0.02519840442487309,50.39680884974619
USD,2015,validation,retrospective,rolling63,band10,5,0,1,0.003968253968253968,observation,98.79354546825516,,0.2808500307018372,-0.1231180577956247,0.3808500307018372,-49.62838955467868,-0,0.006081634720397656,0.006081634720397656,0,-37.47120174860377,0.1543230761245624,0.03128003914527075,62.5600782905415
USD,2015,validation,retrospective,rolling63,band10,5,0,2,0.007936507936507936,observation,98.11491479414869,,0.1767347444191725,-0.1041152862826646,0.2767347444191726,-37.47120174860377,-0,0.005107631221196019,0.005107631221196019,0,-27.26104693743293,-0.1092410681652964,0.03638767036646677,72.77534073293353
USD,2015,validation,retrospective,rolling63,band10,5,0,3,0.0119047619047619,observation,98.31850399638064,,0.1969809334253398,0,0.2767347444191726,-27.26104693743293,-0,0,0,0,-27.26104693743293,-0.05290086231913449,0.03638767036646677,72.77534073293353
USD,2015,validation,retrospective,rolling63,band10,5,0,4,0.01587301587301587,observation,98.67290001508067,,0.2453839830342193,0,0.2767347444191726,-27.26104693743293,-0,0,0,0,-27.26104693743293,0.04517282933899125,0.03638767036646677,72.77534073293353
USD,2015,validation,retrospective,rolling63,band10,5,0,5,0.01984126984126984,observation,98.44668979037853,,0.2024260390167486,0,0.2767347444191726,-27.26104693743293,-0,0,0,0,-27.26104693743293,-0.01742739937895976,0.03638767036646677,72.77534073293353
USD,2015,validation,retrospective,rolling63,band10,5,0,6,0.02380952380952381,observation,98.87648921731261,,0.2675819810617713,0,0.2767347444191726,-27.26104693743293,-0,0,0,0,-27.26104693743293,0.1015130351851496,0.03638767036646677,72.77534073293353
USD,2015,validation,retrospective,rolling63,band10,5,0,7,0.02777777777777778,observation,100.0904840898809,,0.5233989413447671,0.1466641969255945,0.4233989413447671,-27.26104693743293,-0,0.007339845234468186,0.007339845234468186,0,-41.94807725160376,0.4301277507370429,0.04372751560093496,87.4550312018699
USD,2015,validation,retrospective,rolling63,band10,5,0,8,0.03174603174603174,observation,100.595686925049,,0.6351532880508685,0.1117543467061014,0.5351532880508685,-41.94807725160376,-0,0.00562100263688018,0.00562100263688018,0,-53.195703528001,0.6384090936747313,0.04934851823781514,98.69703647563026
USD,2015,validation,retrospective,rolling63,band10,5,0,9,0.03571428571428571,observation,100.4901221535213,,0.616720493468322,0,0.5351532880508685,-53.195703528001,-0,0,0,0,-53.195703528001,0.5819157590893553,0.04934851823781514,98.69703647563026
USD,2015,validation,retrospective,rolling63,band10,5,0,10,0.03968253968253968,observation,100.1131051123511,,0.5311472073730574,0,0.5351532880508685,-53.195703528001,-0,0,0,0,-53.195703528001,0.380153849855887,0.04934851823781514,98.69703647563026
USD,2015,validation,retrospective,rolling63,band10,5,0,11,0.04365079365079365,observation,100.7992761272809,,0.6994788170106651,0.0643255289597966,0.5994788170106651,-53.195703528001,-0,0.003241983377825972,0.003241983377825972,0,-59.68291226703077,0.7441185412829867,0.05259050161564111,105.1810032312822
USD,2015,validation,retrospective,rolling63,band10,5,0,12,0.04761904761904762,observation,100.4675011310511,,0.6271706693010686,0,0.5994788170106651,-59.68291226703077,-0,0,0,0,-59.68291226703077,0.5452264590294078,0.05259050161564111,105.1810032312822
USD,2015,validation,retrospective,rolling63,band10,5,0,13,0.05158730158730158,observation,100.4599607902277,,0.6338854730623973,0,0.5994788170106651,-59.68291226703077,-0,0,0,0,-59.68291226703077,0.540706184432743,0.05259050161564111,105.1810032312822
USD,2015,validation,retrospective,rolling63,band10,5,0,14,0.05555555555555555,observation,100.4147187452873,,0.629360208678676,0,0.5994788170106651,-59.68291226703077,-0,0,0,0,-59.68291226703077,0.5135845368527043,0.05259050161564111,105.1810032312822
USD,2015,validation,retrospective,rolling63,band10,5,0,15,0.05952380952380952,observation,100.5127431759915,,0.6703329473368513,0,0.5994788170106651,-59.68291226703077,-0,0,0,0,-59.68291226703077,0.5723481066094394,0.05259050161564111,105.1810032312822
USD,2015,validation,retrospective,rolling63,band10,5,0,16,0.06349206349206349,observation,100.6560096516363,,0.7320628546631472,0.03258403765248219,0.6320628546631473,-59.68291226703077,-0,0.001639889604218763,0.001639889604218763,0,-62.96433136507252,0.6565934343419997,0.05423039121985987,108.4607824397197
USD,2015,validation,retrospective,rolling63,band10,5,0,17,0.06746031746031746,observation,101.5608505504449,,0.9446080819254101,0.2125452272622629,0.8446080819254101,-62.96433136507252,-0,0.01079313703059651,0.01079313703059651,0,-84.56139856329614,1.217716618828348,0.06502352825045637,130.0470565009128
USD,2015,validation,retrospective,rolling63,band10,5,0,18,0.07142857142857142,observation,101.3723420298597,,0.9496593517222827,0.005051269796872537,0.8496593517222827,-84.56139856329614,-0,0.0002560295247668315,0.0002560295247668315,0,-85.07371364235456,1.058244769305574,0.06527955777522321,130.5591155504464
USD,2015,validation,retrospective,rolling63,band10,5,0,19,0.07539682539682539,observation,101.2893982808023,,0.9705082021279225,0.02084885040563988,0.8705082021279226,-85.07371364235456,-0,0.001055883756216862,0.001055883756216862,0,-87.1865370385445,0.9867149534957775,0.06633544153144007,132.6708830628801
USD,2015,validation,retrospective,rolling63,band10,5,0,20,0.07936507936507936,observation,102.1037550897301,,0.9999905059877724,0.02948230385984985,0.8999905059877724,-87.1865370385445,-0,0.001505126966393556,0.001505126966393556,0,-90.198296098298,1.694114108159752,0.06784056849783363,135.6811369956673
USD,2015,validation,retrospective,rolling63,band10,5,0,21,0.08333333333333333,settlement,102.1716181571407,,0,-0.8999905059877724,0,-90.198296098298,-0,0.04597674316141728,0.04597674316141728,2.171618157140713,-0.4624046757655833,-0.4624046757655833,0.1138173116592509,227.6346233185018
USD,2015,validation,retrospective,ewma97,daily,5,0,0,0,entry,100,0.07314657201197258,0.5042118738662942,0.5042118738662942,0.5042118738662942,0.7936176994923727,0,0.02521059369331471,0.02521059369331471,0,-49.65278028083036,0.7684071057990565,0.02521059369331471,50.42118738662942
USD,2015,validation,retrospective,ewma97,daily,5,0,1,0.003968253968253968,observation,98.79354546825516,0.07939593834986049,0.2975429800324552,-0.206668893833839,0.2975429800324552,-49.65278028083036,-0,0.01020877637992368,0.01020877637992368,0,-29.24543629736292,0.1498896292335843,0.03541937007323839,70.83874014647679
USD,2015,validation,retrospective,ewma97,daily,5,0,2,0.007936507936507936,observation,98.11491479414869,0.08045988392097923,0.1975664394713051,-0.09997654056115007,0.1975664394713051,-29.24543629736292,-0,0.004904594879285494,0.004904594879285494,0,-19.44115113367121,-0.05693675876077364,0.04032396495252389,80.64792990504779
USD,2015,validation,retrospective,ewma97,daily,5,0,3,0.0119047619047619,observation,98.31850399638064,0.0794484895024304,0.2153413814517552,0.01777494198045004,0.2153413814517552,-19.44115113367121,-0,0.0008738028520701559,0.0008738028520701559,0,-21.18963064066359,-0.0175881678130736,0.04119776780459405,82.3955356091881
USD,2015,validation,retrospective,ewma97,daily,5,0,4,0.01587301587301587,observation,98.67290001508067,0.078870617294965,0.2604595602099498,0.04511817875819463,0.2604595602099498,-21.18963064066359,-0,0.002225970770734938,0.002225970770734938,0,-25.6437981529042,0.05650198966405995,0.04342373857532898,86.84747715065798
USD,2015,validation,retrospective,ewma97,daily,5,0,5,0.01984126984126984,observation,98.44668979037853,0.07793446762506201,0.2155311961938071,-0.04492836401614275,0.2155311961938071,-25.6437981529042,-0,0.002211524357543205,0.002211524357543205,0,-21.22296096217534,-0.004628150334397674,0.04563526293287219,91.27052586574439
USD,2015,validation,retrospective,ewma97,daily,5,0,6,0.02380952380952381,observation,98.87648921731261,0.07768550049472492,0.2787173026974141,0.06318610650360706,0.2787173026974141,-21.22296096217534,-0,0.003123810189193935,0.003123810189193935,0,-27.4737051507524,0.08488322408692639,0.04875907312206612,97.51814624413225
USD,2015,validation,retrospective,ewma97,daily,5,0,7,0.02777777777777778,observation,100.0904840898809,0.083545159979943,0.5222395905293983,0.2435222878319842,0.5222395905293983,-27.4737051507524,-0,0.0121871318378893,0.0121871318378893,0,-51.86015595836889,0.4110574686197452,0.06094620495995542,121.8924099199108
USD,2015,validation,retrospective,ewma97,daily,5,0,8,0.03174603174603174,observation,100.595686925049,0.08343882399968315,0.6266023381541099,0.1043627476247116,0.6266023381541099,-51.86015595836889,-0,0.005249221143346697,0.005249221143346697,0,-62.36384746620563,0.6696451692489092,0.06619542610330212,132.3908522066043
USD,2015,validation,retrospective,ewma97,daily,5,0,9,0.03571428571428571,observation,100.4901221535213,0.08222840323173214,0.610816961536754,-0.01578537661735591,0.610816961536754,-62.36384746620563,-0,0.0007931372122587172,0.0007931372122587172,0,-60.77836617890045,0.6027048993706998,0.06698856331556084,133.9771266311217
USD,2015,validation,retrospective,ewma97,daily,5,0,10,0.03968253968253968,observation,100.1131051123511,0.08164238590489128,0.5298130401301916,-0.08100392140656243,0.5298130401301916,-60.77836617890045,-0,0.004054777049143906,0.004054777049143906,0,-52.67286685766178,0.3683617187863675,0.07104334036470475,142.0866807294095
USD,2015,validation,retrospective,ewma97,daily,5,0,11,0.04365079365079365,observation,100.7992761272809,0.08257263475225933,0.6887140415887514,0.1589010014585598,0.6887140415887514,-52.67286685766178,-0,0.008008552961461421,0.008008552961461421,0,-68.69798133354608,0.7238955172941246,0.07905189332616618,158.1037866523323
USD,2015,validation,retrospective,ewma97,daily,5,0,12,0.04761904761904762,observation,100.4675011310511,0.08182826624800345,0.6214691661866732,-0.06724487540207813,0.6214691661866732,-68.69798133354608,-0,0.003377962297757838,0.003377962297757838,0,-61.94543470032816,0.4920194564448295,0.08242985562392402,164.859711247848
USD,2015,validation,retrospective,ewma97,daily,5,0,13,0.05158730158730158,observation,100.4599607902277,0.08059176006412434,0.6280776699999586,0.006608503813285371,0.6280776699999586,-61.94543470032816,-0,0.0003319450169823594,0.0003319450169823594,0,-62.60965667930986,0.4870014221035674,0.08276180064090638,165.5236012818127
USD,2015,validation,retrospective,ewma97,daily,5,0,14,0.05555555555555555,observation,100.4147187452873,0.07938334084036204,0.6252968630170463,-0.002780806982912276,0.6252968630170463,-62.60965667930986,-0,0.0001396169755370336,0.0001396169755370336,0,-62.33056234521133,0.4584462869558052,0.08290141761644342,165.8028352328868
USD,2015,validation,retrospective,ewma97,daily,5,0,15,0.05952380952380952,observation,100.5127431759915,0.07822953852086448,0.6663004025080813,0.04100353949103497,0.6663004025080813,-62.33056234521133,-0,0.002060689117084512,0.002060689117084512,0,-66.45400126849745,0.5176799668571164,0.08496210673352793,169.9242134670558
USD,2015,validation,retrospective,ewma97,daily,5,0,16,0.06349206349206349,observation,100.6560096516363,0.07714662802833572,0.7281224426061979,0.06182204009811654,0.7281224426061979,-66.45400126849745,-0,0.003111379932399931,0.003111379932399931,0,-72.67987251322971,0.6100270973127095,0.08807348666592786,176.1469733318557
USD,2015,validation,retrospective,ewma97,daily,5,0,17,0.06746031746031746,observation,101.5608505504449,0.07986570393732298,0.9387375562505063,0.2106151136443084,0.9387375562505063,-72.67987251322971,-0,0.01069512504024729,0.01069512504024729,0,-94.08081771876454,1.258166937682972,0.09876861170617515,197.5372234123502
USD,2015,validation,retrospective,ewma97,daily,5,0,18,0.07142857142857142,observation,101.3723420298597,0.07882428924891133,0.943982919408346,0.005245363157839744,0.943982919408346,-94.08081771876454,-0,0.0002658673740536778,0.0002658673740536778,0,-94.61281833424594,1.080941042362426,0.09903447908022883,198.0689581604576
USD,2015,validation,retrospective,ewma97,daily,5,0,19,0.07539682539682539,observation,101.2893982808023,0.07766553819800782,0.9682097461383782,0.02422682673003218,0.9682097461383782,-94.61281833424594,-0,0.001226960350869108,0.001226960350869108,0,-97.06796599633503,1.001416599629621,0.1002614394310979,200.5228788621958
USD,2015,validation,retrospective,ewma97,daily,5,0,20,0.07936507936507936,observation,102.1037550897301,0.07959746300951365,0.9999837074591754,0.03177396132079724,0.9999837074591754,-97.06796599633503,-0,0.001622120382464619,0.001622120382464619,0,-100.3138288816467,1.788262678485168,0.1018835598135626,203.7671196271251
USD,2015,validation,retrospective,ewma97,daily,5,0,21,0.08333333333333333,settlement,102.1716181571407,,0,-0.9999837074591754,0,-100.3138288816467,-0,0.05108497676094038,0.05108497676094038,2.171618157140713,-0.3665784936676317,-0.3665784936676317,0.1529685365745029,305.9370731490058
USD,2015,validation,retrospective,ewma97,every5,5,0,0,0,entry,100,0.07314657201197258,0.5042118738662942,0.5042118738662942,0.5042118738662942,0.7936176994923727,0,0.02521059369331471,0.02521059369331471,0,-49.65278028083036,0.7684071057990565,0.02521059369331471,50.42118738662942
USD,2015,validation,retrospective,ewma97,every5,5,0,1,0.003968253968253968,observation,98.79354546825516,0.07939593834986049,0.2975429800324552,0,0.5042118738662942,-49.65278028083036,-0,0,0,0,-49.65278028083036,0.1600984056135033,0.02521059369331471,50.42118738662942
USD,2015,validation,retrospective,ewma97,every5,5,0,2,0.007936507936507936,observation,98.11491479414869,0.08045988392097923,0.1975664394713051,0,0.5042118738662942,-49.65278028083036,-0,0,0,0,-49.65278028083036,-0.1820752382408628,0.02521059369331471,50.42118738662942
USD,2015,validation,retrospective,ewma97,every5,5,0,3,0.0119047619047619,observation,98.31850399638064,0.0794484895024304,0.2153413814517552,0,0.5042118738662942,-49.65278028083036,-0,0,0,0,-49.65278028083036,-0.07942314508454729,0.02521059369331471,50.42118738662942
USD,2015,validation,retrospective,ewma97,every5,5,0,4,0.01587301587301587,observation,98.67290001508067,0.078870617294965,0.2604595602099498,0,0.5042118738662942,-49.65278028083036,-0,0,0,0,-49.65278028083036,0.09926753559494728,0.02521059369331471,50.42118738662942
USD,2015,validation,retrospective,ewma97,every5,5,0,5,0.01984126984126984,observation,98.44668979037853,0.07793446762506201,0.2155311961938071,-0.2886806776724871,0.2155311961938071,-49.65278028083036,-0,0.0142098285616498,0.0142098285616498,0,-21.24733298609242,-0.02900017425148249,0.0394204222549645,78.84084450992901
USD,2015,validation,retrospective,ewma97,every5,5,0,6,0.02380952380952381,observation,98.87648921731261,0.07768550049472492,0.2787173026974141,0,0.2155311961938071,-21.24733298609242,-0,0,0,0,-21.24733298609242,0.06363501035903241,0.0394204222549645,78.84084450992901
USD,2015,validation,retrospective,ewma97,every5,5,0,7,0.02777777777777778,observation,100.0904840898809,0.083545159979943,0.5222395905293983,0,0.2155311961938071,-21.24733298609242,-0,0,0,0,-21.24733298609242,0.3252887774168158,0.0394204222549645,78.84084450992901
USD,2015,validation,retrospective,ewma97,every5,5,0,8,0.03174603174603174,observation,100.595686925049,0.08343882399968315,0.6266023381541099,0,0.2155311961938071,-21.24733298609242,-0,0,0,0,-21.24733298609242,0.4341757488011098,0.0394204222549645,78.84084450992901
USD,2015,validation,retrospective,ewma97,every5,5,0,9,0.03571428571428571,observation,100.4901221535213,0.08222840323173214,0.610816961536754,0,0.2155311961938071,-21.24733298609242,-0,0,0,0,-21.24733298609242,0.4114232473178205,0.0394204222549645,78.84084450992901
USD,2015,validation,retrospective,ewma97,every5,5,0,10,0.03968253968253968,observation,100.1131051123511,0.08164238590489128,0.5298130401301916,0.3142818439363845,0.5298130401301916,-21.24733298609242,-0,0.01573186563845339,0.01573186563845339,0,-52.72679612863766,0.3144324478104892,0.0551522878934179,110.3045757868358
USD,2015,validation,retrospective,ewma97,every5,5,0,11,0.04365079365079365,observation,100.7992761272809,0.08257263475225933,0.6887140415887514,0,0.5298130401301916,-52.72679612863766,-0,0,0,0,-52.72679612863766,0.6779747992797027,0.0551522878934179,110.3045757868358
USD,2015,validation,retrospective,ewma97,every5,5,0,12,0.04761904761904762,observation,100.4675011310511,0.08182826624800345,0.6214691661866732,0,0.5298130401301916,-52.72679612863766,-0,0,0,0,-52.72679612863766,0.5021960798880016,0.0551522878934179,110.3045757868358
USD,2015,validation,retrospective,ewma97,every5,5,0,13,0.05158730158730158,observation,100.4599607902277,0.08059176006412434,0.6280776699999586,0,0.5298130401301916,-52.72679612863766,-0,0,0,0,-52.72679612863766,0.4982011089927383,0.0551522878934179,110.3045757868358
USD,2015,validation,retrospective,ewma97,every5,5,0,14,0.05555555555555555,observation,100.4147187452873,0.07938334084036204,0.6252968630170463,0,0.5298130401301916,-52.72679612863766,-0,0,0,0,-52.72679612863766,0.4742312836211369,0.0551522878934179,110.3045757868358
USD,2015,validation,retrospective,ewma97,every5,5,0,15,0.05952380952380952,observation,100.5127431759915,0.07822953852086448,0.6663004025080813,0.1364873623778897,0.6663004025080813,-52.72679612863766,-0,0.00685935960072866,0.00685935960072866,0,-66.4523746896957,0.5193065456588641,0.06201164749414656,124.0232949882931
USD,2015,validation,retrospective,ewma97,every5,5,0,16,0.06349206349206349,observation,100.6560096516363,0.07714662802833572,0.7281224426061979,0,0.6663004025080813,-66.4523746896957,-0,0,0,0,-66.4523746896957,0.6147650560468492,0.06201164749414656,124.0232949882931
USD,2015,validation,retrospective,ewma97,every5,5,0,17,0.06746031746031746,observation,101.5608505504449,0.07986570393732298,0.9387375562505063,0,0.6663004025080813,-66.4523746896957,-0,0,0,0,-66.4523746896957,1.217660911128817,0.06201164749414656,124.0232949882931
USD,2015,validation,retrospective,ewma97,every5,5,0,18,0.07142857142857142,observation,101.3723420298597,0.07882428924891133,0.943982919408346,0,0.6663004025080813,-66.4523746896957,-0,0,0,0,-66.4523746896957,1.092057607986732,0.06201164749414656,124.0232949882931
USD,2015,validation,retrospective,ewma97,every5,5,0,19,0.07539682539682539,observation,101.2893982808023,0.07766553819800782,0.9682097461383782,0,0.6663004025080813,-66.4523746896957,-0,0,0,0,-66.4523746896957,1.036792154604214,0.06201164749414656,124.0232949882931
USD,2015,validation,retrospective,ewma97,every5,5,0,20,0.07936507936507936,observation,102.1037550897301,0.07959746300951365,0.9999837074591754,0.3336833049510941,0.9999837074591754,-66.4523746896957,-0,0.01703515922312911,0.01703515922312911,0,-100.539728295177,1.562363264954868,0.07904680671727567,158.0936134345513
USD,2015,validation,retrospective,ewma97,every5,5,0,21,0.08333333333333333,settlement,102.1716181571407,,0,-0.9999837074591754,0,-100.539728295177,-0,0.05108497676094038,0.05108497676094038,2.171618157140713,-0.5924779071979316,-0.5924779071979316,0.1301317834782161,260.2635669564321
USD,2015,validation,retrospective,ewma97,band05,5,0,0,0,entry,100,,0.5042118738662942,0.5042118738662942,0.5042118738662942,0.7936176994923727,0,0.02521059369331471,0.02521059369331471,0,-49.65278028083036,0.7684071057990565,0.02521059369331471,50.42118738662942
USD,2015,validation,retrospective,ewma97,band05,5,0,1,0.003968253968253968,observation,98.79354546825516,,0.2975429800324552,-0.156668893833839,0.3475429800324552,-49.65278028083036,-0,0.007738937743217305,0.007738937743217305,0,-34.18264373213897,0.1523594678702906,0.03294953143653201,65.89906287306403
USD,2015,validation,retrospective,ewma97,band05,5,0,2,0.007936507936507936,observation,98.11491479414869,,0.1975664394713051,-0.09997654056115007,0.2475664394713051,-34.18264373213897,-0,0.004904594879285494,0.004904594879285494,0,-24.37835856844727,-0.08839845382939515,0.03785412631581751,75.70825263163502
USD,2015,validation,retrospective,ewma97,band05,5,0,3,0.0119047619047619,observation,98.31850399638064,,0.2153413814517552,0,0.2475664394713051,-24.37835856844727,-0,0,0,0,-24.37835856844727,-0.03799659991802784,0.03785412631581751,75.70825263163502
USD,2015,validation,retrospective,ewma97,band05,5,0,4,0.01587301587301587,observation,98.67290001508067,,0.2604595602099498,0,0.2475664394713051,-24.37835856844727,-0,0,0,0,-24.37835856844727,0.04973996059434427,0.03785412631581751,75.70825263163502
USD,2015,validation,retrospective,ewma97,band05,5,0,5,0.01984126984126984,observation,98.44668979037853,,0.2155311961938071,0,0.2475664394713051,-24.37835856844727,-0,0,0,0,-24.37835856844727,-0.006262099307168256,0.03785412631581751,75.70825263163502
USD,2015,validation,retrospective,ewma97,band05,5,0,6,0.02380952380952381,observation,98.87648921731261,,0.2787173026974141,0,0.2475664394713051,-24.37835856844727,-0,0,0,0,-24.37835856844727,0.100141814505708,0.03785412631581751,75.70825263163502
USD,2015,validation,retrospective,ewma97,band05,5,0,7,0.02777777777777778,observation,100.0904840898809,,0.5222395905293983,0.2246731510580932,0.4722395905293983,-24.37835856844727,-0,0.01124382222570174,0.01124382222570174,0,-46.87724684207645,0.3894423804181457,0.04909794854151924,98.19589708303849
USD,2015,validation,retrospective,ewma97,band05,5,0,8,0.03174603174603174,observation,100.595686925049,,0.6266023381541099,0.1043627476247116,0.5766023381541099,-46.87724684207645,-0,0.005249221143346695,0.005249221143346695,0,-57.38093834991318,0.6227699392889008,0.05434716968486594,108.6943393697319
USD,2015,validation,retrospective,ewma97,band05,5,0,9,0.03571428571428571,observation,100.4901221535213,,0.610816961536754,0,0.5766023381541099,-57.38093834991318,-0,0,0,0,-57.38093834991318,0.5619010451993347,0.05434716968486594,108.6943393697319
USD,2015,validation,retrospective,ewma97,band05,5,0,10,0.03968253968253968,observation,100.1131051123511,,0.5298130401301916,0,0.5766023381541099,-57.38093834991318,-0,0,0,0,-57.38093834991318,0.344512137736622,0.05434716968486594,108.6943393697319
USD,2015,validation,retrospective,ewma97,band05,5,0,11,0.04365079365079365,observation,100.7992761272809,,0.6887140415887514,0.06211170343464145,0.6387140415887513,-57.38093834991318,-0,0.003130407372622104,0.003130407372622104,0,-63.64488350253001,0.7370295419461428,0.05747757705748804,114.9551541149761
USD,2015,validation,retrospective,ewma97,band05,5,0,12,0.04761904761904762,observation,100.4675011310511,,0.6214691661866732,0,0.6387140415887513,-63.64488350253001,-0,0,0,0,-63.64488350253001,0.5251201932061065,0.05747757705748804,114.9551541149761
USD,2015,validation,retrospective,ewma97,band05,5,0,13,0.05158730158730158,observation,100.4599607902277,,0.6280776699999586,0,0.6387140415887513,-63.64488350253001,-0,0,0,0,-63.64488350253001,0.5203040716438352,0.05747757705748804,114.9551541149761
USD,2015,validation,retrospective,ewma97,band05,5,0,14,0.05555555555555555,observation,100.4147187452873,,0.6252968630170463,0,0.6387140415887513,-63.64488350253001,-0,0,0,0,-63.64488350253001,0.4914073422701932,0.05747757705748804,114.9551541149761
USD,2015,validation,retrospective,ewma97,band05,5,0,15,0.05952380952380952,observation,100.5127431759915,,0.6663004025080813,0,0.6387140415887513,-63.64488350253001,-0,0,0,0,-63.64488350253001,0.5540169225797342,0.05747757705748804,114.9551541149761
USD,2015,validation,retrospective,ewma97,band05,5,0,16,0.06349206349206349,observation,100.6560096516363,,0.7281224426061979,0.03940840101744647,0.6781224426061978,-63.64488350253001,-0,0.001983346196583822,0.001983346196583822,0,-67.61355924189424,0.6435398860663639,0.05946092325407186,118.9218465081437
USD,2015,validation,retrospective,ewma97,band05,5,0,17,0.06746031746031746,observation,101.5608505504449,,0.9387375562505063,0.2106151136443084,0.8887375562505062,-67.61355924189424,-0,0.01069512504024728,0.01069512504024728,0,-89.01450444742906,1.246437681496204,0.07015604829431915,140.3120965886383
USD,2015,validation,retrospective,ewma97,band05,5,0,18,0.07142857142857142,observation,101.3723420298597,,0.943982919408346,0.005245363157839744,0.893982919408346,-89.01450444742906,-0,0.0002658673740536778,0.0002658673740536778,0,-89.54650506291047,1.07863721220491,0.07042191566837283,140.8438313367457
USD,2015,validation,retrospective,ewma97,band05,5,0,19,0.07539682539682539,observation,101.2893982808023,,0.9682097461383782,0.02422682673003218,0.9182097461383781,-89.54650506291047,-0,0.001226960350869108,0.001226960350869108,0,-92.00165272499956,1.003259956924978,0.07164887601924194,143.2977520384839
USD,2015,validation,retrospective,ewma97,band05,5,0,20,0.07936507936507936,observation,102.1037550897301,,0.9999837074591754,0.03177396132079724,0.9499837074591754,-92.00165272499956,-0,0.001622120382464618,0.001622120382464618,0,-95.24751561031127,1.749388195334134,0.07327099640170656,146.5419928034131
USD,2015,validation,retrospective,ewma97,band05,5,0,21,0.08333333333333333,settlement,102.1716181571407,,0,-0.9499837074591754,0,-95.24751561031127,-0,0.04853068630701187,0.04853068630701187,2.171618157140713,-0.4062918397352604,-0.4062918397352604,0.1218016827087184,243.6033654174369
USD,2015,validation,retrospective,ewma97,band10,5,0,0,0,entry,100,,0.5042118738662942,0.5042118738662942,0.5042118738662942,0.7936176994923727,0,0.02521059369331471,0.02521059369331471,0,-49.65278028083036,0.7684071057990565,0.02521059369331471,50.42118738662942
USD,2015,validation,retrospective,ewma97,band10,5,0,1,0.003968253968253968,observation,98.79354546825516,,0.2975429800324552,-0.1066688938338389,0.3975429800324553,-49.65278028083036,-0,0.005269099106510924,0.005269099106510924,0,-39.11985116691503,0.154829306506997,0.03047969279982563,60.95938559965127
USD,2015,validation,retrospective,ewma97,band10,5,0,2,0.007936507936507936,observation,98.11491479414869,,0.1975664394713051,-0.09997654056115013,0.2975664394713051,-39.11985116691503,-0,0.004904594879285497,0.004904594879285497,0,-29.31556600322332,-0.1198601488980131,0.03538428767911113,70.76857535822226
USD,2015,validation,retrospective,ewma97,band10,5,0,3,0.0119047619047619,observation,98.31850399638064,,0.2153413814517552,0,0.2975664394713051,-29.31556600322332,-0,0,0,0,-29.31556600322332,-0.05927883487504459,0.03538428767911113,70.76857535822226
USD,2015,validation,retrospective,ewma97,band10,5,0,4,0.01587301587301587,observation,98.67290001508067,,0.2604595602099498,0,0.2975664394713051,-29.31556600322332,-0,0,0,0,-29.31556600322332,0.04617752657232899,0.03538428767911113,70.76857535822226
USD,2015,validation,retrospective,ewma97,band10,5,0,5,0.01984126984126984,observation,98.44668979037853,,0.2155311961938071,0,0.2975664394713051,-29.31556600322332,-0,0,0,0,-29.31556600322332,-0.02113504456429283,0.03538428767911113,70.76857535822226
USD,2015,validation,retrospective,ewma97,band10,5,0,6,0.02380952380952381,observation,98.87648921731261,,0.2787173026974141,0,0.2975664394713051,-29.31556600322332,-0,0,0,0,-29.31556600322332,0.1067588405952904,0.03538428767911113,70.76857535822226
USD,2015,validation,retrospective,ewma97,band10,5,0,7,0.02777777777777778,observation,100.0904840898809,,0.5222395905293983,0.1246731510580932,0.4222395905293983,-29.31556600322332,-0,0.006239298021207694,0.006239298021207694,0,-41.80040134365991,0.4617636743406379,0.04162358570031882,83.24717140063765
USD,2015,validation,retrospective,ewma97,band10,5,0,8,0.03174603174603174,observation,100.595686925049,,0.6266023381541099,0.1043627476247116,0.52660233815411,-41.80040134365991,-0,0.005249221143346697,0.005249221143346697,0,-52.30409285149666,0.669831091452977,0.04687280684366552,93.74561368733104
USD,2015,validation,retrospective,ewma97,band10,5,0,9,0.03571428571428571,observation,100.4901221535213,,0.610816961536754,0,0.52660233815411,-52.30409285149666,-0,0,0,0,-52.30409285149666,0.6142404359397986,0.04687280684366552,93.74561368733104
USD,2015,validation,retrospective,ewma97,band10,5,0,10,0.03968253968253968,observation,100.1131051123511,,0.5298130401301916,0,0.52660233815411,-52.30409285149666,-0,0,0,0,-52.30409285149666,0.415702380535599,0.04687280684366552,93.74561368733104
USD,2015,validation,retrospective,ewma97,band10,5,0,11,0.04365079365079365,observation,100.7992761272809,,0.6887140415887514,0.06211170343464145,0.5887140415887514,-52.30409285149666,-0,0.003130407372622104,0.003130407372622104,0,-58.56803800411349,0.7739112339986249,0.05000321421628762,100.0064284325752
USD,2015,validation,retrospective,ewma97,band10,5,0,12,0.04761904761904762,observation,100.4675011310511,,0.6214691661866732,0,0.5887140415887514,-58.56803800411349,-0,0,0,0,-58.56803800411349,0.5785906350700714,0.05000321421628762,100.0064284325752
USD,2015,validation,retrospective,ewma97,band10,5,0,13,0.05158730158730158,observation,100.4599607902277,,0.6280776699999586,0,0.5887140415887514,-58.56803800411349,-0,0,0,0,-58.56803800411349,0.5741515305489742,0.05000321421628762,100.0064284325752
USD,2015,validation,retrospective,ewma97,band10,5,0,14,0.05555555555555555,observation,100.4147187452873,,0.6252968630170463,0,0.5887140415887514,-58.56803800411349,-0,0,0,0,-58.56803800411349,0.5475169034223484,0.05000321421628762,100.0064284325752
USD,2015,validation,retrospective,ewma97,band10,5,0,15,0.05952380952380952,observation,100.5127431759915,,0.6663004025080813,0,0.5887140415887514,-58.56803800411349,-0,0,0,0,-58.56803800411349,0.6052252621966829,0.05000321421628762,100.0064284325752
USD,2015,validation,retrospective,ewma97,band10,5,0,16,0.06349206349206349,observation,100.6560096516363,,0.7281224426061979,0.03940840101744647,0.6281224426061979,-58.56803800411349,-0,0.001983346196583822,0.001983346196583822,0,-62.53671374347772,0.6875849019010758,0.05198656041287144,103.9731208257429
USD,2015,validation,retrospective,ewma97,band10,5,0,17,0.06746031746031746,observation,101.5608505504449,,0.9387375562505063,0.2106151136443084,0.8387375562505063,-62.53671374347772,-0,0.01069512504024728,0.01069512504024728,0,-83.93765894901253,1.245240652390493,0.06268168545311872,125.3633709062375
USD,2015,validation,retrospective,ewma97,band10,5,0,18,0.07142857142857142,observation,101.3723420298597,,0.943982919408346,0.005245363157839744,0.843982919408346,-83.93765894901253,-0,0.0002658673740536778,0.0002658673740536778,0,-84.46965956449394,1.086865609128466,0.0629475528271724,125.8951056543448
USD,2015,validation,retrospective,ewma97,band10,5,0,19,0.07539682539682539,observation,101.2893982808023,,0.9682097461383782,0.02422682673003218,0.8682097461383782,-84.46965956449394,-0,0.001226960350869108,0.001226960350869108,0,-86.92480722658303,1.015635541301393,0.06417451317804151,128.349026356083
USD,2015,validation,retrospective,ewma97,band10,5,0,20,0.07936507936507936,observation,102.1037550897301,,0.9999837074591754,0.03177396132079724,0.8999837074591754,-86.92480722658303,-0,0.001622120382464618,0.001622120382464618,0,-90.17067011189474,1.721045939264172,0.06579663356050613,131.5932671210123
USD,2015,validation,retrospective,ewma97,band10,5,0,21,0.08333333333333333,settlement,102.1716181571407,,0,-0.8999837074591754,0,-90.17067011189474,-0,0.04597639585308335,0.04597639585308335,2.171618157140713,-0.4354729587218316,-0.4354729587218316,0.1117730294135895,223.546058827179
USD,2015,validation,retrospective,ridge_flat,daily,5,0,0,0,entry,100,0.07859080160678179,0.5045253466410702,0.5045253466410702,0.5045253466410702,0.7936176994923727,0,0.02522626733205351,0.02522626733205351,0,-49.6841432319467,0.7683914321603211,0.02522626733205351,50.45253466410702
USD,2015,validation,retrospective,ridge_flat,daily,5,0,1,0.003968253968253968,observation,98.79354546825516,0.07866026075711387,0.2957514922178837,-0.2087738544231865,0.2957514922178837,-49.6841432319467,-0,0.01031275463976998,0.01031275463976998,0,-29.06894670704651,0.1493917866852925,0.03553902197182349,71.07804394364697
USD,2015,validation,retrospective,ridge_flat,daily,5,0,2,0.007936507936507936,observation,98.11491479414869,0.08102308543672609,0.199256256743185,-0.09649523547469868,0.199256256743185,-29.06894670704651,-0,0.004733810903320688,0.004733810903320688,0,-19.60605871130846,-0.05604805874984464,0.04027283287514417,80.54566575028835
USD,2015,validation,retrospective,ridge_flat,daily,5,0,3,0.0119047619047619,observation,98.31850399638064,0.08132396516176521,0.2208412558854032,0.02158499914221818,0.2208412558854032,-19.60605871130846,-0,0.001061102412213025,0.001061102412213025,0,-21.72932463814672,-0.01654273881198876,0.0413339352873572,82.6678705747144
USD,2015,validation,retrospective,ridge_flat,daily,5,0,4,0.01587301587301587,observation,98.67290001508067,0.07985928038693779,0.2631295239408721,0.04228826805546892,0.2631295239408721,-21.72932463814672,-0,0.002086353022824108,0.002086353022824108,0,-25.90411703681776,0.05963617001568977,0.04342028831018131,86.84057662036261
USD,2015,validation,retrospective,ridge_flat,daily,5,0,5,0.01984126984126984,observation,98.44668979037853,0.08276562977906979,0.2295793656965706,-0.03355015824430152,0.2295793656965706,-25.90411703681776,-0,0.001651451010547431,0.001651451010547431,0,-22.60286646673345,-0.001537869731290442,0.04507173932072873,90.14347864145748
USD,2015,validation,retrospective,ridge_flat,daily,5,0,6,0.02380952380952381,observation,98.87648921731261,0.08136394611668285,0.2879933465130073,0.05841398081643673,0.2879933465130073,-22.60286646673345,-0,0.002887884672168356,0.002887884672168356,0,-28.38152369574233,0.09424732540881209,0.04795962399289709,95.91924798579419
USD,2015,validation,retrospective,ridge_flat,daily,5,0,7,0.02777777777777778,observation,100.0904840898809,0.07761579311713358,0.5233587627954303,0.2353654162824229,0.5233587627954303,-28.38152369574233,-0,0.01177891922686202,0.01177891922686202,0,-51.95114106869323,0.4320908521825118,0.0597385432197591,119.4770864395182
USD,2015,validation,retrospective,ridge_flat,daily,5,0,8,0.03174603174603174,observation,100.595686925049,0.07682497887117187,0.6364916127414073,0.1131328499459771,0.6364916127414073,-51.95114106869323,-0,0.005690338377052027,0.005690338377052027,0,-63.33750816117434,0.6908028445798067,0.06542888159681114,130.8577631936223
USD,2015,validation,retrospective,ridge_flat,daily,5,0,9,0.03571428571428571,observation,100.4901221535213,0.07914697928162479,0.6147500520461642,-0.02174156069524313,0.6147500520461642,-63.33750816117434,-0,0.00109240604503659,0.00109240604503659,0,-61.1537884771462,0.6225193468564285,0.06652128764184773,133.0425752836955
USD,2015,validation,retrospective,ridge_flat,daily,5,0,10,0.03968253968253968,observation,100.1131051123511,0.07876525338738199,0.5306564450968296,-0.08409360694933454,0.5306564450968296,-61.1537884771462,-0,0.004209436055897733,0.004209436055897733,0,-52.73912580140663,0.3865386651188345,0.07073072369774545,141.4614473954909
USD,2015,validation,retrospective,ridge_flat,daily,5,0,11,0.04365079365079365,observation,100.7992761272809,0.07835177008105691,0.6977222719437717,0.167065826846942,0.6977222719437717,-52.73912580140663,-0,0.008420057205888709,0.008420057205888709,0,-69.58766027038993,0.7422396794241166,0.07915078090363416,158.3015618072684
USD,2015,validation,retrospective,ridge_flat,daily,5,0,12,0.04761904761904762,observation,100.4675011310511,0.08860640964926882,0.612909310742374,-0.0848129612013977,0.612909310742374,-69.58766027038993,-0,0.004260473137714609,0.004260473137714609,0,-61.07097446809843,0.506492402142797,0.08341125404134876,166.8225080826976
USD,2015,validation,retrospective,ridge_flat,daily,5,0,13,0.05158730158730158,observation,100.4599607902277,0.0952867965148755,0.6097966569722633,-0.003112653770110718,0.6097966569722633,-61.07097446809843,-0,0.0001563485378494387,0.0001563485378494387,0,-60.7584337409374,0.5017145085081154,0.08356760257919819,167.1352051583965
USD,2015,validation,retrospective,ridge_flat,daily,5,0,14,0.05555555555555555,observation,100.4147187452873,0.09139802527939427,0.6099940999319018,0.0001974429596385274,0.6099940999319018,-60.7584337409374,-0,9.913089630169922e-06,9.913089630169922e-06,0,-60.77826983328737,0.4741161476592168,0.08357751566882836,167.1550313376568
USD,2015,validation,retrospective,ridge_flat,daily,5,0,15,0.05952380952380952,observation,100.5127431759915,0.08997787422595774,0.646283712725501,0.03628961279359921,0.646283712725501,-60.77826983328737,-0,0.001823784265339607,0.001823784265339607,0,-64.42766214823192,0.5320866877726615,0.08540129993416797,170.802599868336
USD,2015,validation,retrospective,ridge_flat,daily,5,0,16,0.06349206349206349,observation,100.6560096516363,0.1033806735944713,0.6759131812222114,0.02962946849671044,0.6759131812222114,-64.42766214823192,-0,0.001491192033488869,0.001491192033488869,0,-67.41153740724315,0.623186285527936,0.08689249196765683,173.7849839353138
USD,2015,validation,retrospective,ridge_flat,daily,5,0,17,0.06746031746031746,observation,101.5608505504449,0.08646883933219747,0.9232295880909848,0.2473164068687733,0.9232295880909848,-67.41153740724315,-0,0.01255883231833625,0.01255883231833625,0,-92.54176087623399,1.222221343623303,0.09945132428599308,198.9026485719863
USD,2015,validation,retrospective,ridge_flat,daily,5,0,18,0.07142857142857142,observation,101.3723420298597,0.08743602721561398,0.9241417174723011,0.0009121293813163511,0.9241417174723011,-92.54176087623399,-0,4.623234580914275e-05,4.623234580914275e-05,0,-92.63427180019809,1.048138467466018,0.09949755663180222,198.9951132636046
USD,2015,validation,retrospective,ridge_flat,daily,5,0,19,0.07539682539682539,observation,101.2893982808023,0.08674365720810244,0.9517166172906514,0.02757489981835026,0.9517166172906514,-92.63427180019809,-0,0.001396522505127051,0.001396522505127051,0,-95.42871333295732,0.9700901662533425,0.1008940791369293,201.7881582738587
USD,2015,validation,retrospective,ridge_flat,daily,5,0,20,0.07936507936507936,observation,102.1037550897301,0.08185103690264797,0.9999733150780773,0.04825669778742592,0.9999733150780773,-95.42871333295732,-0,0.002463595026163227,0.002463595026163227,0,-100.3583669803099,1.742663478687533,0.1033576741630925,206.7153483261852
USD,2015,validation,retrospective,ridge_flat,daily,5,0,21,0.08333333333333333,settlement,102.1716181571407,,0,-0.9999733150780773,0,-100.3583669803099,-0,0.05108444585774374,0.05108444585774374,2.171618157140713,-0.4121778678209154,-0.4121778678209154,0.1544421200208362,308.8842400416726
USD,2015,validation,retrospective,ridge_flat,every5,5,0,0,0,entry,100,0.07859080160678179,0.5045253466410702,0.5045253466410702,0.5045253466410702,0.7936176994923727,0,0.02522626733205351,0.02522626733205351,0,-49.6841432319467,0.7683914321603211,0.02522626733205351,50.45253466410702
USD,2015,validation,retrospective,ridge_flat,every5,5,0,1,0.003968253968253968,observation,98.79354546825516,0.07866026075711387,0.2957514922178837,0,0.5045253466410702,-49.6841432319467,-0,0,0,0,-49.6841432319467,0.1597045413250626,0.02522626733205351,50.45253466410702
USD,2015,validation,retrospective,ridge_flat,every5,5,0,2,0.007936507936507936,observation,98.11491479414869,0.08102308543672609,0.199256256743185,0,0.5045253466410702,-49.6841432319467,-0,0,0,0,-49.6841432319467,-0.1826818347697667,0.02522626733205351,50.45253466410702
USD,2015,validation,retrospective,ridge_flat,every5,5,0,3,0.0119047619047619,observation,98.31850399638064,0.08132396516176521,0.2208412558854032,0,0.5045253466410702,-49.6841432319467,-0,0,0,0,-49.6841432319467,-0.07996592194130869,0.02522626733205351,50.45253466410702
USD,2015,validation,retrospective,ridge_flat,every5,5,0,4,0.01587301587301587,observation,98.67290001508067,0.07985928038693779,0.2631295239408721,0,0.5045253466410702,-49.6841432319467,-0,0,0,0,-49.6841432319467,0.09883585224153535,0.02522626733205351,50.45253466410702
USD,2015,validation,retrospective,ridge_flat,every5,5,0,5,0.01984126984126984,observation,98.44668979037853,0.08276562977906979,0.2295793656965706,-0.2749459809444996,0.2295793656965706,-49.6841432319467,-0,0.01353376084757724,0.01353376084757724,0,-22.6301552976398,-0.02882670063764081,0.03876002817963075,77.5200563592615
USD,2015,validation,retrospective,ridge_flat,every5,5,0,6,0.02380952380952381,observation,98.87648921731261,0.08136394611668285,0.2879933465130073,0,0.2295793656965706,-22.6301552976398,-0,0,0,0,-22.6301552976398,0.06984637917463488,0.03876002817963075,77.5200563592615
USD,2015,validation,retrospective,ridge_flat,every5,5,0,7,0.02777777777777778,observation,100.0904840898809,0.07761579311713358,0.5233587627954303,0,0.2295793656965706,-22.6301552976398,-0,0,0,0,-22.6301552976398,0.3485545519777418,0.03876002817963075,77.5200563592615
USD,2015,validation,retrospective,ridge_flat,every5,5,0,8,0.03174603174603174,observation,100.595686925049,0.07682497887117187,0.6364916127414073,0,0.2295793656965706,-22.6301552976398,-0,0,0,0,-22.6301552976398,0.4645386984237554,0.03876002817963075,77.5200563592615
USD,2015,validation,retrospective,ridge_flat,every5,5,0,9,0.03571428571428571,observation,100.4901221535213,0.07914697928162479,0.6147500520461642,0,0.2295793656965706,-22.6301552976398,-0,0,0,0,-22.6301552976398,0.4403032051365265,0.03876002817963075,77.5200563592615
USD,2015,validation,retrospective,ridge_flat,every5,5,0,10,0.03968253968253968,observation,100.1131051123511,0.07876525338738199,0.5306564450968296,0.301077079400259,0.5306564450968296,-22.6301552976398,-0,0.0150708806484589,0.0150708806484589,0,-52.78698747520606,0.338676991319403,0.05383090882808965,107.6618176561793
USD,2015,validation,retrospective,ridge_flat,every5,5,0,11,0.04365079365079365,observation,100.7992761272809,0.07835177008105691,0.6977222719437717,0,0.5306564450968296,-52.78698747520606,-0,0,0,0,-52.78698747520606,0.7027980628305741,0.05383090882808965,107.6618176561793
USD,2015,validation,retrospective,ridge_flat,every5,5,0,12,0.04761904761904762,observation,100.4675011310511,0.08860640964926882,0.612909310742374,0,0.5306564450968296,-52.78698747520606,-0,0,0,0,-52.78698747520606,0.526739522759236,0.05383090882808965,107.6618176561793
USD,2015,validation,retrospective,ridge_flat,every5,5,0,13,0.05158730158730158,observation,100.4599607902277,0.0952867965148755,0.6097966569722633,0,0.5306564450968296,-52.78698747520606,-0,0,0,0,-52.78698747520606,0.5227381923030734,0.05383090882808965,107.6618176561793
USD,2015,validation,retrospective,ridge_flat,every5,5,0,14,0.05555555555555555,observation,100.4147187452873,0.09139802527939427,0.6099940999319018,0,0.5306564450968296,-52.78698747520606,-0,0,0,0,-52.78698747520606,0.4987302095660695,0.05383090882808965,107.6618176561793
USD,2015,validation,retrospective,ridge_flat,every5,5,0,15,0.05952380952380952,observation,100.5127431759915,0.08997787422595774,0.646283712725501,0.1156272676286714,0.646283712725501,-52.78698747520606,-0,0.005811006927651143,0.005811006927651143,0,-64.414812337436,0.5449364985685747,0.05964191575574079,119.2838315114816
USD,2015,validation,retrospective,ridge_flat,every5,5,0,16,0.06349206349206349,observation,100.6560096516363,0.1033806735944713,0.6759131812222114,0,0.646283712725501,-64.414812337436,-0,0,0,0,-64.414812337436,0.6375272883573331,0.05964191575574079,119.2838315114816
USD,2015,validation,retrospective,ridge_flat,every5,5,0,17,0.06746031746031746,observation,101.5608505504449,0.08646883933219747,0.9232295880909848,0,0.646283712725501,-64.414812337436,-0,0,0,0,-64.414812337436,1.222311223865262,0.05964191575574079,119.2838315114816
USD,2015,validation,retrospective,ridge_flat,every5,5,0,18,0.07142857142857142,observation,101.3723420298597,0.08743602721561398,0.9241417174723011,0,0.646283712725501,-64.414812337436,-0,0,0,0,-64.414812337436,1.100481237301096,0.05964191575574079,119.2838315114816
USD,2015,validation,retrospective,ridge_flat,every5,5,0,19,0.07539682539682539,observation,101.2893982808023,0.08674365720810244,0.9517166172906514,0,0.646283712725501,-64.414812337436,-0,0,0,0,-64.414812337436,1.046876043212862,0.05964191575574079,119.2838315114816
USD,2015,validation,retrospective,ridge_flat,every5,5,0,20,0.07936507936507936,observation,102.1037550897301,0.08185103690264797,0.9999733150780773,0.3536896023525763,0.9999733150780773,-64.414812337436,-0,0.01805651826819573,0.01805651826819573,0,-100.5459053920957,1.555125066901809,0.07769843402393653,155.3968680478731
USD,2015,validation,retrospective,ridge_flat,every5,5,0,21,0.08333333333333333,settlement,102.1716181571407,,0,-0.9999733150780773,0,-100.5459053920957,-0,0.05108444585774374,0.05108444585774374,2.171618157140713,-0.5997162796066391,-0.5997162796066391,0.1287828798816803,257.5657597633605
USD,2015,validation,retrospective,ridge_flat,band05,5,0,0,0,entry,100,,0.5045253466410702,0.5045253466410702,0.5045253466410702,0.7936176994923727,0,0.02522626733205351,0.02522626733205351,0,-49.6841432319467,0.7683914321603211,0.02522626733205351,50.45253466410702
USD,2015,validation,retrospective,ridge_flat,band05,5,0,1,0.003968253968253968,observation,98.79354546825516,,0.2957514922178837,-0.1587738544231865,0.3457514922178837,-49.6841432319467,-0,0.0078429160030636,0.0078429160030636,0,-34.00615414182256,0.1518616253219989,0.03306918333511711,66.13836667023422
USD,2015,validation,retrospective,ridge_flat,band05,5,0,2,0.007936507936507936,observation,98.11491479414869,,0.199256256743185,-0.09649523547469868,0.249256256743185,-34.00615414182256,-0,0.004733810903320688,0.004733810903320688,0,-24.54326614608451,-0.0875097538184626,0.0378029942384378,75.60598847687559
USD,2015,validation,retrospective,ridge_flat,band05,5,0,3,0.0119047619047619,observation,98.31850399638064,,0.2208412558854032,0,0.249256256743185,-24.54326614608451,-0,0,0,0,-24.54326614608451,-0.03676387135679349,0.0378029942384378,75.60598847687559
USD,2015,validation,retrospective,ridge_flat,band05,5,0,4,0.01587301587301587,observation,98.67290001508067,,0.2631295239408721,0,0.249256256743185,-24.54326614608451,-0,0,0,0,-24.54326614608451,0.05157155366906352,0.0378029942384378,75.60598847687559
USD,2015,validation,retrospective,ridge_flat,band05,5,0,5,0.01984126984126984,observation,98.44668979037853,,0.2295793656965706,0,0.249256256743185,-24.54326614608451,-0,0,0,0,-24.54326614608451,-0.004812760177227204,0.0378029942384378,75.60598847687559
USD,2015,validation,retrospective,ridge_flat,band05,5,0,6,0.02380952380952381,observation,98.87648921731261,,0.2879933465130073,0,0.249256256743185,-24.54326614608451,-0,0,0,0,-24.54326614608451,0.1023174361307291,0.0378029942384378,75.60598847687559
USD,2015,validation,retrospective,ridge_flat,band05,5,0,7,0.02777777777777778,observation,100.0904840898809,,0.5233587627954303,0.2241025060522452,0.4733587627954303,-24.54326614608451,-0,0.01121526415826234,0.01121526415826234,0,-46.98500972676746,0.3936979896142461,0.04901825839670014,98.03651679340028
USD,2015,validation,retrospective,ridge_flat,band05,5,0,8,0.03174603174603174,observation,100.595686925049,,0.6364916127414073,0.113132849945977,0.5864916127414073,-46.98500972676746,-0,0.005690338377052025,0.005690338377052025,0,-58.37137681924856,0.6271498402531321,0.05470859677375216,109.4171935475043
USD,2015,validation,retrospective,ridge_flat,band05,5,0,9,0.03571428571428571,observation,100.4901221535213,,0.6147500520461642,0,0.5864916127414073,-58.37137681924856,-0,0,0,0,-58.37137681924856,0.5652369871511809,0.05470859677375216,109.4171935475043
USD,2015,validation,retrospective,ridge_flat,band05,5,0,10,0.03968253968253968,observation,100.1131051123511,,0.5306564450968296,-0.005835167644577588,0.5806564450968297,-58.37137681924856,-0,0.0002920883758748931,0.0002920883758748931,0,-57.78749215587465,0.3438275662683736,0.05500068514962705,110.0013702992541
USD,2015,validation,retrospective,ridge_flat,band05,5,0,11,0.04365079365079365,observation,100.7992761272809,,0.6977222719437717,0.06706582684694196,0.6477222719437716,-57.78749215587465,-0,0.003380093399524657,0.003380093399524657,0,-64.55105904832349,0.7388770951264974,0.05838077854915171,116.7615570983034
USD,2015,validation,retrospective,ridge_flat,band05,5,0,12,0.04761904761904762,observation,100.4675011310511,,0.612909310742374,0,0.6477222719437716,-64.55105904832349,-0,0,0,0,-64.55105904832349,0.5239790407943872,0.05838077854915171,116.7615570983034
USD,2015,validation,retrospective,ridge_flat,band05,5,0,13,0.05158730158730158,observation,100.4599607902277,,0.6097966569722633,0,0.6477222719437716,-64.55105904832349,-0,0,0,0,-64.55105904832349,0.5190949941050178,0.05838077854915171,116.7615570983034
USD,2015,validation,retrospective,ridge_flat,band05,5,0,14,0.05555555555555555,observation,100.4147187452873,,0.6099940999319018,0,0.6477222719437716,-64.55105904832349,-0,0,0,0,-64.55105904832349,0.4897907139688158,0.05838077854915171,116.7615570983034
USD,2015,validation,retrospective,ridge_flat,band05,5,0,15,0.05952380952380952,observation,100.5127431759915,,0.646283712725501,0,0.6477222719437716,-64.55105904832349,-0,0,0,0,-64.55105904832349,0.553283320930575,0.05838077854915171,116.7615570983034
USD,2015,validation,retrospective,ridge_flat,band05,5,0,16,0.06349206349206349,observation,100.6560096516363,,0.6759131812222114,0,0.6477222719437716,-64.55105904832349,-0,0,0,0,-64.55105904832349,0.6460802080285504,0.05838077854915171,116.7615570983034
USD,2015,validation,retrospective,ridge_flat,band05,5,0,17,0.06746031746031746,observation,101.5608505504449,,0.9232295880909848,0.2255073161472131,0.8732295880909847,-64.55105904832349,-0,0.01145135741662952,0.01145135741662952,0,-87.46522523899915,1.220714453335887,0.06983213596578122,139.6642719315624
USD,2015,validation,retrospective,ridge_flat,band05,5,0,18,0.07142857142857142,observation,101.3723420298597,,0.9241417174723011,0.0009121293813163511,0.8741417174723011,-87.46522523899915,-0,4.623234580914275e-05,4.623234580914275e-05,0,-87.55773616296325,1.056057003207869,0.06987836831159036,139.7567366231807
USD,2015,validation,retrospective,ridge_flat,band05,5,0,19,0.07539682539682539,observation,101.2893982808023,,0.9517166172906514,0.02757489981835026,0.9017166172906513,-87.55773616296325,-0,0.001396522505127051,0.001396522505127051,0,-90.35217769572247,0.982155889448066,0.07127489081671741,142.5497816334348
USD,2015,validation,retrospective,ridge_flat,band05,5,0,20,0.07936507936507936,observation,102.1037550897301,,0.9999733150780773,0.04825669778742592,0.9499733150780773,-90.35217769572247,-0,0.002463595026163227,0.002463595026163227,0,-95.2818313430751,1.714011361435865,0.07373848584288063,147.4769716857613
USD,2015,validation,retrospective,ridge_flat,band05,5,0,21,0.08333333333333333,settlement,102.1716181571407,,0,-0.9499733150780773,0,-95.2818313430751,-0,0.04853015540381522,0.04853015540381522,2.171618157140713,-0.4416688479891917,-0.4416688479891917,0.1222686412466958,244.5372824933917
USD,2015,validation,retrospective,ridge_flat,band10,5,0,0,0,entry,100,,0.5045253466410702,0.5045253466410702,0.5045253466410702,0.7936176994923727,0,0.02522626733205351,0.02522626733205351,0,-49.6841432319467,0.7683914321603211,0.02522626733205351,50.45253466410702
USD,2015,validation,retrospective,ridge_flat,band10,5,0,1,0.003968253968253968,observation,98.79354546825516,,0.2957514922178837,-0.1087738544231864,0.3957514922178837,-49.6841432319467,-0,0.005373077366357218,0.005373077366357218,0,-38.94336157659862,0.1543314639587052,0.03059934469841073,61.19868939682146
USD,2015,validation,retrospective,ridge_flat,band10,5,0,2,0.007936507936507936,observation,98.11491479414869,,0.199256256743185,-0.09649523547469874,0.299256256743185,-38.94336157659862,-0,0.004733810903320691,0.004733810903320691,0,-29.48047358086056,-0.1189714488870806,0.03533315560173142,70.66631120346284
USD,2015,validation,retrospective,ridge_flat,band10,5,0,3,0.0119047619047619,observation,98.31850399638064,,0.2208412558854032,0,0.299256256743185,-29.48047358086056,-0,0,0,0,-29.48047358086056,-0.05804610631381379,0.03533315560173142,70.66631120346284
USD,2015,validation,retrospective,ridge_flat,band10,5,0,4,0.01587301587301587,observation,98.67290001508067,,0.2631295239408721,0,0.299256256743185,-29.48047358086056,-0,0,0,0,-29.48047358086056,0.04800911964704468,0.03533315560173142,70.66631120346284
USD,2015,validation,retrospective,ridge_flat,band10,5,0,5,0.01984126984126984,observation,98.44668979037853,,0.2295793656965706,0,0.299256256743185,-29.48047358086056,-0,0,0,0,-29.48047358086056,-0.01968570543435533,0.03533315560173142,70.66631120346284
USD,2015,validation,retrospective,ridge_flat,band10,5,0,6,0.02380952380952381,observation,98.87648921731261,,0.2879933465130073,0,0.299256256743185,-29.48047358086056,-0,0,0,0,-29.48047358086056,0.1089344622203043,0.03533315560173142,70.66631120346284
USD,2015,validation,retrospective,ridge_flat,band10,5,0,7,0.02777777777777778,observation,100.0904840898809,,0.5233587627954303,0.1241025060522453,0.4233587627954303,-29.48047358086056,-0,0.006210739953768299,0.006210739953768299,0,-41.90816422835093,0.4660192835367312,0.04154389555549972,83.08779111099943
USD,2015,validation,retrospective,ridge_flat,band10,5,0,8,0.03174603174603174,observation,100.595686925049,,0.6364916127414073,0.1131328499459771,0.5364916127414073,-41.90816422835093,-0,0.005690338377052028,0.005690338377052028,0,-53.29453132083204,0.6742109924172084,0.04723423393255174,94.46846786510349
USD,2015,validation,retrospective,ridge_flat,band10,5,0,9,0.03571428571428571,observation,100.4901221535213,,0.6147500520461642,0,0.5364916127414073,-53.29453132083204,-0,0,0,0,-53.29453132083204,0.6175763778916448,0.04723423393255174,94.46846786510349
USD,2015,validation,retrospective,ridge_flat,band10,5,0,10,0.03968253968253968,observation,100.1131051123511,,0.5306564450968296,0,0.5364916127414073,-53.29453132083204,-0,0,0,0,-53.29453132083204,0.4153098974432226,0.04723423393255174,94.46846786510349
USD,2015,validation,retrospective,ridge_flat,band10,5,0,11,0.04365079365079365,observation,100.7992761272809,,0.6977222719437717,0.06123065920236437,0.5977222719437717,-53.29453132083204,-0,0.003086003062197281,0.003086003062197281,0,-59.46962344828879,0.7803488887971639,0.05032023699474902,100.640473989498
USD,2015,validation,retrospective,ridge_flat,band10,5,0,12,0.04761904761904762,observation,100.4675011310511,,0.612909310742374,0,0.5977222719437717,-59.46962344828879,-0,0,0,0,-59.46962344828879,0.5820395842765365,0.05032023699474902,100.640473989498
USD,2015,validation,retrospective,ridge_flat,band10,5,0,13,0.05158730158730158,observation,100.4599607902277,,0.6097966569722633,0,0.5977222719437717,-59.46962344828879,-0,0,0,0,-59.46962344828879,0.5775325546283483,0.05032023699474902,100.640473989498
USD,2015,validation,retrospective,ridge_flat,band10,5,0,14,0.05555555555555555,observation,100.4147187452873,,0.6099940999319018,0,0.5977222719437717,-59.46962344828879,-0,0,0,0,-59.46962344828879,0.5504903767391625,0.05032023699474902,100.640473989498
USD,2015,validation,retrospective,ridge_flat,band10,5,0,15,0.05952380952380952,observation,100.5127431759915,,0.646283712725501,0,0.5977222719437717,-59.46962344828879,-0,0,0,0,-59.46962344828879,0.6090817621657081,0.05032023699474902,100.640473989498
USD,2015,validation,retrospective,ridge_flat,band10,5,0,16,0.06349206349206349,observation,100.6560096516363,,0.6759131812222114,0,0.5977222719437717,-59.46962344828879,-0,0,0,0,-59.46962344828879,0.6947153254814395,0.05032023699474902,100.640473989498
USD,2015,validation,retrospective,ridge_flat,band10,5,0,17,0.06746031746031746,observation,101.5608505504449,,0.9232295880909848,0.2255073161472131,0.8232295880909848,-59.46962344828879,-0,0.01145135741662952,0.01145135741662952,0,-82.38378963896446,1.224107525848353,0.06177159441137854,123.5431888227571
USD,2015,validation,retrospective,ridge_flat,band10,5,0,18,0.07142857142857142,observation,101.3723420298597,,0.9241417174723011,0.0009121293813163511,0.8241417174723011,-82.38378963896446,-0,4.623234580914275e-05,4.623234580914275e-05,0,-82.47630056292856,1.068875501749588,0.06181782675718769,123.6356535143754
USD,2015,validation,retrospective,ridge_flat,band10,5,0,19,0.07539682539682539,observation,101.2893982808023,,0.9517166172906514,0.02757489981835026,0.8517166172906514,-82.47630056292856,-0,0.001396522505127051,0.001396522505127051,0,-85.27074209568778,0.9991215754426577,0.06321434926231474,126.4286985246295
USD,2015,validation,retrospective,ridge_flat,band10,5,0,20,0.07936507936507936,observation,102.1037550897301,,0.9999733150780773,0.04825669778742592,0.8999733150780773,-85.27074209568778,-0,0.002463595026163227,0.002463595026163227,0,-90.2003957430404,1.690259206984067,0.06567794428847797,131.3558885769559
USD,2015,validation,retrospective,ridge_flat,band10,5,0,21,0.08333333333333333,settlement,102.1716181571407,,0,-0.8999733150780773,0,-90.2003957430404,-0,0.0459758649498867,0.0459758649498867,2.171618157140713,-0.4662598653575856,-0.4662598653575856,0.1116538092383647,223.3076184767294
USD,2015,validation,retrospective,ridge_term,daily,5,0,0,0,entry,100,0.07555065967696284,0.5043502989319805,0.5043502989319805,0.5043502989319805,0.7936176994923727,0,0.02521751494659902,0.02521751494659902,0,-49.66662970865227,0.7684001845457757,0.02521751494659902,50.43502989319805
USD,2015,validation,retrospective,ridge_term,daily,5,0,1,0.003968253968253968,observation,98.79354546825516,0.08100845381290896,0.3013745677114892,-0.2029757312204912,0.3013745677114892,-49.66662970865227,-0,0.01002634606564197,0.01002634606564197,0,-29.62396392343398,0.1498981347467812,0.03524386101224099,70.487722024482
USD,2015,validation,retrospective,ridge_term,daily,5,0,2,0.007936507936507936,observation,98.11491479414869,0.08156202999441371,0.200859683776301,-0.1005148839351883,0.200859683776301,-29.62396392343398,-0,0.004931004636422371,0.004931004636422371,0,-19.76688565522566,-0.05955489593423735,0.04017486564866336,80.34973129732674
USD,2015,validation,retrospective,ridge_term,daily,5,0,3,0.0119047619047619,observation,98.31850399638064,0.08195832968965834,0.2226627086753835,0.02180302489908248,0.2226627086753835,-19.76688565522566,-0,0.001071820395336814,0.001071820395336814,0,-21.91159826629462,-0.01973385354899548,0.04124668604400018,82.49337208800037
USD,2015,validation,retrospective,ridge_term,daily,5,0,4,0.01587301587301587,observation,98.67290001508067,0.08181439047970494,0.2682609449148674,0.04559823623948395,0.2682609449148674,-21.91159826629462,-0,0.002249655102661314,0.002249655102661314,0,-26.41315812671991,0.05692726881586552,0.04349634114666149,86.992682293323
USD,2015,validation,retrospective,ridge_term,daily,5,0,5,0.01984126984126984,observation,98.44668979037853,0.0820686503905364,0.2276236251120631,-0.04063731980280427,0.2276236251120631,-26.41315812671991,-0,0.002000304808269539,0.002000304808269539,0,-22.4145488149891,-0.005756404620406386,0.04549664595493103,90.99329190986208
USD,2015,validation,retrospective,ridge_term,daily,5,0,6,0.02380952380952381,observation,98.87648921731261,0.07887686033379634,0.2817985441640946,0.05417491905203148,0.2817985441640946,-22.4145488149891,-0,0.002678312899748487,0.002678312899748487,0,-27.77385292738582,0.08939778610967153,0.04817495885467951,96.34991770935905
USD,2015,validation,retrospective,ridge_term,daily,5,0,7,0.02777777777777778,observation,100.0904840898809,0.08595124495693431,0.5218403930388285,0.2400418488747338,0.5218403930388285,-27.77385292738582,-0,0.01201295242785107,0.01201295242785107,0,-51.81177073551581,0.41948682139423,0.06018791128253058,120.3758225650612
USD,2015,validation,retrospective,ridge_term,daily,5,0,8,0.03174603174603174,observation,100.595686925049,0.08637139530220332,0.6226926167770389,0.1008522237382105,0.6226926167770389,-51.81177073551581,-0,0.005072649362432007,0.005072649362432007,0,-61.96214210974225,0.6780494181002723,0.06526056064496259,130.5211212899252
USD,2015,validation,retrospective,ridge_term,daily,5,0,9,0.03571428571428571,observation,100.4901221535213,0.08653609782579767,0.6057870696308482,-0.01690554714619075,0.6057870696308482,-61.96214210974225,-0,0.000849420248896411,0.000849420248896411,0,-60.26415103219833,0.6114655940293332,0.066109980893859,132.219961787718
USD,2015,validation,retrospective,ridge_term,daily,5,0,10,0.03968253968253968,observation,100.1131051123511,0.08647302877743396,0.5285408430445735,-0.07724622658627467,0.5285408430445735,-60.26415103219833,-0,0.003866679800882102,0.003866679800882102,0,-52.53465811023501,0.3792068656570322,0.06997666069474111,139.9533213894822
USD,2015,validation,retrospective,ridge_term,daily,5,0,11,0.04365079365079365,observation,100.7992761272809,0.08799555048996704,0.6782899059015789,0.1497490628570054,0.6782899059015789,-52.53465811023501,-0,0.007547298568362419,0.007547298568362419,0,-67.63680254552821,0.7343289737924437,0.07752395926310353,155.047918526207
USD,2015,validation,retrospective,ridge_term,daily,5,0,12,0.04761904761904762,observation,100.4675011310511,0.08681831044708241,0.6150392467084741,-0.0632506591931048,0.6150392467084741,-67.63680254552821,-0,0.003177317837011492,0.003177317837011492,0,-61.28534418934224,0.5061120249822082,0.08070127710011502,161.40255420023
USD,2015,validation,retrospective,ridge_term,daily,5,0,13,0.05158730158730158,observation,100.4599607902277,0.08626648241783401,0.6202924686801077,0.005253221971633582,0.6202924686801077,-61.28534418934224,-0,0.0002638692366463362,0.0002638692366463362,0,-61.81334653187156,0.5012105502056201,0.08096514633676136,161.9302926735227
USD,2015,validation,retrospective,ridge_term,daily,5,0,14,0.05555555555555555,observation,100.4147187452873,0.0844390832581315,0.6183364092877131,-0.001956059392394627,0.6183364092877131,-61.81334653187156,-0,9.8208576868192e-05,9.8208576868192e-05,0,-61.61702758671204,0.473049041884515,0.08106335491362955,162.1267098272591
USD,2015,validation,retrospective,ridge_term,daily,5,0,15,0.05952380952380952,observation,100.5127431759915,0.08361321084772021,0.6564727052076706,0.0381362959199576,0.6564727052076706,-61.61702758671204,-0,0.001916591858743156,0.001916591858743156,0,-65.45212789605709,0.5317445245299126,0.08297994677237271,165.9598935447454
USD,2015,validation,retrospective,ridge_term,daily,5,0,16,0.06349206349206349,observation,100.6560096516363,0.08495350198535709,0.7096626478640877,0.05318994265641708,0.7096626478640877,-65.45212789605709,-0,0.002676943690697148,0.002676943690697148,0,-70.80869222114208,0.6231181116712747,0.08565689046306986,171.3137809261397
USD,2015,validation,retrospective,ridge_term,daily,5,0,17,0.06746031746031746,observation,101.5608505504449,0.08482501453945054,0.9271076197870511,0.2174449719229634,0.9271076197870511,-70.80869222114208,-0,0.01104194814820689,0.01104194814820689,0,-92.90363046570405,1.254207951667325,0.09669883861127675,193.3976772225535
USD,2015,validation,retrospective,ridge_term,daily,5,0,18,0.07142857142857142,observation,101.3723420298597,0.08489537951637005,0.9300432303120685,0.00293561052501734,0.9300432303120685,-92.90363046570405,-0,0.000148794857104257,0.000148794857104257,0,-93.20136897476968,1.079291470980934,0.096847633468381,193.695266936762
USD,2015,validation,retrospective,ridge_term,daily,5,0,19,0.07539682539682539,observation,101.2893982808023,0.08596087626415121,0.95320850312297,0.02316527281090153,0.95320850312297,-93.20136897476968,-0,0.001173198272013422,0.001173198272013422,0,-95.54893871706854,1.000977000401335,0.09802083174039443,196.0416634807888
USD,2015,validation,retrospective,ridge_term,daily,5,0,20,0.07936507936507936,observation,102.1037550897301,0.08185103690264797,0.9999733150780773,0.04676481195510729,0.9999733150780773,-95.54893871706854,-0,0.002387431453340777,0.002387431453340777,0,-100.3261890552034,1.774841403794042,0.1004082631937352,200.8165263874704
USD,2015,validation,retrospective,ridge_term,daily,5,0,21,0.08333333333333333,settlement,102.1716181571407,,0,-0.9999733150780773,0,-100.3261890552034,-0,0.05108444585774374,0.05108444585774374,2.171618157140713,-0.3799999427144058,-0.3799999427144058,0.1514927090514789,302.9854181029579
USD,2015,validation,retrospective,ridge_term,every5,5,0,0,0,entry,100,0.07555065967696284,0.5043502989319805,0.5043502989319805,0.5043502989319805,0.7936176994923727,0,0.02521751494659902,0.02521751494659902,0,-49.66662970865227,0.7684001845457757,0.02521751494659902,50.43502989319805
USD,2015,validation,retrospective,ridge_term,every5,5,0,1,0.003968253968253968,observation,98.79354546825516,0.08100845381290896,0.3013745677114892,0,0.5043502989319805,-49.66662970865227,-0,0,0,0,-49.66662970865227,0.1599244808124212,0.02521751494659902,50.43502989319805
USD,2015,validation,retrospective,ridge_term,every5,5,0,2,0.007936507936507936,observation,98.11491479414869,0.08156202999441371,0.200859683776301,0,0.5043502989319805,-49.66662970865227,-0,0,0,0,-49.66662970865227,-0.1823431025375868,0.02521751494659902,50.43502989319805
USD,2015,validation,retrospective,ridge_term,every5,5,0,3,0.0119047619047619,observation,98.31850399638064,0.08195832968965834,0.2226627086753835,0,0.5043502989319805,-49.66662970865227,-0,0,0,0,-49.66662970865227,-0.07966282753258014,0.02521751494659902,50.43502989319805
USD,2015,validation,retrospective,ridge_term,every5,5,0,4,0.01587301587301587,observation,98.67290001508067,0.08181439047970494,0.2682609449148674,0,0.5043502989319805,-49.66662970865227,-0,0,0,0,-49.66662970865227,0.09907691043908073,0.02521751494659902,50.43502989319805
USD,2015,validation,retrospective,ridge_term,every5,5,0,5,0.01984126984126984,observation,98.44668979037853,0.0820686503905364,0.2276236251120631,-0.2767266738199173,0.2276236251120631,-49.66662970865227,-0,0.01362141250713633,0.01362141250713633,0,-22.43742610688674,-0.02863369651804959,0.03883892745373536,77.67785490747072
USD,2015,validation,retrospective,ridge_term,every5,5,0,6,0.02380952380952381,observation,98.87648921731261,0.07887686033379634,0.2817985441640946,0,0.2276236251120631,-22.43742610688674,-0,0,0,0,-22.43742610688674,0.06919880711177484,0.03883892745373536,77.67785490747072
USD,2015,validation,retrospective,ridge_term,every5,5,0,7,0.02777777777777778,observation,100.0904840898809,0.08595124495693431,0.5218403930388285,0,0.2276236251120631,-22.43742610688674,-0,0,0,0,-22.43742610688674,0.3455327208732157,0.03883892745373536,77.67785490747072
USD,2015,validation,retrospective,ridge_term,every5,5,0,8,0.03174603174603174,observation,100.595686925049,0.08637139530220332,0.6226926167770389,0,0.2276236251120631,-22.43742610688674,-0,0,0,0,-22.43742610688674,0.4605288216310832,0.03883892745373536,77.67785490747072
USD,2015,validation,retrospective,ridge_term,every5,5,0,9,0.03571428571428571,observation,100.4901221535213,0.08653609782579767,0.6057870696308482,0,0.2276236251120631,-22.43742610688674,-0,0,0,0,-22.43742610688674,0.4364997856518258,0.03883892745373536,77.67785490747072
USD,2015,validation,retrospective,ridge_term,every5,5,0,10,0.03968253968253968,observation,100.1131051123511,0.08647302877743396,0.5285408430445735,0.3009172179325104,0.5285408430445735,-22.43742610688674,-0,0.01506287853449683,0.01506287853449683,0,-52.5782460544149,0.3356189214771348,0.05390180598823219,107.8036119764644
USD,2015,validation,retrospective,ridge_term,every5,5,0,11,0.04365079365079365,observation,100.7992761272809,0.08799555048996704,0.6782899059015789,0,0.5285408430445735,-52.5782460544149,-0,0,0,0,-52.5782460544149,0.6982883281809151,0.05390180598823219,107.8036119764644
USD,2015,validation,retrospective,ridge_term,every5,5,0,12,0.04761904761904762,observation,100.4675011310511,0.08681831044708241,0.6150392467084741,0,0.5285408430445735,-52.5782460544149,-0,0,0,0,-52.5782460544149,0.5229316919724951,0.05390180598823219,107.8036119764644
USD,2015,validation,retrospective,ridge_term,every5,5,0,13,0.05158730158730158,observation,100.4599607902277,0.08626648241783401,0.6202924686801077,0,0.5285408430445735,-52.5782460544149,-0,0,0,0,-52.5782460544149,0.5189463138768531,0.05390180598823219,107.8036119764644
USD,2015,validation,retrospective,ridge_term,every5,5,0,14,0.05555555555555555,observation,100.4147187452873,0.0844390832581315,0.6183364092877131,0,0.5285408430445735,-52.5782460544149,-0,0,0,0,-52.5782460544149,0.4950340453029725,0.05390180598823219,107.8036119764644
USD,2015,validation,retrospective,ridge_term,every5,5,0,15,0.05952380952380952,observation,100.5127431759915,0.08361321084772021,0.6564727052076706,0.1279318621630972,0.6564727052076706,-52.5782460544149,-0,0.006429391202812867,0.006429391202812867,0,-65.44345785124345,0.5404145693435538,0.06033119719104506,120.6623943820901
USD,2015,validation,retrospective,ridge_term,every5,5,0,16,0.06349206349206349,observation,100.6560096516363,0.08495350198535709,0.7096626478640877,0,0.6564727052076706,-65.44345785124345,-0,0,0,0,-65.44345785124345,0.6344651001756034,0.06033119719104506,120.6623943820901
USD,2015,validation,retrospective,ridge_term,every5,5,0,17,0.06746031746031746,observation,101.5608505504449,0.08482501453945054,0.9271076197870511,0,0.6564727052076706,-65.44345785124345,-0,0,0,0,-65.44345785124345,1.228468452799049,0.06033119719104506,120.6623943820901
USD,2015,validation,retrospective,ridge_term,every5,5,0,18,0.07142857142857142,observation,101.3723420298597,0.08489537951637005,0.9300432303120685,0,0.6564727052076706,-65.44345785124345,-0,0,0,0,-65.44345785124345,1.104717754335823,0.06033119719104506,120.6623943820901
USD,2015,validation,retrospective,ridge_term,every5,5,0,19,0.07539682539682539,observation,101.2893982808023,0.08596087626415121,0.95320850312297,0,0.6564727052076706,-65.44345785124345,-0,0,0,0,-65.44345785124345,1.050267447012004,0.06033119719104506,120.6623943820901
USD,2015,validation,retrospective,ridge_term,every5,5,0,20,0.07936507936507936,observation,102.1037550897301,0.08185103690264797,0.9999733150780773,0.3435006098704066,0.9999733150780773,-65.44345785124345,-0,0.01753635107169045,0.01753635107169045,0,-100.5336963456961,1.567334113301413,0.07786754826273551,155.735096525471
USD,2015,validation,retrospective,ridge_term,every5,5,0,21,0.08333333333333333,settlement,102.1716181571407,,0,-0.9999733150780773,0,-100.5336963456961,-0,0.05108444585774374,0.05108444585774374,2.171618157140713,-0.5875072332070346,-0.5875072332070346,0.1289519941204793,257.9039882409585
USD,2015,validation,retrospective,ridge_term,band05,5,0,0,0,entry,100,,0.5043502989319805,0.5043502989319805,0.5043502989319805,0.7936176994923727,0,0.02521751494659902,0.02521751494659902,0,-49.66662970865227,0.7684001845457757,0.02521751494659902,50.43502989319805
USD,2015,validation,retrospective,ridge_term,band05,5,0,1,0.003968253968253968,observation,98.79354546825516,,0.3013745677114892,-0.1529757312204912,0.3513745677114892,-49.66662970865227,-0,0.007556507428935591,0.007556507428935591,0,-34.56117135821003,0.1523679733834911,0.03277402237553462,65.54804475106923
USD,2015,validation,retrospective,ridge_term,band05,5,0,2,0.007936507936507936,observation,98.11491479414869,,0.200859683776301,-0.1005148839351883,0.250859683776301,-34.56117135821003,-0,0.004931004636422371,0.004931004636422371,0,-24.70409309000171,-0.09101659100285175,0.03770502701195699,75.41005402391397
USD,2015,validation,retrospective,ridge_term,band05,5,0,3,0.0119047619047619,observation,98.31850399638064,,0.2226627086753835,0,0.250859683776301,-24.70409309000171,-0,0,0,0,-24.70409309000171,-0.03994426811067342,0.03770502701195699,75.41005402391397
USD,2015,validation,retrospective,ridge_term,band05,5,0,4,0.01587301587301587,observation,98.67290001508067,,0.2682609449148674,0,0.250859683776301,-24.70409309000171,-0,0,0,0,-24.70409309000171,0.0489594050719937,0.03770502701195699,75.41005402391397
USD,2015,validation,retrospective,ridge_term,band05,5,0,5,0.01984126984126984,observation,98.44668979037853,,0.2276236251120631,0,0.250859683776301,-24.70409309000171,-0,0,0,0,-24.70409309000171,-0.007787620363750136,0.03770502701195699,75.41005402391397
USD,2015,validation,retrospective,ridge_term,band05,5,0,6,0.02380952380952381,observation,98.87648921731261,,0.2817985441640946,0,0.250859683776301,-24.70409309000171,-0,0,0,0,-24.70409309000171,0.1000317279641685,0.03770502701195699,75.41005402391397
USD,2015,validation,retrospective,ridge_term,band05,5,0,7,0.02777777777777778,observation,100.0904840898809,,0.5218403930388285,0.2209807092625275,0.4718403930388285,-24.70409309000171,-0,0.0110590330823058,0.0110590330823058,0,-46.83321828769561,0.3935150647203827,0.04876406009426279,97.52812018852558
USD,2015,validation,retrospective,ridge_term,band05,5,0,8,0.03174603174603174,observation,100.595686925049,,0.6226926167770389,0.1008522237382104,0.5726926167770389,-46.83321828769561,-0,0.005072649362432004,0.005072649362432004,0,-56.98358966192205,0.6268175196680161,0.0538367094566948,107.6734189133896
USD,2015,validation,retrospective,ridge_term,band05,5,0,9,0.03571428571428571,observation,100.4901221535213,,0.6057870696308482,0,0.5726926167770389,-56.98358966192205,-0,0,0,0,-56.98358966192205,0.5663613544223622,0.0538367094566948,107.6734189133896
USD,2015,validation,retrospective,ridge_term,band05,5,0,10,0.03968253968253968,observation,100.1131051123511,,0.5285408430445735,0,0.5726926167770389,-56.98358966192205,-0,0,0,0,-56.98358966192205,0.350446478545031,0.0538367094566948,107.6734189133896
USD,2015,validation,retrospective,ridge_term,band05,5,0,11,0.04365079365079365,observation,100.7992761272809,,0.6782899059015789,0.05559728912453998,0.6282899059015788,-56.98358966192205,-0,0.00280208324919639,0.00280208324919639,0,-62.59055824356403,0.7406094693925738,0.05663879270589119,113.2775854117824
USD,2015,validation,retrospective,ridge_term,band05,5,0,12,0.04761904761904762,observation,100.4675011310511,,0.6150392467084741,0,0.6282899059015788,-62.59055824356403,-0,0,0,0,-62.59055824356403,0.5321585882308426,0.05663879270589119,113.2775854117824
USD,2015,validation,retrospective,ridge_term,band05,5,0,13,0.05158730158730158,observation,100.4599607902277,,0.6202924686801077,0,0.6282899059015788,-62.59055824356403,-0,0,0,0,-62.59055824356403,0.5274210682044469,0.05663879270589119,113.2775854117824
USD,2015,validation,retrospective,ridge_term,band05,5,0,14,0.05555555555555555,observation,100.4147187452873,,0.6183364092877131,0,0.6282899059015788,-62.59055824356403,-0,0,0,0,-62.59055824356403,0.4989959480460229,0.05663879270589119,113.2775854117824
USD,2015,validation,retrospective,ridge_term,band05,5,0,15,0.05952380952380952,observation,100.5127431759915,,0.6564727052076706,0,0.6282899059015788,-62.59055824356403,-0,0,0,0,-62.59055824356403,0.5605837083892595,0.05663879270589119,113.2775854117824
USD,2015,validation,retrospective,ridge_term,band05,5,0,16,0.06349206349206349,observation,100.6560096516363,,0.7096626478640877,0.03137274196250883,0.6596626478640877,-62.59055824356403,-0,0.001578927508888291,0.001578927508888291,0,-65.7499921888495,0.6490176613820324,0.05821772021477948,116.435440429559
USD,2015,validation,retrospective,ridge_term,band05,5,0,17,0.06746031746031746,observation,101.5608505504449,,0.9271076197870511,0.2174449719229634,0.8771076197870511,-65.7499921888495,-0,0.01104194814820689,0.01104194814820689,0,-87.84493043341148,1.234865456437646,0.06925966836298636,138.5193367259727
USD,2015,validation,retrospective,ridge_term,band05,5,0,18,0.07142857142857142,observation,101.3723420298597,,0.9300432303120685,0.00293561052501734,0.8800432303120684,-87.84493043341148,-0,0.000148794857104257,0.000148794857104257,0,-88.1426689424771,1.069374401780522,0.06940846322009062,138.8169264401812
USD,2015,validation,retrospective,ridge_term,band05,5,0,19,0.07539682539682539,observation,101.2893982808023,,0.95320850312297,0.02316527281090153,0.90320850312297,-88.1426689424771,-0,0.001173198272013422,0.001173198272013422,0,-90.49023868477596,0.995207118653795,0.07058166149210404,141.1633229842081
USD,2015,validation,retrospective,ridge_term,band05,5,0,20,0.07936507936507936,observation,102.1037550897301,,0.9999733150780773,0.04676481195510729,0.9499733150780773,-90.49023868477596,-0,0.002387431453340777,0.002387431453340777,0,-95.26748902291085,1.728353681600112,0.07296909294544482,145.9381858908897
USD,2015,validation,retrospective,ridge_term,band05,5,0,21,0.08333333333333333,settlement,102.1716181571407,,0,-0.9499733150780773,0,-95.26748902291085,-0,0.04853015540381522,0.04853015540381522,2.171618157140713,-0.4273265278249454,-0.4273265278249454,0.12149924834926,242.9984966985201
USD,2015,validation,retrospective,ridge_term,band10,5,0,0,0,entry,100,,0.5043502989319805,0.5043502989319805,0.5043502989319805,0.7936176994923727,0,0.02521751494659902,0.02521751494659902,0,-49.66662970865227,0.7684001845457757,0.02521751494659902,50.43502989319805
USD,2015,validation,retrospective,ridge_term,band10,5,0,1,0.003968253968253968,observation,98.79354546825516,,0.3013745677114892,-0.1029757312204912,0.4013745677114893,-49.66662970865227,-0,0.00508666879222921,0.00508666879222921,0,-39.49837879298608,0.1548378120201974,0.03030418373882823,60.60836747765647
USD,2015,validation,retrospective,ridge_term,band10,5,0,2,0.007936507936507936,observation,98.11491479414869,,0.200859683776301,-0.1005148839351883,0.300859683776301,-39.49837879298608,-0,0.004931004636422371,0.004931004636422371,0,-29.64130052477776,-0.1224782860714697,0.0352351883752506,70.47037675050122
USD,2015,validation,retrospective,ridge_term,band10,5,0,3,0.0119047619047619,observation,98.31850399638064,,0.2226627086753835,0,0.300859683776301,-29.64130052477776,-0,0,0,0,-29.64130052477776,-0.06122650306769373,0.0352351883752506,70.47037675050122
USD,2015,validation,retrospective,ridge_term,band10,5,0,4,0.01587301587301587,observation,98.67290001508067,,0.2682609449148674,0,0.300859683776301,-29.64130052477776,-0,0,0,0,-29.64130052477776,0.04539697104997487,0.0352351883752506,70.47037675050122
USD,2015,validation,retrospective,ridge_term,band10,5,0,5,0.01984126984126984,observation,98.44668979037853,,0.2276236251120631,0,0.300859683776301,-29.64130052477776,-0,0,0,0,-29.64130052477776,-0.02266056562087826,0.0352351883752506,70.47037675050122
USD,2015,validation,retrospective,ridge_term,band10,5,0,6,0.02380952380952381,observation,98.87648921731261,,0.2817985441640946,0,0.300859683776301,-29.64130052477776,-0,0,0,0,-29.64130052477776,0.1066487540537473,0.0352351883752506,70.47037675050122
USD,2015,validation,retrospective,ridge_term,band10,5,0,7,0.02777777777777778,observation,100.0904840898809,,0.5218403930388285,0.1209807092625275,0.4218403930388285,-29.64130052477776,-0,0.006054508877811753,0.006054508877811753,0,-41.75637278927908,0.4658363586428678,0.04128969725306236,82.57939450612473
USD,2015,validation,retrospective,ridge_term,band10,5,0,8,0.03174603174603174,observation,100.595686925049,,0.6226926167770389,0.1008522237382105,0.5226926167770389,-41.75637278927908,-0,0.005072649362432007,0.005072649362432007,0,-51.90674416350553,0.6738786718320995,0.04636234661549436,92.72469323098875
USD,2015,validation,retrospective,ridge_term,band10,5,0,9,0.03571428571428571,observation,100.4901221535213,,0.6057870696308482,0,0.5226926167770389,-51.90674416350553,-0,0,0,0,-51.90674416350553,0.6187007451628261,0.04636234661549436,92.72469323098875
USD,2015,validation,retrospective,ridge_term,band10,5,0,10,0.03968253968253968,observation,100.1131051123511,,0.5285408430445735,0,0.5226926167770389,-51.90674416350553,-0,0,0,0,-51.90674416350553,0.421636721344008,0.04636234661549436,92.72469323098875
USD,2015,validation,retrospective,ridge_term,band10,5,0,11,0.04365079365079365,observation,100.7992761272809,,0.6782899059015789,0.05559728912453998,0.5782899059015789,-51.90674416350553,-0,0.00280208324919639,0.00280208324919639,0,-57.5137127451475,0.7774911614450701,0.04916442986469075,98.32885972938153
USD,2015,validation,retrospective,ridge_term,band10,5,0,12,0.04761904761904762,observation,100.4675011310511,,0.6150392467084741,0,0.5782899059015789,-57.5137127451475,-0,0,0,0,-57.5137127451475,0.5856290300948288,0.04916442986469075,98.32885972938153
USD,2015,validation,retrospective,ridge_term,band10,5,0,13,0.05158730158730158,observation,100.4599607902277,,0.6202924686801077,0,0.5782899059015789,-57.5137127451475,-0,0,0,0,-57.5137127451475,0.5812685271096001,0.04916442986469075,98.32885972938153
USD,2015,validation,retrospective,ridge_term,band10,5,0,14,0.05555555555555555,observation,100.4147187452873,,0.6183364092877131,0,0.5782899059015789,-57.5137127451475,-0,0,0,0,-57.5137127451475,0.5551055091981993,0.04916442986469075,98.32885972938153
USD,2015,validation,retrospective,ridge_term,band10,5,0,15,0.05952380952380952,observation,100.5127431759915,,0.6564727052076706,0,0.5782899059015789,-57.5137127451475,-0,0,0,0,-57.5137127451475,0.6117920480062153,0.04916442986469075,98.32885972938153
USD,2015,validation,retrospective,ridge_term,band10,5,0,16,0.06349206349206349,observation,100.6560096516363,,0.7096626478640877,0.03137274196250883,0.6096626478640877,-57.5137127451475,-0,0.001578927508888291,0.001578927508888291,0,-60.67314669043297,0.6930626772167585,0.05074335737357905,101.4867147471581
USD,2015,validation,retrospective,ridge_term,band10,5,0,17,0.06746031746031746,observation,101.5608505504449,,0.9271076197870511,0.2174449719229634,0.8271076197870512,-60.67314669043297,-0,0.01104194814820689,0.01104194814820689,0,-82.76808493499495,1.233668427331949,0.06178530552178593,123.5706110435719
USD,2015,validation,retrospective,ridge_term,band10,5,0,18,0.07142857142857142,observation,101.3723420298597,,0.9300432303120685,0.00293561052501734,0.8300432303120685,-82.76808493499495,-0,0.000148794857104257,0.000148794857104257,0,-83.06582344406057,1.077602798704078,0.06193410037889019,123.8682007577804
USD,2015,validation,retrospective,ridge_term,band10,5,0,19,0.07539682539682539,observation,101.2893982808023,,0.95320850312297,0.02316527281090153,0.85320850312297,-83.06582344406057,-0,0.001173198272013422,0.001173198272013422,0,-85.41339318635943,1.007582703030209,0.06310729865090361,126.2145973018072
USD,2015,validation,retrospective,ridge_term,band10,5,0,20,0.07936507936507936,observation,102.1037550897301,,0.9999733150780773,0.04676481195510729,0.8999733150780773,-85.41339318635943,-0,0.002387431453340777,0.002387431453340777,0,-90.19064352449432,1.70001142553015,0.06549473010424439,130.9894602084888
USD,2015,validation,retrospective,ridge_term,band10,5,0,21,0.08333333333333333,settlement,102.1716181571407,,0,-0.8999733150780773,0,-90.19064352449432,-0,0.0459758649498867,0.0459758649498867,2.171618157140713,-0.4565076468115024,-0.4565076468115024,0.1114705950541311,222.9411901082622
USD,2015,outer,retrospective,rolling63,daily,5,0,0,0,entry,100,0.07932966997513859,0.5045678896610871,0.5045678896610871,0.5045678896610871,0.9135779322174216,0,0.02522839448305435,0.02522839448305435,0,-49.56843942837434,0.8883495377343706,0.02522839448305435,50.45678896610871
USD,2015,outer,retrospective,rolling63,daily,5,0,1,0.003968253968253968,observation,98.93714190816243,0.08212347759344621,0.3262494617334184,-0.1783184279276687,0.3262494617334184,-49.56843942837434,-0,0.008821157804360099,0.008821157804360099,0,-31.9349449774585,0.3432443155223233,0.03404955228741445,68.09910457482891
USD,2015,outer,retrospective,rolling63,daily,5,0,2,0.007936507936507936,observation,98.92883832931994,0.08172307972249448,0.3196414887971827,-0.006607972936235718,0.3196414887971827,-31.9349449774585,-0,0.0003268595431466925,0.0003268595431466925,0,-31.28155275070826,0.340208417851354,0.03437641183056114,68.75282366112229
USD,2015,outer,retrospective,rolling63,daily,5,0,3,0.0119047619047619,observation,98.23964128539401,0.08264147365678799,0.2138681257751182,-0.1057733630220645,0.2138681257751182,-31.28155275070826,-0,0.00519556862041869,0.00519556862041869,0,-20.89561107849131,0.1147168800358322,0.03957198045097983,79.14396090195967
USD,2015,outer,retrospective,rolling63,daily,5,0,4,0.01587301587301587,observation,97.7165158183177,0.08311082963525988,0.1447310619299864,-0.06913706384513174,0.1447310619299864,-20.89561107849131,-0,0.003377916496427429,0.003377916496427429,0,-14.14315600213288,-0.0005408996494402629,0.04294989694740726,85.89979389481454
USD,2015,outer,retrospective,rolling63,daily,5,0,5,0.01984126984126984,observation,98.09017686622936,0.08136690623735038,0.1761170444579321,0.03138598252794572,0.1761170444579321,-14.14315600213288,-0,0.00153932828864329,0.00153932828864329,0,-17.2233519077081,0.05200013232804324,0.04448922523605055,88.97845047210112
USD,2015,outer,retrospective,rolling63,daily,5,0,6,0.02380952380952381,observation,98.01544465664701,0.07896467868039084,0.1513080615032881,-0.02480898295464407,0.1513080615032881,-17.2233519077081,-0,0.001215831747889307,0.001215831747889307,0,-14.79290424367738,0.03762268470269881,0.04570505698393985,91.41011396787972
USD,2015,outer,retrospective,rolling63,daily,5,0,7,0.02777777777777778,observation,97.83276592211243,0.07878691703448346,0.1208812261619412,-0.03042683534134683,0.1208812261619412,-14.79290424367738,-0,0.001488370729850321,0.001488370729850321,0,-11.81765115470659,0.008493548772545267,0.04719342771379018,94.38685542758037
USD,2015,outer,retrospective,rolling63,daily,5,0,8,0.03174603174603174,observation,97.77464087021507,0.07862330185976739,0.1054094820656001,-0.01547174409634117,0.1054094820656001,-11.81765115470659,-0,0.0007563721113278139,0.0007563721113278139,0,-10.30566330416229,0.0007109491171384263,0.04794979982511799,95.899599650236
USD,2015,outer,retrospective,rolling63,daily,5,0,9,0.03571428571428571,observation,97.21830108776885,0.07938438507377979,0.05263006570013878,-0.0527794163654613,0.05263006570013878,-10.30566330416229,-0,0.002565562595727065,0.002565562595727065,0,-5.177103675303882,-0.06049810179873383,0.05051536242084505,101.0307248416901
USD,2015,outer,retrospective,rolling63,daily,5,0,10,0.03968253968253968,observation,96.2218716266711,0.08096778418915823,0.01165742268061177,-0.04097264301952702,0.01165742268061176,-5.177103675303882,-0,0.001971232198415176,0.001971232198415176,0,-1.236610510671946,-0.1149114820002772,0.05248659461926023,104.9731892385205
USD,2015,outer,retrospective,rolling63,daily,5,0,11,0.04365079365079365,observation,96.36303246699329,0.08018973216422508,0.01041015611186982,-0.001247266568741939,0.01041015611186982,-1.236610510671946,-0,6.009519442933741e-05,6.009519442933741e-05,0,-1.116480217007701,-0.1133260056131205,0.05254668981368957,105.0933796273792
USD,2015,outer,retrospective,rolling63,daily,5,0,12,0.04761904761904762,observation,96.14713941708877,0.0799341081321437,0.004751480880856433,-0.00565867523101339,0.004751480880856433,-1.116480217007701,-0,0.0002720327181761357,0.0002720327181761357,0,-0.5726868133736056,-0.1158455186842705,0.0528187225318657,105.6374450637314
USD,2015,outer,retrospective,rolling63,daily,5,0,13,0.05158730158730158,observation,96.26338952088351,0.07995206670319756,0.003836038668128134,-0.0009154422127282988,0.003836038668128134,-0.5726868133736056,-0,4.406178515386186e-05,4.406178515386186e-05,0,-0.4846073048510358,-0.115337220323846,0.05286278431701957,105.7255686340391
USD,2015,outer,retrospective,rolling63,daily,5,0,14,0.05555555555555555,observation,96.47097899194553,0.07933051445226387,0.003356801412433053,-0.000479237255695081,0.003356801412433053,-0.4846073048510358,-0,2.31162436131589e-05,2.31162436131589e-05,0,-0.4383979338683311,-0.114564015329369,0.05288590056063273,105.7718011212655
USD,2015,outer,retrospective,rolling63,daily,5,0,15,0.05952380952380952,observation,92.98347587810346,0.1081756844675713,6.807915458244535e-06,-0.003349993496974808,6.807915458244534e-06,-0.4383979338683311,-0,0.0001557470197588803,0.0001557470197588803,0,-0.1270596413703295,-0.1264266177275376,0.05304164758039161,106.0832951607832
USD,2015,outer,retrospective,rolling63,daily,5,0,16,0.06349206349206349,observation,93.3654405048576,0.108474452953416,3.642171187752978e-06,-3.165744270491556e-06,3.642171187752978e-06,-0.1270596413703295,-0,1.477855541700866e-07,1.477855541700866e-07,0,-0.1267642180475435,-0.1264241651302048,0.05304179536594578,106.0835907318916
USD,2015,outer,retrospective,rolling63,daily,5,0,17,0.06746031746031746,observation,93.88026239309143,0.1089848161314474,2.192077648786036e-06,-1.450093538966942e-06,2.192077648786036e-06,-0.1267642180475435,-0,6.806758096637152e-08,6.806758096637152e-08,0,-0.1266281509531917,-0.1264223581283377,0.05304186343352674,106.0837268670535
USD,2015,outer,retrospective,rolling63,daily,5,0,18,0.07142857142857142,observation,94.19579838910572,0.108650367236781,2.35187217383541e-07,-1.956890431402495e-06,2.351872173835412e-07,-0.1266281509531917,-0,9.216542827297978e-08,9.216542827297978e-08,0,-0.126443912262074,-0.1264217586143617,0.05304195559895502,106.08391119791
USD,2015,outer,retrospective,rolling63,daily,5,0,19,0.07539682539682539,observation,93.95499460267376,0.1087572045617588,6.345715893260276e-11,-2.351237602246086e-07,6.345715893261221e-11,-0.126443912262074,-0,1.104552581143173e-08,1.104552581143173e-08,0,-0.126421832255977,-0.12642182629386,0.05304196664448083,106.0839332889617
USD,2015,outer,retrospective,rolling63,daily,5,0,20,0.07936507936507936,observation,93.87195881424896,0.1065346109107471,2.262282479343334e-21,-6.345715893034992e-11,2.262287276544246e-21,-0.126421832255977,-0,2.978423904789529e-12,2.978423904789529e-12,0,-0.1264218263021076,-0.1264218263021076,0.05304196664745926,106.0839332949185
USD,2015,outer,retrospective,rolling63,daily,5,0,21,0.08333333333333333,settlement,93.91347670846135,,0,-2.262287276544246e-21,0,-0.1264218263021076,-0,1.062296317267932e-22,1.062296317267932e-22,0,-0.1264218263021076,-0.1264218263021076,0.05304196664745926,106.0839332949185
USD,2015,outer,retrospective,rolling63,every5,5,0,0,0,entry,100,0.07932966997513859,0.5045678896610871,0.5045678896610871,0.5045678896610871,0.9135779322174216,0,0.02522839448305435,0.02522839448305435,0,-49.56843942837434,0.8883495377343706,0.02522839448305435,50.45678896610871
USD,2015,outer,retrospective,rolling63,every5,5,0,1,0.003968253968253968,observation,98.93714190816243,0.08212347759344621,0.3262494617334184,0,0.5045678896610871,-49.56843942837434,-0,0,0,0,-49.56843942837434,0.3520654733266824,0.02522839448305435,50.45678896610871
USD,2015,outer,retrospective,rolling63,every5,5,0,2,0.007936507936507936,observation,98.92883832931994,0.08172307972249448,0.3196414887971827,0,0.5045678896610871,-49.56843942837434,-0,0,0,0,-49.56843942837434,0.3478757540734918,0.02522839448305435,50.45678896610871
USD,2015,outer,retrospective,rolling63,every5,5,0,3,0.0119047619047619,observation,98.23964128539401,0.08264147365678799,0.2138681257751182,0,0.5045678896610871,-49.56843942837434,-0,0,0,0,-49.56843942837434,0.000129056059122945,0.02522839448305435,50.45678896610871
USD,2015,outer,retrospective,rolling63,every5,5,0,4,0.01587301587301587,observation,97.7165158183177,0.08311082963525988,0.1447310619299864,0,0.5045678896610871,-49.56843942837434,-0,0,0,0,-49.56843942837434,-0.2638232568915413,0.02522839448305435,50.45678896610871
USD,2015,outer,retrospective,rolling63,every5,5,0,5,0.01984126984126984,observation,98.09017686622936,0.08136690623735038,0.1761170444579321,-0.328450845203155,0.1761170444579321,-49.56843942837434,-0,0.01610890074892,0.01610890074892,0,-17.36674683128327,-0.09139479124712224,0.04133729523197435,82.6745904639487
USD,2015,outer,retrospective,rolling63,every5,5,0,6,0.02380952380952381,observation,98.01544465664701,0.07896467868039084,0.1513080615032881,0,0.1761170444579321,-17.36674683128327,-0,0,0,0,-17.36674683128327,-0.1045564071245764,0.04133729523197435,82.6745904639487
USD,2015,outer,retrospective,rolling63,every5,5,0,7,0.02777777777777778,observation,97.83276592211243,0.07878691703448346,0.1208812261619412,0,0.1761170444579321,-17.36674683128327,-0,0,0,0,-17.36674683128327,-0.1367292459361238,0.04133729523197435,82.6745904639487
USD,2015,outer,retrospective,rolling63,every5,5,0,8,0.03174603174603174,observation,97.77464087021507,0.07862330185976739,0.1054094820656001,0,0.1761170444579321,-17.36674683128327,-0,0,0,0,-17.36674683128327,-0.1469660582852512,0.04133729523197435,82.6745904639487
USD,2015,outer,retrospective,rolling63,every5,5,0,9,0.03571428571428571,observation,97.21830108776885,0.07938438507377979,0.05263006570013878,0,0.1761170444579321,-17.36674683128327,-0,0,0,0,-17.36674683128327,-0.244946976484048,0.04133729523197435,82.6745904639487
USD,2015,outer,retrospective,rolling63,every5,5,0,10,0.03968253968253968,observation,96.2218716266711,0.08096778418915823,0.01165742268061177,-0.1644596217773204,0.01165742268061176,-17.36674683128327,-0,0.007912306307214102,0.007912306307214102,0,-1.550046523162274,-0.4283474944906054,0.04924960153918845,98.49920307837691
USD,2015,outer,retrospective,rolling63,every5,5,0,11,0.04365079365079365,observation,96.36303246699329,0.08018973216422508,0.01041015611186982,0,0.01165742268061176,-1.550046523162274,-0,0,0,0,-1.550046523162274,-0.4267019229090192,0.04924960153918845,98.49920307837691
USD,2015,outer,retrospective,rolling63,every5,5,0,12,0.04761904761904762,observation,96.14713941708877,0.0799341081321437,0.004751480880856433,0,0.01165742268061176,-1.550046523162274,-0,0,0,0,-1.550046523162274,-0.4292186794455628,0.04924960153918845,98.49920307837691
USD,2015,outer,retrospective,rolling63,every5,5,0,13,0.05158730158730158,observation,96.26338952088351,0.07995206670319756,0.003836038668128134,0,0.01165742268061176,-1.550046523162274,-0,0,0,0,-1.550046523162274,-0.4278635028489624,0.04924960153918845,98.49920307837691
USD,2015,outer,retrospective,rolling63,every5,5,0,14,0.05555555555555555,observation,96.47097899194553,0.07933051445226387,0.003356801412433053,0,0.01165742268061176,-1.550046523162274,-0,0,0,0,-1.550046523162274,-0.4254435446407479,0.04924960153918845,98.49920307837691
USD,2015,outer,retrospective,rolling63,every5,5,0,15,0.05952380952380952,observation,92.98347587810346,0.1081756844675713,6.807915458244535e-06,-0.01165061476515352,6.807915458244967e-06,-1.550046523162274,-0,0.0005416573284903641,0.0005416573284903641,0,-0.4672735235100367,-0.4666404998672448,0.04979125886767882,99.58251773535764
USD,2015,outer,retrospective,rolling63,every5,5,0,16,0.06349206349206349,observation,93.3654405048576,0.108474452953416,3.642171187752978e-06,0,6.807915458244967e-06,-0.4672735235100367,-0,0,0,0,-0.4672735235100367,-0.4666378994843579,0.04979125886767882,99.58251773535764
USD,2015,outer,retrospective,rolling63,every5,5,0,17,0.06746031746031746,observation,93.88026239309143,0.1089848161314474,2.192077648786036e-06,0,6.807915458244967e-06,-0.4672735235100367,-0,0,0,0,-0.4672735235100367,-0.4666343946204667,0.04979125886767882,99.58251773535764
USD,2015,outer,retrospective,rolling63,every5,5,0,18,0.07142857142857142,observation,94.19579838910572,0.108650367236781,2.35187217383541e-07,0,6.807915458244967e-06,-0.4672735235100367,-0,0,0,0,-0.4672735235100367,-0.4666322464780818,0.04979125886767882,99.58251773535764
USD,2015,outer,retrospective,rolling63,every5,5,0,19,0.07539682539682539,observation,93.95499460267376,0.1087572045617588,6.345715893260276e-11,0,6.807915458244967e-06,-0.4672735235100367,-0,0,0,0,-0.4672735235100367,-0.4666338858499018,0.04979125886767882,99.58251773535764
USD,2015,outer,retrospective,rolling63,every5,5,0,20,0.07936507936507936,observation,93.87195881424896,0.1065346109107471,2.262282479343334e-21,-6.807915458244965e-06,2.541098841762901e-21,-0.4672735235100367,-0,3.195361797536301e-07,3.195361797536301e-07,0,-0.4666347706867092,-0.4666347706867092,0.04979157840385857,99.58315680771715
USD,2015,outer,retrospective,rolling63,every5,5,0,21,0.08333333333333333,settlement,93.91347670846135,,0,-2.541098841762901e-21,0,-0.4666347706867092,-0,1.193217134448991e-22,1.193217134448991e-22,0,-0.4666347706867092,-0.4666347706867092,0.04979157840385857,99.58315680771715
USD,2015,outer,retrospective,rolling63,band05,5,0,0,0,entry,100,,0.5045678896610871,0.5045678896610871,0.5045678896610871,0.9135779322174216,0,0.02522839448305435,0.02522839448305435,0,-49.56843942837434,0.8883495377343706,0.02522839448305435,50.45678896610871
USD,2015,outer,retrospective,rolling63,band05,5,0,1,0.003968253968253968,observation,98.93714190816243,,0.3262494617334184,-0.1283184279276687,0.3762494617334184,-49.56843942837434,-0,0.006347729256656037,0.006347729256656037,0,-36.87932864431892,0.3457177440700221,0.03157612373971039,63.15224747942079
USD,2015,outer,retrospective,rolling63,band05,5,0,2,0.007936507936507936,observation,98.92883832931994,,0.3196414887971827,-0.006607972936235718,0.3696414887971827,-36.87932864431892,-0,0.0003268595431466925,0.0003268595431466925,0,-36.22593641756869,0.3422666674569257,0.03190298328285709,63.80596656571417
USD,2015,outer,retrospective,rolling63,band05,5,0,3,0.0119047619047619,observation,98.23964128539401,,0.2138681257751182,-0.1057733630220645,0.2638681257751181,-36.22593641756869,-0,0.00519556862041869,0.00519556862041869,0,-25.83999474535173,0.08231527744510458,0.03709855190327578,74.19710380655155
USD,2015,outer,retrospective,rolling63,band05,5,0,4,0.01587301587301587,observation,97.7165158183177,,0.1447310619299864,-0.06913706384513174,0.1947310619299864,-25.83999474535173,-0,0.003377916496427429,0.003377916496427429,0,-19.0875396689933,-0.05909877559398069,0.04047646839970321,80.95293679940642
USD,2015,outer,retrospective,rolling63,band05,5,0,5,0.01984126984126984,observation,98.09017686622936,,0.1761170444579321,0,0.1947310619299864,-19.0875396689933,-0,0,0,0,-19.0875396689933,0.01366463706772691,0.04047646839970321,80.95293679940642
USD,2015,outer,retrospective,rolling63,band05,5,0,6,0.02380952380952381,observation,98.01544465664701,,0.1513080615032881,0,0.1947310619299864,-19.0875396689933,-0,0,0,0,-19.0875396689933,-0.0008880454646167379,0.04047646839970321,80.95293679940642
USD,2015,outer,retrospective,rolling63,band05,5,0,7,0.02777777777777778,observation,97.83276592211243,,0.1208812261619412,-0.02384983576804517,0.1708812261619412,-19.0875396689933,-0,0.001166647699987994,0.001166647699987994,0,-16.7554109167173,-0.03762791713254998,0.0416431160996912,83.2862321993824
USD,2015,outer,retrospective,rolling63,band05,5,0,8,0.03174603174603174,observation,97.77464087021507,,0.1054094820656001,-0.01547174409634117,0.1554094820656001,-16.7554109167173,-0,0.0007563721113278139,0.0007563721113278139,0,-15.243423066173,-0.04831676938282747,0.04239948821101901,84.79897642203802
USD,2015,outer,retrospective,rolling63,band05,5,0,9,0.03571428571428571,observation,97.21830108776885,,0.05263006570013878,-0.05277941636546128,0.1026300657001388,-15.243423066173,-0,0.002565562595727065,0.002565562595727065,0,-10.1148634373146,-0.1373428094210087,0.04496505080674608,89.93010161349216
USD,2015,outer,retrospective,rolling63,band05,5,0,10,0.03968253968253968,observation,96.2218716266711,,0.01165742268061177,-0.04097264301952702,0.06165742268061176,-10.1148634373146,-0,0.001971232198415176,0.001971232198415176,0,-6.174370272682665,-0.2415776626774404,0.04693628300516126,93.8725660103225
USD,2015,outer,retrospective,rolling63,band05,5,0,11,0.04365079365079365,observation,96.36303246699329,,0.01041015611186982,-0.001247266568741939,0.06041015611186983,-6.174370272682665,-0,6.00951944293374e-05,6.00951944293374e-05,0,-6.054239979018419,-0.2329341442741741,0.04699637819959059,93.99275639918118
USD,2015,outer,retrospective,rolling63,band05,5,0,12,0.04761904761904762,observation,96.14713941708877,,0.004751480880856433,-0.005658675231013391,0.05475148088085643,-6.054239979018419,-0,0.0002720327181761357,0.0002720327181761357,0,-5.510446575384324,-0.2462483098405501,0.04726841091776673,94.53682183553344
USD,2015,outer,retrospective,rolling63,band05,5,0,13,0.05158730158730158,observation,96.26338952088351,,0.003836038668128134,-0.0009154422127282957,0.05383603866812814,-5.510446575384324,-0,4.406178515386172e-05,4.406178515386172e-05,0,-5.422367066861755,-0.2399275062903889,0.04731247270292059,94.62494540584117
USD,2015,outer,retrospective,rolling63,band05,5,0,14,0.05555555555555555,observation,96.47097899194553,,0.003356801412433053,-0.0004792372556950836,0.05335680141243306,-5.422367066861755,-0,2.311624361315902e-05,2.311624361315902e-05,0,-5.37615769587905,-0.2287748277428108,0.04733558894653375,94.67117789306749
USD,2015,outer,retrospective,rolling63,band05,5,0,15,0.05952380952380952,observation,92.98347587810346,,6.807915458244535e-06,-0.003349993496974811,0.05000680791545824,-5.37615769587905,-0,0.0001557470197588804,0.0001557470197588804,0,-5.064819403381048,-0.4150125858330824,0.04749133596629263,94.98267193258525
USD,2015,outer,retrospective,rolling63,band05,5,0,16,0.06349206349206349,observation,93.3654405048576,,3.642171187752978e-06,-3.165744270491877e-06,0.05000364217118775,-5.064819403381048,-0,1.477855541701016e-07,1.477855541701016e-07,0,-5.064523980058262,-0.3959119018980433,0.0474914837518468,94.98296750369359
USD,2015,outer,retrospective,rolling63,band05,5,0,17,0.06746031746031746,observation,93.88026239309143,,2.192077648786036e-06,-1.450093538961361e-06,0.05000219207764879,-5.064523980058262,-0,6.806758096610958e-08,6.806758096610958e-08,0,-5.064387912963911,-0.3701690004844851,0.04749155181942777,94.98310363885552
USD,2015,outer,retrospective,rolling63,band05,5,0,18,0.07142857142857142,observation,94.19579838910572,,2.35187217383541e-07,-1.956890431406566e-06,0.05000023518721738,-5.064387912963911,-0,9.216542827317151e-08,9.216542827317151e-08,0,-5.064203674272792,-0.3543916011697936,0.04749164398485604,94.98328796971207
USD,2015,outer,retrospective,rolling63,band05,5,0,19,0.07539682539682539,observation,93.95499460267376,,6.345715893260276e-11,-2.351237602254974e-07,0.05000000006345716,-5.064203674272792,-0,1.104552581147349e-08,1.104552581147349e-08,0,-5.064181594266695,-0.3664318581708894,0.04749165503038186,94.98331006076369
USD,2015,outer,retrospective,rolling63,band05,5,0,20,0.07936507936507936,observation,93.87195881424896,,2.262282479343334e-21,-6.345715619637815e-11,0.05,-5.064181594266695,-0,2.978423776467886e-12,2.978423776467886e-12,0,-5.064181588312826,-0.3705836476003777,0.04749165503336028,94.98331006672053
USD,2015,outer,retrospective,rolling63,band05,5,0,21,0.08333333333333333,settlement,93.91347670846135,,0,-0.05,0,-5.064181588312826,-0,0.002347836917711534,0.002347836917711534,0,-0.3708555898074692,-0.3708555898074692,0.04983949195107182,99.6789839021436
USD,2015,outer,retrospective,rolling63,band10,5,0,0,0,entry,100,,0.5045678896610871,0.5045678896610871,0.5045678896610871,0.9135779322174216,0,0.02522839448305435,0.02522839448305435,0,-49.56843942837434,0.8883495377343706,0.02522839448305435,50.45678896610871
USD,2015,outer,retrospective,rolling63,band10,5,0,1,0.003968253968253968,observation,98.93714190816243,,0.3262494617334184,-0.07831842792766874,0.4262494617334184,-49.56843942837434,-0,0.003874300708951977,0.003874300708951977,0,-41.82371231117934,0.3481911726177316,0.02910269519200633,58.20539038401267
USD,2015,outer,retrospective,rolling63,band10,5,0,2,0.007936507936507936,observation,98.92883832931994,,0.3196414887971827,-0.006607972936235718,0.4196414887971827,-41.82371231117934,-0,0.0003268595431466925,0.0003268595431466925,0,-41.1703200844291,0.344324917062508,0.02942955473515303,58.85910947030605
USD,2015,outer,retrospective,rolling63,band10,5,0,3,0.0119047619047619,observation,98.23964128539401,,0.2138681257751182,-0.1057733630220645,0.3138681257751181,-41.1703200844291,-0,0.00519556862041869,0.00519556862041869,0,-30.78437841221214,0.04991367485439469,0.03462512335557172,69.25024671114343
USD,2015,outer,retrospective,rolling63,band10,5,0,4,0.01587301587301587,observation,97.7165158183177,,0.1447310619299864,-0.06913706384513171,0.2447310619299864,-30.78437841221214,-0,0.003377916496427427,0.003377916496427427,0,-24.03192333585372,-0.1176566515385069,0.03800303985199915,76.00607970399828
USD,2015,outer,retrospective,rolling63,band10,5,0,5,0.01984126984126984,observation,98.09017686622936,,0.1761170444579321,0,0.2447310619299864,-24.03192333585372,-0,0,0,0,-24.03192333585372,-0.02621018648121876,0.03800303985199915,76.00607970399828
USD,2015,outer,retrospective,rolling63,band10,5,0,6,0.02380952380952381,observation,98.01544465664701,,0.1513080615032881,0,0.2447310619299864,-24.03192333585372,-0,0,0,0,-24.03192333585372,-0.04449947949268207,0.03800303985199915,76.00607970399828
USD,2015,outer,retrospective,rolling63,band10,5,0,7,0.02777777777777778,observation,97.83276592211243,,0.1208812261619412,-0.02384983576804517,0.2208812261619413,-24.03192333585372,-0,0.001166647699987994,0.001166647699987994,0,-21.69979458357772,-0.090373287887342,0.03916968755198714,78.33937510397426
USD,2015,outer,retrospective,rolling63,band10,5,0,8,0.03174603174603174,observation,97.77464087021507,,0.1054094820656001,-0.01547174409634117,0.2054094820656001,-21.69979458357772,-0,0.0007563721113278139,0.0007563721113278139,0,-20.18780673303342,-0.103968392732483,0.03992605966331495,79.85211932662989
USD,2015,outer,retrospective,rolling63,band10,5,0,9,0.03571428571428571,observation,97.21830108776885,,0.05263006570013878,-0.0527794163654613,0.1526300657001388,-20.18780673303342,-0,0.002565562595727065,0.002565562595727065,0,-15.05924710417501,-0.2208114218929769,0.04249162225904202,84.98324451808402
USD,2015,outer,retrospective,rolling63,band10,5,0,10,0.03968253968253968,observation,96.2218716266711,,0.01165742268061177,-0.04097264301952702,0.1116574226806118,-15.05924710417501,-0,0.001971232198415176,0.001971232198415176,0,-11.11875393954308,-0.3748677482042968,0.04446285445745719,88.92570891491437
USD,2015,outer,retrospective,rolling63,band10,5,0,11,0.04365079365079365,observation,96.36303246699329,,0.01041015611186982,-0.001247266568741939,0.1104101561118698,-11.11875393954308,-0,6.00951944293374e-05,6.00951944293374e-05,0,-10.99862364587883,-0.3591661877849202,0.04452294965188653,89.04589930377304
USD,2015,outer,retrospective,rolling63,band10,5,0,12,0.04761904761904762,observation,96.14713941708877,,0.004751480880856433,-0.005658675231013391,0.1047514808808564,-10.99862364587883,-0,0.0002720327181761357,0.0002720327181761357,0,-10.45483024224473,-0.3832750058465209,0.04479498237006267,89.58996474012531
USD,2015,outer,retrospective,rolling63,band10,5,0,13,0.05158730158730158,observation,96.26338952088351,,0.003836038668128134,-0.0009154422127282957,0.1038360386681281,-10.45483024224473,-0,4.406178515386172e-05,4.406178515386172e-05,0,-10.36675073372216,-0.3711416971066228,0.04483904415521653,89.67808831043304
USD,2015,outer,retrospective,rolling63,band10,5,0,14,0.05555555555555555,observation,96.47097899194553,,0.003356801412433053,-0.0004792372556950836,0.1033568014124331,-10.36675073372216,-0,2.311624361315902e-05,2.311624361315902e-05,0,-10.32054136273946,-0.3496095450059435,0.04486216039882969,89.72432079765936
USD,2015,outer,retrospective,rolling63,band10,5,0,15,0.05952380952380952,observation,92.98347587810346,,6.807915458244535e-06,-0.003349993496974804,0.1000068079154583,-10.32054136273946,-0,0.0001557470197588801,0.0001557470197588801,0,-10.00920307024146,-0.7102224587883175,0.04501790741858857,90.03581483717711
USD,2015,outer,retrospective,rolling63,band10,5,0,16,0.06349206349206349,observation,93.3654405048576,,3.642171187752978e-06,-3.165744270491877e-06,0.1000036421711878,-10.00920307024146,-0,1.477855541701016e-07,1.477855541701016e-07,0,-10.00890764691867,-0.6720235435155715,0.04501805520414274,90.03611040828545
USD,2015,outer,retrospective,rolling63,band10,5,0,17,0.06746031746031746,observation,93.88026239309143,,2.192077648786036e-06,-1.4500935389683e-06,0.1000021920776488,-10.00890764691867,-0,6.806758096643527e-08,6.806758096643527e-08,0,-10.00877157982432,-0.6205395476903206,0.04501812327172371,90.03624654344739
USD,2015,outer,retrospective,rolling63,band10,5,0,18,0.07142857142857142,observation,94.19579838910572,,2.35187217383541e-07,-1.956890431406566e-06,0.1000002351872174,-10.00877157982432,-0,9.216542827317151e-08,9.216542827317151e-08,0,-10.0085873411332,-0.5889853485749157,0.04501821543715198,90.03643087430393
USD,2015,outer,retrospective,rolling63,band10,5,0,19,0.07539682539682539,observation,93.95499460267376,,6.345715893260276e-11,-2.351237602254974e-07,0.1000000000634572,-10.0085873411332,-0,1.104552581147349e-08,1.104552581147349e-08,0,-10.0085652611271,-0.6130657948976097,0.0450182264826778,90.03645296535555
USD,2015,outer,retrospective,rolling63,band10,5,0,20,0.07936507936507936,observation,93.87195881424896,,2.262282479343334e-21,-6.345715619637815e-11,0.1,-10.0085652611271,-0,2.978423776467886e-12,2.978423776467886e-12,0,-10.00856525517323,-0.6213693737483386,0.04501822648565622,90.0364529713124
USD,2015,outer,retrospective,rolling63,band10,5,0,21,0.08333333333333333,settlement,93.91347670846135,,0,-0.1,0,-10.00856525517323,-0,0.004695673835423068,0.004695673835423068,0,-0.6219132581625217,-0.6219132581625217,0.04971390032107929,99.42780064215853
USD,2015,outer,retrospective,ewma97,daily,5,0,0,0,entry,100,0.07771519672812306,0.5044749304550743,0.5044749304550743,0.5044749304550743,0.9135779322174216,0,0.02522374652275371,0.02522374652275371,0,-49.55913885981276,0.8883541856946664,0.02522374652275371,50.44749304550743
USD,2015,outer,retrospective,ewma97,daily,5,0,1,0.003968253968253968,observation,98.93714190816243,0.08198571312025947,0.3259627544577689,-0.1785121759973054,0.3259627544577689,-49.55913885981276,-0,0.008830742244490136,0.008830742244490136,0,-31.90648511307698,0.3433381814868071,0.03405448876724385,68.10897753448771
USD,2015,outer,retrospective,ewma97,daily,5,0,2,0.007936507936507936,observation,98.92883832931994,0.0807468928031268,0.3175226613313029,-0.008440093126465986,0.3175226613313029,-31.90648511307698,-0,0.000417484304196279,0.000417484304196279,0,-31.07193398898862,0.3402140397512525,0.03447197307144013,68.94394614288026
USD,2015,outer,retrospective,ewma97,daily,5,0,3,0.0119047619047619,observation,98.23964128539401,0.08181652750898281,0.2114820675869657,-0.1060405937443372,0.2114820675869657,-31.07193398898862,-0,0.005208694945566942,0.005208694945566942,0,-20.6597527928003,0.1161696652366579,0.03968066801700707,79.36133603401414
USD,2015,outer,retrospective,ewma97,daily,5,0,4,0.01587301587301587,observation,97.7165158183177,0.08190629383889778,0.1411435272072593,-0.07033854037970638,0.1411435272072593,-20.6597527928003,-0,0.003436618546825478,0.003436618546825478,0,-13.78995231769617,0.002101391305137312,0.04311728656383255,86.2345731276651
USD,2015,outer,retrospective,ewma97,daily,5,0,5,0.01984126984126984,observation,98.09017686622936,0.08134805535543801,0.1760600272958909,0.03491650008863162,0.1760600272958909,-13.78995231769617,-0,0.001712482834621794,0.001712482834621794,0,-17.21663046977438,0.05312874675272639,0.04482976939845434,89.65953879690869
USD,2015,outer,retrospective,ewma97,daily,5,0,6,0.02380952380952381,observation,98.01544465664701,0.08014594482771009,0.15496715547947,-0.02109287181642094,0.15496715547947,-17.21663046977438,-0,0.001033713605086078,0.001033713605086078,0,-15.15023697320731,0.0389376782886881,0.04586348300354042,91.72696600708085
USD,2015,outer,retrospective,ewma97,daily,5,0,7,0.02777777777777778,observation,97.83276592211243,0.07910108200781278,0.1218335522551054,-0.03313360322436459,0.1218335522551054,-15.15023697320731,-0,0.001620776024202705,0.001620776024202705,0,-11.91030570082611,0.00900769840707305,0.04748425902774313,94.96851805548626
USD,2015,outer,retrospective,ewma97,daily,5,0,8,0.03174603174603174,observation,97.77464087021507,0.07792266617303838,0.1033435381248426,-0.01849001413026274,0.1033435381248426,-11.91030570082611,-0,0.0009039272456358209,0.0009039272456358209,0,-10.1033551368001,0.001022189613768987,0.04838818627337895,96.7763725467579
USD,2015,outer,retrospective,ewma97,daily,5,0,9,0.03571428571428571,observation,97.21830108776885,0.07833229736103996,0.0503097089140041,-0.05303382921083855,0.0503097089140041,-10.1033551368001,-0,0.002577929388028307,0.002577929388028307,0,-4.950074290131516,-0.0590498612918573,0.05096611566140725,101.9322313228145
USD,2015,outer,retrospective,ewma97,daily,5,0,10,0.03968253968253968,observation,96.2218716266711,0.08218434919624731,0.01272815356578094,-0.03758155534822315,0.01272815356578094,-4.950074290131516,-0,0.001808083797123682,0.001808083797123682,0,-1.335714779681276,-0.1109880212301464,0.05277419945853094,105.5483989170619
USD,2015,outer,retrospective,ewma97,daily,5,0,11,0.04365079365079365,observation,96.36303246699329,0.08104249480338287,0.01110554646273232,-0.001622607103048618,0.01110554646273232,-1.335714779681276,-0,7.817967047612396e-05,7.817967047612396e-05,0,-1.179433618399504,-0.109269484047527,0.05285237912900706,105.7047582580141
USD,2015,outer,retrospective,ewma97,daily,5,0,12,0.04761904761904762,observation,96.14713941708877,0.08005549102371978,0.004806411831875582,-0.006299134630856741,0.004806411831875582,-1.179433618399504,-0,0.0003028218877799976,0.0003028218877799976,0,-0.5740926647272893,-0.1119699162320026,0.05315520101678706,106.3104020335741
USD,2015,outer,retrospective,ewma97,daily,5,0,13,0.05158730158730158,observation,96.26338952088351,0.07891548463814302,0.003452645960560762,-0.00135376587131482,0.003452645960560762,-0.5740926647272893,-0,6.515904569522839e-05,6.515904569522839e-05,0,-0.4438397323825277,-0.1114763294033621,0.05322036006248228,106.4407201249646
USD,2015,outer,retrospective,ewma97,daily,5,0,14,0.05555555555555555,observation,96.47097899194553,0.07794809365151632,0.00289862672396639,-0.0005540192365943723,0.00289862672396639,-0.4438397323825277,-0,2.67233890673147e-05,2.67233890673147e-05,0,-0.3904196776369656,-0.1107863198437121,0.0532470834515496,106.4941669030992
USD,2015,outer,retrospective,ewma97,daily,5,0,15,0.05952380952380952,observation,92.98347587810346,0.1270553128522316,0.0001074215200200106,-0.002791205203946379,0.0001074215200200105,-0.3904196776369656,-0,0.0001297679808759925,0.0001297679808759925,0,-0.1310134838658566,-0.1210250575502867,0.05337685143242559,106.7537028648512
USD,2015,outer,retrospective,ewma97,daily,5,0,16,0.06349206349206349,observation,93.3654405048576,0.1256415982309984,5.439236565907677e-05,-5.30291543609337e-05,5.439236565907677e-05,-0.1310134838658566,-0,2.475545178254333e-06,2.475545178254333e-06,0,-0.1260648690545262,-0.1209865018746652,0.05337932697760384,106.7586539552077
USD,2015,outer,retrospective,ewma97,daily,5,0,17,0.06746031746031746,observation,93.88026239309143,0.1246628887684083,2.998962353323028e-05,-2.440274212584649e-05,2.998962353323028e-05,-0.1260648690545262,-0,1.145467916942707e-06,1.145467916942707e-06,0,-0.1237750786885577,-0.120959644962188,0.05338047244552079,106.7609448910416
USD,2015,outer,retrospective,ewma97,daily,5,0,18,0.07142857142857142,observation,94.19579838910572,0.1231248439087339,4.409613380970234e-06,-2.558001015226004e-05,4.409613380970234e-06,-0.1237750786885577,-0,1.204764739546782e-06,1.204764739546782e-06,0,-0.1213667539742037,-0.1209513869211959,0.05338167721026033,106.7633544205207
USD,2015,outer,retrospective,ewma97,daily,5,0,19,0.07539682539682539,observation,93.95499460267376,0.1214679736254589,4.285912494377204e-09,-4.405327468475856e-06,4.285912494377385e-09,-0.1213667539742037,-0,2.069512592618298e-07,2.069512592618298e-07,0,-0.1209530584069393,-0.120952655724054,0.05338188416151959,106.7637683230392
USD,2015,outer,retrospective,ewma97,daily,5,0,20,0.07936507936507936,observation,93.87195881424896,0.1196567786748686,2.517155523811381e-17,-4.28591246920583e-09,2.517155519906125e-17,-0.1209530584069393,-0,2.011634993953829e-10,2.011634993953829e-10,0,-0.120952656281104,-0.1209526562811016,0.0533818843626831,106.7637687253662
USD,2015,outer,retrospective,ewma97,daily,5,0,21,0.08333333333333333,settlement,93.91347670846135,,0,-2.517155519906125e-17,0,-0.120952656281104,-0,1.181974131451394e-18,1.181974131451394e-18,0,-0.1209526562811016,-0.1209526562811016,0.0533818843626831,106.7637687253662
USD,2015,outer,retrospective,ewma97,every5,5,0,0,0,entry,100,0.07771519672812306,0.5044749304550743,0.5044749304550743,0.5044749304550743,0.9135779322174216,0,0.02522374652275371,0.02522374652275371,0,-49.55913885981276,0.8883541856946664,0.02522374652275371,50.44749304550743
USD,2015,outer,retrospective,ewma97,every5,5,0,1,0.003968253968253968,observation,98.93714190816243,0.08198571312025947,0.3259627544577689,0,0.5044749304550743,-49.55913885981276,-0,0,0,0,-49.55913885981276,0.3521689237312984,0.02522374652275371,50.44749304550743
USD,2015,outer,retrospective,ewma97,every5,5,0,2,0.007936507936507936,observation,98.92883832931994,0.0807468928031268,0.3175226613313029,0,0.5044749304550743,-49.55913885981276,-0,0,0,0,-49.55913885981276,0.3479799763722085,0.02522374652275371,50.44749304550743
USD,2015,outer,retrospective,ewma97,every5,5,0,3,0.0119047619047619,observation,98.23964128539401,0.08181652750898281,0.2114820675869657,0,0.5044749304550743,-49.55913885981276,-0,0,0,0,-49.55913885981276,0.0002973455678301207,0.02522374652275371,50.44749304550743
USD,2015,outer,retrospective,ewma97,every5,5,0,4,0.01587301587301587,observation,97.7165158183177,0.08190629383889778,0.1411435272072593,0,0.5044749304550743,-49.55913885981276,-0,0,0,0,-49.55913885981276,-0.2636063380547711,0.02522374652275371,50.44749304550743
USD,2015,outer,retrospective,ewma97,every5,5,0,5,0.01984126984126984,observation,98.09017686622936,0.08134805535543801,0.1760600272958909,-0.3284149031591834,0.1760600272958909,-49.55913885981276,-0,0.01610713796819494,0.01610713796819494,0,-17.36097006139107,-0.09121084486396214,0.04133088449094866,82.66176898189731
USD,2015,outer,retrospective,ewma97,every5,5,0,6,0.02380952380952381,observation,98.01544465664701,0.08014594482771009,0.15496715547947,0,0.1760600272958909,-17.36097006139107,-0,0,0,0,-17.36097006139107,-0.1043681997229129,0.04133088449094866,82.66176898189731
USD,2015,outer,retrospective,ewma97,every5,5,0,7,0.02777777777777778,observation,97.83276592211243,0.07910108200781278,0.1218335522551054,0,0.1760600272958909,-17.36097006139107,-0,0,0,0,-17.36097006139107,-0.1365306227114509,0.04133088449094866,82.66176898189731
USD,2015,outer,retrospective,ewma97,every5,5,0,8,0.03174603174603174,observation,97.77464087021507,0.07792266617303838,0.1033435381248426,0,0.1760600272958909,-17.36097006139107,-0,0,0,0,-17.36097006139107,-0.1467641209350745,0.04133088449094866,82.66176898189731
USD,2015,outer,retrospective,ewma97,every5,5,0,9,0.03571428571428571,observation,97.21830108776885,0.07833229736103996,0.0503097089140041,0,0.1760600272958909,-17.36097006139107,-0,0,0,0,-17.36097006139107,-0.244713318218345,0.04133088449094866,82.66176898189731
USD,2015,outer,retrospective,ewma97,every5,5,0,10,0.03968253968253968,observation,96.2218716266711,0.08218434919624731,0.01272815356578094,-0.16333187373011,0.01272815356578094,-17.36097006139107,-0,0.00785804929330115,0.00785804929330115,0,-1.652729524082075,-0.4280027656309446,0.04918893378424981,98.37786756849961
USD,2015,outer,retrospective,ewma97,every5,5,0,11,0.04365079365079365,observation,96.36303246699329,0.08104249480338287,0.01110554646273232,0,0.01272815356578094,-1.652729524082075,-0,0,0,0,-1.652729524082075,-0.4262060487778492,0.04918893378424981,98.37786756849961
USD,2015,outer,retrospective,ewma97,every5,5,0,12,0.04761904761904762,observation,96.14713941708877,0.08005549102371978,0.004806411831875582,0,0.01272815356578094,-1.652729524082075,-0,0,0,0,-1.652729524082075,-0.4289539686708188,0.04918893378424981,98.37786756849961
USD,2015,outer,retrospective,ewma97,every5,5,0,13,0.05158730158730158,observation,96.26338952088351,0.07891548463814302,0.003452645960560762,0,0.01272815356578094,-1.652729524082075,-0,0,0,0,-1.652729524082075,-0.4274743194976813,0.04918893378424981,98.37786756849961
USD,2015,outer,retrospective,ewma97,every5,5,0,14,0.05555555555555555,observation,96.47097899194553,0.07794809365151632,0.00289862672396639,0,0.01272815356578094,-1.652729524082075,-0,0,0,0,-1.652729524082075,-0.4248320888313648,0.04918893378424981,98.37786756849961
USD,2015,outer,retrospective,ewma97,every5,5,0,15,0.05952380952380952,observation,92.98347587810346,0.1270553128522316,0.0001074215200200106,-0.01262073204576093,0.0001074215200200113,-1.652729524082075,-0,0.0005867597668705094,0.0005867597668705094,0,-0.4797967501079261,-0.4698083237923562,0.04977569355112032,99.55138710224062
USD,2015,outer,retrospective,ewma97,every5,5,0,16,0.06349206349206349,observation,93.3654405048576,0.1256415982309984,5.439236565907677e-05,0,0.0001074215200200113,-0.4797967501079261,-0,0,0,0,-0.4797967501079261,-0.4697672925715564,0.04977569355112032,99.55138710224062
USD,2015,outer,retrospective,ewma97,every5,5,0,17,0.06746031746031746,observation,93.88026239309143,0.1246628887684083,2.998962353323028e-05,0,0.0001074215200200113,-0.4797967501079261,-0,0,0,0,-0.4797967501079261,-0.4697119896217827,0.04977569355112032,99.55138710224062
USD,2015,outer,retrospective,ewma97,every5,5,0,18,0.07142857142857142,observation,94.19579838910572,0.1231248439087339,4.409613380970234e-06,0,0.0001074215200200113,-0.4797967501079261,-0,0,0,0,-0.4797967501079261,-0.4696780942654699,0.04977569355112032,99.55138710224062
USD,2015,outer,retrospective,ewma97,every5,5,0,19,0.07539682539682539,observation,93.95499460267376,0.1214679736254589,4.285912494377204e-09,0,0.0001074215200200113,-0.4797967501079261,-0,0,0,0,-0.4797967501079261,-0.4697039617742349,0.04977569355112032,99.55138710224062
USD,2015,outer,retrospective,ewma97,every5,5,0,20,0.07936507936507936,observation,93.87195881424896,0.1196567786748686,2.517155523811381e-17,-0.0001074215200199862,2.516704292881977e-17,-0.4797967501079261,-0,5.04193425154008e-06,5.04193425154008e-06,0,-0.4697179235390975,-0.4697179235390951,0.04978073548537186,99.5614709707437
USD,2015,outer,retrospective,ewma97,every5,5,0,21,0.08333333333333333,settlement,93.91347670846135,,0,-2.516704292881977e-17,0,-0.4697179235390975,-0,1.181762249958281e-18,1.181762249958281e-18,0,-0.4697179235390951,-0.4697179235390951,0.04978073548537186,99.5614709707437
USD,2015,outer,retrospective,ewma97,band05,5,0,0,0,entry,100,,0.5044749304550743,0.5044749304550743,0.5044749304550743,0.9135779322174216,0,0.02522374652275371,0.02522374652275371,0,-49.55913885981276,0.8883541856946664,0.02522374652275371,50.44749304550743
USD,2015,outer,retrospective,ewma97,band05,5,0,1,0.003968253968253968,observation,98.93714190816243,,0.3259627544577689,-0.1285121759973054,0.3759627544577689,-49.55913885981276,-0,0.006357313696786076,0.006357313696786076,0,-36.8508687799374,0.3458116100345094,0.03158106021953979,63.16212043907958
USD,2015,outer,retrospective,ewma97,band05,5,0,2,0.007936507936507936,observation,98.92883832931994,,0.3175226613313029,-0.008440093126465986,0.3675226613313029,-36.8508687799374,-0,0.000417484304196279,0.000417484304196279,0,-36.01631765584904,0.3422722893568348,0.03199854452373607,63.99708904747214
USD,2015,outer,retrospective,ewma97,band05,5,0,3,0.0119047619047619,observation,98.23964128539401,,0.2114820675869657,-0.1060405937443372,0.2614820675869657,-36.01631765584904,-0,0.005208694945566942,0.005208694945566942,0,-25.60413645966072,0.0837680626459445,0.03720723946930302,74.41447893860602
USD,2015,outer,retrospective,ewma97,band05,5,0,4,0.01587301587301587,observation,97.7165158183177,,0.1411435272072593,-0.07033854037970638,0.1911435272072593,-25.60413645966072,-0,0.003436618546825478,0.003436618546825478,0,-18.73433598455659,-0.05645648463939423,0.04064385801612849,81.28771603225698
USD,2015,outer,retrospective,ewma97,band05,5,0,5,0.01984126984126984,observation,98.09017686622936,,0.1760600272958909,0,0.1911435272072593,-18.73433598455659,-0,0,0,0,-18.73433598455659,0.01496640603840049,0.04064385801612849,81.28771603225698
USD,2015,outer,retrospective,ewma97,band05,5,0,6,0.02380952380952381,observation,98.01544465664701,,0.15496715547947,0,0.1911435272072593,-18.73433598455659,-0,0,0,0,-18.73433598455659,0.0006818279028379948,0.04064385801612849,81.28771603225698
USD,2015,outer,retrospective,ewma97,band05,5,0,7,0.02777777777777778,observation,97.83276592211243,,0.1218335522551054,-0.01930997495215392,0.1718335522551054,-18.73433598455659,-0,0.0009445741297279643,0.0009445741297279643,0,-16.84613229923039,-0.03518060389158961,0.04158843214585645,83.1768642917129
USD,2015,outer,retrospective,ewma97,band05,5,0,8,0.03174603174603174,observation,97.77464087021507,,0.1033435381248426,-0.01849001413026274,0.1533435381248426,-16.84613229923039,-0,0.0009039272456358208,0.0009039272456358208,0,-15.03918173520438,-0.046072365279759,0.04249235939149228,84.98471878298454
USD,2015,outer,retrospective,ewma97,band05,5,0,9,0.03571428571428571,observation,97.21830108776885,,0.0503097089140041,-0.05303382921083855,0.1003097089140041,-15.03918173520438,-0,0.002577929388028306,0.002577929388028306,0,-9.885900888535797,-0.1339614053076961,0.04507028877952058,90.14057755904116
USD,2015,outer,retrospective,ewma97,band05,5,0,10,0.03968253968253968,observation,96.2218716266711,,0.01272815356578094,-0.03758155534822315,0.06272815356578094,-9.885900888535797,-0,0.001808083797123681,0.001808083797123681,0,-6.271541378085558,-0.2357210383008734,0.04687837257664426,93.75674515328852
USD,2015,outer,retrospective,ewma97,band05,5,0,11,0.04365079365079365,observation,96.36303246699329,,0.01110554646273232,-0.001622607103048616,0.06110554646273233,-6.271541378085558,-0,7.817967047612386e-05,7.817967047612386e-05,0,-6.115260216803787,-0.2269444591021443,0.04695655224712039,93.91310449424077
USD,2015,outer,retrospective,ewma97,band05,5,0,12,0.04761904761904762,observation,96.14713941708877,,0.004806411831875582,-0.006299134630856747,0.05480641183187558,-6.115260216803787,-0,0.0003028218877799978,0.0003028218877799978,0,-5.509919263131571,-0.2404395437818456,0.04725937413490038,94.51874826980077
USD,2015,outer,retrospective,ewma97,band05,5,0,13,0.05158730158730158,observation,96.26338952088351,,0.003452645960560762,-0.001353765871314819,0.05345264596056076,-5.509919263131571,-0,6.515904569522834e-05,6.515904569522834e-05,0,-5.37966633078681,-0.2341334517634683,0.04732453318059561,94.64906636119122
USD,2015,outer,retrospective,ewma97,band05,5,0,14,0.05555555555555555,observation,96.47097899194553,,0.00289862672396639,-0.0005540192365943719,0.05289862672396639,-5.37966633078681,-0,2.672338906731467e-05,2.672338906731467e-05,0,-5.326246276041248,-0.2230639686507176,0.04735125656966292,94.70251313932584
USD,2015,outer,retrospective,ewma97,band05,5,0,15,0.05952380952380952,observation,92.98347587810346,,0.0001074215200200106,-0.002791205203946379,0.05010742152002001,-5.326246276041248,-0,0.0001297679808759925,0.0001297679808759925,0,-5.066840082270139,-0.4076778620493959,0.04748102455053892,94.96204910107782
USD,2015,outer,retrospective,ewma97,band05,5,0,16,0.06349206349206349,observation,93.3654405048576,,5.439236565907677e-05,-5.302915436092986e-05,0.05005439236565908,-5.066840082270139,-0,2.475545178254154e-06,2.475545178254154e-06,0,-5.061891467458809,-0.3885410750360672,0.04748350009571717,94.96700019143434
USD,2015,outer,retrospective,ewma97,band05,5,0,17,0.06746031746031746,observation,93.88026239309143,,2.998962353323028e-05,-2.440274212584664e-05,0.05002998962353324,-5.061891467458809,-0,1.145467916942714e-06,1.145467916942714e-06,0,-5.05960167709284,-0.3627731237118983,0.04748464556363411,94.96929112726822
USD,2015,outer,retrospective,ewma97,band05,5,0,18,0.07142857142857142,observation,94.19579838910572,,4.409613380970234e-06,-2.558001015226519e-05,0.05000440961338097,-5.05960167709284,-0,1.204764739547024e-06,1.204764739547024e-06,0,-5.057193352378485,-0.3469880658701916,0.04748585032837366,94.97170065674732
USD,2015,outer,retrospective,ewma97,band05,5,0,19,0.07539682539682539,observation,93.95499460267376,,4.285912494377204e-09,-4.40532746847494e-06,0.0500000042859125,-5.057193352378485,-0,2.069512592617868e-07,2.069512592617868e-07,0,-5.056779656811221,-0.3590295239946473,0.04748605727963292,94.97211455926583
USD,2015,outer,retrospective,ewma97,band05,5,0,20,0.07936507936507936,observation,93.87195881424896,,2.517155523811381e-17,-4.285912465207264e-09,0.05000000000000003,-5.056779656811221,-0,2.011634992077063e-10,2.011634992077063e-10,0,-5.056779254685386,-0.3631813139729356,0.04748605748079642,94.97211496159284
USD,2015,outer,retrospective,ewma97,band05,5,0,21,0.08333333333333333,settlement,93.91347670846135,,0,-0.05000000000000003,0,-5.056779254685386,-0,0.002347836917711536,0.002347836917711536,0,-0.3634532561800272,-0.3634532561800272,0.04983389439850796,99.6677887970159
USD,2015,outer,retrospective,ewma97,band10,5,0,0,0,entry,100,,0.5044749304550743,0.5044749304550743,0.5044749304550743,0.9135779322174216,0,0.02522374652275371,0.02522374652275371,0,-49.55913885981276,0.8883541856946664,0.02522374652275371,50.44749304550743
USD,2015,outer,retrospective,ewma97,band10,5,0,1,0.003968253968253968,observation,98.93714190816243,,0.3259627544577689,-0.07851217599730542,0.4259627544577689,-49.55913885981276,-0,0.003883885149082016,0.003883885149082016,0,-41.79525244679781,0.3482850385822189,0.02910763167183573,58.21526334367146
USD,2015,outer,retrospective,ewma97,band10,5,0,2,0.007936507936507936,observation,98.92883832931994,,0.3175226613313029,-0.008440093126465986,0.4175226613313029,-41.79525244679781,-0,0.000417484304196279,0.000417484304196279,0,-40.96070132270945,0.3443305389624243,0.02952511597603201,59.05023195206402
USD,2015,outer,retrospective,ewma97,band10,5,0,3,0.0119047619047619,observation,98.23964128539401,,0.2114820675869657,-0.1060405937443372,0.3114820675869657,-40.96070132270945,-0,0.00520869494556694,0.00520869494556694,0,-30.54852012652113,0.0513664600552346,0.03473381092159895,69.46762184319789
USD,2015,outer,retrospective,ewma97,band10,5,0,4,0.01587301587301587,observation,97.7165158183177,,0.1411435272072593,-0.07033854037970641,0.2411435272072593,-30.54852012652113,-0,0.00343661854682548,0.00343661854682548,0,-23.678719651417,-0.1150143605839169,0.03817042946842443,76.34085893684885
USD,2015,outer,retrospective,ewma97,band10,5,0,5,0.01984126984126984,observation,98.09017686622936,,0.1760600272958909,0,0.2411435272072593,-23.678719651417,-0,0,0,0,-23.678719651417,-0.02490841751054163,0.03817042946842443,76.34085893684885
USD,2015,outer,retrospective,ewma97,band10,5,0,6,0.02380952380952381,observation,98.01544465664701,,0.15496715547947,0,0.2411435272072593,-23.678719651417,-0,0,0,0,-23.678719651417,-0.04292960612522023,0.03817042946842443,76.34085893684885
USD,2015,outer,retrospective,ewma97,band10,5,0,7,0.02777777777777778,observation,97.83276592211243,,0.1218335522551054,-0.01930997495215392,0.2218335522551054,-23.678719651417,-0,0.0009445741297279643,0.0009445741297279643,0,-21.7905159660908,-0.08792597464637453,0.03911500359815239,78.23000719630477
USD,2015,outer,retrospective,ewma97,band10,5,0,8,0.03174603174603174,observation,97.77464087021507,,0.1033435381248426,-0.01849001413026274,0.2033435381248427,-21.7905159660908,-0,0.0009039272456358208,0.0009039272456358208,0,-19.98356540206479,-0.1017239886294163,0.04001893084378821,80.03786168757641
USD,2015,outer,retrospective,ewma97,band10,5,0,9,0.03571428571428571,observation,97.21830108776885,,0.0503097089140041,-0.05303382921083855,0.1503097089140041,-19.98356540206479,-0,0.002577929388028306,0.002577929388028306,0,-14.83028455539621,-0.2174300177796624,0.04259686023181652,85.19372046363303
USD,2015,outer,retrospective,ewma97,band10,5,0,10,0.03968253968253968,observation,96.2218716266711,,0.01272815356578094,-0.03758155534822316,0.1127281535657809,-14.83028455539621,-0,0.001808083797123682,0.001808083797123682,0,-11.21592504494597,-0.3690111238277272,0.0444049440289402,88.80988805788039
USD,2015,outer,retrospective,ewma97,band10,5,0,11,0.04365079365079365,observation,96.36303246699329,,0.01110554646273232,-0.001622607103048623,0.1111055464627323,-11.21592504494597,-0,7.81796704761242e-05,7.81796704761242e-05,0,-11.0596438836642,-0.3531765026128895,0.04448312369941632,88.96624739883264
USD,2015,outer,retrospective,ewma97,band10,5,0,12,0.04761904761904762,observation,96.14713941708877,,0.004806411831875582,-0.00629913463085674,0.1048064118318756,-11.0596438836642,-0,0.0003028218877799975,0.0003028218877799975,0,-10.45430292999198,-0.3774662397878163,0.04478594558719632,89.57189117439263
USD,2015,outer,retrospective,ewma97,band10,5,0,13,0.05158730158730158,observation,96.26338952088351,,0.003452645960560762,-0.001353765871314819,0.1034526459605608,-10.45430292999198,-0,6.515904569522834e-05,6.515904569522834e-05,0,-10.32404999764722,-0.3653476425797013,0.04485110463289155,89.70220926578308
USD,2015,outer,retrospective,ewma97,band10,5,0,14,0.05555555555555555,observation,96.47097899194553,,0.00289862672396639,-0.0005540192365943719,0.1028986267239664,-10.32404999764722,-0,2.672338906731467e-05,2.672338906731467e-05,0,-10.27062994290166,-0.3438986859138495,0.04487782802195886,89.75565604391771
USD,2015,outer,retrospective,ewma97,band10,5,0,15,0.05952380952380952,observation,92.98347587810346,,0.0001074215200200106,-0.002791205203946379,0.10010742152002,-10.27062994290166,-0,0.0001297679808759925,0.0001297679808759925,0,-10.01122374913055,-0.7028877350046301,0.04500759600283485,90.01519200566969
USD,2015,outer,retrospective,ewma97,band10,5,0,16,0.06349206349206349,observation,93.3654405048576,,5.439236565907677e-05,-5.30291543609368e-05,0.1000543923656591,-10.01122374913055,-0,2.475545178254478e-06,2.475545178254478e-06,0,-10.00627513431922,-0.6646527166535936,0.04501007154801311,90.0201430960262
USD,2015,outer,retrospective,ewma97,band10,5,0,17,0.06746031746031746,observation,93.88026239309143,,2.998962353323028e-05,-2.44027421258397e-05,0.1000299896235332,-10.00627513431922,-0,1.145467916942389e-06,1.145467916942389e-06,0,-10.00398534395325,-0.6131436709177347,0.04501121701593005,90.02243403186009
USD,2015,outer,retrospective,ewma97,band10,5,0,18,0.07142857142857142,observation,94.19579838910572,,4.409613380970234e-06,-2.558001015226519e-05,0.100004409613381,-10.00398534395325,-0,1.204764739547024e-06,1.204764739547024e-06,0,-10.00157701923889,-0.5815818132753137,0.0450124217806696,90.02484356133918
USD,2015,outer,retrospective,ewma97,band10,5,0,19,0.07539682539682539,observation,93.95499460267376,,4.285912494377204e-09,-4.405327468468001e-06,0.1000000042859125,-10.00157701923889,-0,2.069512592614608e-07,2.069512592614608e-07,0,-10.00116332367163,-0.6056634607213667,0.04501262873192886,90.0252574638577
USD,2015,outer,retrospective,ewma97,band10,5,0,20,0.07936507936507936,observation,93.87195881424896,,2.517155523811381e-17,-4.285912472146158e-09,0.1,-10.00116332367163,-0,2.0116349953339e-10,2.0116349953339e-10,0,-10.0011629215458,-0.6139670401208956,0.04501262893309236,90.0252578661847
USD,2015,outer,retrospective,ewma97,band10,5,0,21,0.08333333333333333,settlement,93.91347670846135,,0,-0.1,0,-10.0011629215458,-0,0.004695673835423068,0.004695673835423068,0,-0.6145109245350806,-0.6145109245350806,0.04970830276851543,99.41660553703085
USD,2015,outer,retrospective,ridge_flat,daily,5,0,0,0,entry,100,0.08854142511687067,0.5050982852809545,0.5050982852809545,0.5050982852809545,0.9135779322174216,0,0.02525491426404772,0.02525491426404772,0,-49.62150551014207,0.8883230179533754,0.02525491426404772,50.50982852809545
USD,2015,outer,retrospective,ridge_flat,daily,5,0,1,0.003968253968253968,observation,98.93714190816243,0.08822032714304763,0.3381506435846692,-0.1669476416962853,0.3381506435846692,-49.62150551014207,-0,0.008258661258869216,0.008258661258869216,0,-33.11244165366251,0.3432165570103649,0.03351357552291694,67.02715104583388
USD,2015,outer,retrospective,ridge_flat,daily,5,0,2,0.007936507936507936,observation,98.92883832931994,0.08756320117569528,0.331457955366377,-0.00669268821829222,0.331457955366377,-33.11244165366251,-0,0.0003310499353679877,0.0003310499353679877,0,-32.4506728328619,0.3400776465453532,0.03384462545828493,67.68925091656985
USD,2015,outer,retrospective,ridge_flat,daily,5,0,3,0.0119047619047619,observation,98.23964128539401,0.08748644587707007,0.2272625642049405,-0.1041953911614365,0.2272625642049405,-32.4506728328619,-0,0.005118058925645418,0.005118058925645418,0,-22.21967304049671,0.1065197445954666,0.03896268438393034,77.92536876786068
USD,2015,outer,retrospective,ridge_flat,daily,5,0,4,0.01587301587301587,observation,97.7165158183177,0.08835338232671414,0.1598374706559219,-0.06742509354901854,0.1598374706559219,-22.21967304049671,-0,0.003294272610167111,0.003294272610167111,0,-15.63442209277265,-0.01566136306336752,0.04225695699409746,84.5139139881949
USD,2015,outer,retrospective,ridge_flat,daily,5,0,5,0.01984126984126984,observation,98.09017686622936,0.08594123057168933,0.1895303687617425,0.02969289810582054,0.1895303687617425,-15.63442209277265,-0,0.001456290813435432,0.001456290813435432,0,-18.54846001045695,0.04260738290403765,0.04371324780753288,87.42649561506576
USD,2015,outer,retrospective,ridge_flat,daily,5,0,6,0.02380952380952381,observation,98.01544465664701,0.08784719864570503,0.1775999358861167,-0.01193043287562573,0.1775999358861167,-18.54846001045695,-0,0.0005846833416253679,0.0005846833416253679,0,-17.37967801054784,0.0278586763218911,0.04429793114915825,88.59586229831649
USD,2015,outer,retrospective,ridge_flat,daily,5,0,7,0.02777777777777778,observation,97.83276592211243,0.08784453602569166,0.1473495652246499,-0.03025037066146685,0.1473495652246499,-17.37967801054784,-0,0.001479738715990212,0.001479738715990212,0,-14.42168031728341,-0.006064793935196988,0.04577766986514847,91.55533973029691
USD,2015,outer,retrospective,ridge_flat,daily,5,0,8,0.03174603174603174,observation,97.77464087021507,0.09261818520669662,0.144731469620017,-0.002618095604632886,0.144731469620017,-14.42168031728341,-0,0.0001279916787534345,0.0001279916787534345,0,-14.16582495145529,-0.01475748673968802,0.0459056615439019,91.81132308780377
USD,2015,outer,retrospective,ridge_flat,daily,5,0,9,0.03571428571428571,observation,97.21830108776885,0.09348431324792913,0.08492190254072124,-0.05980956707929574,0.08492190254072124,-14.16582495145529,-0,0.002907292250122041,0.002907292250122041,0,-8.354147743461331,-0.09818465331133019,0.04881295379402394,97.62590758804785
USD,2015,outer,retrospective,ridge_flat,daily,5,0,10,0.03968253968253968,observation,96.2218716266711,0.09197849520146756,0.02304635656700477,-0.06187554597371647,0.02304635656700477,-8.354147743461331,-0,0.002976890420756566,0.002976890420756566,0,-2.403343792368956,-0.1857802293161339,0.05178984421478051,103.579688429561
USD,2015,outer,retrospective,ridge_flat,daily,5,0,11,0.04365079365079365,observation,96.36303246699329,0.089402213730989,0.01916420177766899,-0.003882154789335783,0.01916420177766899,-2.403343792368956,-0,0.0001870481040033288,0.0001870481040033288,0,-2.029434632466302,-0.1827140343607743,0.05197689231878384,103.9537846375677
USD,2015,outer,retrospective,ridge_flat,daily,5,0,12,0.04761904761904762,observation,96.14713941708877,0.0876225993896015,0.009028190138233461,-0.01013601163943553,0.009028190138233461,-2.029434632466302,-0,0.0004872742621150212,0.0004872742621150212,0,-1.055373382498374,-0.1873387265936559,0.05246416658089886,104.9283331617977
USD,2015,outer,retrospective,ridge_flat,daily,5,0,13,0.05158730158730158,observation,96.26338952088351,0.08027377301880842,0.003960388400448235,-0.005067801737785226,0.003960388400448235,-1.055373382498374,-0,0.0002439218863495148,0.0002439218863495148,0,-0.5677735316856944,-0.1865331204393572,0.05270808846724837,105.4161769344967
USD,2015,outer,retrospective,ridge_flat,daily,5,0,14,0.05555555555555555,observation,96.47097899194553,0.08021516563788461,0.003673588192208814,-0.0002868002082394207,0.003673588192208814,-0.5677735316856944,-0,1.383394843197538e-05,1.383394843197538e-05,0,-0.5401194687701757,-0.18572481945454,0.05272192241568035,105.4438448313607
USD,2015,outer,retrospective,ridge_flat,daily,5,0,15,0.05952380952380952,observation,92.98347587810346,0.1111409041125003,1.150621995291665e-05,-0.003662081972255898,1.150621995291666e-05,-0.5401194687701757,-0,0.0001702565553654469,0.0001702565553654469,0,-0.1997766145946474,-0.1987067262692072,0.0528921789710458,105.7843579420916
USD,2015,outer,retrospective,ridge_flat,daily,5,0,16,0.06349206349206349,observation,93.3654405048576,0.110953524530352,5.808712973780189e-06,-5.697506979136472e-06,5.808712973780189e-06,-0.1997766145946474,-0,2.659751244432886e-07,2.659751244432886e-07,0,-0.1992449303208852,-0.1987025972753219,0.05289244494617024,105.7848898923404
USD,2015,outer,retrospective,ridge_flat,daily,5,0,17,0.06746031746031746,observation,93.88026239309143,0.1102994208130452,2.84775168227435e-06,-2.960961291505839e-06,2.84775168227435e-06,-0.1992449303208852,-0,1.389879114911775e-07,1.389879114911775e-07,0,-0.1989670934858143,-0.1986997458106521,0.05289258393408174,105.7851678681634
USD,2015,outer,retrospective,ridge_flat,daily,5,0,18,0.07142857142857142,observation,94.19579838910572,0.1095238955037402,2.900267901102727e-07,-2.557724892164077e-06,2.900267901102728e-07,-0.1989670934858143,-0,1.204634691385423e-07,1.204634691385423e-07,0,-0.1987262870110064,-0.1986989677059577,0.05289270439755087,105.7854087951017
USD,2015,outer,retrospective,ridge_flat,daily,5,0,19,0.07539682539682539,observation,93.95499460267376,0.1102797092592119,1.134698796065421e-10,-2.899133202306663e-07,1.134698796065552e-10,-0.1987262870110064,-0,1.361940221875774e-08,1.361940221875774e-08,0,-0.1986990618259711,-0.1986990511649092,0.05289271801695309,105.7854360339061
USD,2015,outer,retrospective,ridge_flat,daily,5,0,20,0.07936507936507936,observation,93.87195881424896,0.1340172219569439,3.537935017148929e-14,-1.134345002563837e-10,3.537935017148874e-14,-0.1986990618259711,-0,5.324159368091081e-12,5.324159368091081e-12,0,-0.1986990511829765,-0.1986990511796554,0.05289271802227725,105.7854360445545
USD,2015,outer,retrospective,ridge_flat,daily,5,0,21,0.08333333333333333,settlement,93.91347670846135,,0,-3.537935017148874e-14,0,-0.1986990511829765,-0,1.661298889145303e-15,1.661298889145303e-15,0,-0.1986990511796556,-0.1986990511796556,0.05289271802227891,105.7854360445578
USD,2015,outer,retrospective,ridge_flat,every5,5,0,0,0,entry,100,0.08854142511687067,0.5050982852809545,0.5050982852809545,0.5050982852809545,0.9135779322174216,0,0.02525491426404772,0.02525491426404772,0,-49.62150551014207,0.8883230179533754,0.02525491426404772,50.50982852809545
USD,2015,outer,retrospective,ridge_flat,every5,5,0,1,0.003968253968253968,observation,98.93714190816243,0.08822032714304763,0.3381506435846692,0,0.5050982852809545,-49.62150551014207,-0,0,0,0,-49.62150551014207,0.3514752182692291,0.02525491426404772,50.50982852809545
USD,2015,outer,retrospective,ridge_flat,every5,5,0,2,0.007936507936507936,observation,98.92883832931994,0.08756320117569528,0.331457955366377,0,0.5050982852809545,-49.62150551014207,-0,0,0,0,-49.62150551014207,0.3472810948341944,0.02525491426404772,50.50982852809545
USD,2015,outer,retrospective,ridge_flat,every5,5,0,3,0.0119047619047619,observation,98.23964128539401,0.08748644587707007,0.2272625642049405,0,0.5050982852809545,-49.62150551014207,-0,0,0,0,-49.62150551014207,-0.0008311502734912324,0.02525491426404772,50.50982852809545
USD,2015,outer,retrospective,ridge_flat,every5,5,0,4,0.01587301587301587,observation,97.7165158183177,0.08835338232671414,0.1598374706559219,0,0.5050982852809545,-49.62150551014207,-0,0,0,0,-49.62150551014207,-0.2650609266805404,0.02525491426404772,50.50982852809545
USD,2015,outer,retrospective,ridge_flat,every5,5,0,5,0.01984126984126984,observation,98.09017686622936,0.08594123057168933,0.1895303687617425,-0.315567916519212,0.1895303687617425,-49.62150551014207,-0,0.0154770563723385,0.0154770563723385,0,-18.6828698218374,-0.09180242847641296,0.04073197063638623,81.46394127277246
USD,2015,outer,retrospective,ridge_flat,every5,5,0,6,0.02380952380952381,observation,98.01544465664701,0.08784719864570503,0.1775999358861167,0,0.1895303687617425,-18.6828698218374,-0,0,0,0,-18.6828698218374,-0.1059664517169345,0.04073197063638623,81.46394127277246
USD,2015,outer,retrospective,ridge_flat,every5,5,0,7,0.02777777777777778,observation,97.83276592211243,0.08784453602569166,0.1473495652246499,0,0.1895303687617425,-18.6828698218374,-0,0,0,0,-18.6828698218374,-0.1405896196382024,0.04073197063638623,81.46394127277246
USD,2015,outer,retrospective,ridge_flat,every5,5,0,8,0.03174603174603174,observation,97.77464087021507,0.09261818520669662,0.144731469620017,0,0.1895303687617425,-18.6828698218374,-0,0,0,0,-18.6828698218374,-0.1516060821586045,0.04073197063638623,81.46394127277246
USD,2015,outer,retrospective,ridge_flat,every5,5,0,9,0.03571428571428571,observation,97.21830108776885,0.09348431324792913,0.08492190254072124,0,0.1895303687617425,-18.6828698218374,-0,0,0,0,-18.6828698218374,-0.2570493662824624,0.04073197063638623,81.46394127277246
USD,2015,outer,retrospective,ridge_flat,every5,5,0,10,0.03968253968253968,observation,96.2218716266711,0.09197849520146756,0.02304635656700477,-0.1664840121947377,0.02304635656700477,-18.6828698218374,-0,0.008009701624647597,0.008009701624647597,0,-2.671476274166853,-0.453912711114032,0.04874167226103383,97.48334452206765
USD,2015,outer,retrospective,ridge_flat,every5,5,0,11,0.04365079365079365,observation,96.36303246699329,0.089402213730989,0.01916420177766899,0,0.02304635656700477,-2.671476274166853,-0,0,0,0,-2.671476274166853,-0.4506594680546687,0.04874167226103383,97.48334452206765
USD,2015,outer,retrospective,ridge_flat,every5,5,0,12,0.04761904761904762,observation,96.14713941708877,0.0876225993896015,0.009028190138233461,0,0.02304635656700477,-2.671476274166853,-0,0,0,0,-2.671476274166853,-0.4556350162631064,0.04874167226103383,97.48334452206765
USD,2015,outer,retrospective,ridge_flat,every5,5,0,13,0.05158730158730158,observation,96.26338952088351,0.08027377301880842,0.003960388400448235,0,0.02304635656700477,-2.671476274166853,-0,0,0,0,-2.671476274166853,-0.4529558749201015,0.04874167226103383,97.48334452206765
USD,2015,outer,retrospective,ridge_flat,every5,5,0,14,0.05555555555555555,observation,96.47097899194553,0.08021516563788461,0.003673588192208814,0,0.02304635656700477,-2.671476274166853,-0,0,0,0,-2.671476274166853,-0.4481716939504503,0.04874167226103383,97.48334452206765
USD,2015,outer,retrospective,ridge_flat,every5,5,0,15,0.05952380952380952,observation,92.98347587810346,0.1111409041125003,1.150621995291665e-05,-0.02303485034705185,1.150621995291493e-05,-2.671476274166853,-0,0.00107093022580041,0.00107093022580041,0,-0.5306867527918344,-0.5296168644663944,0.04981260248683424,99.62520497366847
USD,2015,outer,retrospective,ridge_flat,every5,5,0,16,0.06349206349206349,observation,93.3654405048576,0.110953524530352,5.808712973780189e-06,0,1.150621995291493e-05,-0.5306867527918344,-0,0,0,0,-0.5306867527918344,-0.5296124694973847,0.04981260248683424,99.62520497366847
USD,2015,outer,retrospective,ridge_flat,every5,5,0,17,0.06746031746031746,observation,93.88026239309143,0.1102994208130452,2.84775168227435e-06,0,1.150621995291493e-05,-0.5306867527918344,-0,0,0,0,-0.5306867527918344,-0.5296065458435021,0.04981260248683424,99.62520497366847
USD,2015,outer,retrospective,ridge_flat,every5,5,0,18,0.07142857142857142,observation,94.19579838910572,0.1095238955037402,2.900267901102727e-07,0,1.150621995291493e-05,-0.5306867527918344,-0,0,0,0,-0.5306867527918344,-0.5296029152169289,0.04981260248683424,99.62520497366847
USD,2015,outer,retrospective,ridge_flat,every5,5,0,19,0.07539682539682539,observation,93.95499460267376,0.1102797092592119,1.134698796065421e-10,0,1.150621995291493e-05,-0.5306867527918344,-0,0,0,0,-0.5306867527918344,-0.5296056859582611,0.04981260248683424,99.62520497366847
USD,2015,outer,retrospective,ridge_flat,every5,5,0,20,0.07936507936507936,observation,93.87195881424896,0.1340172219569439,3.537935017148929e-14,-1.150621991753558e-05,3.537934986749987e-14,-0.5306867527918344,-0,5.400557011032953e-07,5.400557011032953e-07,0,-0.5296071814453289,-0.5296071814420078,0.04981314254253534,99.62628508507068
USD,2015,outer,retrospective,ridge_flat,every5,5,0,21,0.08333333333333333,settlement,93.91347670846135,,0,-3.537934986749987e-14,0,-0.5296071814453289,-0,1.661298874870977e-15,1.661298874870977e-15,0,-0.529607181442008,-0.529607181442008,0.049813142542537,99.626285085074
USD,2015,outer,retrospective,ridge_flat,band05,5,0,0,0,entry,100,,0.5050982852809545,0.5050982852809545,0.5050982852809545,0.9135779322174216,0,0.02525491426404772,0.02525491426404772,0,-49.62150551014207,0.8883230179533754,0.02525491426404772,50.50982852809545
USD,2015,outer,retrospective,ridge_flat,band05,5,0,1,0.003968253968253968,observation,98.93714190816243,,0.3381506435846692,-0.1169476416962853,0.3881506435846692,-49.62150551014207,-0,0.005785232711165156,0.005785232711165156,0,-38.05682532052293,0.3456899855580673,0.03104014697521288,62.08029395042576
USD,2015,outer,retrospective,ridge_flat,band05,5,0,2,0.007936507936507936,observation,98.92883832931994,,0.331457955366377,-0.00669268821829222,0.3814579553663769,-38.05682532052293,-0,0.0003310499353679876,0.0003310499353679876,0,-37.39505649972232,0.3421358961509355,0.03137119691058086,62.74239382116173
USD,2015,outer,retrospective,ridge_flat,band05,5,0,3,0.0119047619047619,observation,98.23964128539401,,0.2272625642049405,-0.1041953911614365,0.2772625642049404,-37.39505649972232,-0,0.005118058925645418,0.005118058925645418,0,-27.16405670735713,0.07411814200474964,0.03648925583622628,72.97851167245256
USD,2015,outer,retrospective,ridge_flat,band05,5,0,4,0.01587301587301587,observation,97.7165158183177,,0.1598374706559219,-0.06742509354901854,0.2098374706559219,-27.16405670735713,-0,0.003294272610167111,0.003294272610167111,0,-20.57880575963307,-0.07421923900790262,0.03978352844639339,79.56705689278678
USD,2015,outer,retrospective,ridge_flat,band05,5,0,5,0.01984126984126984,observation,98.09017686622936,,0.1895303687617425,0,0.2098374706559219,-20.57880575963307,-0,0,0,0,-20.57880575963307,0.004188850168521441,0.03978352844639339,79.56705689278678
USD,2015,outer,retrospective,ridge_flat,band05,5,0,6,0.02380952380952381,observation,98.01544465664701,,0.1775999358861167,0,0.2098374706559219,-20.57880575963307,-0,0,0,0,-20.57880575963307,-0.01149276766676621,0.03978352844639339,79.56705689278678
USD,2015,outer,retrospective,ridge_flat,band05,5,0,7,0.02777777777777778,observation,97.83276592211243,,0.1473495652246499,-0.01248790543127204,0.1973495652246499,-20.57880575963307,-0,0.000610863164457557,0.000610863164457557,0,-19.35769029388241,-0.05043647442858301,0.04039439161085095,80.78878322170189
USD,2015,outer,retrospective,ridge_flat,band05,5,0,8,0.03174603174603174,observation,97.77464087021507,,0.144731469620017,-0.002618095604632886,0.194731469620017,-19.35769029388241,-0,0.0001279916787534345,0.0001279916787534345,0,-19.1018349280543,-0.06203541982794292,0.04052238328960438,81.04476657920875
USD,2015,outer,retrospective,ridge_flat,band05,5,0,9,0.03571428571428571,observation,97.21830108776885,,0.08492190254072124,-0.05980956707929574,0.1349219025407212,-19.1018349280543,-0,0.002907292250122041,0.002907292250122041,0,-13.29015772006034,-0.1732795755218977,0.04342967553972642,86.85935107945284
USD,2015,outer,retrospective,ridge_flat,band05,5,0,10,0.03968253968253968,observation,96.2218716266711,,0.02304635656700477,-0.06187554597371644,0.07304635656700478,-13.29015772006034,-0,0.002976890420756565,0.002976890420756565,0,-7.339353768967967,-0.3106966245815883,0.04640656596048299,92.81313192096596
USD,2015,outer,retrospective,ridge_flat,band05,5,0,11,0.04365079365079365,observation,96.36303246699329,,0.01916420177766899,-0.00388215478933579,0.06916420177766899,-7.339353768967967,-0,0.0001870481040033291,0.0001870481040033291,0,-6.965444609065312,-0.3005723876101198,0.04659361406448632,93.18722812897262
USD,2015,outer,retrospective,ridge_flat,band05,5,0,12,0.04761904761904762,observation,96.14713941708877,,0.009028190138233461,-0.01013601163943553,0.05902819013823346,-6.965444609065312,-0,0.0004872742621150214,0.0004872742621150214,0,-5.991383359097384,-0.3159917323382269,0.04708088832660134,94.16177665320266
USD,2015,outer,retrospective,ridge_flat,band05,5,0,13,0.05158730158730158,observation,96.26338952088351,,0.003960388400448235,-0.005067801737785226,0.05396038840044824,-5.991383359097384,-0,0.0002439218863495148,0.0002439218863495148,0,-5.503783508284704,-0.3093736209941911,0.04732481021295085,94.64962042590169
USD,2015,outer,retrospective,ridge_flat,band05,5,0,14,0.05555555555555555,observation,96.47097899194553,,0.003673588192208814,-0.0002868002082394155,0.05367358819220882,-5.503783508284704,-0,1.383394843197513e-05,1.383394843197513e-05,0,-5.476129445369185,-0.2981858464562723,0.04733864416138283,94.67728832276563
USD,2015,outer,retrospective,ridge_flat,band05,5,0,15,0.05952380952380952,observation,92.98347587810346,,1.150621995291665e-05,-0.003662081972255898,0.05001150621995292,-5.476129445369185,-0,0.0001702565553654469,0.0001702565553654469,0,-5.135786591193657,-0.4855429089630432,0.04750890071674828,95.01780143349653
USD,2015,outer,retrospective,ridge_flat,band05,5,0,16,0.06349206349206349,observation,93.3654405048576,,5.808712973780189e-06,-5.697506979138178e-06,0.05000580871297378,-5.135786591193657,-0,2.659751244433683e-07,2.659751244433683e-07,0,-5.135254906919895,-0.4664405486314509,0.04750916669187272,95.01833338374541
USD,2015,outer,retrospective,ridge_flat,band05,5,0,17,0.06746031746031746,observation,93.88026239309143,,2.84775168227435e-06,-2.960961291507969e-06,0.05000284775168228,-5.135254906919895,-0,1.389879114912775e-07,1.389879114912775e-07,0,-5.134977070084823,-0.4406966027550894,0.04750930567978422,95.0186113595684
USD,2015,outer,retrospective,ridge_flat,band05,5,0,18,0.07142857142857142,observation,94.19579838910572,,2.900267901102727e-07,-2.55772489216044e-06,0.05000029002679011,-5.134977070084823,-0,1.20463469138371e-07,1.20463469138371e-07,0,-5.134736263610016,-0.4249190248496806,0.04750942614325335,95.01885228650667
USD,2015,outer,retrospective,ridge_flat,band05,5,0,19,0.07539682539682539,observation,93.95499460267376,,1.134698796065421e-10,-2.899133202324822e-07,0.05000000011346988,-5.134736263610016,-0,1.361940221884305e-08,1.361940221884305e-08,0,-5.13470903842498,-0.4369592976302306,0.04750943976265557,95.01887952531111
USD,2015,outer,retrospective,ridge_flat,band05,5,0,20,0.07936507936507936,observation,93.87195881424896,,3.537935017148929e-14,-1.134344979059065e-10,0.05000000000003538,-5.13470903842498,-0,5.324159257769134e-12,5.324159257769134e-12,0,-5.134709027781986,-0.4411110870662167,0.04750943976797973,95.01887953595943
USD,2015,outer,retrospective,ridge_flat,band05,5,0,21,0.08333333333333333,settlement,93.91347670846135,,0,-0.05000000000003538,0,-5.134709027781986,-0,0.002347836917713195,0.002347836917713195,0,-0.4413830292733092,-0.4413830292733092,0.04985727668569293,99.71455337138582
USD,2015,outer,retrospective,ridge_flat,band10,5,0,0,0,entry,100,,0.5050982852809545,0.5050982852809545,0.5050982852809545,0.9135779322174216,0,0.02525491426404772,0.02525491426404772,0,-49.62150551014207,0.8883230179533754,0.02525491426404772,50.50982852809545
USD,2015,outer,retrospective,ridge_flat,band10,5,0,1,0.003968253968253968,observation,98.93714190816243,,0.3381506435846692,-0.06694764169628531,0.4381506435846692,-49.62150551014207,-0,0.003311804163461096,0.003311804163461096,0,-43.00120898738334,0.3481634141057697,0.02856671842750882,57.13343685501764
USD,2015,outer,retrospective,ridge_flat,band10,5,0,2,0.007936507936507936,observation,98.92883832931994,,0.331457955366377,-0.006692688218292164,0.431457955366377,-43.00120898738334,-0,0.0003310499353679849,0.0003310499353679849,0,-42.33944016658274,0.3441941457565107,0.02889776836287681,57.79553672575361
USD,2015,outer,retrospective,ridge_flat,band10,5,0,3,0.0119047619047619,observation,98.23964128539401,,0.2272625642049405,-0.1041953911614365,0.3272625642049405,-42.33944016658274,-0,0.005118058925645418,0.005118058925645418,0,-32.10844037421755,0.04171653941403264,0.03401582728852223,68.03165457704443
USD,2015,outer,retrospective,ridge_flat,band10,5,0,4,0.01587301587301587,observation,97.7165158183177,,0.1598374706559219,-0.0674250935490186,0.2598374706559219,-32.10844037421755,-0,0.003294272610167113,0.003294272610167113,0,-25.52318942649349,-0.1327771149524395,0.03731009989868934,74.62019979737866
USD,2015,outer,retrospective,ridge_flat,band10,5,0,5,0.01984126984126984,observation,98.09017686622936,,0.1895303687617425,0,0.2598374706559219,-25.52318942649349,-0,0,0,0,-25.52318942649349,-0.03568597338043489,0.03731009989868934,74.62019979737866
USD,2015,outer,retrospective,ridge_flat,band10,5,0,6,0.02380952380952381,observation,98.01544465664701,,0.1775999358861167,0,0.2598374706559219,-25.52318942649349,-0,0,0,0,-25.52318942649349,-0.05510420169483865,0.03731009989868934,74.62019979737866
USD,2015,outer,retrospective,ridge_flat,band10,5,0,7,0.02777777777777778,observation,97.83276592211243,,0.1473495652246499,-0.01248790543127201,0.2473495652246499,-25.52318942649349,-0,0.0006108631644575557,0.0006108631644575557,0,-24.30207396074284,-0.1031818451833857,0.03792096306314689,75.84192612629377
USD,2015,outer,retrospective,ridge_flat,band10,5,0,8,0.03174603174603174,observation,97.77464087021507,,0.144731469620017,-0.002618095604632886,0.244731469620017,-24.30207396074284,-0,0.0001279916787534345,0.0001279916787534345,0,-24.04621859491472,-0.1176870431776145,0.03804895474190033,76.09790948380063
USD,2015,outer,retrospective,ridge_flat,band10,5,0,9,0.03571428571428571,observation,97.21830108776885,,0.08492190254072124,-0.05980956707929574,0.1849219025407212,-24.04621859491472,-0,0.002907292250122041,0.002907292250122041,0,-18.23454138692076,-0.2567481879938782,0.04095624699202237,81.91249398404472
USD,2015,outer,retrospective,ridge_flat,band10,5,0,10,0.03968253968253968,observation,96.2218716266711,,0.02304635656700477,-0.06187554597371647,0.1230463565670048,-18.23454138692076,-0,0.002976890420756566,0.002976890420756566,0,-12.28373743582839,-0.4439867101084563,0.04393313741277893,87.86627482555785
USD,2015,outer,retrospective,ridge_flat,band10,5,0,11,0.04365079365079365,observation,96.36303246699329,,0.01916420177766899,-0.003882154789335776,0.119164201777669,-12.28373743582839,-0,0.0001870481040033285,0.0001870481040033285,0,-11.90982827592573,-0.4268044311208783,0.04412018551678226,88.24037103356451
USD,2015,outer,retrospective,ridge_flat,band10,5,0,12,0.04761904761904762,observation,96.14713941708877,,0.009028190138233461,-0.01013601163943553,0.1090281901382335,-11.90982827592573,-0,0.0004872742621150214,0.0004872742621150214,0,-10.93576702595781,-0.4530184283442118,0.04460745977889728,89.21491955779456
USD,2015,outer,retrospective,ridge_flat,band10,5,0,13,0.05158730158730158,observation,96.26338952088351,,0.003960388400448235,-0.005067801737785219,0.1039603884004482,-10.93576702595781,-0,0.0002439218863495144,0.0002439218863495144,0,-10.44816717514513,-0.4405878118104383,0.0448513816652468,89.70276333049358
USD,2015,outer,retrospective,ridge_flat,band10,5,0,14,0.05555555555555555,observation,96.47097899194553,,0.003673588192208814,-0.0002868002082394294,0.1036735881922088,-10.44816717514513,-0,1.38339484319758e-05,1.38339484319758e-05,0,-10.42051311222961,-0.4190205637194175,0.04486521561367877,89.73043122735753
USD,2015,outer,retrospective,ridge_flat,band10,5,0,15,0.05952380952380952,observation,92.98347587810346,,1.150621995291665e-05,-0.003662081972255898,0.1000115062199529,-10.42051311222961,-0,0.0001702565553654469,0.0001702565553654469,0,-10.08017025805408,-0.7807527819182916,0.04503547216904422,90.07094433808842
USD,2015,outer,retrospective,ridge_flat,band10,5,0,16,0.06349206349206349,observation,93.3654405048576,,5.808712973780189e-06,-5.697506979138178e-06,0.1000058087129738,-10.08017025805408,-0,2.659751244433683e-07,2.659751244433683e-07,0,-10.07963857378032,-0.7425521902489933,0.04503573814416867,90.07147628833731
USD,2015,outer,retrospective,ridge_flat,band10,5,0,17,0.06746031746031746,observation,93.88026239309143,,2.84775168227435e-06,-2.96096129150103e-06,0.1000028477516823,-10.07963857378032,-0,1.389879114909518e-07,1.389879114909518e-07,0,-10.07936073694525,-0.69106714996094,0.04503587713208016,90.07175426416029
USD,2015,outer,retrospective,ridge_flat,band10,5,0,18,0.07142857142857142,observation,94.19579838910572,,2.900267901102727e-07,-2.55772489216044e-06,0.1000002900267901,-10.07936073694525,-0,1.20463469138371e-07,1.20463469138371e-07,0,-10.07911993047044,-0.6595127722548177,0.0450359975955493,90.07199519109857
USD,2015,outer,retrospective,ridge_flat,band10,5,0,19,0.07539682539682539,observation,93.95499460267376,,1.134698796065421e-10,-2.899133202255433e-07,0.1000000001134699,-10.07911993047044,-0,1.361940221851707e-08,1.361940221851707e-08,0,-10.0790927052854,-0.6835932343569642,0.04503601121495152,90.072022429903
USD,2015,outer,retrospective,ridge_flat,band10,5,0,20,0.07936507936507936,observation,93.87195881424896,,3.537935017148929e-14,-1.134345117836943e-10,0.1000000000000354,-10.0790927052854,-0,5.324159909136698e-12,5.324159909136698e-12,0,-10.07909269464241,-0.6918968132141927,0.04503601122027567,90.07202244055132
USD,2015,outer,retrospective,ridge_flat,band10,5,0,21,0.08333333333333333,settlement,93.91347670846135,,0,-0.1000000000000354,0,-10.07909269464241,-0,0.004695673835424729,0.004695673835424729,0,-0.6924406976283759,-0.6924406976283759,0.0497316850557004,99.46337011140078
USD,2015,outer,retrospective,ridge_term,daily,5,0,0,0,entry,100,0.08687027727492683,0.5050020643577996,0.5050020643577996,0.5050020643577996,0.9135779322174216,0,0.02525010321788998,0.02525010321788998,0,-49.61187860678043,0.8883278289995289,0.02525010321788998,50.50020643577996
USD,2015,outer,retrospective,ridge_term,daily,5,0,1,0.003968253968253968,observation,98.93714190816243,0.09093979571157895,0.3430050473659613,-0.1619970169918383,0.3430050473659613,-49.61187860678043,-0,0.008013760929410255,0.008013760929410255,0,-33.59237050888933,0.3435685375727573,0.03326386414730023,66.52772829460046
USD,2015,outer,retrospective,ridge_term,daily,5,0,2,0.007936507936507936,observation,98.92883832931994,0.08924828939974595,0.334615911537785,-0.008389135828176242,0.334615911537785,-33.59237050888933,-0,0.0004149637310341765,0.0004149637310341765,0,-32.76285801055202,0.3403054043875429,0.03367882787833441,67.35765575666882
USD,2015,outer,retrospective,ridge_term,daily,5,0,3,0.0119047619047619,observation,98.23964128539401,0.09068836126106941,0.2355636815934974,-0.09905222994428758,0.2355636815934974,-32.76285801055202,-0,0.004865427769122588,0.004865427769122588,0,-23.03686790007596,0.1048236795360005,0.038544255647457,77.088511294914
USD,2015,outer,retrospective,ridge_term,daily,5,0,4,0.01587301587301587,observation,97.7165158183177,0.09183796824703175,0.1694147966232603,-0.06614888497023713,0.1694147966232603,-23.03686790007596,-0,0.003231919282279128,0.003231919282279128,0,-16.57626125479998,-0.021637600706093,0.04177617492973613,83.55234985947226
USD,2015,outer,retrospective,ridge_term,daily,5,0,5,0.01984126984126984,observation,98.09017686622936,0.08970028896357016,0.1999392009066553,0.03052440428339498,0.1999392009066553,-16.57626125479998,-0,0.001497072107447251,0.001497072107447251,0,-19.57190254180193,0.04016903762444812,0.04327324703718338,86.54649407436676
USD,2015,outer,retrospective,ridge_term,daily,5,0,6,0.02380952380952381,observation,98.01544465664701,0.08651180636285391,0.173826883331649,-0.02611231757500626,0.173826883331649,-19.57190254180193,-0,0.001279705209064909,0.001279705209064909,0,-17.01377182888118,0.02394743414950185,0.04455295224624829,89.10590449249658
USD,2015,outer,retrospective,ridge_term,daily,5,0,7,0.02777777777777778,observation,97.83276592211243,0.08654037199000693,0.1436712032033757,-0.03015568012827335,0.1436712032033757,-17.01377182888118,-0,0.001475106797605732,0.001475106797605732,0,-14.06503334046732,-0.009282147723217449,0.04602805904385403,92.05611808770804
USD,2015,outer,retrospective,ridge_term,daily,5,0,8,0.03174603174603174,observation,97.77464087021507,0.08565770751397804,0.1256859345101054,-0.01798526869327027,0.1256859345101054,-14.06503334046732,-0,0.0008792515937194117,0.0008792515937194117,0,-12.30740940462222,-0.01851229545929023,0.04690731063757344,93.81462127514686
USD,2015,outer,retrospective,ridge_term,daily,5,0,9,0.03571428571428571,observation,97.21830108776885,0.08697831888588586,0.06985694109986934,-0.05582899341023606,0.06985694109986934,-12.30740940462222,-0,0.002713799945391697,0.002713799945391697,0,-6.882523313784215,-0.09115018086658377,0.04962111058296514,99.24222116593026
USD,2015,outer,retrospective,ridge_term,daily,5,0,10,0.03968253968253968,observation,96.2218716266711,0.09052450773832509,0.0213370622940384,-0.04851987880583094,0.0213370622940384,-6.882523313784215,-0,0.002334336774898152,0.002334336774898152,0,-2.216184100762809,-0.1630920318155615,0.05195544735786329,103.9108947157266
USD,2015,outer,retrospective,ridge_term,daily,5,0,11,0.04365079365079365,observation,96.36303246699329,0.08825525925046422,0.0179316478763463,-0.003405414417692106,0.0179316478763463,-2.216184100762809,-0,0.0001640780300478157,0.0001640780300478157,0,-1.888192118697225,-0.1602441522021758,0.05211952538791111,104.2390507758222
USD,2015,outer,retrospective,ridge_term,daily,5,0,12,0.04761904761904762,observation,96.14713941708877,0.08642377385097716,0.00825399196124183,-0.009677655915104466,0.00825399196124183,-1.888192118697225,-0,0.0004652394662500815,0.0004652394662500815,0,-0.9581784256633125,-0.1645807098182643,0.05258476485416119,105.1695297083224
USD,2015,outer,retrospective,ridge_term,daily,5,0,13,0.05158730158730158,observation,96.26338952088351,0.08119756208839389,0.004331765162034415,-0.003922226799207415,0.004331765162034415,-0.9581784256633125,-0,0.0001887834230806758,0.0001887834230806758,0,-0.5808003629250416,-0.1638099658191296,0.05277354827724186,105.5470965544837
USD,2015,outer,retrospective,ridge_term,daily,5,0,14,0.05555555555555555,observation,96.47097899194553,0.08038257931838851,0.003735643717623244,-0.0005961214444111709,0.003735643717623244,-0.5808003629250416,-0,2.875420967021914e-05,2.875420967021914e-05,0,-0.5233206977942735,-0.1629394911900482,0.05280230248691208,105.6046049738242
USD,2015,outer,retrospective,ridge_term,daily,5,0,15,0.05952380952380952,observation,92.98347587810346,0.1186089672183689,3.657688040856317e-05,-0.003699066837214681,3.65768804085633e-05,-0.5233206977942735,-0,0.0001719760460148219,0.0001719760460148219,0,-0.1795405818106446,-0.1761395363334787,0.0529742785329269,105.9485570658538
USD,2015,outer,retrospective,ridge_term,daily,5,0,16,0.06349206349206349,observation,93.3654405048576,0.1182757307810987,1.959510303103814e-05,-1.698177737752516e-05,1.959510303103814e-05,-0.1795405818106446,-0,7.927555627040311e-07,7.927555627040311e-07,0,-0.1779558634407992,-0.1761263580145683,0.0529750712884896,105.9501425769792
USD,2015,outer,retrospective,ridge_term,daily,5,0,17,0.06746031746031746,observation,93.88026239309143,0.1178056071609614,1.081493398306451e-05,-8.780169047973621e-06,1.081493398306451e-05,-0.1779558634407992,-0,4.121422870397317e-07,4.121422870397317e-07,0,-0.1771319910090068,-0.1761166821689127,0.05297548343077664,105.9509668615533
USD,2015,outer,retrospective,ridge_term,daily,5,0,18,0.07142857142857142,observation,94.19579838910572,0.1163409189477957,1.274462505082035e-06,-9.54047147798248e-06,1.274462505082035e-06,-0.1771319910090068,-0,4.493361639385256e-07,4.493361639385256e-07,0,-0.1762337680172937,-0.1761137190041105,0.05297593276694058,105.9518655338812
USD,2015,outer,retrospective,ridge_term,daily,5,0,19,0.07539682539682539,observation,93.95499460267376,0.1161072917876566,8.555857876059042e-10,-1.273606919294429e-06,8.555857876059573e-10,-0.1762337680172937,-0,5.983086561411803e-08,5.983086561411803e-08,0,-0.1761141661169311,-0.176114085730373,0.05297599259780619,105.9519851956124
USD,2015,outer,retrospective,ridge_term,daily,5,0,20,0.07936507936507936,observation,93.87195881424896,0.1340172219569439,3.537935017148929e-14,-8.555504082557858e-10,3.537935017148874e-14,-0.1761141661169311,-0,4.01560963436505e-11,4.01560963436505e-11,0,-0.1761140858448945,-0.1761140858415734,0.05297599263796229,105.9519852759246
USD,2015,outer,retrospective,ridge_term,daily,5,0,21,0.08333333333333333,settlement,93.91347670846135,,0,-3.537935017148874e-14,0,-0.1761140858448945,-0,1.661298889145303e-15,1.661298889145303e-15,0,-0.1761140858415736,-0.1761140858415736,0.05297599263796395,105.9519852759279
USD,2015,outer,retrospective,ridge_term,every5,5,0,0,0,entry,100,0.08687027727492683,0.5050020643577996,0.5050020643577996,0.5050020643577996,0.9135779322174216,0,0.02525010321788998,0.02525010321788998,0,-49.61187860678043,0.8883278289995289,0.02525010321788998,50.50020643577996
USD,2015,outer,retrospective,ridge_term,every5,5,0,1,0.003968253968253968,observation,98.93714190816243,0.09093979571157895,0.3430050473659613,0,0.5050020643577996,-49.61187860678043,-0,0,0,0,-49.61187860678043,0.3515822985021657,0.02525010321788998,50.50020643577996
USD,2015,outer,retrospective,ridge_term,every5,5,0,2,0.007936507936507936,observation,98.92883832931994,0.08924828939974595,0.334615911537785,0,0.5050020643577996,-49.61187860678043,-0,0,0,0,-49.61187860678043,0.3473889740451526,0.02525010321788998,50.50020643577996
USD,2015,outer,retrospective,ridge_term,every5,5,0,3,0.0119047619047619,observation,98.23964128539401,0.09068836126106941,0.2355636815934974,0,0.5050020643577996,-49.61187860678043,-0,0,0,0,-49.61187860678043,-0.0006569558867326464,0.02525010321788998,50.50020643577996
USD,2015,outer,retrospective,ridge_term,every5,5,0,4,0.01587301587301587,observation,97.7165158183177,0.09183796824703175,0.1694147966232603,0,0.5050020643577996,-49.61187860678043,-0,0,0,0,-49.61187860678043,-0.2648363966784117,0.02525010321788998,50.50020643577996
USD,2015,outer,retrospective,ridge_term,every5,5,0,5,0.01984126984126984,observation,98.09017686622936,0.08970028896357016,0.1999392009066553,-0.3050628634511443,0.1999392009066553,-49.61187860678043,-0,0.01496183511562056,0.01496183511562056,0,-19.70317021065493,-0.09109863122854733,0.04021193833351054,80.42387666702108
USD,2015,outer,retrospective,ridge_term,every5,5,0,6,0.02380952380952381,observation,98.01544465664701,0.08651180636285391,0.173826883331649,0,0.1999392009066553,-19.70317021065493,-0,0,0,0,-19.70317021065493,-0.1060405294944289,0.04021193833351054,80.42387666702108
USD,2015,outer,retrospective,ridge_term,every5,5,0,7,0.02777777777777778,observation,97.83276592211243,0.08654037199000693,0.1436712032033757,0,0.1999392009066553,-19.70317021065493,-0,0,0,0,-19.70317021065493,-0.1425651696999104,0.04021193833351054,80.42387666702108
USD,2015,outer,retrospective,ridge_term,every5,5,0,8,0.03174603174603174,observation,97.77464087021507,0.08565770751397804,0.1256859345101054,0,0.1999392009066553,-19.70317021065493,-0,0,0,0,-19.70317021065493,-0.1541866461289274,0.04021193833351054,80.42387666702108
USD,2015,outer,retrospective,ridge_term,every5,5,0,9,0.03571428571428571,observation,97.21830108776885,0.08697831888588586,0.06985694109986934,0,0.1999392009066553,-19.70317021065493,-0,0,0,0,-19.70317021065493,-0.265420777663806,0.04021193833351054,80.42387666702108
USD,2015,outer,retrospective,ridge_term,every5,5,0,10,0.03968253968253968,observation,96.2218716266711,0.09052450773832509,0.0213370622940384,-0.1786021386126169,0.02133706229403839,-19.70317021065493,-0,0.00859271602691607,0.00859271602691607,0,-2.526330872849702,-0.4732388039024547,0.04880465436042661,97.60930872085322
USD,2015,outer,retrospective,ridge_term,every5,5,0,11,0.04365079365079365,observation,96.36303246699329,0.08825525925046422,0.0179316478763463,0,0.02133706229403839,-2.526330872849702,-0,0,0,0,-2.526330872849702,-0.4702268462590213,0.04880465436042661,97.60930872085322
USD,2015,outer,retrospective,ridge_term,every5,5,0,12,0.04761904761904762,observation,96.14713941708877,0.08642377385097716,0.00825399196124183,0,0.02133706229403839,-2.526330872849702,-0,0,0,0,-2.526330872849702,-0.4748333697136844,0.04880465436042661,97.60930872085322
USD,2015,outer,retrospective,ridge_term,every5,5,0,13,0.05158730158730158,observation,96.26338952088351,0.08119756208839389,0.004331765162034415,0,0.02133706229403839,-2.526330872849702,-0,0,0,0,-2.526330872849702,-0.4723529340073274,0.04880465436042661,97.60930872085322
USD,2015,outer,retrospective,ridge_term,every5,5,0,14,0.05555555555555555,observation,96.47097899194553,0.08038257931838851,0.003735643717623244,0,0.02133706229403839,-2.526330872849702,-0,0,0,0,-2.526330872849702,-0.4679235845316905,0.04880465436042661,97.60930872085322
USD,2015,outer,retrospective,ridge_term,every5,5,0,15,0.05952380952380952,observation,92.98347587810346,0.1186089672183689,3.657688040856317e-05,-0.02130048541362983,3.6576880408562e-05,-2.526330872849702,-0,0.0009902965858250721,0.0009902965858250721,0,-0.5467279977853825,-0.5433269523082167,0.04979495094625168,99.58990189250336
USD,2015,outer,retrospective,ridge_term,every5,5,0,16,0.06349206349206349,observation,93.3654405048576,0.1182757307810987,1.959510303103814e-05,0,3.6576880408562e-05,-0.5467279977853825,-0,0,0,0,-0.5467279977853825,-0.5433129812337436,0.04979495094625168,99.58990189250336
USD,2015,outer,retrospective,ridge_term,every5,5,0,17,0.06746031746031746,observation,93.88026239309143,0.1178056071609614,1.081493398306451e-05,0,3.6576880408562e-05,-0.5467279977853825,-0,0,0,0,-0.5467279977853825,-0.543294150655106,0.04979495094625168,99.58990189250336
USD,2015,outer,retrospective,ridge_term,every5,5,0,18,0.07142857142857142,observation,94.19579838910572,0.1163409189477957,1.274462505082035e-06,0,3.6576880408562e-05,-0.5467279977853825,-0,0,0,0,-0.5467279977853825,-0.5432826093327152,0.04979495094625168,99.58990189250336
USD,2015,outer,retrospective,ridge_term,every5,5,0,19,0.07539682539682539,observation,93.95499460267376,0.1161072917876566,8.555857876059042e-10,0,3.6576880408562e-05,-0.5467279977853825,-0,0,0,0,-0.5467279977853825,-0.5432914171840134,0.04979495094625168,99.58990189250336
USD,2015,outer,retrospective,ridge_term,every5,5,0,20,0.07936507936507936,observation,93.87195881424896,0.1340172219569439,3.537935017148929e-14,-3.657688037318264e-05,3.537935325563166e-14,-0.5467279977853825,-0,1.716771703972556e-06,1.716771703972556e-06,0,-0.5432961711491414,-0.5432961711458203,0.04979666771795565,99.59333543591131
USD,2015,outer,retrospective,ridge_term,every5,5,0,21,0.08333333333333333,settlement,93.91347670846135,,0,-3.537935325563166e-14,0,-0.5432961711491414,-0,1.661299033966595e-15,1.661299033966595e-15,0,-0.5432961711458205,-0.5432961711458205,0.04979666771795731,99.59333543591464
USD,2015,outer,retrospective,ridge_term,band05,5,0,0,0,entry,100,,0.5050020643577996,0.5050020643577996,0.5050020643577996,0.9135779322174216,0,0.02525010321788998,0.02525010321788998,0,-49.61187860678043,0.8883278289995289,0.02525010321788998,50.50020643577996
USD,2015,outer,retrospective,ridge_term,band05,5,0,1,0.003968253968253968,observation,98.93714190816243,,0.3430050473659613,-0.1119970169918383,0.3930050473659613,-49.61187860678043,-0,0.005540332381706194,0.005540332381706194,0,-38.53675417574975,0.3460419661204597,0.03079043559959617,61.58087119919234
USD,2015,outer,retrospective,ridge_term,band05,5,0,2,0.007936507936507936,observation,98.92883832931994,,0.334615911537785,-0.008389135828176242,0.384615911537785,-38.53675417574975,-0,0.0004149637310341765,0.0004149637310341765,0,-37.70724167741243,0.3423636539931252,0.03120539933063034,62.4107986612607
USD,2015,outer,retrospective,ridge_term,band05,5,0,3,0.0119047619047619,observation,98.23964128539401,,0.2355636815934974,-0.09905222994428758,0.2855636815934974,-37.70724167741243,-0,0.004865427769122589,0.004865427769122589,0,-27.98125156693638,0.07242207694528346,0.03607082709975293,72.14165419950588
USD,2015,outer,retrospective,ridge_term,band05,5,0,4,0.01587301587301587,observation,97.7165158183177,,0.1694147966232603,-0.06614888497023713,0.2194147966232603,-27.98125156693638,-0,0.003231919282279128,0.003231919282279128,0,-21.5206449216604,-0.08019547665062632,0.03930274638203207,78.60549276406414
USD,2015,outer,retrospective,ridge_term,band05,5,0,5,0.01984126984126984,observation,98.09017686622936,,0.1999392009066553,0,0.2194147966232603,-21.5206449216604,-0,0,0,0,-21.5206449216604,0.001791286182942997,0.03930274638203207,78.60549276406414
USD,2015,outer,retrospective,ridge_term,band05,5,0,6,0.02380952380952381,observation,98.01544465664701,,0.173826883331649,0,0.2194147966232603,-21.5206449216604,-0,0,0,0,-21.5206449216604,-0.01460606638377371,0.03930274638203207,78.60549276406414
USD,2015,outer,retrospective,ridge_term,band05,5,0,7,0.02777777777777778,observation,97.83276592211243,,0.1436712032033757,-0.02574359341988464,0.1936712032033757,-21.5206449216604,-0,0.001259283474520804,0.001259283474520804,0,-19.00333725609332,-0.05594776724359463,0.04056202985655287,81.12405971310575
USD,2015,outer,retrospective,ridge_term,band05,5,0,8,0.03174603174603174,observation,97.77464087021507,,0.1256859345101054,-0.01798526869327027,0.1756859345101054,-19.00333725609332,-0,0.0008792515937194116,0.0008792515937194116,0,-17.24571332024821,-0.06808416757453628,0.04144128145027228,82.88256290054457
USD,2015,outer,retrospective,ridge_term,band05,5,0,9,0.03571428571428571,observation,97.21830108776885,,0.06985694109986934,-0.05582899341023605,0.1198569410998693,-17.24571332024821,-0,0.002713799945391695,0.002713799945391695,0,-11.82082722941021,-0.1685390421041397,0.04415508139566398,88.31016279132797
USD,2015,outer,retrospective,ridge_term,band05,5,0,10,0.03968253968253968,observation,96.2218716266711,,0.0213370622940384,-0.04851987880583093,0.07133706229403841,-11.82082722941021,-0,0.002334336774898152,0.002334336774898152,0,-7.154488016388809,-0.2903023661080057,0.04648941817056213,92.97883634112428
USD,2015,outer,retrospective,ridge_term,band05,5,0,11,0.04365079365079365,observation,96.36303246699329,,0.0179316478763463,-0.003405414417692113,0.0679316478763463,-7.154488016388809,-0,0.0001640780300478161,0.0001640780300478161,0,-6.826496034323225,-0.2803964444785105,0.04665349620060995,93.30699240121992
USD,2015,outer,retrospective,ridge_term,band05,5,0,12,0.04761904761904762,observation,96.14713941708877,,0.00825399196124183,-0.009677655915104465,0.05825399196124183,-6.826496034323225,-0,0.0004652394662500815,0.0004652394662500815,0,-5.896482341289312,-0.2955276545898249,0.04711873566686003,94.23747133372008
USD,2015,outer,retrospective,ridge_term,band05,5,0,13,0.05158730158730158,observation,96.26338952088351,,0.004331765162034415,-0.003922226799207416,0.05433176516203442,-5.896482341289312,-0,0.0001887834230806758,0.0001887834230806758,0,-5.519104278551041,-0.2889444054009536,0.0473075190899407,94.61503817988144
USD,2015,outer,retrospective,ridge_term,band05,5,0,14,0.05555555555555555,observation,96.47097899194553,,0.003735643717623244,-0.0005961214444111726,0.05373564371762325,-5.519104278551041,-0,2.875420967021923e-05,2.875420967021923e-05,0,-5.461624613420273,-0.2776944572187716,0.04733627329961092,94.67254659922187
USD,2015,outer,retrospective,ridge_term,band05,5,0,15,0.05952380952380952,observation,92.98347587810346,,3.657688040856317e-05,-0.00369906683721468,0.05003657688040856,-5.461624613420273,-0,0.0001719760460148219,0.0001719760460148219,0,-5.117844497436645,-0.4652696580543054,0.04750824934562574,95.01649869125151
USD,2015,outer,retrospective,ridge_term,band05,5,0,16,0.06349206349206349,observation,93.3654405048576,,1.959510303103814e-05,-1.698177737752271e-05,0.05001959510303104,-5.117844497436645,-0,7.927555627039167e-07,7.927555627039167e-07,0,-5.1162597790668,-0.4461582483976887,0.04750904210118844,95.01808420237693
USD,2015,outer,retrospective,ridge_term,band05,5,0,17,0.06746031746031746,observation,93.88026239309143,,1.081493398306451e-05,-8.780169047976905e-06,0.05001081493398307,-5.1162597790668,-0,4.121422870398857e-07,4.121422870398857e-07,0,-5.115435906635007,-0.4204074781403415,0.04750945424347548,95.01890848695101
USD,2015,outer,retrospective,ridge_term,band05,5,0,18,0.07142857142857142,observation,94.19579838910572,,1.274462505082035e-06,-9.540471477977042e-06,0.05000127446250509,-5.115435906635007,-0,4.493361639382694e-07,4.493361639382694e-07,0,-5.114537683643294,-0.4046277151748248,0.04750990357963942,95.01980715927888
USD,2015,outer,retrospective,ridge_term,band05,5,0,19,0.07539682539682539,observation,93.95499460267376,,8.555857876059042e-10,-1.273606919295622e-06,0.05000000085558579,-5.114537683643294,-0,5.983086561417408e-08,5.983086561417408e-08,0,-5.114418081742931,-0.4166682712226848,0.04750996341050504,95.01992682101012
USD,2015,outer,retrospective,ridge_term,band05,5,0,20,0.07936507936507936,observation,93.87195881424896,,3.537935017148929e-14,-8.555504082963239e-10,0.05000000000003538,-5.114418081742931,-0,4.01560963455532e-11,4.01560963455532e-11,0,-5.114418001470894,-0.4208200607551245,0.04750996345066113,95.01992690132231
USD,2015,outer,retrospective,ridge_term,band05,5,0,21,0.08333333333333333,settlement,93.91347670846135,,0,-0.05000000000003538,0,-5.114418001470894,-0,0.002347836917713195,0.002347836917713195,0,-0.4210920029622169,-0.4210920029622169,0.04985780036837432,99.7156007367487
USD,2015,outer,retrospective,ridge_term,band10,5,0,0,0,entry,100,,0.5050020643577996,0.5050020643577996,0.5050020643577996,0.9135779322174216,0,0.02525010321788998,0.02525010321788998,0,-49.61187860678043,0.8883278289995289,0.02525010321788998,50.50020643577996
USD,2015,outer,retrospective,ridge_term,band10,5,0,1,0.003968253968253968,observation,98.93714190816243,,0.3430050473659613,-0.06199701699183835,0.4430050473659612,-49.61187860678043,-0,0.003066903834002134,0.003066903834002134,0,-43.48113784261017,0.3485153946681621,0.02831700705189211,56.63401410378422
USD,2015,outer,retrospective,ridge_term,band10,5,0,2,0.007936507936507936,observation,98.92883832931994,,0.334615911537785,-0.008389135828176242,0.434615911537785,-43.48113784261017,-0,0.0004149637310341765,0.0004149637310341765,0,-42.65162534427285,0.3444219035987004,0.02873197078292629,57.46394156585258
USD,2015,outer,retrospective,ridge_term,band10,5,0,3,0.0119047619047619,observation,98.23964128539401,,0.2355636815934974,-0.09905222994428753,0.3355636815934975,-42.65162534427285,-0,0.004865427769122585,0.004865427769122585,0,-32.9256352337968,0.04002047435456291,0.03359739855204887,67.19479710409774
USD,2015,outer,retrospective,ridge_term,band10,5,0,4,0.01587301587301587,observation,97.7165158183177,,0.1694147966232603,-0.06614888497023719,0.2694147966232603,-32.9256352337968,-0,0.00323191928227913,0.00323191928227913,0,-26.46502858852082,-0.1387533525951632,0.036829317834328,73.658635668656
USD,2015,outer,retrospective,ridge_term,band10,5,0,5,0.01984126984126984,observation,98.09017686622936,,0.1999392009066553,0,0.2694147966232603,-26.46502858852082,-0,0,0,0,-26.46502858852082,-0.03808353736600978,0.036829317834328,73.658635668656
USD,2015,outer,retrospective,ridge_term,band10,5,0,6,0.02380952380952381,observation,98.01544465664701,,0.173826883331649,0,0.2694147966232603,-26.46502858852082,-0,0,0,0,-26.46502858852082,-0.05821750041184615,0.036829317834328,73.658635668656
USD,2015,outer,retrospective,ridge_term,band10,5,0,7,0.02777777777777778,observation,97.83276592211243,,0.1436712032033757,-0.02574359341988461,0.2436712032033757,-26.46502858852082,-0,0.001259283474520802,0.001259283474520802,0,-23.94772092295374,-0.1086931379983938,0.03808860130884881,76.1772026176976
USD,2015,outer,retrospective,ridge_term,band10,5,0,8,0.03174603174603174,observation,97.77464087021507,,0.1256859345101054,-0.01798526869327027,0.2256859345101054,-23.94772092295374,-0,0.0008792515937194116,0.0008792515937194116,0,-22.19009698710864,-0.1237357909242007,0.03896785290256822,77.93570580513642
USD,2015,outer,retrospective,ridge_term,band10,5,0,9,0.03571428571428571,observation,97.21830108776885,,0.06985694109986934,-0.05582899341023606,0.1698569410998693,-22.19009698710864,-0,0.002713799945391696,0.002713799945391696,0,-16.76521089627063,-0.252007654576115,0.04168165284795992,83.36330569591982
USD,2015,outer,retrospective,ridge_term,band10,5,0,10,0.03968253968253968,observation,96.2218716266711,,0.0213370622940384,-0.04851987880583095,0.1213370622940384,-16.76521089627063,-0,0.002334336774898153,0.002334336774898153,0,-12.09887168324923,-0.4235924516348692,0.04401598962285807,88.03197924571613
USD,2015,outer,retrospective,ridge_term,band10,5,0,11,0.04365079365079365,observation,96.36303246699329,,0.0179316478763463,-0.003405414417692099,0.1179316478763463,-12.09887168324923,-0,0.0001640780300478154,0.0001640780300478154,0,-11.77087970118364,-0.4066284879892645,0.04418006765290589,88.36013530581177
USD,2015,outer,retrospective,ridge_term,band10,5,0,12,0.04761904761904762,observation,96.14713941708877,,0.00825399196124183,-0.009677655915104472,0.1082539919612418,-11.77087970118364,-0,0.0004652394662500817,0.0004652394662500817,0,-10.84086600814973,-0.4325543505958045,0.04464530711915597,89.29061423831193
USD,2015,outer,retrospective,ridge_term,band10,5,0,13,0.05158730158730158,observation,96.26338952088351,,0.004331765162034415,-0.003922226799207409,0.1043317651620344,-10.84086600814973,-0,0.0001887834230806755,0.0001887834230806755,0,-10.46348794541146,-0.4201585962171972,0.04483409054223664,89.66818108447329
USD,2015,outer,retrospective,ridge_term,band10,5,0,14,0.05555555555555555,observation,96.47097899194553,,0.003735643717623244,-0.0005961214444111657,0.1037356437176233,-10.46348794541146,-0,2.875420967021889e-05,2.875420967021889e-05,0,-10.40600828028069,-0.3985291744819133,0.04486284475190686,89.72568950381373
USD,2015,outer,retrospective,ridge_term,band10,5,0,15,0.05952380952380952,observation,92.98347587810346,,3.657688040856317e-05,-0.003699066837214687,0.1000365768804086,-10.40600828028069,-0,0.0001719760460148222,0.0001719760460148222,0,-10.06222816429706,-0.7604795310095511,0.04503482079792168,90.06964159584336
USD,2015,outer,retrospective,ridge_term,band10,5,0,16,0.06349206349206349,observation,93.3654405048576,,1.959510303103814e-05,-1.698177737752271e-05,0.100019595103031,-10.06222816429706,-0,7.927555627039167e-07,7.927555627039167e-07,0,-10.06064344592722,-0.7222698900152267,0.04503561355348438,90.07122710696878
USD,2015,outer,retrospective,ridge_term,band10,5,0,17,0.06746031746031746,observation,93.88026239309143,,1.081493398306451e-05,-8.780169047969966e-06,0.1000108149339831,-10.06064344592722,-0,4.121422870395601e-07,4.121422870395601e-07,0,-10.05981957349543,-0.6707780253461895,0.04503602569577142,90.07205139154286
USD,2015,outer,retrospective,ridge_term,band10,5,0,18,0.07142857142857142,observation,94.19579838910572,,1.274462505082035e-06,-9.540471477983981e-06,0.1000012744625051,-10.05981957349543,-0,4.493361639385962e-07,4.493361639385962e-07,0,-10.05892135050371,-0.6392214625799593,0.04503647503193536,90.07295006387073
USD,2015,outer,retrospective,ridge_term,band10,5,0,19,0.07539682539682539,observation,93.95499460267376,,8.555857876059042e-10,-1.273606919302561e-06,0.1000000008555858,-10.05892135050371,-0,5.983086561450005e-08,5.983086561450005e-08,0,-10.05880174860335,-0.6633022079494157,0.04503653486280097,90.07306972560197
USD,2015,outer,retrospective,ridge_term,band10,5,0,20,0.07936507936507936,observation,93.87195881424896,,3.537935017148929e-14,-8.555504082963239e-10,0.1000000000000354,-10.05880174860335,-0,4.01560963455532e-11,4.01560963455532e-11,0,-10.05880166833131,-0.6716057869030987,0.04503653490295707,90.07306980591416
USD,2015,outer,retrospective,ridge_term,band10,5,0,21,0.08333333333333333,settlement,93.91347670846135,,0,-0.1000000000000354,0,-10.05880166833131,-0,0.004695673835424729,0.004695673835424729,0,-0.6721496713172819,-0.6721496713172819,0.04973220873838179,99.46441747676361
