scenario,replicate,validation_n,fee_bps,budget,selector,candidate,policy,multiplier,hedge_vol,validation_feasible,validation_mse,validation_es90,validation_mean_cost,test_mse,test_variance,test_bias_squared,test_mean_pnl,test_es90,test_mean_cost,test_budget_met,reference_best_candidate,reference_any_feasible,reference_best_mse,reference_selected_mse,reference_selected_budget_met,reference_mse_gap
matched_gbm,0,16,5.0,0.18,forecast_first,vol1_daily,daily,1.0,0.19626241938005953,True,0.17443376807859556,0.7019274305198517,0.12836696857603014,0.1992443838798986,0.1837628714378804,0.015481512442018215,-0.12442472600740664,0.9507860857632497,0.12223279870118678,True,vol1_daily,True,0.20682389925977052,0.20682389925977052,True,0.0
matched_gbm,0,16,5.0,0.18,joint_mse,vol1_daily,daily,1.0,0.19626241938005953,True,0.17443376807859556,0.7019274305198517,0.12836696857603014,0.1992443838798986,0.1837628714378804,0.015481512442018215,-0.12442472600740664,0.9507860857632497,0.12223279870118678,True,vol1_daily,True,0.20682389925977052,0.20682389925977052,True,0.0
matched_gbm,0,16,5.0,0.18,joint_es90,vol1.25_daily,daily,1.25,0.2453280242250744,True,0.19415469822228604,0.4825583790812999,0.1204234498051753,0.2184687486734866,0.20553356223102454,0.012935186442462087,-0.11373296110830003,0.8639398623040065,0.1146362754813083,True,vol1_daily,True,0.20682389925977052,0.2276063454398356,True,0.020782446180065084
matched_gbm,0,64,5.0,0.18,forecast_first,vol1_daily,daily,1.0,0.19626241938005953,True,0.14188199232767082,0.7543233528575005,0.12717595542547663,0.1992443838798986,0.1837628714378804,0.015481512442018215,-0.12442472600740664,0.9507860857632497,0.12223279870118678,True,vol1_daily,True,0.20682389925977052,0.20682389925977052,True,0.0
matched_gbm,0,64,5.0,0.18,joint_mse,vol1_daily,daily,1.0,0.19626241938005953,True,0.14188199232767082,0.7543233528575005,0.12717595542547663,0.1992443838798986,0.1837628714378804,0.015481512442018215,-0.12442472600740664,0.9507860857632497,0.12223279870118678,True,vol1_daily,True,0.20682389925977052,0.20682389925977052,True,0.0
matched_gbm,0,64,5.0,0.18,joint_es90,vol1.25_daily,daily,1.25,0.2453280242250744,True,0.16161844354196916,0.7521130080863322,0.11949172012820729,0.2184687486734866,0.20553356223102454,0.012935186442462087,-0.11373296110830003,0.8639398623040065,0.1146362754813083,True,vol1_daily,True,0.20682389925977052,0.2276063454398356,True,0.020782446180065084
matched_gbm,0,256,5.0,0.18,forecast_first,vol1_daily,daily,1.0,0.19626241938005953,True,0.20195170562149245,0.9163817415780888,0.12472522208094604,0.1992443838798986,0.1837628714378804,0.015481512442018215,-0.12442472600740664,0.9507860857632497,0.12223279870118678,True,vol1_daily,True,0.20682389925977052,0.20682389925977052,True,0.0
matched_gbm,0,256,5.0,0.18,joint_mse,vol1_daily,daily,1.0,0.19626241938005953,True,0.20195170562149245,0.9163817415780888,0.12472522208094604,0.1992443838798986,0.1837628714378804,0.015481512442018215,-0.12442472600740664,0.9507860857632497,0.12223279870118678,True,vol1_daily,True,0.20682389925977052,0.20682389925977052,True,0.0
matched_gbm,0,256,5.0,0.18,joint_es90,vol1.25_daily,daily,1.25,0.2453280242250744,True,0.2270290904102979,0.8493740883941685,0.11672664405971091,0.2184687486734866,0.20553356223102454,0.012935186442462087,-0.11373296110830003,0.8639398623040065,0.1146362754813083,True,vol1_daily,True,0.20682389925977052,0.2276063454398356,True,0.020782446180065084
matched_gbm,0,16,20.0,0.72,forecast_first,vol1_band10,band10,1.0,0.19626241938005953,True,0.43296447022419177,0.952905344786288,0.3259767362806514,0.5222528804464379,0.4121174372230275,0.11013544322341044,-0.3318666045618487,1.4841220092880976,0.3217202966586773,True,vol1_band05,True,0.408905602175723,0.5164388993964271,True,0.10753329722070404
matched_gbm,0,16,20.0,0.72,joint_mse,vol1.25_daily,daily,1.25,0.2453280242250744,True,0.4052257441591584,0.9820392045736511,0.4816937992207012,0.42276357591189306,0.21332757019789728,0.2094360057139958,-0.45764178755222495,1.2555918137210873,0.4585451019252332,True,vol1_band05,True,0.408905602175723,0.435263492778675,True,0.02635789060295196
matched_gbm,0,16,20.0,0.72,joint_es90,vol1.25_band10,band10,1.25,0.2453280242250744,True,0.4517897287682728,0.8809292155818242,0.3033821213291186,0.6496221555345767,0.5540729025162194,0.09554925301835739,-0.30911042204745764,1.6107630434198732,0.30288731289760074,True,vol1_band05,True,0.408905602175723,0.6504623433063534,True,0.24155674113063041
matched_gbm,0,64,20.0,0.72,forecast_first,vol1_band10,band10,1.0,0.19626241938005953,True,0.29660665546749343,1.0970842231820293,0.328733379892282,0.5222528804464379,0.4121174372230275,0.11013544322341044,-0.3318666045618487,1.4841220092880976,0.3217202966586773,True,vol1_band05,True,0.408905602175723,0.5164388993964271,True,0.10753329722070404
matched_gbm,0,64,20.0,0.72,joint_mse,vol1_band10,band10,1.0,0.19626241938005953,True,0.29660665546749343,1.0970842231820293,0.328733379892282,0.5222528804464379,0.4121174372230275,0.11013544322341044,-0.3318666045618487,1.4841220092880976,0.3217202966586773,True,vol1_band05,True,0.408905602175723,0.5164388993964271,True,0.10753329722070404
matched_gbm,0,64,20.0,0.72,joint_es90,vol1_band10,band10,1.0,0.19626241938005953,True,0.29660665546749343,1.0970842231820293,0.328733379892282,0.5222528804464379,0.4121174372230275,0.11013544322341044,-0.3318666045618487,1.4841220092880976,0.3217202966586773,True,vol1_band05,True,0.408905602175723,0.5164388993964271,True,0.10753329722070404
matched_gbm,0,256,20.0,0.72,forecast_first,vol1_band05,band05,1.0,0.19626241938005953,True,0.38726170455091047,1.3063390217856783,0.3806138901107498,0.4126104947158564,0.26654741232839085,0.14606308238746551,-0.3821820016529631,1.3403880468314089,0.3745681779967369,True,vol1_band05,True,0.408905602175723,0.408905602175723,True,0.0
matched_gbm,0,256,20.0,0.72,joint_mse,vol1_band05,band05,1.0,0.19626241938005953,True,0.38726170455091047,1.3063390217856783,0.3806138901107498,0.4126104947158564,0.26654741232839085,0.14606308238746551,-0.3821820016529631,1.3403880468314089,0.3745681779967369,True,vol1_band05,True,0.408905602175723,0.408905602175723,True,0.0
matched_gbm,0,256,20.0,0.72,joint_es90,vol1.25_daily,daily,1.25,0.2453280242250744,True,0.42964228734764043,1.2375407942070016,0.46690657623884363,0.42276357591189306,0.21332757019789728,0.2094360057139958,-0.45764178755222495,1.2555918137210873,0.4585451019252332,True,vol1_band05,True,0.408905602175723,0.435263492778675,True,0.02635789060295196
matched_gbm,1,16,5.0,0.18,forecast_first,vol1.25_daily,daily,1.25,0.23393865457153576,True,0.26440985530120475,0.888506648790477,0.11496993562097094,0.22136903784117995,0.20676250842453428,0.014606529416645662,-0.12085747563409416,0.8951986689120599,0.11609963448727374,True,vol1_daily,True,0.20694903151821104,0.21244991791507273,True,0.005500886396861693
matched_gbm,1,16,5.0,0.18,joint_mse,vol1_daily,daily,1.0,0.1871509236572286,True,0.18942706062939357,0.9314387589413071,0.11970346663721662,0.22750504262237425,0.21041525366606117,0.017089788956313093,-0.13072791957463828,1.0494879573938531,0.12376479715652741,True,vol1_daily,True,0.20694903151821104,0.20694903151821104,True,0.0
matched_gbm,1,16,5.0,0.18,joint_es90,vol1.25_daily,daily,1.25,0.23393865457153576,True,0.26440985530120475,0.888506648790477,0.11496993562097094,0.22136903784117995,0.20676250842453428,0.014606529416645662,-0.12085747563409416,0.8951986689120599,0.11609963448727374,True,vol1_daily,True,0.20694903151821104,0.21244991791507273,True,0.005500886396861693
matched_gbm,1,64,5.0,0.18,forecast_first,vol1_daily,daily,1.0,0.1871509236572286,True,0.20522198754667914,0.9253329782844323,0.1253182064269358,0.22750504262237425,0.21041525366606117,0.017089788956313093,-0.13072791957463828,1.0494879573938531,0.12376479715652741,True,vol1_daily,True,0.20694903151821104,0.20694903151821104,True,0.0
matched_gbm,1,64,5.0,0.18,joint_mse,vol1.25_daily,daily,1.25,0.23393865457153576,True,0.20368916288140682,0.7979873366949488,0.1179711967169393,0.22136903784117995,0.20676250842453428,0.014606529416645662,-0.12085747563409416,0.8951986689120599,0.11609963448727374,True,vol1_daily,True,0.20694903151821104,0.21244991791507273,True,0.005500886396861693
matched_gbm,1,64,5.0,0.18,joint_es90,vol1.25_daily,daily,1.25,0.23393865457153576,True,0.20368916288140682,0.7979873366949488,0.1179711967169393,0.22136903784117995,0.20676250842453428,0.014606529416645662,-0.12085747563409416,0.8951986689120599,0.11609963448727374,True,vol1_daily,True,0.20694903151821104,0.21244991791507273,True,0.005500886396861693
matched_gbm,1,256,5.0,0.18,forecast_first,vol1_daily,daily,1.0,0.1871509236572286,True,0.19044312867399588,0.9246722539497436,0.12195890849202862,0.22750504262237425,0.21041525366606117,0.017089788956313093,-0.13072791957463828,1.0494879573938531,0.12376479715652741,True,vol1_daily,True,0.20694903151821104,0.20694903151821104,True,0.0
matched_gbm,1,256,5.0,0.18,joint_mse,vol1_daily,daily,1.0,0.1871509236572286,True,0.19044312867399588,0.9246722539497436,0.12195890849202862,0.22750504262237425,0.21041525366606117,0.017089788956313093,-0.13072791957463828,1.0494879573938531,0.12376479715652741,True,vol1_daily,True,0.20694903151821104,0.20694903151821104,True,0.0
matched_gbm,1,256,5.0,0.18,joint_es90,vol1.25_daily,daily,1.25,0.23393865457153576,True,0.19439638555693267,0.8328187906630755,0.11456238242892341,0.22136903784117995,0.20676250842453428,0.014606529416645662,-0.12085747563409416,0.8951986689120599,0.11609963448727374,True,vol1_daily,True,0.20694903151821104,0.21244991791507273,True,0.005500886396861693
matched_gbm,1,16,20.0,0.72,forecast_first,vol1.25_daily,daily,1.25,0.23393865457153576,True,0.581184701411043,1.2376000606142292,0.45987974248388375,0.4427942273854316,0.22268651933904132,0.2201077080463903,-0.4691563790959154,1.3160889364775064,0.46439853794909497,True,vol1_band05,True,0.40602379178041537,0.4235929558290864,True,0.017569164048671038
matched_gbm,1,16,20.0,0.72,joint_mse,vol1_daily,daily,1.0,0.1871509236572286,True,0.4671641998987067,1.373911971432634,0.4788138665488665,0.5074011640339499,0.2553747632477698,0.25202640078618005,-0.5020223110442205,1.5371213629613139,0.49505918862610965,True,vol1_band05,True,0.40602379178041537,0.4741504432099637,True,0.06812665142954832
matched_gbm,1,16,20.0,0.72,joint_es90,vol1.25_daily,daily,1.25,0.23393865457153576,True,0.581184701411043,1.2376000606142292,0.45987974248388375,0.4427942273854316,0.22268651933904132,0.2201077080463903,-0.4691563790959154,1.3160889364775064,0.46439853794909497,True,vol1_band05,True,0.40602379178041537,0.4235929558290864,True,0.017569164048671038
matched_gbm,1,64,20.0,0.72,forecast_first,vol1_band05,band05,1.0,0.1871509236572286,True,0.49775685733138797,1.358075234384884,0.3912001109126816,0.42136556793797264,0.2753542680887352,0.14601129984923744,-0.38211424973329305,1.383325342854743,0.3798528080456757,True,vol1_band05,True,0.40602379178041537,0.40602379178041537,True,0.0
matched_gbm,1,64,20.0,0.72,joint_mse,vol1.25_daily,daily,1.25,0.23393865457153576,True,0.4896178262507836,1.1867033914261946,0.4718847868677572,0.4427942273854316,0.22268651933904132,0.2201077080463903,-0.4691563790959154,1.3160889364775064,0.46439853794909497,True,vol1_band05,True,0.40602379178041537,0.4235929558290864,True,0.017569164048671038
matched_gbm,1,64,20.0,0.72,joint_es90,vol1.25_daily,daily,1.25,0.23393865457153576,True,0.4896178262507836,1.1867033914261946,0.4718847868677572,0.4427942273854316,0.22268651933904132,0.2201077080463903,-0.4691563790959154,1.3160889364775064,0.46439853794909497,True,vol1_band05,True,0.40602379178041537,0.4235929558290864,True,0.017569164048671038
matched_gbm,1,256,20.0,0.72,forecast_first,vol1_band05,band05,1.0,0.1871509236572286,True,0.4205589892640878,1.3238606387017902,0.3774117503079062,0.42136556793797264,0.2753542680887352,0.14601129984923744,-0.38211424973329305,1.383325342854743,0.3798528080456757,True,vol1_band05,True,0.40602379178041537,0.40602379178041537,True,0.0
matched_gbm,1,256,20.0,0.72,joint_mse,vol1.25_daily,daily,1.25,0.23393865457153576,True,0.4187337526173318,1.2328211230207746,0.45824952971569366,0.4427942273854316,0.22268651933904132,0.2201077080463903,-0.4691563790959154,1.3160889364775064,0.46439853794909497,True,vol1_band05,True,0.40602379178041537,0.4235929558290864,True,0.017569164048671038
matched_gbm,1,256,20.0,0.72,joint_es90,vol1.25_daily,daily,1.25,0.23393865457153576,True,0.4187337526173318,1.2328211230207746,0.45824952971569366,0.4427942273854316,0.22268651933904132,0.2201077080463903,-0.4691563790959154,1.3160889364775064,0.46439853794909497,True,vol1_band05,True,0.40602379178041537,0.4235929558290864,True,0.017569164048671038
matched_gbm,2,16,5.0,0.18,forecast_first,vol1_daily,daily,1.0,0.20627877358511412,True,0.16827113162129034,0.4310693351984475,0.1273956098447726,0.20264401815218103,0.18771455560455336,0.01492946254762769,-0.12218617985528352,0.9190283131141304,0.12126612313010597,True,vol1_daily,True,0.20521025707345608,0.20521025707345608,True,0.0
matched_gbm,2,16,5.0,0.18,joint_mse,vol1_daily,daily,1.0,0.20627877358511412,True,0.16827113162129034,0.4310693351984475,0.1273956098447726,0.20264401815218103,0.18771455560455336,0.01492946254762769,-0.12218617985528352,0.9190283131141304,0.12126612313010597,True,vol1_daily,True,0.20521025707345608,0.20521025707345608,True,0.0
matched_gbm,2,16,5.0,0.18,joint_es90,vol1_daily,daily,1.0,0.20627877358511412,True,0.16827113162129034,0.4310693351984475,0.1273956098447726,0.20264401815218103,0.18771455560455336,0.01492946254762769,-0.12218617985528352,0.9190283131141304,0.12126612313010597,True,vol1_daily,True,0.20521025707345608,0.20521025707345608,True,0.0
matched_gbm,2,64,5.0,0.18,forecast_first,vol1_daily,daily,1.0,0.20627877358511412,True,0.17757986207192963,0.7785859459212737,0.12321658966643993,0.20264401815218103,0.18771455560455336,0.01492946254762769,-0.12218617985528352,0.9190283131141304,0.12126612313010597,True,vol1_daily,True,0.20521025707345608,0.20521025707345608,True,0.0
matched_gbm,2,64,5.0,0.18,joint_mse,vol1_daily,daily,1.0,0.20627877358511412,True,0.17757986207192963,0.7785859459212737,0.12321658966643993,0.20264401815218103,0.18771455560455336,0.01492946254762769,-0.12218617985528352,0.9190283131141304,0.12126612313010597,True,vol1_daily,True,0.20521025707345608,0.20521025707345608,True,0.0
matched_gbm,2,64,5.0,0.18,joint_es90,vol1.25_daily,daily,1.25,0.25784846698139263,True,0.22531899570849206,0.7305392337087473,0.11508021549327836,0.24276169737994305,0.2292066413053142,0.013555056074628853,-0.11642618294279364,0.8885959224416032,0.11382191521509397,True,vol1_daily,True,0.20521025707345608,0.24564215606879836,True,0.040431898995342275
matched_gbm,2,256,5.0,0.18,forecast_first,vol1_daily,daily,1.0,0.20627877358511412,True,0.2006123079647022,0.8866041888952487,0.12059867145019312,0.20264401815218103,0.18771455560455336,0.01492946254762769,-0.12218617985528352,0.9190283131141304,0.12126612313010597,True,vol1_daily,True,0.20521025707345608,0.20521025707345608,True,0.0
matched_gbm,2,256,5.0,0.18,joint_mse,vol1_daily,daily,1.0,0.20627877358511412,True,0.2006123079647022,0.8866041888952487,0.12059867145019312,0.20264401815218103,0.18771455560455336,0.01492946254762769,-0.12218617985528352,0.9190283131141304,0.12126612313010597,True,vol1_daily,True,0.20521025707345608,0.20521025707345608,True,0.0
matched_gbm,2,256,5.0,0.18,joint_es90,vol1_daily,daily,1.0,0.20627877358511412,True,0.2006123079647022,0.8866041888952487,0.12059867145019312,0.20264401815218103,0.18771455560455336,0.01492946254762769,-0.12218617985528352,0.9190283131141304,0.12126612313010597,True,vol1_daily,True,0.20521025707345608,0.20521025707345608,True,0.0
matched_gbm,2,16,20.0,0.72,forecast_first,vol1_band05,band05,1.0,0.20627877358511412,True,0.3513721275885243,0.8919787889580174,0.3944981658339769,0.408426939416792,0.27322392045309285,0.13520301896369907,-0.36769963144351814,1.316169881004561,0.37107187722540225,True,vol1_band05,True,0.41827196762368624,0.41827196762368624,True,0.0
matched_gbm,2,16,20.0,0.72,joint_mse,vol0.75_band05,band05,0.75,0.15470908018883558,True,0.33637081429130683,0.9766035235245206,0.432175793387647,0.4531566649545178,0.29326756174632523,0.15988910320819255,-0.3998613549821895,1.517816987516064,0.4067551719076603,True,vol1_band05,True,0.41827196762368624,0.4604863134589622,True,0.042214345835275946
matched_gbm,2,16,20.0,0.72,joint_es90,vol1_daily,daily,1.0,0.20627877358511412,True,0.3708099869744966,0.8602158225734005,0.5095824393790904,0.45237172521464003,0.21619074310918965,0.23618098210545038,-0.4859845492456014,1.377789788953216,0.4850644925204239,True,vol1_band05,True,0.41827196762368624,0.45201414673046675,True,0.03374217910678051
matched_gbm,2,64,20.0,0.72,forecast_first,vol1_daily,daily,1.0,0.20627877358511412,True,0.45060546569302007,1.2897293632891094,0.49286635866575973,0.45237172521464003,0.21619074310918965,0.23618098210545038,-0.4859845492456014,1.377789788953216,0.4850644925204239,True,vol1_band05,True,0.41827196762368624,0.45201414673046675,True,0.03374217910678051
matched_gbm,2,64,20.0,0.72,joint_mse,vol1.25_daily,daily,1.25,0.25784846698139263,True,0.4387098420290069,1.0213973824477804,0.46032086197311345,0.44615909139053567,0.23649407312442844,0.20966501826610723,-0.4578919285880755,1.2652433376387247,0.45528766086037586,True,vol1_band05,True,0.41827196762368624,0.44512786047877695,True,0.026855892855090713
matched_gbm,2,64,20.0,0.72,joint_es90,vol1.25_daily,daily,1.25,0.25784846698139263,True,0.4387098420290069,1.0213973824477804,0.46032086197311345,0.44615909139053567,0.23649407312442844,0.20966501826610723,-0.4578919285880755,1.2652433376387247,0.45528766086037586,True,vol1_band05,True,0.41827196762368624,0.44512786047877695,True,0.026855892855090713
matched_gbm,2,256,20.0,0.72,forecast_first,vol1_band05,band05,1.0,0.20627877358511412,True,0.47280840522432954,1.346971163342256,0.37224884841076133,0.408426939416792,0.27322392045309285,0.13520301896369907,-0.36769963144351814,1.316169881004561,0.37107187722540225,True,vol1_band05,True,0.41827196762368624,0.41827196762368624,True,0.0
matched_gbm,2,256,20.0,0.72,joint_mse,vol1_band05,band05,1.0,0.20627877358511412,True,0.47280840522432954,1.346971163342256,0.37224884841076133,0.408426939416792,0.27322392045309285,0.13520301896369907,-0.36769963144351814,1.316169881004561,0.37107187722540225,True,vol1_band05,True,0.41827196762368624,0.41827196762368624,True,0.0
matched_gbm,2,256,20.0,0.72,joint_es90,vol1.25_daily,daily,1.25,0.25784846698139263,True,0.48861424354572985,1.2744451637056904,0.4533399491621791,0.44615909139053567,0.23649407312442844,0.20966501826610723,-0.4578919285880755,1.2652433376387247,0.45528766086037586,True,vol1_band05,True,0.41827196762368624,0.44512786047877695,True,0.026855892855090713
matched_gbm,3,16,5.0,0.18,forecast_first,vol1_daily,daily,1.0,0.18639419829763,True,0.6670288000180562,1.9904090943976533,0.12837693057792807,0.20121319860103562,0.18273697688681664,0.018476221714218987,-0.13592726626478951,0.9804763405359349,0.12369166868423956,True,vol1_daily,True,0.21268811843730148,0.21268811843730148,True,0.0
matched_gbm,3,16,5.0,0.18,joint_mse,vol1.25_daily,daily,1.25,0.2329927478720375,True,0.526191336497703,1.6639220001450454,0.11827280484706576,0.2042288413784037,0.1870029476611021,0.0172258937173016,-0.13124745223165896,0.8612653572065995,0.1162867958579934,True,vol1_daily,True,0.21268811843730148,0.21617004877040044,True,0.0034819303330989593
matched_gbm,3,16,5.0,0.18,joint_es90,vol1.25_band05,band05,1.25,0.2329927478720375,True,0.6553161576459636,1.6310722727056908,0.08805073763088091,0.30299015086306413,0.29158648650044244,0.011403664362621677,-0.10678794109178094,1.019222834124688,0.08870003188926104,True,vol1_daily,True,0.21268811843730148,0.31041297512775373,True,0.09772485669045225
matched_gbm,3,64,5.0,0.18,forecast_first,vol1_daily,daily,1.0,0.18639419829763,True,0.3614812994407554,1.3094385624251648,0.12762860009977486,0.20121319860103562,0.18273697688681664,0.018476221714218987,-0.13592726626478951,0.9804763405359349,0.12369166868423956,True,vol1_daily,True,0.21268811843730148,0.21268811843730148,True,0.0
matched_gbm,3,64,5.0,0.18,joint_mse,vol1.25_daily,daily,1.25,0.2329927478720375,True,0.3547773777002572,1.0614927816231245,0.11956070200223506,0.2042288413784037,0.1870029476611021,0.0172258937173016,-0.13124745223165896,0.8612653572065995,0.1162867958579934,True,vol1_daily,True,0.21268811843730148,0.21617004877040044,True,0.0034819303330989593
matched_gbm,3,64,5.0,0.18,joint_es90,vol1.25_daily,daily,1.25,0.2329927478720375,True,0.3547773777002572,1.0614927816231245,0.11956070200223506,0.2042288413784037,0.1870029476611021,0.0172258937173016,-0.13124745223165896,0.8612653572065995,0.1162867958579934,True,vol1_daily,True,0.21268811843730148,0.21617004877040044,True,0.0034819303330989593
matched_gbm,3,256,5.0,0.18,forecast_first,vol1_daily,daily,1.0,0.18639419829763,True,0.24210421443134864,1.0770558096794163,0.12413900653314626,0.20121319860103562,0.18273697688681664,0.018476221714218987,-0.13592726626478951,0.9804763405359349,0.12369166868423956,True,vol1_daily,True,0.21268811843730148,0.21268811843730148,True,0.0
matched_gbm,3,256,5.0,0.18,joint_mse,vol1_daily,daily,1.0,0.18639419829763,True,0.24210421443134864,1.0770558096794163,0.12413900653314626,0.20121319860103562,0.18273697688681664,0.018476221714218987,-0.13592726626478951,0.9804763405359349,0.12369166868423956,True,vol1_daily,True,0.21268811843730148,0.21268811843730148,True,0.0
matched_gbm,3,256,5.0,0.18,joint_es90,vol1.25_daily,daily,1.25,0.2329927478720375,True,0.24304109382141342,0.9044118871133302,0.11681856286077495,0.2042288413784037,0.1870029476611021,0.0172258937173016,-0.13124745223165896,0.8612653572065995,0.1162867958579934,True,vol1_daily,True,0.21268811843730148,0.21617004877040044,True,0.0034819303330989593
matched_gbm,3,16,20.0,0.72,forecast_first,vol1_band05,band05,1.0,0.18639419829763,True,0.978037060575939,2.239991561904453,0.3877881171961765,0.4075595620868501,0.2501568890621497,0.15740267302470046,-0.3967400572474381,1.33674589146709,0.380755413803064,True,vol1_band05,True,0.4130598064376938,0.4130598064376938,True,0.0
matched_gbm,3,16,20.0,0.72,joint_mse,vol1.25_daily,daily,1.25,0.2329927478720375,True,0.7629026973121309,2.043842899316392,0.47309121938826304,0.43026087689876746,0.19975733905593018,0.2305035378428372,-0.4801078398056391,1.2661525455445533,0.4651471834319736,True,vol1_band05,True,0.4130598064376938,0.43259126578223883,True,0.019531459344545032
matched_gbm,3,16,20.0,0.72,joint_es90,vol1.25_band10,band10,1.25,0.2329927478720375,True,0.9762890147847189,1.8738507591951552,0.30230404566802316,0.6232186153934127,0.5183869447481648,0.10483167064524787,-0.32377719290470086,1.6056449089503173,0.30746804146051665,True,vol1_band05,True,0.4130598064376938,0.6068155963989597,True,0.19375578996126586
matched_gbm,3,64,20.0,0.72,forecast_first,vol1_band05,band05,1.0,0.18639419829763,True,0.5607800667668656,1.534247893622109,0.3955713804898342,0.4075595620868501,0.2501568890621497,0.15740267302470046,-0.3967400572474381,1.33674589146709,0.380755413803064,True,vol1_band05,True,0.4130598064376938,0.4130598064376938,True,0.0
matched_gbm,3,64,20.0,0.72,joint_mse,vol1.25_band05,band05,1.25,0.2329927478720375,True,0.559359693318199,1.4192875891165213,0.36700183462590363,0.4410496426571422,0.3020041546987402,0.139045487958402,-0.37288803675956406,1.3144308637167557,0.35480012755704415,True,vol1_band05,True,0.4130598064376938,0.4381991365408829,True,0.025139330103189084
matched_gbm,3,64,20.0,0.72,joint_es90,vol1.25_band05,band05,1.25,0.2329927478720375,True,0.559359693318199,1.4192875891165213,0.36700183462590363,0.4410496426571422,0.3020041546987402,0.139045487958402,-0.37288803675956406,1.3144308637167557,0.35480012755704415,True,vol1_band05,True,0.4130598064376938,0.4381991365408829,True,0.025139330103189084
matched_gbm,3,256,20.0,0.72,forecast_first,vol1_band05,band05,1.0,0.18639419829763,True,0.4462862878085879,1.3621879750184702,0.38269282370595004,0.4075595620868501,0.2501568890621497,0.15740267302470046,-0.3967400572474381,1.33674589146709,0.380755413803064,True,vol1_band05,True,0.4130598064376938,0.4130598064376938,True,0.0
matched_gbm,3,256,20.0,0.72,joint_mse,vol1_band05,band05,1.0,0.18639419829763,True,0.4462862878085879,1.3621879750184702,0.38269282370595004,0.4075595620868501,0.2501568890621497,0.15740267302470046,-0.3967400572474381,1.33674589146709,0.380755413803064,True,vol1_band05,True,0.4130598064376938,0.4130598064376938,True,0.0
matched_gbm,3,256,20.0,0.72,joint_es90,vol1.25_daily,daily,1.25,0.2329927478720375,True,0.4671536550651348,1.3290595604178232,0.4672742514430998,0.43026087689876746,0.19975733905593018,0.2305035378428372,-0.4801078398056391,1.2661525455445533,0.4651471834319736,True,vol1_band05,True,0.4130598064376938,0.43259126578223883,True,0.019531459344545032
matched_gbm,4,16,5.0,0.18,forecast_first,vol1_daily,daily,1.0,0.21171290961647735,True,0.1165437324746124,0.5667070725364489,0.10431412197347564,0.21268593207814745,0.19651220876142672,0.01617372331672073,-0.12717595416084257,0.9298200973855539,0.12092247777985597,True,vol1_daily,True,0.20451209304207119,0.20451209304207119,True,0.0
matched_gbm,4,16,5.0,0.18,joint_mse,vol1_daily,daily,1.0,0.21171290961647735,True,0.1165437324746124,0.5667070725364489,0.10431412197347564,0.21268593207814745,0.19651220876142672,0.01617372331672073,-0.12717595416084257,0.9298200973855539,0.12092247777985597,True,vol1_daily,True,0.20451209304207119,0.20451209304207119,True,0.0
matched_gbm,4,16,5.0,0.18,joint_es90,vol1_daily,daily,1.0,0.21171290961647735,True,0.1165437324746124,0.5667070725364489,0.10431412197347564,0.21268593207814745,0.19651220876142672,0.01617372331672073,-0.12717595416084257,0.9298200973855539,0.12092247777985597,True,vol1_daily,True,0.20451209304207119,0.20451209304207119,True,0.0
matched_gbm,4,64,5.0,0.18,forecast_first,vol1_daily,daily,1.0,0.21171290961647735,True,0.1838628394185122,0.8652741758009912,0.11866584209052404,0.21268593207814745,0.19651220876142672,0.01617372331672073,-0.12717595416084257,0.9298200973855539,0.12092247777985597,True,vol1_daily,True,0.20451209304207119,0.20451209304207119,True,0.0
matched_gbm,4,64,5.0,0.18,joint_mse,vol1_daily,daily,1.0,0.21171290961647735,True,0.1838628394185122,0.8652741758009912,0.11866584209052404,0.21268593207814745,0.19651220876142672,0.01617372331672073,-0.12717595416084257,0.9298200973855539,0.12092247777985597,True,vol1_daily,True,0.20451209304207119,0.20451209304207119,True,0.0
matched_gbm,4,64,5.0,0.18,joint_es90,vol1_daily,daily,1.0,0.21171290961647735,True,0.1838628394185122,0.8652741758009912,0.11866584209052404,0.21268593207814745,0.19651220876142672,0.01617372331672073,-0.12717595416084257,0.9298200973855539,0.12092247777985597,True,vol1_daily,True,0.20451209304207119,0.20451209304207119,True,0.0
matched_gbm,4,256,5.0,0.18,forecast_first,vol1_daily,daily,1.0,0.21171290961647735,True,0.16806206307292015,0.7734297974813569,0.11502489702474607,0.21268593207814745,0.19651220876142672,0.01617372331672073,-0.12717595416084257,0.9298200973855539,0.12092247777985597,True,vol1_daily,True,0.20451209304207119,0.20451209304207119,True,0.0
matched_gbm,4,256,5.0,0.18,joint_mse,vol1_daily,daily,1.0,0.21171290961647735,True,0.16806206307292015,0.7734297974813569,0.11502489702474607,0.21268593207814745,0.19651220876142672,0.01617372331672073,-0.12717595416084257,0.9298200973855539,0.12092247777985597,True,vol1_daily,True,0.20451209304207119,0.20451209304207119,True,0.0
matched_gbm,4,256,5.0,0.18,joint_es90,vol1_daily,daily,1.0,0.21171290961647735,True,0.16806206307292015,0.7734297974813569,0.11502489702474607,0.21268593207814745,0.19651220876142672,0.01617372331672073,-0.12717595416084257,0.9298200973855539,0.12092247777985597,True,vol1_daily,True,0.20451209304207119,0.20451209304207119,True,0.0
matched_gbm,4,16,20.0,0.72,forecast_first,vol1_daily,daily,1.0,0.21171290961647735,True,0.2774219563744246,0.8469143619645929,0.4172564878939026,0.46032473757284836,0.220280214617471,0.24004452295537745,-0.48994338750041055,1.3791290868861006,0.4836899111194239,True,vol1_band05,True,0.40827792541135055,0.43956680042280344,True,0.03128887501145289
matched_gbm,4,16,20.0,0.72,joint_mse,vol1_daily,daily,1.0,0.21171290961647735,True,0.2774219563744246,0.8469143619645929,0.4172564878939026,0.46032473757284836,0.220280214617471,0.24004452295537745,-0.48994338750041055,1.3791290868861006,0.4836899111194239,True,vol1_band05,True,0.40827792541135055,0.43956680042280344,True,0.03128887501145289
matched_gbm,4,16,20.0,0.72,joint_es90,vol1_daily,daily,1.0,0.21171290961647735,True,0.2774219563744246,0.8469143619645929,0.4172564878939026,0.46032473757284836,0.220280214617471,0.24004452295537745,-0.48994338750041055,1.3791290868861006,0.4836899111194239,True,vol1_band05,True,0.40827792541135055,0.43956680042280344,True,0.03128887501145289
matched_gbm,4,64,20.0,0.72,forecast_first,vol1_daily,daily,1.0,0.21171290961647735,True,0.4060476948652203,1.3139876422654704,0.47466336836209616,0.46032473757284836,0.220280214617471,0.24004452295537745,-0.48994338750041055,1.3791290868861006,0.4836899111194239,True,vol1_band05,True,0.40827792541135055,0.43956680042280344,True,0.03128887501145289
matched_gbm,4,64,20.0,0.72,joint_mse,vol1_daily,daily,1.0,0.21171290961647735,True,0.4060476948652203,1.3139876422654704,0.47466336836209616,0.46032473757284836,0.220280214617471,0.24004452295537745,-0.48994338750041055,1.3791290868861006,0.4836899111194239,True,vol1_band05,True,0.40827792541135055,0.43956680042280344,True,0.03128887501145289
matched_gbm,4,64,20.0,0.72,joint_es90,vol1.25_daily,daily,1.25,0.26464113702059666,True,0.4111707249561254,1.2795582306002637,0.44588433374503456,0.45849824914316706,0.24975046647559776,0.20874778266756938,-0.45688924551533205,1.272231292598216,0.45347261162964386,True,vol1_band05,True,0.40827792541135055,0.44019057916274174,True,0.031912653751391185
matched_gbm,4,256,20.0,0.72,forecast_first,vol1_daily,daily,1.0,0.21171290961647735,True,0.35759983423583824,1.2000993185550242,0.46009958809898427,0.46032473757284836,0.220280214617471,0.24004452295537745,-0.48994338750041055,1.3791290868861006,0.4836899111194239,True,vol1_band05,True,0.40827792541135055,0.43956680042280344,True,0.03128887501145289
matched_gbm,4,256,20.0,0.72,joint_mse,vol1_daily,daily,1.0,0.21171290961647735,True,0.35759983423583824,1.2000993185550242,0.46009958809898427,0.46032473757284836,0.220280214617471,0.24004452295537745,-0.48994338750041055,1.3791290868861006,0.4836899111194239,True,vol1_band05,True,0.40827792541135055,0.43956680042280344,True,0.03128887501145289
matched_gbm,4,256,20.0,0.72,joint_es90,vol1.25_daily,daily,1.25,0.26464113702059666,True,0.4013002423395501,1.190782922355164,0.4334313997131838,0.45849824914316706,0.24975046647559776,0.20874778266756938,-0.45688924551533205,1.272231292598216,0.45347261162964386,True,vol1_band05,True,0.40827792541135055,0.44019057916274174,True,0.031912653751391185
matched_gbm,5,16,5.0,0.18,forecast_first,vol1_daily,daily,1.0,0.2119332644217001,True,0.30042163791617127,1.223616952729216,0.1301913077350414,0.20003136824234122,0.1896530086900008,0.010378359552340418,-0.10187423399633697,0.8994212711198727,0.11972798051326686,True,vol1_daily,True,0.20768976901488523,0.20768976901488523,True,0.0
matched_gbm,5,16,5.0,0.18,joint_mse,vol1.25_daily,daily,1.25,0.26491658052712513,True,0.2799393360079503,1.0346890306729462,0.12053490931096762,0.25070359889275834,0.2413516028189,0.009351996073858362,-0.09670571893046637,0.8865416966535132,0.11222610963576424,True,vol1_daily,True,0.20768976901488523,0.2542482309775566,True,0.04655846196267138
matched_gbm,5,16,5.0,0.18,joint_es90,vol1.25_band05,band05,1.25,0.26491658052712513,True,0.35027372743222757,0.9644486397586641,0.09001085419596802,0.3750241447400159,0.36947210224477484,0.005552042495241039,-0.0745120291982512,1.112453827669339,0.08546366165804853,True,vol1_daily,True,0.20768976901488523,0.3827903112266998,True,0.1751005422118146
matched_gbm,5,64,5.0,0.18,forecast_first,vol1_daily,daily,1.0,0.2119332644217001,True,0.3240918108013762,1.2988035626928864,0.12563418307309077,0.20003136824234122,0.1896530086900008,0.010378359552340418,-0.10187423399633697,0.8994212711198727,0.11972798051326686,True,vol1_daily,True,0.20768976901488523,0.20768976901488523,True,0.0
matched_gbm,5,64,5.0,0.18,joint_mse,vol1.25_daily,daily,1.25,0.26491658052712513,True,0.316657948375475,1.0905366839547261,0.11715207754835746,0.25070359889275834,0.2413516028189,0.009351996073858362,-0.09670571893046637,0.8865416966535132,0.11222610963576424,True,vol1_daily,True,0.20768976901488523,0.2542482309775566,True,0.04655846196267138
matched_gbm,5,64,5.0,0.18,joint_es90,vol1.25_band05,band05,1.25,0.26491658052712513,True,0.3652347737013533,1.0125364596213153,0.08837620508956881,0.3750241447400159,0.36947210224477484,0.005552042495241039,-0.0745120291982512,1.112453827669339,0.08546366165804853,True,vol1_daily,True,0.20768976901488523,0.3827903112266998,True,0.1751005422118146
matched_gbm,5,256,5.0,0.18,forecast_first,vol1_daily,daily,1.0,0.2119332644217001,True,0.21944373606153195,0.9833086570252152,0.12442194000477924,0.20003136824234122,0.1896530086900008,0.010378359552340418,-0.10187423399633697,0.8994212711198727,0.11972798051326686,True,vol1_daily,True,0.20768976901488523,0.20768976901488523,True,0.0
matched_gbm,5,256,5.0,0.18,joint_mse,vol1_daily,daily,1.0,0.2119332644217001,True,0.21944373606153195,0.9833086570252152,0.12442194000477924,0.20003136824234122,0.1896530086900008,0.010378359552340418,-0.10187423399633697,0.8994212711198727,0.11972798051326686,True,vol1_daily,True,0.20768976901488523,0.20768976901488523,True,0.0
matched_gbm,5,256,5.0,0.18,joint_es90,vol1.25_daily,daily,1.25,0.26491658052712513,True,0.24478009802454775,0.8950392551483806,0.11665636805866636,0.25070359889275834,0.2413516028189,0.009351996073858362,-0.09670571893046637,0.8865416966535132,0.11222610963576424,True,vol1_daily,True,0.20768976901488523,0.2542482309775566,True,0.04655846196267138
matched_gbm,5,16,20.0,0.72,forecast_first,vol1_band05,band05,1.0,0.2119332644217001,True,0.538016842367104,1.2959775768759787,0.39243986417610344,0.4024422863745142,0.27673561464287333,0.1257066717316409,-0.35455136684497623,1.2990923755189412,0.3670185561935501,True,vol1_band05,True,0.42270166351870203,0.42270166351870203,True,0.0
matched_gbm,5,16,20.0,0.72,joint_mse,vol1.25_band05,band05,1.25,0.26491658052712513,True,0.5052284978945296,1.2401476895281613,0.3600434167838721,0.48576026657690347,0.3762634617885261,0.10949680478837741,-0.33090301417239676,1.3793551974680016,0.3418546466321941,True,vol1_band05,True,0.42270166351870203,0.5027130954210117,True,0.0800114319023097
matched_gbm,5,16,20.0,0.72,joint_es90,vol1.25_band05,band05,1.25,0.26491658052712513,True,0.5052284978945296,1.2401476895281613,0.3600434167838721,0.48576026657690347,0.3762634617885261,0.10949680478837741,-0.33090301417239676,1.3793551974680016,0.3418546466321941,True,vol1_band05,True,0.42270166351870203,0.5027130954210117,True,0.0800114319023097
matched_gbm,5,64,20.0,0.72,forecast_first,vol1_band05,band05,1.0,0.2119332644217001,True,0.559247499459908,1.5163907907733474,0.3820633508189234,0.4024422863745142,0.27673561464287333,0.1257066717316409,-0.35455136684497623,1.2990923755189412,0.3670185561935501,True,vol1_band05,True,0.42270166351870203,0.42270166351870203,True,0.0
matched_gbm,5,64,20.0,0.72,joint_mse,vol1.25_band05,band05,1.25,0.26491658052712513,True,0.5404014160332107,1.329140505317465,0.35350482035827524,0.48576026657690347,0.3762634617885261,0.10949680478837741,-0.33090301417239676,1.3793551974680016,0.3418546466321941,True,vol1_band05,True,0.42270166351870203,0.5027130954210117,True,0.0800114319023097
matched_gbm,5,64,20.0,0.72,joint_es90,vol1.25_band05,band05,1.25,0.26491658052712513,True,0.5404014160332107,1.329140505317465,0.35350482035827524,0.48576026657690347,0.3762634617885261,0.10949680478837741,-0.33090301417239676,1.3793551974680016,0.3418546466321941,True,vol1_band05,True,0.42270166351870203,0.5027130954210117,True,0.0800114319023097
matched_gbm,5,256,20.0,0.72,forecast_first,vol1_band05,band05,1.0,0.2119332644217001,True,0.4488809947184851,1.2785151512751936,0.3807626233256112,0.4024422863745142,0.27673561464287333,0.1257066717316409,-0.35455136684497623,1.2990923755189412,0.3670185561935501,True,vol1_band05,True,0.42270166351870203,0.42270166351870203,True,0.0
matched_gbm,5,256,20.0,0.72,joint_mse,vol1_band05,band05,1.0,0.2119332644217001,True,0.4488809947184851,1.2785151512751936,0.3807626233256112,0.4024422863745142,0.27673561464287333,0.1257066717316409,-0.35455136684497623,1.2990923755189412,0.3670185561935501,True,vol1_band05,True,0.42270166351870203,0.42270166351870203,True,0.0
matched_gbm,5,256,20.0,0.72,joint_es90,vol1_band05,band05,1.0,0.2119332644217001,True,0.4488809947184851,1.2785151512751936,0.3807626233256112,0.4024422863745142,0.27673561464287333,0.1257066717316409,-0.35455136684497623,1.2990923755189412,0.3670185561935501,True,vol1_band05,True,0.42270166351870203,0.42270166351870203,True,0.0
matched_gbm,6,16,5.0,0.18,forecast_first,vol1.25_daily,daily,1.25,0.22524249790812878,True,0.11866739999138701,0.8227106332920958,0.1192812380730879,0.20616180394456202,0.19035494663716013,0.01580685730740186,-0.12572532484508386,0.8805610950191542,0.11837068855177599,True,vol1.25_daily,True,0.20852453764795992,0.20852453764795992,True,0.0
matched_gbm,6,16,5.0,0.18,joint_mse,vol1_daily,daily,1.0,0.180193998326503,True,0.11651165342758334,0.7658899640770866,0.1263039410491613,0.21409705955683844,0.19719853997792663,0.0168985195789118,-0.12999430594803682,1.0261328010717277,0.12570928828928968,True,vol1.25_daily,True,0.20852453764795992,0.21707513290409908,True,0.00855059525613916
matched_gbm,6,16,5.0,0.18,joint_es90,vol1_daily,daily,1.0,0.180193998326503,True,0.11651165342758334,0.7658899640770866,0.1263039410491613,0.21409705955683844,0.19719853997792663,0.0168985195789118,-0.12999430594803682,1.0261328010717277,0.12570928828928968,True,vol1.25_daily,True,0.20852453764795992,0.21707513290409908,True,0.00855059525613916
matched_gbm,6,64,5.0,0.18,forecast_first,vol1_daily,daily,1.0,0.180193998326503,True,0.20164360556182837,0.8882102939137102,0.11944155542503672,0.21409705955683844,0.19719853997792663,0.0168985195789118,-0.12999430594803682,1.0261328010717277,0.12570928828928968,True,vol1.25_daily,True,0.20852453764795992,0.21707513290409908,True,0.00855059525613916
matched_gbm,6,64,5.0,0.18,joint_mse,vol1_daily,daily,1.0,0.180193998326503,True,0.20164360556182837,0.8882102939137102,0.11944155542503672,0.21409705955683844,0.19719853997792663,0.0168985195789118,-0.12999430594803682,1.0261328010717277,0.12570928828928968,True,vol1.25_daily,True,0.20852453764795992,0.21707513290409908,True,0.00855059525613916
matched_gbm,6,64,5.0,0.18,joint_es90,vol1.25_daily,daily,1.25,0.22524249790812878,True,0.2131670521919942,0.7976730106906258,0.11242817729149454,0.20616180394456202,0.19035494663716013,0.01580685730740186,-0.12572532484508386,0.8805610950191542,0.11837068855177599,True,vol1.25_daily,True,0.20852453764795992,0.20852453764795992,True,0.0
matched_gbm,6,256,5.0,0.18,forecast_first,vol1_daily,daily,1.0,0.180193998326503,True,0.21803801872490183,1.0401162317694834,0.12437343275910792,0.21409705955683844,0.19719853997792663,0.0168985195789118,-0.12999430594803682,1.0261328010717277,0.12570928828928968,True,vol1.25_daily,True,0.20852453764795992,0.21707513290409908,True,0.00855059525613916
matched_gbm,6,256,5.0,0.18,joint_mse,vol1.25_daily,daily,1.25,0.22524249790812878,True,0.21223183631496145,0.9365538418743157,0.11673660434245853,0.20616180394456202,0.19035494663716013,0.01580685730740186,-0.12572532484508386,0.8805610950191542,0.11837068855177599,True,vol1.25_daily,True,0.20852453764795992,0.20852453764795992,True,0.0
matched_gbm,6,256,5.0,0.18,joint_es90,vol1.25_daily,daily,1.25,0.22524249790812878,True,0.21223183631496145,0.9365538418743157,0.11673660434245853,0.20616180394456202,0.19035494663716013,0.01580685730740186,-0.12572532484508386,0.8805610950191542,0.11837068855177599,True,vol1.25_daily,True,0.20852453764795992,0.20852453764795992,True,0.0
matched_gbm,6,16,20.0,0.72,forecast_first,vol1.25_daily,daily,1.25,0.22524249790812878,True,0.3892766852008443,1.1592051660318259,0.4771249522923516,0.4381741064044161,0.20696951030117067,0.2312045961032455,-0.4808373905004118,1.311708768355707,0.47348275420710395,True,vol1_band05,True,0.4152909291117262,0.43635080891903555,True,0.021059879807309334
matched_gbm,6,16,20.0,0.72,joint_mse,vol1_band05,band05,1.0,0.180193998326503,True,0.36705951327064223,1.2547223341815352,0.3937106446784942,0.4219537042906794,0.26464097768383765,0.15731272660684176,-0.3966266841840596,1.3927065540420247,0.38813868432498166,True,vol1_band05,True,0.4152909291117262,0.4152909291117262,True,0.0
matched_gbm,6,16,20.0,0.72,joint_es90,vol0.75_band05,band05,0.75,0.13514549874487725,True,0.4268153208513467,1.1345105520344694,0.43003970341730946,0.5429871161442579,0.3614503228481918,0.181536793296066,-0.4260713476591286,1.687687359562573,0.4241175236793614,True,vol1_band05,True,0.4152909291117262,0.5362179120314734,True,0.12092698291974718
matched_gbm,6,64,20.0,0.72,forecast_first,vol1_band05,band05,1.0,0.180193998326503,True,0.3525872964982327,1.1471396345731308,0.3687175499782568,0.4219537042906794,0.26464097768383765,0.15731272660684176,-0.3966266841840596,1.3927065540420247,0.38813868432498166,True,vol1_band05,True,0.4152909291117262,0.4152909291117262,True,0.0
matched_gbm,6,64,20.0,0.72,joint_mse,vol1_band05,band05,1.0,0.180193998326503,True,0.3525872964982327,1.1471396345731308,0.3687175499782568,0.4219537042906794,0.26464097768383765,0.15731272660684176,-0.3966266841840596,1.3927065540420247,0.38813868432498166,True,vol1_band05,True,0.4152909291117262,0.4152909291117262,True,0.0
matched_gbm,6,64,20.0,0.72,joint_es90,vol1_band05,band05,1.0,0.180193998326503,True,0.3525872964982327,1.1471396345731308,0.3687175499782568,0.4219537042906794,0.26464097768383765,0.15731272660684176,-0.3966266841840596,1.3927065540420247,0.38813868432498166,True,vol1_band05,True,0.4152909291117262,0.4152909291117262,True,0.0
matched_gbm,6,256,20.0,0.72,forecast_first,vol1_band05,band05,1.0,0.180193998326503,True,0.42853663638051803,1.425339544656753,0.38432575119309803,0.4219537042906794,0.26464097768383765,0.15731272660684176,-0.3966266841840596,1.3927065540420247,0.38813868432498166,True,vol1_band05,True,0.4152909291117262,0.4152909291117262,True,0.0
matched_gbm,6,256,20.0,0.72,joint_mse,vol1_band05,band05,1.0,0.180193998326503,True,0.42853663638051803,1.425339544656753,0.38432575119309803,0.4219537042906794,0.26464097768383765,0.15731272660684176,-0.3966266841840596,1.3927065540420247,0.38813868432498166,True,vol1_band05,True,0.4152909291117262,0.4152909291117262,True,0.0
matched_gbm,6,256,20.0,0.72,joint_es90,vol1.25_daily,daily,1.25,0.22524249790812878,True,0.43904856417944826,1.3412652104674885,0.4669464173698341,0.4381741064044161,0.20696951030117067,0.2312045961032455,-0.4808373905004118,1.311708768355707,0.47348275420710395,True,vol1_band05,True,0.4152909291117262,0.43635080891903555,True,0.021059879807309334
matched_gbm,7,16,5.0,0.18,forecast_first,vol1.25_daily,daily,1.25,0.23228723110551047,True,0.22776782635717854,0.7657231980312253,0.11061932253117868,0.2171699974533337,0.20076908863718185,0.01640090881615188,-0.1280660330304327,0.8894085938014582,0.11897242613800767,True,vol1_daily,True,0.20381554489259662,0.21072445622770938,True,0.006908911335112761
matched_gbm,7,16,5.0,0.18,joint_mse,vol1_daily,daily,1.0,0.18582978488440838,True,0.1722145915594642,0.8014405242431625,0.1186567906974202,0.2154418408641764,0.19487510548466733,0.020566735379509073,-0.14341107132822442,1.0277681337623663,0.1267986001448188,True,vol1_daily,True,0.20381554489259662,0.20381554489259662,True,0.0
matched_gbm,7,16,5.0,0.18,joint_es90,vol1.25_daily,daily,1.25,0.23228723110551047,True,0.22776782635717854,0.7657231980312253,0.11061932253117868,0.2171699974533337,0.20076908863718185,0.01640090881615188,-0.1280660330304327,0.8894085938014582,0.11897242613800767,True,vol1_daily,True,0.20381554489259662,0.21072445622770938,True,0.006908911335112761
matched_gbm,7,64,5.0,0.18,forecast_first,vol1_daily,daily,1.0,0.18582978488440838,True,0.20676215815181156,0.9768002245715939,0.12317943525037633,0.2154418408641764,0.19487510548466733,0.020566735379509073,-0.14341107132822442,1.0277681337623663,0.1267986001448188,True,vol1_daily,True,0.20381554489259662,0.20381554489259662,True,0.0
matched_gbm,7,64,5.0,0.18,joint_mse,vol1.25_daily,daily,1.25,0.23228723110551047,True,0.20402446651577572,0.9131407797393662,0.11556331753909385,0.2171699974533337,0.20076908863718185,0.01640090881615188,-0.1280660330304327,0.8894085938014582,0.11897242613800767,True,vol1_daily,True,0.20381554489259662,0.21072445622770938,True,0.006908911335112761
matched_gbm,7,64,5.0,0.18,joint_es90,vol1.25_daily,daily,1.25,0.23228723110551047,True,0.20402446651577572,0.9131407797393662,0.11556331753909385,0.2171699974533337,0.20076908863718185,0.01640090881615188,-0.1280660330304327,0.8894085938014582,0.11897242613800767,True,vol1_daily,True,0.20381554489259662,0.21072445622770938,True,0.006908911335112761
matched_gbm,7,256,5.0,0.18,forecast_first,vol1_daily,daily,1.0,0.18582978488440838,True,0.2075837018044369,0.937391935875017,0.12210567620285687,0.2154418408641764,0.19487510548466733,0.020566735379509073,-0.14341107132822442,1.0277681337623663,0.1267986001448188,True,vol1_daily,True,0.20381554489259662,0.20381554489259662,True,0.0
matched_gbm,7,256,5.0,0.18,joint_mse,vol1_daily,daily,1.0,0.18582978488440838,True,0.2075837018044369,0.937391935875017,0.12210567620285687,0.2154418408641764,0.19487510548466733,0.020566735379509073,-0.14341107132822442,1.0277681337623663,0.1267986001448188,True,vol1_daily,True,0.20381554489259662,0.20381554489259662,True,0.0
matched_gbm,7,256,5.0,0.18,joint_es90,vol1.25_daily,daily,1.25,0.23228723110551047,True,0.20858883271054937,0.8762438500960491,0.11502574202124558,0.2171699974533337,0.20076908863718185,0.01640090881615188,-0.1280660330304327,0.8894085938014582,0.11897242613800767,True,vol1_daily,True,0.20381554489259662,0.21072445622770938,True,0.006908911335112761
matched_gbm,7,16,20.0,0.72,forecast_first,vol1.25_daily,daily,1.25,0.23228723110551047,True,0.48029839819190456,1.0921431610979062,0.4424772901247147,0.45213562285202724,0.2169268104723973,0.23520881237962993,-0.4849833114444557,1.3095919677617347,0.47588970455203067,True,vol1_band05,True,0.4037499947239297,0.4272967647673732,True,0.02354677004344352
matched_gbm,7,16,20.0,0.72,joint_mse,vol1_band05,band05,1.0,0.18582978488440838,True,0.4744867765822285,1.5100078914713093,0.35904361028813414,0.42498718966690535,0.266821952344788,0.15816523732211735,-0.3976999337718292,1.3559234644600449,0.3891612899336145,True,vol1_band05,True,0.4037499947239297,0.4037499947239297,True,0.0
matched_gbm,7,16,20.0,0.72,joint_es90,vol1.25_daily,daily,1.25,0.23228723110551047,True,0.48029839819190456,1.0921431610979062,0.4424772901247147,0.45213562285202724,0.2169268104723973,0.23520881237962993,-0.4849833114444557,1.3095919677617347,0.47588970455203067,True,vol1_band05,True,0.4037499947239297,0.4272967647673732,True,0.02354677004344352
matched_gbm,7,64,20.0,0.72,forecast_first,vol1_band05,band05,1.0,0.18582978488440838,True,0.4736073124197391,1.5494345437582746,0.3794386045140137,0.42498718966690535,0.266821952344788,0.15816523732211735,-0.3976999337718292,1.3559234644600449,0.3891612899336145,True,vol1_band05,True,0.4037499947239297,0.4037499947239297,True,0.0
matched_gbm,7,64,20.0,0.72,joint_mse,vol1.25_daily,daily,1.25,0.23228723110551047,True,0.4452807402237503,1.2950625971705152,0.4622532701563754,0.45213562285202724,0.2169268104723973,0.23520881237962993,-0.4849833114444557,1.3095919677617347,0.47588970455203067,True,vol1_band05,True,0.4037499947239297,0.4272967647673732,True,0.02354677004344352
matched_gbm,7,64,20.0,0.72,joint_es90,vol1.25_daily,daily,1.25,0.23228723110551047,True,0.4452807402237503,1.2950625971705152,0.4622532701563754,0.45213562285202724,0.2169268104723973,0.23520881237962993,-0.4849833114444557,1.3095919677617347,0.47588970455203067,True,vol1_band05,True,0.4037499947239297,0.4272967647673732,True,0.02354677004344352
matched_gbm,7,256,20.0,0.72,forecast_first,vol1_band05,band05,1.0,0.18582978488440838,True,0.43149169878260535,1.412888969036304,0.37513084308561606,0.42498718966690535,0.266821952344788,0.15816523732211735,-0.3976999337718292,1.3559234644600449,0.3891612899336145,True,vol1_band05,True,0.4037499947239297,0.4037499947239297,True,0.0
matched_gbm,7,256,20.0,0.72,joint_mse,vol1_band05,band05,1.0,0.18582978488440838,True,0.43149169878260535,1.412888969036304,0.37513084308561606,0.42498718966690535,0.266821952344788,0.15816523732211735,-0.3976999337718292,1.3559234644600449,0.3891612899336145,True,vol1_band05,True,0.4037499947239297,0.4037499947239297,True,0.0
matched_gbm,7,256,20.0,0.72,joint_es90,vol1.25_daily,daily,1.25,0.23228723110551047,True,0.44336864906689677,1.258607295906459,0.4601029680849823,0.45213562285202724,0.2169268104723973,0.23520881237962993,-0.4849833114444557,1.3095919677617347,0.47588970455203067,True,vol1_band05,True,0.4037499947239297,0.4272967647673732,True,0.02354677004344352
matched_gbm,8,16,5.0,0.18,forecast_first,vol1_daily,daily,1.0,0.2046636054083248,True,0.11229641258473587,0.5135536934515196,0.11462694180265148,0.20135450453764703,0.18660630885007148,0.014748195687575539,-0.1214421495510333,0.9288588682250447,0.12221782317190202,True,vol1_daily,True,0.2042251994829678,0.2042251994829678,True,0.0
matched_gbm,8,16,5.0,0.18,joint_mse,vol1_daily,daily,1.0,0.2046636054083248,True,0.11229641258473587,0.5135536934515196,0.11462694180265148,0.20135450453764703,0.18660630885007148,0.014748195687575539,-0.1214421495510333,0.9288588682250447,0.12221782317190202,True,vol1_daily,True,0.2042251994829678,0.2042251994829678,True,0.0
matched_gbm,8,16,5.0,0.18,joint_es90,vol1_daily,daily,1.0,0.2046636054083248,True,0.11229641258473587,0.5135536934515196,0.11462694180265148,0.20135450453764703,0.18660630885007148,0.014748195687575539,-0.1214421495510333,0.9288588682250447,0.12221782317190202,True,vol1_daily,True,0.2042251994829678,0.2042251994829678,True,0.0
matched_gbm,8,64,5.0,0.18,forecast_first,vol1_daily,daily,1.0,0.2046636054083248,True,0.16641558084582764,0.850581439286352,0.1154037514461037,0.20135450453764703,0.18660630885007148,0.014748195687575539,-0.1214421495510333,0.9288588682250447,0.12221782317190202,True,vol1_daily,True,0.2042251994829678,0.2042251994829678,True,0.0
matched_gbm,8,64,5.0,0.18,joint_mse,vol1_daily,daily,1.0,0.2046636054083248,True,0.16641558084582764,0.850581439286352,0.1154037514461037,0.20135450453764703,0.18660630885007148,0.014748195687575539,-0.1214421495510333,0.9288588682250447,0.12221782317190202,True,vol1_daily,True,0.2042251994829678,0.2042251994829678,True,0.0
matched_gbm,8,64,5.0,0.18,joint_es90,vol1.25_daily,daily,1.25,0.255829506760406,True,0.21757070398143574,0.8440951067782042,0.10899974859327202,0.23441829653561042,0.22383994232035165,0.010578354215258741,-0.10285112646567728,0.8701684050521815,0.11442207719490946,True,vol1_daily,True,0.2042251994829678,0.24044487112765367,True,0.03621967164468587
matched_gbm,8,256,5.0,0.18,forecast_first,vol1_daily,daily,1.0,0.2046636054083248,True,0.14792905102785753,0.7131061846322223,0.11825703198356635,0.20135450453764703,0.18660630885007148,0.014748195687575539,-0.1214421495510333,0.9288588682250447,0.12221782317190202,True,vol1_daily,True,0.2042251994829678,0.2042251994829678,True,0.0
matched_gbm,8,256,5.0,0.18,joint_mse,vol1_daily,daily,1.0,0.2046636054083248,True,0.14792905102785753,0.7131061846322223,0.11825703198356635,0.20135450453764703,0.18660630885007148,0.014748195687575539,-0.1214421495510333,0.9288588682250447,0.12221782317190202,True,vol1_daily,True,0.2042251994829678,0.2042251994829678,True,0.0
matched_gbm,8,256,5.0,0.18,joint_es90,vol1_daily,daily,1.0,0.2046636054083248,True,0.14792905102785753,0.7131061846322223,0.11825703198356635,0.20135450453764703,0.18660630885007148,0.014748195687575539,-0.1214421495510333,0.9288588682250447,0.12221782317190202,True,vol1_daily,True,0.2042251994829678,0.2042251994829678,True,0.0
matched_gbm,8,16,20.0,0.72,forecast_first,vol1_daily,daily,1.0,0.2046636054083248,True,0.26069802586405694,0.9138116655617571,0.45850776721060593,0.4562637179438292,0.21802638459168566,0.2382373333521435,-0.4880956190667393,1.393488285621731,0.4888712926876081,True,vol1_band05,True,0.41375467578211933,0.4522980575283363,True,0.038543381746216965
matched_gbm,8,16,20.0,0.72,joint_mse,vol1_daily,daily,1.0,0.2046636054083248,True,0.26069802586405694,0.9138116655617571,0.45850776721060593,0.4562637179438292,0.21802638459168566,0.2382373333521435,-0.4880956190667393,1.393488285621731,0.4888712926876081,True,vol1_band05,True,0.41375467578211933,0.4522980575283363,True,0.038543381746216965
matched_gbm,8,16,20.0,0.72,joint_es90,vol0.75_every5,every5,0.75,0.15349770405624358,True,0.27861248738905686,0.8734629012293512,0.360735771419608,0.9613959958990039,0.8514640795555357,0.1099319163434682,-0.33155982317444344,2.242321709141344,0.3545525568006506,True,vol1_band05,True,0.41375467578211933,1.0195183236361138,True,0.6057636478539945
matched_gbm,8,64,20.0,0.72,forecast_first,vol1_daily,daily,1.0,0.2046636054083248,True,0.40191529325369557,1.294367533828162,0.4616150057844148,0.4562637179438292,0.21802638459168566,0.2382373333521435,-0.4880956190667393,1.393488285621731,0.4888712926876081,True,vol1_band05,True,0.41375467578211933,0.4522980575283363,True,0.038543381746216965
matched_gbm,8,64,20.0,0.72,joint_mse,vol1_daily,daily,1.0,0.2046636054083248,True,0.40191529325369557,1.294367533828162,0.4616150057844148,0.4562637179438292,0.21802638459168566,0.2382373333521435,-0.4880956190667393,1.393488285621731,0.4888712926876081,True,vol1_band05,True,0.41375467578211933,0.4522980575283363,True,0.038543381746216965
matched_gbm,8,64,20.0,0.72,joint_es90,vol1.25_daily,daily,1.25,0.255829506760406,True,0.4329375009693268,1.1946637568257972,0.4359989943730881,0.4319346041547708,0.23291390700089704,0.19902069715387383,-0.44611735805040564,1.2574160759588724,0.45768830877963784,True,vol1_band05,True,0.41375467578211933,0.43991741250094746,True,0.026162736718828128
matched_gbm,8,256,20.0,0.72,forecast_first,vol1_daily,daily,1.0,0.2046636054083248,True,0.3404614557189555,1.1563950383928931,0.4730281279342654,0.4562637179438292,0.21802638459168566,0.2382373333521435,-0.4880956190667393,1.393488285621731,0.4888712926876081,True,vol1_band05,True,0.41375467578211933,0.4522980575283363,True,0.038543381746216965
matched_gbm,8,256,20.0,0.72,joint_mse,vol1_daily,daily,1.0,0.2046636054083248,True,0.3404614557189555,1.1563950383928931,0.4730281279342654,0.4562637179438292,0.21802638459168566,0.2382373333521435,-0.4880956190667393,1.393488285621731,0.4888712926876081,True,vol1_band05,True,0.41375467578211933,0.4522980575283363,True,0.038543381746216965
matched_gbm,8,256,20.0,0.72,joint_es90,vol1.25_daily,daily,1.25,0.255829506760406,True,0.3593079054943563,1.0776308744017975,0.44493547020414626,0.4319346041547708,0.23291390700089704,0.19902069715387383,-0.44611735805040564,1.2574160759588724,0.45768830877963784,True,vol1_band05,True,0.41375467578211933,0.43991741250094746,True,0.026162736718828128
matched_gbm,9,16,5.0,0.18,forecast_first,vol1_daily,daily,1.0,0.22091042360234853,True,0.17326375187736226,0.9631867408884478,0.13167606678613167,0.2062436485102303,0.18986804377846983,0.016375604731760484,-0.12796720178139587,0.8862258284833564,0.11720991122798476,True,vol1_daily,True,0.2057019221691476,0.2057019221691476,True,0.0
matched_gbm,9,16,5.0,0.18,joint_mse,vol1_daily,daily,1.0,0.22091042360234853,True,0.17326375187736226,0.9631867408884478,0.13167606678613167,0.2062436485102303,0.18986804377846983,0.016375604731760484,-0.12796720178139587,0.8862258284833564,0.11720991122798476,True,vol1_daily,True,0.2057019221691476,0.2057019221691476,True,0.0
matched_gbm,9,16,5.0,0.18,joint_es90,vol1.25_daily,daily,1.25,0.27613802950293564,True,0.20107237111830795,0.8637858595755352,0.12104172231862587,0.2686317638391587,0.2540286177293193,0.014603146109839458,-0.12084347772982809,0.9233125163492305,0.10990358300815077,True,vol1_daily,True,0.2057019221691476,0.2677157584241093,True,0.06201383625496168
matched_gbm,9,64,5.0,0.18,forecast_first,vol1_daily,daily,1.0,0.22091042360234853,True,0.1533718361042339,0.8153899579041206,0.12518954946911803,0.2062436485102303,0.18986804377846983,0.016375604731760484,-0.12796720178139587,0.8862258284833564,0.11720991122798476,True,vol1_daily,True,0.2057019221691476,0.2057019221691476,True,0.0
matched_gbm,9,64,5.0,0.18,joint_mse,vol1_daily,daily,1.0,0.22091042360234853,True,0.1533718361042339,0.8153899579041206,0.12518954946911803,0.2062436485102303,0.18986804377846983,0.016375604731760484,-0.12796720178139587,0.8862258284833564,0.11720991122798476,True,vol1_daily,True,0.2057019221691476,0.2057019221691476,True,0.0
matched_gbm,9,64,5.0,0.18,joint_es90,vol1_daily,daily,1.0,0.22091042360234853,True,0.1533718361042339,0.8153899579041206,0.12518954946911803,0.2062436485102303,0.18986804377846983,0.016375604731760484,-0.12796720178139587,0.8862258284833564,0.11720991122798476,True,vol1_daily,True,0.2057019221691476,0.2057019221691476,True,0.0
matched_gbm,9,256,5.0,0.18,forecast_first,vol1_daily,daily,1.0,0.22091042360234853,True,0.17132267970640208,0.8159722152469692,0.11907687337725911,0.2062436485102303,0.18986804377846983,0.016375604731760484,-0.12796720178139587,0.8862258284833564,0.11720991122798476,True,vol1_daily,True,0.2057019221691476,0.2057019221691476,True,0.0
matched_gbm,9,256,5.0,0.18,joint_mse,vol1_daily,daily,1.0,0.22091042360234853,True,0.17132267970640208,0.8159722152469692,0.11907687337725911,0.2062436485102303,0.18986804377846983,0.016375604731760484,-0.12796720178139587,0.8862258284833564,0.11720991122798476,True,vol1_daily,True,0.2057019221691476,0.2057019221691476,True,0.0
matched_gbm,9,256,5.0,0.18,joint_es90,vol1_daily,daily,1.0,0.22091042360234853,True,0.17132267970640208,0.8159722152469692,0.11907687337725911,0.2062436485102303,0.18986804377846983,0.016375604731760484,-0.12796720178139587,0.8862258284833564,0.11720991122798476,True,vol1_daily,True,0.2057019221691476,0.2057019221691476,True,0.0
matched_gbm,9,16,20.0,0.72,forecast_first,vol1_band05,band05,1.0,0.22091042360234853,True,0.4669002320609889,1.2489330466624426,0.4010305970470472,0.4339070672863708,0.2933470060755658,0.14056006121080503,-0.3749134049494697,1.3313520341518814,0.3578383410266655,True,vol1_band05,True,0.4220727070836095,0.4220727070836095,True,0.0
matched_gbm,9,16,20.0,0.72,joint_mse,vol1.25_daily,daily,1.25,0.27613802950293564,True,0.3936374511666965,1.208196471962035,0.48416688927450346,0.4564753353518156,0.25347622410566806,0.20299911124614753,-0.4505542267542804,1.2632071012233914,0.4396143320326031,True,vol1_band05,True,0.4220727070836095,0.4523458603139367,True,0.0302731532303272
matched_gbm,9,16,20.0,0.72,joint_es90,vol1.25_band05,band05,1.25,0.27613802950293564,True,0.4745038955055789,1.1292838656898754,0.36512897429051333,0.5311783313912943,0.4083708486847668,0.12280748270652747,-0.3504389857115322,1.4474502404043266,0.3337405453825225,True,vol1_band05,True,0.4220727070836095,0.5214939256928521,True,0.09942121860924263
matched_gbm,9,64,20.0,0.72,forecast_first,vol1_daily,daily,1.0,0.22091042360234853,True,0.4010125054808896,1.2599929055362646,0.5007581978764721,0.43663308572817855,0.20661986522042333,0.2300132205077552,-0.4795969354653501,1.305860811904035,0.468839644911939,True,vol1_band05,True,0.4220727070836095,0.4327581215320454,True,0.010685414448435904
matched_gbm,9,64,20.0,0.72,joint_mse,vol1_daily,daily,1.0,0.22091042360234853,True,0.4010125054808896,1.2599929055362646,0.5007581978764721,0.43663308572817855,0.20661986522042333,0.2300132205077552,-0.4795969354653501,1.305860811904035,0.468839644911939,True,vol1_band05,True,0.4220727070836095,0.4327581215320454,True,0.010685414448435904
matched_gbm,9,64,20.0,0.72,joint_es90,vol1_daily,daily,1.0,0.22091042360234853,True,0.4010125054808896,1.2599929055362646,0.5007581978764721,0.43663308572817855,0.20661986522042333,0.2300132205077552,-0.4795969354653501,1.305860811904035,0.468839644911939,True,vol1_band05,True,0.4220727070836095,0.4327581215320454,True,0.010685414448435904
matched_gbm,9,256,20.0,0.72,forecast_first,vol1_band05,band05,1.0,0.22091042360234853,True,0.39172240014205795,1.248685001809618,0.36475482375393775,0.4339070672863708,0.2933470060755658,0.14056006121080503,-0.3749134049494697,1.3313520341518814,0.3578383410266655,True,vol1_band05,True,0.4220727070836095,0.4220727070836095,True,0.0
matched_gbm,9,256,20.0,0.72,joint_mse,vol1_band05,band05,1.0,0.22091042360234853,True,0.39172240014205795,1.248685001809618,0.36475482375393775,0.4339070672863708,0.2933470060755658,0.14056006121080503,-0.3749134049494697,1.3313520341518814,0.3578383410266655,True,vol1_band05,True,0.4220727070836095,0.4220727070836095,True,0.0
matched_gbm,9,256,20.0,0.72,joint_es90,vol1.25_daily,daily,1.25,0.27613802950293564,True,0.42491711368267465,1.239382440908509,0.4462359145705141,0.4564753353518156,0.25347622410566806,0.20299911124614753,-0.4505542267542804,1.2632071012233914,0.4396143320326031,True,vol1_band05,True,0.4220727070836095,0.4523458603139367,True,0.0302731532303272
matched_gbm,10,16,5.0,0.18,forecast_first,vol1.25_daily,daily,1.25,0.2132655626467469,True,0.3023611004581909,0.8374850541654497,0.13276695200716337,0.2064144317537267,0.19301235741433184,0.01340207433939488,-0.11576732846271819,0.9051162934329186,0.1200679175712556,True,vol1.25_daily,True,0.20062002959465522,0.20062002959465522,True,0.0
matched_gbm,10,16,5.0,0.18,joint_mse,vol1.25_daily,daily,1.25,0.2132655626467469,True,0.3023611004581909,0.8374850541654497,0.13276695200716337,0.2064144317537267,0.19301235741433184,0.01340207433939488,-0.11576732846271819,0.9051162934329186,0.1200679175712556,True,vol1.25_daily,True,0.20062002959465522,0.20062002959465522,True,0.0
matched_gbm,10,16,5.0,0.18,joint_es90,vol1.25_daily,daily,1.25,0.2132655626467469,True,0.3023611004581909,0.8374850541654497,0.13276695200716337,0.2064144317537267,0.19301235741433184,0.01340207433939488,-0.11576732846271819,0.9051162934329186,0.1200679175712556,True,vol1.25_daily,True,0.20062002959465522,0.20062002959465522,True,0.0
matched_gbm,10,64,5.0,0.18,forecast_first,vol1.25_daily,daily,1.25,0.2132655626467469,True,0.24888375997177167,0.9769555440893742,0.12023236877418862,0.2064144317537267,0.19301235741433184,0.01340207433939488,-0.11576732846271819,0.9051162934329186,0.1200679175712556,True,vol1.25_daily,True,0.20062002959465522,0.20062002959465522,True,0.0
matched_gbm,10,64,5.0,0.18,joint_mse,vol1_band05,band05,1.0,0.1706124501173975,True,0.24518059349123306,0.9494160597681877,0.09950913646010977,0.24543962880464423,0.23705705735043237,0.008382571454211835,-0.09155638401669124,1.0209685049415322,0.09853221074181313,True,vol1.25_daily,True,0.20062002959465522,0.24348792626498142,True,0.0428678966703262
matched_gbm,10,64,5.0,0.18,joint_es90,vol1_band05,band05,1.0,0.1706124501173975,True,0.24518059349123306,0.9494160597681877,0.09950913646010977,0.24543962880464423,0.23705705735043237,0.008382571454211835,-0.09155638401669124,1.0209685049415322,0.09853221074181313,True,vol1.25_daily,True,0.20062002959465522,0.24348792626498142,True,0.0428678966703262
matched_gbm,10,256,5.0,0.18,forecast_first,vol1.25_daily,daily,1.25,0.2132655626467469,True,0.22400326855493238,0.9604948775418535,0.1194565341722123,0.2064144317537267,0.19301235741433184,0.01340207433939488,-0.11576732846271819,0.9051162934329186,0.1200679175712556,True,vol1.25_daily,True,0.20062002959465522,0.20062002959465522,True,0.0
matched_gbm,10,256,5.0,0.18,joint_mse,vol1.25_daily,daily,1.25,0.2132655626467469,True,0.22400326855493238,0.9604948775418535,0.1194565341722123,0.2064144317537267,0.19301235741433184,0.01340207433939488,-0.11576732846271819,0.9051162934329186,0.1200679175712556,True,vol1.25_daily,True,0.20062002959465522,0.20062002959465522,True,0.0
matched_gbm,10,256,5.0,0.18,joint_es90,vol1.25_daily,daily,1.25,0.2132655626467469,True,0.22400326855493238,0.9604948775418535,0.1194565341722123,0.2064144317537267,0.19301235741433184,0.01340207433939488,-0.11576732846271819,0.9051162934329186,0.1200679175712556,True,vol1.25_daily,True,0.20062002959465522,0.20062002959465522,True,0.0
matched_gbm,10,16,20.0,0.72,forecast_first,vol1.25_band05,band05,1.25,0.2132655626467469,True,0.5527956708784585,1.466473460009513,0.4027578644163935,0.4096951600046428,0.2820936042392218,0.12760155576542095,-0.3572135996367173,1.2921591439506315,0.36655353044285344,True,vol1.25_band05,True,0.4144725784856732,0.4144725784856732,True,0.0
matched_gbm,10,16,20.0,0.72,joint_mse,vol1.25_band05,band05,1.25,0.2132655626467469,True,0.5527956708784585,1.466473460009513,0.4027578644163935,0.4096951600046428,0.2820936042392218,0.12760155576542095,-0.3572135996367173,1.2921591439506315,0.36655353044285344,True,vol1.25_band05,True,0.4144725784856732,0.4144725784856732,True,0.0
matched_gbm,10,16,20.0,0.72,joint_es90,vol1.25_daily,daily,1.25,0.2132655626467469,True,0.6583052791290281,1.358288078467303,0.5310678080286535,0.4432275208273998,0.21667905071108778,0.22654847011631207,-0.475971081176485,1.3489920097273946,0.4802716702850224,True,vol1.25_band05,True,0.4144725784856732,0.4369506505236425,True,0.02247807203796931
matched_gbm,10,64,20.0,0.72,forecast_first,vol1.25_band05,band05,1.25,0.2132655626467469,True,0.40828763094801873,1.337465937060231,0.36609688340705177,0.4096951600046428,0.2820936042392218,0.12760155576542095,-0.3572135996367173,1.2921591439506315,0.36655353044285344,True,vol1.25_band05,True,0.4144725784856732,0.4144725784856732,True,0.0
matched_gbm,10,64,20.0,0.72,joint_mse,vol1.25_band05,band05,1.25,0.2132655626467469,True,0.40828763094801873,1.337465937060231,0.36609688340705177,0.4096951600046428,0.2820936042392218,0.12760155576542095,-0.3572135996367173,1.2921591439506315,0.36655353044285344,True,vol1.25_band05,True,0.4144725784856732,0.4144725784856732,True,0.0
matched_gbm,10,64,20.0,0.72,joint_es90,vol0.75_band10,band10,0.75,0.12795933758804812,True,0.42587208957335904,1.2855035295257407,0.3684870615081421,0.5126616727013175,0.38186391658888563,0.13079775611243183,-0.3616597242055463,1.5908624629720352,0.3673590954733053,True,vol1.25_band05,True,0.4144725784856732,0.5103740659226358,True,0.09590148743696258
matched_gbm,10,256,20.0,0.72,forecast_first,vol1.25_band05,band05,1.25,0.2132655626467469,True,0.4043568532062244,1.2774310263278665,0.3647803146243894,0.4096951600046428,0.2820936042392218,0.12760155576542095,-0.3572135996367173,1.2921591439506315,0.36655353044285344,True,vol1.25_band05,True,0.4144725784856732,0.4144725784856732,True,0.0
matched_gbm,10,256,20.0,0.72,joint_mse,vol1.25_band05,band05,1.25,0.2132655626467469,True,0.4043568532062244,1.2774310263278665,0.3647803146243894,0.4096951600046428,0.2820936042392218,0.12760155576542095,-0.3572135996367173,1.2921591439506315,0.36655353044285344,True,vol1.25_band05,True,0.4144725784856732,0.4144725784856732,True,0.0
matched_gbm,10,256,20.0,0.72,joint_es90,vol1.25_band05,band05,1.25,0.2132655626467469,True,0.4043568532062244,1.2774310263278665,0.3647803146243894,0.4096951600046428,0.2820936042392218,0.12760155576542095,-0.3572135996367173,1.2921591439506315,0.36655353044285344,True,vol1.25_band05,True,0.4144725784856732,0.4144725784856732,True,0.0
matched_gbm,11,16,5.0,0.18,forecast_first,vol1_band05,band05,1.0,0.21201063000803239,True,0.3317398262476719,1.1865681158033385,0.08300249357053008,0.257422101655154,0.25235347163100724,0.005068630024146765,-0.07119431174010157,0.9393861442805566,0.09035355646703358,True,vol1_daily,True,0.20373644368227076,0.2712212179352696,True,0.06748477425299884
matched_gbm,11,16,5.0,0.18,joint_mse,vol0.75_band10,band10,0.75,0.15900797250602428,True,0.2481801797604507,0.9700655437739527,0.07824715181488402,0.3152081803698269,0.3113313759428682,0.003876804426958765,-0.062263989809188784,1.097853918220285,0.08459942678934819,True,vol1_daily,True,0.20373644368227076,0.3375004427855537,True,0.13376399910328293
matched_gbm,11,16,5.0,0.18,joint_es90,vol0.75_band10,band10,0.75,0.15900797250602428,True,0.2481801797604507,0.9700655437739527,0.07824715181488402,0.3152081803698269,0.3113313759428682,0.003876804426958765,-0.062263989809188784,1.097853918220285,0.08459942678934819,True,vol1_daily,True,0.20373644368227076,0.3375004427855537,True,0.13376399910328293
matched_gbm,11,64,5.0,0.18,forecast_first,vol1_daily,daily,1.0,0.21201063000803239,True,0.24574183584382092,0.9550720420308033,0.11240031711187883,0.19962493811029614,0.1873724558133161,0.012252482296980026,-0.11069093141255984,0.8966686368895992,0.11869613623172903,True,vol1_daily,True,0.20373644368227076,0.20373644368227076,True,0.0
matched_gbm,11,64,5.0,0.18,joint_mse,vol0.75_daily,daily,0.75,0.15900797250602428,True,0.2443214678990684,1.0357484392650607,0.1211480973888057,0.25026338633304623,0.2362365869032031,0.014026799429843096,-0.11843478977835481,1.1404109997004355,0.12821371430659456,True,vol1_daily,True,0.20373644368227076,0.2595836302059282,True,0.055847186523657416
matched_gbm,11,64,5.0,0.18,joint_es90,vol1_daily,daily,1.0,0.21201063000803239,True,0.24574183584382092,0.9550720420308033,0.11240031711187883,0.19962493811029614,0.1873724558133161,0.012252482296980026,-0.11069093141255984,0.8966686368895992,0.11869613623172903,True,vol1_daily,True,0.20373644368227076,0.20373644368227076,True,0.0
matched_gbm,11,256,5.0,0.18,forecast_first,vol1_daily,daily,1.0,0.21201063000803239,True,0.21344266270738405,0.9670677401444354,0.12136330903085414,0.19962493811029614,0.1873724558133161,0.012252482296980026,-0.11069093141255984,0.8966686368895992,0.11869613623172903,True,vol1_daily,True,0.20373644368227076,0.20373644368227076,True,0.0
matched_gbm,11,256,5.0,0.18,joint_mse,vol1_daily,daily,1.0,0.21201063000803239,True,0.21344266270738405,0.9670677401444354,0.12136330903085414,0.19962493811029614,0.1873724558133161,0.012252482296980026,-0.11069093141255984,0.8966686368895992,0.11869613623172903,True,vol1_daily,True,0.20373644368227076,0.20373644368227076,True,0.0
matched_gbm,11,256,5.0,0.18,joint_es90,vol1.25_daily,daily,1.25,0.2650132875100405,True,0.24596265525964678,0.9220514664897929,0.1133619389834603,0.2467508975198575,0.23598126044138293,0.010769637078474545,-0.1037768619610101,0.8848378199304339,0.11135007556676091,True,vol1_daily,True,0.20373644368227076,0.24962546934089186,True,0.0458890256586211
matched_gbm,11,16,20.0,0.72,forecast_first,vol1_band10,band10,1.0,0.21201063000803239,True,0.3980401520155021,1.225974245724869,0.29012879229277794,0.5183914923805241,0.43193373887313546,0.08645775350738855,-0.2940369934334599,1.4469078464302154,0.31227751818040095,True,vol1_band05,True,0.4143320930029027,0.5493361515509187,True,0.13500405854801606
matched_gbm,11,16,20.0,0.72,joint_mse,vol0.75_band10,band10,0.75,0.15900797250602428,True,0.3078420655078316,1.2153556581681513,0.3129886072595361,0.4355768255134685,0.335681466883882,0.09989535862958643,-0.3160622701772333,1.4089372173720889,0.33839770715739276,True,vol1_band05,True,0.4143320930029027,0.4740681670191073,True,0.05973607401620462
matched_gbm,11,16,20.0,0.72,joint_es90,vol0.75_band10,band10,0.75,0.15900797250602428,True,0.3078420655078316,1.2153556581681513,0.3129886072595361,0.4355768255134685,0.335681466883882,0.09989535862958643,-0.3160622701772333,1.4089372173720889,0.33839770715739276,True,vol1_band05,True,0.4143320930029027,0.4740681670191073,True,0.05973607401620462
matched_gbm,11,64,20.0,0.72,forecast_first,vol1_band05,band05,1.0,0.21201063000803239,True,0.40366938315850776,1.2426184253168264,0.3413920149329584,0.3838194318660937,0.2666809597501289,0.11713847211596477,-0.34225498114120234,1.2516928046188622,0.3614142258681343,True,vol1_band05,True,0.4143320930029027,0.4143320930029027,True,0.0
matched_gbm,11,64,20.0,0.72,joint_mse,vol0.75_band05,band05,0.75,0.15900797250602428,True,0.38497888753880893,1.3589106179784816,0.3739928872632843,0.41102966909364264,0.27010843159225656,0.14092123750138608,-0.375394775538214,1.4281042644898831,0.39641060337491585,True,vol1_band05,True,0.4143320930029027,0.4509201265021564,True,0.036588033499253714
matched_gbm,11,64,20.0,0.72,joint_es90,vol1_band05,band05,1.0,0.21201063000803239,True,0.40366938315850776,1.2426184253168264,0.3413920149329584,0.3838194318660937,0.2666809597501289,0.11713847211596477,-0.34225498114120234,1.2516928046188622,0.3614142258681343,True,vol1_band05,True,0.4143320930029027,0.4143320930029027,True,0.0
matched_gbm,11,256,20.0,0.72,forecast_first,vol1_band05,band05,1.0,0.21201063000803239,True,0.419651012853971,1.3480459652743577,0.3707710474484392,0.3838194318660937,0.2666809597501289,0.11713847211596477,-0.34225498114120234,1.2516928046188622,0.3614142258681343,True,vol1_band05,True,0.4143320930029027,0.4143320930029027,True,0.0
matched_gbm,11,256,20.0,0.72,joint_mse,vol1_band05,band05,1.0,0.21201063000803239,True,0.419651012853971,1.3480459652743577,0.3707710474484392,0.3838194318660937,0.2666809597501289,0.11713847211596477,-0.34225498114120234,1.2516928046188622,0.3614142258681343,True,vol1_band05,True,0.4143320930029027,0.4143320930029027,True,0.0
matched_gbm,11,256,20.0,0.72,joint_es90,vol1.25_daily,daily,1.25,0.2650132875100405,True,0.4507138261585274,1.2813742238294774,0.4534477559338412,0.4303989226250651,0.23870636305944154,0.19169255956562356,-0.43782708866129283,1.242235565553983,0.44540030226704364,True,vol1_band05,True,0.4143320930029027,0.44515714055223043,True,0.030825047549327744
matched_gbm,12,16,5.0,0.18,forecast_first,vol1.25_daily,daily,1.25,0.22412984388552437,True,0.09333612443909226,0.6363138653950361,0.11759329781088418,0.2236864474696188,0.20820355922345504,0.015482888246163767,-0.12443025454512165,0.932582398054291,0.1192755693074011,True,vol1.25_daily,True,0.2055535591054874,0.2055535591054874,True,0.0
matched_gbm,12,16,5.0,0.18,joint_mse,vol1.25_daily,daily,1.25,0.22412984388552437,True,0.09333612443909226,0.6363138653950361,0.11759329781088418,0.2236864474696188,0.20820355922345504,0.015482888246163767,-0.12443025454512165,0.932582398054291,0.1192755693074011,True,vol1.25_daily,True,0.2055535591054874,0.2055535591054874,True,0.0
matched_gbm,12,16,5.0,0.18,joint_es90,vol1.25_daily,daily,1.25,0.22412984388552437,True,0.09333612443909226,0.6363138653950361,0.11759329781088418,0.2236864474696188,0.20820355922345504,0.015482888246163767,-0.12443025454512165,0.932582398054291,0.1192755693074011,True,vol1.25_daily,True,0.2055535591054874,0.2055535591054874,True,0.0
matched_gbm,12,64,5.0,0.18,forecast_first,vol1_daily,daily,1.0,0.1793038751084195,True,0.22791394584913371,1.042152611223607,0.12062066378350407,0.24055869851409364,0.22196571933270343,0.018592979181390207,-0.1363560749706085,1.1049193443977006,0.12702065839054386,True,vol1.25_daily,True,0.2055535591054874,0.21361398640571033,True,0.008060427300222939
matched_gbm,12,64,5.0,0.18,joint_mse,vol1.25_daily,daily,1.25,0.22412984388552437,True,0.19612082228667196,0.9097719551343988,0.11392035869439136,0.2236864474696188,0.20820355922345504,0.015482888246163767,-0.12443025454512165,0.932582398054291,0.1192755693074011,True,vol1.25_daily,True,0.2055535591054874,0.2055535591054874,True,0.0
matched_gbm,12,64,5.0,0.18,joint_es90,vol1.25_daily,daily,1.25,0.22412984388552437,True,0.19612082228667196,0.9097719551343988,0.11392035869439136,0.2236864474696188,0.20820355922345504,0.015482888246163767,-0.12443025454512165,0.932582398054291,0.1192755693074011,True,vol1.25_daily,True,0.2055535591054874,0.2055535591054874,True,0.0
matched_gbm,12,256,5.0,0.18,forecast_first,vol1_daily,daily,1.0,0.1793038751084195,True,0.19533391094614,0.9578761725517752,0.12366373569551391,0.24055869851409364,0.22196571933270343,0.018592979181390207,-0.1363560749706085,1.1049193443977006,0.12702065839054386,True,vol1.25_daily,True,0.2055535591054874,0.21361398640571033,True,0.008060427300222939
matched_gbm,12,256,5.0,0.18,joint_mse,vol1.25_daily,daily,1.25,0.22412984388552437,True,0.18195709362909696,0.8560241333044724,0.1162564281731583,0.2236864474696188,0.20820355922345504,0.015482888246163767,-0.12443025454512165,0.932582398054291,0.1192755693074011,True,vol1.25_daily,True,0.2055535591054874,0.2055535591054874,True,0.0
matched_gbm,12,256,5.0,0.18,joint_es90,vol1.25_daily,daily,1.25,0.22412984388552437,True,0.18195709362909696,0.8560241333044724,0.1162564281731583,0.2236864474696188,0.20820355922345504,0.015482888246163767,-0.12443025454512165,0.932582398054291,0.1192755693074011,True,vol1.25_daily,True,0.2055535591054874,0.2055535591054874,True,0.0
matched_gbm,12,16,20.0,0.72,forecast_first,vol1.25_daily,daily,1.25,0.22412984388552437,True,0.32473209100253475,0.9924909503519423,0.4703731912435367,0.4604340391973555,0.2278622613491446,0.23257177784821087,-0.48225696246732497,1.3686370478324714,0.4771022772296044,True,vol1_band05,True,0.40873286152434196,0.43370014569793136,True,0.0249672841735894
matched_gbm,12,16,20.0,0.72,joint_mse,vol1.25_daily,daily,1.25,0.22412984388552437,True,0.32473209100253475,0.9924909503519423,0.4703731912435367,0.4604340391973555,0.2278622613491446,0.23257177784821087,-0.48225696246732497,1.3686370478324714,0.4771022772296044,True,vol1_band05,True,0.40873286152434196,0.43370014569793136,True,0.0249672841735894
matched_gbm,12,16,20.0,0.72,joint_es90,vol1.25_daily,daily,1.25,0.22412984388552437,True,0.32473209100253475,0.9924909503519423,0.4703731912435367,0.4604340391973555,0.2278622613491446,0.23257177784821087,-0.48225696246732497,1.3686370478324714,0.4771022772296044,True,vol1_band05,True,0.40873286152434196,0.43370014569793136,True,0.0249672841735894
matched_gbm,12,64,20.0,0.72,forecast_first,vol1_band05,band05,1.0,0.1793038751084195,True,0.4141944701199268,1.399860969570327,0.3747756514074758,0.43876472367638697,0.2822418652398429,0.15652285843654404,-0.3956296986280783,1.4183544861928332,0.39087585223691684,True,vol1_band05,True,0.40873286152434196,0.40873286152434196,True,0.0
matched_gbm,12,64,20.0,0.72,joint_mse,vol1_band05,band05,1.0,0.1793038751084195,True,0.4141944701199268,1.399860969570327,0.3747756514074758,0.43876472367638697,0.2822418652398429,0.15652285843654404,-0.3956296986280783,1.4183544861928332,0.39087585223691684,True,vol1_band05,True,0.40873286152434196,0.40873286152434196,True,0.0
matched_gbm,12,64,20.0,0.72,joint_es90,vol1.25_daily,daily,1.25,0.22412984388552437,True,0.4328227821019113,1.3133992761824234,0.45568143477756545,0.4604340391973555,0.2278622613491446,0.23257177784821087,-0.48225696246732497,1.3686370478324714,0.4771022772296044,True,vol1_band05,True,0.40873286152434196,0.43370014569793136,True,0.0249672841735894
matched_gbm,12,256,20.0,0.72,forecast_first,vol1_band05,band05,1.0,0.1793038751084195,True,0.4178129735940927,1.3607480755717978,0.3831692005488733,0.43876472367638697,0.2822418652398429,0.15652285843654404,-0.3956296986280783,1.4183544861928332,0.39087585223691684,True,vol1_band05,True,0.40873286152434196,0.40873286152434196,True,0.0
matched_gbm,12,256,20.0,0.72,joint_mse,vol1.25_daily,daily,1.25,0.22412984388552437,True,0.4102746581472439,1.2673403106676149,0.4650257126926332,0.4604340391973555,0.2278622613491446,0.23257177784821087,-0.48225696246732497,1.3686370478324714,0.4771022772296044,True,vol1_band05,True,0.40873286152434196,0.43370014569793136,True,0.0249672841735894
matched_gbm,12,256,20.0,0.72,joint_es90,vol1.25_daily,daily,1.25,0.22412984388552437,True,0.4102746581472439,1.2673403106676149,0.4650257126926332,0.4604340391973555,0.2278622613491446,0.23257177784821087,-0.48225696246732497,1.3686370478324714,0.4771022772296044,True,vol1_band05,True,0.40873286152434196,0.43370014569793136,True,0.0249672841735894
matched_gbm,13,16,5.0,0.18,forecast_first,vol1_daily,daily,1.0,0.20661565144686458,True,0.36205732375383576,1.0599244729155766,0.11946482881652819,0.21224560231870299,0.19512086114543298,0.01712474117327001,-0.13086153435318573,0.9503102423840527,0.12203928406866835,True,vol1_daily,True,0.19789339646656234,0.19789339646656234,True,0.0
matched_gbm,13,16,5.0,0.18,joint_mse,vol1_daily,daily,1.0,0.20661565144686458,True,0.36205732375383576,1.0599244729155766,0.11946482881652819,0.21224560231870299,0.19512086114543298,0.01712474117327001,-0.13086153435318573,0.9503102423840527,0.12203928406866835,True,vol1_daily,True,0.19789339646656234,0.19789339646656234,True,0.0
matched_gbm,13,16,5.0,0.18,joint_es90,vol1.25_daily,daily,1.25,0.2582695643085807,True,0.3814852889589572,0.9477008255492277,0.110205545821379,0.24896527590804451,0.2354789683015366,0.013486307606507899,-0.11613056275807802,0.8969042274922879,0.11437137554330762,True,vol1_daily,True,0.19789339646656234,0.23792461732082976,True,0.04003122085426741
matched_gbm,13,64,5.0,0.18,forecast_first,vol1_daily,daily,1.0,0.20661565144686458,True,0.25366095411034983,1.138634141964679,0.11616019247014761,0.21224560231870299,0.19512086114543298,0.01712474117327001,-0.13086153435318573,0.9503102423840527,0.12203928406866835,True,vol1_daily,True,0.19789339646656234,0.19789339646656234,True,0.0
matched_gbm,13,64,5.0,0.18,joint_mse,vol1_daily,daily,1.0,0.20661565144686458,True,0.25366095411034983,1.138634141964679,0.11616019247014761,0.21224560231870299,0.19512086114543298,0.01712474117327001,-0.13086153435318573,0.9503102423840527,0.12203928406866835,True,vol1_daily,True,0.19789339646656234,0.19789339646656234,True,0.0
matched_gbm,13,64,5.0,0.18,joint_es90,vol1.25_daily,daily,1.25,0.2582695643085807,True,0.29964639958968076,1.097623326205659,0.10854915144883187,0.24896527590804451,0.2354789683015366,0.013486307606507899,-0.11613056275807802,0.8969042274922879,0.11437137554330762,True,vol1_daily,True,0.19789339646656234,0.23792461732082976,True,0.04003122085426741
matched_gbm,13,256,5.0,0.18,forecast_first,vol1_daily,daily,1.0,0.20661565144686458,True,0.22325090464778835,0.9887054026874977,0.11716377707971881,0.21224560231870299,0.19512086114543298,0.01712474117327001,-0.13086153435318573,0.9503102423840527,0.12203928406866835,True,vol1_daily,True,0.19789339646656234,0.19789339646656234,True,0.0
matched_gbm,13,256,5.0,0.18,joint_mse,vol1_daily,daily,1.0,0.20661565144686458,True,0.22325090464778835,0.9887054026874977,0.11716377707971881,0.21224560231870299,0.19512086114543298,0.01712474117327001,-0.13086153435318573,0.9503102423840527,0.12203928406866835,True,vol1_daily,True,0.19789339646656234,0.19789339646656234,True,0.0
matched_gbm,13,256,5.0,0.18,joint_es90,vol1.25_daily,daily,1.25,0.2582695643085807,True,0.2623714122526255,0.9139605786543213,0.11000686593415124,0.24896527590804451,0.2354789683015366,0.013486307606507899,-0.11613056275807802,0.8969042274922879,0.11437137554330762,True,vol1_daily,True,0.19789339646656234,0.23792461732082976,True,0.04003122085426741
matched_gbm,13,16,20.0,0.72,forecast_first,vol1_band05,band05,1.0,0.20661565144686458,True,0.6530362575152951,1.4606190606771894,0.3694355943834387,0.4208287688646757,0.2840303251053541,0.13679844375932163,-0.36986273637570144,1.3174540059993103,0.3728904251144269,True,vol1_band05,True,0.40905122085916257,0.40905122085916257,True,0.0
matched_gbm,13,16,20.0,0.72,joint_mse,vol1.25_band05,band05,1.25,0.2582695643085807,True,0.6386135866263067,1.292252325966253,0.33800729480120945,0.48555397680353496,0.37253115974343903,0.11302281706009588,-0.33618866289643956,1.3612166643380477,0.346938691022795,True,vol1_band05,True,0.40905122085916257,0.4807413975745433,True,0.07169017671538075
matched_gbm,13,16,20.0,0.72,joint_es90,vol1.25_band05,band05,1.25,0.2582695643085807,True,0.6386135866263067,1.292252325966253,0.33800729480120945,0.48555397680353496,0.37253115974343903,0.11302281706009588,-0.33618866289643956,1.3612166643380477,0.346938691022795,True,vol1_band05,True,0.40905122085916257,0.4807413975745433,True,0.07169017671538075
matched_gbm,13,64,20.0,0.72,forecast_first,vol1_daily,daily,1.0,0.20661565144686458,True,0.5310278543902258,1.5877824248668189,0.46464076988059044,0.4736093734114914,0.22662086274674187,0.24698851066474958,-0.49697938655919077,1.4212547222374456,0.4881571362746734,True,vol1_band05,True,0.40905122085916257,0.44098299114885176,True,0.03193177028968919
matched_gbm,13,64,20.0,0.72,joint_mse,vol1.25_daily,daily,1.25,0.2582695643085807,True,0.5257200052494932,1.498722802881496,0.4341966057953275,0.4568586167876496,0.24595293205656824,0.21090568473108143,-0.4592446893880009,1.2914057353362662,0.4574855021732305,True,vol1_band05,True,0.40905122085916257,0.4338581319789121,True,0.02480691111974953
matched_gbm,13,64,20.0,0.72,joint_es90,vol1_band05,band05,1.0,0.20661565144686458,True,0.5361684111986731,1.4928301166975206,0.3543664028482899,0.4208287688646757,0.2840303251053541,0.13679844375932163,-0.36986273637570144,1.3174540059993103,0.3728904251144269,True,vol1_band05,True,0.40905122085916257,0.40905122085916257,True,0.0
matched_gbm,13,256,20.0,0.72,forecast_first,vol1_band05,band05,1.0,0.20661565144686458,True,0.4333872020902932,1.3349073264799118,0.358562009859573,0.4208287688646757,0.2840303251053541,0.13679844375932163,-0.36986273637570144,1.3174540059993103,0.3728904251144269,True,vol1_band05,True,0.40905122085916257,0.40905122085916257,True,0.0
matched_gbm,13,256,20.0,0.72,joint_mse,vol1_band05,band05,1.0,0.20661565144686458,True,0.4333872020902932,1.3349073264799118,0.358562009859573,0.4208287688646757,0.2840303251053541,0.13679844375932163,-0.36986273637570144,1.3174540059993103,0.3728904251144269,True,vol1_band05,True,0.40905122085916257,0.40905122085916257,True,0.0
matched_gbm,13,256,20.0,0.72,joint_es90,vol1.25_daily,daily,1.25,0.2582695643085807,True,0.46944404701472175,1.302789946788846,0.44002746373660495,0.4568586167876496,0.24595293205656824,0.21090568473108143,-0.4592446893880009,1.2914057353362662,0.4574855021732305,True,vol1_band05,True,0.40905122085916257,0.4338581319789121,True,0.02480691111974953
matched_gbm,14,16,5.0,0.18,forecast_first,vol1_daily,daily,1.0,0.20736236924127582,True,0.12169636493718824,0.52874662885397,0.09503465741901561,0.18670201601294373,0.1748983434527251,0.011803672560218671,-0.10864470792550676,0.8847343120672484,0.12116218572224813,True,vol1_daily,True,0.20036332313576227,0.20036332313576227,True,0.0
matched_gbm,14,16,5.0,0.18,joint_mse,vol0.75_band05,band05,0.75,0.15552177693095687,True,0.10323775919657525,0.33522590045428985,0.07685997871209213,0.242722370288041,0.2344098712336432,0.008312499054397798,-0.09117290745828938,1.0632207046047242,0.10203051766054064,True,vol1_daily,True,0.20036332313576227,0.2540894913131456,True,0.05372616817738335
matched_gbm,14,16,5.0,0.18,joint_es90,vol0.75_band05,band05,0.75,0.15552177693095687,True,0.10323775919657525,0.33522590045428985,0.07685997871209213,0.242722370288041,0.2344098712336432,0.008312499054397798,-0.09117290745828938,1.0632207046047242,0.10203051766054064,True,vol1_daily,True,0.20036332313576227,0.2540894913131456,True,0.05372616817738335
matched_gbm,14,64,5.0,0.18,forecast_first,vol1_daily,daily,1.0,0.20736236924127582,True,0.179204188745985,0.9276516274964377,0.120175906506324,0.18670201601294373,0.1748983434527251,0.011803672560218671,-0.10864470792550676,0.8847343120672484,0.12116218572224813,True,vol1_daily,True,0.20036332313576227,0.20036332313576227,True,0.0
matched_gbm,14,64,5.0,0.18,joint_mse,vol1_daily,daily,1.0,0.20736236924127582,True,0.179204188745985,0.9276516274964377,0.120175906506324,0.18670201601294373,0.1748983434527251,0.011803672560218671,-0.10864470792550676,0.8847343120672484,0.12116218572224813,True,vol1_daily,True,0.20036332313576227,0.20036332313576227,True,0.0
matched_gbm,14,64,5.0,0.18,joint_es90,vol1.25_daily,daily,1.25,0.2592029615515948,True,0.21207142831548545,0.8126045384321837,0.11220473641425609,0.22958515906184607,0.2192789181902993,0.010306240871546765,-0.10151965756220203,0.8526210747646789,0.11367522151257892,True,vol1_daily,True,0.20036332313576227,0.24183320413712325,True,0.04146988100136098
matched_gbm,14,256,5.0,0.18,forecast_first,vol1_daily,daily,1.0,0.20736236924127582,True,0.262930497278014,1.0798086320734515,0.12403562863898131,0.18670201601294373,0.1748983434527251,0.011803672560218671,-0.10864470792550676,0.8847343120672484,0.12116218572224813,True,vol1_daily,True,0.20036332313576227,0.20036332313576227,True,0.0
matched_gbm,14,256,5.0,0.18,joint_mse,vol1_daily,daily,1.0,0.20736236924127582,True,0.262930497278014,1.0798086320734515,0.12403562863898131,0.18670201601294373,0.1748983434527251,0.011803672560218671,-0.10864470792550676,0.8847343120672484,0.12116218572224813,True,vol1_daily,True,0.20036332313576227,0.20036332313576227,True,0.0
matched_gbm,14,256,5.0,0.18,joint_es90,vol1.25_daily,daily,1.25,0.2592029615515948,True,0.28637282114035767,0.9727896622085698,0.11617860156743248,0.22958515906184607,0.2192789181902993,0.010306240871546765,-0.10151965756220203,0.8526210747646789,0.11367522151257892,True,vol1_daily,True,0.20036332313576227,0.24183320413712325,True,0.04146988100136098
matched_gbm,14,16,20.0,0.72,forecast_first,vol1_daily,daily,1.0,0.20736236924127582,True,0.1764946909184601,0.7607642023156144,0.38013862967606243,0.42207769640999077,0.19916976493238125,0.2229079314776095,-0.4721312650922511,1.331890775228552,0.4846487428889925,True,vol1_band05,True,0.408486555815899,0.4436709998184637,True,0.03518444400256471
matched_gbm,14,16,20.0,0.72,joint_mse,vol0.75_daily,daily,0.75,0.15552177693095687,True,0.10707373963971305,0.7322333475508285,0.39905792556698927,0.5650560620035814,0.30635794915259107,0.2586981128509904,-0.5086237438922709,1.6839102013358103,0.5234726751407993,True,vol1_band05,True,0.408486555815899,0.5953839544783353,True,0.18689739866243626
matched_gbm,14,16,20.0,0.72,joint_es90,vol0.75_band05,band05,0.75,0.15552177693095687,True,0.10819655992799862,0.6239747424688273,0.3074399148483685,0.43609483883453126,0.2782757873059174,0.15781905152861386,-0.3972644604399113,1.470238194965737,0.40812207064216255,True,vol1_band05,True,0.408486555815899,0.4565165848465825,True,0.048030029030683485
matched_gbm,14,64,20.0,0.72,forecast_first,vol1_band05,band05,1.0,0.20736236924127582,True,0.33605534093419404,1.2315920427084208,0.36402963448846515,0.3989085229114395,0.26622661225151995,0.1326819106599196,-0.364255282267697,1.304511292713688,0.37229383642011066,True,vol1_band05,True,0.408486555815899,0.408486555815899,True,0.0
matched_gbm,14,64,20.0,0.72,joint_mse,vol1_band05,band05,1.0,0.20736236924127582,True,0.33605534093419404,1.2315920427084208,0.36402963448846515,0.3989085229114395,0.26622661225151995,0.1326819106599196,-0.364255282267697,1.304511292713688,0.37229383642011066,True,vol1_band05,True,0.408486555815899,0.408486555815899,True,0.0
matched_gbm,14,64,20.0,0.72,joint_es90,vol1.25_daily,daily,1.25,0.2592029615515948,True,0.3863297592581819,1.1997988299247995,0.44881894565702435,0.4185352182206281,0.22268885610808956,0.19584636211253853,-0.44254532209993874,1.2213058242976125,0.45470088605031567,True,vol1_band05,True,0.408486555815899,0.4366750837223123,True,0.028188527906413297
matched_gbm,14,256,20.0,0.72,forecast_first,vol1_band05,band05,1.0,0.20736236924127582,True,0.49943324153825575,1.5032725036847447,0.3787397417855495,0.3989085229114395,0.26622661225151995,0.1326819106599196,-0.364255282267697,1.304511292713688,0.37229383642011066,True,vol1_band05,True,0.408486555815899,0.408486555815899,True,0.0
matched_gbm,14,256,20.0,0.72,joint_mse,vol1_band05,band05,1.0,0.20736236924127582,True,0.49943324153825575,1.5032725036847447,0.3787397417855495,0.3989085229114395,0.26622661225151995,0.1326819106599196,-0.364255282267697,1.304511292713688,0.37229383642011066,True,vol1_band05,True,0.408486555815899,0.408486555815899,True,0.0
matched_gbm,14,256,20.0,0.72,joint_es90,vol1.25_daily,daily,1.25,0.2592029615515948,True,0.5122535721187205,1.3697532374922337,0.46471440626972993,0.4185352182206281,0.22268885610808956,0.19584636211253853,-0.44254532209993874,1.2213058242976125,0.45470088605031567,True,vol1_band05,True,0.408486555815899,0.4366750837223123,True,0.028188527906413297
matched_gbm,15,16,5.0,0.18,forecast_first,vol1_daily,daily,1.0,0.19856975836651886,True,0.1620827769354555,0.503031188937687,0.12636047013810378,0.19841639182465134,0.18521784422067766,0.013198547603973656,-0.11488493201448854,0.934663684860141,0.12050654191474558,True,vol1_daily,True,0.2015096172215279,0.2015096172215279,True,0.0
matched_gbm,15,16,5.0,0.18,joint_mse,vol1_daily,daily,1.0,0.19856975836651886,True,0.1620827769354555,0.503031188937687,0.12636047013810378,0.19841639182465134,0.18521784422067766,0.013198547603973656,-0.11488493201448854,0.934663684860141,0.12050654191474558,True,vol1_daily,True,0.2015096172215279,0.2015096172215279,True,0.0
matched_gbm,15,16,5.0,0.18,joint_es90,vol1.25_daily,daily,1.25,0.24821219795814858,True,0.2087375859555251,0.469484936203621,0.11855572879711282,0.2224579179290706,0.20964110053287902,0.012816817396191584,-0.11321138368641019,0.8474333094392964,0.11323249044922196,True,vol1_daily,True,0.2015096172215279,0.22990320496214933,True,0.028393587740621423
matched_gbm,15,64,5.0,0.18,forecast_first,vol1_daily,daily,1.0,0.19856975836651886,True,0.1500170435615858,0.6519045805885669,0.12625077905741597,0.19841639182465134,0.18521784422067766,0.013198547603973656,-0.11488493201448854,0.934663684860141,0.12050654191474558,True,vol1_daily,True,0.2015096172215279,0.2015096172215279,True,0.0
matched_gbm,15,64,5.0,0.18,joint_mse,vol1_daily,daily,1.0,0.19856975836651886,True,0.1500170435615858,0.6519045805885669,0.12625077905741597,0.19841639182465134,0.18521784422067766,0.013198547603973656,-0.11488493201448854,0.934663684860141,0.12050654191474558,True,vol1_daily,True,0.2015096172215279,0.2015096172215279,True,0.0
matched_gbm,15,64,5.0,0.18,joint_es90,vol1_daily,daily,1.0,0.19856975836651886,True,0.1500170435615858,0.6519045805885669,0.12625077905741597,0.19841639182465134,0.18521784422067766,0.013198547603973656,-0.11488493201448854,0.934663684860141,0.12050654191474558,True,vol1_daily,True,0.2015096172215279,0.2015096172215279,True,0.0
matched_gbm,15,256,5.0,0.18,forecast_first,vol1_daily,daily,1.0,0.19856975836651886,True,0.19192118075596487,0.9082082012009536,0.12091404079223658,0.19841639182465134,0.18521784422067766,0.013198547603973656,-0.11488493201448854,0.934663684860141,0.12050654191474558,True,vol1_daily,True,0.2015096172215279,0.2015096172215279,True,0.0
matched_gbm,15,256,5.0,0.18,joint_mse,vol1_daily,daily,1.0,0.19856975836651886,True,0.19192118075596487,0.9082082012009536,0.12091404079223658,0.19841639182465134,0.18521784422067766,0.013198547603973656,-0.11488493201448854,0.934663684860141,0.12050654191474558,True,vol1_daily,True,0.2015096172215279,0.2015096172215279,True,0.0
matched_gbm,15,256,5.0,0.18,joint_es90,vol1.25_daily,daily,1.25,0.24821219795814858,True,0.22207817448395764,0.8600659407658193,0.11306479248903031,0.2224579179290706,0.20964110053287902,0.012816817396191584,-0.11321138368641019,0.8474333094392964,0.11323249044922196,True,vol1_daily,True,0.2015096172215279,0.22990320496214933,True,0.028393587740621423
matched_gbm,15,16,20.0,0.72,forecast_first,vol1_daily,daily,1.0,0.19856975836651886,True,0.3632836804320064,1.033690512622261,0.5054418805524151,0.4447490993631654,0.21778779670987877,0.22696130265328654,-0.4764045577587252,1.3983937441305585,0.4820261676589823,True,vol1_band05,True,0.40845092351368806,0.45668979253555875,True,0.04823886902187069
matched_gbm,15,16,20.0,0.72,joint_mse,vol1.25_daily,daily,1.25,0.24821219795814858,True,0.35377807166675557,0.8927138480990053,0.4742229151884513,0.42266961959276045,0.2175431886244827,0.20512643096827773,-0.4529088550340761,1.2373938118861196,0.4529299617968878,True,vol1_band05,True,0.40845092351368806,0.4362384041856706,True,0.027787480671982556
matched_gbm,15,16,20.0,0.72,joint_es90,vol1.25_daily,daily,1.25,0.24821219795814858,True,0.35377807166675557,0.8927138480990053,0.4742229151884513,0.42266961959276045,0.2175431886244827,0.20512643096827773,-0.4529088550340761,1.2373938118861196,0.4529299617968878,True,vol1_band05,True,0.40845092351368806,0.4362384041856706,True,0.027787480671982556
matched_gbm,15,64,20.0,0.72,forecast_first,vol1_band05,band05,1.0,0.19856975836651886,True,0.31921056188370517,1.107751301002958,0.3847553340718242,0.39632519499579066,0.2583656374986857,0.13795955749710506,-0.3714290746523555,1.3001290422579825,0.36969503954615596,True,vol1_band05,True,0.40845092351368806,0.40845092351368806,True,0.0
matched_gbm,15,64,20.0,0.72,joint_mse,vol1_band05,band05,1.0,0.19856975836651886,True,0.31921056188370517,1.107751301002958,0.3847553340718242,0.39632519499579066,0.2583656374986857,0.13795955749710506,-0.3714290746523555,1.3001290422579825,0.36969503954615596,True,vol1_band05,True,0.40845092351368806,0.40845092351368806,True,0.0
matched_gbm,15,64,20.0,0.72,joint_es90,vol1_daily,daily,1.0,0.19856975836651886,True,0.3260036410030517,1.05132003639345,0.5050031162296639,0.4447490993631654,0.21778779670987877,0.22696130265328654,-0.4764045577587252,1.3983937441305585,0.4820261676589823,True,vol1_band05,True,0.40845092351368806,0.45668979253555875,True,0.04823886902187069
matched_gbm,15,256,20.0,0.72,forecast_first,vol1_band05,band05,1.0,0.19856975836651886,True,0.3741203590564721,1.2372378579901886,0.3667342279433067,0.39632519499579066,0.2583656374986857,0.13795955749710506,-0.3714290746523555,1.3001290422579825,0.36969503954615596,True,vol1_band05,True,0.40845092351368806,0.40845092351368806,True,0.0
matched_gbm,15,256,20.0,0.72,joint_mse,vol1_band05,band05,1.0,0.19856975836651886,True,0.3741203590564721,1.2372378579901886,0.3667342279433067,0.39632519499579066,0.2583656374986857,0.13795955749710506,-0.3714290746523555,1.3001290422579825,0.36969503954615596,True,vol1_band05,True,0.40845092351368806,0.40845092351368806,True,0.0
matched_gbm,15,256,20.0,0.72,joint_es90,vol1_band05,band05,1.0,0.19856975836651886,True,0.3741203590564721,1.2372378579901886,0.3667342279433067,0.39632519499579066,0.2583656374986857,0.13795955749710506,-0.3714290746523555,1.3001290422579825,0.36969503954615596,True,vol1_band05,True,0.40845092351368806,0.40845092351368806,True,0.0
matched_gbm,16,16,5.0,0.18,forecast_first,vol1_daily,daily,1.0,0.22344193974511584,True,0.49668233374644344,1.5629374216701182,0.12803046600004775,0.20221538171737086,0.18489847497313172,0.017316906744239174,-0.13159371848321322,0.8861167562376329,0.11963530897847313,True,vol1_daily,True,0.20642350071705956,0.20642350071705956,True,0.0
matched_gbm,16,16,5.0,0.18,joint_mse,vol1_daily,daily,1.0,0.22344193974511584,True,0.49668233374644344,1.5629374216701182,0.12803046600004775,0.20221538171737086,0.18489847497313172,0.017316906744239174,-0.13159371848321322,0.8861167562376329,0.11963530897847313,True,vol1_daily,True,0.20642350071705956,0.20642350071705956,True,0.0
matched_gbm,16,16,5.0,0.18,joint_es90,vol1.25_daily,daily,1.25,0.27930242468139477,True,0.5101222040915211,1.2879338203133508,0.12046460800176875,0.26519020308639424,0.2497549382142264,0.015435264872167818,-0.12423874143023109,0.9110421655458887,0.11225053595341095,True,vol1_daily,True,0.20642350071705956,0.2714630939095928,True,0.06503959319253322
matched_gbm,16,64,5.0,0.18,forecast_first,vol1_daily,daily,1.0,0.22344193974511584,True,0.22957341734332953,1.0079733013677843,0.12077239677932776,0.20221538171737086,0.18489847497313172,0.017316906744239174,-0.13159371848321322,0.8861167562376329,0.11963530897847313,True,vol1_daily,True,0.20642350071705956,0.20642350071705956,True,0.0
matched_gbm,16,64,5.0,0.18,joint_mse,vol1_daily,daily,1.0,0.22344193974511584,True,0.22957341734332953,1.0079733013677843,0.12077239677932776,0.20221538171737086,0.18489847497313172,0.017316906744239174,-0.13159371848321322,0.8861167562376329,0.11963530897847313,True,vol1_daily,True,0.20642350071705956,0.20642350071705956,True,0.0
matched_gbm,16,64,5.0,0.18,joint_es90,vol1_daily,daily,1.0,0.22344193974511584,True,0.22957341734332953,1.0079733013677843,0.12077239677932776,0.20221538171737086,0.18489847497313172,0.017316906744239174,-0.13159371848321322,0.8861167562376329,0.11963530897847313,True,vol1_daily,True,0.20642350071705956,0.20642350071705956,True,0.0
matched_gbm,16,256,5.0,0.18,forecast_first,vol1_daily,daily,1.0,0.22344193974511584,True,0.21718358867470938,0.895217089772575,0.11962143989918654,0.20221538171737086,0.18489847497313172,0.017316906744239174,-0.13159371848321322,0.8861167562376329,0.11963530897847313,True,vol1_daily,True,0.20642350071705956,0.20642350071705956,True,0.0
matched_gbm,16,256,5.0,0.18,joint_mse,vol1_daily,daily,1.0,0.22344193974511584,True,0.21718358867470938,0.895217089772575,0.11962143989918654,0.20221538171737086,0.18489847497313172,0.017316906744239174,-0.13159371848321322,0.8861167562376329,0.11963530897847313,True,vol1_daily,True,0.20642350071705956,0.20642350071705956,True,0.0
matched_gbm,16,256,5.0,0.18,joint_es90,vol1_daily,daily,1.0,0.22344193974511584,True,0.21718358867470938,0.895217089772575,0.11962143989918654,0.20221538171737086,0.18489847497313172,0.017316906744239174,-0.13159371848321322,0.8861167562376329,0.11963530897847313,True,vol1_daily,True,0.20642350071705956,0.20642350071705956,True,0.0
matched_gbm,16,16,20.0,0.72,forecast_first,vol1_daily,daily,1.0,0.22344193974511584,True,0.9078504122721904,2.0972565903960776,0.512121864000191,0.4455942419771295,0.2050043398213252,0.24058990215580425,-0.49049964541863256,1.3292179432646392,0.4785412359138925,True,vol1_band05,True,0.4297535282134371,0.43555829607998275,True,0.005804767866545657
matched_gbm,16,16,20.0,0.72,joint_mse,vol1.25_daily,daily,1.25,0.27930242468139477,True,0.8554813895337201,1.765351117590994,0.481858432007075,0.4650621867261424,0.2525500845871984,0.21251210213894392,-0.4609903492904639,1.2704794768922218,0.4490021438136438,True,vol1_band05,True,0.4297535282134371,0.45804492950017733,True,0.028291401286740236
matched_gbm,16,16,20.0,0.72,joint_es90,vol1.25_daily,daily,1.25,0.27930242468139477,True,0.8554813895337201,1.765351117590994,0.481858432007075,0.4650621867261424,0.2525500845871984,0.21251210213894392,-0.4609903492904639,1.2704794768922218,0.4490021438136438,True,vol1_band05,True,0.4297535282134371,0.45804492950017733,True,0.028291401286740236
matched_gbm,16,64,20.0,0.72,forecast_first,vol1_band05,band05,1.0,0.22344193974511584,True,0.49954469358678655,1.4881029952602756,0.3711005240934697,0.42442567334749737,0.2837194327754044,0.14070624057209294,-0.3751083051227911,1.30103202518711,0.36562833404187056,True,vol1_band05,True,0.4297535282134371,0.4297535282134371,True,0.0
matched_gbm,16,64,20.0,0.72,joint_mse,vol1_band05,band05,1.0,0.22344193974511584,True,0.49954469358678655,1.4881029952602756,0.3711005240934697,0.42442567334749737,0.2837194327754044,0.14070624057209294,-0.3751083051227911,1.30103202518711,0.36562833404187056,True,vol1_band05,True,0.4297535282134371,0.4297535282134371,True,0.0
matched_gbm,16,64,20.0,0.72,joint_es90,vol1.25_daily,daily,1.25,0.27930242468139477,True,0.5300787167708964,1.4103498025427743,0.45595701386378246,0.4650621867261424,0.2525500845871984,0.21251210213894392,-0.4609903492904639,1.2704794768922218,0.4490021438136438,True,vol1_band05,True,0.4297535282134371,0.45804492950017733,True,0.028291401286740236
matched_gbm,16,256,20.0,0.72,forecast_first,vol1_band05,band05,1.0,0.22344193974511584,True,0.44973426264833505,1.3531271931167035,0.36586037023844303,0.42442567334749737,0.2837194327754044,0.14070624057209294,-0.3751083051227911,1.30103202518711,0.36562833404187056,True,vol1_band05,True,0.4297535282134371,0.4297535282134371,True,0.0
matched_gbm,16,256,20.0,0.72,joint_mse,vol1_band05,band05,1.0,0.22344193974511584,True,0.44973426264833505,1.3531271931167035,0.36586037023844303,0.42442567334749737,0.2837194327754044,0.14070624057209294,-0.3751083051227911,1.30103202518711,0.36562833404187056,True,vol1_band05,True,0.4297535282134371,0.4297535282134371,True,0.0
matched_gbm,16,256,20.0,0.72,joint_es90,vol1.25_daily,daily,1.25,0.27930242468139477,True,0.4873342349209146,1.2993547791123479,0.4492023400017447,0.4650621867261424,0.2525500845871984,0.21251210213894392,-0.4609903492904639,1.2704794768922218,0.4490021438136438,True,vol1_band05,True,0.4297535282134371,0.45804492950017733,True,0.028291401286740236
matched_gbm,17,16,5.0,0.18,forecast_first,vol1_daily,daily,1.0,0.19614375277657684,True,0.1893764734615521,0.8076607877887143,0.11292242048156487,0.1994715284337239,0.18517477228193255,0.014296756151791322,-0.11956904345101754,0.9543693460494769,0.12243007271311118,True,vol1_daily,True,0.20751008796223294,0.20751008796223294,True,0.0
matched_gbm,17,16,5.0,0.18,joint_mse,vol0.75_band05,band05,0.75,0.14710781458243263,True,0.1605184033619897,0.7312581676373227,0.09445465369004255,0.26212644503355936,0.2513452884912793,0.010781156542280046,-0.10383234824600687,1.1286047899796208,0.10294370535787108,True,vol1_daily,True,0.20751008796223294,0.27393121606420845,True,0.06642112810197551
matched_gbm,17,16,5.0,0.18,joint_es90,vol0.75_band10,band10,0.75,0.14710781458243263,True,0.19996098262833914,0.5479612777964191,0.08048832203358443,0.3311966824150122,0.3228713889464076,0.008325293468604658,-0.09124304613834776,1.1831998673392945,0.08755954905819956,True,vol1_daily,True,0.20751008796223294,0.33192700957949384,True,0.1244169216172609
matched_gbm,17,64,5.0,0.18,forecast_first,vol1_daily,daily,1.0,0.19614375277657684,True,0.2856418957206044,1.0498519119444396,0.12294904761839201,0.1994715284337239,0.18517477228193255,0.014296756151791322,-0.11956904345101754,0.9543693460494769,0.12243007271311118,True,vol1_daily,True,0.20751008796223294,0.20751008796223294,True,0.0
matched_gbm,17,64,5.0,0.18,joint_mse,vol1_daily,daily,1.0,0.19614375277657684,True,0.2856418957206044,1.0498519119444396,0.12294904761839201,0.1994715284337239,0.18517477228193255,0.014296756151791322,-0.11956904345101754,0.9543693460494769,0.12243007271311118,True,vol1_daily,True,0.20751008796223294,0.20751008796223294,True,0.0
matched_gbm,17,64,5.0,0.18,joint_es90,vol1.25_daily,daily,1.25,0.24517969097072104,True,0.3039389180103279,0.9237289829249398,0.11551604110540803,0.2227617502559901,0.21044095562359835,0.012320794632391765,-0.11099907491682877,0.8764794971508646,0.11488762189526638,True,vol1_daily,True,0.20751008796223294,0.22576379992965717,True,0.01825371196742423
matched_gbm,17,256,5.0,0.18,forecast_first,vol1_daily,daily,1.0,0.19614375277657684,True,0.20791406982470828,0.9629093401707175,0.1252432715599407,0.1994715284337239,0.18517477228193255,0.014296756151791322,-0.11956904345101754,0.9543693460494769,0.12243007271311118,True,vol1_daily,True,0.20751008796223294,0.20751008796223294,True,0.0
matched_gbm,17,256,5.0,0.18,joint_mse,vol1_daily,daily,1.0,0.19614375277657684,True,0.20791406982470828,0.9629093401707175,0.1252432715599407,0.1994715284337239,0.18517477228193255,0.014296756151791322,-0.11956904345101754,0.9543693460494769,0.12243007271311118,True,vol1_daily,True,0.20751008796223294,0.20751008796223294,True,0.0
matched_gbm,17,256,5.0,0.18,joint_es90,vol1.25_daily,daily,1.25,0.24517969097072104,True,0.23805689200567043,0.8846441039517057,0.11798661061585378,0.2227617502559901,0.21044095562359835,0.012320794632391765,-0.11099907491682877,0.8764794971508646,0.11488762189526638,True,vol1_daily,True,0.20751008796223294,0.22576379992965717,True,0.01825371196742423
matched_gbm,17,16,20.0,0.72,forecast_first,vol1_band05,band05,1.0,0.19614375277657684,True,0.2803614044430681,1.034547031444525,0.3471729728170122,0.39961776885091266,0.2595529692670986,0.14006479958381407,-0.37425232074606307,1.3131622266522847,0.3751692087080587,True,vol1_band05,True,0.40848013643093817,0.40848013643093817,True,0.0
matched_gbm,17,16,20.0,0.72,joint_mse,vol0.75_band05,band05,0.75,0.14710781458243263,True,0.2532147957423726,1.0706622254574005,0.3778186147601702,0.474944056850662,0.3046529220663916,0.1702911347842704,-0.41266346431962014,1.5417792422253394,0.4117748214314843,True,vol1_band05,True,0.40848013643093817,0.48965554905546377,True,0.0811754126245256
matched_gbm,17,16,20.0,0.72,joint_es90,vol0.75_band10,band10,0.75,0.14710781458243263,True,0.2533357971315576,0.888364941998527,0.3219532881343377,0.4810840873627398,0.3558235223652365,0.12526056499750332,-0.35392169331294643,1.507946413579403,0.3502381962327982,True,vol1_band05,True,0.40848013643093817,0.47968890850992896,True,0.07120877207899079
matched_gbm,17,64,20.0,0.72,forecast_first,vol1_band05,band05,1.0,0.19614375277657684,True,0.5248594888690435,1.4567561277589924,0.3778452897258941,0.39961776885091266,0.2595529692670986,0.14006479958381407,-0.37425232074606307,1.3131622266522847,0.3751692087080587,True,vol1_band05,True,0.40848013643093817,0.40848013643093817,True,0.0
matched_gbm,17,64,20.0,0.72,joint_mse,vol1.25_daily,daily,1.25,0.24517969097072104,True,0.5023810895275472,1.3064267914831602,0.4620641644216321,0.42729100081431215,0.2196631967005593,0.20762780411375284,-0.45566194060262794,1.2668509054531418,0.45955048758106554,True,vol1_band05,True,0.40848013643093817,0.43361282111930566,True,0.02513268468836749
matched_gbm,17,64,20.0,0.72,joint_es90,vol1.25_daily,daily,1.25,0.24517969097072104,True,0.5023810895275472,1.3064267914831602,0.4620641644216321,0.42729100081431215,0.2196631967005593,0.20762780411375284,-0.45566194060262794,1.2668509054531418,0.45955048758106554,True,vol1_band05,True,0.40848013643093817,0.43361282111930566,True,0.02513268468836749
matched_gbm,17,256,20.0,0.72,forecast_first,vol1_band05,band05,1.0,0.19614375277657684,True,0.43889325019749414,1.365321689766612,0.38770149537100196,0.39961776885091266,0.2595529692670986,0.14006479958381407,-0.37425232074606307,1.3131622266522847,0.3751692087080587,True,vol1_band05,True,0.40848013643093817,0.40848013643093817,True,0.0
matched_gbm,17,256,20.0,0.72,joint_mse,vol1_band05,band05,1.0,0.19614375277657684,True,0.43889325019749414,1.365321689766612,0.38770149537100196,0.39961776885091266,0.2595529692670986,0.14006479958381407,-0.37425232074606307,1.3131622266522847,0.3751692087080587,True,vol1_band05,True,0.40848013643093817,0.40848013643093817,True,0.0
matched_gbm,17,256,20.0,0.72,joint_es90,vol1.25_daily,daily,1.25,0.24517969097072104,True,0.44801887785819106,1.2852464158129329,0.4719464424634151,0.42729100081431215,0.2196631967005593,0.20762780411375284,-0.45566194060262794,1.2668509054531418,0.45955048758106554,True,vol1_band05,True,0.40848013643093817,0.43361282111930566,True,0.02513268468836749
matched_gbm,18,16,5.0,0.18,forecast_first,vol1_daily,daily,1.0,0.21667486084687657,True,0.22426909667160183,0.8955165164234878,0.12209459777777876,0.21725522367493888,0.19943448984497444,0.01782073382996445,-0.13349432133976505,0.9365462356012726,0.12015617811907253,True,vol1_daily,True,0.20156760249466565,0.20156760249466565,True,0.0
matched_gbm,18,16,5.0,0.18,joint_mse,vol0.75_band05,band05,0.75,0.16250614563515742,True,0.14567979048727533,0.782846341554118,0.10331228356629077,0.2653836137043026,0.25246586912435753,0.012917744579945113,-0.11365625622879329,1.1220751466739236,0.10058139954670492,True,vol1_daily,True,0.20156760249466565,0.2459385738131223,True,0.04437097131845666
matched_gbm,18,16,5.0,0.18,joint_es90,vol1_band05,band05,1.0,0.21667486084687657,True,0.2270617374023997,0.7000358812396211,0.09595666269330536,0.2962324859732851,0.2854178163286495,0.010814669644635632,-0.10399360386406287,1.0370042750854565,0.09178896992994201,True,vol1_daily,True,0.20156760249466565,0.2782790685977672,True,0.07671146610310153
matched_gbm,18,64,5.0,0.18,forecast_first,vol1_daily,daily,1.0,0.21667486084687657,True,0.21636986477235898,0.9535467971488728,0.11396733666995448,0.21725522367493888,0.19943448984497444,0.01782073382996445,-0.13349432133976505,0.9365462356012726,0.12015617811907253,True,vol1_daily,True,0.20156760249466565,0.20156760249466565,True,0.0
matched_gbm,18,64,5.0,0.18,joint_mse,vol0.75_band05,band05,0.75,0.16250614563515742,True,0.2101235928174757,0.8499721491549631,0.09440304365659624,0.2653836137043026,0.25246586912435753,0.012917744579945113,-0.11365625622879329,1.1220751466739236,0.10058139954670492,True,vol1_daily,True,0.20156760249466565,0.2459385738131223,True,0.04437097131845666
matched_gbm,18,64,5.0,0.18,joint_es90,vol1_band05,band05,1.0,0.21667486084687657,True,0.2291062385986149,0.7774291239680764,0.08760313693149607,0.2962324859732851,0.2854178163286495,0.010814669644635632,-0.10399360386406287,1.0370042750854565,0.09178896992994201,True,vol1_daily,True,0.20156760249466565,0.2782790685977672,True,0.07671146610310153
matched_gbm,18,256,5.0,0.18,forecast_first,vol1_daily,daily,1.0,0.21667486084687657,True,0.23881864068017444,1.0061521089881644,0.12405860142608927,0.21725522367493888,0.19943448984497444,0.01782073382996445,-0.13349432133976505,0.9365462356012726,0.12015617811907253,True,vol1_daily,True,0.20156760249466565,0.20156760249466565,True,0.0
matched_gbm,18,256,5.0,0.18,joint_mse,vol1_daily,daily,1.0,0.21667486084687657,True,0.23881864068017444,1.0061521089881644,0.12405860142608927,0.21725522367493888,0.19943448984497444,0.01782073382996445,-0.13349432133976505,0.9365462356012726,0.12015617811907253,True,vol1_daily,True,0.20156760249466565,0.20156760249466565,True,0.0
matched_gbm,18,256,5.0,0.18,joint_es90,vol1.25_daily,daily,1.25,0.2708435760585957,True,0.2691528217040795,0.9410406803753253,0.11611628163026044,0.27190925852434783,0.25646490351413886,0.015444355010208972,-0.1242753193929067,0.9407264749714725,0.11276217645297147,True,vol1_daily,True,0.20156760249466565,0.2586294835750405,True,0.057061881080374854
matched_gbm,18,16,20.0,0.72,forecast_first,vol1_band05,band05,1.0,0.21667486084687657,True,0.4600702839595549,1.0113587056135556,0.3838266507732214,0.4482066005965474,0.304292201276805,0.14391439931974243,-0.3793605136538889,1.3585544350853918,0.36715587971976804,True,vol1_band05,True,0.41653570027409925,0.41653570027409925,True,0.0
matched_gbm,18,16,20.0,0.72,joint_mse,vol0.75_band10,band10,0.75,0.16250614563515742,True,0.3492084233490747,0.987872901540243,0.359046443537671,0.5003501144862343,0.3787646024493291,0.12158551203690528,-0.34869114132266865,1.523314563043081,0.3425770899410116,True,vol1_band05,True,0.41653570027409925,0.4729574977401028,True,0.056421797466003565
matched_gbm,18,16,20.0,0.72,joint_es90,vol0.75_band10,band10,0.75,0.16250614563515742,True,0.3492084233490747,0.987872901540243,0.359046443537671,0.5003501144862343,0.3787646024493291,0.12158551203690528,-0.34869114132266865,1.523314563043081,0.3425770899410116,True,vol1_band05,True,0.41653570027409925,0.4729574977401028,True,0.056421797466003565
matched_gbm,18,64,20.0,0.72,forecast_first,vol1_band05,band05,1.0,0.21667486084687657,True,0.3496772015880354,1.0814818039615133,0.3504125477259843,0.4482066005965474,0.304292201276805,0.14391439931974243,-0.3793605136538889,1.3585544350853918,0.36715587971976804,True,vol1_band05,True,0.41653570027409925,0.41653570027409925,True,0.0
matched_gbm,18,64,20.0,0.72,joint_mse,vol0.75_band10,band10,0.75,0.16250614563515742,True,0.3276195777847965,1.1042605212362488,0.32531610787863885,0.5003501144862343,0.3787646024493291,0.12158551203690528,-0.34869114132266865,1.523314563043081,0.3425770899410116,True,vol1_band05,True,0.41653570027409925,0.4729574977401028,True,0.056421797466003565
matched_gbm,18,64,20.0,0.72,joint_es90,vol1_band05,band05,1.0,0.21667486084687657,True,0.3496772015880354,1.0814818039615133,0.3504125477259843,0.4482066005965474,0.304292201276805,0.14391439931974243,-0.3793605136538889,1.3585544350853918,0.36715587971976804,True,vol1_band05,True,0.41653570027409925,0.41653570027409925,True,0.0
matched_gbm,18,256,20.0,0.72,forecast_first,vol1_band05,band05,1.0,0.21667486084687657,True,0.4218163075363669,1.3276374265077482,0.3779785880295849,0.4482066005965474,0.304292201276805,0.14391439931974243,-0.3793605136538889,1.3585544350853918,0.36715587971976804,True,vol1_band05,True,0.41653570027409925,0.41653570027409925,True,0.0
matched_gbm,18,256,20.0,0.72,joint_mse,vol1_band05,band05,1.0,0.21667486084687657,True,0.4218163075363669,1.3276374265077482,0.3779785880295849,0.4482066005965474,0.304292201276805,0.14391439931974243,-0.3793605136538889,1.3585544350853918,0.36715587971976804,True,vol1_band05,True,0.41653570027409925,0.41653570027409925,True,0.0
matched_gbm,18,256,20.0,0.72,joint_es90,vol1.25_daily,daily,1.25,0.2708435760585957,True,0.48122878822592363,1.3250022622997293,0.46446512652104177,0.47588179070185166,0.26191832678114907,0.21396346392070256,-0.46256184875182105,1.2991088909733624,0.4510487058118859,True,vol1_band05,True,0.41653570027409925,0.4467476526513779,True,0.03021195237727864
matched_gbm,19,16,5.0,0.18,forecast_first,vol1_daily,daily,1.0,0.22498840994727287,True,0.19054149360878062,0.9206589368393735,0.11413110495756165,0.21440517516052482,0.19895796102841493,0.01544721413210989,-0.12428682203721314,0.9075924594039955,0.11789209377241305,True,vol1_daily,True,0.20629573746065144,0.20629573746065144,True,0.0
matched_gbm,19,16,5.0,0.18,joint_mse,vol0.75_band05,band05,0.75,0.16874130746045465,True,0.16333154524836296,0.8634470116402763,0.09332401019295272,0.25437057674169644,0.24325902326660237,0.011111553475094103,-0.10541135363467306,1.070357552415856,0.09869293789620422,True,vol1_daily,True,0.20629573746065144,0.24414971607835712,True,0.037853978617705675
matched_gbm,19,16,5.0,0.18,joint_es90,vol0.75_daily,daily,0.75,0.16874130746045465,True,0.17405648716052116,0.8631664279540651,0.12075214375159843,0.24843783148028636,0.23021267089195258,0.01822516058833379,-0.13500059477029644,1.1364854887680014,0.1277035481046992,True,vol1_daily,True,0.20629573746065144,0.2282144131551952,True,0.021918675694543754
matched_gbm,19,64,5.0,0.18,forecast_first,vol1_daily,daily,1.0,0.22498840994727287,True,0.22449171410899368,1.011306529906885,0.11839198399313335,0.21440517516052482,0.19895796102841493,0.01544721413210989,-0.12428682203721314,0.9075924594039955,0.11789209377241305,True,vol1_daily,True,0.20629573746065144,0.20629573746065144,True,0.0
matched_gbm,19,64,5.0,0.18,joint_mse,vol1_daily,daily,1.0,0.22498840994727287,True,0.22449171410899368,1.011306529906885,0.11839198399313335,0.21440517516052482,0.19895796102841493,0.01544721413210989,-0.12428682203721314,0.9075924594039955,0.11789209377241305,True,vol1_daily,True,0.20629573746065144,0.20629573746065144,True,0.0
matched_gbm,19,64,5.0,0.18,joint_es90,vol1.25_daily,daily,1.25,0.28123551243409106,True,0.2644662167162424,0.9570741888874735,0.11172041176601741,0.2769737384833278,0.26331752780334416,0.013656210679983617,-0.11685979068945664,0.9362588743094146,0.11044990806643844,True,vol1_daily,True,0.20629573746065144,0.27525348070700606,True,0.06895774324635462
matched_gbm,19,256,5.0,0.18,forecast_first,vol1_daily,daily,1.0,0.22498840994727287,True,0.2109206189550014,0.9304822995078015,0.11931033097348831,0.21440517516052482,0.19895796102841493,0.01544721413210989,-0.12428682203721314,0.9075924594039955,0.11789209377241305,True,vol1_daily,True,0.20629573746065144,0.20629573746065144,True,0.0
matched_gbm,19,256,5.0,0.18,joint_mse,vol1_daily,daily,1.0,0.22498840994727287,True,0.2109206189550014,0.9304822995078015,0.11931033097348831,0.21440517516052482,0.19895796102841493,0.01544721413210989,-0.12428682203721314,0.9075924594039955,0.11789209377241305,True,vol1_daily,True,0.20629573746065144,0.20629573746065144,True,0.0
matched_gbm,19,256,5.0,0.18,joint_es90,vol1.25_daily,daily,1.25,0.28123551243409106,True,0.26506118716405913,0.9098434527070031,0.11202792780010007,0.2769737384833278,0.26331752780334416,0.013656210679983617,-0.11685979068945664,0.9362588743094146,0.11044990806643844,True,vol1_daily,True,0.20629573746065144,0.27525348070700606,True,0.06895774324635462
matched_gbm,19,16,20.0,0.72,forecast_first,vol1_band05,band05,1.0,0.22498840994727287,True,0.3752171378316207,1.2819531418267336,0.3486727458471766,0.43680675568717886,0.3029729753969159,0.13383378029026297,-0.3658329950814483,1.3160349023397009,0.3596648865028068,True,vol0.75_band05,True,0.42510045979751465,0.42808632858493384,True,0.002985868787419188
matched_gbm,19,16,20.0,0.72,joint_mse,vol0.75_band05,band05,0.75,0.16874130746045465,True,0.31984773364274155,1.1848242394813389,0.3732960407718109,0.440229606553119,0.279035252095839,0.16119435445727995,-0.4014901673232857,1.45481242249596,0.39477175158481687,True,vol0.75_band05,True,0.42510045979751465,0.42510045979751465,True,0.0
matched_gbm,19,16,20.0,0.72,joint_es90,vol0.75_band05,band05,0.75,0.16874130746045465,True,0.31984773364274155,1.1848242394813389,0.3732960407718109,0.440229606553119,0.279035252095839,0.16119435445727995,-0.4014901673232857,1.45481242249596,0.39477175158481687,True,vol0.75_band05,True,0.42510045979751465,0.42510045979751465,True,0.0
matched_gbm,19,64,20.0,0.72,forecast_first,vol1_band05,band05,1.0,0.22498840994727287,True,0.5376440516602796,1.441948367839549,0.3666617504583227,0.43680675568717886,0.3029729753969159,0.13383378029026297,-0.3658329950814483,1.3160349023397009,0.3596648865028068,True,vol0.75_band05,True,0.42510045979751465,0.42808632858493384,True,0.002985868787419188
matched_gbm,19,64,20.0,0.72,joint_mse,vol1_band05,band05,1.0,0.22498840994727287,True,0.5376440516602796,1.441948367839549,0.3666617504583227,0.43680675568717886,0.3029729753969159,0.13383378029026297,-0.3658329950814483,1.3160349023397009,0.3596648865028068,True,vol0.75_band05,True,0.42510045979751465,0.42808632858493384,True,0.002985868787419188
matched_gbm,19,64,20.0,0.72,joint_es90,vol1.25_daily,daily,1.25,0.28123551243409106,True,0.5762800336679275,1.2615239528447715,0.44688164706406963,0.4644664783634148,0.2635747091265866,0.2008917692368283,-0.448209514888772,1.284698883590335,0.44179963226575375,True,vol0.75_band05,True,0.42510045979751465,0.45722706088528864,True,0.03212660108777399
matched_gbm,19,256,20.0,0.72,forecast_first,vol1_band05,band05,1.0,0.22498840994727287,True,0.4625480381654228,1.3051458899950807,0.3656967539668724,0.43680675568717886,0.3029729753969159,0.13383378029026297,-0.3658329950814483,1.3160349023397009,0.3596648865028068,True,vol0.75_band05,True,0.42510045979751465,0.42808632858493384,True,0.002985868787419188
matched_gbm,19,256,20.0,0.72,joint_mse,vol1_band05,band05,1.0,0.22498840994727287,True,0.4625480381654228,1.3051458899950807,0.3656967539668724,0.43680675568717886,0.3029729753969159,0.13383378029026297,-0.3658329950814483,1.3160349023397009,0.3596648865028068,True,vol0.75_band05,True,0.42510045979751465,0.42808632858493384,True,0.002985868787419188
matched_gbm,19,256,20.0,0.72,joint_es90,vol1.25_daily,daily,1.25,0.28123551243409106,True,0.5101919383131717,1.262627837962885,0.4481117112004003,0.4644664783634148,0.2635747091265866,0.2008917692368283,-0.448209514888772,1.284698883590335,0.44179963226575375,True,vol0.75_band05,True,0.42510045979751465,0.45722706088528864,True,0.03212660108777399
matched_gbm,20,16,5.0,0.18,forecast_first,vol1_daily,daily,1.0,0.1913494676058493,True,0.17309597858488562,0.8196464272342249,0.14022835592906335,0.20014664382999497,0.1875372024648736,0.012609441365121385,-0.11229176891082171,0.972422598630444,0.12308472711591473,True,vol1_daily,True,0.20101829169945895,0.20101829169945895,True,0.0
matched_gbm,20,16,5.0,0.18,joint_mse,vol1_daily,daily,1.0,0.1913494676058493,True,0.17309597858488562,0.8196464272342249,0.14022835592906335,0.20014664382999497,0.1875372024648736,0.012609441365121385,-0.11229176891082171,0.972422598630444,0.12308472711591473,True,vol1_daily,True,0.20101829169945895,0.20101829169945895,True,0.0
matched_gbm,20,16,5.0,0.18,joint_es90,vol1.25_daily,daily,1.25,0.23918683450731165,True,0.2048686512037719,0.75034591514575,0.13102950933372365,0.21181638016095267,0.2014690023753823,0.010347377785570372,-0.10172206144966967,0.8541681250578856,0.11555240184680841,True,vol1_daily,True,0.20101829169945895,0.21628636118509015,True,0.015268069485631197
matched_gbm,20,64,5.0,0.18,forecast_first,vol1_daily,daily,1.0,0.1913494676058493,True,0.15500073988457558,0.8565555628166659,0.12847123158848345,0.20014664382999497,0.1875372024648736,0.012609441365121385,-0.11229176891082171,0.972422598630444,0.12308472711591473,True,vol1_daily,True,0.20101829169945895,0.20101829169945895,True,0.0
matched_gbm,20,64,5.0,0.18,joint_mse,vol1_daily,daily,1.0,0.1913494676058493,True,0.15500073988457558,0.8565555628166659,0.12847123158848345,0.20014664382999497,0.1875372024648736,0.012609441365121385,-0.11229176891082171,0.972422598630444,0.12308472711591473,True,vol1_daily,True,0.20101829169945895,0.20101829169945895,True,0.0
matched_gbm,20,64,5.0,0.18,joint_es90,vol1_daily,daily,1.0,0.1913494676058493,True,0.15500073988457558,0.8565555628166659,0.12847123158848345,0.20014664382999497,0.1875372024648736,0.012609441365121385,-0.11229176891082171,0.972422598630444,0.12308472711591473,True,vol1_daily,True,0.20101829169945895,0.20101829169945895,True,0.0
matched_gbm,20,256,5.0,0.18,forecast_first,vol1_daily,daily,1.0,0.1913494676058493,True,0.17887485820376686,0.8753894571811184,0.12833691095687447,0.20014664382999497,0.1875372024648736,0.012609441365121385,-0.11229176891082171,0.972422598630444,0.12308472711591473,True,vol1_daily,True,0.20101829169945895,0.20101829169945895,True,0.0
matched_gbm,20,256,5.0,0.18,joint_mse,vol1_daily,daily,1.0,0.1913494676058493,True,0.17887485820376686,0.8753894571811184,0.12833691095687447,0.20014664382999497,0.1875372024648736,0.012609441365121385,-0.11229176891082171,0.972422598630444,0.12308472711591473,True,vol1_daily,True,0.20101829169945895,0.20101829169945895,True,0.0
matched_gbm,20,256,5.0,0.18,joint_es90,vol1.25_daily,daily,1.25,0.23918683450731165,True,0.20237843844504155,0.8165747240175606,0.11968667318447768,0.21181638016095267,0.2014690023753823,0.010347377785570372,-0.10172206144966967,0.8541681250578856,0.11555240184680841,True,vol1_daily,True,0.20101829169945895,0.21628636118509015,True,0.015268069485631197
matched_gbm,20,16,20.0,0.72,forecast_first,vol1_band05,band05,1.0,0.1913494676058493,True,0.4318881140917106,1.3001955465583057,0.43495928066092193,0.4019610683450734,0.2675263415059804,0.13443472683909302,-0.3666534151471837,1.3420941599650549,0.3780174444403558,True,vol1_band05,True,0.3981099348970901,0.3981099348970901,True,0.0
matched_gbm,20,16,20.0,0.72,joint_mse,vol1_band05,band05,1.0,0.1913494676058493,True,0.4318881140917106,1.3001955465583057,0.43495928066092193,0.4019610683450734,0.2675263415059804,0.13443472683909302,-0.3666534151471837,1.3420941599650549,0.3780174444403558,True,vol1_band05,True,0.3981099348970901,0.3981099348970901,True,0.0
matched_gbm,20,16,20.0,0.72,joint_es90,vol1.25_daily,daily,1.25,0.23918683450731165,True,0.45827045889294143,1.1733408068594688,0.5241180373348946,0.41503497525388355,0.21399100818730873,0.2010439670665748,-0.4483792669900949,1.2670133686288811,0.46220960738723366,True,vol1_band05,True,0.3981099348970901,0.423338172974705,True,0.025228238077614873
matched_gbm,20,64,20.0,0.72,forecast_first,vol1_band05,band05,1.0,0.1913494676058493,True,0.3946403507700298,1.359128122337186,0.39523931047869565,0.4019610683450734,0.2675263415059804,0.13443472683909302,-0.3666534151471837,1.3420941599650549,0.3780174444403558,True,vol1_band05,True,0.3981099348970901,0.3981099348970901,True,0.0
matched_gbm,20,64,20.0,0.72,joint_mse,vol1_band05,band05,1.0,0.1913494676058493,True,0.3946403507700298,1.359128122337186,0.39523931047869565,0.4019610683450734,0.2675263415059804,0.13443472683909302,-0.3666534151471837,1.3420941599650549,0.3780174444403558,True,vol1_band05,True,0.3981099348970901,0.3981099348970901,True,0.0
matched_gbm,20,64,20.0,0.72,joint_es90,vol1.25_daily,daily,1.25,0.23918683450731165,True,0.39827753620761347,1.2957655444289735,0.48281075653595784,0.41503497525388355,0.21399100818730873,0.2010439670665748,-0.4483792669900949,1.2670133686288811,0.46220960738723366,True,vol1_band05,True,0.3981099348970901,0.423338172974705,True,0.025228238077614873
matched_gbm,20,256,20.0,0.72,forecast_first,vol1_band05,band05,1.0,0.1913494676058493,True,0.36767370662247695,1.2487292099161105,0.3930314355465386,0.4019610683450734,0.2675263415059804,0.13443472683909302,-0.3666534151471837,1.3420941599650549,0.3780174444403558,True,vol1_band05,True,0.3981099348970901,0.3981099348970901,True,0.0
matched_gbm,20,256,20.0,0.72,joint_mse,vol1_band05,band05,1.0,0.1913494676058493,True,0.36767370662247695,1.2487292099161105,0.3930314355465386,0.4019610683450734,0.2675263415059804,0.13443472683909302,-0.3666534151471837,1.3420941599650549,0.3780174444403558,True,vol1_band05,True,0.3981099348970901,0.3981099348970901,True,0.0
matched_gbm,20,256,20.0,0.72,joint_es90,vol1.25_daily,daily,1.25,0.23918683450731165,True,0.3906224114425612,1.1982878306844096,0.4787466927379107,0.41503497525388355,0.21399100818730873,0.2010439670665748,-0.4483792669900949,1.2670133686288811,0.46220960738723366,True,vol1_band05,True,0.3981099348970901,0.423338172974705,True,0.025228238077614873
matched_gbm,21,16,5.0,0.18,forecast_first,vol1.25_daily,daily,1.25,0.22132876938322413,True,0.1155731855294426,0.6693569043967769,0.11350524019531524,0.2053677583929492,0.19402577067337673,0.011341987719572476,-0.10649876862937184,0.8751986261749893,0.11876832514790031,True,vol1.25_daily,True,0.2084428379079425,0.2084428379079425,True,0.0
matched_gbm,21,16,5.0,0.18,joint_mse,vol1_daily,daily,1.0,0.1770630155065793,True,0.10203247515266473,0.6129020725166854,0.12247134586563502,0.22013036904778233,0.20544084784459365,0.014689521203188689,-0.12120033499619004,1.045164595311,0.12672573685065194,True,vol1.25_daily,True,0.2084428379079425,0.22295231536664495,True,0.014509477458702458
matched_gbm,21,16,5.0,0.18,joint_es90,vol1_daily,daily,1.0,0.1770630155065793,True,0.10203247515266473,0.6129020725166854,0.12247134586563502,0.22013036904778233,0.20544084784459365,0.014689521203188689,-0.12120033499619004,1.045164595311,0.12672573685065194,True,vol1.25_daily,True,0.2084428379079425,0.22295231536664495,True,0.014509477458702458
matched_gbm,21,64,5.0,0.18,forecast_first,vol1.25_daily,daily,1.25,0.22132876938322413,True,0.19574810543348542,0.9716321977409783,0.11622867942866444,0.2053677583929492,0.19402577067337673,0.011341987719572476,-0.10649876862937184,0.8751986261749893,0.11876832514790031,True,vol1.25_daily,True,0.2084428379079425,0.2084428379079425,True,0.0
matched_gbm,21,64,5.0,0.18,joint_mse,vol1.25_daily,daily,1.25,0.22132876938322413,True,0.19574810543348542,0.9716321977409783,0.11622867942866444,0.2053677583929492,0.19402577067337673,0.011341987719572476,-0.10649876862937184,0.8751986261749893,0.11876832514790031,True,vol1.25_daily,True,0.2084428379079425,0.2084428379079425,True,0.0
matched_gbm,21,64,5.0,0.18,joint_es90,vol1.25_daily,daily,1.25,0.22132876938322413,True,0.19574810543348542,0.9716321977409783,0.11622867942866444,0.2053677583929492,0.19402577067337673,0.011341987719572476,-0.10649876862937184,0.8751986261749893,0.11876832514790031,True,vol1.25_daily,True,0.2084428379079425,0.2084428379079425,True,0.0
matched_gbm,21,256,5.0,0.18,forecast_first,vol1.25_daily,daily,1.25,0.22132876938322413,True,0.18535351908603268,0.8685345964859417,0.11803667235822146,0.2053677583929492,0.19402577067337673,0.011341987719572476,-0.10649876862937184,0.8751986261749893,0.11876832514790031,True,vol1.25_daily,True,0.2084428379079425,0.2084428379079425,True,0.0
matched_gbm,21,256,5.0,0.18,joint_mse,vol1.25_daily,daily,1.25,0.22132876938322413,True,0.18535351908603268,0.8685345964859417,0.11803667235822146,0.2053677583929492,0.19402577067337673,0.011341987719572476,-0.10649876862937184,0.8751986261749893,0.11876832514790031,True,vol1.25_daily,True,0.2084428379079425,0.2084428379079425,True,0.0
matched_gbm,21,256,5.0,0.18,joint_es90,vol1.25_daily,daily,1.25,0.22132876938322413,True,0.18535351908603268,0.8685345964859417,0.11803667235822146,0.2053677583929492,0.19402577067337673,0.011341987719572476,-0.10649876862937184,0.8751986261749893,0.11876832514790031,True,vol1.25_daily,True,0.2084428379079425,0.2084428379079425,True,0.0
matched_gbm,21,16,20.0,0.72,forecast_first,vol1.25_daily,daily,1.25,0.22132876938322413,True,0.2609307213383623,1.0565298989470717,0.454020960781261,0.4247021419645969,0.21051483643654256,0.21418730552805426,-0.4628037440730728,1.3069939024844885,0.47507330059160124,True,vol1_band05,True,0.4199890457728983,0.43718134027141525,True,0.017192294498516947
matched_gbm,21,16,20.0,0.72,joint_mse,vol1.25_daily,daily,1.25,0.22132876938322413,True,0.2609307213383623,1.0565298989470717,0.454020960781261,0.4247021419645969,0.21051483643654256,0.21418730552805426,-0.4628037440730728,1.3069939024844885,0.47507330059160124,True,vol1_band05,True,0.4199890457728983,0.43718134027141525,True,0.017192294498516947
matched_gbm,21,16,20.0,0.72,joint_es90,vol1_band05,band05,1.0,0.1770630155065793,True,0.27449171309817844,1.0152797085631708,0.3728637941707897,0.41845854482709444,0.27085967047908344,0.14759887434801092,-0.3841859892656302,1.3728585975360197,0.3900498744013772,True,vol1_band05,True,0.4199890457728983,0.4199890457728983,True,0.0
matched_gbm,21,64,20.0,0.72,forecast_first,vol1.25_band05,band05,1.25,0.22132876938322413,True,0.4443487526958283,1.3240340961697374,0.35138269386205995,0.42132880455916943,0.29923546924309885,0.1220933353160705,-0.34941856750331757,1.2883848527440065,0.36185693925302076,True,vol1_band05,True,0.4199890457728983,0.4249752704950631,True,0.0049862247221648115
matched_gbm,21,64,20.0,0.72,joint_mse,vol1.25_band05,band05,1.25,0.22132876938322413,True,0.4443487526958283,1.3240340961697374,0.35138269386205995,0.42132880455916943,0.29923546924309885,0.1220933353160705,-0.34941856750331757,1.2883848527440065,0.36185693925302076,True,vol1_band05,True,0.4199890457728983,0.4249752704950631,True,0.0049862247221648115
matched_gbm,21,64,20.0,0.72,joint_es90,vol1.25_band05,band05,1.25,0.22132876938322413,True,0.4443487526958283,1.3240340961697374,0.35138269386205995,0.42132880455916943,0.29923546924309885,0.1220933353160705,-0.34941856750331757,1.2883848527440065,0.36185693925302076,True,vol1_band05,True,0.4199890457728983,0.4249752704950631,True,0.0049862247221648115
matched_gbm,21,256,20.0,0.72,forecast_first,vol1.25_daily,daily,1.25,0.22132876938322413,True,0.401576444846245,1.291942291726978,0.47214668943288585,0.4247021419645969,0.21051483643654256,0.21418730552805426,-0.4628037440730728,1.3069939024844885,0.47507330059160124,True,vol1_band05,True,0.4199890457728983,0.43718134027141525,True,0.017192294498516947
matched_gbm,21,256,20.0,0.72,joint_mse,vol1.25_daily,daily,1.25,0.22132876938322413,True,0.401576444846245,1.291942291726978,0.47214668943288585,0.4247021419645969,0.21051483643654256,0.21418730552805426,-0.4628037440730728,1.3069939024844885,0.47507330059160124,True,vol1_band05,True,0.4199890457728983,0.43718134027141525,True,0.017192294498516947
matched_gbm,21,256,20.0,0.72,joint_es90,vol1.25_daily,daily,1.25,0.22132876938322413,True,0.401576444846245,1.291942291726978,0.47214668943288585,0.4247021419645969,0.21051483643654256,0.21418730552805426,-0.4628037440730728,1.3069939024844885,0.47507330059160124,True,vol1_band05,True,0.4199890457728983,0.43718134027141525,True,0.017192294498516947
matched_gbm,22,16,5.0,0.18,forecast_first,vol1_every5,every5,1.0,0.21399159724973663,True,0.5654863044528564,1.133278621817356,0.08112750271540593,0.7743709770300004,0.7628410609853561,0.011529916044644222,-0.10737744662937475,1.777389349109841,0.0856834662120772,True,vol1_daily,True,0.20430146218015294,0.783856853539241,True,0.5795553913590881
matched_gbm,22,16,5.0,0.18,joint_mse,vol0.75_every5,every5,0.75,0.16049369793730248,True,0.38472940548848855,0.8756699922713026,0.08359352197613834,0.8118650331453956,0.7993407823572131,0.012524250788182622,-0.11191179914639306,1.9483328450682809,0.08919386252856662,True,vol1_daily,True,0.20430146218015294,0.820394761736571,True,0.6160932995564181
matched_gbm,22,16,5.0,0.18,joint_es90,vol0.75_every5,every5,0.75,0.16049369793730248,True,0.38472940548848855,0.8756699922713026,0.08359352197613834,0.8118650331453956,0.7993407823572131,0.012524250788182622,-0.11191179914639306,1.9483328450682809,0.08919386252856662,True,vol1_daily,True,0.20430146218015294,0.820394761736571,True,0.6160932995564181
matched_gbm,22,64,5.0,0.18,forecast_first,vol1_daily,daily,1.0,0.21399159724973663,True,0.33217632110963713,1.2748694752275092,0.12094392039585278,0.20582713707498185,0.19057014268527328,0.015256994389708546,-0.12351920656201021,0.9257022251371108,0.12050813829635668,True,vol1_daily,True,0.20430146218015294,0.20430146218015294,True,0.0
matched_gbm,22,64,5.0,0.18,joint_mse,vol1_daily,daily,1.0,0.21399159724973663,True,0.33217632110963713,1.2748694752275092,0.12094392039585278,0.20582713707498185,0.19057014268527328,0.015256994389708546,-0.12351920656201021,0.9257022251371108,0.12050813829635668,True,vol1_daily,True,0.20430146218015294,0.20430146218015294,True,0.0
matched_gbm,22,64,5.0,0.18,joint_es90,vol1.25_daily,daily,1.25,0.2674894965621708,True,0.3430347662662293,1.1021377987484469,0.11306113726422862,0.25071951694155914,0.23686096244239446,0.013858554499164701,-0.11772236193334171,0.9042594585857499,0.11300081649422099,True,vol1_daily,True,0.20430146218015294,0.25594100604388453,True,0.051639543863731596
matched_gbm,22,256,5.0,0.18,forecast_first,vol1_daily,daily,1.0,0.21399159724973663,True,0.25399687344546784,1.0334108475218373,0.12036020358325877,0.20582713707498185,0.19057014268527328,0.015256994389708546,-0.12351920656201021,0.9257022251371108,0.12050813829635668,True,vol1_daily,True,0.20430146218015294,0.20430146218015294,True,0.0
matched_gbm,22,256,5.0,0.18,joint_mse,vol1_daily,daily,1.0,0.21399159724973663,True,0.25399687344546784,1.0334108475218373,0.12036020358325877,0.20582713707498185,0.19057014268527328,0.015256994389708546,-0.12351920656201021,0.9257022251371108,0.12050813829635668,True,vol1_daily,True,0.20430146218015294,0.20430146218015294,True,0.0
matched_gbm,22,256,5.0,0.18,joint_es90,vol1.25_daily,daily,1.25,0.2674894965621708,True,0.299948716006597,0.986794684401706,0.11243052271386061,0.25071951694155914,0.23686096244239446,0.013858554499164701,-0.11772236193334171,0.9042594585857499,0.11300081649422099,True,vol1_daily,True,0.20430146218015294,0.25594100604388453,True,0.051639543863731596
matched_gbm,22,16,20.0,0.72,forecast_first,vol1_every5,every5,1.0,0.21399159724973663,True,0.5776767690338017,1.310513877892122,0.32451001086162373,0.9355267784410801,0.8027191240361473,0.13280765440493272,-0.36442784526560634,2.0867064545942147,0.3427338648483088,True,vol1_band05,True,0.41844313360192353,0.92763364333878,True,0.5091905097368564
matched_gbm,22,16,20.0,0.72,joint_mse,vol0.75_every5,every5,0.75,0.16049369793730248,True,0.3701104049118559,1.1178390323756229,0.33437408790455336,0.997688174205714,0.8536729436323203,0.1440152305733938,-0.3794933867320929,2.284513168963684,0.3567754501142665,True,vol1_band05,True,0.41844313360192353,0.9884010091847015,True,0.569957875582778
matched_gbm,22,16,20.0,0.72,joint_es90,vol0.75_every5,every5,0.75,0.16049369793730248,True,0.3701104049118559,1.1178390323756229,0.33437408790455336,0.997688174205714,0.8536729436323203,0.1440152305733938,-0.3794933867320929,2.284513168963684,0.3567754501142665,True,vol1_band05,True,0.41844313360192353,0.9884010091847015,True,0.569957875582778
matched_gbm,22,64,20.0,0.72,forecast_first,vol1_band05,band05,1.0,0.21399159724973663,True,0.6516429308731289,1.7111269512845044,0.37107346292518617,0.4350276475424696,0.2891261377951193,0.14590150974735028,-0.38197056136219487,1.3474811671079399,0.36995297098806434,True,vol1_band05,True,0.41844313360192353,0.41844313360192353,True,0.0
matched_gbm,22,64,20.0,0.72,joint_mse,vol1.25_daily,daily,1.25,0.2674894965621708,True,0.6123423564224444,1.488965002762409,0.45224454905691447,0.4515163609523478,0.24291880758936282,0.208597553362985,-0.45672481141600463,1.2654142826365151,0.45200326597688395,True,vol1_band05,True,0.41844313360192353,0.448641545600385,True,0.03019841199846146
matched_gbm,22,64,20.0,0.72,joint_es90,vol1.25_daily,daily,1.25,0.2674894965621708,True,0.6123423564224444,1.488965002762409,0.45224454905691447,0.4515163609523478,0.24291880758936282,0.208597553362985,-0.45672481141600463,1.2654142826365151,0.45200326597688395,True,vol1_band05,True,0.41844313360192353,0.448641545600385,True,0.03019841199846146
matched_gbm,22,256,20.0,0.72,forecast_first,vol1_daily,daily,1.0,0.21399159724973663,True,0.4917295923340341,1.4770236107470744,0.4814408143330351,0.45070503705241793,0.21543772234203917,0.2352673147103788,-0.4850436214510802,1.36771828043045,0.4820325531854267,True,vol1_band05,True,0.41844313360192353,0.4425168796503497,True,0.02407374604842616
matched_gbm,22,256,20.0,0.72,joint_mse,vol1.25_daily,daily,1.25,0.2674894965621708,True,0.48493072484939836,1.358270011712379,0.44972209085544246,0.4515163609523478,0.24291880758936282,0.208597553362985,-0.45672481141600463,1.2654142826365151,0.45200326597688395,True,vol1_band05,True,0.41844313360192353,0.448641545600385,True,0.03019841199846146
matched_gbm,22,256,20.0,0.72,joint_es90,vol1.25_daily,daily,1.25,0.2674894965621708,True,0.48493072484939836,1.358270011712379,0.44972209085544246,0.4515163609523478,0.24291880758936282,0.208597553362985,-0.45672481141600463,1.2654142826365151,0.45200326597688395,True,vol1_band05,True,0.41844313360192353,0.448641545600385,True,0.03019841199846146
matched_gbm,23,16,5.0,0.18,forecast_first,vol1_daily,daily,1.0,0.19335904871105591,True,0.19603281691364666,0.8904826472339464,0.12554923682206068,0.21451609957782142,0.19737232325722492,0.0171437763205965,-0.13093424426251712,0.9999316669193719,0.12333840962466315,True,vol1_daily,True,0.2069022086902599,0.2069022086902599,True,0.0
matched_gbm,23,16,5.0,0.18,joint_mse,vol1_daily,daily,1.0,0.19335904871105591,True,0.19603281691364666,0.8904826472339464,0.12554923682206068,0.21451609957782142,0.19737232325722492,0.0171437763205965,-0.13093424426251712,0.9999316669193719,0.12333840962466315,True,vol1_daily,True,0.2069022086902599,0.2069022086902599,True,0.0
matched_gbm,23,16,5.0,0.18,joint_es90,vol1.25_band05,band05,1.25,0.2416988108888199,True,0.3127351422376309,0.7010229078118275,0.0836772862243747,0.3285600508747958,0.3217317097812783,0.006828341093517478,-0.08263377695299591,1.0560217114225101,0.08766644283410288,True,vol1_daily,True,0.2069022086902599,0.3260437796189481,True,0.11914157092868818
matched_gbm,23,64,5.0,0.18,forecast_first,vol1_daily,daily,1.0,0.19335904871105591,True,0.2302431843394851,1.1066729747477257,0.11756637388135101,0.21451609957782142,0.19737232325722492,0.0171437763205965,-0.13093424426251712,0.9999316669193719,0.12333840962466315,True,vol1_daily,True,0.2069022086902599,0.2069022086902599,True,0.0
matched_gbm,23,64,5.0,0.18,joint_mse,vol1.25_daily,daily,1.25,0.2416988108888199,True,0.21526346207554414,0.9029152892451889,0.11017820463347157,0.22481283831138818,0.21092794559219136,0.01388489271919682,-0.11783417466591269,0.8821047756775969,0.11560469698360755,True,vol1_daily,True,0.2069022086902599,0.22313519384301128,True,0.016232985152751372
matched_gbm,23,64,5.0,0.18,joint_es90,vol1.25_daily,daily,1.25,0.2416988108888199,True,0.21526346207554414,0.9029152892451889,0.11017820463347157,0.22481283831138818,0.21092794559219136,0.01388489271919682,-0.11783417466591269,0.8821047756775969,0.11560469698360755,True,vol1_daily,True,0.2069022086902599,0.22313519384301128,True,0.016232985152751372
matched_gbm,23,256,5.0,0.18,forecast_first,vol1_daily,daily,1.0,0.19335904871105591,True,0.20112308026800516,1.026624140724795,0.1205051492856743,0.21451609957782142,0.19737232325722492,0.0171437763205965,-0.13093424426251712,0.9999316669193719,0.12333840962466315,True,vol1_daily,True,0.2069022086902599,0.2069022086902599,True,0.0
matched_gbm,23,256,5.0,0.18,joint_mse,vol1.25_daily,daily,1.25,0.2416988108888199,True,0.20013466124188412,0.8629124013323188,0.1130429220808141,0.22481283831138818,0.21092794559219136,0.01388489271919682,-0.11783417466591269,0.8821047756775969,0.11560469698360755,True,vol1_daily,True,0.2069022086902599,0.22313519384301128,True,0.016232985152751372
matched_gbm,23,256,5.0,0.18,joint_es90,vol1.25_daily,daily,1.25,0.2416988108888199,True,0.20013466124188412,0.8629124013323188,0.1130429220808141,0.22481283831138818,0.21092794559219136,0.01388489271919682,-0.11783417466591269,0.8821047756775969,0.11560469698360755,True,vol1_daily,True,0.2069022086902599,0.22313519384301128,True,0.016232985152751372
matched_gbm,23,16,20.0,0.72,forecast_first,vol1_band05,band05,1.0,0.19335904871105591,True,0.26302044748647685,1.0771877089941961,0.36666956967845976,0.4205133427356341,0.27875092415815117,0.14176241857748295,-0.376513503844793,1.3659623694915335,0.37728137428487224,True,vol1_band05,True,0.412441018069961,0.412441018069961,True,0.0
matched_gbm,23,16,20.0,0.72,joint_mse,vol1_band05,band05,1.0,0.19335904871105591,True,0.26302044748647685,1.0771877089941961,0.36666956967845976,0.4205133427356341,0.27875092415815117,0.14176241857748295,-0.376513503844793,1.3659623694915335,0.37728137428487224,True,vol1_band05,True,0.412441018069961,0.412441018069961,True,0.0
matched_gbm,23,16,20.0,0.72,joint_es90,vol1.25_band05,band05,1.25,0.2416988108888199,True,0.28806259310688875,1.014056064231248,0.3347091448974988,0.4534095351823265,0.33394729159564884,0.11946224358667769,-0.34563310545530457,1.3460165017154608,0.3506657713364115,True,vol1_band05,True,0.412441018069961,0.4545127511445568,True,0.04207173307459583
matched_gbm,23,64,20.0,0.72,forecast_first,vol1_band05,band05,1.0,0.19335904871105591,True,0.3804149617975666,1.3551681298107632,0.3570581552842528,0.4205133427356341,0.27875092415815117,0.14176241857748295,-0.376513503844793,1.3659623694915335,0.37728137428487224,True,vol1_band05,True,0.412441018069961,0.412441018069961,True,0.0
matched_gbm,23,64,20.0,0.72,joint_mse,vol1_band05,band05,1.0,0.19335904871105591,True,0.3804149617975666,1.3551681298107632,0.3570581552842528,0.4205133427356341,0.27875092415815117,0.14176241857748295,-0.376513503844793,1.3659623694915335,0.37728137428487224,True,vol1_band05,True,0.412441018069961,0.412441018069961,True,0.0
matched_gbm,23,64,20.0,0.72,joint_es90,vol1.25_band05,band05,1.25,0.2416988108888199,True,0.4108841969173708,1.263856165558098,0.33118322242764175,0.4534095351823265,0.33394729159564884,0.11946224358667769,-0.34563310545530457,1.3460165017154608,0.3506657713364115,True,vol1_band05,True,0.412441018069961,0.4545127511445568,True,0.04207173307459583
matched_gbm,23,256,20.0,0.72,forecast_first,vol1_band05,band05,1.0,0.19335904871105591,True,0.3428697256635874,1.3058568868000437,0.3669910211601554,0.4205133427356341,0.27875092415815117,0.14176241857748295,-0.376513503844793,1.3659623694915335,0.37728137428487224,True,vol1_band05,True,0.412441018069961,0.412441018069961,True,0.0
matched_gbm,23,256,20.0,0.72,joint_mse,vol1_band05,band05,1.0,0.19335904871105591,True,0.3428697256635874,1.3058568868000437,0.3669910211601554,0.4205133427356341,0.27875092415815117,0.14176241857748295,-0.376513503844793,1.3659623694915335,0.37728137428487224,True,vol1_band05,True,0.412441018069961,0.412441018069961,True,0.0
matched_gbm,23,256,20.0,0.72,joint_es90,vol1.25_band05,band05,1.25,0.2416988108888199,True,0.3626346919732724,1.197683484720668,0.341041341621841,0.4534095351823265,0.33394729159564884,0.11946224358667769,-0.34563310545530457,1.3460165017154608,0.3506657713364115,True,vol1_band05,True,0.412441018069961,0.4545127511445568,True,0.04207173307459583
heston,0,16,5.0,0.18,forecast_first,vol0.75_daily,daily,0.75,0.18251549145932816,True,0.05357479760380996,0.40156824333142227,0.11323623664854668,0.2525461887776935,0.24119776214846428,0.011348426629229202,-0.10652899431248378,1.1355561315662708,0.12551826079476663,True,vol0.75_daily,True,0.2627392850540471,0.2627392850540471,True,0.0
heston,0,16,5.0,0.18,joint_mse,vol0.75_daily,daily,0.75,0.18251549145932816,True,0.05357479760380996,0.40156824333142227,0.11323623664854668,0.2525461887776935,0.24119776214846428,0.011348426629229202,-0.10652899431248378,1.1355561315662708,0.12551826079476663,True,vol0.75_daily,True,0.2627392850540471,0.2627392850540471,True,0.0
heston,0,16,5.0,0.18,joint_es90,vol0.75_daily,daily,0.75,0.18251549145932816,True,0.05357479760380996,0.40156824333142227,0.11323623664854668,0.2525461887776935,0.24119776214846428,0.011348426629229202,-0.10652899431248378,1.1355561315662708,0.12551826079476663,True,vol0.75_daily,True,0.2627392850540471,0.2627392850540471,True,0.0
heston,0,64,5.0,0.18,forecast_first,vol0.75_band05,band05,0.75,0.18251549145932816,True,0.24243180751846655,1.0557271054925492,0.09521620412851713,0.2816193441921261,0.27570451491809805,0.005914829274028012,-0.07690792725088885,1.0785056346789992,0.09687415648137529,True,vol0.75_daily,True,0.2627392850540471,0.2934053645428172,True,0.030666079488770093
heston,0,64,5.0,0.18,joint_mse,vol0.75_band05,band05,0.75,0.18251549145932816,True,0.24243180751846655,1.0557271054925492,0.09521620412851713,0.2816193441921261,0.27570451491809805,0.005914829274028012,-0.07690792725088885,1.0785056346789992,0.09687415648137529,True,vol0.75_daily,True,0.2627392850540471,0.2934053645428172,True,0.030666079488770093
heston,0,64,5.0,0.18,joint_es90,vol1_band05,band05,1.0,0.24335398861243754,True,0.262895408065908,0.9546718206642292,0.08773403262822768,0.3502736213535762,0.3461166550818524,0.004156966271723819,-0.06447453971703729,1.0781438288114826,0.08845341154590934,True,vol0.75_daily,True,0.2627392850540471,0.3767054441923172,True,0.11396615913827013
heston,0,256,5.0,0.18,forecast_first,vol0.75_daily,daily,0.75,0.18251549145932816,True,0.2108966735732924,0.9478267354398298,0.12570208402011956,0.2525461887776935,0.24119776214846428,0.011348426629229202,-0.10652899431248378,1.1355561315662708,0.12551826079476663,True,vol0.75_daily,True,0.2627392850540471,0.2627392850540471,True,0.0
heston,0,256,5.0,0.18,joint_mse,vol0.75_daily,daily,0.75,0.18251549145932816,True,0.2108966735732924,0.9478267354398298,0.12570208402011956,0.2525461887776935,0.24119776214846428,0.011348426629229202,-0.10652899431248378,1.1355561315662708,0.12551826079476663,True,vol0.75_daily,True,0.2627392850540471,0.2627392850540471,True,0.0
heston,0,256,5.0,0.18,joint_es90,vol1_daily,daily,1.0,0.24335398861243754,True,0.23707059745490017,0.849947400714634,0.11649190075122502,0.2525435319503534,0.24368408426107063,0.008859447689282745,-0.09412463911900404,0.9507694428823892,0.11592961172212926,True,vol0.75_daily,True,0.2627392850540471,0.2725778257310797,True,0.009838540677032603
heston,0,16,20.0,0.72,forecast_first,vol0.75_band05,band05,0.75,0.18251549145932816,True,0.09742602613698521,0.5880939486321656,0.34597119789149505,0.43469803210516245,0.2996194396103675,0.1350785924947949,-0.36753039669501475,1.4399603708071629,0.38749662592550116,True,vol0.75_band05,True,0.44475660354624214,0.44475660354624214,True,0.0
heston,0,16,20.0,0.72,joint_mse,vol0.75_band05,band05,0.75,0.18251549145932816,True,0.09742602613698521,0.5880939486321656,0.34597119789149505,0.43469803210516245,0.2996194396103675,0.1350785924947949,-0.36753039669501475,1.4399603708071629,0.38749662592550116,True,vol0.75_band05,True,0.44475660354624214,0.44475660354624214,True,0.0
heston,0,16,20.0,0.72,joint_es90,vol0.75_band05,band05,0.75,0.18251549145932816,True,0.09742602613698521,0.5880939486321656,0.34597119789149505,0.43469803210516245,0.2996194396103675,0.1350785924947949,-0.36753039669501475,1.4399603708071629,0.38749662592550116,True,vol0.75_band05,True,0.44475660354624214,0.44475660354624214,True,0.0
heston,0,64,20.0,0.72,forecast_first,vol0.75_band10,band10,0.75,0.18251549145932816,True,0.4049912064102136,1.2661401364997125,0.3275723604806042,0.5002618542862876,0.4051870474886561,0.09507480679763147,-0.3083420289185882,1.4817703371899706,0.3324564585124318,True,vol0.75_band05,True,0.44475660354624214,0.5266901692339098,True,0.08193356568766763
heston,0,64,20.0,0.72,joint_mse,vol0.75_band10,band10,0.75,0.18251549145932816,True,0.4049912064102136,1.2661401364997125,0.3275723604806042,0.5002618542862876,0.4051870474886561,0.09507480679763147,-0.3083420289185882,1.4817703371899706,0.3324564585124318,True,vol0.75_band05,True,0.44475660354624214,0.5266901692339098,True,0.08193356568766763
heston,0,64,20.0,0.72,joint_es90,vol0.75_band10,band10,0.75,0.18251549145932816,True,0.4049912064102136,1.2661401364997125,0.3275723604806042,0.5002618542862876,0.4051870474886561,0.09507480679763147,-0.3083420289185882,1.4817703371899706,0.3324564585124318,True,vol0.75_band05,True,0.44475660354624214,0.5266901692339098,True,0.08193356568766763
heston,0,256,20.0,0.72,forecast_first,vol0.75_band05,band05,0.75,0.18251549145932816,True,0.39149729134094957,1.322968007116847,0.3886381895826019,0.43469803210516245,0.2996194396103675,0.1350785924947949,-0.36753039669501475,1.4399603708071629,0.38749662592550116,True,vol0.75_band05,True,0.44475660354624214,0.44475660354624214,True,0.0
heston,0,256,20.0,0.72,joint_mse,vol0.75_band05,band05,0.75,0.18251549145932816,True,0.39149729134094957,1.322968007116847,0.3886381895826019,0.43469803210516245,0.2996194396103675,0.1350785924947949,-0.36753039669501475,1.4399603708071629,0.38749662592550116,True,vol0.75_band05,True,0.44475660354624214,0.44475660354624214,True,0.0
heston,0,256,20.0,0.72,joint_es90,vol1_daily,daily,1.0,0.24335398861243754,True,0.42178607273902724,1.2318330271903901,0.4659676030049001,0.44371681084907966,0.24842929209409398,0.1952875187549856,-0.44191347428539174,1.345694567415958,0.46371844688851704,True,vol0.75_band05,True,0.44475660354624214,0.46392490926307584,True,0.0191683057168337
heston,1,16,5.0,0.18,forecast_first,vol1.25_daily,daily,1.25,0.16932625173801422,True,0.2466618685487491,1.049813548768902,0.13635962640389854,0.2980612046611558,0.2818179930787115,0.01624321158244432,-0.1274488586941614,1.2489859007445085,0.1299589473553336,True,vol1.25_daily,True,0.28109016372890683,0.28109016372890683,True,0.0
heston,1,16,5.0,0.18,joint_mse,vol1.25_daily,daily,1.25,0.16932625173801422,True,0.2466618685487491,1.049813548768902,0.13635962640389854,0.2980612046611558,0.2818179930787115,0.01624321158244432,-0.1274488586941614,1.2489859007445085,0.1299589473553336,True,vol1.25_daily,True,0.28109016372890683,0.28109016372890683,True,0.0
heston,1,16,5.0,0.18,joint_es90,vol1.25_band10,band10,1.25,0.16932625173801422,True,0.3835757871822123,1.0275946256868036,0.08960414564509817,0.39007042247820606,0.38540810054312435,0.004662321935081699,-0.06828119752231722,1.2218237079648124,0.08627316058451609,True,vol1.25_daily,True,0.28109016372890683,0.3975776375633906,True,0.11648747383448377
heston,1,64,5.0,0.18,forecast_first,vol1.25_band05,band05,1.25,0.16932625173801422,True,0.23473084436194253,0.9772018827650798,0.09784148657189863,0.3011790413972291,0.29283896385286445,0.008340077544364593,-0.09132402501184775,1.1640384049411006,0.10092684978811373,True,vol1.25_daily,True,0.28109016372890683,0.29365030296607875,True,0.012560139237171919
heston,1,64,5.0,0.18,joint_mse,vol1.25_band05,band05,1.25,0.16932625173801422,True,0.23473084436194253,0.9772018827650798,0.09784148657189863,0.3011790413972291,0.29283896385286445,0.008340077544364593,-0.09132402501184775,1.1640384049411006,0.10092684978811373,True,vol1.25_daily,True,0.28109016372890683,0.29365030296607875,True,0.012560139237171919
heston,1,64,5.0,0.18,joint_es90,vol1.25_band05,band05,1.25,0.16932625173801422,True,0.23473084436194253,0.9772018827650798,0.09784148657189863,0.3011790413972291,0.29283896385286445,0.008340077544364593,-0.09132402501184775,1.1640384049411006,0.10092684978811373,True,vol1.25_daily,True,0.28109016372890683,0.29365030296607875,True,0.012560139237171919
heston,1,256,5.0,0.18,forecast_first,vol1.25_daily,daily,1.25,0.16932625173801422,True,0.3156469785557464,1.2341147088442934,0.1264715181152109,0.2980612046611558,0.2818179930787115,0.01624321158244432,-0.1274488586941614,1.2489859007445085,0.1299589473553336,True,vol1.25_daily,True,0.28109016372890683,0.28109016372890683,True,0.0
heston,1,256,5.0,0.18,joint_mse,vol1.25_daily,daily,1.25,0.16932625173801422,True,0.3156469785557464,1.2341147088442934,0.1264715181152109,0.2980612046611558,0.2818179930787115,0.01624321158244432,-0.1274488586941614,1.2489859007445085,0.1299589473553336,True,vol1.25_daily,True,0.28109016372890683,0.28109016372890683,True,0.0
heston,1,256,5.0,0.18,joint_es90,vol1.25_band05,band05,1.25,0.16932625173801422,True,0.3174508571029827,1.1611934020624997,0.09887858696861344,0.3011790413972291,0.29283896385286445,0.008340077544364593,-0.09132402501184775,1.1640384049411006,0.10092684978811373,True,vol1.25_daily,True,0.28109016372890683,0.29365030296607875,True,0.012560139237171919
heston,1,16,20.0,0.72,forecast_first,vol1.25_band10,band10,1.25,0.16932625173801422,True,0.446237417217134,1.3754817895712634,0.35841658258039266,0.5078549277578973,0.4008600733751647,0.10699485438273262,-0.3271006792758655,1.523815067300238,0.34509264233806436,True,vol1.25_band05,True,0.4689943798644437,0.5194045054810019,True,0.05041012561655822
heston,1,16,20.0,0.72,joint_mse,vol1.25_band10,band10,1.25,0.16932625173801422,True,0.446237417217134,1.3754817895712634,0.35841658258039266,0.5078549277578973,0.4008600733751647,0.10699485438273262,-0.3271006792758655,1.523815067300238,0.34509264233806436,True,vol1.25_band05,True,0.4689943798644437,0.5194045054810019,True,0.05041012561655822
heston,1,16,20.0,0.72,joint_es90,vol1.25_band10,band10,1.25,0.16932625173801422,True,0.446237417217134,1.3754817895712634,0.35841658258039266,0.5078549277578973,0.4008600733751647,0.10699485438273262,-0.3271006792758655,1.523815067300238,0.34509264233806436,True,vol1.25_band05,True,0.4689943798644437,0.5194045054810019,True,0.05041012561655822
heston,1,64,20.0,0.72,forecast_first,vol1.25_band05,band05,1.25,0.16932625173801422,True,0.3781576440620375,1.362851842902294,0.3913659462875945,0.477158385893005,0.321839970348768,0.155318415544237,-0.3941045743761889,1.5493256621692715,0.4037073991524549,True,vol1.25_band05,True,0.4689943798644437,0.4689943798644437,True,0.0
heston,1,64,20.0,0.72,joint_mse,vol1.25_band05,band05,1.25,0.16932625173801422,True,0.3781576440620375,1.362851842902294,0.3913659462875945,0.477158385893005,0.321839970348768,0.155318415544237,-0.3941045743761889,1.5493256621692715,0.4037073991524549,True,vol1.25_band05,True,0.4689943798644437,0.4689943798644437,True,0.0
heston,1,64,20.0,0.72,joint_es90,vol1.25_band10,band10,1.25,0.16932625173801422,True,0.40968507319839426,1.2953085744138955,0.331485777289291,0.5078549277578973,0.4008600733751647,0.10699485438273262,-0.3271006792758655,1.523815067300238,0.34509264233806436,True,vol1.25_band05,True,0.4689943798644437,0.5194045054810019,True,0.05041012561655822
heston,1,256,20.0,0.72,forecast_first,vol1.25_band05,band05,1.25,0.16932625173801422,True,0.5399043992093535,1.5803635142270653,0.3955143478744538,0.477158385893005,0.321839970348768,0.155318415544237,-0.3941045743761889,1.5493256621692715,0.4037073991524549,True,vol1.25_band05,True,0.4689943798644437,0.4689943798644437,True,0.0
heston,1,256,20.0,0.72,joint_mse,vol1.25_band05,band05,1.25,0.16932625173801422,True,0.5399043992093535,1.5803635142270653,0.3955143478744538,0.477158385893005,0.321839970348768,0.155318415544237,-0.3941045743761889,1.5493256621692715,0.4037073991524549,True,vol1.25_band05,True,0.4689943798644437,0.4689943798644437,True,0.0
heston,1,256,20.0,0.72,joint_es90,vol1.25_band10,band10,1.25,0.16932625173801422,True,0.6021391452241318,1.5513520228092366,0.33951315769668755,0.5078549277578973,0.4008600733751647,0.10699485438273262,-0.3271006792758655,1.523815067300238,0.34509264233806436,True,vol1.25_band05,True,0.4689943798644437,0.5194045054810019,True,0.05041012561655822
heston,2,16,5.0,0.18,forecast_first,vol1_daily,daily,1.0,0.21676517833583792,True,0.27031872908850585,0.821578367396783,0.12207105490327506,0.26663303248502923,0.25454897074220184,0.012084061742827406,-0.10992752950388454,1.0794447821864694,0.12059174448326809,True,vol1_daily,True,0.25756381958037217,0.25756381958037217,True,0.0
heston,2,16,5.0,0.18,joint_mse,vol0.75_band05,band05,0.75,0.16257388375187842,True,0.19524759711441653,0.841121569479015,0.10466842392017994,0.31425961974517425,0.306125142309413,0.00813447743576122,-0.09019133791978706,1.2310494920796118,0.10108279315440584,True,vol1_daily,True,0.25756381958037217,0.3003390581951515,True,0.04277523861477933
heston,2,16,5.0,0.18,joint_es90,vol1_band05,band05,1.0,0.21676517833583792,True,0.3509926673872227,0.7705946572249136,0.09342645041276151,0.33380465560607764,0.32764885477528816,0.0061558008307894645,-0.07845891173594918,1.1120347397859376,0.09232420306018621,True,vol1_daily,True,0.25756381958037217,0.32618109199155865,True,0.06861727241118648
heston,2,64,5.0,0.18,forecast_first,vol1_daily,daily,1.0,0.21676517833583792,True,0.2473963338235577,0.8051641921204391,0.1235044294265417,0.26663303248502923,0.25454897074220184,0.012084061742827406,-0.10992752950388454,1.0794447821864694,0.12059174448326809,True,vol1_daily,True,0.25756381958037217,0.25756381958037217,True,0.0
heston,2,64,5.0,0.18,joint_mse,vol0.75_band05,band05,0.75,0.16257388375187842,True,0.23234385636486332,1.0331399964174874,0.10658942226625762,0.31425961974517425,0.306125142309413,0.00813447743576122,-0.09019133791978706,1.2310494920796118,0.10108279315440584,True,vol1_daily,True,0.25756381958037217,0.3003390581951515,True,0.04277523861477933
heston,2,64,5.0,0.18,joint_es90,vol1_band05,band05,1.0,0.21676517833583792,True,0.3009485458489411,0.7631322482838154,0.09563206377614838,0.33380465560607764,0.32764885477528816,0.0061558008307894645,-0.07845891173594918,1.1120347397859376,0.09232420306018621,True,vol1_daily,True,0.25756381958037217,0.32618109199155865,True,0.06861727241118648
heston,2,256,5.0,0.18,forecast_first,vol1_daily,daily,1.0,0.21676517833583792,True,0.23487474630307223,0.936445105053809,0.12177954640397345,0.26663303248502923,0.25454897074220184,0.012084061742827406,-0.10992752950388454,1.0794447821864694,0.12059174448326809,True,vol1_daily,True,0.25756381958037217,0.25756381958037217,True,0.0
heston,2,256,5.0,0.18,joint_mse,vol1_daily,daily,1.0,0.21676517833583792,True,0.23487474630307223,0.936445105053809,0.12177954640397345,0.26663303248502923,0.25454897074220184,0.012084061742827406,-0.10992752950388454,1.0794447821864694,0.12059174448326809,True,vol1_daily,True,0.25756381958037217,0.25756381958037217,True,0.0
heston,2,256,5.0,0.18,joint_es90,vol1_daily,daily,1.0,0.21676517833583792,True,0.23487474630307223,0.936445105053809,0.12177954640397345,0.26663303248502923,0.25454897074220184,0.012084061742827406,-0.10992752950388454,1.0794447821864694,0.12059174448326809,True,vol1_daily,True,0.25756381958037217,0.25756381958037217,True,0.0
heston,2,16,20.0,0.72,forecast_first,vol1_band05,band05,1.0,0.21676517833583792,True,0.3905806089478978,1.048249244749981,0.37370580165104605,0.46539092505073265,0.33905935898971074,0.12633156606102194,-0.3554315209165078,1.4181176848712373,0.36929681224074484,True,vol1_band05,True,0.4543511635414758,0.4543511635414758,True,0.0
heston,2,16,20.0,0.72,joint_mse,vol0.75_band05,band05,0.75,0.16257388375187842,True,0.30990764286279393,1.202283270983907,0.41867369568071977,0.499315356711185,0.3445205454967665,0.1547948112144185,-0.39343971738300454,1.6245098185249462,0.40433117261762336,True,vol1_band05,True,0.4543511635414758,0.4804507539023803,True,0.02609959036090448
heston,2,16,20.0,0.72,joint_es90,vol1_band05,band05,1.0,0.21676517833583792,True,0.3905806089478978,1.048249244749981,0.37370580165104605,0.46539092505073265,0.33905935898971074,0.12633156606102194,-0.3554315209165078,1.4181176848712373,0.36929681224074484,True,vol1_band05,True,0.4543511635414758,0.4543511635414758,True,0.0
heston,2,64,20.0,0.72,forecast_first,vol1_band05,band05,1.0,0.21676517833583792,True,0.35333520346151925,1.0935099226785427,0.38252825510459354,0.46539092505073265,0.33905935898971074,0.12633156606102194,-0.3554315209165078,1.4181176848712373,0.36929681224074484,True,vol1_band05,True,0.4543511635414758,0.4543511635414758,True,0.0
heston,2,64,20.0,0.72,joint_mse,vol0.75_band10,band10,0.75,0.16257388375187842,True,0.33134566410637756,1.188946444735168,0.36367048846249156,0.5135773471616103,0.40593810277698184,0.10763924438462845,-0.3280842031927603,1.559665064705767,0.34519899397901416,True,vol1_band05,True,0.4543511635414758,0.5043350257987644,True,0.049983862257288625
heston,2,64,20.0,0.72,joint_es90,vol1.25_band05,band05,1.25,0.2709564729197974,True,0.48336394943652683,1.0812106583589491,0.3532850149561326,0.5398026486073877,0.4332418192840526,0.10656082932333512,-0.3264365624793508,1.4454988208150183,0.34468196788259386,True,vol1_band05,True,0.4543511635414758,0.5389321437481065,True,0.08458098020663068
heston,2,256,20.0,0.72,forecast_first,vol1_band05,band05,1.0,0.21676517833583792,True,0.4231804142568333,1.331137990048868,0.3739323973472811,0.46539092505073265,0.33905935898971074,0.12633156606102194,-0.3554315209165078,1.4181176848712373,0.36929681224074484,True,vol1_band05,True,0.4543511635414758,0.4543511635414758,True,0.0
heston,2,256,20.0,0.72,joint_mse,vol1_band05,band05,1.0,0.21676517833583792,True,0.4231804142568333,1.331137990048868,0.3739323973472811,0.46539092505073265,0.33905935898971074,0.12633156606102194,-0.3554315209165078,1.4181176848712373,0.36929681224074484,True,vol1_band05,True,0.4543511635414758,0.4543511635414758,True,0.0
heston,2,256,20.0,0.72,joint_es90,vol1.25_daily,daily,1.25,0.2709564729197974,True,0.4712829853326366,1.2633311011361643,0.45510589857722394,0.49595102620171727,0.30460656239102146,0.19134446381069586,-0.43742938151282873,1.398547641096859,0.4525614539437702,True,vol1_band05,True,0.4543511635414758,0.48662113716458655,True,0.03226997362311074
heston,3,16,5.0,0.18,forecast_first,vol1.25_band05,band05,1.25,0.19418819949139143,True,0.1545956563799297,0.6946899389891404,0.09295182532920677,0.3085007880046296,0.3023016470929554,0.00619914091167418,-0.07873462333480856,1.0844331508612948,0.09616555907349714,True,vol1.25_daily,True,0.25303382732600216,0.3008341323192037,True,0.04780030499320154
heston,3,16,5.0,0.18,joint_mse,vol1.25_band05,band05,1.25,0.19418819949139143,True,0.1545956563799297,0.6946899389891404,0.09295182532920677,0.3085007880046296,0.3023016470929554,0.00619914091167418,-0.07873462333480856,1.0844331508612948,0.09616555907349714,True,vol1.25_daily,True,0.25303382732600216,0.3008341323192037,True,0.04780030499320154
heston,3,16,5.0,0.18,joint_es90,vol1.25_band05,band05,1.25,0.19418819949139143,True,0.1545956563799297,0.6946899389891404,0.09295182532920677,0.3085007880046296,0.3023016470929554,0.00619914091167418,-0.07873462333480856,1.0844331508612948,0.09616555907349714,True,vol1.25_daily,True,0.25303382732600216,0.3008341323192037,True,0.04780030499320154
heston,3,64,5.0,0.18,forecast_first,vol1.25_daily,daily,1.25,0.19418819949139143,True,0.28905515552947547,1.198555573309761,0.12152897732232103,0.2642609396524601,0.2517278200739586,0.012533119578501499,-0.11195141615228232,1.1097082795056765,0.12478537325025449,True,vol1.25_daily,True,0.25303382732600216,0.25303382732600216,True,0.0
heston,3,64,5.0,0.18,joint_mse,vol1.25_daily,daily,1.25,0.19418819949139143,True,0.28905515552947547,1.198555573309761,0.12152897732232103,0.2642609396524601,0.2517278200739586,0.012533119578501499,-0.11195141615228232,1.1097082795056765,0.12478537325025449,True,vol1.25_daily,True,0.25303382732600216,0.25303382732600216,True,0.0
heston,3,64,5.0,0.18,joint_es90,vol1.25_daily,daily,1.25,0.19418819949139143,True,0.28905515552947547,1.198555573309761,0.12152897732232103,0.2642609396524601,0.2517278200739586,0.012533119578501499,-0.11195141615228232,1.1097082795056765,0.12478537325025449,True,vol1.25_daily,True,0.25303382732600216,0.25303382732600216,True,0.0
heston,3,256,5.0,0.18,forecast_first,vol1.25_daily,daily,1.25,0.19418819949139143,True,0.27679882958763846,1.166785377562907,0.12368789776815196,0.2642609396524601,0.2517278200739586,0.012533119578501499,-0.11195141615228232,1.1097082795056765,0.12478537325025449,True,vol1.25_daily,True,0.25303382732600216,0.25303382732600216,True,0.0
heston,3,256,5.0,0.18,joint_mse,vol1.25_daily,daily,1.25,0.19418819949139143,True,0.27679882958763846,1.166785377562907,0.12368789776815196,0.2642609396524601,0.2517278200739586,0.012533119578501499,-0.11195141615228232,1.1097082795056765,0.12478537325025449,True,vol1.25_daily,True,0.25303382732600216,0.25303382732600216,True,0.0
heston,3,256,5.0,0.18,joint_es90,vol1.25_daily,daily,1.25,0.19418819949139143,True,0.27679882958763846,1.166785377562907,0.12368789776815196,0.2642609396524601,0.2517278200739586,0.012533119578501499,-0.11195141615228232,1.1097082795056765,0.12478537325025449,True,vol1.25_daily,True,0.25303382732600216,0.25303382732600216,True,0.0
heston,3,16,20.0,0.72,forecast_first,vol1.25_band05,band05,1.25,0.19418819949139143,True,0.29899399606035726,1.1441786907798313,0.3718073013168271,0.4544499489248699,0.31959112081733276,0.13485882810753705,-0.36723130055529996,1.417907707063799,0.38466223629398855,True,vol1.25_band05,True,0.4366365320644899,0.4366365320644899,True,0.0
heston,3,16,20.0,0.72,joint_mse,vol1.25_band05,band05,1.25,0.19418819949139143,True,0.29899399606035726,1.1441786907798313,0.3718073013168271,0.4544499489248699,0.31959112081733276,0.13485882810753705,-0.36723130055529996,1.417907707063799,0.38466223629398855,True,vol1.25_band05,True,0.4366365320644899,0.4366365320644899,True,0.0
heston,3,16,20.0,0.72,joint_es90,vol1.25_band10,band10,1.25,0.19418819949139143,True,0.3279936275774896,1.119239020104447,0.3067078214156268,0.5495671049410795,0.4546669772022044,0.09490012773887507,-0.3080586433438852,1.5291823548184214,0.3305115386480737,True,vol1.25_band05,True,0.4366365320644899,0.5453281343208887,True,0.10869160225639879
heston,3,64,20.0,0.72,forecast_first,vol1.25_band05,band05,1.25,0.19418819949139143,True,0.5012190660552072,1.5853365838155342,0.37224616999525145,0.4544499489248699,0.31959112081733276,0.13485882810753705,-0.36723130055529996,1.417907707063799,0.38466223629398855,True,vol1.25_band05,True,0.4366365320644899,0.4366365320644899,True,0.0
heston,3,64,20.0,0.72,joint_mse,vol1.25_band05,band05,1.25,0.19418819949139143,True,0.5012190660552072,1.5853365838155342,0.37224616999525145,0.4544499489248699,0.31959112081733276,0.13485882810753705,-0.36723130055529996,1.417907707063799,0.38466223629398855,True,vol1.25_band05,True,0.4366365320644899,0.4366365320644899,True,0.0
heston,3,64,20.0,0.72,joint_es90,vol1.25_band05,band05,1.25,0.19418819949139143,True,0.5012190660552072,1.5853365838155342,0.37224616999525145,0.4544499489248699,0.31959112081733276,0.13485882810753705,-0.36723130055529996,1.417907707063799,0.38466223629398855,True,vol1.25_band05,True,0.4366365320644899,0.4366365320644899,True,0.0
heston,3,256,20.0,0.72,forecast_first,vol1.25_band05,band05,1.25,0.19418819949139143,True,0.46554086714081233,1.53945035640689,0.37893680649929806,0.4544499489248699,0.31959112081733276,0.13485882810753705,-0.36723130055529996,1.417907707063799,0.38466223629398855,True,vol1.25_band05,True,0.4366365320644899,0.4366365320644899,True,0.0
heston,3,256,20.0,0.72,joint_mse,vol1.25_band05,band05,1.25,0.19418819949139143,True,0.46554086714081233,1.53945035640689,0.37893680649929806,0.4544499489248699,0.31959112081733276,0.13485882810753705,-0.36723130055529996,1.417907707063799,0.38466223629398855,True,vol1.25_band05,True,0.4366365320644899,0.4366365320644899,True,0.0
heston,3,256,20.0,0.72,joint_es90,vol1.25_band05,band05,1.25,0.19418819949139143,True,0.46554086714081233,1.53945035640689,0.37893680649929806,0.4544499489248699,0.31959112081733276,0.13485882810753705,-0.36723130055529996,1.417907707063799,0.38466223629398855,True,vol1.25_band05,True,0.4366365320644899,0.4366365320644899,True,0.0
heston,4,16,5.0,0.18,forecast_first,vol1_daily,daily,1.0,0.2115738174991983,True,0.266158912954278,0.8018087970242718,0.09754707082628261,0.2526282495248679,0.24180043836226717,0.010827811162600743,-0.1040567689417692,1.0504540654899333,0.12103637736878856,True,vol1_daily,True,0.2504753919927215,0.2504753919927215,True,0.0
heston,4,16,5.0,0.18,joint_mse,vol1_daily,daily,1.0,0.2115738174991983,True,0.266158912954278,0.8018087970242718,0.09754707082628261,0.2526282495248679,0.24180043836226717,0.010827811162600743,-0.1040567689417692,1.0504540654899333,0.12103637736878856,True,vol1_daily,True,0.2504753919927215,0.2504753919927215,True,0.0
heston,4,16,5.0,0.18,joint_es90,vol1_daily,daily,1.0,0.2115738174991983,True,0.266158912954278,0.8018087970242718,0.09754707082628261,0.2526282495248679,0.24180043836226717,0.010827811162600743,-0.1040567689417692,1.0504540654899333,0.12103637736878856,True,vol1_daily,True,0.2504753919927215,0.2504753919927215,True,0.0
heston,4,64,5.0,0.18,forecast_first,vol1_daily,daily,1.0,0.2115738174991983,True,0.4515355548386738,1.4334195400298668,0.11372550383489893,0.2526282495248679,0.24180043836226717,0.010827811162600743,-0.1040567689417692,1.0504540654899333,0.12103637736878856,True,vol1_daily,True,0.2504753919927215,0.2504753919927215,True,0.0
heston,4,64,5.0,0.18,joint_mse,vol1_daily,daily,1.0,0.2115738174991983,True,0.4515355548386738,1.4334195400298668,0.11372550383489893,0.2526282495248679,0.24180043836226717,0.010827811162600743,-0.1040567689417692,1.0504540654899333,0.12103637736878856,True,vol1_daily,True,0.2504753919927215,0.2504753919927215,True,0.0
heston,4,64,5.0,0.18,joint_es90,vol1.25_daily,daily,1.25,0.2644672718739979,True,0.4673085902772176,1.337538489447685,0.1067123786885684,0.29492418466523596,0.28655749893581967,0.008366685729416332,-0.09146958909613802,0.9878645396259486,0.11341518404616346,True,vol1_daily,True,0.2504753919927215,0.29835306064702866,True,0.04787766865430715
heston,4,256,5.0,0.18,forecast_first,vol1_daily,daily,1.0,0.2115738174991983,True,0.287829664565843,1.0839172307945342,0.11489916852164832,0.2526282495248679,0.24180043836226717,0.010827811162600743,-0.1040567689417692,1.0504540654899333,0.12103637736878856,True,vol1_daily,True,0.2504753919927215,0.2504753919927215,True,0.0
heston,4,256,5.0,0.18,joint_mse,vol1_daily,daily,1.0,0.2115738174991983,True,0.287829664565843,1.0839172307945342,0.11489916852164832,0.2526282495248679,0.24180043836226717,0.010827811162600743,-0.1040567689417692,1.0504540654899333,0.12103637736878856,True,vol1_daily,True,0.2504753919927215,0.2504753919927215,True,0.0
heston,4,256,5.0,0.18,joint_es90,vol1.25_daily,daily,1.25,0.2644672718739979,True,0.3311129094571019,1.0331791783471975,0.10804371095324242,0.29492418466523596,0.28655749893581967,0.008366685729416332,-0.09146958909613802,0.9878645396259486,0.11341518404616346,True,vol1_daily,True,0.2504753919927215,0.29835306064702866,True,0.04787766865430715
heston,4,16,20.0,0.72,forecast_first,vol1_daily,daily,1.0,0.2115738174991983,True,0.41072380758426197,1.1940061995920057,0.39018828330513045,0.47740300873339514,0.2591590296312794,0.2182439791021157,-0.4671659010481348,1.4880588047439534,0.4841455094751542,True,vol1_band05,True,0.45467938827989,0.4760627264054805,True,0.021383338125590456
heston,4,16,20.0,0.72,joint_mse,vol1_daily,daily,1.0,0.2115738174991983,True,0.41072380758426197,1.1940061995920057,0.39018828330513045,0.47740300873339514,0.2591590296312794,0.2182439791021157,-0.4671659010481348,1.4880588047439534,0.4841455094751542,True,vol1_band05,True,0.45467938827989,0.4760627264054805,True,0.021383338125590456
heston,4,16,20.0,0.72,joint_es90,vol1_daily,daily,1.0,0.2115738174991983,True,0.41072380758426197,1.1940061995920057,0.39018828330513045,0.47740300873339514,0.2591590296312794,0.2182439791021157,-0.4671659010481348,1.4880588047439534,0.4841455094751542,True,vol1_band05,True,0.45467938827989,0.4760627264054805,True,0.021383338125590456
heston,4,64,20.0,0.72,forecast_first,vol1_daily,daily,1.0,0.2115738174991983,True,0.6667386201120309,1.826015154602135,0.45490201533959573,0.47740300873339514,0.2591590296312794,0.2182439791021157,-0.4671659010481348,1.4880588047439534,0.4841455094751542,True,vol1_band05,True,0.45467938827989,0.4760627264054805,True,0.021383338125590456
heston,4,64,20.0,0.72,joint_mse,vol1.25_daily,daily,1.25,0.2644672718739979,True,0.6230335311940722,1.6676218799634073,0.4268495147542736,0.4680278306813176,0.2816498675100825,0.18637796317123514,-0.4317151412346284,1.3292423930959563,0.45366073618465386,True,vol1_band05,True,0.45467938827989,0.4794833068536809,True,0.024803918573790884
heston,4,64,20.0,0.72,joint_es90,vol1.25_daily,daily,1.25,0.2644672718739979,True,0.6230335311940722,1.6676218799634073,0.4268495147542736,0.4680278306813176,0.2816498675100825,0.18637796317123514,-0.4317151412346284,1.3292423930959563,0.45366073618465386,True,vol1_band05,True,0.45467938827989,0.4794833068536809,True,0.024803918573790884
heston,4,256,20.0,0.72,forecast_first,vol1_daily,daily,1.0,0.2115738174991983,True,0.47830296039131714,1.5228999734294402,0.45959667408659327,0.47740300873339514,0.2591590296312794,0.2182439791021157,-0.4671659010481348,1.4880588047439534,0.4841455094751542,True,vol1_band05,True,0.45467938827989,0.4760627264054805,True,0.021383338125590456
heston,4,256,20.0,0.72,joint_mse,vol1_daily,daily,1.0,0.2115738174991983,True,0.47830296039131714,1.5228999734294402,0.45959667408659327,0.47740300873339514,0.2591590296312794,0.2182439791021157,-0.4671659010481348,1.4880588047439534,0.4841455094751542,True,vol1_band05,True,0.45467938827989,0.4760627264054805,True,0.021383338125590456
heston,4,256,20.0,0.72,joint_es90,vol1.25_daily,daily,1.25,0.2644672718739979,True,0.4822806565147592,1.3989964409285036,0.43217484381296967,0.4680278306813176,0.2816498675100825,0.18637796317123514,-0.4317151412346284,1.3292423930959563,0.45366073618465386,True,vol1_band05,True,0.45467938827989,0.4794833068536809,True,0.024803918573790884
heston,5,16,5.0,0.18,forecast_first,vol1_band05,band05,1.0,0.18485531404625974,True,0.17489109099314443,0.642921216236022,0.09743645617213599,0.2873862235962656,0.27937633243139925,0.008009891164866324,-0.08949799531199748,1.0566077408169712,0.09626059353642857,True,vol1.25_daily,True,0.26329830106411983,0.29227681172068276,True,0.028978510656562928
heston,5,16,5.0,0.18,joint_mse,vol1_band05,band05,1.0,0.18485531404625974,True,0.17489109099314443,0.642921216236022,0.09743645617213599,0.2873862235962656,0.27937633243139925,0.008009891164866324,-0.08949799531199748,1.0566077408169712,0.09626059353642857,True,vol1.25_daily,True,0.26329830106411983,0.29227681172068276,True,0.028978510656562928
heston,5,16,5.0,0.18,joint_es90,vol1_band10,band10,1.0,0.18485531404625974,True,0.2123482755529949,0.46603816605693715,0.08246296504340989,0.41816197134781036,0.4106897193567196,0.007472251991090813,-0.08644218872223686,1.2514705018522456,0.08286654670107868,True,vol1.25_daily,True,0.26329830106411983,0.4127630924653142,True,0.14946479140119434
heston,5,64,5.0,0.18,forecast_first,vol1_band05,band05,1.0,0.18485531404625974,True,0.2896694756483055,0.9862216052492788,0.09542338969742059,0.2873862235962656,0.27937633243139925,0.008009891164866324,-0.08949799531199748,1.0566077408169712,0.09626059353642857,True,vol1.25_daily,True,0.26329830106411983,0.29227681172068276,True,0.028978510656562928
heston,5,64,5.0,0.18,joint_mse,vol1_band05,band05,1.0,0.18485531404625974,True,0.2896694756483055,0.9862216052492788,0.09542338969742059,0.2873862235962656,0.27937633243139925,0.008009891164866324,-0.08949799531199748,1.0566077408169712,0.09626059353642857,True,vol1.25_daily,True,0.26329830106411983,0.29227681172068276,True,0.028978510656562928
heston,5,64,5.0,0.18,joint_es90,vol1.25_band05,band05,1.25,0.23106914255782468,True,0.32986062065009925,0.8712322093408442,0.08765831203430424,0.3410197398774879,0.3328477414451237,0.008171998432364167,-0.09039910636927871,1.0711662290438362,0.08992112945998862,True,vol1.25_daily,True,0.26329830106411983,0.346839660492571,True,0.08354135942845115
heston,5,256,5.0,0.18,forecast_first,vol1_daily,daily,1.0,0.18485531404625974,True,0.2761273936999485,1.1059971367857533,0.12386100572201039,0.2512623992830765,0.2395675183452244,0.011694880937852075,-0.1081428728019192,1.0834125913310957,0.1242733588618277,True,vol1.25_daily,True,0.26329830106411983,0.26418601154024857,True,0.0008877104761287335
heston,5,256,5.0,0.18,joint_mse,vol1_daily,daily,1.0,0.18485531404625974,True,0.2761273936999485,1.1059971367857533,0.12386100572201039,0.2512623992830765,0.2395675183452244,0.011694880937852075,-0.1081428728019192,1.0834125913310957,0.1242733588618277,True,vol1.25_daily,True,0.26329830106411983,0.26418601154024857,True,0.0008877104761287335
heston,5,256,5.0,0.18,joint_es90,vol1.25_daily,daily,1.25,0.23106914255782468,True,0.27977298755611146,0.8928917567321106,0.1159636798745398,0.24818414056115906,0.23653933454008283,0.011644806021076246,-0.10791110239950404,0.9486412450386146,0.11707254614037645,True,vol1.25_daily,True,0.26329830106411983,0.26329830106411983,True,0.0
heston,5,16,20.0,0.72,forecast_first,vol1_band10,band10,1.0,0.18485531404625974,True,0.21283721545061254,0.7760449094935264,0.32985186017363954,0.5392833215674209,0.4270302945047033,0.11225302706271748,-0.3350418288254729,1.5307978647833063,0.3314661868043147,True,vol1_band05,True,0.44320118823138116,0.5180579956620546,True,0.07485680743067341
heston,5,16,20.0,0.72,joint_mse,vol1_band10,band10,1.0,0.18485531404625974,True,0.21283721545061254,0.7760449094935264,0.32985186017363954,0.5392833215674209,0.4270302945047033,0.11225302706271748,-0.3350418288254729,1.5307978647833063,0.3314661868043147,True,vol1_band05,True,0.44320118823138116,0.5180579956620546,True,0.07485680743067341
heston,5,16,20.0,0.72,joint_es90,vol1_band10,band10,1.0,0.18485531404625974,True,0.21283721545061254,0.7760449094935264,0.32985186017363954,0.5392833215674209,0.4270302945047033,0.11225302706271748,-0.3350418288254729,1.5307978647833063,0.3314661868043147,True,vol1_band05,True,0.44320118823138116,0.5180579956620546,True,0.07485680743067341
heston,5,64,20.0,0.72,forecast_first,vol1_band10,band10,1.0,0.18485531404625974,True,0.43158890338674916,1.2594231891996976,0.3220332927596786,0.5392833215674209,0.4270302945047033,0.11225302706271748,-0.3350418288254729,1.5307978647833063,0.3314661868043147,True,vol1_band05,True,0.44320118823138116,0.5180579956620546,True,0.07485680743067341
heston,5,64,20.0,0.72,joint_mse,vol1.25_band05,band05,1.25,0.23106914255782468,True,0.42183557963487,1.1199861839203271,0.35063324813721697,0.47220427143399657,0.3424872488099969,0.12971702262399962,-0.36016249474924455,1.3597931603237285,0.3596845178399545,True,vol1_band05,True,0.44320118823138116,0.4647330992291493,True,0.021531910997768133
heston,5,64,20.0,0.72,joint_es90,vol1.25_band05,band05,1.25,0.23106914255782468,True,0.42183557963487,1.1199861839203271,0.35063324813721697,0.47220427143399657,0.3424872488099969,0.12971702262399962,-0.36016249474924455,1.3597931603237285,0.3596845178399545,True,vol1_band05,True,0.44320118823138116,0.4647330992291493,True,0.021531910997768133
heston,5,256,20.0,0.72,forecast_first,vol1_band05,band05,1.0,0.18485531404625974,True,0.4238398343688887,1.3579487646829127,0.37718957099913153,0.44817866033670917,0.30508307146565294,0.14309558887105628,-0.37827977592128326,1.4148384151361093,0.3850423741457143,True,vol1_band05,True,0.44320118823138116,0.44320118823138116,True,0.0
heston,5,256,20.0,0.72,joint_mse,vol1_band05,band05,1.0,0.18485531404625974,True,0.4238398343688887,1.3579487646829127,0.37718957099913153,0.44817866033670917,0.30508307146565294,0.14309558887105628,-0.37827977592128326,1.4148384151361093,0.3850423741457143,True,vol1_band05,True,0.44320118823138116,0.44320118823138116,True,0.0
heston,5,256,20.0,0.72,joint_es90,vol1.25_band05,band05,1.25,0.23106914255782468,True,0.44801346924249397,1.1912922523954856,0.35007695934143856,0.47220427143399657,0.3424872488099969,0.12971702262399962,-0.36016249474924455,1.3597931603237285,0.3596845178399545,True,vol1_band05,True,0.44320118823138116,0.4647330992291493,True,0.021531910997768133
heston,6,16,5.0,0.18,forecast_first,vol1_daily,daily,1.0,0.17234685010902812,True,0.10965592417371901,0.6997324693338095,0.13221094217890655,0.24701075795423377,0.23776831578969543,0.009242442164538392,-0.09613762096358736,1.1068579981910127,0.12846723175506922,True,vol1.25_daily,True,0.25367540721407095,0.2767143211727252,True,0.02303891395865426
heston,6,16,5.0,0.18,joint_mse,vol1.25_daily,daily,1.25,0.21543356263628516,True,0.10263830922375373,0.5767588986790118,0.12306911098633494,0.23297405733247983,0.22499862466081658,0.007975432671663273,-0.08930527796084212,0.9594476382071097,0.12097312619599176,True,vol1.25_daily,True,0.25367540721407095,0.25367540721407095,True,0.0
heston,6,16,5.0,0.18,joint_es90,vol1.25_daily,daily,1.25,0.21543356263628516,True,0.10263830922375373,0.5767588986790118,0.12306911098633494,0.23297405733247983,0.22499862466081658,0.007975432671663273,-0.08930527796084212,0.9594476382071097,0.12097312619599176,True,vol1.25_daily,True,0.25367540721407095,0.25367540721407095,True,0.0
heston,6,64,5.0,0.18,forecast_first,vol1.25_daily,daily,1.25,0.21543356263628516,True,0.21700322808845773,1.0256303727980216,0.12065874640672145,0.23297405733247983,0.22499862466081658,0.007975432671663273,-0.08930527796084212,0.9594476382071097,0.12097312619599176,True,vol1.25_daily,True,0.25367540721407095,0.25367540721407095,True,0.0
heston,6,64,5.0,0.18,joint_mse,vol1.25_daily,daily,1.25,0.21543356263628516,True,0.21700322808845773,1.0256303727980216,0.12065874640672145,0.23297405733247983,0.22499862466081658,0.007975432671663273,-0.08930527796084212,0.9594476382071097,0.12097312619599176,True,vol1.25_daily,True,0.25367540721407095,0.25367540721407095,True,0.0
heston,6,64,5.0,0.18,joint_es90,vol1.25_band05,band05,1.25,0.21543356263628516,True,0.24603655182329556,0.8869038270477715,0.09180781370697672,0.31206209277566066,0.30830575617459577,0.0037563366010649065,-0.061288959862808134,1.0369665767422425,0.09272217015181028,True,vol1.25_daily,True,0.25367540721407095,0.32748035152614163,True,0.07380494431207069
heston,6,256,5.0,0.18,forecast_first,vol1.25_daily,daily,1.25,0.21543356263628516,True,0.24516764733138185,0.9756511667460034,0.11854591268531812,0.23297405733247983,0.22499862466081658,0.007975432671663273,-0.08930527796084212,0.9594476382071097,0.12097312619599176,True,vol1.25_daily,True,0.25367540721407095,0.25367540721407095,True,0.0
heston,6,256,5.0,0.18,joint_mse,vol1.25_daily,daily,1.25,0.21543356263628516,True,0.24516764733138185,0.9756511667460034,0.11854591268531812,0.23297405733247983,0.22499862466081658,0.007975432671663273,-0.08930527796084212,0.9594476382071097,0.12097312619599176,True,vol1.25_daily,True,0.25367540721407095,0.25367540721407095,True,0.0
heston,6,256,5.0,0.18,joint_es90,vol1.25_daily,daily,1.25,0.21543356263628516,True,0.24516764733138185,0.9756511667460034,0.11854591268531812,0.23297405733247983,0.22499862466081658,0.007975432671663273,-0.08930527796084212,0.9594476382071097,0.12097312619599176,True,vol1.25_daily,True,0.25367540721407095,0.25367540721407095,True,0.0
heston,6,16,20.0,0.72,forecast_first,vol1_band05,band05,1.0,0.17234685010902812,True,0.30815767534580885,1.1395941503180356,0.4116952777504594,0.426518187917013,0.29235396910739003,0.13416421880962295,-0.3662843414747933,1.426022701033085,0.3977648307549171,True,vol1.25_band05,True,0.4509193293416961,0.4553186084464782,True,0.004399279104782106
heston,6,16,20.0,0.72,joint_mse,vol1.25_daily,daily,1.25,0.21543356263628516,True,0.25140709279259166,0.9637929738801972,0.49227644394533976,0.4442208813310016,0.23971374134030582,0.20450713999069584,-0.4522246565488174,1.3871143121675384,0.48389250478396706,True,vol1.25_band05,True,0.4509193293416961,0.4690063093424845,True,0.0180869800007884
heston,6,16,20.0,0.72,joint_es90,vol1.25_daily,daily,1.25,0.21543356263628516,True,0.25140709279259166,0.9637929738801972,0.49227644394533976,0.4442208813310016,0.23971374134030582,0.20450713999069584,-0.4522246565488174,1.3871143121675384,0.48389250478396706,True,vol1.25_band05,True,0.4509193293416961,0.4690063093424845,True,0.0180869800007884
heston,6,64,20.0,0.72,forecast_first,vol1.25_band05,band05,1.25,0.21543356263628516,True,0.33990346905001684,1.1906865427789097,0.36723125482790686,0.4335006300898827,0.3182706137609059,0.11523001632897682,-0.33945547031823897,1.3351476162232334,0.3708886806072411,True,vol1.25_band05,True,0.4509193293416961,0.4509193293416961,True,0.0
heston,6,64,20.0,0.72,joint_mse,vol1.25_band05,band05,1.25,0.21543356263628516,True,0.33990346905001684,1.1906865427789097,0.36723125482790686,0.4335006300898827,0.3182706137609059,0.11523001632897682,-0.33945547031823897,1.3351476162232334,0.3708886806072411,True,vol1.25_band05,True,0.4509193293416961,0.4509193293416961,True,0.0
heston,6,64,20.0,0.72,joint_es90,vol1.25_band05,band05,1.25,0.21543356263628516,True,0.33990346905001684,1.1906865427789097,0.36723125482790686,0.4335006300898827,0.3182706137609059,0.11523001632897682,-0.33945547031823897,1.3351476162232334,0.3708886806072411,True,vol1.25_band05,True,0.4509193293416961,0.4509193293416961,True,0.0
heston,6,256,20.0,0.72,forecast_first,vol1.25_band05,band05,1.25,0.21543356263628516,True,0.42878562954171795,1.303088016103668,0.3638361915857296,0.4335006300898827,0.3182706137609059,0.11523001632897682,-0.33945547031823897,1.3351476162232334,0.3708886806072411,True,vol1.25_band05,True,0.4509193293416961,0.4509193293416961,True,0.0
heston,6,256,20.0,0.72,joint_mse,vol1.25_band05,band05,1.25,0.21543356263628516,True,0.42878562954171795,1.303088016103668,0.3638361915857296,0.4335006300898827,0.3182706137609059,0.11523001632897682,-0.33945547031823897,1.3351476162232334,0.3708886806072411,True,vol1.25_band05,True,0.4509193293416961,0.4509193293416961,True,0.0
heston,6,256,20.0,0.72,joint_es90,vol1.25_band05,band05,1.25,0.21543356263628516,True,0.42878562954171795,1.303088016103668,0.3638361915857296,0.4335006300898827,0.3182706137609059,0.11523001632897682,-0.33945547031823897,1.3351476162232334,0.3708886806072411,True,vol1.25_band05,True,0.4509193293416961,0.4509193293416961,True,0.0
heston,7,16,5.0,0.18,forecast_first,vol1_daily,daily,1.0,0.20509036404471798,True,0.40402570949707234,1.0800542000707969,0.11893439347570989,0.2469760624939065,0.23588796484990882,0.01108809764399766,-0.10530003629627893,1.038065591263117,0.12167940382134076,True,vol1_daily,True,0.26422316630968656,0.26422316630968656,True,0.0
heston,7,16,5.0,0.18,joint_mse,vol1_daily,daily,1.0,0.20509036404471798,True,0.40402570949707234,1.0800542000707969,0.11893439347570989,0.2469760624939065,0.23588796484990882,0.01108809764399766,-0.10530003629627893,1.038065591263117,0.12167940382134076,True,vol1_daily,True,0.26422316630968656,0.26422316630968656,True,0.0
heston,7,16,5.0,0.18,joint_es90,vol1.25_daily,daily,1.25,0.25636295505589746,True,0.46404732696243434,1.0610496180609217,0.11087651784829813,0.2770443544906242,0.2671618552358348,0.009882499254789377,-0.0994107602565707,0.981151007827522,0.11422223437461734,True,vol1_daily,True,0.26422316630968656,0.29829479992456875,True,0.03407163361488219
heston,7,64,5.0,0.18,forecast_first,vol1_daily,daily,1.0,0.20509036404471798,True,0.25429970951663766,0.9506118274837195,0.1201297952449945,0.2469760624939065,0.23588796484990882,0.01108809764399766,-0.10530003629627893,1.038065591263117,0.12167940382134076,True,vol1_daily,True,0.26422316630968656,0.26422316630968656,True,0.0
heston,7,64,5.0,0.18,joint_mse,vol1_daily,daily,1.0,0.20509036404471798,True,0.25429970951663766,0.9506118274837195,0.1201297952449945,0.2469760624939065,0.23588796484990882,0.01108809764399766,-0.10530003629627893,1.038065591263117,0.12167940382134076,True,vol1_daily,True,0.26422316630968656,0.26422316630968656,True,0.0
heston,7,64,5.0,0.18,joint_es90,vol1.25_daily,daily,1.25,0.25636295505589746,True,0.31929626775099174,0.9148500652989546,0.11240817933055437,0.2770443544906242,0.2671618552358348,0.009882499254789377,-0.0994107602565707,0.981151007827522,0.11422223437461734,True,vol1_daily,True,0.26422316630968656,0.29829479992456875,True,0.03407163361488219
heston,7,256,5.0,0.18,forecast_first,vol1_daily,daily,1.0,0.20509036404471798,True,0.26766586469115594,1.0498341449771307,0.11908609075459979,0.2469760624939065,0.23588796484990882,0.01108809764399766,-0.10530003629627893,1.038065591263117,0.12167940382134076,True,vol1_daily,True,0.26422316630968656,0.26422316630968656,True,0.0
heston,7,256,5.0,0.18,joint_mse,vol1_daily,daily,1.0,0.20509036404471798,True,0.26766586469115594,1.0498341449771307,0.11908609075459979,0.2469760624939065,0.23588796484990882,0.01108809764399766,-0.10530003629627893,1.038065591263117,0.12167940382134076,True,vol1_daily,True,0.26422316630968656,0.26422316630968656,True,0.0
heston,7,256,5.0,0.18,joint_es90,vol1.25_daily,daily,1.25,0.25636295505589746,True,0.3203239130079854,1.0160527846003535,0.11193654887669366,0.2770443544906242,0.2671618552358348,0.009882499254789377,-0.0994107602565707,0.981151007827522,0.11422223437461734,True,vol1_daily,True,0.26422316630968656,0.29829479992456875,True,0.03407163361488219
heston,7,16,20.0,0.72,forecast_first,vol1_band05,band05,1.0,0.20509036404471798,True,0.6287076421058806,1.3924167269937484,0.3644344644846258,0.4349919652806964,0.30513625825155266,0.12985570702914365,-0.3603549736428563,1.3867076438274306,0.3738590260032709,True,vol1_band05,True,0.4548081409330051,0.4548081409330051,True,0.0
heston,7,16,20.0,0.72,joint_mse,vol1_band05,band05,1.0,0.20509036404471798,True,0.6287076421058806,1.3924167269937484,0.3644344644846258,0.4349919652806964,0.30513625825155266,0.12985570702914365,-0.3603549736428563,1.3867076438274306,0.3738590260032709,True,vol1_band05,True,0.4548081409330051,0.4548081409330051,True,0.0
heston,7,16,20.0,0.72,joint_es90,vol1.25_band05,band05,1.25,0.25636295505589746,True,0.6767893937462359,1.3700542771472664,0.3368396907567319,0.4920774558551092,0.3782511042305441,0.11382635162456516,-0.33738161127211,1.4174947574533754,0.34875585904854856,True,vol1_band05,True,0.4548081409330051,0.5190288582105339,True,0.06422071727752882
heston,7,64,20.0,0.72,forecast_first,vol1_band05,band05,1.0,0.20509036404471798,True,0.4138513204174904,1.3834209855217283,0.3667480863165977,0.4349919652806964,0.30513625825155266,0.12985570702914365,-0.3603549736428563,1.3867076438274306,0.3738590260032709,True,vol1_band05,True,0.4548081409330051,0.4548081409330051,True,0.0
heston,7,64,20.0,0.72,joint_mse,vol1_band05,band05,1.0,0.20509036404471798,True,0.4138513204174904,1.3834209855217283,0.3667480863165977,0.4349919652806964,0.30513625825155266,0.12985570702914365,-0.3603549736428563,1.3867076438274306,0.3738590260032709,True,vol1_band05,True,0.4548081409330051,0.4548081409330051,True,0.0
heston,7,64,20.0,0.72,joint_es90,vol1.25_daily,daily,1.25,0.25636295505589746,True,0.4496711738796639,1.2991688217127761,0.4496327173222175,0.4628979576651916,0.2674654740363226,0.19543248362886897,-0.4420774633804227,1.3334968328317087,0.45688893749846937,True,vol1_band05,True,0.4548081409330051,0.48473074869908717,True,0.029922607766082077
heston,7,256,20.0,0.72,forecast_first,vol1_daily,daily,1.0,0.20509036404471798,True,0.48043530526500844,1.4942378278486048,0.47634436301839916,0.4801611759943664,0.25894310868813586,0.22121806730623048,-0.4703382477603012,1.4829325665990574,0.48671761528536306,True,vol1_band05,True,0.4548081409330051,0.5008105469299005,True,0.04600240599689537
heston,7,256,20.0,0.72,joint_mse,vol1_daily,daily,1.0,0.20509036404471798,True,0.48043530526500844,1.4942378278486048,0.47634436301839916,0.4801611759943664,0.25894310868813586,0.22121806730623048,-0.4703382477603012,1.4829325665990574,0.48671761528536306,True,vol1_band05,True,0.4548081409330051,0.5008105469299005,True,0.04600240599689537
heston,7,256,20.0,0.72,joint_es90,vol1.25_daily,daily,1.25,0.25636295505589746,True,0.49685810523472507,1.3567907301424451,0.44774619550677464,0.4628979576651916,0.2674654740363226,0.19543248362886897,-0.4420774633804227,1.3334968328317087,0.45688893749846937,True,vol1_band05,True,0.4548081409330051,0.48473074869908717,True,0.029922607766082077
heston,8,16,5.0,0.18,forecast_first,vol1_daily,daily,1.0,0.2008065629349393,True,0.24174198505871886,0.8643768603031443,0.1351611097556182,0.2396734845765036,0.2308119374780426,0.008861547098460988,-0.09413579074114685,1.0062840324836602,0.12192552251256238,True,vol1_daily,True,0.25293103096904523,0.25293103096904523,True,0.0
heston,8,16,5.0,0.18,joint_mse,vol1_daily,daily,1.0,0.2008065629349393,True,0.24174198505871886,0.8643768603031443,0.1351611097556182,0.2396734845765036,0.2308119374780426,0.008861547098460988,-0.09413579074114685,1.0062840324836602,0.12192552251256238,True,vol1_daily,True,0.25293103096904523,0.25293103096904523,True,0.0
heston,8,16,5.0,0.18,joint_es90,vol1.25_band05,band05,1.25,0.2510082036686741,True,0.46651390266122783,0.6085940590994413,0.09363037340304557,0.39379407072278794,0.39053178111278264,0.0032622896100053546,-0.057116456560306283,1.1184157483498531,0.08720418703531495,True,vol1_daily,True,0.25293103096904523,0.39430970919922725,True,0.14137867823018202
heston,8,64,5.0,0.18,forecast_first,vol1_daily,daily,1.0,0.2008065629349393,True,0.23716175610569407,0.9174339390155668,0.12466494166170011,0.2396734845765036,0.2308119374780426,0.008861547098460988,-0.09413579074114685,1.0062840324836602,0.12192552251256238,True,vol1_daily,True,0.25293103096904523,0.25293103096904523,True,0.0
heston,8,64,5.0,0.18,joint_mse,vol1_daily,daily,1.0,0.2008065629349393,True,0.23716175610569407,0.9174339390155668,0.12466494166170011,0.2396734845765036,0.2308119374780426,0.008861547098460988,-0.09413579074114685,1.0062840324836602,0.12192552251256238,True,vol1_daily,True,0.25293103096904523,0.25293103096904523,True,0.0
heston,8,64,5.0,0.18,joint_es90,vol1.25_daily,daily,1.25,0.2510082036686741,True,0.2537104725804081,0.8151916333593033,0.11706497735069812,0.274851937564233,0.26759950605684546,0.007252431507387549,-0.0851612089356859,0.9437290704919881,0.1144419340003526,True,vol1_daily,True,0.25293103096904523,0.2819293045665786,True,0.028998273597533375
heston,8,256,5.0,0.18,forecast_first,vol1_daily,daily,1.0,0.2008065629349393,True,0.22454901787838422,0.8236521996701988,0.1241511480965322,0.2396734845765036,0.2308119374780426,0.008861547098460988,-0.09413579074114685,1.0062840324836602,0.12192552251256238,True,vol1_daily,True,0.25293103096904523,0.25293103096904523,True,0.0
heston,8,256,5.0,0.18,joint_mse,vol1_daily,daily,1.0,0.2008065629349393,True,0.22454901787838422,0.8236521996701988,0.1241511480965322,0.2396734845765036,0.2308119374780426,0.008861547098460988,-0.09413579074114685,1.0062840324836602,0.12192552251256238,True,vol1_daily,True,0.25293103096904523,0.25293103096904523,True,0.0
heston,8,256,5.0,0.18,joint_es90,vol1.25_daily,daily,1.25,0.2510082036686741,True,0.26953013350789257,0.8056841137356809,0.1166030463284099,0.274851937564233,0.26759950605684546,0.007252431507387549,-0.0851612089356859,0.9437290704919881,0.1144419340003526,True,vol1_daily,True,0.25293103096904523,0.2819293045665786,True,0.028998273597533375
heston,8,16,20.0,0.72,forecast_first,vol1_daily,daily,1.0,0.2008065629349393,True,0.34547883279101843,1.2751835136354948,0.5406444390224728,0.4664207993347015,0.2549014220371029,0.21151937729759854,-0.459912358278834,1.462479932162806,0.4877020900502495,True,vol1_band05,True,0.4453114762708032,0.4883046880659889,True,0.042993211795185726
heston,8,16,20.0,0.72,joint_mse,vol1.25_daily,daily,1.25,0.2510082036686741,True,0.28755068638583603,1.0150711087387536,0.502032979082472,0.4515728646411714,0.2679717460996663,0.1836011185415051,-0.4284870109367437,1.306677879163497,0.4577677360014104,True,vol1_band05,True,0.4453114762708032,0.46854369269974705,True,0.023232216428943853
heston,8,16,20.0,0.72,joint_es90,vol1.25_band05,band05,1.25,0.2510082036686741,True,0.4334873310932552,0.8891880517860589,0.3745214936121823,0.49381941066036467,0.3922312239578713,0.10158818670249341,-0.3187290176662511,1.3746168660164126,0.3488167481412598,True,vol1_band05,True,0.4453114762708032,0.5040284248771657,True,0.05871694860636251
heston,8,64,20.0,0.72,forecast_first,vol1_band05,band05,1.0,0.2008065629349393,True,0.41780954205060494,1.2732921365089822,0.3793838418891534,0.4263961112345783,0.30726064696928923,0.11913546426528909,-0.34516005601067035,1.3556265251363304,0.37429578361829946,True,vol1_band05,True,0.4453114762708032,0.4453114762708032,True,0.0
heston,8,64,20.0,0.72,joint_mse,vol1.25_daily,daily,1.25,0.2510082036686741,True,0.40511151257691513,1.1578319105288617,0.4682599094027925,0.4515728646411714,0.2679717460996663,0.1836011185415051,-0.4284870109367437,1.306677879163497,0.4577677360014104,True,vol1_band05,True,0.4453114762708032,0.46854369269974705,True,0.023232216428943853
heston,8,64,20.0,0.72,joint_es90,vol1.25_daily,daily,1.25,0.2510082036686741,True,0.40511151257691513,1.1578319105288617,0.4682599094027925,0.4515728646411714,0.2679717460996663,0.1836011185415051,-0.4284870109367437,1.306677879163497,0.4577677360014104,True,vol1_band05,True,0.4453114762708032,0.46854369269974705,True,0.023232216428943853
heston,8,256,20.0,0.72,forecast_first,vol1_band05,band05,1.0,0.2008065629349393,True,0.38050504699689414,1.1776934077426557,0.3805634299679159,0.4263961112345783,0.30726064696928923,0.11913546426528909,-0.34516005601067035,1.3556265251363304,0.37429578361829946,True,vol1_band05,True,0.4453114762708032,0.4453114762708032,True,0.0
heston,8,256,20.0,0.72,joint_mse,vol1_band05,band05,1.0,0.2008065629349393,True,0.38050504699689414,1.1776934077426557,0.3805634299679159,0.4263961112345783,0.30726064696928923,0.11913546426528909,-0.34516005601067035,1.3556265251363304,0.37429578361829946,True,vol1_band05,True,0.4453114762708032,0.4453114762708032,True,0.0
heston,8,256,20.0,0.72,joint_es90,vol1.25_daily,daily,1.25,0.2510082036686741,True,0.41271650479788086,1.1434313571437573,0.4664121853136396,0.4515728646411714,0.2679717460996663,0.1836011185415051,-0.4284870109367437,1.306677879163497,0.4577677360014104,True,vol1_band05,True,0.4453114762708032,0.46854369269974705,True,0.023232216428943853
heston,9,16,5.0,0.18,forecast_first,vol1.25_daily,daily,1.25,0.19776507624358797,True,0.18943538552514816,0.722111635277699,0.12348308226963466,0.2388405957412427,0.23340158198902677,0.005439013752215912,-0.07374966950580804,1.0021700523121193,0.12355377348204072,True,vol1.25_daily,True,0.2520450530276188,0.2520450530276188,True,0.0
heston,9,16,5.0,0.18,joint_mse,vol1_band05,band05,1.0,0.15821206099487037,True,0.1682920481726483,0.6760028317115825,0.10207389627807498,0.2866555500741233,0.28403369828271785,0.0026218517914054973,-0.05120402124253033,1.114816283562401,0.10173856716856429,True,vol1.25_daily,True,0.2520450530276188,0.2966755655139479,True,0.0446305124863291
heston,9,16,5.0,0.18,joint_es90,vol1_band05,band05,1.0,0.15821206099487037,True,0.1682920481726483,0.6760028317115825,0.10207389627807498,0.2866555500741233,0.28403369828271785,0.0026218517914054973,-0.05120402124253033,1.114816283562401,0.10173856716856429,True,vol1.25_daily,True,0.2520450530276188,0.2966755655139479,True,0.0446305124863291
heston,9,64,5.0,0.18,forecast_first,vol1.25_daily,daily,1.25,0.19776507624358797,True,0.1368692738591688,0.7056976848986394,0.12513320435762504,0.2388405957412427,0.23340158198902677,0.005439013752215912,-0.07374966950580804,1.0021700523121193,0.12355377348204072,True,vol1.25_daily,True,0.2520450530276188,0.2520450530276188,True,0.0
heston,9,64,5.0,0.18,joint_mse,vol1.25_daily,daily,1.25,0.19776507624358797,True,0.1368692738591688,0.7056976848986394,0.12513320435762504,0.2388405957412427,0.23340158198902677,0.005439013752215912,-0.07374966950580804,1.0021700523121193,0.12355377348204072,True,vol1.25_daily,True,0.2520450530276188,0.2520450530276188,True,0.0
heston,9,64,5.0,0.18,joint_es90,vol1.25_daily,daily,1.25,0.19776507624358797,True,0.1368692738591688,0.7056976848986394,0.12513320435762504,0.2388405957412427,0.23340158198902677,0.005439013752215912,-0.07374966950580804,1.0021700523121193,0.12355377348204072,True,vol1.25_daily,True,0.2520450530276188,0.2520450530276188,True,0.0
heston,9,256,5.0,0.18,forecast_first,vol1.25_daily,daily,1.25,0.19776507624358797,True,0.2268242862892526,1.0026522449496855,0.12374198335505962,0.2388405957412427,0.23340158198902677,0.005439013752215912,-0.07374966950580804,1.0021700523121193,0.12355377348204072,True,vol1.25_daily,True,0.2520450530276188,0.2520450530276188,True,0.0
heston,9,256,5.0,0.18,joint_mse,vol1.25_daily,daily,1.25,0.19776507624358797,True,0.2268242862892526,1.0026522449496855,0.12374198335505962,0.2388405957412427,0.23340158198902677,0.005439013752215912,-0.07374966950580804,1.0021700523121193,0.12355377348204072,True,vol1.25_daily,True,0.2520450530276188,0.2520450530276188,True,0.0
heston,9,256,5.0,0.18,joint_es90,vol1.25_daily,daily,1.25,0.19776507624358797,True,0.2268242862892526,1.0026522449496855,0.12374198335505962,0.2388405957412427,0.23340158198902677,0.005439013752215912,-0.07374966950580804,1.0021700523121193,0.12355377348204072,True,vol1.25_daily,True,0.2520450530276188,0.2520450530276188,True,0.0
heston,9,16,20.0,0.72,forecast_first,vol1.25_band05,band05,1.25,0.19776507624358797,True,0.25198722426553083,0.8738711391219119,0.3722518239428944,0.4222280742681741,0.3175279230365994,0.10470015123157471,-0.3235740274366512,1.3566106293100728,0.3786849626346529,True,vol1.25_band05,True,0.4375602813849331,0.4375602813849331,True,0.0
heston,9,16,20.0,0.72,joint_mse,vol1.25_band05,band05,1.25,0.19776507624358797,True,0.25198722426553083,0.8738711391219119,0.3722518239428944,0.4222280742681741,0.3175279230365994,0.10470015123157471,-0.3235740274366512,1.3566106293100728,0.3786849626346529,True,vol1.25_band05,True,0.4375602813849331,0.4375602813849331,True,0.0
heston,9,16,20.0,0.72,joint_es90,vol1.25_band05,band05,1.25,0.19776507624358797,True,0.25198722426553083,0.8738711391219119,0.3722518239428944,0.4222280742681741,0.3175279230365994,0.10470015123157471,-0.3235740274366512,1.3566106293100728,0.3786849626346529,True,vol1.25_band05,True,0.4375602813849331,0.4375602813849331,True,0.0
heston,9,64,20.0,0.72,forecast_first,vol1.25_daily,daily,1.25,0.19776507624358797,True,0.2920318113083972,1.0761109935973228,0.5005328174305002,0.4570499231036339,0.25954879511357926,0.19750112799005468,-0.4444109899519303,1.4614770357474227,0.4942150939281629,True,vol1.25_band05,True,0.4375602813849331,0.4900105276176172,True,0.05245024623268413
heston,9,64,20.0,0.72,joint_mse,vol1.25_daily,daily,1.25,0.19776507624358797,True,0.2920318113083972,1.0761109935973228,0.5005328174305002,0.4570499231036339,0.25954879511357926,0.19750112799005468,-0.4444109899519303,1.4614770357474227,0.4942150939281629,True,vol1.25_band05,True,0.4375602813849331,0.4900105276176172,True,0.05245024623268413
heston,9,64,20.0,0.72,joint_es90,vol1.25_daily,daily,1.25,0.19776507624358797,True,0.2920318113083972,1.0761109935973228,0.5005328174305002,0.4570499231036339,0.25954879511357926,0.19750112799005468,-0.4444109899519303,1.4614770357474227,0.4942150939281629,True,vol1.25_band05,True,0.4375602813849331,0.4900105276176172,True,0.05245024623268413
heston,9,256,20.0,0.72,forecast_first,vol1.25_band05,band05,1.25,0.19776507624358797,True,0.38473845196708245,1.3650057558641577,0.38181966547003293,0.4222280742681741,0.3175279230365994,0.10470015123157471,-0.3235740274366512,1.3566106293100728,0.3786849626346529,True,vol1.25_band05,True,0.4375602813849331,0.4375602813849331,True,0.0
heston,9,256,20.0,0.72,joint_mse,vol1.25_band05,band05,1.25,0.19776507624358797,True,0.38473845196708245,1.3650057558641577,0.38181966547003293,0.4222280742681741,0.3175279230365994,0.10470015123157471,-0.3235740274366512,1.3566106293100728,0.3786849626346529,True,vol1.25_band05,True,0.4375602813849331,0.4375602813849331,True,0.0
heston,9,256,20.0,0.72,joint_es90,vol1.25_band05,band05,1.25,0.19776507624358797,True,0.38473845196708245,1.3650057558641577,0.38181966547003293,0.4222280742681741,0.3175279230365994,0.10470015123157471,-0.3235740274366512,1.3566106293100728,0.3786849626346529,True,vol1.25_band05,True,0.4375602813849331,0.4375602813849331,True,0.0
heston,10,16,5.0,0.18,forecast_first,vol0.75_band05,band05,0.75,0.19753020701725735,True,0.19660720091114026,0.8971627778042631,0.10152585361300404,0.29702700972551044,0.2922569436353466,0.004770066090163811,-0.06906566505988204,1.0469143206496452,0.09398130710876634,True,vol0.75_daily,True,0.25460974484236065,0.3024824393768222,True,0.047872694534461524
heston,10,16,5.0,0.18,joint_mse,vol0.75_band05,band05,0.75,0.19753020701725735,True,0.19660720091114026,0.8971627778042631,0.10152585361300404,0.29702700972551044,0.2922569436353466,0.004770066090163811,-0.06906566505988204,1.0469143206496452,0.09398130710876634,True,vol0.75_daily,True,0.25460974484236065,0.3024824393768222,True,0.047872694534461524
heston,10,16,5.0,0.18,joint_es90,vol1_band05,band05,1.0,0.26337360935634313,True,0.23346069655886412,0.7171238767239345,0.09003372551722266,0.4141960711656476,0.4104521954462581,0.003743875719389437,-0.06118721859497649,1.1558531156707925,0.08605345227372849,True,vol0.75_daily,True,0.25460974484236065,0.4210985837053611,True,0.16648883886300042
heston,10,64,5.0,0.18,forecast_first,vol0.75_band05,band05,0.75,0.19753020701725735,True,0.21981955208177484,0.9264680703773707,0.09927364838025406,0.29702700972551044,0.2922569436353466,0.004770066090163811,-0.06906566505988204,1.0469143206496452,0.09398130710876634,True,vol0.75_daily,True,0.25460974484236065,0.3024824393768222,True,0.047872694534461524
heston,10,64,5.0,0.18,joint_mse,vol0.75_band05,band05,0.75,0.19753020701725735,True,0.21981955208177484,0.9264680703773707,0.09927364838025406,0.29702700972551044,0.2922569436353466,0.004770066090163811,-0.06906566505988204,1.0469143206496452,0.09398130710876634,True,vol0.75_daily,True,0.25460974484236065,0.3024824393768222,True,0.047872694534461524
heston,10,64,5.0,0.18,joint_es90,vol0.75_band05,band05,0.75,0.19753020701725735,True,0.21981955208177484,0.9264680703773707,0.09927364838025406,0.29702700972551044,0.2922569436353466,0.004770066090163811,-0.06906566505988204,1.0469143206496452,0.09398130710876634,True,vol0.75_daily,True,0.25460974484236065,0.3024824393768222,True,0.047872694534461524
heston,10,256,5.0,0.18,forecast_first,vol0.75_daily,daily,0.75,0.19753020701725735,True,0.21514316137722247,0.9880450096792524,0.11968016481443937,0.24498729985975654,0.2356284553968177,0.009358844462938783,-0.09674112084805914,1.0403218468734403,0.12217288446585586,True,vol0.75_daily,True,0.25460974484236065,0.25460974484236065,True,0.0
heston,10,256,5.0,0.18,joint_mse,vol0.75_daily,daily,0.75,0.19753020701725735,True,0.21514316137722247,0.9880450096792524,0.11968016481443937,0.24498729985975654,0.2356284553968177,0.009358844462938783,-0.09674112084805914,1.0403218468734403,0.12217288446585586,True,vol0.75_daily,True,0.25460974484236065,0.25460974484236065,True,0.0
heston,10,256,5.0,0.18,joint_es90,vol1_daily,daily,1.0,0.26337360935634313,True,0.2669989301708922,0.9024043364785913,0.11097946012744461,0.29568327462534655,0.28817340506765565,0.0075098695576909435,-0.0866595035624538,0.9868080910472861,0.11276000230232391,True,vol0.75_daily,True,0.25460974484236065,0.3000097477661663,True,0.04540000292380564
heston,10,16,20.0,0.72,forecast_first,vol0.75_band05,band05,0.75,0.19753020701725735,True,0.39064931177286866,1.191837365723016,0.40610341445201614,0.4260083682466082,0.30280063851161027,0.12320772973499791,-0.35100958638618107,1.3563869765456646,0.3759252284350654,True,vol0.75_band05,True,0.44227623549691475,0.44227623549691475,True,0.0
heston,10,16,20.0,0.72,joint_mse,vol1_band05,band05,1.0,0.26337360935634313,True,0.32923771221586917,1.033579451387444,0.36013490206889065,0.5111935374557681,0.4092106635315868,0.10198287392418127,-0.319347575416162,1.4007803034583497,0.34421380909491395,True,vol0.75_band05,True,0.44227623549691475,0.5261113352984313,True,0.0838350998015166
heston,10,16,20.0,0.72,joint_es90,vol1_band05,band05,1.0,0.26337360935634313,True,0.32923771221586917,1.033579451387444,0.36013490206889065,0.5111935374557681,0.4092106635315868,0.10198287392418127,-0.319347575416162,1.4007803034583497,0.34421380909491395,True,vol0.75_band05,True,0.44227623549691475,0.5261113352984313,True,0.0838350998015166
heston,10,64,20.0,0.72,forecast_first,vol0.75_band05,band05,0.75,0.19753020701725735,True,0.37613653634657296,1.255962143767482,0.3970945935210162,0.4260083682466082,0.30280063851161027,0.12320772973499791,-0.35100958638618107,1.3563869765456646,0.3759252284350654,True,vol0.75_band05,True,0.44227623549691475,0.44227623549691475,True,0.0
heston,10,64,20.0,0.72,joint_mse,vol0.75_band05,band05,0.75,0.19753020701725735,True,0.37613653634657296,1.255962143767482,0.3970945935210162,0.4260083682466082,0.30280063851161027,0.12320772973499791,-0.35100958638618107,1.3563869765456646,0.3759252284350654,True,vol0.75_band05,True,0.44227623549691475,0.44227623549691475,True,0.0
heston,10,64,20.0,0.72,joint_es90,vol1_band05,band05,1.0,0.26337360935634313,True,0.4116931093088526,1.2029701865683993,0.362661189116275,0.5111935374557681,0.4092106635315868,0.10198287392418127,-0.319347575416162,1.4007803034583497,0.34421380909491395,True,vol0.75_band05,True,0.44227623549691475,0.5261113352984313,True,0.0838350998015166
heston,10,256,20.0,0.72,forecast_first,vol0.75_band05,band05,0.75,0.19753020701725735,True,0.3829705179030436,1.2688985023127544,0.3687808306236166,0.4260083682466082,0.30280063851161027,0.12320772973499791,-0.35100958638618107,1.3563869765456646,0.3759252284350654,True,vol0.75_band05,True,0.44227623549691475,0.44227623549691475,True,0.0
heston,10,256,20.0,0.72,joint_mse,vol0.75_band05,band05,0.75,0.19753020701725735,True,0.3829705179030436,1.2688985023127544,0.3687808306236166,0.4260083682466082,0.30280063851161027,0.12320772973499791,-0.35100958638618107,1.3563869765456646,0.3759252284350654,True,vol0.75_band05,True,0.44227623549691475,0.44227623549691475,True,0.0
heston,10,256,20.0,0.72,joint_es90,vol1_daily,daily,1.0,0.26337360935634313,True,0.4495395115585598,1.233681488918546,0.44391784050977845,0.46417961288635523,0.28360602532836016,0.18057358755799505,-0.4249395104694256,1.3234061146830436,0.45104000920929566,True,vol0.75_band05,True,0.44227623549691475,0.47947308970321484,True,0.03719685420630009
heston,11,16,5.0,0.18,forecast_first,vol1.25_daily,daily,1.25,0.19629851445840213,True,0.36530658902423807,1.1896897623811065,0.12391198078976384,0.2621959927179226,0.25124119767216013,0.010954795045762508,-0.10466515678946126,1.0983897322523435,0.12343855355787511,True,vol1.25_daily,True,0.2451129802276778,0.2451129802276778,True,0.0
heston,11,16,5.0,0.18,joint_mse,vol1.25_daily,daily,1.25,0.19629851445840213,True,0.36530658902423807,1.1896897623811065,0.12391198078976384,0.2621959927179226,0.25124119767216013,0.010954795045762508,-0.10466515678946126,1.0983897322523435,0.12343855355787511,True,vol1.25_daily,True,0.2451129802276778,0.2451129802276778,True,0.0
heston,11,16,5.0,0.18,joint_es90,vol1.25_band05,band05,1.25,0.19629851445840213,True,0.37081643616469173,0.903445240381832,0.09440086791399024,0.30059024826227543,0.29481767539190795,0.005772572870367455,-0.07597744974903708,1.0520712756423456,0.09489593123888787,True,vol1.25_daily,True,0.2451129802276778,0.29237573905405106,True,0.04726275882637326
heston,11,64,5.0,0.18,forecast_first,vol1.25_daily,daily,1.25,0.19629851445840213,True,0.280584135932602,1.1280941914606628,0.12580487804197144,0.2621959927179226,0.25124119767216013,0.010954795045762508,-0.10466515678946126,1.0983897322523435,0.12343855355787511,True,vol1.25_daily,True,0.2451129802276778,0.2451129802276778,True,0.0
heston,11,64,5.0,0.18,joint_mse,vol1.25_daily,daily,1.25,0.19629851445840213,True,0.280584135932602,1.1280941914606628,0.12580487804197144,0.2621959927179226,0.25124119767216013,0.010954795045762508,-0.10466515678946126,1.0983897322523435,0.12343855355787511,True,vol1.25_daily,True,0.2451129802276778,0.2451129802276778,True,0.0
heston,11,64,5.0,0.18,joint_es90,vol1.25_band05,band05,1.25,0.19629851445840213,True,0.3144825923536144,1.0009696480718915,0.09620655697583788,0.30059024826227543,0.29481767539190795,0.005772572870367455,-0.07597744974903708,1.0520712756423456,0.09489593123888787,True,vol1.25_daily,True,0.2451129802276778,0.29237573905405106,True,0.04726275882637326
heston,11,256,5.0,0.18,forecast_first,vol1.25_daily,daily,1.25,0.19629851445840213,True,0.2939970834282286,1.2122386879285927,0.12628221096029688,0.2621959927179226,0.25124119767216013,0.010954795045762508,-0.10466515678946126,1.0983897322523435,0.12343855355787511,True,vol1.25_daily,True,0.2451129802276778,0.2451129802276778,True,0.0
heston,11,256,5.0,0.18,joint_mse,vol1.25_daily,daily,1.25,0.19629851445840213,True,0.2939970834282286,1.2122386879285927,0.12628221096029688,0.2621959927179226,0.25124119767216013,0.010954795045762508,-0.10466515678946126,1.0983897322523435,0.12343855355787511,True,vol1.25_daily,True,0.2451129802276778,0.2451129802276778,True,0.0
heston,11,256,5.0,0.18,joint_es90,vol1.25_daily,daily,1.25,0.19629851445840213,True,0.2939970834282286,1.2122386879285927,0.12628221096029688,0.2621959927179226,0.25124119767216013,0.010954795045762508,-0.10466515678946126,1.0983897322523435,0.12343855355787511,True,vol1.25_daily,True,0.2451129802276778,0.2451129802276778,True,0.0
heston,11,16,20.0,0.72,forecast_first,vol1.25_band05,band05,1.25,0.19629851445840213,True,0.5762236178995778,1.215978841053249,0.377603471655961,0.4427031786449843,0.3126237608008111,0.13007941784417318,-0.3606652434657007,1.3910968883586572,0.3795837249555515,True,vol1.25_band05,True,0.435249985859242,0.435249985859242,True,0.0
heston,11,16,20.0,0.72,joint_mse,vol1.25_band05,band05,1.25,0.19629851445840213,True,0.5762236178995778,1.215978841053249,0.377603471655961,0.4427031786449843,0.3126237608008111,0.13007941784417318,-0.3606652434657007,1.3910968883586572,0.3795837249555515,True,vol1.25_band05,True,0.435249985859242,0.435249985859242,True,0.0
heston,11,16,20.0,0.72,joint_es90,vol1.25_band05,band05,1.25,0.19629851445840213,True,0.5762236178995778,1.215978841053249,0.377603471655961,0.4427031786449843,0.3126237608008111,0.13007941784417318,-0.3606652434657007,1.3910968883586572,0.3795837249555515,True,vol1.25_band05,True,0.435249985859242,0.435249985859242,True,0.0
heston,11,64,20.0,0.72,forecast_first,vol1.25_band05,band05,1.25,0.19629851445840213,True,0.39887936573043653,1.297072955791768,0.3848262279033515,0.4427031786449843,0.3126237608008111,0.13007941784417318,-0.3606652434657007,1.3910968883586572,0.3795837249555515,True,vol1.25_band05,True,0.435249985859242,0.435249985859242,True,0.0
heston,11,64,20.0,0.72,joint_mse,vol1.25_band05,band05,1.25,0.19629851445840213,True,0.39887936573043653,1.297072955791768,0.3848262279033515,0.4427031786449843,0.3126237608008111,0.13007941784417318,-0.3606652434657007,1.3910968883586572,0.3795837249555515,True,vol1.25_band05,True,0.435249985859242,0.435249985859242,True,0.0
heston,11,64,20.0,0.72,joint_es90,vol1.25_band05,band05,1.25,0.19629851445840213,True,0.39887936573043653,1.297072955791768,0.3848262279033515,0.4427031786449843,0.3126237608008111,0.13007941784417318,-0.3606652434657007,1.3910968883586572,0.3795837249555515,True,vol1.25_band05,True,0.435249985859242,0.435249985859242,True,0.0
heston,11,256,20.0,0.72,forecast_first,vol1.25_band05,band05,1.25,0.19629851445840213,True,0.5131983712696547,1.5584383141023366,0.38753198696738284,0.4427031786449843,0.3126237608008111,0.13007941784417318,-0.3606652434657007,1.3910968883586572,0.3795837249555515,True,vol1.25_band05,True,0.435249985859242,0.435249985859242,True,0.0
heston,11,256,20.0,0.72,joint_mse,vol1.25_band05,band05,1.25,0.19629851445840213,True,0.5131983712696547,1.5584383141023366,0.38753198696738284,0.4427031786449843,0.3126237608008111,0.13007941784417318,-0.3606652434657007,1.3910968883586572,0.3795837249555515,True,vol1.25_band05,True,0.435249985859242,0.435249985859242,True,0.0
heston,11,256,20.0,0.72,joint_es90,vol1.25_band05,band05,1.25,0.19629851445840213,True,0.5131983712696547,1.5584383141023366,0.38753198696738284,0.4427031786449843,0.3126237608008111,0.13007941784417318,-0.3606652434657007,1.3910968883586572,0.3795837249555515,True,vol1.25_band05,True,0.435249985859242,0.435249985859242,True,0.0
heston,12,16,5.0,0.18,forecast_first,vol0.75_daily,daily,0.75,0.18153735008101352,True,0.4736417885762333,1.6949105051991005,0.14176071279813773,0.25739827548156213,0.2481950980141751,0.009203177467387046,-0.09593319273008194,1.1211409057618296,0.12396679716043173,True,vol0.75_daily,True,0.26073817582455716,0.26073817582455716,True,0.0
heston,12,16,5.0,0.18,joint_mse,vol1.25_daily,daily,1.25,0.3025622501350225,True,0.34189002126222956,1.1712692808453893,0.11847555012623952,0.36855943812918296,0.35782026099010594,0.010739177139077022,-0.10363000115351259,1.0662889481483737,0.10761922328685816,True,vol0.75_daily,True,0.26073817582455716,0.35995318715830615,True,0.09921501133374899
heston,12,16,5.0,0.18,joint_es90,vol1.25_daily,daily,1.25,0.3025622501350225,True,0.34189002126222956,1.1712692808453893,0.11847555012623952,0.36855943812918296,0.35782026099010594,0.010739177139077022,-0.10363000115351259,1.0662889481483737,0.10761922328685816,True,vol0.75_daily,True,0.26073817582455716,0.35995318715830615,True,0.09921501133374899
heston,12,64,5.0,0.18,forecast_first,vol0.75_daily,daily,0.75,0.18153735008101352,True,0.21884312675651238,1.0251669362069733,0.12283314553608035,0.25739827548156213,0.2481950980141751,0.009203177467387046,-0.09593319273008194,1.1211409057618296,0.12396679716043173,True,vol0.75_daily,True,0.26073817582455716,0.26073817582455716,True,0.0
heston,12,64,5.0,0.18,joint_mse,vol0.75_daily,daily,0.75,0.18153735008101352,True,0.21884312675651238,1.0251669362069733,0.12283314553608035,0.25739827548156213,0.2481950980141751,0.009203177467387046,-0.09593319273008194,1.1211409057618296,0.12396679716043173,True,vol0.75_daily,True,0.26073817582455716,0.26073817582455716,True,0.0
heston,12,64,5.0,0.18,joint_es90,vol1_daily,daily,1.0,0.24204980010801802,True,0.23184723769142676,0.9286224892441515,0.11400922603615662,0.27172139086919384,0.2618120485814374,0.009909342287756433,-0.09954567940275677,0.9716886778688842,0.11464177458854796,True,vol0.75_daily,True,0.26073817582455716,0.26949410443259586,True,0.008755928608038699
heston,12,256,5.0,0.18,forecast_first,vol0.75_daily,daily,0.75,0.18153735008101352,True,0.28739385890192837,1.2413827844574286,0.1275494287329548,0.25739827548156213,0.2481950980141751,0.009203177467387046,-0.09593319273008194,1.1211409057618296,0.12396679716043173,True,vol0.75_daily,True,0.26073817582455716,0.26073817582455716,True,0.0
heston,12,256,5.0,0.18,joint_mse,vol1_daily,daily,1.0,0.24204980010801802,True,0.2498584456287125,1.035711647967077,0.11737085447534,0.27172139086919384,0.2618120485814374,0.009909342287756433,-0.09954567940275677,0.9716886778688842,0.11464177458854796,True,vol0.75_daily,True,0.26073817582455716,0.26949410443259586,True,0.008755928608038699
heston,12,256,5.0,0.18,joint_es90,vol1_daily,daily,1.0,0.24204980010801802,True,0.2498584456287125,1.035711647967077,0.11737085447534,0.27172139086919384,0.2618120485814374,0.009909342287756433,-0.09954567940275677,0.9716886778688842,0.11464177458854796,True,vol0.75_daily,True,0.26073817582455716,0.26949410443259586,True,0.008755928608038699
heston,12,16,20.0,0.72,forecast_first,vol0.75_band05,band05,0.75,0.18153735008101352,True,0.695583037053514,2.0634281876767466,0.44290951849936744,0.43756499570523855,0.30315523213747175,0.13440976356776674,-0.3666193715118812,1.4347851789078787,0.38325298027707094,True,vol0.75_band05,True,0.43851999862395263,0.43851999862395263,True,0.0
heston,12,16,20.0,0.72,joint_mse,vol1.25_daily,daily,1.25,0.3025622501350225,True,0.4301313278159766,1.5158815312598504,0.47390220050495807,0.5292594420080656,0.3473677084810455,0.18189173352702018,-0.4264876710140871,1.364110696441932,0.43047689314743265,True,vol0.75_band05,True,0.43851999862395263,0.5143744021273423,True,0.07585440350338968
heston,12,16,20.0,0.72,joint_es90,vol1.25_daily,daily,1.25,0.3025622501350225,True,0.4301313278159766,1.5158815312598504,0.47390220050495807,0.5292594420080656,0.3473677084810455,0.18189173352702018,-0.4264876710140871,1.364110696441932,0.43047689314743265,True,vol0.75_band05,True,0.43851999862395263,0.5143744021273423,True,0.07585440350338968
heston,12,64,20.0,0.72,forecast_first,vol0.75_band05,band05,0.75,0.18153735008101352,True,0.46056980872017705,1.4542667271117256,0.38384027632890216,0.43756499570523855,0.30315523213747175,0.13440976356776674,-0.3666193715118812,1.4347851789078787,0.38325298027707094,True,vol0.75_band05,True,0.43851999862395263,0.43851999862395263,True,0.0
heston,12,64,20.0,0.72,joint_mse,vol1_daily,daily,1.0,0.24204980010801802,True,0.45414559268487875,1.2212192120227572,0.4560369041446265,0.46149745872915254,0.2648309280779648,0.19666653065118767,-0.4434710031684007,1.3470942957753491,0.45856709835419185,True,vol0.75_band05,True,0.43851999862395263,0.46094581146222013,True,0.0224258128382675
heston,12,64,20.0,0.72,joint_es90,vol1_daily,daily,1.0,0.24204980010801802,True,0.45414559268487875,1.2212192120227572,0.4560369041446265,0.46149745872915254,0.2648309280779648,0.19666653065118767,-0.4434710031684007,1.3470942957753491,0.45856709835419185,True,vol0.75_band05,True,0.43851999862395263,0.46094581146222013,True,0.0224258128382675
heston,12,256,20.0,0.72,forecast_first,vol0.75_band05,band05,0.75,0.18153735008101352,True,0.5094951843181369,1.5956682309559338,0.3940461995397393,0.43756499570523855,0.30315523213747175,0.13440976356776674,-0.3666193715118812,1.4347851789078787,0.38325298027707094,True,vol0.75_band05,True,0.43851999862395263,0.43851999862395263,True,0.0
heston,12,256,20.0,0.72,joint_mse,vol1_daily,daily,1.0,0.24204980010801802,True,0.4953639200622183,1.4366543599049737,0.46948341790136,0.46149745872915254,0.2648309280779648,0.19666653065118767,-0.4434710031684007,1.3470942957753491,0.45856709835419185,True,vol0.75_band05,True,0.43851999862395263,0.46094581146222013,True,0.0224258128382675
heston,12,256,20.0,0.72,joint_es90,vol1.25_daily,daily,1.25,0.3025622501350225,True,0.5082769932340092,1.4044831342021216,0.4388596473254916,0.5292594420080656,0.3473677084810455,0.18189173352702018,-0.4264876710140871,1.364110696441932,0.43047689314743265,True,vol0.75_band05,True,0.43851999862395263,0.5143744021273423,True,0.07585440350338968
heston,13,16,5.0,0.18,forecast_first,vol1_daily,daily,1.0,0.2039960198716907,True,0.16306924014077068,0.5497875151502315,0.12428664484129576,0.256070624569393,0.24427910120718033,0.011791523362212711,-0.1085887810144893,1.0570085643333211,0.12174133979821684,True,vol1_daily,True,0.25650508606161726,0.25650508606161726,True,0.0
heston,13,16,5.0,0.18,joint_mse,vol0.75_daily,daily,0.75,0.15299701490376802,True,0.14316834977552473,0.7219406989388464,0.13214306053031094,0.33278606975256736,0.31808911733212974,0.014696952420437642,-0.1212309878720686,1.327796005899978,0.1315230442079005,True,vol1_daily,True,0.25650508606161726,0.33181171657858066,True,0.0753066305169634
heston,13,16,5.0,0.18,joint_es90,vol1_daily,daily,1.0,0.2039960198716907,True,0.16306924014077068,0.5497875151502315,0.12428664484129576,0.256070624569393,0.24427910120718033,0.011791523362212711,-0.1085887810144893,1.0570085643333211,0.12174133979821684,True,vol1_daily,True,0.25650508606161726,0.25650508606161726,True,0.0
heston,13,64,5.0,0.18,forecast_first,vol1_daily,daily,1.0,0.2039960198716907,True,0.17951196131705802,0.7360847883283533,0.12522192507395283,0.256070624569393,0.24427910120718033,0.011791523362212711,-0.1085887810144893,1.0570085643333211,0.12174133979821684,True,vol1_daily,True,0.25650508606161726,0.25650508606161726,True,0.0
heston,13,64,5.0,0.18,joint_mse,vol1_daily,daily,1.0,0.2039960198716907,True,0.17951196131705802,0.7360847883283533,0.12522192507395283,0.256070624569393,0.24427910120718033,0.011791523362212711,-0.1085887810144893,1.0570085643333211,0.12174133979821684,True,vol1_daily,True,0.25650508606161726,0.25650508606161726,True,0.0
heston,13,64,5.0,0.18,joint_es90,vol1_band05,band05,1.0,0.2039960198716907,True,0.2151169314441752,0.6244269264211441,0.09596516902674945,0.3085457572416327,0.30197019116978563,0.006575566071847086,-0.08108986417455073,1.0396882834234293,0.09344016186656141,True,vol1_daily,True,0.25650508606161726,0.3133600051327335,True,0.05685491907111623
heston,13,256,5.0,0.18,forecast_first,vol1_daily,daily,1.0,0.2039960198716907,True,0.20177395086520716,0.8820772958675197,0.122725229515592,0.256070624569393,0.24427910120718033,0.011791523362212711,-0.1085887810144893,1.0570085643333211,0.12174133979821684,True,vol1_daily,True,0.25650508606161726,0.25650508606161726,True,0.0
heston,13,256,5.0,0.18,joint_mse,vol1_daily,daily,1.0,0.2039960198716907,True,0.20177395086520716,0.8820772958675197,0.122725229515592,0.256070624569393,0.24427910120718033,0.011791523362212711,-0.1085887810144893,1.0570085643333211,0.12174133979821684,True,vol1_daily,True,0.25650508606161726,0.25650508606161726,True,0.0
heston,13,256,5.0,0.18,joint_es90,vol1_daily,daily,1.0,0.2039960198716907,True,0.20177395086520716,0.8820772958675197,0.122725229515592,0.256070624569393,0.24427910120718033,0.011791523362212711,-0.1085887810144893,1.0570085643333211,0.12174133979821684,True,vol1_daily,True,0.25650508606161726,0.25650508606161726,True,0.0
heston,13,16,20.0,0.72,forecast_first,vol1_band05,band05,1.0,0.2039960198716907,True,0.25678340906975905,0.8907743009415627,0.3823539607670287,0.44521859267804875,0.3146011517541139,0.1306174409239349,-0.36141034977423503,1.351508712403642,0.37376064746624565,True,vol1_band05,True,0.4492271615580492,0.4492271615580492,True,0.0
heston,13,16,20.0,0.72,joint_mse,vol1_band05,band05,1.0,0.2039960198716907,True,0.25678340906975905,0.8907743009415627,0.3823539607670287,0.44521859267804875,0.3146011517541139,0.1306174409239349,-0.36141034977423503,1.351508712403642,0.37376064746624565,True,vol1_band05,True,0.4492271615580492,0.4492271615580492,True,0.0
heston,13,16,20.0,0.72,joint_es90,vol1_band05,band05,1.0,0.2039960198716907,True,0.25678340906975905,0.8907743009415627,0.3823539607670287,0.44521859267804875,0.3146011517541139,0.1306174409239349,-0.36141034977423503,1.351508712403642,0.37376064746624565,True,vol1_band05,True,0.4492271615580492,0.4492271615580492,True,0.0
heston,13,64,20.0,0.72,forecast_first,vol1_band05,band05,1.0,0.2039960198716907,True,0.29752746615611936,0.9381857858641005,0.3838606761069978,0.44521859267804875,0.3146011517541139,0.1306174409239349,-0.36141034977423503,1.351508712403642,0.37376064746624565,True,vol1_band05,True,0.4492271615580492,0.4492271615580492,True,0.0
heston,13,64,20.0,0.72,joint_mse,vol1_band05,band05,1.0,0.2039960198716907,True,0.29752746615611936,0.9381857858641005,0.3838606761069978,0.44521859267804875,0.3146011517541139,0.1306174409239349,-0.36141034977423503,1.351508712403642,0.37376064746624565,True,vol1_band05,True,0.4492271615580492,0.4492271615580492,True,0.0
heston,13,64,20.0,0.72,joint_es90,vol1_band05,band05,1.0,0.2039960198716907,True,0.29752746615611936,0.9381857858641005,0.3838606761069978,0.44521859267804875,0.3146011517541139,0.1306174409239349,-0.36141034977423503,1.351508712403642,0.37376064746624565,True,vol1_band05,True,0.4492271615580492,0.4492271615580492,True,0.0
heston,13,256,20.0,0.72,forecast_first,vol1_band05,band05,1.0,0.2039960198716907,True,0.3687953027791781,1.2049860660886587,0.3769061757608506,0.44521859267804875,0.3146011517541139,0.1306174409239349,-0.36141034977423503,1.351508712403642,0.37376064746624565,True,vol1_band05,True,0.4492271615580492,0.4492271615580492,True,0.0
heston,13,256,20.0,0.72,joint_mse,vol1_band05,band05,1.0,0.2039960198716907,True,0.3687953027791781,1.2049860660886587,0.3769061757608506,0.44521859267804875,0.3146011517541139,0.1306174409239349,-0.36141034977423503,1.351508712403642,0.37376064746624565,True,vol1_band05,True,0.4492271615580492,0.4492271615580492,True,0.0
heston,13,256,20.0,0.72,joint_es90,vol1_band05,band05,1.0,0.2039960198716907,True,0.3687953027791781,1.2049860660886587,0.3769061757608506,0.44521859267804875,0.3146011517541139,0.1306174409239349,-0.36141034977423503,1.351508712403642,0.37376064746624565,True,vol1_band05,True,0.4492271615580492,0.4492271615580492,True,0.0
heston,14,16,5.0,0.18,forecast_first,vol1.25_daily,daily,1.25,0.2043219557604664,True,0.40130825881035215,1.4772124864535283,0.11436953385171873,0.24308419522748836,0.23476968761571487,0.0083145076117735,-0.09118392189291652,1.0255323354460033,0.12086561387253551,True,vol1.25_daily,True,0.2504632456518983,0.2504632456518983,True,0.0
heston,14,16,5.0,0.18,joint_mse,vol1.25_daily,daily,1.25,0.2043219557604664,True,0.40130825881035215,1.4772124864535283,0.11436953385171873,0.24308419522748836,0.23476968761571487,0.0083145076117735,-0.09118392189291652,1.0255323354460033,0.12086561387253551,True,vol1.25_daily,True,0.2504632456518983,0.2504632456518983,True,0.0
heston,14,16,5.0,0.18,joint_es90,vol1.25_band05,band05,1.25,0.2043219557604664,True,0.47670831366303357,1.370357133696851,0.08761739875182718,0.29509076591160344,0.29181034173169584,0.0032804241799076444,-0.057274987384613577,1.0290590985229544,0.09262482639302008,True,vol1.25_daily,True,0.2504632456518983,0.30902905035666006,True,0.05856580470476175
heston,14,64,5.0,0.18,forecast_first,vol1.25_daily,daily,1.25,0.2043219557604664,True,0.2527074312496989,1.1358164232957624,0.11699146980486606,0.24308419522748836,0.23476968761571487,0.0083145076117735,-0.09118392189291652,1.0255323354460033,0.12086561387253551,True,vol1.25_daily,True,0.2504632456518983,0.2504632456518983,True,0.0
heston,14,64,5.0,0.18,joint_mse,vol1.25_daily,daily,1.25,0.2043219557604664,True,0.2527074312496989,1.1358164232957624,0.11699146980486606,0.24308419522748836,0.23476968761571487,0.0083145076117735,-0.09118392189291652,1.0255323354460033,0.12086561387253551,True,vol1.25_daily,True,0.2504632456518983,0.2504632456518983,True,0.0
heston,14,64,5.0,0.18,joint_es90,vol1.25_band05,band05,1.25,0.2043219557604664,True,0.30555495276484457,1.0899307044303235,0.09164206179599796,0.29509076591160344,0.29181034173169584,0.0032804241799076444,-0.057274987384613577,1.0290590985229544,0.09262482639302008,True,vol1.25_daily,True,0.2504632456518983,0.30902905035666006,True,0.05856580470476175
heston,14,256,5.0,0.18,forecast_first,vol1.25_daily,daily,1.25,0.2043219557604664,True,0.23823132447980866,0.9778991816521401,0.12105714161096207,0.24308419522748836,0.23476968761571487,0.0083145076117735,-0.09118392189291652,1.0255323354460033,0.12086561387253551,True,vol1.25_daily,True,0.2504632456518983,0.2504632456518983,True,0.0
heston,14,256,5.0,0.18,joint_mse,vol1.25_daily,daily,1.25,0.2043219557604664,True,0.23823132447980866,0.9778991816521401,0.12105714161096207,0.24308419522748836,0.23476968761571487,0.0083145076117735,-0.09118392189291652,1.0255323354460033,0.12086561387253551,True,vol1.25_daily,True,0.2504632456518983,0.2504632456518983,True,0.0
heston,14,256,5.0,0.18,joint_es90,vol1.25_daily,daily,1.25,0.2043219557604664,True,0.23823132447980866,0.9778991816521401,0.12105714161096207,0.24308419522748836,0.23476968761571487,0.0083145076117735,-0.09118392189291652,1.0255323354460033,0.12086561387253551,True,vol1.25_daily,True,0.2504632456518983,0.2504632456518983,True,0.0
heston,14,16,20.0,0.72,forecast_first,vol1.25_band05,band05,1.25,0.2043219557604664,True,0.6827166424181867,1.714526865002221,0.35046959500730873,0.41371730905853304,0.30139214412061793,0.11232516493791513,-0.33514946656367384,1.3330290511494465,0.37049930557208033,True,vol1.25_band05,True,0.44310098878908327,0.44310098878908327,True,0.0
heston,14,16,20.0,0.72,joint_mse,vol1.25_band05,band05,1.25,0.2043219557604664,True,0.6827166424181867,1.714526865002221,0.35046959500730873,0.41371730905853304,0.30139214412061793,0.11232516493791513,-0.33514946656367384,1.3330290511494465,0.37049930557208033,True,vol1.25_band05,True,0.44310098878908327,0.44310098878908327,True,0.0
heston,14,16,20.0,0.72,joint_es90,vol1.25_band05,band05,1.25,0.2043219557604664,True,0.6827166424181867,1.714526865002221,0.35046959500730873,0.41371730905853304,0.30139214412061793,0.11232516493791513,-0.33514946656367384,1.3330290511494465,0.37049930557208033,True,vol1.25_band05,True,0.44310098878908327,0.44310098878908327,True,0.0
heston,14,64,20.0,0.72,forecast_first,vol1.25_band05,band05,1.25,0.2043219557604664,True,0.4534477618743444,1.392850517131546,0.36656824718399184,0.41371730905853304,0.30139214412061793,0.11232516493791513,-0.33514946656367384,1.3330290511494465,0.37049930557208033,True,vol1.25_band05,True,0.44310098878908327,0.44310098878908327,True,0.0
heston,14,64,20.0,0.72,joint_mse,vol1_band05,band05,1.0,0.16345756460837313,True,0.43678522786787094,1.4790045807007353,0.38916979464002577,0.42864923569233193,0.2972443888413637,0.13140484685096812,-0.3624980646168585,1.471447778736754,0.39784286682999215,True,vol1.25_band05,True,0.44310098878908327,0.46904087774137115,True,0.02593988895228788
heston,14,64,20.0,0.72,joint_es90,vol1.25_band05,band05,1.25,0.2043219557604664,True,0.4534477618743444,1.392850517131546,0.36656824718399184,0.41371730905853304,0.30139214412061793,0.11232516493791513,-0.33514946656367384,1.3330290511494465,0.37049930557208033,True,vol1.25_band05,True,0.44310098878908327,0.44310098878908327,True,0.0
heston,14,256,20.0,0.72,forecast_first,vol1.25_band05,band05,1.25,0.2043219557604664,True,0.4128885490130297,1.354457370086641,0.3730937408305852,0.41371730905853304,0.30139214412061793,0.11232516493791513,-0.33514946656367384,1.3330290511494465,0.37049930557208033,True,vol1.25_band05,True,0.44310098878908327,0.44310098878908327,True,0.0
heston,14,256,20.0,0.72,joint_mse,vol1.25_band05,band05,1.25,0.2043219557604664,True,0.4128885490130297,1.354457370086641,0.3730937408305852,0.41371730905853304,0.30139214412061793,0.11232516493791513,-0.33514946656367384,1.3330290511494465,0.37049930557208033,True,vol1.25_band05,True,0.44310098878908327,0.44310098878908327,True,0.0
heston,14,256,20.0,0.72,joint_es90,vol1.25_band05,band05,1.25,0.2043219557604664,True,0.4128885490130297,1.354457370086641,0.3730937408305852,0.41371730905853304,0.30139214412061793,0.11232516493791513,-0.33514946656367384,1.3330290511494465,0.37049930557208033,True,vol1.25_band05,True,0.44310098878908327,0.44310098878908327,True,0.0
heston,15,16,5.0,0.18,forecast_first,vol1.25_daily,daily,1.25,0.17697050068563608,True,0.0757076103930445,0.6240989561140798,0.12278188236515652,0.2691854640825291,0.2580622054585926,0.011123258623936554,-0.10546686031136299,1.156143214779022,0.12691666026462511,True,vol1.25_daily,True,0.2750364249503229,0.2750364249503229,True,0.0
heston,15,16,5.0,0.18,joint_mse,vol1.25_daily,daily,1.25,0.17697050068563608,True,0.0757076103930445,0.6240989561140798,0.12278188236515652,0.2691854640825291,0.2580622054585926,0.011123258623936554,-0.10546686031136299,1.156143214779022,0.12691666026462511,True,vol1.25_daily,True,0.2750364249503229,0.2750364249503229,True,0.0
heston,15,16,5.0,0.18,joint_es90,vol1.25_band05,band05,1.25,0.17697050068563608,True,0.09674511058966451,0.46472047029728664,0.0942626586835433,0.29288725408967164,0.28626409795176294,0.00662315613790876,-0.08138277543748898,1.1022985235408915,0.09825132036141887,True,vol1.25_daily,True,0.2750364249503229,0.2962047879973654,True,0.021168363047042504
heston,15,64,5.0,0.18,forecast_first,vol1.25_daily,daily,1.25,0.17697050068563608,True,0.16211139724552348,0.8709500637792178,0.12166369726584747,0.2691854640825291,0.2580622054585926,0.011123258623936554,-0.10546686031136299,1.156143214779022,0.12691666026462511,True,vol1.25_daily,True,0.2750364249503229,0.2750364249503229,True,0.0
heston,15,64,5.0,0.18,joint_mse,vol1.25_daily,daily,1.25,0.17697050068563608,True,0.16211139724552348,0.8709500637792178,0.12166369726584747,0.2691854640825291,0.2580622054585926,0.011123258623936554,-0.10546686031136299,1.156143214779022,0.12691666026462511,True,vol1.25_daily,True,0.2750364249503229,0.2750364249503229,True,0.0
heston,15,64,5.0,0.18,joint_es90,vol1.25_daily,daily,1.25,0.17697050068563608,True,0.16211139724552348,0.8709500637792178,0.12166369726584747,0.2691854640825291,0.2580622054585926,0.011123258623936554,-0.10546686031136299,1.156143214779022,0.12691666026462511,True,vol1.25_daily,True,0.2750364249503229,0.2750364249503229,True,0.0
heston,15,256,5.0,0.18,forecast_first,vol1.25_band05,band05,1.25,0.17697050068563608,True,0.23267056158137672,0.992493561573303,0.09620084145818755,0.29288725408967164,0.28626409795176294,0.00662315613790876,-0.08138277543748898,1.1022985235408915,0.09825132036141887,True,vol1.25_daily,True,0.2750364249503229,0.2962047879973654,True,0.021168363047042504
heston,15,256,5.0,0.18,joint_mse,vol1.25_band05,band05,1.25,0.17697050068563608,True,0.23267056158137672,0.992493561573303,0.09620084145818755,0.29288725408967164,0.28626409795176294,0.00662315613790876,-0.08138277543748898,1.1022985235408915,0.09825132036141887,True,vol1.25_daily,True,0.2750364249503229,0.2962047879973654,True,0.021168363047042504
heston,15,256,5.0,0.18,joint_es90,vol1.25_band05,band05,1.25,0.17697050068563608,True,0.23267056158137672,0.992493561573303,0.09620084145818755,0.29288725408967164,0.28626409795176294,0.00662315613790876,-0.08138277543748898,1.1022985235408915,0.09825132036141887,True,vol1.25_daily,True,0.2750364249503229,0.2962047879973654,True,0.021168363047042504
heston,15,16,20.0,0.72,forecast_first,vol1.25_band05,band05,1.25,0.17697050068563608,True,0.1552513847577005,0.7298270810736067,0.3770506347341732,0.4543555275510345,0.3128766829898054,0.14147884456122908,-0.3761367365217456,1.4742032538678493,0.3930052814456755,True,vol1.25_band05,True,0.45969670454701195,0.45969670454701195,True,0.0
heston,15,16,20.0,0.72,joint_mse,vol1.25_band05,band05,1.25,0.17697050068563608,True,0.1552513847577005,0.7298270810736067,0.3770506347341732,0.4543555275510345,0.3128766829898054,0.14147884456122908,-0.3761367365217456,1.4742032538678493,0.3930052814456755,True,vol1.25_band05,True,0.45969670454701195,0.45969670454701195,True,0.0
heston,15,16,20.0,0.72,joint_es90,vol1.25_band05,band05,1.25,0.17697050068563608,True,0.1552513847577005,0.7298270810736067,0.3770506347341732,0.4543555275510345,0.3128766829898054,0.14147884456122908,-0.3761367365217456,1.4742032538678493,0.3930052814456755,True,vol1.25_band05,True,0.45969670454701195,0.45969670454701195,True,0.0
heston,15,64,20.0,0.72,forecast_first,vol1.25_band05,band05,1.25,0.17697050068563608,True,0.3021869545506384,1.23265325258063,0.3727460778335711,0.4543555275510345,0.3128766829898054,0.14147884456122908,-0.3761367365217456,1.4742032538678493,0.3930052814456755,True,vol1.25_band05,True,0.45969670454701195,0.45969670454701195,True,0.0
heston,15,64,20.0,0.72,joint_mse,vol1.25_band05,band05,1.25,0.17697050068563608,True,0.3021869545506384,1.23265325258063,0.3727460778335711,0.4543555275510345,0.3128766829898054,0.14147884456122908,-0.3761367365217456,1.4742032538678493,0.3930052814456755,True,vol1.25_band05,True,0.45969670454701195,0.45969670454701195,True,0.0
heston,15,64,20.0,0.72,joint_es90,vol1.25_band05,band05,1.25,0.17697050068563608,True,0.3021869545506384,1.23265325258063,0.3727460778335711,0.4543555275510345,0.3128766829898054,0.14147884456122908,-0.3761367365217456,1.4742032538678493,0.3930052814456755,True,vol1.25_band05,True,0.45969670454701195,0.45969670454701195,True,0.0
heston,15,256,20.0,0.72,forecast_first,vol1.25_band05,band05,1.25,0.17697050068563608,True,0.3755425340716201,1.3336267882062256,0.3848033658327502,0.4543555275510345,0.3128766829898054,0.14147884456122908,-0.3761367365217456,1.4742032538678493,0.3930052814456755,True,vol1.25_band05,True,0.45969670454701195,0.45969670454701195,True,0.0
heston,15,256,20.0,0.72,joint_mse,vol1.25_band05,band05,1.25,0.17697050068563608,True,0.3755425340716201,1.3336267882062256,0.3848033658327502,0.4543555275510345,0.3128766829898054,0.14147884456122908,-0.3761367365217456,1.4742032538678493,0.3930052814456755,True,vol1.25_band05,True,0.45969670454701195,0.45969670454701195,True,0.0
heston,15,256,20.0,0.72,joint_es90,vol1.25_band05,band05,1.25,0.17697050068563608,True,0.3755425340716201,1.3336267882062256,0.3848033658327502,0.4543555275510345,0.3128766829898054,0.14147884456122908,-0.3761367365217456,1.4742032538678493,0.3930052814456755,True,vol1.25_band05,True,0.45969670454701195,0.45969670454701195,True,0.0
heston,16,16,5.0,0.18,forecast_first,vol0.75_daily,daily,0.75,0.1856420858423189,True,0.06783819005197472,0.4181292989651221,0.11142334133394682,0.254718475596069,0.23983652473184028,0.014881950864228756,-0.12199160161350762,1.1348695124164065,0.12537473216228961,True,vol0.75_daily,True,0.2629836509534321,0.2629836509534321,True,0.0
heston,16,16,5.0,0.18,joint_mse,vol0.75_daily,daily,0.75,0.1856420858423189,True,0.06783819005197472,0.4181292989651221,0.11142334133394682,0.254718475596069,0.23983652473184028,0.014881950864228756,-0.12199160161350762,1.1348695124164065,0.12537473216228961,True,vol0.75_daily,True,0.2629836509534321,0.2629836509534321,True,0.0
heston,16,16,5.0,0.18,joint_es90,vol0.75_daily,daily,0.75,0.1856420858423189,True,0.06783819005197472,0.4181292989651221,0.11142334133394682,0.254718475596069,0.23983652473184028,0.014881950864228756,-0.12199160161350762,1.1348695124164065,0.12537473216228961,True,vol0.75_daily,True,0.2629836509534321,0.2629836509534321,True,0.0
heston,16,64,5.0,0.18,forecast_first,vol0.75_band05,band05,0.75,0.1856420858423189,True,0.22403442445759475,1.0041920590204731,0.09314250866407191,0.2849153050636718,0.2741214397875002,0.010793865276171556,-0.1038935285577093,1.1009682237363714,0.09686952267478807,True,vol0.75_daily,True,0.2629836509534321,0.29827497455827046,True,0.03529132360483833
heston,16,64,5.0,0.18,joint_mse,vol1_daily,daily,1.0,0.24752278112309184,True,0.2209464684977711,0.9313972499164723,0.11194704177930019,0.2650525280177275,0.2517021839576371,0.013350344060090384,-0.11554368896694611,0.9814061645052321,0.11573907560599037,True,vol0.75_daily,True,0.2629836509534321,0.2779973804176473,True,0.015013729464215197
heston,16,64,5.0,0.18,joint_es90,vol1.25_daily,daily,1.25,0.3094034764038648,True,0.27416782306631,0.8897939466616538,0.10593421778832428,0.36114095772338917,0.34863173144633103,0.01250922627705807,-0.11184465242942136,1.0897226446004893,0.10848644846008863,True,vol0.75_daily,True,0.2629836509534321,0.37361825155287165,True,0.11063460059943953
heston,16,256,5.0,0.18,forecast_first,vol0.75_daily,daily,0.75,0.1856420858423189,True,0.28153859888848265,1.1556113296886528,0.12596716556847892,0.254718475596069,0.23983652473184028,0.014881950864228756,-0.12199160161350762,1.1348695124164065,0.12537473216228961,True,vol0.75_daily,True,0.2629836509534321,0.2629836509534321,True,0.0
heston,16,256,5.0,0.18,joint_mse,vol0.75_daily,daily,0.75,0.1856420858423189,True,0.28153859888848265,1.1556113296886528,0.12596716556847892,0.254718475596069,0.23983652473184028,0.014881950864228756,-0.12199160161350762,1.1348695124164065,0.12537473216228961,True,vol0.75_daily,True,0.2629836509534321,0.2629836509534321,True,0.0
heston,16,256,5.0,0.18,joint_es90,vol1_daily,daily,1.0,0.24752278112309184,True,0.299021003744126,0.9643789547008416,0.11639158240431198,0.2650525280177275,0.2517021839576371,0.013350344060090384,-0.11554368896694611,0.9814061645052321,0.11573907560599037,True,vol0.75_daily,True,0.2629836509534321,0.2779973804176473,True,0.015013729464215197
heston,16,16,20.0,0.72,forecast_first,vol0.75_daily,daily,0.75,0.1856420858423189,True,0.1996040904694958,0.7496014197956753,0.4456933653357873,0.5263528416827447,0.2782334933655696,0.24811934831717503,-0.4981157981003765,1.621671679295776,0.5014989286491585,True,vol0.75_band05,True,0.45130648181808014,0.524374668962758,True,0.07306818714467783
heston,16,16,20.0,0.72,joint_mse,vol0.75_daily,daily,0.75,0.1856420858423189,True,0.1996040904694958,0.7496014197956753,0.4456933653357873,0.5263528416827447,0.2782334933655696,0.24811934831717503,-0.4981157981003765,1.621671679295776,0.5014989286491585,True,vol0.75_band05,True,0.45130648181808014,0.524374668962758,True,0.07306818714467783
heston,16,16,20.0,0.72,joint_es90,vol0.75_daily,daily,0.75,0.1856420858423189,True,0.1996040904694958,0.7496014197956753,0.4456933653357873,0.5263528416827447,0.2782334933655696,0.24811934831717503,-0.4981157981003765,1.621671679295776,0.5014989286491585,True,vol0.75_band05,True,0.45130648181808014,0.524374668962758,True,0.07306818714467783
heston,16,64,20.0,0.72,forecast_first,vol0.75_band05,band05,0.75,0.1856420858423189,True,0.36932104426972956,1.3689025686454246,0.37257003465628763,0.4508229504847737,0.295191046277122,0.15563190420765163,-0.39450209658207347,1.4507840635787803,0.3874780906991523,True,vol0.75_band05,True,0.45130648181808014,0.45130648181808014,True,0.0
heston,16,64,20.0,0.72,joint_mse,vol0.75_band05,band05,0.75,0.1856420858423189,True,0.36932104426972956,1.3689025686454246,0.37257003465628763,0.4508229504847737,0.295191046277122,0.15563190420765163,-0.39450209658207347,1.4507840635787803,0.3874780906991523,True,vol0.75_band05,True,0.45130648181808014,0.45130648181808014,True,0.0
heston,16,64,20.0,0.72,joint_es90,vol1.25_daily,daily,1.25,0.3094034764038648,True,0.44581889198144997,1.278935479254364,0.4237368711532971,0.5284385153752137,0.33720372887487876,0.1912347865003349,-0.4373039978096872,1.3713287725514245,0.43394579384035453,True,vol0.75_band05,True,0.45130648181808014,0.5264132347855096,True,0.07510675296742947
heston,16,256,20.0,0.72,forecast_first,vol0.75_band05,band05,0.75,0.1856420858423189,True,0.44576972626583833,1.4373104056876151,0.38777546943565455,0.4508229504847737,0.295191046277122,0.15563190420765163,-0.39450209658207347,1.4507840635787803,0.3874780906991523,True,vol0.75_band05,True,0.45130648181808014,0.45130648181808014,True,0.0
heston,16,256,20.0,0.72,joint_mse,vol0.75_band05,band05,0.75,0.1856420858423189,True,0.44576972626583833,1.4373104056876151,0.38777546943565455,0.4508229504847737,0.295191046277122,0.15563190420765163,-0.39450209658207347,1.4507840635787803,0.3874780906991523,True,vol0.75_band05,True,0.45130648181808014,0.45130648181808014,True,0.0
heston,16,256,20.0,0.72,joint_es90,vol1.25_daily,daily,1.25,0.3094034764038648,True,0.525661410979232,1.3428044466832934,0.43626390750915384,0.5284385153752137,0.33720372887487876,0.1912347865003349,-0.4373039978096872,1.3713287725514245,0.43394579384035453,True,vol0.75_band05,True,0.45130648181808014,0.5264132347855096,True,0.07510675296742947
heston,17,16,5.0,0.18,forecast_first,vol1.25_daily,daily,1.25,0.18386936345044097,True,0.16619807978761358,0.6579291821726073,0.12972211250730165,0.23461891441439622,0.22685976731551602,0.007759147098880197,-0.08808602101854866,1.0233363706519831,0.12391323370256942,True,vol1.25_daily,True,0.2645846574563929,0.2645846574563929,True,0.0
heston,17,16,5.0,0.18,joint_mse,vol0.75_band10,band10,0.75,0.11032161807026458,True,0.1288093649003711,0.4843204682653297,0.0984825030640108,0.3833791344510162,0.38100933632427597,0.0023697981267401815,-0.04868057237482096,1.2941860583169786,0.09517519533827262,True,vol1.25_daily,True,0.2645846574563929,0.4183495160666635,True,0.15376485861027056
heston,17,16,5.0,0.18,joint_es90,vol0.75_band10,band10,0.75,0.11032161807026458,True,0.1288093649003711,0.4843204682653297,0.0984825030640108,0.3833791344510162,0.38100933632427597,0.0023697981267401815,-0.04868057237482096,1.2941860583169786,0.09517519533827262,True,vol1.25_daily,True,0.2645846574563929,0.4183495160666635,True,0.15376485861027056
heston,17,64,5.0,0.18,forecast_first,vol1.25_band10,band10,1.25,0.18386936345044097,True,0.20397000306381868,0.8367182420721899,0.08343514485188129,0.4132347950897691,0.4103968168843546,0.0028379782054144885,-0.05327267785098182,1.210179252794656,0.08207663256789954,True,vol1.25_daily,True,0.2645846574563929,0.41455475208620923,True,0.1499700946298163
heston,17,64,5.0,0.18,joint_mse,vol1.25_band10,band10,1.25,0.18386936345044097,True,0.20397000306381868,0.8367182420721899,0.08343514485188129,0.4132347950897691,0.4103968168843546,0.0028379782054144885,-0.05327267785098182,1.210179252794656,0.08207663256789954,True,vol1.25_daily,True,0.2645846574563929,0.41455475208620923,True,0.1499700946298163
heston,17,64,5.0,0.18,joint_es90,vol1.25_band10,band10,1.25,0.18386936345044097,True,0.20397000306381868,0.8367182420721899,0.08343514485188129,0.4132347950897691,0.4103968168843546,0.0028379782054144885,-0.05327267785098182,1.210179252794656,0.08207663256789954,True,vol1.25_daily,True,0.2645846574563929,0.41455475208620923,True,0.1499700946298163
heston,17,256,5.0,0.18,forecast_first,vol1.25_daily,daily,1.25,0.18386936345044097,True,0.29539285508887925,1.1258870388918938,0.12529684408877056,0.23461891441439622,0.22685976731551602,0.007759147098880197,-0.08808602101854866,1.0233363706519831,0.12391323370256942,True,vol1.25_daily,True,0.2645846574563929,0.2645846574563929,True,0.0
heston,17,256,5.0,0.18,joint_mse,vol1.25_daily,daily,1.25,0.18386936345044097,True,0.29539285508887925,1.1258870388918938,0.12529684408877056,0.23461891441439622,0.22685976731551602,0.007759147098880197,-0.08808602101854866,1.0233363706519831,0.12391323370256942,True,vol1.25_daily,True,0.2645846574563929,0.2645846574563929,True,0.0
heston,17,256,5.0,0.18,joint_es90,vol1.25_band05,band05,1.25,0.18386936345044097,True,0.3111400675995176,1.0544003247181624,0.0963771540634835,0.2767556623980945,0.27297442512020076,0.003781237277893755,-0.06149176593572309,1.0035146812106195,0.0955362846632585,True,vol1.25_daily,True,0.2645846574563929,0.29190606874271186,True,0.02732141128631893
heston,17,16,20.0,0.72,forecast_first,vol1.25_band10,band10,1.25,0.18386936345044097,True,0.268910638616617,1.0650611746344396,0.34149812522029865,0.5086976651351023,0.41899587237121516,0.08970179276388704,-0.2995025755546804,1.465528895729329,0.3283065302715982,True,vol1.25_band05,True,0.4445367764797331,0.5229643695094298,True,0.07842759302969671
heston,17,16,20.0,0.72,joint_mse,vol0.75_band10,band10,0.75,0.11032161807026458,True,0.19879158042208223,0.7712812402027732,0.3939300122560432,0.5468495327938819,0.4351557764883216,0.11169375630556037,-0.33420615838963885,1.674515369353555,0.3807007813530905,True,vol1.25_band05,True,0.4445367764797331,0.6066206555216069,True,0.16208387904187382
heston,17,16,20.0,0.72,joint_es90,vol0.75_band10,band10,0.75,0.11032161807026458,True,0.19879158042208223,0.7712812402027732,0.3939300122560432,0.5468495327938819,0.4351557764883216,0.11169375630556037,-0.33420615838963885,1.674515369353555,0.3807007813530905,True,vol1.25_band05,True,0.4445367764797331,0.6066206555216069,True,0.16208387904187382
heston,17,64,20.0,0.72,forecast_first,vol1.25_band10,band10,1.25,0.18386936345044097,True,0.2787774147952203,1.103703147501912,0.33374057940752516,0.5086976651351023,0.41899587237121516,0.08970179276388704,-0.2995025755546804,1.465528895729329,0.3283065302715982,True,vol1.25_band05,True,0.4445367764797331,0.5229643695094298,True,0.07842759302969671
heston,17,64,20.0,0.72,joint_mse,vol1.25_band10,band10,1.25,0.18386936345044097,True,0.2787774147952203,1.103703147501912,0.33374057940752516,0.5086976651351023,0.41899587237121516,0.08970179276388704,-0.2995025755546804,1.465528895729329,0.3283065302715982,True,vol1.25_band05,True,0.4445367764797331,0.5229643695094298,True,0.07842759302969671
heston,17,64,20.0,0.72,joint_es90,vol1.25_band10,band10,1.25,0.18386936345044097,True,0.2787774147952203,1.103703147501912,0.33374057940752516,0.5086976651351023,0.41899587237121516,0.08970179276388704,-0.2995025755546804,1.465528895729329,0.3283065302715982,True,vol1.25_band05,True,0.4445367764797331,0.5229643695094298,True,0.07842759302969671
heston,17,256,20.0,0.72,forecast_first,vol1.25_band05,band05,1.25,0.18386936345044097,True,0.4801542378417739,1.3978234006232835,0.385508616253934,0.4121950022241154,0.291020960631599,0.12117404159251649,-0.3481006199254987,1.345615231300196,0.382145138653034,True,vol1.25_band05,True,0.4445367764797331,0.4445367764797331,True,0.0
heston,17,256,20.0,0.72,joint_mse,vol1.25_band05,band05,1.25,0.18386936345044097,True,0.4801542378417739,1.3978234006232835,0.385508616253934,0.4121950022241154,0.291020960631599,0.12117404159251649,-0.3481006199254987,1.345615231300196,0.382145138653034,True,vol1.25_band05,True,0.4445367764797331,0.4445367764797331,True,0.0
heston,17,256,20.0,0.72,joint_es90,vol1.25_band05,band05,1.25,0.18386936345044097,True,0.4801542378417739,1.3978234006232835,0.385508616253934,0.4121950022241154,0.291020960631599,0.12117404159251649,-0.3481006199254987,1.345615231300196,0.382145138653034,True,vol1.25_band05,True,0.4445367764797331,0.4445367764797331,True,0.0
heston,18,16,5.0,0.18,forecast_first,vol1.25_band10,band10,1.25,0.14905834056671716,True,0.5663839757539775,1.721710179587617,0.0874684598778317,0.38047229941079963,0.37381812004655424,0.006654179364245445,-0.0815731534528698,1.2636094942600649,0.08805729696481057,True,vol1.25_band05,True,0.309056974065168,0.3707638256503403,True,0.06170685158517225
heston,18,16,5.0,0.18,joint_mse,vol1.25_band10,band10,1.25,0.14905834056671716,True,0.5663839757539775,1.721710179587617,0.0874684598778317,0.38047229941079963,0.37381812004655424,0.006654179364245445,-0.0815731534528698,1.2636094942600649,0.08805729696481057,True,vol1.25_band05,True,0.309056974065168,0.3707638256503403,True,0.06170685158517225
heston,18,16,5.0,0.18,joint_es90,vol1.25_band10,band10,1.25,0.14905834056671716,True,0.5663839757539775,1.721710179587617,0.0874684598778317,0.38047229941079963,0.37381812004655424,0.006654179364245445,-0.0815731534528698,1.2636094942600649,0.08805729696481057,True,vol1.25_band05,True,0.309056974065168,0.3707638256503403,True,0.06170685158517225
heston,18,64,5.0,0.18,forecast_first,vol1.25_band05,band05,1.25,0.14905834056671716,True,0.3070718842343354,1.183516715346942,0.10297664068010084,0.3271394669665667,0.318920790149983,0.008218676816583628,-0.09065691819482741,1.2786666278283565,0.10311830242307465,True,vol1.25_band05,True,0.309056974065168,0.309056974065168,True,0.0
heston,18,64,5.0,0.18,joint_mse,vol1.25_band05,band05,1.25,0.14905834056671716,True,0.3070718842343354,1.183516715346942,0.10297664068010084,0.3271394669665667,0.318920790149983,0.008218676816583628,-0.09065691819482741,1.2786666278283565,0.10311830242307465,True,vol1.25_band05,True,0.309056974065168,0.309056974065168,True,0.0
heston,18,64,5.0,0.18,joint_es90,vol1.25_band05,band05,1.25,0.14905834056671716,True,0.3070718842343354,1.183516715346942,0.10297664068010084,0.3271394669665667,0.318920790149983,0.008218676816583628,-0.09065691819482741,1.2786666278283565,0.10311830242307465,True,vol1.25_band05,True,0.309056974065168,0.309056974065168,True,0.0
heston,18,256,5.0,0.18,forecast_first,vol1.25_band05,band05,1.25,0.14905834056671716,True,0.3442347321042977,1.2312720246226254,0.10399356998406611,0.3271394669665667,0.318920790149983,0.008218676816583628,-0.09065691819482741,1.2786666278283565,0.10311830242307465,True,vol1.25_band05,True,0.309056974065168,0.309056974065168,True,0.0
heston,18,256,5.0,0.18,joint_mse,vol1.25_band05,band05,1.25,0.14905834056671716,True,0.3442347321042977,1.2312720246226254,0.10399356998406611,0.3271394669665667,0.318920790149983,0.008218676816583628,-0.09065691819482741,1.2786666278283565,0.10311830242307465,True,vol1.25_band05,True,0.309056974065168,0.309056974065168,True,0.0
heston,18,256,5.0,0.18,joint_es90,vol1.25_band05,band05,1.25,0.14905834056671716,True,0.3442347321042977,1.2312720246226254,0.10399356998406611,0.3271394669665667,0.318920790149983,0.008218676816583628,-0.09065691819482741,1.2786666278283565,0.10311830242307465,True,vol1.25_band05,True,0.309056974065168,0.309056974065168,True,0.0
heston,18,16,20.0,0.72,forecast_first,vol1.25_band10,band10,1.25,0.14905834056671716,True,0.7802292020515018,2.024055629868816,0.3498738395113268,0.5235847937718837,0.4040451580811662,0.1195396356907175,-0.3457450443473015,1.5849629211795095,0.3522291878592423,True,vol1.25_band10,True,0.5048865557791095,0.5048865557791095,True,0.0
heston,18,16,20.0,0.72,joint_mse,vol1.25_band10,band10,1.25,0.14905834056671716,True,0.7802292020515018,2.024055629868816,0.3498738395113268,0.5235847937718837,0.4040451580811662,0.1195396356907175,-0.3457450443473015,1.5849629211795095,0.3522291878592423,True,vol1.25_band10,True,0.5048865557791095,0.5048865557791095,True,0.0
heston,18,16,20.0,0.72,joint_es90,vol1.25_band10,band10,1.25,0.14905834056671716,True,0.7802292020515018,2.024055629868816,0.3498738395113268,0.5235847937718837,0.4040451580811662,0.1195396356907175,-0.3457450443473015,1.5849629211795095,0.3522291878592423,True,vol1.25_band10,True,0.5048865557791095,0.5048865557791095,True,0.0
heston,18,64,20.0,0.72,forecast_first,vol1.25_band05,band05,1.25,0.14905834056671716,True,0.49518124355877624,1.5868125753161015,0.4119065627204034,0.5320893123441659,0.3720798518330831,0.16000946051108267,-0.40001182546405134,1.6995204167744709,0.4124732096922986,True,vol1.25_band10,True,0.5048865557791095,0.5089877962144971,True,0.004101240435387621
heston,18,64,20.0,0.72,joint_mse,vol1.25_band05,band05,1.25,0.14905834056671716,True,0.49518124355877624,1.5868125753161015,0.4119065627204034,0.5320893123441659,0.3720798518330831,0.16000946051108267,-0.40001182546405134,1.6995204167744709,0.4124732096922986,True,vol1.25_band10,True,0.5048865557791095,0.5089877962144971,True,0.004101240435387621
heston,18,64,20.0,0.72,joint_es90,vol1.25_band05,band05,1.25,0.14905834056671716,True,0.49518124355877624,1.5868125753161015,0.4119065627204034,0.5320893123441659,0.3720798518330831,0.16000946051108267,-0.40001182546405134,1.6995204167744709,0.4124732096922986,True,vol1.25_band10,True,0.5048865557791095,0.5089877962144971,True,0.004101240435387621
heston,18,256,20.0,0.72,forecast_first,vol1.25_band05,band05,1.25,0.14905834056671716,True,0.5699882131936884,1.6506509908079319,0.41597427993626446,0.5320893123441659,0.3720798518330831,0.16000946051108267,-0.40001182546405134,1.6995204167744709,0.4124732096922986,True,vol1.25_band10,True,0.5048865557791095,0.5089877962144971,True,0.004101240435387621
heston,18,256,20.0,0.72,joint_mse,vol1.25_band05,band05,1.25,0.14905834056671716,True,0.5699882131936884,1.6506509908079319,0.41597427993626446,0.5320893123441659,0.3720798518330831,0.16000946051108267,-0.40001182546405134,1.6995204167744709,0.4124732096922986,True,vol1.25_band10,True,0.5048865557791095,0.5089877962144971,True,0.004101240435387621
heston,18,256,20.0,0.72,joint_es90,vol1.25_band05,band05,1.25,0.14905834056671716,True,0.5699882131936884,1.6506509908079319,0.41597427993626446,0.5320893123441659,0.3720798518330831,0.16000946051108267,-0.40001182546405134,1.6995204167744709,0.4124732096922986,True,vol1.25_band10,True,0.5048865557791095,0.5089877962144971,True,0.004101240435387621
heston,19,16,5.0,0.18,forecast_first,vol1.25_daily,daily,1.25,0.1644671884354449,True,0.39812018568182417,1.6473104296484973,0.13773196317972136,0.3238615230046426,0.31126592821725463,0.012595594787387983,-0.1122300975112647,1.2654204467698624,0.1291379133836714,True,vol1.25_band05,True,0.2984050790495789,0.3018710145375513,True,0.0034659354879723603
heston,19,16,5.0,0.18,joint_mse,vol1.25_daily,daily,1.25,0.1644671884354449,True,0.39812018568182417,1.6473104296484973,0.13773196317972136,0.3238615230046426,0.31126592821725463,0.012595594787387983,-0.1122300975112647,1.2654204467698624,0.1291379133836714,True,vol1.25_band05,True,0.2984050790495789,0.3018710145375513,True,0.0034659354879723603
heston,19,16,5.0,0.18,joint_es90,vol1.25_band10,band10,1.25,0.1644671884354449,True,0.5286113796898168,1.6291236596499634,0.09765808112197796,0.41116301428933844,0.4067298021206761,0.004433212168662363,-0.06658237130549169,1.2527018051757588,0.08584048778147871,True,vol1.25_band05,True,0.2984050790495789,0.38765490521728696,True,0.08924982616770805
heston,19,64,5.0,0.18,forecast_first,vol1.25_band05,band05,1.25,0.1644671884354449,True,0.2751684897045257,1.0713767234812146,0.10215996519424521,0.3263852507352304,0.3193839655985481,0.007001285136682351,-0.08367368246158616,1.2047621272165248,0.10042938248721424,True,vol1.25_band05,True,0.2984050790495789,0.2984050790495789,True,0.0
heston,19,64,5.0,0.18,joint_mse,vol1.25_band05,band05,1.25,0.1644671884354449,True,0.2751684897045257,1.0713767234812146,0.10215996519424521,0.3263852507352304,0.3193839655985481,0.007001285136682351,-0.08367368246158616,1.2047621272165248,0.10042938248721424,True,vol1.25_band05,True,0.2984050790495789,0.2984050790495789,True,0.0
heston,19,64,5.0,0.18,joint_es90,vol1.25_band05,band05,1.25,0.1644671884354449,True,0.2751684897045257,1.0713767234812146,0.10215996519424521,0.3263852507352304,0.3193839655985481,0.007001285136682351,-0.08367368246158616,1.2047621272165248,0.10042938248721424,True,vol1.25_band05,True,0.2984050790495789,0.2984050790495789,True,0.0
heston,19,256,5.0,0.18,forecast_first,vol1.25_daily,daily,1.25,0.1644671884354449,True,0.2620329517920228,1.1533138620725023,0.12855833238767647,0.3238615230046426,0.31126592821725463,0.012595594787387983,-0.1122300975112647,1.2654204467698624,0.1291379133836714,True,vol1.25_band05,True,0.2984050790495789,0.3018710145375513,True,0.0034659354879723603
heston,19,256,5.0,0.18,joint_mse,vol1.25_daily,daily,1.25,0.1644671884354449,True,0.2620329517920228,1.1533138620725023,0.12855833238767647,0.3238615230046426,0.31126592821725463,0.012595594787387983,-0.1122300975112647,1.2654204467698624,0.1291379133836714,True,vol1.25_band05,True,0.2984050790495789,0.3018710145375513,True,0.0034659354879723603
heston,19,256,5.0,0.18,joint_es90,vol1.25_band05,band05,1.25,0.1644671884354449,True,0.26716975125326936,1.071727101600763,0.1002037332463385,0.3263852507352304,0.3193839655985481,0.007001285136682351,-0.08367368246158616,1.2047621272165248,0.10042938248721424,True,vol1.25_band05,True,0.2984050790495789,0.2984050790495789,True,0.0
heston,19,16,20.0,0.72,forecast_first,vol1.25_band05,band05,1.25,0.1644671884354449,True,0.7389633167242797,2.0942831039484795,0.44399676028349067,0.5067999016960949,0.3586042911982538,0.14819561049784102,-0.3849618299232289,1.6100336162329771,0.40171752994885696,True,vol1.25_band05,True,0.47446610269394096,0.47446610269394096,True,0.0
heston,19,16,20.0,0.72,joint_mse,vol1.25_band05,band05,1.25,0.1644671884354449,True,0.7389633167242797,2.0942831039484795,0.44399676028349067,0.5067999016960949,0.3586042911982538,0.14819561049784102,-0.3849618299232289,1.6100336162329771,0.40171752994885696,True,vol1.25_band05,True,0.47446610269394096,0.47446610269394096,True,0.0
heston,19,16,20.0,0.72,joint_es90,vol1.25_band10,band10,1.25,0.1644671884354449,True,0.777454157998887,2.0134777053970994,0.39063232448791185,0.5360705115001116,0.43102721586532394,0.10504329563478779,-0.32410383464992787,1.555146493359399,0.34336195112591483,True,vol1.25_band05,True,0.47446610269394096,0.5073634928731637,True,0.032897390179222774
heston,19,64,20.0,0.72,forecast_first,vol1.25_band05,band05,1.25,0.1644671884354449,True,0.4583207436977697,1.4608744624076044,0.40863986077698083,0.5067999016960949,0.3586042911982538,0.14819561049784102,-0.3849618299232289,1.6100336162329771,0.40171752994885696,True,vol1.25_band05,True,0.47446610269394096,0.47446610269394096,True,0.0
heston,19,64,20.0,0.72,joint_mse,vol1.25_band05,band05,1.25,0.1644671884354449,True,0.4583207436977697,1.4608744624076044,0.40863986077698083,0.5067999016960949,0.3586042911982538,0.14819561049784102,-0.3849618299232289,1.6100336162329771,0.40171752994885696,True,vol1.25_band05,True,0.47446610269394096,0.47446610269394096,True,0.0
heston,19,64,20.0,0.72,joint_es90,vol1.25_band05,band05,1.25,0.1644671884354449,True,0.4583207436977697,1.4608744624076044,0.40863986077698083,0.5067999016960949,0.3586042911982538,0.14819561049784102,-0.3849618299232289,1.6100336162329771,0.40171752994885696,True,vol1.25_band05,True,0.47446610269394096,0.47446610269394096,True,0.0
heston,19,256,20.0,0.72,forecast_first,vol1.25_band05,band05,1.25,0.1644671884354449,True,0.4294112727629125,1.4496226140224295,0.400814932985354,0.5067999016960949,0.3586042911982538,0.14819561049784102,-0.3849618299232289,1.6100336162329771,0.40171752994885696,True,vol1.25_band05,True,0.47446610269394096,0.47446610269394096,True,0.0
heston,19,256,20.0,0.72,joint_mse,vol1.25_band05,band05,1.25,0.1644671884354449,True,0.4294112727629125,1.4496226140224295,0.400814932985354,0.5067999016960949,0.3586042911982538,0.14819561049784102,-0.3849618299232289,1.6100336162329771,0.40171752994885696,True,vol1.25_band05,True,0.47446610269394096,0.47446610269394096,True,0.0
heston,19,256,20.0,0.72,joint_es90,vol1.25_band10,band10,1.25,0.1644671884354449,True,0.47504496280336617,1.4277219401183574,0.34302562496811206,0.5360705115001116,0.43102721586532394,0.10504329563478779,-0.32410383464992787,1.555146493359399,0.34336195112591483,True,vol1.25_band05,True,0.47446610269394096,0.5073634928731637,True,0.032897390179222774
heston,20,16,5.0,0.18,forecast_first,vol0.75_band05,band05,0.75,0.16912679646489193,True,0.17214008460340188,0.6588180429426927,0.09487719443603605,0.3082148806851871,0.3028182690333349,0.005396611651852167,-0.07346163387682149,1.1399520228002404,0.09843510389475035,True,vol1_daily,True,0.26081172489924453,0.29922854941396554,True,0.038416824514721004
heston,20,16,5.0,0.18,joint_mse,vol1_daily,daily,1.0,0.22550239528652258,True,0.1656571300927345,0.6198770209641776,0.11326133662938728,0.2724099335071203,0.26277410568051573,0.009635827826604569,-0.09816225255465855,0.998195526301672,0.11783781426419448,True,vol1_daily,True,0.26081172489924453,0.26081172489924453,True,0.0
heston,20,16,5.0,0.18,joint_es90,vol1_daily,daily,1.0,0.22550239528652258,True,0.1656571300927345,0.6198770209641776,0.11326133662938728,0.2724099335071203,0.26277410568051573,0.009635827826604569,-0.09816225255465855,0.998195526301672,0.11783781426419448,True,vol1_daily,True,0.26081172489924453,0.26081172489924453,True,0.0
heston,20,64,5.0,0.18,forecast_first,vol1_daily,daily,1.0,0.22550239528652258,True,0.23535363856769037,0.9057941167438519,0.11743247375500437,0.2724099335071203,0.26277410568051573,0.009635827826604569,-0.09816225255465855,0.998195526301672,0.11783781426419448,True,vol1_daily,True,0.26081172489924453,0.26081172489924453,True,0.0
heston,20,64,5.0,0.18,joint_mse,vol0.75_daily,daily,0.75,0.16912679646489193,True,0.2353111589438353,1.033533803757275,0.12684680916393315,0.29270837698753877,0.2804613101251888,0.012247066862349939,-0.11066646674738441,1.2112283058107038,0.12758791449496218,True,vol1_daily,True,0.26081172489924453,0.28579156235335706,True,0.02497983745411253
heston,20,64,5.0,0.18,joint_es90,vol1_daily,daily,1.0,0.22550239528652258,True,0.23535363856769037,0.9057941167438519,0.11743247375500437,0.2724099335071203,0.26277410568051573,0.009635827826604569,-0.09816225255465855,0.998195526301672,0.11783781426419448,True,vol1_daily,True,0.26081172489924453,0.26081172489924453,True,0.0
heston,20,256,5.0,0.18,forecast_first,vol1_daily,daily,1.0,0.22550239528652258,True,0.24106573367558065,0.9551557798859664,0.11944527506838859,0.2724099335071203,0.26277410568051573,0.009635827826604569,-0.09816225255465855,0.998195526301672,0.11783781426419448,True,vol1_daily,True,0.26081172489924453,0.26081172489924453,True,0.0
heston,20,256,5.0,0.18,joint_mse,vol1_daily,daily,1.0,0.22550239528652258,True,0.24106573367558065,0.9551557798859664,0.11944527506838859,0.2724099335071203,0.26277410568051573,0.009635827826604569,-0.09816225255465855,0.998195526301672,0.11783781426419448,True,vol1_daily,True,0.26081172489924453,0.26081172489924453,True,0.0
heston,20,256,5.0,0.18,joint_es90,vol1_daily,daily,1.0,0.22550239528652258,True,0.24106573367558065,0.9551557798859664,0.11944527506838859,0.2724099335071203,0.26277410568051573,0.009635827826604569,-0.09816225255465855,0.998195526301672,0.11783781426419448,True,vol1_daily,True,0.26081172489924453,0.26081172489924453,True,0.0
heston,20,16,20.0,0.72,forecast_first,vol0.75_band05,band05,0.75,0.16912679646489193,True,0.32515905958615005,1.028318567892667,0.3795087777441442,0.46995527992819447,0.3339662197897514,0.13598906013844303,-0.36876694556107253,1.5153124036697074,0.3937404155790014,True,vol1_band05,True,0.4723043962187816,0.4725756897789086,True,0.0002712935601270061
heston,20,16,20.0,0.72,joint_mse,vol0.75_band05,band05,0.75,0.16912679646489193,True,0.32515905958615005,1.028318567892667,0.3795087777441442,0.46995527992819447,0.3339662197897514,0.13598906013844303,-0.36876694556107253,1.5153124036697074,0.3937404155790014,True,vol1_band05,True,0.4723043962187816,0.4725756897789086,True,0.0002712935601270061
heston,20,16,20.0,0.72,joint_es90,vol0.75_band05,band05,0.75,0.16912679646489193,True,0.32515905958615005,1.028318567892667,0.3795087777441442,0.46995527992819447,0.3339662197897514,0.13598906013844303,-0.36876694556107253,1.5153124036697074,0.3937404155790014,True,vol1_band05,True,0.4723043962187816,0.4725756897789086,True,0.0002712935601270061
heston,20,64,20.0,0.72,forecast_first,vol1_band05,band05,1.0,0.22550239528652258,True,0.4791538107632263,1.3151854278852684,0.3548821937845211,0.47314249458582813,0.36384320582928803,0.10929928875654013,-0.3306044294266792,1.375029217093744,0.35879013126592446,True,vol1_band05,True,0.4723043962187816,0.4723043962187816,True,0.0
heston,20,64,20.0,0.72,joint_mse,vol0.75_band05,band05,0.75,0.16912679646489193,True,0.43891558763767513,1.3952169013210136,0.3879422640458167,0.46995527992819447,0.3339662197897514,0.13598906013844303,-0.36876694556107253,1.5153124036697074,0.3937404155790014,True,vol1_band05,True,0.4723043962187816,0.4725756897789086,True,0.0002712935601270061
heston,20,64,20.0,0.72,joint_es90,vol1.25_daily,daily,1.25,0.28187799410815323,True,0.5680543203965702,1.2842818004647212,0.4412111514978595,0.5051774213806404,0.329091172042147,0.17608624933849348,-0.4196263210744692,1.343010069211641,0.4417252776665568,True,vol1_band05,True,0.4723043962187816,0.4991895835187031,True,0.026885187299921454
heston,20,256,20.0,0.72,forecast_first,vol1_band05,band05,1.0,0.22550239528652258,True,0.4397250655684074,1.3529544592528495,0.36326044710270444,0.47314249458582813,0.36384320582928803,0.10929928875654013,-0.3306044294266792,1.375029217093744,0.35879013126592446,True,vol1_band05,True,0.4723043962187816,0.4723043962187816,True,0.0
heston,20,256,20.0,0.72,joint_mse,vol1_band05,band05,1.0,0.22550239528652258,True,0.4397250655684074,1.3529544592528495,0.36326044710270444,0.47314249458582813,0.36384320582928803,0.10929928875654013,-0.3306044294266792,1.375029217093744,0.35879013126592446,True,vol1_band05,True,0.4723043962187816,0.4723043962187816,True,0.0
heston,20,256,20.0,0.72,joint_es90,vol1.25_daily,daily,1.25,0.28187799410815323,True,0.47634469574912275,1.3135577965531406,0.4471281497815983,0.5051774213806404,0.329091172042147,0.17608624933849348,-0.4196263210744692,1.343010069211641,0.4417252776665568,True,vol1_band05,True,0.4723043962187816,0.4991895835187031,True,0.026885187299921454
heston,21,16,5.0,0.18,forecast_first,vol1_daily,daily,1.0,0.21478298447719896,True,0.16699321984864235,0.68202263409509,0.11750933345293169,0.24757993368427206,0.23906686350201722,0.008513070182254851,-0.09226630036072136,1.0004806834067501,0.12006408534139028,True,vol1_daily,True,0.25240444279864194,0.25240444279864194,True,0.0
heston,21,16,5.0,0.18,joint_mse,vol0.75_daily,daily,0.75,0.16108723835789923,True,0.09483847803941242,0.5148869857418344,0.12702533596787224,0.28052799842145915,0.27234978629450607,0.008178212126953103,-0.09043346795823493,1.1831456037276493,0.12952452561954747,True,vol1_daily,True,0.25240444279864194,0.2949736127996181,True,0.04256917000097615
heston,21,16,5.0,0.18,joint_es90,vol0.75_daily,daily,0.75,0.16108723835789923,True,0.09483847803941242,0.5148869857418344,0.12702533596787224,0.28052799842145915,0.27234978629450607,0.008178212126953103,-0.09043346795823493,1.1831456037276493,0.12952452561954747,True,vol1_daily,True,0.25240444279864194,0.2949736127996181,True,0.04256917000097615
heston,21,64,5.0,0.18,forecast_first,vol1_daily,daily,1.0,0.21478298447719896,True,0.27644873914609214,1.0677288671113814,0.1199978934373504,0.24757993368427206,0.23906686350201722,0.008513070182254851,-0.09226630036072136,1.0004806834067501,0.12006408534139028,True,vol1_daily,True,0.25240444279864194,0.25240444279864194,True,0.0
heston,21,64,5.0,0.18,joint_mse,vol1_daily,daily,1.0,0.21478298447719896,True,0.27644873914609214,1.0677288671113814,0.1199978934373504,0.24757993368427206,0.23906686350201722,0.008513070182254851,-0.09226630036072136,1.0004806834067501,0.12006408534139028,True,vol1_daily,True,0.25240444279864194,0.25240444279864194,True,0.0
heston,21,64,5.0,0.18,joint_es90,vol1_daily,daily,1.0,0.21478298447719896,True,0.27644873914609214,1.0677288671113814,0.1199978934373504,0.24757993368427206,0.23906686350201722,0.008513070182254851,-0.09226630036072136,1.0004806834067501,0.12006408534139028,True,vol1_daily,True,0.25240444279864194,0.25240444279864194,True,0.0
heston,21,256,5.0,0.18,forecast_first,vol1_daily,daily,1.0,0.21478298447719896,True,0.26453780147419775,1.04463536523814,0.12195595259995005,0.24757993368427206,0.23906686350201722,0.008513070182254851,-0.09226630036072136,1.0004806834067501,0.12006408534139028,True,vol1_daily,True,0.25240444279864194,0.25240444279864194,True,0.0
heston,21,256,5.0,0.18,joint_mse,vol1_daily,daily,1.0,0.21478298447719896,True,0.26453780147419775,1.04463536523814,0.12195595259995005,0.24757993368427206,0.23906686350201722,0.008513070182254851,-0.09226630036072136,1.0004806834067501,0.12006408534139028,True,vol1_daily,True,0.25240444279864194,0.25240444279864194,True,0.0
heston,21,256,5.0,0.18,joint_es90,vol1.25_daily,daily,1.25,0.2684787305964987,True,0.3256239025648048,1.016182528063275,0.11409018790627515,0.3060634342240835,0.297363719295206,0.008699714928877503,-0.09327226237675112,1.0200453144962316,0.11279795567286477,True,vol1_daily,True,0.25240444279864194,0.3061029366432356,True,0.05369849384459369
heston,21,16,20.0,0.72,forecast_first,vol1_daily,daily,1.0,0.21478298447719896,True,0.26635583705210764,0.955568543145723,0.47003733381172674,0.45814067646756695,0.25342193122166623,0.20471874524590067,-0.4524585563848922,1.417636225563286,0.4802563413655611,True,vol1_band05,True,0.4517186776991431,0.4689061162746583,True,0.01718743857551519
heston,21,16,20.0,0.72,joint_mse,vol0.75_daily,daily,0.75,0.16108723835789923,True,0.235734538098975,0.8526911395781038,0.508101343871489,0.5613609891643356,0.3319132401801377,0.22944774898419792,-0.47900704481687734,1.6944367272406862,0.5180981024781899,True,vol1_band05,True,0.4517186776991431,0.5925429219368585,True,0.14082424423771545
heston,21,16,20.0,0.72,joint_es90,vol0.75_daily,daily,0.75,0.16108723835789923,True,0.235734538098975,0.8526911395781038,0.508101343871489,0.5613609891643356,0.3319132401801377,0.22944774898419792,-0.47900704481687734,1.6944367272406862,0.5180981024781899,True,vol1_band05,True,0.4517186776991431,0.5925429219368585,True,0.14082424423771545
heston,21,64,20.0,0.72,forecast_first,vol1_daily,daily,1.0,0.21478298447719896,True,0.4665457693776693,1.484845068907773,0.4799915737494016,0.45814067646756695,0.25342193122166623,0.20471874524590067,-0.4524585563848922,1.417636225563286,0.4802563413655611,True,vol1_band05,True,0.4517186776991431,0.4689061162746583,True,0.01718743857551519
heston,21,64,20.0,0.72,joint_mse,vol1_daily,daily,1.0,0.21478298447719896,True,0.4665457693776693,1.484845068907773,0.4799915737494016,0.45814067646756695,0.25342193122166623,0.20471874524590067,-0.4524585563848922,1.417636225563286,0.4802563413655611,True,vol1_band05,True,0.4517186776991431,0.4689061162746583,True,0.01718743857551519
heston,21,64,20.0,0.72,joint_es90,vol1_daily,daily,1.0,0.21478298447719896,True,0.4665457693776693,1.484845068907773,0.4799915737494016,0.45814067646756695,0.25342193122166623,0.20471874524590067,-0.4524585563848922,1.417636225563286,0.4802563413655611,True,vol1_band05,True,0.4517186776991431,0.4689061162746583,True,0.01718743857551519
heston,21,256,20.0,0.72,forecast_first,vol1_daily,daily,1.0,0.21478298447719896,True,0.4892693145318584,1.5013489132891733,0.4878238103998002,0.45814067646756695,0.25342193122166623,0.20471874524590067,-0.4524585563848922,1.417636225563286,0.4802563413655611,True,vol1_band05,True,0.4517186776991431,0.4689061162746583,True,0.01718743857551519
heston,21,256,20.0,0.72,joint_mse,vol1_daily,daily,1.0,0.21478298447719896,True,0.4892693145318584,1.5013489132891733,0.4878238103998002,0.45814067646756695,0.25342193122166623,0.20471874524590067,-0.4524585563848922,1.417636225563286,0.4802563413655611,True,vol1_band05,True,0.4517186776991431,0.4689061162746583,True,0.01718743857551519
heston,21,256,20.0,0.72,joint_es90,vol1.25_daily,daily,1.25,0.2684787305964987,True,0.5001392807813472,1.370913195309095,0.4563607516251006,0.47870295133430907,0.29236730406715,0.1863356472671591,-0.43166612939534543,1.3483780146561892,0.4511918226914591,True,vol1_band05,True,0.4517186776991431,0.47828606083282627,True,0.026567383133683176
heston,22,16,5.0,0.18,forecast_first,vol1_daily,daily,1.0,0.20311273607408661,True,0.1919620564672539,0.9226666634491824,0.11942912304495017,0.24650107845835617,0.23313143989663454,0.013369638561721613,-0.11562715321982814,1.0520959807009898,0.12309379281974633,True,vol1_daily,True,0.24805009678952938,0.24805009678952938,True,0.0
heston,22,16,5.0,0.18,joint_mse,vol1_daily,daily,1.0,0.20311273607408661,True,0.1919620564672539,0.9226666634491824,0.11942912304495017,0.24650107845835617,0.23313143989663454,0.013369638561721613,-0.11562715321982814,1.0520959807009898,0.12309379281974633,True,vol1_daily,True,0.24805009678952938,0.24805009678952938,True,0.0
heston,22,16,5.0,0.18,joint_es90,vol1.25_daily,daily,1.25,0.2538909200926083,True,0.24083224035261108,0.8157172869339528,0.11169328521056801,0.2739079486299422,0.2637629823508683,0.010144966279073929,-0.10072222336244335,0.9620724712188828,0.11537273230870762,True,vol1_daily,True,0.24805009678952938,0.2807531111871459,True,0.032703014397616526
heston,22,64,5.0,0.18,forecast_first,vol1_daily,daily,1.0,0.20311273607408661,True,0.2740956162105664,1.1342537989979433,0.12085267871894176,0.24650107845835617,0.23313143989663454,0.013369638561721613,-0.11562715321982814,1.0520959807009898,0.12309379281974633,True,vol1_daily,True,0.24805009678952938,0.24805009678952938,True,0.0
heston,22,64,5.0,0.18,joint_mse,vol1_daily,daily,1.0,0.20311273607408661,True,0.2740956162105664,1.1342537989979433,0.12085267871894176,0.24650107845835617,0.23313143989663454,0.013369638561721613,-0.11562715321982814,1.0520959807009898,0.12309379281974633,True,vol1_daily,True,0.24805009678952938,0.24805009678952938,True,0.0
heston,22,64,5.0,0.18,joint_es90,vol1.25_daily,daily,1.25,0.2538909200926083,True,0.295727450998045,0.9917860899575401,0.11405164892462455,0.2739079486299422,0.2637629823508683,0.010144966279073929,-0.10072222336244335,0.9620724712188828,0.11537273230870762,True,vol1_daily,True,0.24805009678952938,0.2807531111871459,True,0.032703014397616526
heston,22,256,5.0,0.18,forecast_first,vol1_daily,daily,1.0,0.20311273607408661,True,0.238930720869096,1.0044457247380594,0.12081597066649334,0.24650107845835617,0.23313143989663454,0.013369638561721613,-0.11562715321982814,1.0520959807009898,0.12309379281974633,True,vol1_daily,True,0.24805009678952938,0.24805009678952938,True,0.0
heston,22,256,5.0,0.18,joint_mse,vol1_daily,daily,1.0,0.20311273607408661,True,0.238930720869096,1.0044457247380594,0.12081597066649334,0.24650107845835617,0.23313143989663454,0.013369638561721613,-0.11562715321982814,1.0520959807009898,0.12309379281974633,True,vol1_daily,True,0.24805009678952938,0.24805009678952938,True,0.0
heston,22,256,5.0,0.18,joint_es90,vol1.25_daily,daily,1.25,0.2538909200926083,True,0.2695378067724888,0.946766442297042,0.1137643824210641,0.2739079486299422,0.2637629823508683,0.010144966279073929,-0.10072222336244335,0.9620724712188828,0.11537273230870762,True,vol1_daily,True,0.24805009678952938,0.2807531111871459,True,0.032703014397616526
heston,22,16,20.0,0.72,forecast_first,vol1_band05,band05,1.0,0.20311273607408661,True,0.3554088594846999,1.1638204788204574,0.3654895757342666,0.432559396727086,0.300054940430572,0.13250445629651394,-0.3640116156065819,1.3856601550678405,0.3780365391087208,True,vol1_band05,True,0.43692570970212496,0.43692570970212496,True,0.0
heston,22,16,20.0,0.72,joint_mse,vol0.75_band10,band10,0.75,0.15233455205556495,True,0.3254735818616301,1.0571192245032943,0.3411457054965612,0.49403290610407424,0.3770741534972515,0.11695875260682274,-0.3419923282865023,1.5447135115703075,0.3536506391923069,True,vol1_band05,True,0.43692570970212496,0.49809333547921114,True,0.061167625777086176
heston,22,16,20.0,0.72,joint_es90,vol0.75_band10,band10,0.75,0.15233455205556495,True,0.3254735818616301,1.0571192245032943,0.3411457054965612,0.49403290610407424,0.3770741534972515,0.11695875260682274,-0.3419923282865023,1.5447135115703075,0.3536506391923069,True,vol1_band05,True,0.43692570970212496,0.49809333547921114,True,0.061167625777086176
heston,22,64,20.0,0.72,forecast_first,vol1_band05,band05,1.0,0.20311273607408661,True,0.4827633048449242,1.495045787892786,0.3758177057504838,0.432559396727086,0.300054940430572,0.13250445629651394,-0.3640116156065819,1.3856601550678405,0.3780365391087208,True,vol1_band05,True,0.43692570970212496,0.43692570970212496,True,0.0
heston,22,64,20.0,0.72,joint_mse,vol1.25_daily,daily,1.25,0.2538909200926083,True,0.48008315753456443,1.4055196259746339,0.4562065956984982,0.4640052857861251,0.26433892458246266,0.19966636120366246,-0.4468404202885662,1.3362361914293717,0.4614909292348305,True,vol1_band05,True,0.43692570970212496,0.46399992899922504,True,0.027074219297100077
heston,22,64,20.0,0.72,joint_es90,vol1.25_daily,daily,1.25,0.2538909200926083,True,0.48008315753456443,1.4055196259746339,0.4562065956984982,0.4640052857861251,0.26433892458246266,0.19966636120366246,-0.4468404202885662,1.3362361914293717,0.4614909292348305,True,vol1_band05,True,0.43692570970212496,0.46399992899922504,True,0.027074219297100077
heston,22,256,20.0,0.72,forecast_first,vol1_band05,band05,1.0,0.20311273607408661,True,0.4183521834225304,1.389233489651662,0.3722859969962389,0.432559396727086,0.300054940430572,0.13250445629651394,-0.3640116156065819,1.3856601550678405,0.3780365391087208,True,vol1_band05,True,0.43692570970212496,0.43692570970212496,True,0.0
heston,22,256,20.0,0.72,joint_mse,vol1_band05,band05,1.0,0.20311273607408661,True,0.4183521834225304,1.389233489651662,0.3722859969962389,0.432559396727086,0.300054940430572,0.13250445629651394,-0.3640116156065819,1.3856601550678405,0.3780365391087208,True,vol1_band05,True,0.43692570970212496,0.43692570970212496,True,0.0
heston,22,256,20.0,0.72,joint_es90,vol1.25_daily,daily,1.25,0.2538909200926083,True,0.4410132764923237,1.3226670714034996,0.4550575296842564,0.4640052857861251,0.26433892458246266,0.19966636120366246,-0.4468404202885662,1.3362361914293717,0.4614909292348305,True,vol1_band05,True,0.43692570970212496,0.46399992899922504,True,0.027074219297100077
heston,23,16,5.0,0.18,forecast_first,vol0.75_daily,daily,0.75,0.17795938351361548,True,0.11671783922862258,0.5576478025008126,0.1167514372551022,0.29033971604316083,0.27571958403537455,0.01462013200778626,-0.12091373787864744,1.206353879483794,0.12714812853850815,True,vol1_daily,True,0.26528407127305076,0.26907482192966603,True,0.0037907506566152716
heston,23,16,5.0,0.18,joint_mse,vol0.75_daily,daily,0.75,0.17795938351361548,True,0.11671783922862258,0.5576478025008126,0.1167514372551022,0.29033971604316083,0.27571958403537455,0.01462013200778626,-0.12091373787864744,1.206353879483794,0.12714812853850815,True,vol1_daily,True,0.26528407127305076,0.26907482192966603,True,0.0037907506566152716
heston,23,16,5.0,0.18,joint_es90,vol0.75_daily,daily,0.75,0.17795938351361548,True,0.11671783922862258,0.5576478025008126,0.1167514372551022,0.29033971604316083,0.27571958403537455,0.01462013200778626,-0.12091373787864744,1.206353879483794,0.12714812853850815,True,vol1_daily,True,0.26528407127305076,0.26907482192966603,True,0.0037907506566152716
heston,23,64,5.0,0.18,forecast_first,vol0.75_daily,daily,0.75,0.17795938351361548,True,0.2002535458679281,1.000605780397072,0.12712409705013278,0.29033971604316083,0.27571958403537455,0.01462013200778626,-0.12091373787864744,1.206353879483794,0.12714812853850815,True,vol1_daily,True,0.26528407127305076,0.26907482192966603,True,0.0037907506566152716
heston,23,64,5.0,0.18,joint_mse,vol0.75_daily,daily,0.75,0.17795938351361548,True,0.2002535458679281,1.000605780397072,0.12712409705013278,0.29033971604316083,0.27571958403537455,0.01462013200778626,-0.12091373787864744,1.206353879483794,0.12714812853850815,True,vol1_daily,True,0.26528407127305076,0.26907482192966603,True,0.0037907506566152716
heston,23,64,5.0,0.18,joint_es90,vol1_daily,daily,1.0,0.23727917801815399,True,0.22504245918697618,0.9638992411822759,0.11728127880843833,0.27937848355077666,0.2658710134354002,0.013507470115376449,-0.11622164219875938,1.0315520427249485,0.11756213507050971,True,vol1_daily,True,0.26528407127305076,0.26528407127305076,True,0.0
heston,23,256,5.0,0.18,forecast_first,vol0.75_daily,daily,0.75,0.17795938351361548,True,0.22243620683236456,1.0273915275800296,0.126187211013917,0.29033971604316083,0.27571958403537455,0.01462013200778626,-0.12091373787864744,1.206353879483794,0.12714812853850815,True,vol1_daily,True,0.26528407127305076,0.26907482192966603,True,0.0037907506566152716
heston,23,256,5.0,0.18,joint_mse,vol0.75_daily,daily,0.75,0.17795938351361548,True,0.22243620683236456,1.0273915275800296,0.126187211013917,0.29033971604316083,0.27571958403537455,0.01462013200778626,-0.12091373787864744,1.206353879483794,0.12714812853850815,True,vol1_daily,True,0.26528407127305076,0.26907482192966603,True,0.0037907506566152716
heston,23,256,5.0,0.18,joint_es90,vol1_daily,daily,1.0,0.23727917801815399,True,0.24439154681714628,0.912933579761311,0.11644370827619338,0.27937848355077666,0.2658710134354002,0.013507470115376449,-0.11622164219875938,1.0315520427249485,0.11756213507050971,True,vol1_daily,True,0.26528407127305076,0.26528407127305076,True,0.0
heston,23,16,20.0,0.72,forecast_first,vol0.75_band05,band05,0.75,0.17795938351361548,True,0.22195854747631696,0.8870032230383154,0.3563928589491714,0.4703504720506052,0.32240474108297673,0.1479457309676285,-0.38463714195021326,1.5226887478913251,0.39345209457472224,True,vol0.75_band05,True,0.44645446843709835,0.44645446843709835,True,0.0
heston,23,16,20.0,0.72,joint_mse,vol0.75_band05,band05,0.75,0.17795938351361548,True,0.22195854747631696,0.8870032230383154,0.3563928589491714,0.4703504720506052,0.32240474108297673,0.1479457309676285,-0.38463714195021326,1.5226887478913251,0.39345209457472224,True,vol0.75_band05,True,0.44645446843709835,0.44645446843709835,True,0.0
heston,23,16,20.0,0.72,joint_es90,vol0.75_band10,band10,0.75,0.17795938351361548,True,0.24948130292313142,0.8710170505904804,0.29962357739792567,0.5311347457259218,0.4181272887125865,0.11300745701333538,-0.33616581773484255,1.5661572427743107,0.337967804099618,True,vol0.75_band05,True,0.44645446843709835,0.5098031131456,True,0.06334864470850166
heston,23,64,20.0,0.72,forecast_first,vol0.75_band05,band05,0.75,0.17795938351361548,True,0.40471329347523327,1.452692896049491,0.3934439033393397,0.4703504720506052,0.32240474108297673,0.1479457309676285,-0.38463714195021326,1.5226887478913251,0.39345209457472224,True,vol0.75_band05,True,0.44645446843709835,0.44645446843709835,True,0.0
heston,23,64,20.0,0.72,joint_mse,vol0.75_band05,band05,0.75,0.17795938351361548,True,0.40471329347523327,1.452692896049491,0.3934439033393397,0.4703504720506052,0.32240474108297673,0.1479457309676285,-0.38463714195021326,1.5226887478913251,0.39345209457472224,True,vol0.75_band05,True,0.44645446843709835,0.44645446843709835,True,0.0
heston,23,64,20.0,0.72,joint_es90,vol1_daily,daily,1.0,0.23727917801815399,True,0.4063571043736063,1.3183891930827814,0.46912511523375333,0.49614879327522843,0.276274036349099,0.21987475692612934,-0.46890804741028846,1.4304914179379482,0.47024854028203883,True,vol0.75_band05,True,0.44645446843709835,0.4633210688467809,True,0.016866600409682575
heston,23,256,20.0,0.72,forecast_first,vol0.75_band05,band05,0.75,0.17795938351361548,True,0.404496239660632,1.3432116759005759,0.387338351031137,0.4703504720506052,0.32240474108297673,0.1479457309676285,-0.38463714195021326,1.5226887478913251,0.39345209457472224,True,vol0.75_band05,True,0.44645446843709835,0.44645446843709835,True,0.0
heston,23,256,20.0,0.72,joint_mse,vol0.75_band05,band05,0.75,0.17795938351361548,True,0.404496239660632,1.3432116759005759,0.387338351031137,0.4703504720506052,0.32240474108297673,0.1479457309676285,-0.38463714195021326,1.5226887478913251,0.39345209457472224,True,vol0.75_band05,True,0.44645446843709835,0.44645446843709835,True,0.0
heston,23,256,20.0,0.72,joint_es90,vol1.25_daily,daily,1.25,0.29659897252269246,True,0.47074917998138316,1.299206928648638,0.4359181151576228,0.5346027537720527,0.3383290826394928,0.1962736711325599,-0.4430278446469927,1.3957779179761056,0.4412337186373402,True,vol0.75_band05,True,0.44645446843709835,0.506008365386216,True,0.05955389694911761
heston_shift,0,16,5.0,0.18,forecast_first,vol1.25_daily,daily,1.25,0.19945243664400064,True,0.10285633690693095,0.6110558529278806,0.12498931469418509,2.3842198019604064,0.8592848524746282,1.524934949485778,-1.2348825650586286,3.2623276838590143,0.13499857735496718,True,vol1.25_band05,True,2.2337743484386685,2.3843728223978347,True,0.15059847395916615
heston_shift,0,16,5.0,0.18,joint_mse,vol1_band05,band05,1.0,0.1595619493152005,True,0.05907393823426339,0.3177674640873265,0.1041436385431388,2.5315934814669525,1.0238788104911543,1.507714670975798,-1.2278903334483084,3.4236353831817237,0.11398811447058227,True,vol1.25_band05,True,2.2337743484386685,2.5023067346766625,True,0.268532386237994
heston_shift,0,16,5.0,0.18,joint_es90,vol1_band05,band05,1.0,0.1595619493152005,True,0.05907393823426339,0.3177674640873265,0.1041436385431388,2.5315934814669525,1.0238788104911543,1.507714670975798,-1.2278903334483084,3.4236353831817237,0.11398811447058227,True,vol1.25_band05,True,2.2337743484386685,2.5023067346766625,True,0.268532386237994
heston_shift,0,64,5.0,0.18,forecast_first,vol1.25_daily,daily,1.25,0.19945243664400064,True,0.2944860906021536,1.0569152796966652,0.1223411329300558,2.3842198019604064,0.8592848524746282,1.524934949485778,-1.2348825650586286,3.2623276838590143,0.13499857735496718,True,vol1.25_band05,True,2.2337743484386685,2.3843728223978347,True,0.15059847395916615
heston_shift,0,64,5.0,0.18,joint_mse,vol1_band05,band05,1.0,0.1595619493152005,True,0.27374369428177386,1.0663909466402608,0.09981820275327505,2.5315934814669525,1.0238788104911543,1.507714670975798,-1.2278903334483084,3.4236353831817237,0.11398811447058227,True,vol1.25_band05,True,2.2337743484386685,2.5023067346766625,True,0.268532386237994
heston_shift,0,64,5.0,0.18,joint_es90,vol1.25_band05,band05,1.25,0.19945243664400064,True,0.29519825467227623,0.957425143391378,0.09256215569464239,2.268699734190444,0.7764556594948506,1.492244074695594,-1.2215744245421947,3.10332884502462,0.10640191286971601,True,vol1.25_band05,True,2.2337743484386685,2.2337743484386685,True,0.0
heston_shift,0,256,5.0,0.18,forecast_first,vol1.25_daily,daily,1.25,0.19945243664400064,True,0.27166078577097874,1.1282517806840746,0.12412061805888222,2.3842198019604064,0.8592848524746282,1.524934949485778,-1.2348825650586286,3.2623276838590143,0.13499857735496718,True,vol1.25_band05,True,2.2337743484386685,2.3843728223978347,True,0.15059847395916615
heston_shift,0,256,5.0,0.18,joint_mse,vol1.25_daily,daily,1.25,0.19945243664400064,True,0.27166078577097874,1.1282517806840746,0.12412061805888222,2.3842198019604064,0.8592848524746282,1.524934949485778,-1.2348825650586286,3.2623276838590143,0.13499857735496718,True,vol1.25_band05,True,2.2337743484386685,2.3843728223978347,True,0.15059847395916615
heston_shift,0,256,5.0,0.18,joint_es90,vol1.25_band05,band05,1.25,0.19945243664400064,True,0.28547040250299116,1.0230760879270984,0.09602181792432604,2.268699734190444,0.7764556594948506,1.492244074695594,-1.2215744245421947,3.10332884502462,0.10640191286971601,True,vol1.25_band05,True,2.2337743484386685,2.2337743484386685,True,0.0
heston_shift,0,16,20.0,0.72,forecast_first,vol1.25_band05,band05,1.25,0.19945243664400064,True,0.2174918259190281,0.7114345865256645,0.38388698723347114,3.243232225034159,0.8692287138734816,2.3740035111606774,-1.5407801631513425,3.543634132432723,0.42560765147886404,True,vol1.25_band10,True,3.0713433442938056,3.212092292392735,True,0.14074894809892946
heston_shift,0,16,20.0,0.72,joint_mse,vol1_band05,band05,1.0,0.1595619493152005,True,0.19619892240493964,0.6710005378822902,0.4165745541725552,3.645701178902923,1.1812574724435345,2.464443706459389,-1.5698546768600554,3.9242793547613455,0.4559524578823291,True,vol1.25_band10,True,3.0713433442938056,3.619381927682104,True,0.5480385833882986
heston_shift,0,16,20.0,0.72,joint_es90,vol1_band05,band05,1.0,0.1595619493152005,True,0.19619892240493964,0.6710005378822902,0.4165745541725552,3.645701178902923,1.1812574724435345,2.464443706459389,-1.5698546768600554,3.9242793547613455,0.4559524578823291,True,vol1.25_band10,True,3.0713433442938056,3.619381927682104,True,0.5480385833882986
heston_shift,0,64,20.0,0.72,forecast_first,vol1.25_band05,band05,1.25,0.19945243664400064,True,0.4044967983838976,1.2715070885824356,0.37024862277856957,3.243232225034159,0.8692287138734816,2.3740035111606774,-1.5407801631513425,3.543634132432723,0.42560765147886404,True,vol1.25_band10,True,3.0713433442938056,3.212092292392735,True,0.14074894809892946
heston_shift,0,64,20.0,0.72,joint_mse,vol1.25_band05,band05,1.25,0.19945243664400064,True,0.4044967983838976,1.2715070885824356,0.37024862277856957,3.243232225034159,0.8692287138734816,2.3740035111606774,-1.5407801631513425,3.543634132432723,0.42560765147886404,True,vol1.25_band10,True,3.0713433442938056,3.212092292392735,True,0.14074894809892946
heston_shift,0,64,20.0,0.72,joint_es90,vol1.25_band05,band05,1.25,0.19945243664400064,True,0.4044967983838976,1.2715070885824356,0.37024862277856957,3.243232225034159,0.8692287138734816,2.3740035111606774,-1.5407801631513425,3.543634132432723,0.42560765147886404,True,vol1.25_band10,True,3.0713433442938056,3.212092292392735,True,0.14074894809892946
heston_shift,0,256,20.0,0.72,forecast_first,vol1.25_band05,band05,1.25,0.19945243664400064,True,0.4540379380263636,1.3694042750615312,0.38408727169730417,3.243232225034159,0.8692287138734816,2.3740035111606774,-1.5407801631513425,3.543634132432723,0.42560765147886404,True,vol1.25_band10,True,3.0713433442938056,3.212092292392735,True,0.14074894809892946
heston_shift,0,256,20.0,0.72,joint_mse,vol1.25_band05,band05,1.25,0.19945243664400064,True,0.4540379380263636,1.3694042750615312,0.38408727169730417,3.243232225034159,0.8692287138734816,2.3740035111606774,-1.5407801631513425,3.543634132432723,0.42560765147886404,True,vol1.25_band10,True,3.0713433442938056,3.212092292392735,True,0.14074894809892946
heston_shift,0,256,20.0,0.72,joint_es90,vol1.25_band05,band05,1.25,0.19945243664400064,True,0.4540379380263636,1.3694042750615312,0.38408727169730417,3.243232225034159,0.8692287138734816,2.3740035111606774,-1.5407801631513425,3.543634132432723,0.42560765147886404,True,vol1.25_band10,True,3.0713433442938056,3.212092292392735,True,0.14074894809892946
heston_shift,1,16,5.0,0.18,forecast_first,vol1_daily,daily,1.0,0.20563556510359665,True,0.5545974342891606,1.7180384618200724,0.13315564701344385,2.340605288764093,0.8121944838237773,1.5284108049403158,-1.2362891267581042,3.1774355621855555,0.1361374323656705,True,vol1.25_band05,True,2.137917956868652,2.4018536843770946,True,0.2639357275084424
heston_shift,1,16,5.0,0.18,joint_mse,vol1.25_daily,daily,1.25,0.2570444563794958,True,0.4495414138740045,1.305483633423399,0.12400195901052652,2.10460272112538,0.5982399636983098,1.5063627574270704,-1.2273397074270311,2.8284156927877606,0.1286488956965739,True,vol1.25_band05,True,2.137917956868652,2.16547443018435,True,0.027556473315697882
heston_shift,1,16,5.0,0.18,joint_es90,vol1.25_band10,band10,1.25,0.2570444563794958,True,0.5502031925179444,1.093213061680107,0.07988212198969034,2.290831863747761,0.8751738946454604,1.4156579691023008,-1.1898142582362596,2.9143261774148765,0.08541369232515707,True,vol1.25_band05,True,2.137917956868652,2.3420240005921356,True,0.2041060437234834
heston_shift,1,64,5.0,0.18,forecast_first,vol1_daily,daily,1.0,0.20563556510359665,True,0.24739442723974475,0.8976779406225389,0.12270382693009493,2.340605288764093,0.8121944838237773,1.5284108049403158,-1.2362891267581042,3.1774355621855555,0.1361374323656705,True,vol1.25_band05,True,2.137917956868652,2.4018536843770946,True,0.2639357275084424
heston_shift,1,64,5.0,0.18,joint_mse,vol1_daily,daily,1.0,0.20563556510359665,True,0.24739442723974475,0.8976779406225389,0.12270382693009493,2.340605288764093,0.8121944838237773,1.5284108049403158,-1.2362891267581042,3.1774355621855555,0.1361374323656705,True,vol1.25_band05,True,2.137917956868652,2.4018536843770946,True,0.2639357275084424
heston_shift,1,64,5.0,0.18,joint_es90,vol1.25_daily,daily,1.25,0.2570444563794958,True,0.27445626619204816,0.8571371885552492,0.11453620454599113,2.10460272112538,0.5982399636983098,1.5063627574270704,-1.2273397074270311,2.8284156927877606,0.1286488956965739,True,vol1.25_band05,True,2.137917956868652,2.16547443018435,True,0.027556473315697882
heston_shift,1,256,5.0,0.18,forecast_first,vol1_daily,daily,1.0,0.20563556510359665,True,0.22519681295928784,0.9387142526819588,0.12081718433549568,2.340605288764093,0.8121944838237773,1.5284108049403158,-1.2362891267581042,3.1774355621855555,0.1361374323656705,True,vol1.25_band05,True,2.137917956868652,2.4018536843770946,True,0.2639357275084424
heston_shift,1,256,5.0,0.18,joint_mse,vol1_daily,daily,1.0,0.20563556510359665,True,0.22519681295928784,0.9387142526819588,0.12081718433549568,2.340605288764093,0.8121944838237773,1.5284108049403158,-1.2362891267581042,3.1774355621855555,0.1361374323656705,True,vol1.25_band05,True,2.137917956868652,2.4018536843770946,True,0.2639357275084424
heston_shift,1,256,5.0,0.18,joint_es90,vol1.25_daily,daily,1.25,0.2570444563794958,True,0.27058688120600793,0.9123533487620543,0.11336948027836512,2.10460272112538,0.5982399636983098,1.5063627574270704,-1.2273397074270311,2.8284156927877606,0.1286488956965739,True,vol1.25_band05,True,2.137917956868652,2.16547443018435,True,0.027556473315697882
heston_shift,1,16,20.0,0.72,forecast_first,vol1_every5,every5,1.0,0.20563556510359665,True,0.5708148694964624,1.3781521316436784,0.3591751342029612,4.488719722327068,2.2437559792412243,2.2449637430858442,-1.498320307239358,4.735423901259772,0.367431362669567,True,vol1.25_band05,True,2.991145274180372,4.27255183582583,True,1.2814065616454577
heston_shift,1,16,20.0,0.72,joint_mse,vol1.25_every5,every5,1.25,0.2570444563794958,True,0.5206236741763511,1.4771711522462339,0.34590861196439077,4.203322645966516,2.0085382349497163,2.1947844110167987,-1.4814804794585714,4.411698133802794,0.35682608762904866,True,vol1.25_band05,True,2.991145274180372,4.053797753820124,True,1.0626524796397518
heston_shift,1,16,20.0,0.72,joint_es90,vol1.25_band10,band10,1.25,0.2570444563794958,True,0.5569594742231435,1.3378381647892443,0.3195284879587614,2.9884740963081025,0.8973980638137914,2.0910760324943114,-1.446055335211731,3.196136922266701,0.34165476930062827,True,vol1.25_band05,True,2.991145274180372,3.043045274495024,True,0.051900000314651695
heston_shift,1,64,20.0,0.72,forecast_first,vol1_band05,band05,1.0,0.20563556510359665,True,0.36433878459788926,1.2767199067204382,0.37318874520582956,3.1610856434378105,0.8102764408415382,2.350809202596273,-1.5332348817439136,3.4377188665739666,0.4280633218860581,True,vol1.25_band05,True,2.991145274180372,3.2205742412908034,True,0.22942896711043126
heston_shift,1,64,20.0,0.72,joint_mse,vol1_band05,band05,1.0,0.20563556510359665,True,0.36433878459788926,1.2767199067204382,0.37318874520582956,3.1610856434378105,0.8102764408415382,2.350809202596273,-1.5332348817439136,3.4377188665739666,0.4280633218860581,True,vol1.25_band05,True,2.991145274180372,3.2205742412908034,True,0.22942896711043126
heston_shift,1,64,20.0,0.72,joint_es90,vol1.25_band05,band05,1.25,0.2570444563794958,True,0.3906303868501879,1.1974511499626777,0.34583785710244896,2.9304208461115264,0.6742728876561963,2.256147958455331,-1.5020479214909659,3.1042189411532806,0.39922555514741387,True,vol1.25_band05,True,2.991145274180372,2.991145274180372,True,0.0
heston_shift,1,256,20.0,0.72,forecast_first,vol1_band05,band05,1.0,0.20563556510359665,True,0.3788417631745137,1.2971712950227532,0.3675932452034771,3.1610856434378105,0.8102764408415382,2.350809202596273,-1.5332348817439136,3.4377188665739666,0.4280633218860581,True,vol1.25_band05,True,2.991145274180372,3.2205742412908034,True,0.22942896711043126
heston_shift,1,256,20.0,0.72,joint_mse,vol1_band05,band05,1.0,0.20563556510359665,True,0.3788417631745137,1.2971712950227532,0.3675932452034771,3.1610856434378105,0.8102764408415382,2.350809202596273,-1.5332348817439136,3.4377188665739666,0.4280633218860581,True,vol1.25_band05,True,2.991145274180372,3.2205742412908034,True,0.22942896711043126
heston_shift,1,256,20.0,0.72,joint_es90,vol1.25_daily,daily,1.25,0.2570444563794958,True,0.4379187101239008,1.2811089275373106,0.45347792111346047,3.2652590226416303,0.6625660319087663,2.6026929907328644,-1.613286394516753,3.3215206261697503,0.5145955827862956,True,vol1.25_band05,True,2.991145274180372,3.3391299764133047,True,0.34798470223293254
heston_shift,2,16,5.0,0.18,forecast_first,vol1.25_daily,daily,1.25,0.21590462741467964,True,0.2384508536040345,0.7706790135451694,0.12520704287273884,2.161468999583103,0.6869230664685309,1.4745459331145718,-1.2143088293817894,3.0159074334260336,0.13294233804640584,True,vol1.25_band05,True,2.1780518510396387,2.280785862325783,True,0.10273401128614434
heston_shift,2,16,5.0,0.18,joint_mse,vol1_daily,daily,1.0,0.17272370193174372,True,0.18056407043849795,0.7850266501742129,0.13138721045564622,2.4620057354806533,0.9973096570306945,1.4646960784499585,-1.2102462883438059,3.4018483295824797,0.13975474174612001,True,vol1.25_band05,True,2.1780518510396387,2.632171800922571,True,0.45411994988293225
heston_shift,2,16,5.0,0.18,joint_es90,vol1_band05,band05,1.0,0.17272370193174372,True,0.21082040766455049,0.694118638178488,0.10310117097852935,2.2754365297880894,0.8510713416850595,1.4243651881030301,-1.1934677155679705,3.2097168741898017,0.1112356290410062,True,vol1.25_band05,True,2.1780518510396387,2.4064044466335193,True,0.22835259559388055
heston_shift,2,64,5.0,0.18,forecast_first,vol1.25_daily,daily,1.25,0.21590462741467964,True,0.19141678843203522,0.8301253104603409,0.12239623556123523,2.161468999583103,0.6869230664685309,1.4745459331145718,-1.2143088293817894,3.0159074334260336,0.13294233804640584,True,vol1.25_band05,True,2.1780518510396387,2.280785862325783,True,0.10273401128614434
heston_shift,2,64,5.0,0.18,joint_mse,vol1_daily,daily,1.0,0.17272370193174372,True,0.16888368789475183,0.8845529426972278,0.12929819497278572,2.4620057354806533,0.9973096570306945,1.4646960784499585,-1.2102462883438059,3.4018483295824797,0.13975474174612001,True,vol1.25_band05,True,2.1780518510396387,2.632171800922571,True,0.45411994988293225
heston_shift,2,64,5.0,0.18,joint_es90,vol1.25_daily,daily,1.25,0.21590462741467964,True,0.19141678843203522,0.8301253104603409,0.12239623556123523,2.161468999583103,0.6869230664685309,1.4745459331145718,-1.2143088293817894,3.0159074334260336,0.13294233804640584,True,vol1.25_band05,True,2.1780518510396387,2.280785862325783,True,0.10273401128614434
heston_shift,2,256,5.0,0.18,forecast_first,vol1.25_daily,daily,1.25,0.21590462741467964,True,0.22358519090223056,0.9822331533192525,0.11968064116734772,2.161468999583103,0.6869230664685309,1.4745459331145718,-1.2143088293817894,3.0159074334260336,0.13294233804640584,True,vol1.25_band05,True,2.1780518510396387,2.280785862325783,True,0.10273401128614434
heston_shift,2,256,5.0,0.18,joint_mse,vol1.25_daily,daily,1.25,0.21590462741467964,True,0.22358519090223056,0.9822331533192525,0.11968064116734772,2.161468999583103,0.6869230664685309,1.4745459331145718,-1.2143088293817894,3.0159074334260336,0.13294233804640584,True,vol1.25_band05,True,2.1780518510396387,2.280785862325783,True,0.10273401128614434
heston_shift,2,256,5.0,0.18,joint_es90,vol1.25_daily,daily,1.25,0.21590462741467964,True,0.22358519090223056,0.9822331533192525,0.11968064116734772,2.161468999583103,0.6869230664685309,1.4745459331145718,-1.2143088293817894,3.0159074334260336,0.13294233804640584,True,vol1.25_band05,True,2.1780518510396387,2.280785862325783,True,0.10273401128614434
heston_shift,2,16,20.0,0.72,forecast_first,vol1.25_daily,daily,1.25,0.21590462741467964,True,0.4232067665899126,1.155521916245348,0.5008281714909554,3.4009051064117153,0.7986978567594839,2.602207249652231,-1.613135843521007,3.5612782616257515,0.5317693521856234,True,vol1.25_band10,True,3.0447687328215425,3.564290736302114,True,0.5195220034805716
heston_shift,2,16,20.0,0.72,joint_mse,vol0.75_band05,band05,0.75,0.1295427764488078,True,0.33275366586021027,1.3065183562241978,0.4441495685204114,3.8818787048255725,1.4857674926576272,2.3961112121679444,-1.547937728775917,4.186985425845739,0.4811668496338714,True,vol1.25_band10,True,3.0447687328215425,4.160366522929247,True,1.1155977901077048
heston_shift,2,16,20.0,0.72,joint_es90,vol1.25_band05,band05,1.25,0.21590462741467964,True,0.4442080878855324,1.1088883162272587,0.3904138025330345,3.0123338178320314,0.7307718345346328,2.281561983297399,-1.5104840228540648,3.3446980090101714,0.41695876908096785,True,vol1.25_band10,True,3.0447687328215425,3.1197816763094464,True,0.07501294348790388
heston_shift,2,64,20.0,0.72,forecast_first,vol1.25_daily,daily,1.25,0.21590462741467964,True,0.3629334174096531,1.2226032352727438,0.4895849422449409,3.4009051064117153,0.7986978567594839,2.602207249652231,-1.613135843521007,3.5612782616257515,0.5317693521856234,True,vol1.25_band10,True,3.0447687328215425,3.564290736302114,True,0.5195220034805716
heston_shift,2,64,20.0,0.72,joint_mse,vol1.25_daily,daily,1.25,0.21590462741467964,True,0.3629334174096531,1.2226032352727438,0.4895849422449409,3.4009051064117153,0.7986978567594839,2.602207249652231,-1.613135843521007,3.5612782616257515,0.5317693521856234,True,vol1.25_band10,True,3.0447687328215425,3.564290736302114,True,0.5195220034805716
heston_shift,2,64,20.0,0.72,joint_es90,vol1.25_daily,daily,1.25,0.21590462741467964,True,0.3629334174096531,1.2226032352727438,0.4895849422449409,3.4009051064117153,0.7986978567594839,2.602207249652231,-1.613135843521007,3.5612782616257515,0.5317693521856234,True,vol1.25_band10,True,3.0447687328215425,3.564290736302114,True,0.5195220034805716
heston_shift,2,256,20.0,0.72,forecast_first,vol1.25_band05,band05,1.25,0.21590462741467964,True,0.40772829710089237,1.2843930836231454,0.36808353388353704,3.0123338178320314,0.7307718345346328,2.281561983297399,-1.5104840228540648,3.3446980090101714,0.41695876908096785,True,vol1.25_band10,True,3.0447687328215425,3.1197816763094464,True,0.07501294348790388
heston_shift,2,256,20.0,0.72,joint_mse,vol1_band05,band05,1.0,0.17272370193174372,True,0.3802197349958255,1.3813534440841633,0.3939886282864556,3.30657814643533,0.97431587933095,2.3322622671043804,-1.5271746026909891,3.6913094992983044,0.4449425161640248,True,vol1.25_band10,True,3.0447687328215425,3.482561574508434,True,0.4377928416868917
heston_shift,2,256,20.0,0.72,joint_es90,vol1.25_band05,band05,1.25,0.21590462741467964,True,0.40772829710089237,1.2843930836231454,0.36808353388353704,3.0123338178320314,0.7307718345346328,2.281561983297399,-1.5104840228540648,3.3446980090101714,0.41695876908096785,True,vol1.25_band10,True,3.0447687328215425,3.1197816763094464,True,0.07501294348790388
heston_shift,3,16,5.0,0.18,forecast_first,vol1_daily,daily,1.0,0.2100148117595945,True,0.27264313213522073,0.8746672006761784,0.12689587595640606,2.353235731468848,0.7827370612008944,1.5704986702679535,-1.2531953839158336,3.1815387323536832,0.13579636205881981,True,vol1.25_band05,True,2.141087643218343,2.3831380018533386,True,0.24205035863499536
heston_shift,3,16,5.0,0.18,joint_mse,vol1_daily,daily,1.0,0.2100148117595945,True,0.27264313213522073,0.8746672006761784,0.12689587595640606,2.353235731468848,0.7827370612008944,1.5704986702679535,-1.2531953839158336,3.1815387323536832,0.13579636205881981,True,vol1.25_band05,True,2.141087643218343,2.3831380018533386,True,0.24205035863499536
heston_shift,3,16,5.0,0.18,joint_es90,vol1.25_every5,every5,1.25,0.2625185146994931,True,0.5904892538258439,0.45641104981117975,0.08208860074247648,3.2444515107779397,1.84960335590349,1.39484815487445,-1.1810368981850017,3.947381293682424,0.08855806400780324,True,vol1.25_band05,True,2.141087643218343,3.3938852191341704,True,1.2527975759158272
heston_shift,3,64,5.0,0.18,forecast_first,vol1_daily,daily,1.0,0.2100148117595945,True,0.287530084984225,1.1126328305776025,0.11555564245521428,2.353235731468848,0.7827370612008944,1.5704986702679535,-1.2531953839158336,3.1815387323536832,0.13579636205881981,True,vol1.25_band05,True,2.141087643218343,2.3831380018533386,True,0.24205035863499536
heston_shift,3,64,5.0,0.18,joint_mse,vol0.75_band05,band05,0.75,0.15751110881969588,True,0.27187605027610007,0.9585041662375087,0.09546131611083672,2.6123762330505227,1.0616921489781759,1.550684084072347,-1.2452646642671377,3.493366333337843,0.11615369686685148,True,vol1.25_band05,True,2.141087643218343,2.5783309721088132,True,0.43724332889047
heston_shift,3,64,5.0,0.18,joint_es90,vol0.75_band05,band05,0.75,0.15751110881969588,True,0.27187605027610007,0.9585041662375087,0.09546131611083672,2.6123762330505227,1.0616921489781759,1.550684084072347,-1.2452646642671377,3.493366333337843,0.11615369686685148,True,vol1.25_band05,True,2.141087643218343,2.5783309721088132,True,0.43724332889047
heston_shift,3,256,5.0,0.18,forecast_first,vol1_daily,daily,1.0,0.2100148117595945,True,0.2828070653353547,1.128447143123625,0.12060999887090801,2.353235731468848,0.7827370612008944,1.5704986702679535,-1.2531953839158336,3.1815387323536832,0.13579636205881981,True,vol1.25_band05,True,2.141087643218343,2.3831380018533386,True,0.24205035863499536
heston_shift,3,256,5.0,0.18,joint_mse,vol1_daily,daily,1.0,0.2100148117595945,True,0.2828070653353547,1.128447143123625,0.12060999887090801,2.353235731468848,0.7827370612008944,1.5704986702679535,-1.2531953839158336,3.1815387323536832,0.13579636205881981,True,vol1.25_band05,True,2.141087643218343,2.3831380018533386,True,0.24205035863499536
heston_shift,3,256,5.0,0.18,joint_es90,vol1.25_daily,daily,1.25,0.2625185146994931,True,0.3180308115796783,1.077280584836846,0.11295019006896566,2.1141969552276194,0.587109747087982,1.5270872081396378,-1.2357537004353407,2.819871881665763,0.12811871994835589,True,vol1.25_band05,True,2.141087643218343,2.1623994480082143,True,0.021311804789871047
heston_shift,3,16,20.0,0.72,forecast_first,vol1_band05,band05,1.0,0.2100148117595945,True,0.3375903623102665,1.1169793857793835,0.38533544671959086,3.186182174655566,0.8127868253607908,2.3733953492947752,-1.5405827953390805,3.456120011025734,0.4254538181378518,True,vol1.25_band05,True,2.987136856072911,3.1938132614297237,True,0.20667640535681286
heston_shift,3,16,20.0,0.72,joint_mse,vol1_band05,band05,1.0,0.2100148117595945,True,0.3375903623102665,1.1169793857793835,0.38533544671959086,3.186182174655566,0.8127868253607908,2.3733953492947752,-1.5405827953390805,3.456120011025734,0.4254538181378518,True,vol1.25_band05,True,2.987136856072911,3.1938132614297237,True,0.20667640535681286
heston_shift,3,16,20.0,0.72,joint_es90,vol1.25_every5,every5,1.25,0.2625185146994931,True,0.48170919511032395,0.7554634505358607,0.3283544029699059,3.984953620952024,1.8919806424200132,2.0929729785320106,-1.4467110902084115,4.254450894457023,0.35423225603121294,True,vol1.25_band05,True,2.987136856072911,4.155915856995611,True,1.1687790009227
heston_shift,3,64,20.0,0.72,forecast_first,vol1_band05,band05,1.0,0.2100148117595945,True,0.40916694435656875,1.2773455236784912,0.3496353078619412,3.186182174655566,0.8127868253607908,2.3733953492947752,-1.5405827953390805,3.456120011025734,0.4254538181378518,True,vol1.25_band05,True,2.987136856072911,3.1938132614297237,True,0.20667640535681286
heston_shift,3,64,20.0,0.72,joint_mse,vol0.75_band05,band05,0.75,0.15751110881969588,True,0.3562309737626213,1.3373157429695772,0.3818452644433469,3.7648532689141723,1.2248914871855776,2.5399617817285947,-1.593725754867692,3.9956459755677836,0.4646147874674059,True,vol1.25_band05,True,2.987136856072911,3.7180433209219457,True,0.7309064648490349
heston_shift,3,64,20.0,0.72,joint_es90,vol0.75_band10,band10,0.75,0.15751110881969588,True,0.39231205858847995,1.2272601060152013,0.32525667366733524,3.378089774851734,1.0796816099054496,2.298408164946285,-1.5160501854972628,3.697465557706062,0.39471919636746144,True,vol1.25_band05,True,2.987136856072911,3.3464831315931867,True,0.35934627552027587
heston_shift,3,256,20.0,0.72,forecast_first,vol1_band05,band05,1.0,0.2100148117595945,True,0.4852419965558702,1.4306514021450634,0.36680651877076575,3.186182174655566,0.8127868253607908,2.3733953492947752,-1.5405827953390805,3.456120011025734,0.4254538181378518,True,vol1.25_band05,True,2.987136856072911,3.1938132614297237,True,0.20667640535681286
heston_shift,3,256,20.0,0.72,joint_mse,vol1_band05,band05,1.0,0.2100148117595945,True,0.4852419965558702,1.4306514021450634,0.36680651877076575,3.186182174655566,0.8127868253607908,2.3733953492947752,-1.5405827953390805,3.456120011025734,0.4254538181378518,True,vol1.25_band05,True,2.987136856072911,3.1938132614297237,True,0.20667640535681286
heston_shift,3,256,20.0,0.72,joint_es90,vol1.25_daily,daily,1.25,0.2625185146994931,True,0.5027408996909764,1.4119654709267302,0.45180076027586263,3.271669029404964,0.6469130700271593,2.6247559593778047,-1.6201098602804085,3.3073520236506093,0.5124748797934235,True,vol1.25_band05,True,2.987136856072911,3.3297241519104395,True,0.34258729583752867
heston_shift,4,16,5.0,0.18,forecast_first,vol1_daily,daily,1.0,0.20377485492115197,True,0.39952728621494865,1.3687253984632393,0.1339910633774602,2.328642912092249,0.8065376237252566,1.5221052883669923,-1.2337363123321743,3.1541126096218095,0.13568200996306234,True,vol1.25_band05,True,2.1157536639297136,2.3951480101942737,True,0.27939434626456006
heston_shift,4,16,5.0,0.18,joint_mse,vol1.25_daily,daily,1.25,0.25471856865143994,True,0.36827779492319346,1.122267179635611,0.12371108139605902,2.1061823883497874,0.6092425412996971,1.4969398470500903,-1.2234949313544745,2.8159210024482944,0.12820836344009284,True,vol1.25_band05,True,2.1157536639297136,2.1501557835890903,True,0.03440211965937667
heston_shift,4,16,5.0,0.18,joint_es90,vol1.25_daily,daily,1.25,0.25471856865143994,True,0.36827779492319346,1.122267179635611,0.12371108139605902,2.1061823883497874,0.6092425412996971,1.4969398470500903,-1.2234949313544745,2.8159210024482944,0.12820836344009284,True,vol1.25_band05,True,2.1157536639297136,2.1501557835890903,True,0.03440211965937667
heston_shift,4,64,5.0,0.18,forecast_first,vol1_daily,daily,1.0,0.20377485492115197,True,0.30681869420823216,1.0111419474582992,0.11650469880379816,2.328642912092249,0.8065376237252566,1.5221052883669923,-1.2337363123321743,3.1541126096218095,0.13568200996306234,True,vol1.25_band05,True,2.1157536639297136,2.3951480101942737,True,0.27939434626456006
heston_shift,4,64,5.0,0.18,joint_mse,vol1_daily,daily,1.0,0.20377485492115197,True,0.30681869420823216,1.0111419474582992,0.11650469880379816,2.328642912092249,0.8065376237252566,1.5221052883669923,-1.2337363123321743,3.1541126096218095,0.13568200996306234,True,vol1.25_band05,True,2.1157536639297136,2.3951480101942737,True,0.27939434626456006
heston_shift,4,64,5.0,0.18,joint_es90,vol1.25_daily,daily,1.25,0.25471856865143994,True,0.37212892005791337,0.9231809468797733,0.10939751891305424,2.1061823883497874,0.6092425412996971,1.4969398470500903,-1.2234949313544745,2.8159210024482944,0.12820836344009284,True,vol1.25_band05,True,2.1157536639297136,2.1501557835890903,True,0.03440211965937667
heston_shift,4,256,5.0,0.18,forecast_first,vol1_daily,daily,1.0,0.20377485492115197,True,0.24802592423774522,0.9209304180740905,0.12266296314504822,2.328642912092249,0.8065376237252566,1.5221052883669923,-1.2337363123321743,3.1541126096218095,0.13568200996306234,True,vol1.25_band05,True,2.1157536639297136,2.3951480101942737,True,0.27939434626456006
heston_shift,4,256,5.0,0.18,joint_mse,vol1_daily,daily,1.0,0.20377485492115197,True,0.24802592423774522,0.9209304180740905,0.12266296314504822,2.328642912092249,0.8065376237252566,1.5221052883669923,-1.2337363123321743,3.1541126096218095,0.13568200996306234,True,vol1.25_band05,True,2.1157536639297136,2.3951480101942737,True,0.27939434626456006
heston_shift,4,256,5.0,0.18,joint_es90,vol1.25_daily,daily,1.25,0.25471856865143994,True,0.2891187440799964,0.8669031821078841,0.11532489163984982,2.1061823883497874,0.6092425412996971,1.4969398470500903,-1.2234949313544745,2.8159210024482944,0.12820836344009284,True,vol1.25_band05,True,2.1157536639297136,2.1501557835890903,True,0.03440211965937667
heston_shift,4,16,20.0,0.72,forecast_first,vol1_daily,daily,1.0,0.20377485492115197,True,0.6255328633509261,1.799922481223171,0.5359642535098408,3.6314288175431217,0.9392621229977052,2.692166694545416,-1.6407823422213612,3.7077484955928193,0.5427280398522494,True,vol1.25_band05,True,2.976023777087568,3.7323147895674227,True,0.7562910124798545
heston_shift,4,16,20.0,0.72,joint_mse,vol1.25_daily,daily,1.25,0.25471856865143994,True,0.47053448223458605,1.5142215762168492,0.4948443255842361,3.260420958425864,0.6743709543146557,2.5860500041112084,-1.608120021674753,3.3081859998227134,0.5128334537603714,True,vol1.25_band05,True,2.976023777087568,3.334821659742973,True,0.3587978826554048
heston_shift,4,16,20.0,0.72,joint_es90,vol1.25_daily,daily,1.25,0.25471856865143994,True,0.47053448223458605,1.5142215762168492,0.4948443255842361,3.260420958425864,0.6743709543146557,2.5860500041112084,-1.608120021674753,3.3081859998227134,0.5128334537603714,True,vol1.25_band05,True,2.976023777087568,3.334821659742973,True,0.3587978826554048
heston_shift,4,64,20.0,0.72,forecast_first,vol1_daily,daily,1.0,0.20377485492115197,True,0.43779637017648243,1.3964153283548189,0.4660187952151926,3.6314288175431217,0.9392621229977052,2.692166694545416,-1.6407823422213612,3.7077484955928193,0.5427280398522494,True,vol1.25_band05,True,2.976023777087568,3.7323147895674227,True,0.7562910124798545
heston_shift,4,64,20.0,0.72,joint_mse,vol1_daily,daily,1.0,0.20377485492115197,True,0.43779637017648243,1.3964153283548189,0.4660187952151926,3.6314288175431217,0.9392621229977052,2.692166694545416,-1.6407823422213612,3.7077484955928193,0.5427280398522494,True,vol1.25_band05,True,2.976023777087568,3.7323147895674227,True,0.7562910124798545
heston_shift,4,64,20.0,0.72,joint_es90,vol1.25_daily,daily,1.25,0.25471856865143994,True,0.46306338109108536,1.2589198480039256,0.43759007565221697,3.260420958425864,0.6743709543146557,2.5860500041112084,-1.608120021674753,3.3081859998227134,0.5128334537603714,True,vol1.25_band05,True,2.976023777087568,3.334821659742973,True,0.3587978826554048
heston_shift,4,256,20.0,0.72,forecast_first,vol1_band05,band05,1.0,0.20377485492115197,True,0.4189899510970161,1.2777609081877284,0.37454463328333054,3.19852494268464,0.8489941609963843,2.3495307816882556,-1.5328179218968754,3.467418419079522,0.42621299699201615,True,vol1.25_band05,True,2.976023777087568,3.220925619480819,True,0.24490184239325075
heston_shift,4,256,20.0,0.72,joint_mse,vol1_band05,band05,1.0,0.20377485492115197,True,0.4189899510970161,1.2777609081877284,0.37454463328333054,3.19852494268464,0.8489941609963843,2.3495307816882556,-1.5328179218968754,3.467418419079522,0.42621299699201615,True,vol1.25_band05,True,2.976023777087568,3.220925619480819,True,0.24490184239325075
heston_shift,4,256,20.0,0.72,joint_es90,vol1.25_daily,daily,1.25,0.25471856865143994,True,0.42985462376939965,1.218203923753783,0.4612995665593993,3.260420958425864,0.6743709543146557,2.5860500041112084,-1.608120021674753,3.3081859998227134,0.5128334537603714,True,vol1.25_band05,True,2.976023777087568,3.334821659742973,True,0.3587978826554048
heston_shift,5,16,5.0,0.18,forecast_first,vol1.25_band05,band05,1.25,0.16124801475964204,True,0.19349351564897632,0.8120505587334068,0.09279716511266098,2.5007898592408973,0.9944690082746975,1.5063208509661994,-1.2273226352374502,3.3884265066278454,0.11621093187557827,True,vol1.25_band10,True,2.414463076111438,2.515901719140488,True,0.10143864302904992
heston_shift,5,16,5.0,0.18,joint_mse,vol1.25_band05,band05,1.25,0.16124801475964204,True,0.19349351564897632,0.8120505587334068,0.09279716511266098,2.5007898592408973,0.9944690082746975,1.5063208509661994,-1.2273226352374502,3.3884265066278454,0.11621093187557827,True,vol1.25_band10,True,2.414463076111438,2.515901719140488,True,0.10143864302904992
heston_shift,5,16,5.0,0.18,joint_es90,vol1.25_band05,band05,1.25,0.16124801475964204,True,0.19349351564897632,0.8120505587334068,0.09279716511266098,2.5007898592408973,0.9944690082746975,1.5063208509661994,-1.2273226352374502,3.3884265066278454,0.11621093187557827,True,vol1.25_band10,True,2.414463076111438,2.515901719140488,True,0.10143864302904992
heston_shift,5,64,5.0,0.18,forecast_first,vol1.25_band05,band05,1.25,0.16124801475964204,True,0.23483985241583138,0.9295703972361222,0.09342769995718858,2.5007898592408973,0.9944690082746975,1.5063208509661994,-1.2273226352374502,3.3884265066278454,0.11621093187557827,True,vol1.25_band10,True,2.414463076111438,2.515901719140488,True,0.10143864302904992
heston_shift,5,64,5.0,0.18,joint_mse,vol1.25_band05,band05,1.25,0.16124801475964204,True,0.23483985241583138,0.9295703972361222,0.09342769995718858,2.5007898592408973,0.9944690082746975,1.5063208509661994,-1.2273226352374502,3.3884265066278454,0.11621093187557827,True,vol1.25_band10,True,2.414463076111438,2.515901719140488,True,0.10143864302904992
heston_shift,5,64,5.0,0.18,joint_es90,vol1.25_band05,band05,1.25,0.16124801475964204,True,0.23483985241583138,0.9295703972361222,0.09342769995718858,2.5007898592408973,0.9944690082746975,1.5063208509661994,-1.2273226352374502,3.3884265066278454,0.11621093187557827,True,vol1.25_band10,True,2.414463076111438,2.515901719140488,True,0.10143864302904992
heston_shift,5,256,5.0,0.18,forecast_first,vol1.25_band05,band05,1.25,0.16124801475964204,True,0.4363755359192402,1.5442634494852214,0.09895583470476398,2.5007898592408973,0.9944690082746975,1.5063208509661994,-1.2273226352374502,3.3884265066278454,0.11621093187557827,True,vol1.25_band10,True,2.414463076111438,2.515901719140488,True,0.10143864302904992
heston_shift,5,256,5.0,0.18,joint_mse,vol1.25_band05,band05,1.25,0.16124801475964204,True,0.4363755359192402,1.5442634494852214,0.09895583470476398,2.5007898592408973,0.9944690082746975,1.5063208509661994,-1.2273226352374502,3.3884265066278454,0.11621093187557827,True,vol1.25_band10,True,2.414463076111438,2.515901719140488,True,0.10143864302904992
heston_shift,5,256,5.0,0.18,joint_es90,vol1.25_band10,band10,1.25,0.16124801475964204,True,0.5052690975797145,1.526647149057822,0.08459002224513787,2.406562047908825,0.9421654284515928,1.4643966194572324,-1.2101225638162576,3.1895865150422056,0.09902978544683141,True,vol1.25_band10,True,2.414463076111438,2.414463076111438,True,0.0
heston_shift,5,16,20.0,0.72,forecast_first,vol1.25_band05,band05,1.25,0.16124801475964204,True,0.3402085162116887,1.2604858006775235,0.3711886604506439,3.631427871054605,1.1477923509842856,2.4836355200703197,-1.5759554308641852,3.8920380981186735,0.46484372750231306,True,vol1.25_band10,True,3.305071229183917,3.6380547858763315,True,0.3329835566924144
heston_shift,5,16,20.0,0.72,joint_mse,vol1.25_band05,band05,1.25,0.16124801475964204,True,0.3402085162116887,1.2604858006775235,0.3711886604506439,3.631427871054605,1.1477923509842856,2.4836355200703197,-1.5759554308641852,3.8920380981186735,0.46484372750231306,True,vol1.25_band10,True,3.305071229183917,3.6380547858763315,True,0.3329835566924144
heston_shift,5,16,20.0,0.72,joint_es90,vol1.25_band10,band10,1.25,0.16124801475964204,True,0.3772154662072694,1.169158763210968,0.31481848744922536,3.3041605699528,1.0324727976901977,2.271687772262602,-1.5072119201567515,3.5941552291404575,0.39611914178732566,True,vol1.25_band10,True,3.305071229183917,3.305071229183917,True,0.0
heston_shift,5,64,20.0,0.72,forecast_first,vol1.25_band05,band05,1.25,0.16124801475964204,True,0.35179958351256985,1.2734848086953088,0.3737107998287543,3.631427871054605,1.1477923509842856,2.4836355200703197,-1.5759554308641852,3.8920380981186735,0.46484372750231306,True,vol1.25_band10,True,3.305071229183917,3.6380547858763315,True,0.3329835566924144
heston_shift,5,64,20.0,0.72,joint_mse,vol1.25_band05,band05,1.25,0.16124801475964204,True,0.35179958351256985,1.2734848086953088,0.3737107998287543,3.631427871054605,1.1477923509842856,2.4836355200703197,-1.5759554308641852,3.8920380981186735,0.46484372750231306,True,vol1.25_band10,True,3.305071229183917,3.6380547858763315,True,0.3329835566924144
heston_shift,5,64,20.0,0.72,joint_es90,vol1.25_band05,band05,1.25,0.16124801475964204,True,0.35179958351256985,1.2734848086953088,0.3737107998287543,3.631427871054605,1.1477923509842856,2.4836355200703197,-1.5759554308641852,3.8920380981186735,0.46484372750231306,True,vol1.25_band10,True,3.305071229183917,3.6380547858763315,True,0.3329835566924144
heston_shift,5,256,20.0,0.72,forecast_first,vol1.25_band05,band05,1.25,0.16124801475964204,True,0.647550802495753,1.9381658743242505,0.3958233388190559,3.631427871054605,1.1477923509842856,2.4836355200703197,-1.5759554308641852,3.8920380981186735,0.46484372750231306,True,vol1.25_band10,True,3.305071229183917,3.6380547858763315,True,0.3329835566924144
heston_shift,5,256,20.0,0.72,joint_mse,vol1.25_band05,band05,1.25,0.16124801475964204,True,0.647550802495753,1.9381658743242505,0.3958233388190559,3.631427871054605,1.1477923509842856,2.4836355200703197,-1.5759554308641852,3.8920380981186735,0.46484372750231306,True,vol1.25_band10,True,3.305071229183917,3.6380547858763315,True,0.3329835566924144
heston_shift,5,256,20.0,0.72,joint_es90,vol1.25_band10,band10,1.25,0.16124801475964204,True,0.6594922491512863,1.8157738119376512,0.3383600889805515,3.3041605699528,1.0324727976901977,2.271687772262602,-1.5072119201567515,3.5941552291404575,0.39611914178732566,True,vol1.25_band10,True,3.305071229183917,3.305071229183917,True,0.0
heston_shift,6,16,5.0,0.18,forecast_first,vol0.75_band05,band05,0.75,0.17772915099105416,True,0.234906748280947,0.7975256524948057,0.10364953616104153,2.4110507505820347,0.8881227562032996,1.5229279943787355,-1.2340696878129434,3.2853677938280597,0.11178306707710832,True,vol1.25_daily,True,2.097676755997333,2.4114393603260726,True,0.3137626043287396
heston_shift,6,16,5.0,0.18,joint_mse,vol0.75_band05,band05,0.75,0.17772915099105416,True,0.234906748280947,0.7975256524948057,0.10364953616104153,2.4110507505820347,0.8881227562032996,1.5229279943787355,-1.2340696878129434,3.2853677938280597,0.11178306707710832,True,vol1.25_daily,True,2.097676755997333,2.4114393603260726,True,0.3137626043287396
heston_shift,6,16,5.0,0.18,joint_es90,vol1.25_daily,daily,1.25,0.29621525165175694,True,0.34497107846703573,0.6951877180362269,0.11155858550410377,2.0904518711240456,0.5387121639686312,1.5517397071554146,-1.2456884470666871,2.6994357176347465,0.1239425934446614,True,vol1.25_daily,True,2.097676755997333,2.097676755997333,True,0.0
heston_shift,6,64,5.0,0.18,forecast_first,vol0.75_daily,daily,0.75,0.17772915099105416,True,0.19298132943279311,0.8702131068978868,0.12885072048461507,2.581762719805843,1.0221873575826523,1.5595753622231905,-1.2488295969519583,3.473947713968661,0.1403204504411823,True,vol1.25_daily,True,2.097676755997333,2.64630913901759,True,0.5486323830202569
heston_shift,6,64,5.0,0.18,joint_mse,vol0.75_daily,daily,0.75,0.17772915099105416,True,0.19298132943279311,0.8702131068978868,0.12885072048461507,2.581762719805843,1.0221873575826523,1.5595753622231905,-1.2488295969519583,3.473947713968661,0.1403204504411823,True,vol1.25_daily,True,2.097676755997333,2.64630913901759,True,0.5486323830202569
heston_shift,6,64,5.0,0.18,joint_es90,vol1_daily,daily,1.0,0.23697220132140553,True,0.21331243987338508,0.7080904090269541,0.11901101626856933,2.207859570498011,0.6516017645975212,1.5562578059004901,-1.247500623607255,2.9983763909371524,0.13121582984873165,True,vol1.25_daily,True,2.097676755997333,2.2314404227050795,True,0.13376366670774642
heston_shift,6,256,5.0,0.18,forecast_first,vol0.75_daily,daily,0.75,0.17772915099105416,True,0.2839639987532557,1.2038791057416,0.12629467765868907,2.581762719805843,1.0221873575826523,1.5595753622231905,-1.2488295969519583,3.473947713968661,0.1403204504411823,True,vol1.25_daily,True,2.097676755997333,2.64630913901759,True,0.5486323830202569
heston_shift,6,256,5.0,0.18,joint_mse,vol1_daily,daily,1.0,0.23697220132140553,True,0.2763235085955865,0.9869490206642553,0.11690240788084365,2.207859570498011,0.6516017645975212,1.5562578059004901,-1.247500623607255,2.9983763909371524,0.13121582984873165,True,vol1.25_daily,True,2.097676755997333,2.2314404227050795,True,0.13376366670774642
heston_shift,6,256,5.0,0.18,joint_es90,vol1_daily,daily,1.0,0.23697220132140553,True,0.2763235085955865,0.9869490206642553,0.11690240788084365,2.207859570498011,0.6516017645975212,1.5562578059004901,-1.247500623607255,2.9983763909371524,0.13121582984873165,True,vol1.25_daily,True,2.097676755997333,2.2314404227050795,True,0.13376366670774642
heston_shift,6,16,20.0,0.72,forecast_first,vol0.75_band05,band05,0.75,0.17772915099105416,True,0.3994398294265968,1.2538686438155047,0.4145981446441661,3.4790951507517223,1.0160195014627773,2.463075649288945,-1.5694188890442682,3.770589139501204,0.4471322683084333,True,vol1.25_band05,True,2.9531819027927293,3.47460260870914,True,0.5214207059164107
heston_shift,6,16,20.0,0.72,joint_mse,vol1.25_daily,daily,1.25,0.29621525165175694,True,0.38956700049704296,1.0710799802843516,0.4462343420164151,3.192020889738685,0.5756621438341847,2.6163587459044995,-1.6175162274006711,3.160877055320198,0.4957703737786456,True,vol1.25_band05,True,2.9531819027927293,3.1927919715111424,True,0.23961006871841306
heston_shift,6,16,20.0,0.72,joint_es90,vol0.75_band10,band10,0.75,0.17772915099105416,True,0.41931711825199147,1.0050009026029483,0.3503249509544135,3.225717587100824,0.9602733619689088,2.2654442251319153,-1.5051392710084723,3.5106687693798357,0.38061008526060713,True,vol1.25_band05,True,2.9531819027927293,3.217372051503946,True,0.2641901487112168
heston_shift,6,64,20.0,0.72,forecast_first,vol0.75_band05,band05,0.75,0.17772915099105416,True,0.3841790483721802,1.1961478831738523,0.3985508849418554,3.4790951507517223,1.0160195014627773,2.463075649288945,-1.5694188890442682,3.770589139501204,0.4471322683084333,True,vol1.25_band05,True,2.9531819027927293,3.47460260870914,True,0.5214207059164107
heston_shift,6,64,20.0,0.72,joint_mse,vol0.75_band05,band05,0.75,0.17772915099105416,True,0.3841790483721802,1.1961478831738523,0.3985508849418554,3.4790951507517223,1.0160195014627773,2.463075649288945,-1.5694188890442682,3.770589139501204,0.4471322683084333,True,vol1.25_band05,True,2.9531819027927293,3.47460260870914,True,0.5214207059164107
heston_shift,6,64,20.0,0.72,joint_es90,vol1_daily,daily,1.0,0.23697220132140553,True,0.3980632283367673,1.0969098781351403,0.4760440650742773,3.437043543994724,0.7436764146875947,2.6933671293071293,-1.64114811315345,3.5244157899720734,0.5248633193949266,True,vol1.25_band05,True,2.9531819027927293,3.463981199546189,True,0.5107992967534596
heston_shift,6,256,20.0,0.72,forecast_first,vol0.75_band05,band05,0.75,0.17772915099105416,True,0.500781882451173,1.5290606656326962,0.3941393299861674,3.4790951507517223,1.0160195014627773,2.463075649288945,-1.5694188890442682,3.770589139501204,0.4471322683084333,True,vol1.25_band05,True,2.9531819027927293,3.47460260870914,True,0.5214207059164107
heston_shift,6,256,20.0,0.72,joint_mse,vol1_daily,daily,1.0,0.23697220132140553,True,0.4931624101112626,1.3972968121754483,0.4676096315233746,3.437043543994724,0.7436764146875947,2.6933671293071293,-1.64114811315345,3.5244157899720734,0.5248633193949266,True,vol1.25_band05,True,2.9531819027927293,3.463981199546189,True,0.5107992967534596
heston_shift,6,256,20.0,0.72,joint_es90,vol1.25_daily,daily,1.25,0.29621525165175694,True,0.5523735151258189,1.3722176877932255,0.4392739072552607,3.192020889738685,0.5756621438341847,2.6163587459044995,-1.6175162274006711,3.160877055320198,0.4957703737786456,True,vol1.25_band05,True,2.9531819027927293,3.1927919715111424,True,0.23961006871841306
heston_shift,7,16,5.0,0.18,forecast_first,vol1_daily,daily,1.0,0.20553068319332654,True,0.19982839736313335,0.7445302097440797,0.12647012398596083,2.450352308951768,0.8595081397010889,1.5908441692506785,-1.2612867117553719,3.2797849890383275,0.13569639499968264,True,vol1.25_band05,True,2.0998786911100815,2.3575272870697344,True,0.25764859595965284
heston_shift,7,16,5.0,0.18,joint_mse,vol0.75_daily,daily,0.75,0.1541480123949949,True,0.1666389387763318,0.6980836011484904,0.13069107159746324,2.9877278780970764,1.3809290044034392,1.606798873693637,-1.2675957059305767,3.829327475021373,0.14460482436570055,True,vol1.25_band05,True,2.0998786911100815,2.8675979128404085,True,0.767719221730327
heston_shift,7,16,5.0,0.18,joint_es90,vol0.75_band05,band05,0.75,0.1541480123949949,True,0.17747032252966488,0.6271201788549353,0.10447996563233128,2.6267052864657408,1.1135570341738381,1.5131482522919024,-1.230100911426336,3.540259087336262,0.11612546471688878,True,vol1.25_band05,True,2.0998786911100815,2.5603152239941918,True,0.46043653288411024
heston_shift,7,64,5.0,0.18,forecast_first,vol1_daily,daily,1.0,0.20553068319332654,True,0.3171003590914557,1.2215069465049975,0.12507458666249777,2.450352308951768,0.8595081397010889,1.5908441692506785,-1.2612867117553719,3.2797849890383275,0.13569639499968264,True,vol1.25_band05,True,2.0998786911100815,2.3575272870697344,True,0.25764859595965284
heston_shift,7,64,5.0,0.18,joint_mse,vol1_daily,daily,1.0,0.20553068319332654,True,0.3171003590914557,1.2215069465049975,0.12507458666249777,2.450352308951768,0.8595081397010889,1.5908441692506785,-1.2612867117553719,3.2797849890383275,0.13569639499968264,True,vol1.25_band05,True,2.0998786911100815,2.3575272870697344,True,0.25764859595965284
heston_shift,7,64,5.0,0.18,joint_es90,vol1_band05,band05,1.0,0.20553068319332654,True,0.35833113239220704,1.1280818832054202,0.0969106636073164,2.2518538752121353,0.7561939989260792,1.4956598762860565,-1.2229717397740867,3.0660298803885433,0.10670074858338463,True,vol1.25_band05,True,2.0998786911100815,2.2081509374065034,True,0.10827224629642185
heston_shift,7,256,5.0,0.18,forecast_first,vol1_daily,daily,1.0,0.20553068319332654,True,0.20653182974720197,0.9631628679453698,0.12441423114623393,2.450352308951768,0.8595081397010889,1.5908441692506785,-1.2612867117553719,3.2797849890383275,0.13569639499968264,True,vol1.25_band05,True,2.0998786911100815,2.3575272870697344,True,0.25764859595965284
heston_shift,7,256,5.0,0.18,joint_mse,vol1_daily,daily,1.0,0.20553068319332654,True,0.20653182974720197,0.9631628679453698,0.12441423114623393,2.450352308951768,0.8595081397010889,1.5908441692506785,-1.2612867117553719,3.2797849890383275,0.13569639499968264,True,vol1.25_band05,True,2.0998786911100815,2.3575272870697344,True,0.25764859595965284
heston_shift,7,256,5.0,0.18,joint_es90,vol1.25_daily,daily,1.25,0.25691335399165816,True,0.25003455343897907,0.9328797574990613,0.11653794906930866,2.2014380360892174,0.6269077122158982,1.574530323873319,-1.2548029024007392,2.8929576690215524,0.12842287480639364,True,vol1.25_band05,True,2.0998786911100815,2.1291375206777374,True,0.02925882956765591
heston_shift,7,16,20.0,0.72,forecast_first,vol1_band05,band05,1.0,0.20553068319332654,True,0.44377476854098086,1.0426729025379333,0.4021431940081834,3.2225236700100686,0.8414463452084041,2.381077324801664,-1.5430739855242406,3.5106485455218035,0.4268029943335385,True,vol1.25_band05,True,2.946761273658953,3.1714055878847898,True,0.22464431422583697
heston_shift,7,16,20.0,0.72,joint_mse,vol0.75_band05,band05,0.75,0.1541480123949949,True,0.3110609419852002,0.9599532437738696,0.4179198625293251,3.777761689784112,1.2861710855624793,2.491590604221633,-1.5784773055770023,4.062328340747364,0.46450185886755513,True,vol1.25_band05,True,2.946761273658953,3.7050758788419964,True,0.7583146051830436
heston_shift,7,16,20.0,0.72,joint_es90,vol0.75_band05,band05,0.75,0.1541480123949949,True,0.3110609419852002,0.9599532437738696,0.4179198625293251,3.777761689784112,1.2861710855624793,2.491590604221633,-1.5784773055770023,4.062328340747364,0.46450185886755513,True,vol1.25_band05,True,2.946761273658953,3.7050758788419964,True,0.7583146051830436
heston_shift,7,64,20.0,0.72,forecast_first,vol1_band05,band05,1.0,0.20553068319332654,True,0.4980544464271166,1.431655411764886,0.3876426544292656,3.2225236700100686,0.8414463452084041,2.381077324801664,-1.5430739855242406,3.5106485455218035,0.4268029943335385,True,vol1.25_band05,True,2.946761273658953,3.1714055878847898,True,0.22464431422583697
heston_shift,7,64,20.0,0.72,joint_mse,vol0.75_band10,band10,0.75,0.1541480123949949,True,0.4924031537416385,1.4454787551192492,0.36241649439537704,3.3621672986578366,1.1098813407643797,2.2522859578934566,-1.5007617925218701,3.7112179467723867,0.39530395755214054,True,vol1.25_band05,True,2.946761273658953,3.3146878135301967,True,0.3679265398712439
heston_shift,7,64,20.0,0.72,joint_es90,vol1_band05,band05,1.0,0.20553068319332654,True,0.4980544464271166,1.431655411764886,0.3876426544292656,3.2225236700100686,0.8414463452084041,2.381077324801664,-1.5430739855242406,3.5106485455218035,0.4268029943335385,True,vol1.25_band05,True,2.946761273658953,3.1714055878847898,True,0.22464431422583697
heston_shift,7,256,20.0,0.72,forecast_first,vol1_band05,band05,1.0,0.20553068319332654,True,0.39748018642315386,1.2641880943669483,0.3804508734130501,3.2225236700100686,0.8414463452084041,2.381077324801664,-1.5430739855242406,3.5106485455218035,0.4268029943335385,True,vol1.25_band05,True,2.946761273658953,3.1714055878847898,True,0.22464431422583697
heston_shift,7,256,20.0,0.72,joint_mse,vol1_band05,band05,1.0,0.20553068319332654,True,0.39748018642315386,1.2641880943669483,0.3804508734130501,3.2225236700100686,0.8414463452084041,2.381077324801664,-1.5430739855242406,3.5106485455218035,0.4268029943335385,True,vol1.25_band05,True,2.946761273658953,3.1714055878847898,True,0.22464431422583697
heston_shift,7,256,20.0,0.72,joint_es90,vol1_band05,band05,1.0,0.20553068319332654,True,0.39748018642315386,1.2641880943669483,0.3804508734130501,3.2225236700100686,0.8414463452084041,2.381077324801664,-1.5430739855242406,3.5106485455218035,0.4268029943335385,True,vol1.25_band05,True,2.946761273658953,3.1714055878847898,True,0.22464431422583697
heston_shift,8,16,5.0,0.18,forecast_first,vol0.75_daily,daily,0.75,0.17759515221835612,True,0.14856616194268643,0.5725749769399965,0.12816091563008436,2.8029116542985766,1.0926625632121052,1.7102490910864718,-1.3077649219513696,3.6074741166320865,0.14072386836088524,True,vol1.25_daily,True,2.0954941655693005,2.601549753518797,True,0.5060555879494966
heston_shift,8,16,5.0,0.18,joint_mse,vol0.75_daily,daily,0.75,0.17759515221835612,True,0.14856616194268643,0.5725749769399965,0.12816091563008436,2.8029116542985766,1.0926625632121052,1.7102490910864718,-1.3077649219513696,3.6074741166320865,0.14072386836088524,True,vol1.25_daily,True,2.0954941655693005,2.601549753518797,True,0.5060555879494966
heston_shift,8,16,5.0,0.18,joint_es90,vol0.75_daily,daily,0.75,0.17759515221835612,True,0.14856616194268643,0.5725749769399965,0.12816091563008436,2.8029116542985766,1.0926625632121052,1.7102490910864718,-1.3077649219513696,3.6074741166320865,0.14072386836088524,True,vol1.25_daily,True,2.0954941655693005,2.601549753518797,True,0.5060555879494966
heston_shift,8,64,5.0,0.18,forecast_first,vol0.75_daily,daily,0.75,0.17759515221835612,True,0.1585038541156411,0.6735649261231467,0.12203603560020064,2.8029116542985766,1.0926625632121052,1.7102490910864718,-1.3077649219513696,3.6074741166320865,0.14072386836088524,True,vol1.25_daily,True,2.0954941655693005,2.601549753518797,True,0.5060555879494966
heston_shift,8,64,5.0,0.18,joint_mse,vol0.75_daily,daily,0.75,0.17759515221835612,True,0.1585038541156411,0.6735649261231467,0.12203603560020064,2.8029116542985766,1.0926625632121052,1.7102490910864718,-1.3077649219513696,3.6074741166320865,0.14072386836088524,True,vol1.25_daily,True,2.0954941655693005,2.601549753518797,True,0.5060555879494966
heston_shift,8,64,5.0,0.18,joint_es90,vol0.75_daily,daily,0.75,0.17759515221835612,True,0.1585038541156411,0.6735649261231467,0.12203603560020064,2.8029116542985766,1.0926625632121052,1.7102490910864718,-1.3077649219513696,3.6074741166320865,0.14072386836088524,True,vol1.25_daily,True,2.0954941655693005,2.601549753518797,True,0.5060555879494966
heston_shift,8,256,5.0,0.18,forecast_first,vol0.75_daily,daily,0.75,0.17759515221835612,True,0.2618537615445251,1.0723405765281846,0.12580859070220815,2.8029116542985766,1.0926625632121052,1.7102490910864718,-1.3077649219513696,3.6074741166320865,0.14072386836088524,True,vol1.25_daily,True,2.0954941655693005,2.601549753518797,True,0.5060555879494966
heston_shift,8,256,5.0,0.18,joint_mse,vol0.75_daily,daily,0.75,0.17759515221835612,True,0.2618537615445251,1.0723405765281846,0.12580859070220815,2.8029116542985766,1.0926625632121052,1.7102490910864718,-1.3077649219513696,3.6074741166320865,0.14072386836088524,True,vol1.25_daily,True,2.0954941655693005,2.601549753518797,True,0.5060555879494966
heston_shift,8,256,5.0,0.18,joint_es90,vol1_daily,daily,1.0,0.2367935362911415,True,0.26794944104408996,0.9413139213833768,0.1160565173323517,2.3402516460065383,0.6871820851694335,1.6530695608371053,-1.285717527623041,3.092990048744019,0.13118442910229,True,vol1.25_daily,True,2.0954941655693005,2.214016227481093,True,0.1185220619117926
heston_shift,8,16,20.0,0.72,forecast_first,vol0.75_band05,band05,0.75,0.17759515221835612,True,0.263652956067735,0.9973478691456166,0.3864666838966717,3.625811048804194,1.0578509635610045,2.5679600852431896,-1.6024855959549806,3.84526929529547,0.44641597621448537,True,vol1.25_band05,True,2.9498338649525984,3.436794860643438,True,0.48696099569083984
heston_shift,8,16,20.0,0.72,joint_mse,vol0.75_band05,band05,0.75,0.17759515221835612,True,0.263652956067735,0.9973478691456166,0.3864666838966717,3.625811048804194,1.0578509635610045,2.5679600852431896,-1.6024855959549806,3.84526929529547,0.44641597621448537,True,vol1.25_band05,True,2.9498338649525984,3.436794860643438,True,0.48696099569083984
heston_shift,8,16,20.0,0.72,joint_es90,vol0.75_band05,band05,0.75,0.17759515221835612,True,0.263652956067735,0.9973478691456166,0.3864666838966717,3.625811048804194,1.0578509635610045,2.5679600852431896,-1.6024855959549806,3.84526929529547,0.44641597621448537,True,vol1.25_band05,True,2.9498338649525984,3.436794860643438,True,0.48696099569083984
heston_shift,8,64,20.0,0.72,forecast_first,vol0.75_daily,daily,0.75,0.17759515221835612,True,0.3236582075713245,1.1897376528088945,0.48814414240080256,4.280121004019049,1.2874406164525052,2.9926803875665446,-1.7299365270340252,4.198621540636689,0.562895473443541,True,vol1.25_band05,True,2.9498338649525984,4.029826523609751,True,1.0799926586571527
heston_shift,8,64,20.0,0.72,joint_mse,vol0.75_daily,daily,0.75,0.17759515221835612,True,0.3236582075713245,1.1897376528088945,0.48814414240080256,4.280121004019049,1.2874406164525052,2.9926803875665446,-1.7299365270340252,4.198621540636689,0.562895473443541,True,vol1.25_band05,True,2.9498338649525984,4.029826523609751,True,1.0799926586571527
heston_shift,8,64,20.0,0.72,joint_es90,vol1_daily,daily,1.0,0.2367935362911415,True,0.3300794662475237,1.0609579743774369,0.4512531659572872,3.597883430177405,0.7779329603020374,2.819950469875367,-1.679270814929911,3.611060842492549,0.52473771640916,True,vol1.25_band05,True,2.9498338649525984,3.43824578842918,True,0.4884119234765816
heston_shift,8,256,20.0,0.72,forecast_first,vol0.75_band05,band05,0.75,0.17759515221835612,True,0.47038827264720623,1.4707335352366433,0.39258516959301426,3.625811048804194,1.0578509635610045,2.5679600852431896,-1.6024855959549806,3.84526929529547,0.44641597621448537,True,vol1.25_band05,True,2.9498338649525984,3.436794860643438,True,0.48696099569083984
heston_shift,8,256,20.0,0.72,joint_mse,vol1_daily,daily,1.0,0.2367935362911415,True,0.45328685932661283,1.3093516195848853,0.4642260693294068,3.597883430177405,0.7779329603020374,2.819950469875367,-1.679270814929911,3.611060842492549,0.52473771640916,True,vol1.25_band05,True,2.9498338649525984,3.43824578842918,True,0.4884119234765816
heston_shift,8,256,20.0,0.72,joint_es90,vol1_daily,daily,1.0,0.2367935362911415,True,0.45328685932661283,1.3093516195848853,0.4642260693294068,3.597883430177405,0.7779329603020374,2.819950469875367,-1.679270814929911,3.611060842492549,0.52473771640916,True,vol1.25_band05,True,2.9498338649525984,3.43824578842918,True,0.4884119234765816
heston_shift,9,16,5.0,0.18,forecast_first,vol1_daily,daily,1.0,0.19091838586722557,True,0.15315547235719068,0.31628657589849835,0.11027734575764842,2.5203690516906136,0.9006520652742536,1.6197169864163603,-1.2726810230440149,3.330079367051062,0.13842207339003498,True,vol1.25_band05,True,2.1567607970552967,2.4987335850387193,True,0.3419727879834227
heston_shift,9,16,5.0,0.18,joint_mse,vol0.75_daily,daily,0.75,0.14318878940041918,True,0.12728346779680638,0.37163908477737034,0.12012226603711434,3.0751277009023896,1.4342611951531992,1.6408665057491907,-1.2809631164671333,3.841715231827801,0.14712822958617625,True,vol1.25_band05,True,2.1567607970552967,3.0683547816156835,True,0.9115939845603869
heston_shift,9,16,5.0,0.18,joint_es90,vol0.75_band05,band05,0.75,0.14318878940041918,True,0.17582417203876868,0.3076612303286312,0.0899528441610623,2.770107819504644,1.173932287566572,1.5961755319380722,-1.2633984058633572,3.5800815070023826,0.11907204865589216,True,vol1.25_band05,True,2.1567607970552967,2.7221379980355485,True,0.5653772009802518
heston_shift,9,64,5.0,0.18,forecast_first,vol1_daily,daily,1.0,0.19091838586722557,True,0.18982660902579868,0.7369116906269734,0.12294918957404535,2.5203690516906136,0.9006520652742536,1.6197169864163603,-1.2726810230440149,3.330079367051062,0.13842207339003498,True,vol1.25_band05,True,2.1567607970552967,2.4987335850387193,True,0.3419727879834227
heston_shift,9,64,5.0,0.18,joint_mse,vol1_daily,daily,1.0,0.19091838586722557,True,0.18982660902579868,0.7369116906269734,0.12294918957404535,2.5203690516906136,0.9006520652742536,1.6197169864163603,-1.2726810230440149,3.330079367051062,0.13842207339003498,True,vol1.25_band05,True,2.1567607970552967,2.4987335850387193,True,0.3419727879834227
heston_shift,9,64,5.0,0.18,joint_es90,vol1.25_daily,daily,1.25,0.23864798233403195,True,0.23507259768554298,0.6260166060447347,0.11462379780063989,2.242668828072752,0.6409838610560588,1.6016849670166935,-1.2655769305011424,2.964361607618258,0.13124200112257506,True,vol1.25_band05,True,2.1567607970552967,2.2179359745637988,True,0.0611751775085021
heston_shift,9,256,5.0,0.18,forecast_first,vol1_daily,daily,1.0,0.19091838586722557,True,0.2087914884883098,0.9166380198365595,0.125645845109689,2.5203690516906136,0.9006520652742536,1.6197169864163603,-1.2726810230440149,3.330079367051062,0.13842207339003498,True,vol1.25_band05,True,2.1567607970552967,2.4987335850387193,True,0.3419727879834227
heston_shift,9,256,5.0,0.18,joint_mse,vol1_daily,daily,1.0,0.19091838586722557,True,0.2087914884883098,0.9166380198365595,0.125645845109689,2.5203690516906136,0.9006520652742536,1.6197169864163603,-1.2726810230440149,3.330079367051062,0.13842207339003498,True,vol1.25_band05,True,2.1567607970552967,2.4987335850387193,True,0.3419727879834227
heston_shift,9,256,5.0,0.18,joint_es90,vol1.25_daily,daily,1.25,0.23864798233403195,True,0.23736104142173214,0.8101499964843499,0.11730113091716696,2.242668828072752,0.6409838610560588,1.6016849670166935,-1.2655769305011424,2.964361607618258,0.13124200112257506,True,vol1.25_band05,True,2.1567607970552967,2.2179359745637988,True,0.0611751775085021
heston_shift,9,16,20.0,0.72,forecast_first,vol1_daily,daily,1.0,0.19091838586722557,True,0.1559504605220808,0.6733013090464919,0.44110938303059366,3.914748983459675,1.0655830875855283,2.849165895874147,-1.6879472432141198,3.9112289017722874,0.5536882935601399,True,vol1.25_band10,True,3.0384090006974795,3.877782350908106,True,0.8393733502106264
heston_shift,9,16,20.0,0.72,joint_mse,vol1_daily,daily,1.0,0.19091838586722557,True,0.1559504605220808,0.6733013090464919,0.44110938303059366,3.914748983459675,1.0655830875855283,2.849165895874147,-1.6879472432141198,3.9112289017722874,0.5536882935601399,True,vol1.25_band10,True,3.0384090006974795,3.877782350908106,True,0.8393733502106264
heston_shift,9,16,20.0,0.72,joint_es90,vol1_band05,band05,1.0,0.19091838586722557,True,0.20673841696478262,0.6557826294367619,0.3269659458729952,3.3977279386566748,0.8957423523601147,2.5019855862965605,-1.5817666029779995,3.593948934643076,0.43849226016648923,True,vol1.25_band10,True,3.0384090006974795,3.3313038954984906,True,0.29289489480101105
heston_shift,9,64,20.0,0.72,forecast_first,vol1_daily,daily,1.0,0.19091838586722557,True,0.3272732170775797,1.2029244594519326,0.4917967582961814,3.914748983459675,1.0655830875855283,2.849165895874147,-1.6879472432141198,3.9112289017722874,0.5536882935601399,True,vol1.25_band10,True,3.0384090006974795,3.877782350908106,True,0.8393733502106264
heston_shift,9,64,20.0,0.72,joint_mse,vol1.25_daily,daily,1.25,0.23864798233403195,True,0.3163493602379963,0.9865313726805338,0.45849519120255955,3.48334508450157,0.7300588581557386,2.7532862263458315,-1.6593029338688676,3.487188145073535,0.5249680044903002,True,vol1.25_band10,True,3.0384090006974795,3.443526426662719,True,0.40511742596523925
heston_shift,9,64,20.0,0.72,joint_es90,vol1.25_daily,daily,1.25,0.23864798233403195,True,0.3163493602379963,0.9865313726805338,0.45849519120255955,3.48334508450157,0.7300588581557386,2.7532862263458315,-1.6593029338688676,3.487188145073535,0.5249680044903002,True,vol1.25_band10,True,3.0384090006974795,3.443526426662719,True,0.40511742596523925
heston_shift,9,256,20.0,0.72,forecast_first,vol1_band05,band05,1.0,0.19091838586722557,True,0.3713010974694929,1.2170528486352965,0.38504904675186985,3.3977279386566748,0.8957423523601147,2.5019855862965605,-1.5817666029779995,3.593948934643076,0.43849226016648923,True,vol1.25_band10,True,3.0384090006974795,3.3313038954984906,True,0.29289489480101105
heston_shift,9,256,20.0,0.72,joint_mse,vol1_band05,band05,1.0,0.19091838586722557,True,0.3713010974694929,1.2170528486352965,0.38504904675186985,3.3977279386566748,0.8957423523601147,2.5019855862965605,-1.5817666029779995,3.593948934643076,0.43849226016648923,True,vol1.25_band10,True,3.0384090006974795,3.3313038954984906,True,0.29289489480101105
heston_shift,9,256,20.0,0.72,joint_es90,vol1.25_daily,daily,1.25,0.23864798233403195,True,0.39489359660953166,1.1834310275733149,0.46920452366866783,3.48334508450157,0.7300588581557386,2.7532862263458315,-1.6593029338688676,3.487188145073535,0.5249680044903002,True,vol1.25_band10,True,3.0384090006974795,3.443526426662719,True,0.40511742596523925
heston_shift,10,16,5.0,0.18,forecast_first,vol1_band05,band05,1.0,0.21258115173598388,True,0.14285380041361959,0.7802514241073913,0.08818250424234408,2.3232198062426757,0.7634620174540273,1.5597577887886487,-1.2489026338304554,3.1170153218947663,0.10584424065740786,True,vol1.25_band05,True,2.1094036750793923,2.1852258802880637,True,0.07582220520867144
heston_shift,10,16,5.0,0.18,joint_mse,vol1_band05,band05,1.0,0.21258115173598388,True,0.14285380041361959,0.7802514241073913,0.08818250424234408,2.3232198062426757,0.7634620174540273,1.5597577887886487,-1.2489026338304554,3.1170153218947663,0.10584424065740786,True,vol1.25_band05,True,2.1094036750793923,2.1852258802880637,True,0.07582220520867144
heston_shift,10,16,5.0,0.18,joint_es90,vol1.25_band05,band05,1.25,0.26572643966997983,True,0.23093685687195742,0.7779424785170288,0.08299817488021749,2.2059745485207154,0.6676510848667436,1.5383234636539715,-1.2402916849088248,2.8463933756170334,0.09874896407537255,True,vol1.25_band05,True,2.1094036750793923,2.1094036750793923,True,0.0
heston_shift,10,64,5.0,0.18,forecast_first,vol1_daily,daily,1.0,0.21258115173598388,True,0.2139776114734127,1.033044085493253,0.11887110506986949,2.4230263615758627,0.817180988323574,1.6058453732522886,-1.2672195442196623,3.2633008039871028,0.1347588589874239,True,vol1.25_band05,True,2.1094036750793923,2.3083160458196104,True,0.19891237074021806
heston_shift,10,64,5.0,0.18,joint_mse,vol1.25_daily,daily,1.25,0.26572643966997983,True,0.21391568676600475,0.9157017783619665,0.11196897827252245,2.1910400382064195,0.6055773386255454,1.5854626995808743,-1.2591515792710877,2.8972959098395568,0.1273863153739967,True,vol1.25_band05,True,2.1094036750793923,2.110853014328059,True,0.0014493392486665257
heston_shift,10,64,5.0,0.18,joint_es90,vol1.25_daily,daily,1.25,0.26572643966997983,True,0.21391568676600475,0.9157017783619665,0.11196897827252245,2.1910400382064195,0.6055773386255454,1.5854626995808743,-1.2591515792710877,2.8972959098395568,0.1273863153739967,True,vol1.25_band05,True,2.1094036750793923,2.110853014328059,True,0.0014493392486665257
heston_shift,10,256,5.0,0.18,forecast_first,vol1_daily,daily,1.0,0.21258115173598388,True,0.2704231063650807,1.02700317810284,0.11863435086304036,2.4230263615758627,0.817180988323574,1.6058453732522886,-1.2672195442196623,3.2633008039871028,0.1347588589874239,True,vol1.25_band05,True,2.1094036750793923,2.3083160458196104,True,0.19891237074021806
heston_shift,10,256,5.0,0.18,joint_mse,vol1_daily,daily,1.0,0.21258115173598388,True,0.2704231063650807,1.02700317810284,0.11863435086304036,2.4230263615758627,0.817180988323574,1.6058453732522886,-1.2672195442196623,3.2633008039871028,0.1347588589874239,True,vol1.25_band05,True,2.1094036750793923,2.3083160458196104,True,0.19891237074021806
heston_shift,10,256,5.0,0.18,joint_es90,vol1_daily,daily,1.0,0.21258115173598388,True,0.2704231063650807,1.02700317810284,0.11863435086304036,2.4230263615758627,0.817180988323574,1.6058453732522886,-1.2672195442196623,3.2633008039871028,0.1347588589874239,True,vol1.25_band05,True,2.1094036750793923,2.3083160458196104,True,0.19891237074021806
heston_shift,10,16,20.0,0.72,forecast_first,vol1_band05,band05,1.0,0.21258115173598388,True,0.29631174145914374,1.100252143421394,0.35273001696937634,3.2999092511831503,0.846189527274485,2.4537197239086654,-1.566435355802679,3.55276141189815,0.4233769626296314,True,vol1.25_band05,True,2.946028931809134,3.132053360297446,True,0.18602442848831213
heston_shift,10,16,20.0,0.72,joint_mse,vol0.75_band10,band10,0.75,0.1594358638019879,True,0.28169144944488944,1.1363340432847697,0.3325479641674912,3.467588418683702,1.0953778019040852,2.372210616779617,-1.540198239441799,3.7549438506049095,0.39262800006038606,True,vol1.25_band05,True,2.946028931809134,3.2888558389201825,True,0.3428269071110486
heston_shift,10,16,20.0,0.72,joint_es90,vol1.25_band05,band05,1.25,0.26572643966997983,True,0.3772576447709115,1.072175046360575,0.33199269952086996,3.066394073686995,0.7054432746631207,2.360950799023874,-1.5365385771349427,3.2171433274302164,0.3949958563014902,True,vol1.25_band05,True,2.946028931809134,2.946028931809134,True,0.0
heston_shift,10,64,20.0,0.72,forecast_first,vol1_band05,band05,1.0,0.21258115173598388,True,0.38192959725169534,1.3165935983015167,0.3634304785700664,3.2999092511831503,0.846189527274485,2.4537197239086654,-1.566435355802679,3.55276141189815,0.4233769626296314,True,vol1.25_band05,True,2.946028931809134,3.132053360297446,True,0.18602442848831213
heston_shift,10,64,20.0,0.72,joint_mse,vol1_band05,band05,1.0,0.21258115173598388,True,0.38192959725169534,1.3165935983015167,0.3634304785700664,3.2999092511831503,0.846189527274485,2.4537197239086654,-1.566435355802679,3.55276141189815,0.4233769626296314,True,vol1.25_band05,True,2.946028931809134,3.132053360297446,True,0.18602442848831213
heston_shift,10,64,20.0,0.72,joint_es90,vol1.25_daily,daily,1.25,0.26572643966997983,True,0.4178674823428682,1.266114836984887,0.4478759130900898,3.36226553407998,0.6683652933138791,2.693900240766101,-1.6413105253930778,3.388870612248925,0.5095452614959868,True,vol1.25_band05,True,2.946028931809134,3.261224861056518,True,0.31519592924738404
heston_shift,10,256,20.0,0.72,forecast_first,vol1_daily,daily,1.0,0.21258115173598388,True,0.474286720689459,1.4425307493137702,0.47453740345216144,3.7426934718634697,0.9487941887372188,2.793899283126251,-1.6714961211819341,3.816504234080595,0.5390354359496956,True,vol1.25_band05,True,2.946028931809134,3.602515953647468,True,0.6564870218383341
heston_shift,10,256,20.0,0.72,joint_mse,vol1_daily,daily,1.0,0.21258115173598388,True,0.474286720689459,1.4425307493137702,0.47453740345216144,3.7426934718634697,0.9487941887372188,2.793899283126251,-1.6714961211819341,3.816504234080595,0.5390354359496956,True,vol1.25_band05,True,2.946028931809134,3.602515953647468,True,0.6564870218383341
heston_shift,10,256,20.0,0.72,joint_es90,vol1.25_daily,daily,1.25,0.26572643966997983,True,0.4848263368741221,1.3582841193010264,0.44499772851085856,3.36226553407998,0.6683652933138791,2.693900240766101,-1.6413105253930778,3.388870612248925,0.5095452614959868,True,vol1.25_band05,True,2.946028931809134,3.261224861056518,True,0.31519592924738404
heston_shift,11,16,5.0,0.18,forecast_first,vol1.25_daily,daily,1.25,0.15456670290928853,True,0.24968884034196115,1.122911308310462,0.1327501248690927,2.821519245391298,1.2306441156732184,1.5908751297180794,-1.2612989850618606,3.6712014859243434,0.14456259752626538,True,vol1.25_band10,True,2.4355869381051782,2.799166130596756,True,0.3635791924915779
heston_shift,11,16,5.0,0.18,joint_mse,vol1.25_daily,daily,1.25,0.15456670290928853,True,0.24968884034196115,1.122911308310462,0.1327501248690927,2.821519245391298,1.2306441156732184,1.5908751297180794,-1.2612989850618606,3.6712014859243434,0.14456259752626538,True,vol1.25_band10,True,2.4355869381051782,2.799166130596756,True,0.3635791924915779
heston_shift,11,16,5.0,0.18,joint_es90,vol1.25_daily,daily,1.25,0.15456670290928853,True,0.24968884034196115,1.122911308310462,0.1327501248690927,2.821519245391298,1.2306441156732184,1.5908751297180794,-1.2612989850618606,3.6712014859243434,0.14456259752626538,True,vol1.25_band10,True,2.4355869381051782,2.799166130596756,True,0.3635791924915779
heston_shift,11,64,5.0,0.18,forecast_first,vol1.25_daily,daily,1.25,0.15456670290928853,True,0.3194466715601531,1.350456675576347,0.12887453742404206,2.821519245391298,1.2306441156732184,1.5908751297180794,-1.2612989850618606,3.6712014859243434,0.14456259752626538,True,vol1.25_band10,True,2.4355869381051782,2.799166130596756,True,0.3635791924915779
heston_shift,11,64,5.0,0.18,joint_mse,vol1.25_daily,daily,1.25,0.15456670290928853,True,0.3194466715601531,1.350456675576347,0.12887453742404206,2.821519245391298,1.2306441156732184,1.5908751297180794,-1.2612989850618606,3.6712014859243434,0.14456259752626538,True,vol1.25_band10,True,2.4355869381051782,2.799166130596756,True,0.3635791924915779
heston_shift,11,64,5.0,0.18,joint_es90,vol1.25_band05,band05,1.25,0.15456670290928853,True,0.32555026729410347,1.336413823064005,0.10110136607213124,2.4848891514198987,0.9821093761887358,1.502779775231163,-1.2258791845982062,3.3956241048478617,0.11574371311363056,True,vol1.25_band10,True,2.4355869381051782,2.5374394389062638,True,0.10185250080108554
heston_shift,11,256,5.0,0.18,forecast_first,vol1.25_band05,band05,1.25,0.15456670290928853,True,0.3558167709052701,1.3278786588630849,0.10301468416176686,2.4848891514198987,0.9821093761887358,1.502779775231163,-1.2258791845982062,3.3956241048478617,0.11574371311363056,True,vol1.25_band10,True,2.4355869381051782,2.5374394389062638,True,0.10185250080108554
heston_shift,11,256,5.0,0.18,joint_mse,vol1.25_band05,band05,1.25,0.15456670290928853,True,0.3558167709052701,1.3278786588630849,0.10301468416176686,2.4848891514198987,0.9821093761887358,1.502779775231163,-1.2258791845982062,3.3956241048478617,0.11574371311363056,True,vol1.25_band10,True,2.4355869381051782,2.5374394389062638,True,0.10185250080108554
heston_shift,11,256,5.0,0.18,joint_es90,vol1.25_band05,band05,1.25,0.15456670290928853,True,0.3558167709052701,1.3278786588630849,0.10301468416176686,2.4848891514198987,0.9821093761887358,1.502779775231163,-1.2258791845982062,3.3956241048478617,0.11574371311363056,True,vol1.25_band10,True,2.4355869381051782,2.5374394389062638,True,0.10185250080108554
heston_shift,11,16,20.0,0.72,forecast_first,vol1.25_daily,daily,1.25,0.15456670290928853,True,0.6360474705763735,1.6317604814518443,0.5310004994763708,4.353693132239066,1.4807129558624084,2.8729801763766574,-1.6949867776406569,4.299303390454131,0.5782503901050615,True,vol1.25_band10,True,3.335819909009581,4.318406561502468,True,0.9825866524928872
heston_shift,11,16,20.0,0.72,joint_mse,vol1.25_daily,daily,1.25,0.15456670290928853,True,0.6360474705763735,1.6317604814518443,0.5310004994763708,4.353693132239066,1.4807129558624084,2.8729801763766574,-1.6949867776406569,4.299303390454131,0.5782503901050615,True,vol1.25_band10,True,3.335819909009581,4.318406561502468,True,0.9825866524928872
heston_shift,11,16,20.0,0.72,joint_es90,vol1.25_daily,daily,1.25,0.15456670290928853,True,0.6360474705763735,1.6317604814518443,0.5310004994763708,4.353693132239066,1.4807129558624084,2.8729801763766574,-1.6949867776406569,4.299303390454131,0.5782503901050615,True,vol1.25_band10,True,3.335819909009581,4.318406561502468,True,0.9825866524928872
heston_shift,11,64,20.0,0.72,forecast_first,vol1.25_band05,band05,1.25,0.15456670290928853,True,0.5618501596416914,1.7321413719104093,0.404405464288525,3.6152022178740157,1.1405261265902422,2.474676091283774,-1.573110323939098,3.894577733134256,0.46297485245452225,True,vol1.25_band10,True,3.335819909009581,3.6721772281291454,True,0.33635731911956457
heston_shift,11,64,20.0,0.72,joint_mse,vol1.25_band05,band05,1.25,0.15456670290928853,True,0.5618501596416914,1.7321413719104093,0.404405464288525,3.6152022178740157,1.1405261265902422,2.474676091283774,-1.573110323939098,3.894577733134256,0.46297485245452225,True,vol1.25_band10,True,3.335819909009581,3.6721772281291454,True,0.33635731911956457
heston_shift,11,64,20.0,0.72,joint_es90,vol1.25_band05,band05,1.25,0.15456670290928853,True,0.5618501596416914,1.7321413719104093,0.404405464288525,3.6152022178740157,1.1405261265902422,2.474676091283774,-1.573110323939098,3.894577733134256,0.46297485245452225,True,vol1.25_band10,True,3.335819909009581,3.6721772281291454,True,0.33635731911956457
heston_shift,11,256,20.0,0.72,forecast_first,vol1.25_band05,band05,1.25,0.15456670290928853,True,0.568744646568223,1.7380739592531524,0.41205873664706744,3.6152022178740157,1.1405261265902422,2.474676091283774,-1.573110323939098,3.894577733134256,0.46297485245452225,True,vol1.25_band10,True,3.335819909009581,3.6721772281291454,True,0.33635731911956457
heston_shift,11,256,20.0,0.72,joint_mse,vol1.25_band05,band05,1.25,0.15456670290928853,True,0.568744646568223,1.7380739592531524,0.41205873664706744,3.6152022178740157,1.1405261265902422,2.474676091283774,-1.573110323939098,3.894577733134256,0.46297485245452225,True,vol1.25_band10,True,3.335819909009581,3.6721772281291454,True,0.33635731911956457
heston_shift,11,256,20.0,0.72,joint_es90,vol1.25_band10,band10,1.25,0.15456670290928853,True,0.572119126445433,1.6601433116337612,0.35153365092162847,3.2503145877084565,0.9905699718341014,2.259744615874355,-1.5032446959408687,3.5920889694229468,0.3939995273433873,True,vol1.25_band10,True,3.335819909009581,3.335819909009581,True,0.0
heston_shift,12,16,5.0,0.18,forecast_first,vol0.75_daily,daily,0.75,0.15637774467530008,True,0.20352741499675703,0.6941573894439822,0.1314685467536007,2.600246480130643,1.1352897900658934,1.464956690064749,-1.2103539523894442,3.5023794382264124,0.14350610400915456,True,vol1.25_band05,True,2.1245702637441832,2.925459062831327,True,0.8008887990871436
heston_shift,12,16,5.0,0.18,joint_mse,vol0.75_daily,daily,0.75,0.15637774467530008,True,0.20352741499675703,0.6941573894439822,0.1314685467536007,2.600246480130643,1.1352897900658934,1.464956690064749,-1.2103539523894442,3.5023794382264124,0.14350610400915456,True,vol1.25_band05,True,2.1245702637441832,2.925459062831327,True,0.8008887990871436
heston_shift,12,16,5.0,0.18,joint_es90,vol1_band05,band05,1.0,0.20850365956706676,True,0.43262063459133293,0.34055068489655715,0.09106097741208215,2.083003153425112,0.6619943092024956,1.4210088442226165,-1.1920607552564662,2.8798688220809123,0.10571823781815542,True,vol1.25_band05,True,2.1245702637441832,2.245445693283269,True,0.12087542953908592
heston_shift,12,64,5.0,0.18,forecast_first,vol1_daily,daily,1.0,0.20850365956706676,True,0.2706280488322181,1.021285092657702,0.12726092034335323,2.1699318572076622,0.7141848633118318,1.4557469938958298,-1.2065434073815289,3.030796587025621,0.13449384268819575,True,vol1.25_band05,True,2.1245702637441832,2.3881347981346317,True,0.26356453439044847
heston_shift,12,64,5.0,0.18,joint_mse,vol1_daily,daily,1.0,0.20850365956706676,True,0.2706280488322181,1.021285092657702,0.12726092034335323,2.1699318572076622,0.7141848633118318,1.4557469938958298,-1.2065434073815289,3.030796587025621,0.13449384268819575,True,vol1.25_band05,True,2.1245702637441832,2.3881347981346317,True,0.26356453439044847
heston_shift,12,64,5.0,0.18,joint_es90,vol1.25_band05,band05,1.25,0.26062957445883345,True,0.41135036079060316,0.8802734642907681,0.09116239634558046,2.028089146375074,0.6131385781488903,1.4149505682261834,-1.1895169474312601,2.6840501110434523,0.09863542028858145,True,vol1.25_band05,True,2.1245702637441832,2.1245702637441832,True,0.0
heston_shift,12,256,5.0,0.18,forecast_first,vol1_daily,daily,1.0,0.20850365956706676,True,0.31025463428885836,1.159179087310548,0.12132988656818967,2.1699318572076622,0.7141848633118318,1.4557469938958298,-1.2065434073815289,3.030796587025621,0.13449384268819575,True,vol1.25_band05,True,2.1245702637441832,2.3881347981346317,True,0.26356453439044847
heston_shift,12,256,5.0,0.18,joint_mse,vol1_daily,daily,1.0,0.20850365956706676,True,0.31025463428885836,1.159179087310548,0.12132988656818967,2.1699318572076622,0.7141848633118318,1.4557469938958298,-1.2065434073815289,3.030796587025621,0.13449384268819575,True,vol1.25_band05,True,2.1245702637441832,2.3881347981346317,True,0.26356453439044847
heston_shift,12,256,5.0,0.18,joint_es90,vol1.25_daily,daily,1.25,0.26062957445883345,True,0.3523837777214223,1.046293582953372,0.11378009805299544,2.004026048841781,0.5525091992979311,1.451516849543849,-1.2047891307377607,2.7368507138064517,0.12720421740775523,True,vol1.25_band05,True,2.1245702637441832,2.147323428081974,True,0.022753164337790732
heston_shift,12,16,20.0,0.72,forecast_first,vol0.75_band05,band05,0.75,0.15637774467530008,True,0.2583794072335865,0.8532522184927505,0.4031740032418255,3.464086395704027,1.0815863449469016,2.382500050757126,-1.543534920485159,3.757750863119928,0.4608027380140638,True,vol1.25_band05,True,2.9801185538206267,3.793808855587272,True,0.8136903017666453
heston_shift,12,16,20.0,0.72,joint_mse,vol0.75_band05,band05,0.75,0.15637774467530008,True,0.2583794072335865,0.8532522184927505,0.4031740032418255,3.464086395704027,1.0815863449469016,2.382500050757126,-1.543534920485159,3.757750863119928,0.4608027380140638,True,vol1.25_band05,True,2.9801185538206267,3.793808855587272,True,0.8136903017666453
heston_shift,12,16,20.0,0.72,joint_es90,vol1_band05,band05,1.0,0.20850365956706676,True,0.3603738382532117,0.6418333917734487,0.3642439096483286,3.007528763224593,0.7297974322282341,2.277731330996359,-1.5092154687109323,3.2963690305346245,0.4228729512726217,True,vol1.25_band05,True,2.9801185538206267,3.2228100572361966,True,0.2426915034155699
heston_shift,12,64,20.0,0.72,forecast_first,vol1_band05,band05,1.0,0.20850365956706676,True,0.4068309356444607,1.2559647800494629,0.39325010514282055,3.007528763224593,0.7297974322282341,2.277731330996359,-1.5092154687109323,3.2963690305346245,0.4228729512726217,True,vol1.25_band05,True,2.9801185538206267,3.2228100572361966,True,0.2426915034155699
heston_shift,12,64,20.0,0.72,joint_mse,vol1.25_daily,daily,1.25,0.26062957445883345,True,0.40552784956038146,1.315799352860328,0.4745170919141424,3.1214593822172736,0.6047887652353499,2.516670616981924,-1.5864017829610266,3.2129379942468375,0.5088168696310209,True,vol1.25_band05,True,2.9801185538206267,3.3244739983706983,True,0.3443554445500716
heston_shift,12,64,20.0,0.72,joint_es90,vol1.25_band05,band05,1.25,0.26062957445883345,True,0.44426173181521733,1.1623566024460967,0.36464958538232184,2.847961462822301,0.6414793550749351,2.206482107747366,-1.4854232082970045,3.0351215327078362,0.3945416811543258,True,vol1.25_band05,True,2.9801185538206267,2.9801185538206267,True,0.0
heston_shift,12,256,20.0,0.72,forecast_first,vol1_daily,daily,1.0,0.20850365956706676,True,0.5341508456114008,1.6013933484480614,0.4853195462727587,3.4221289605276963,0.8299486677694257,2.592180292758271,-1.6100249354461162,3.5717539546461614,0.537975370752783,True,vol1.25_band05,True,2.9801185538206267,3.72209637135792,True,0.7419778175372933
heston_shift,12,256,20.0,0.72,joint_mse,vol1.25_daily,daily,1.25,0.26062957445883345,True,0.5310943188097326,1.3895374741708246,0.45512039221198175,3.1214593822172736,0.6047887652353499,2.516670616981924,-1.5864017829610266,3.2129379942468375,0.5088168696310209,True,vol1.25_band05,True,2.9801185538206267,3.3244739983706983,True,0.3443554445500716
heston_shift,12,256,20.0,0.72,joint_es90,vol1.25_daily,daily,1.25,0.26062957445883345,True,0.5310943188097326,1.3895374741708246,0.45512039221198175,3.1214593822172736,0.6047887652353499,2.516670616981924,-1.5864017829610266,3.2129379942468375,0.5088168696310209,True,vol1.25_band05,True,2.9801185538206267,3.3244739983706983,True,0.3443554445500716
heston_shift,13,16,5.0,0.18,forecast_first,vol1_band05,band05,1.0,0.1891406857832189,True,0.20989687906551746,1.0366538894313109,0.09336239632457471,2.2287107432735107,0.7685051784864757,1.460205564787035,-1.2083896576796058,3.0852573595907415,0.10825218429840308,True,vol1.25_band05,True,2.127702051359988,2.288561018185562,True,0.160858966825574
heston_shift,13,16,5.0,0.18,joint_mse,vol1.25_daily,daily,1.25,0.23642585722902365,True,0.18980474241390916,0.8419737713962202,0.11338481090818339,2.124464589199519,0.6130106552613857,1.5114539339381332,-1.2294120277344505,2.9118124772117517,0.12984353278823174,True,vol1.25_band05,True,2.127702051359988,2.1855130796548146,True,0.05781102829482654
heston_shift,13,16,5.0,0.18,joint_es90,vol1.25_band05,band05,1.25,0.23642585722902365,True,0.2040311658046047,0.8348719606114396,0.08786240402770075,2.0827833260073385,0.6367675695360501,1.4460157564712883,-1.2025039527882178,2.811401317640198,0.10093571958549452,True,vol1.25_band05,True,2.127702051359988,2.127702051359988,True,0.0
heston_shift,13,64,5.0,0.18,forecast_first,vol1_band05,band05,1.0,0.1891406857832189,True,0.17580178745723996,0.8923703810507742,0.09397448004327223,2.2287107432735107,0.7685051784864757,1.460205564787035,-1.2083896576796058,3.0852573595907415,0.10825218429840308,True,vol1.25_band05,True,2.127702051359988,2.288561018185562,True,0.160858966825574
heston_shift,13,64,5.0,0.18,joint_mse,vol1.25_daily,daily,1.25,0.23642585722902365,True,0.17466931269871355,0.843967585080043,0.11510075683347049,2.124464589199519,0.6130106552613857,1.5114539339381332,-1.2294120277344505,2.9118124772117517,0.12984353278823174,True,vol1.25_band05,True,2.127702051359988,2.1855130796548146,True,0.05781102829482654
heston_shift,13,64,5.0,0.18,joint_es90,vol1.25_band05,band05,1.25,0.23642585722902365,True,0.20608503320210023,0.8054691288502951,0.08717954711025534,2.0827833260073385,0.6367675695360501,1.4460157564712883,-1.2025039527882178,2.811401317640198,0.10093571958549452,True,vol1.25_band05,True,2.127702051359988,2.127702051359988,True,0.0
heston_shift,13,256,5.0,0.18,forecast_first,vol1_daily,daily,1.0,0.1891406857832189,True,0.2504146712369963,1.0772764933016876,0.12113872123982675,2.382744506355424,0.8575515623122583,1.5251929440431653,-1.2349870218116323,3.2675964585669792,0.13721284626013613,True,vol1.25_band05,True,2.127702051359988,2.465839229132337,True,0.338137177772349
heston_shift,13,256,5.0,0.18,joint_mse,vol1_daily,daily,1.0,0.1891406857832189,True,0.2504146712369963,1.0772764933016876,0.12113872123982675,2.382744506355424,0.8575515623122583,1.5251929440431653,-1.2349870218116323,3.2675964585669792,0.13721284626013613,True,vol1.25_band05,True,2.127702051359988,2.465839229132337,True,0.338137177772349
heston_shift,13,256,5.0,0.18,joint_es90,vol1.25_daily,daily,1.25,0.23642585722902365,True,0.2652138033488615,0.9578766149428257,0.11361232649941969,2.124464589199519,0.6130106552613857,1.5114539339381332,-1.2294120277344505,2.9118124772117517,0.12984353278823174,True,vol1.25_band05,True,2.127702051359988,2.1855130796548146,True,0.05781102829482654
heston_shift,13,16,20.0,0.72,forecast_first,vol1_band10,band10,1.0,0.1891406857832189,True,0.4592048894615055,1.1670525776095153,0.3304575298618196,3.054053363552483,0.8964313256030481,2.157622037949434,-1.4688846237705104,3.372555415939642,0.36786728193616813,True,vol1.25_band10,True,3.0038504281124414,3.1023246094952266,True,0.09847418138278519
heston_shift,13,16,20.0,0.72,joint_mse,vol1.25_band05,band05,1.25,0.23642585722902365,True,0.44322711648611046,1.1652274611174755,0.351449616110803,2.950961485089107,0.684999942549163,2.2659615425399444,-1.5053111115447013,3.200374519758049,0.4037428783419781,True,vol1.25_band10,True,3.0038504281124414,3.018599075535425,True,0.014748647422983652
heston_shift,13,16,20.0,0.72,joint_es90,vol1.25_band05,band05,1.25,0.23642585722902365,True,0.44322711648611046,1.1652274611174755,0.351449616110803,2.950961485089107,0.684999942549163,2.2659615425399444,-1.5053111115447013,3.200374519758049,0.4037428783419781,True,vol1.25_band10,True,3.0038504281124414,3.018599075535425,True,0.014748647422983652
heston_shift,13,64,20.0,0.72,forecast_first,vol1_band05,band05,1.0,0.1891406857832189,True,0.31327500543588804,1.2460642126291575,0.37589792017308893,3.2164734702608904,0.865936167260975,2.350537302999915,-1.533146210574815,3.533161151290786,0.4330087371936123,True,vol1.25_band10,True,3.0038504281124414,3.302222239293868,True,0.2983718111814264
heston_shift,13,64,20.0,0.72,joint_mse,vol1.25_band05,band05,1.25,0.23642585722902365,True,0.30563896948418723,1.0669786720372003,0.34871818844102137,2.950961485089107,0.684999942549163,2.2659615425399444,-1.5053111115447013,3.200374519758049,0.4037428783419781,True,vol1.25_band10,True,3.0038504281124414,3.018599075535425,True,0.014748647422983652
heston_shift,13,64,20.0,0.72,joint_es90,vol1.25_band05,band05,1.25,0.23642585722902365,True,0.30563896948418723,1.0669786720372003,0.34871818844102137,2.950961485089107,0.684999942549163,2.2659615425399444,-1.5053111115447013,3.200374519758049,0.4037428783419781,True,vol1.25_band10,True,3.0038504281124414,3.018599075535425,True,0.014748647422983652
heston_shift,13,256,20.0,0.72,forecast_first,vol1_band05,band05,1.0,0.1891406857832189,True,0.4226384787645468,1.3955133981737176,0.3724919032377258,3.2164734702608904,0.865936167260975,2.350537302999915,-1.533146210574815,3.533161151290786,0.4330087371936123,True,vol1.25_band10,True,3.0038504281124414,3.302222239293868,True,0.2983718111814264
heston_shift,13,256,20.0,0.72,joint_mse,vol1_band05,band05,1.0,0.1891406857832189,True,0.4226384787645468,1.3955133981737176,0.3724919032377258,3.2164734702608904,0.865936167260975,2.350537302999915,-1.533146210574815,3.533161151290786,0.4330087371936123,True,vol1.25_band10,True,3.0038504281124414,3.302222239293868,True,0.2983718111814264
heston_shift,13,256,20.0,0.72,joint_es90,vol1.25_daily,daily,1.25,0.23642585722902365,True,0.451084763255512,1.3450113467239373,0.45444930599767874,3.3148055921721613,0.693830365571363,2.6209752266007977,-1.6189426260991455,3.4256717998829007,0.519374131152927,True,vol1.25_band10,True,3.0038504281124414,3.406386809196797,True,0.40253638108435563
heston_shift,14,16,5.0,0.18,forecast_first,vol1_daily,daily,1.0,0.17115072638447903,True,0.1499930519108402,0.6776959536573324,0.1265614491880753,2.74294724029895,1.0957395976704423,1.6472076426285078,-1.2834358739837795,3.4883243222284483,0.14374035057135373,True,vol1.25_band05,True,2.185664167728696,2.675643021560058,True,0.4899788538313623
heston_shift,14,16,5.0,0.18,joint_mse,vol1_daily,daily,1.0,0.17115072638447903,True,0.1499930519108402,0.6776959536573324,0.1265614491880753,2.74294724029895,1.0957395976704423,1.6472076426285078,-1.2834358739837795,3.4883243222284483,0.14374035057135373,True,vol1.25_band05,True,2.185664167728696,2.675643021560058,True,0.4899788538313623
heston_shift,14,16,5.0,0.18,joint_es90,vol1.25_daily,daily,1.25,0.2139384079805988,True,0.1665636697317768,0.5730012475755146,0.12037144549211931,2.3591141955723978,0.7544008954301611,1.6047133001422362,-1.2667727894702492,3.0892864623609237,0.13623840411920202,True,vol1.25_band05,True,2.185664167728696,2.3159179885702987,True,0.13025382084160286
heston_shift,14,64,5.0,0.18,forecast_first,vol1.25_daily,daily,1.25,0.2139384079805988,True,0.27269075047558405,1.1271165649885033,0.11757173171352471,2.3591141955723978,0.7544008954301611,1.6047133001422362,-1.2667727894702492,3.0892864623609237,0.13623840411920202,True,vol1.25_band05,True,2.185664167728696,2.3159179885702987,True,0.13025382084160286
heston_shift,14,64,5.0,0.18,joint_mse,vol1.25_daily,daily,1.25,0.2139384079805988,True,0.27269075047558405,1.1271165649885033,0.11757173171352471,2.3591141955723978,0.7544008954301611,1.6047133001422362,-1.2667727894702492,3.0892864623609237,0.13623840411920202,True,vol1.25_band05,True,2.185664167728696,2.3159179885702987,True,0.13025382084160286
heston_shift,14,64,5.0,0.18,joint_es90,vol1.25_daily,daily,1.25,0.2139384079805988,True,0.27269075047558405,1.1271165649885033,0.11757173171352471,2.3591141955723978,0.7544008954301611,1.6047133001422362,-1.2667727894702492,3.0892864623609237,0.13623840411920202,True,vol1.25_band05,True,2.185664167728696,2.3159179885702987,True,0.13025382084160286
heston_shift,14,256,5.0,0.18,forecast_first,vol1.25_daily,daily,1.25,0.2139384079805988,True,0.25054827966120086,1.0138160982308946,0.11977168717199542,2.3591141955723978,0.7544008954301611,1.6047133001422362,-1.2667727894702492,3.0892864623609237,0.13623840411920202,True,vol1.25_band05,True,2.185664167728696,2.3159179885702987,True,0.13025382084160286
heston_shift,14,256,5.0,0.18,joint_mse,vol1.25_daily,daily,1.25,0.2139384079805988,True,0.25054827966120086,1.0138160982308946,0.11977168717199542,2.3591141955723978,0.7544008954301611,1.6047133001422362,-1.2667727894702492,3.0892864623609237,0.13623840411920202,True,vol1.25_band05,True,2.185664167728696,2.3159179885702987,True,0.13025382084160286
heston_shift,14,256,5.0,0.18,joint_es90,vol1.25_band05,band05,1.25,0.2139384079805988,True,0.29030744037400846,0.9951670611565123,0.09205109140526258,2.2739992125157817,0.7279361761231018,1.5460630363926802,-1.243407831884889,2.9776035735425026,0.1068711764312421,True,vol1.25_band05,True,2.185664167728696,2.185664167728696,True,0.0
heston_shift,14,16,20.0,0.72,forecast_first,vol1_band05,band05,1.0,0.17115072638447903,True,0.2998846707766498,1.1383773727233073,0.40159929672470057,3.666902183506151,1.0924165535887753,2.5744856299173757,-1.6045203737931706,3.7768514937716,0.45806112964946233,True,vol1.25_band10,True,3.030381567762448,3.5075040852454613,True,0.4771225174830134
heston_shift,14,16,20.0,0.72,joint_mse,vol1.25_daily,daily,1.25,0.2139384079805988,True,0.2980588070709105,1.0168360657681152,0.48148578196847724,3.6820717710765694,0.8748117268074702,2.8072600442690994,-1.6754880018278553,3.6415435949162265,0.5449536164768081,True,vol1.25_band10,True,3.030381567762448,3.6184113518229584,True,0.5880297840605104
heston_shift,14,16,20.0,0.72,joint_es90,vol1.25_daily,daily,1.25,0.2139384079805988,True,0.2980588070709105,1.0168360657681152,0.48148578196847724,3.6820717710765694,0.8748117268074702,2.8072600442690994,-1.6754880018278553,3.6415435949162265,0.5449536164768081,True,vol1.25_band10,True,3.030381567762448,3.6184113518229584,True,0.5880297840605104
heston_shift,14,64,20.0,0.72,forecast_first,vol1.25_band05,band05,1.25,0.2139384079805988,True,0.47231621728368123,1.5112177688310244,0.36209938364850625,3.2504356517287487,0.8042728335057403,2.4461628182230086,-1.5640213611786153,3.3986250003980674,0.4274847057249684,True,vol1.25_band10,True,3.030381567762448,3.1357400484864018,True,0.10535848072395382
heston_shift,14,64,20.0,0.72,joint_mse,vol1.25_band05,band05,1.25,0.2139384079805988,True,0.47231621728368123,1.5112177688310244,0.36209938364850625,3.2504356517287487,0.8042728335057403,2.4461628182230086,-1.5640213611786153,3.3986250003980674,0.4274847057249684,True,vol1.25_band10,True,3.030381567762448,3.1357400484864018,True,0.10535848072395382
heston_shift,14,64,20.0,0.72,joint_es90,vol1.25_band05,band05,1.25,0.2139384079805988,True,0.47231621728368123,1.5112177688310244,0.36209938364850625,3.2504356517287487,0.8042728335057403,2.4461628182230086,-1.5640213611786153,3.3986250003980674,0.4274847057249684,True,vol1.25_band10,True,3.030381567762448,3.1357400484864018,True,0.10535848072395382
heston_shift,14,256,20.0,0.72,forecast_first,vol1.25_band05,band05,1.25,0.2139384079805988,True,0.4203092661859315,1.3265897317903852,0.3682043656210503,3.2504356517287487,0.8042728335057403,2.4461628182230086,-1.5640213611786153,3.3986250003980674,0.4274847057249684,True,vol1.25_band10,True,3.030381567762448,3.1357400484864018,True,0.10535848072395382
heston_shift,14,256,20.0,0.72,joint_mse,vol1.25_band05,band05,1.25,0.2139384079805988,True,0.4203092661859315,1.3265897317903852,0.3682043656210503,3.2504356517287487,0.8042728335057403,2.4461628182230086,-1.5640213611786153,3.3986250003980674,0.4274847057249684,True,vol1.25_band10,True,3.030381567762448,3.1357400484864018,True,0.10535848072395382
heston_shift,14,256,20.0,0.72,joint_es90,vol1.25_band05,band05,1.25,0.2139384079805988,True,0.4203092661859315,1.3265897317903852,0.3682043656210503,3.2504356517287487,0.8042728335057403,2.4461628182230086,-1.5640213611786153,3.3986250003980674,0.4274847057249684,True,vol1.25_band10,True,3.030381567762448,3.1357400484864018,True,0.10535848072395382
heston_shift,15,16,5.0,0.18,forecast_first,vol1.25_daily,daily,1.25,0.22631824338595735,True,0.4006867622695839,1.134408072150681,0.13044291108087844,2.301148806105472,0.7298341413345941,1.571314664770878,-1.2535209071933655,3.1221236383098896,0.13238378450194319,True,vol1.25_band05,True,2.1478888910008394,2.227122921756818,True,0.07923403075597868
heston_shift,15,16,5.0,0.18,joint_mse,vol0.75_band10,band10,0.75,0.13579094603157443,True,0.2662722989316645,1.1548194875459141,0.09977020422002619,2.657690307864366,1.1410920475679633,1.5165982602964028,-1.231502440231607,3.4903984590846804,0.10245384916374076,True,vol1.25_band05,True,2.1478888910008394,2.5824769480970295,True,0.4345880570961902
heston_shift,15,16,5.0,0.18,joint_es90,vol1_band10,band10,1.0,0.1810545947087659,True,0.36397876916276134,1.061201829435519,0.09140557108764841,2.3978188933263747,0.9103173039865013,1.4875015893398733,-1.2196317433306962,3.1756022224896587,0.09401285996757136,True,vol1.25_band05,True,2.1478888910008394,2.32892933692453,True,0.18104044592369073
heston_shift,15,64,5.0,0.18,forecast_first,vol1_band05,band05,1.0,0.1810545947087659,True,0.2980544417825607,1.0389993389029106,0.09826994033892134,2.410776591150462,0.8860860974154099,1.5246904937350523,-1.2347835817401576,3.2821724139708373,0.1105473834805366,True,vol1.25_band05,True,2.1478888910008394,2.3411433628699703,True,0.19325447186913092
heston_shift,15,64,5.0,0.18,joint_mse,vol1_band05,band05,1.0,0.1810545947087659,True,0.2980544417825607,1.0389993389029106,0.09826994033892134,2.410776591150462,0.8860860974154099,1.5246904937350523,-1.2347835817401576,3.2821724139708373,0.1105473834805366,True,vol1.25_band05,True,2.1478888910008394,2.3411433628699703,True,0.19325447186913092
heston_shift,15,64,5.0,0.18,joint_es90,vol1.25_band05,band05,1.25,0.22631824338595735,True,0.3574998645581996,0.9688652382121902,0.0907603386820042,2.2043430994939763,0.7070862193588163,1.4972568801351605,-1.22362448493611,2.9736204485190316,0.10312736121773708,True,vol1.25_band05,True,2.1478888910008394,2.1478888910008394,True,0.0
heston_shift,15,256,5.0,0.18,forecast_first,vol1_daily,daily,1.0,0.1810545947087659,True,0.26064073550546674,1.0756001870038572,0.12665246071427433,2.637763152675916,1.0358074487796878,1.6019557038962275,-1.2656838878235859,3.503672408193414,0.13977723607099468,True,vol1.25_band05,True,2.1478888910008394,2.5455229258862233,True,0.39763403488538396
heston_shift,15,256,5.0,0.18,joint_mse,vol1.25_daily,daily,1.25,0.22631824338595735,True,0.2516818109253823,0.8931435405164017,0.11887095676254661,2.301148806105472,0.7298341413345941,1.571314664770878,-1.2535209071933655,3.1221236383098896,0.13238378450194319,True,vol1.25_band05,True,2.1478888910008394,2.227122921756818,True,0.07923403075597868
heston_shift,15,256,5.0,0.18,joint_es90,vol1.25_daily,daily,1.25,0.22631824338595735,True,0.2516818109253823,0.8931435405164017,0.11887095676254661,2.301148806105472,0.7298341413345941,1.571314664770878,-1.2535209071933655,3.1221236383098896,0.13238378450194319,True,vol1.25_band05,True,2.1478888910008394,2.227122921756818,True,0.07923403075597868
heston_shift,15,16,20.0,0.72,forecast_first,vol1.25_band05,band05,1.25,0.22631824338595735,True,0.4748647743843004,1.5038871855708154,0.4016007102231458,3.1246540694608687,0.7745449301228644,2.350109139338004,-1.5330065685893208,3.3887229538661754,0.4125094448709483,True,vol1.25_band10,True,3.0272186601522946,3.0578525935248027,True,0.030633933372508082
heston_shift,15,16,20.0,0.72,joint_mse,vol0.75_band10,band10,0.75,0.13579094603157443,True,0.313057019965827,1.4163116661433668,0.39908081688010477,3.645593455040218,1.2774910823300099,2.368102372710208,-1.5388639877228292,3.9369437175166446,0.409815396654963,True,vol1.25_band10,True,3.0272186601522946,3.5567138352215135,True,0.529495175069219
heston_shift,15,16,20.0,0.72,joint_es90,vol1.25_band10,band10,1.25,0.22631824338595735,True,0.4887175021008754,1.2448759160991898,0.34056873249955677,3.0919042308250853,0.9152840721628284,2.176620158662257,-1.4753373033521036,3.346133520491837,0.3518280705051674,True,vol1.25_band10,True,3.0272186601522946,3.0272186601522946,True,0.0
heston_shift,15,64,20.0,0.72,forecast_first,vol1_band05,band05,1.0,0.1810545947087659,True,0.44793490216782983,1.4549447711973336,0.39307976135568534,3.463538089511673,1.009848515070487,2.453689574441186,-1.5664257321817674,3.7575006478016224,0.4421895339221464,True,vol1.25_band10,True,3.0272186601522946,3.3790901344430417,True,0.35187147429074717
heston_shift,15,64,20.0,0.72,joint_mse,vol1.25_band05,band05,1.25,0.22631824338595735,True,0.44770418586579663,1.263176901569228,0.3630413547280168,3.1246540694608687,0.7745449301228644,2.350109139338004,-1.5330065685893208,3.3887229538661754,0.4125094448709483,True,vol1.25_band10,True,3.0272186601522946,3.0578525935248027,True,0.030633933372508082
heston_shift,15,64,20.0,0.72,joint_es90,vol1.25_band05,band05,1.25,0.22631824338595735,True,0.44770418586579663,1.263176901569228,0.3630413547280168,3.1246540694608687,0.7745449301228644,2.350109139338004,-1.5330065685893208,3.3887229538661754,0.4125094448709483,True,vol1.25_band10,True,3.0272186601522946,3.0578525935248027,True,0.030633933372508082
heston_shift,15,256,20.0,0.72,forecast_first,vol1_band05,band05,1.0,0.1810545947087659,True,0.4077306013565505,1.3771923587561532,0.3919905560379223,3.463538089511673,1.009848515070487,2.453689574441186,-1.5664257321817674,3.7575006478016224,0.4421895339221464,True,vol1.25_band10,True,3.0272186601522946,3.3790901344430417,True,0.35187147429074717
heston_shift,15,256,20.0,0.72,joint_mse,vol1_band05,band05,1.0,0.1810545947087659,True,0.4077306013565505,1.3771923587561532,0.3919905560379223,3.463538089511673,1.009848515070487,2.453689574441186,-1.5664257321817674,3.7575006478016224,0.4421895339221464,True,vol1.25_band10,True,3.0272186601522946,3.3790901344430417,True,0.35187147429074717
heston_shift,15,256,20.0,0.72,joint_es90,vol1.25_band05,band05,1.25,0.22631824338595735,True,0.40891638451669,1.2129583357480398,0.36470928244076645,3.1246540694608687,0.7745449301228644,2.350109139338004,-1.5330065685893208,3.3887229538661754,0.4125094448709483,True,vol1.25_band10,True,3.0272186601522946,3.0578525935248027,True,0.030633933372508082
heston_shift,16,16,5.0,0.18,forecast_first,vol1.25_daily,daily,1.25,0.16478503761049842,True,0.12194840168267651,0.5547431480910444,0.12713584223860308,2.7850677877587833,1.1893972755355744,1.5956705122232084,-1.2631985244700092,3.6641102183418868,0.14313910923339473,True,vol1.25_band10,True,2.3135393519941667,2.6732088893441555,True,0.35966953734998874
heston_shift,16,16,5.0,0.18,joint_mse,vol1.25_daily,daily,1.25,0.16478503761049842,True,0.12194840168267651,0.5547431480910444,0.12713584223860308,2.7850677877587833,1.1893972755355744,1.5956705122232084,-1.2631985244700092,3.6641102183418868,0.14313910923339473,True,vol1.25_band10,True,2.3135393519941667,2.6732088893441555,True,0.35966953734998874
heston_shift,16,16,5.0,0.18,joint_es90,vol1.25_band05,band05,1.25,0.16478503761049842,True,0.14130881698870784,0.4004323200909368,0.09618573166537445,2.4999074723821417,0.9723114269512069,1.5275960454309347,-1.2359595646423611,3.4085451167122596,0.1142805253640897,True,vol1.25_band10,True,2.3135393519941667,2.4054128820951863,True,0.09187353010101962
heston_shift,16,64,5.0,0.18,forecast_first,vol1.25_daily,daily,1.25,0.16478503761049842,True,0.17741405032068375,0.8357532497930733,0.12855984151702607,2.7850677877587833,1.1893972755355744,1.5956705122232084,-1.2631985244700092,3.6641102183418868,0.14313910923339473,True,vol1.25_band10,True,2.3135393519941667,2.6732088893441555,True,0.35966953734998874
heston_shift,16,64,5.0,0.18,joint_mse,vol1.25_daily,daily,1.25,0.16478503761049842,True,0.17741405032068375,0.8357532497930733,0.12855984151702607,2.7850677877587833,1.1893972755355744,1.5956705122232084,-1.2631985244700092,3.6641102183418868,0.14313910923339473,True,vol1.25_band10,True,2.3135393519941667,2.6732088893441555,True,0.35966953734998874
heston_shift,16,64,5.0,0.18,joint_es90,vol1.25_band05,band05,1.25,0.16478503761049842,True,0.18843611175722869,0.7194154175673211,0.09877301998339524,2.4999074723821417,0.9723114269512069,1.5275960454309347,-1.2359595646423611,3.4085451167122596,0.1142805253640897,True,vol1.25_band10,True,2.3135393519941667,2.4054128820951863,True,0.09187353010101962
heston_shift,16,256,5.0,0.18,forecast_first,vol1.25_daily,daily,1.25,0.16478503761049842,True,0.20180297696172672,0.9800082012275633,0.12963219357224398,2.7850677877587833,1.1893972755355744,1.5956705122232084,-1.2631985244700092,3.6641102183418868,0.14313910923339473,True,vol1.25_band10,True,2.3135393519941667,2.6732088893441555,True,0.35966953734998874
heston_shift,16,256,5.0,0.18,joint_mse,vol1.25_daily,daily,1.25,0.16478503761049842,True,0.20180297696172672,0.9800082012275633,0.12963219357224398,2.7850677877587833,1.1893972755355744,1.5956705122232084,-1.2631985244700092,3.6641102183418868,0.14313910923339473,True,vol1.25_band10,True,2.3135393519941667,2.6732088893441555,True,0.35966953734998874
heston_shift,16,256,5.0,0.18,joint_es90,vol1.25_daily,daily,1.25,0.16478503761049842,True,0.20180297696172672,0.9800082012275633,0.12963219357224398,2.7850677877587833,1.1893972755355744,1.5956705122232084,-1.2631985244700092,3.6641102183418868,0.14313910923339473,True,vol1.25_band10,True,2.3135393519941667,2.6732088893441555,True,0.35966953734998874
heston_shift,16,16,20.0,0.72,forecast_first,vol1.25_band05,band05,1.25,0.16478503761049842,True,0.15406988769503713,0.7472150106758259,0.3847429266614978,3.616211661980193,1.1235986199952233,2.4926130419849697,-1.5788011407346303,3.906323350976451,0.4571221014563588,True,vol1.25_band10,True,3.1768923158697575,3.4936430455553174,True,0.31675072968555984
heston_shift,16,16,20.0,0.72,joint_mse,vol1.25_band05,band05,1.25,0.16478503761049842,True,0.15406988769503713,0.7472150106758259,0.3847429266614978,3.616211661980193,1.1235986199952233,2.4926130419849697,-1.5788011407346303,3.906323350976451,0.4571221014563588,True,vol1.25_band10,True,3.1768923158697575,3.4936430455553174,True,0.31675072968555984
heston_shift,16,16,20.0,0.72,joint_es90,vol1.25_band05,band05,1.25,0.16478503761049842,True,0.15406988769503713,0.7472150106758259,0.3847429266614978,3.616211661980193,1.1235986199952233,2.4926130419849697,-1.5788011407346303,3.906323350976451,0.4571221014563588,True,vol1.25_band10,True,3.1768923158697575,3.4936430455553174,True,0.31675072968555984
heston_shift,16,64,20.0,0.72,forecast_first,vol1.25_band05,band05,1.25,0.16478503761049842,True,0.27598358446359084,1.1167027302923729,0.395092079933581,3.616211661980193,1.1235986199952233,2.4926130419849697,-1.5788011407346303,3.906323350976451,0.4571221014563588,True,vol1.25_band10,True,3.1768923158697575,3.4936430455553174,True,0.31675072968555984
heston_shift,16,64,20.0,0.72,joint_mse,vol1.25_band05,band05,1.25,0.16478503761049842,True,0.27598358446359084,1.1167027302923729,0.395092079933581,3.616211661980193,1.1235986199952233,2.4926130419849697,-1.5788011407346303,3.906323350976451,0.4571221014563588,True,vol1.25_band10,True,3.1768923158697575,3.4936430455553174,True,0.31675072968555984
heston_shift,16,64,20.0,0.72,joint_es90,vol1_band10,band10,1.0,0.13182803008839875,True,0.3051418071266668,1.1126479668954958,0.3620287369589581,3.6497665982940317,1.2828990617919702,2.366867536502061,-1.5384627185934865,3.91091203239358,0.415193795062776,True,vol1.25_band10,True,3.1768923158697575,3.500470840159813,True,0.3235785242900553
heston_shift,16,256,20.0,0.72,forecast_first,vol1.25_band05,band05,1.25,0.16478503761049842,True,0.3998152617615127,1.3852666181746933,0.4040380537199204,3.616211661980193,1.1235986199952233,2.4926130419849697,-1.5788011407346303,3.906323350976451,0.4571221014563588,True,vol1.25_band10,True,3.1768923158697575,3.4936430455553174,True,0.31675072968555984
heston_shift,16,256,20.0,0.72,joint_mse,vol1.25_band05,band05,1.25,0.16478503761049842,True,0.3998152617615127,1.3852666181746933,0.4040380537199204,3.616211661980193,1.1235986199952233,2.4926130419849697,-1.5788011407346303,3.906323350976451,0.4571221014563588,True,vol1.25_band10,True,3.1768923158697575,3.4936430455553174,True,0.31675072968555984
heston_shift,16,256,20.0,0.72,joint_es90,vol1.25_band05,band05,1.25,0.16478503761049842,True,0.3998152617615127,1.3852666181746933,0.4040380537199204,3.616211661980193,1.1235986199952233,2.4926130419849697,-1.5788011407346303,3.906323350976451,0.4571221014563588,True,vol1.25_band10,True,3.1768923158697575,3.4936430455553174,True,0.31675072968555984
heston_shift,17,16,5.0,0.18,forecast_first,vol1_band05,band05,1.0,0.23467478931599414,True,0.15658178280148666,0.9376946861825715,0.0896017594704959,2.191030866058009,0.661522514393343,1.5295083516646661,-1.2367329346567375,2.880479548746268,0.1024415852970362,True,vol1.25_daily,True,2.1139813011367403,2.1830781775030985,True,0.0690968763663582
heston_shift,17,16,5.0,0.18,joint_mse,vol0.75_band05,band05,0.75,0.1760060919869956,True,0.10550118696617368,0.7472049638790839,0.09947809467762113,2.46702335321367,0.8997930019875338,1.5672303512261363,-1.2518907105758619,3.301971410268455,0.11203295074449487,True,vol1.25_daily,True,2.1139813011367403,2.4335535374865405,True,0.31957223634980014
heston_shift,17,16,5.0,0.18,joint_es90,vol0.75_band05,band05,0.75,0.1760060919869956,True,0.10550118696617368,0.7472049638790839,0.09947809467762113,2.46702335321367,0.8997930019875338,1.5672303512261363,-1.2518907105758619,3.301971410268455,0.11203295074449487,True,vol1.25_daily,True,2.1139813011367403,2.4335535374865405,True,0.31957223634980014
heston_shift,17,64,5.0,0.18,forecast_first,vol1_daily,daily,1.0,0.23467478931599414,True,0.29244094926502817,0.9983617102426713,0.12034940716918599,2.2522977620352953,0.6659864383979595,1.5863113236373356,-1.2594885166754541,2.9939410822985537,0.13135154448503028,True,vol1.25_daily,True,2.1139813011367403,2.2504875489213805,True,0.13650624778464016
heston_shift,17,64,5.0,0.18,joint_mse,vol0.75_daily,daily,0.75,0.1760060919869956,True,0.27192994658345304,1.1102230231829868,0.13088299269908918,2.6713405000073784,1.0480870586433482,1.62325344136403,-1.2740696375646152,3.4965717164175243,0.1408577066845092,True,vol1.25_daily,True,2.1139813011367403,2.662039144826113,True,0.5480578436893726
heston_shift,17,64,5.0,0.18,joint_es90,vol1_daily,daily,1.0,0.23467478931599414,True,0.29244094926502817,0.9983617102426713,0.12034940716918599,2.2522977620352953,0.6659864383979595,1.5863113236373356,-1.2594885166754541,2.9939410822985537,0.13135154448503028,True,vol1.25_daily,True,2.1139813011367403,2.2504875489213805,True,0.13650624778464016
heston_shift,17,256,5.0,0.18,forecast_first,vol1_daily,daily,1.0,0.23467478931599414,True,0.24522214855916644,0.9663750517887639,0.11773828991337368,2.2522977620352953,0.6659864383979595,1.5863113236373356,-1.2594885166754541,2.9939410822985537,0.13135154448503028,True,vol1.25_daily,True,2.1139813011367403,2.2504875489213805,True,0.13650624778464016
heston_shift,17,256,5.0,0.18,joint_mse,vol1_daily,daily,1.0,0.23467478931599414,True,0.24522214855916644,0.9663750517887639,0.11773828991337368,2.2522977620352953,0.6659864383979595,1.5863113236373356,-1.2594885166754541,2.9939410822985537,0.13135154448503028,True,vol1.25_daily,True,2.1139813011367403,2.2504875489213805,True,0.13650624778464016
heston_shift,17,256,5.0,0.18,joint_es90,vol1_daily,daily,1.0,0.23467478931599414,True,0.24522214855916644,0.9663750517887639,0.11773828991337368,2.2522977620352953,0.6659864383979595,1.5863113236373356,-1.2594885166754541,2.9939410822985537,0.13135154448503028,True,vol1.25_daily,True,2.1139813011367403,2.2504875489213805,True,0.13650624778464016
heston_shift,17,16,20.0,0.72,forecast_first,vol1_band05,band05,1.0,0.23467478931599414,True,0.2828415202323836,1.1067279384032118,0.3584070378819836,3.1042988188597116,0.7201846671197636,2.384114151739947,-1.5440576905478458,3.293663496018701,0.4097663411881448,True,vol1.25_band05,True,2.9704842673908196,3.0837549278337013,True,0.1132706604428817
heston_shift,17,16,20.0,0.72,joint_mse,vol1_band05,band05,1.0,0.23467478931599414,True,0.2828415202323836,1.1067279384032118,0.3584070378819836,3.1042988188597116,0.7201846671197636,2.384114151739947,-1.5440576905478458,3.293663496018701,0.4097663411881448,True,vol1.25_band05,True,2.9704842673908196,3.0837549278337013,True,0.1132706604428817
heston_shift,17,16,20.0,0.72,joint_es90,vol0.75_band05,band05,0.75,0.1760060919869956,True,0.2991254007231804,1.0173533547833018,0.3979123787104845,3.5553374123727597,1.0336265607813406,2.521710851591419,-1.5879895628093463,3.791310987700632,0.4481318029779795,True,vol1.25_band05,True,2.9704842673908196,3.4974646747264746,True,0.526980407335655
heston_shift,17,64,20.0,0.72,forecast_first,vol1_daily,daily,1.0,0.23467478931599414,True,0.5205026233341767,1.37437622719239,0.48139762867674396,3.49772945853801,0.7635245091943641,2.7342049493436456,-1.6535431501305449,3.5333468278849365,0.5254061779401211,True,vol1.25_band05,True,2.9704842673908196,3.4832810797819516,True,0.512796812391132
heston_shift,17,64,20.0,0.72,joint_mse,vol0.75_band05,band05,0.75,0.1760060919869956,True,0.5046945999448336,1.513855211938338,0.4063470647990813,3.5553374123727597,1.0336265607813406,2.521710851591419,-1.5879895628093463,3.791310987700632,0.4481318029779795,True,vol1.25_band05,True,2.9704842673908196,3.4974646747264746,True,0.526980407335655
heston_shift,17,64,20.0,0.72,joint_es90,vol1_daily,daily,1.0,0.23467478931599414,True,0.5205026233341767,1.37437622719239,0.48139762867674396,3.49772945853801,0.7635245091943641,2.7342049493436456,-1.6535431501305449,3.5333468278849365,0.5254061779401211,True,vol1.25_band05,True,2.9704842673908196,3.4832810797819516,True,0.512796812391132
heston_shift,17,256,20.0,0.72,forecast_first,vol1_band05,band05,1.0,0.23467478931599414,True,0.4680951158139957,1.3731938189950088,0.35926946971778057,3.1042988188597116,0.7201846671197636,2.384114151739947,-1.5440576905478458,3.293663496018701,0.4097663411881448,True,vol1.25_band05,True,2.9704842673908196,3.0837549278337013,True,0.1132706604428817
heston_shift,17,256,20.0,0.72,joint_mse,vol1_band05,band05,1.0,0.23467478931599414,True,0.4680951158139957,1.3731938189950088,0.35926946971778057,3.1042988188597116,0.7201846671197636,2.384114151739947,-1.5440576905478458,3.293663496018701,0.4097663411881448,True,vol1.25_band05,True,2.9704842673908196,3.0837549278337013,True,0.1132706604428817
heston_shift,17,256,20.0,0.72,joint_es90,vol1.25_daily,daily,1.25,0.29334348664499266,True,0.5044905896854945,1.287402634656374,0.44102208017331473,3.2136119957287965,0.5924825526495011,2.621129443079296,-1.6189902541643961,3.1564462785060434,0.49498756906542624,True,vol1.25_band05,True,2.9704842673908196,3.211089141537001,True,0.24060487414618148
heston_shift,18,16,5.0,0.18,forecast_first,vol0.75_daily,daily,0.75,0.19727740577418845,True,0.474109542145078,1.6038157084984246,0.11596943464080425,2.3977947457397852,0.8338636663101218,1.563931079429664,-1.2505723007606013,3.228069946878694,0.13689104056488904,True,vol1.25_daily,True,2.064344799806312,2.4343105901603153,True,0.36996579035400323
heston_shift,18,16,5.0,0.18,joint_mse,vol0.75_daily,daily,0.75,0.19727740577418845,True,0.474109542145078,1.6038157084984246,0.11596943464080425,2.3977947457397852,0.8338636663101218,1.563931079429664,-1.2505723007606013,3.228069946878694,0.13689104056488904,True,vol1.25_daily,True,2.064344799806312,2.4343105901603153,True,0.36996579035400323
heston_shift,18,16,5.0,0.18,joint_es90,vol1_daily,daily,1.0,0.26303654103225127,True,0.47592166920541384,1.385834665180873,0.10566994672050486,2.1000633334808576,0.5590700104101354,1.540993323070722,-1.2413675213532542,2.783454079460244,0.1274451297922639,True,vol1.25_daily,True,2.064344799806312,2.119927042839173,True,0.05558224303286119
heston_shift,18,64,5.0,0.18,forecast_first,vol0.75_daily,daily,0.75,0.19727740577418845,True,0.2950963559982391,1.1897861089944772,0.12200144272037829,2.3977947457397852,0.8338636663101218,1.563931079429664,-1.2505723007606013,3.228069946878694,0.13689104056488904,True,vol1.25_daily,True,2.064344799806312,2.4343105901603153,True,0.36996579035400323
heston_shift,18,64,5.0,0.18,joint_mse,vol0.75_daily,daily,0.75,0.19727740577418845,True,0.2950963559982391,1.1897861089944772,0.12200144272037829,2.3977947457397852,0.8338636663101218,1.563931079429664,-1.2505723007606013,3.228069946878694,0.13689104056488904,True,vol1.25_daily,True,2.064344799806312,2.4343105901603153,True,0.36996579035400323
heston_shift,18,64,5.0,0.18,joint_es90,vol1_daily,daily,1.0,0.26303654103225127,True,0.34872438939135053,1.0736496789651195,0.11161945297556426,2.1000633334808576,0.5590700104101354,1.540993323070722,-1.2413675213532542,2.783454079460244,0.1274451297922639,True,vol1.25_daily,True,2.064344799806312,2.119927042839173,True,0.05558224303286119
heston_shift,18,256,5.0,0.18,forecast_first,vol0.75_daily,daily,0.75,0.19727740577418845,True,0.3625407702642671,1.3081247706987287,0.12581069545377743,2.3977947457397852,0.8338636663101218,1.563931079429664,-1.2505723007606013,3.228069946878694,0.13689104056488904,True,vol1.25_daily,True,2.064344799806312,2.4343105901603153,True,0.36996579035400323
heston_shift,18,256,5.0,0.18,joint_mse,vol0.75_daily,daily,0.75,0.19727740577418845,True,0.3625407702642671,1.3081247706987287,0.12581069545377743,2.3977947457397852,0.8338636663101218,1.563931079429664,-1.2505723007606013,3.228069946878694,0.13689104056488904,True,vol1.25_daily,True,2.064344799806312,2.4343105901603153,True,0.36996579035400323
heston_shift,18,256,5.0,0.18,joint_es90,vol1_daily,daily,1.0,0.26303654103225127,True,0.37924386714488567,1.1286989009861472,0.11485897377614614,2.1000633334808576,0.5590700104101354,1.540993323070722,-1.2413675213532542,2.783454079460244,0.1274451297922639,True,vol1.25_daily,True,2.064344799806312,2.119927042839173,True,0.05558224303286119
heston_shift,18,16,20.0,0.72,forecast_first,vol0.75_band05,band05,0.75,0.19727740577418845,True,0.8433113326343271,1.885294278458443,0.36371665881296705,3.234823160230827,0.8313745452821631,2.403448614948663,-1.550305974621998,3.479104831253585,0.43251669316709784,True,vol1.25_band05,True,2.9205195944412528,3.2537991314200836,True,0.33327953697883084
heston_shift,18,16,20.0,0.72,joint_mse,vol1_daily,daily,1.0,0.26303654103225127,True,0.7416275842589215,1.7186250614593428,0.42267978688201946,3.2596274048781924,0.6232162625649684,2.6364111423132237,-1.623702910730046,3.275923564090227,0.5097805191690556,True,vol1.25_band05,True,2.9205195944412528,3.278717041215101,True,0.35819744677384824
heston_shift,18,16,20.0,0.72,joint_es90,vol1_daily,daily,1.0,0.26303654103225127,True,0.7416275842589215,1.7186250614593428,0.42267978688201946,3.2596274048781924,0.6232162625649684,2.6364111423132237,-1.623702910730046,3.275923564090227,0.5097805191690556,True,vol1.25_band05,True,2.9205195944412528,3.278717041215101,True,0.35819744677384824
heston_shift,18,64,20.0,0.72,forecast_first,vol0.75_daily,daily,0.75,0.19727740577418845,True,0.5637216579001746,1.682787107357362,0.48800577088151315,3.748091289425676,0.9883549357970927,2.7597363536285826,-1.6612454224552682,3.8004865522474782,0.5475641622595562,True,vol1.25_band05,True,2.9205195944412528,3.7893268459275973,True,0.8688072514863445
heston_shift,18,64,20.0,0.72,joint_mse,vol1_daily,daily,1.0,0.26303654103225127,True,0.5416130861009416,1.4250062137571453,0.44647781190225705,3.2596274048781924,0.6232162625649684,2.6364111423132237,-1.623702910730046,3.275923564090227,0.5097805191690556,True,vol1.25_band05,True,2.9205195944412528,3.278717041215101,True,0.35819744677384824
heston_shift,18,64,20.0,0.72,joint_es90,vol1_daily,daily,1.0,0.26303654103225127,True,0.5416130861009416,1.4250062137571453,0.44647781190225705,3.2596274048781924,0.6232162625649684,2.6364111423132237,-1.623702910730046,3.275923564090227,0.5097805191690556,True,vol1.25_band05,True,2.9205195944412528,3.278717041215101,True,0.35819744677384824
heston_shift,18,256,20.0,0.72,forecast_first,vol0.75_band05,band05,0.75,0.19727740577418845,True,0.602531140813701,1.6319596737001805,0.3852039217777381,3.234823160230827,0.8313745452821631,2.403448614948663,-1.550305974621998,3.479104831253585,0.43251669316709784,True,vol1.25_band05,True,2.9205195944412528,3.2537991314200836,True,0.33327953697883084
heston_shift,18,256,20.0,0.72,joint_mse,vol1_daily,daily,1.0,0.26303654103225127,True,0.56215114783984,1.5136531404691183,0.45943589510458455,3.2596274048781924,0.6232162625649684,2.6364111423132237,-1.623702910730046,3.275923564090227,0.5097805191690556,True,vol1.25_band05,True,2.9205195944412528,3.278717041215101,True,0.35819744677384824
heston_shift,18,256,20.0,0.72,joint_es90,vol1.25_daily,daily,1.25,0.3287956762903141,True,0.5920190838084795,1.4468509475581306,0.4270033357605185,3.0927886030138882,0.5516157649363951,2.5411728380774923,-1.5941056546156194,2.9650454644925963,0.48012954945062836,True,vol1.25_band05,True,2.9205195944412528,3.0968192997937805,True,0.1762997053525277
heston_shift,19,16,5.0,0.18,forecast_first,vol0.75_daily,daily,0.75,0.21482497451545418,True,0.1947121708855697,0.7710416066147074,0.11249773436525436,2.267402103560631,0.7152716470849443,1.552130456475687,-1.2458452779039968,3.0838892269724507,0.1345487430437667,True,vol1_daily,True,2.0857026535897893,2.3168514896079815,True,0.23114883601819214
heston_shift,19,16,5.0,0.18,joint_mse,vol0.75_daily,daily,0.75,0.21482497451545418,True,0.1947121708855697,0.7710416066147074,0.11249773436525436,2.267402103560631,0.7152716470849443,1.552130456475687,-1.2458452779039968,3.0838892269724507,0.1345487430437667,True,vol1_daily,True,2.0857026535897893,2.3168514896079815,True,0.23114883601819214
heston_shift,19,16,5.0,0.18,joint_es90,vol0.75_daily,daily,0.75,0.21482497451545418,True,0.1947121708855697,0.7710416066147074,0.11249773436525436,2.267402103560631,0.7152716470849443,1.552130456475687,-1.2458452779039968,3.0838892269724507,0.1345487430437667,True,vol1_daily,True,2.0857026535897893,2.3168514896079815,True,0.23114883601819214
heston_shift,19,64,5.0,0.18,forecast_first,vol0.75_daily,daily,0.75,0.21482497451545418,True,0.2171054967595339,0.8742798004699345,0.11243254490943994,2.267402103560631,0.7152716470849443,1.552130456475687,-1.2458452779039968,3.0838892269724507,0.1345487430437667,True,vol1_daily,True,2.0857026535897893,2.3168514896079815,True,0.23114883601819214
heston_shift,19,64,5.0,0.18,joint_mse,vol0.75_daily,daily,0.75,0.21482497451545418,True,0.2171054967595339,0.8742798004699345,0.11243254490943994,2.267402103560631,0.7152716470849443,1.552130456475687,-1.2458452779039968,3.0838892269724507,0.1345487430437667,True,vol1_daily,True,2.0857026535897893,2.3168514896079815,True,0.23114883601819214
heston_shift,19,64,5.0,0.18,joint_es90,vol0.75_daily,daily,0.75,0.21482497451545418,True,0.2171054967595339,0.8742798004699345,0.11243254490943994,2.267402103560631,0.7152716470849443,1.552130456475687,-1.2458452779039968,3.0838892269724507,0.1345487430437667,True,vol1_daily,True,2.0857026535897893,2.3168514896079815,True,0.23114883601819214
heston_shift,19,256,5.0,0.18,forecast_first,vol0.75_daily,daily,0.75,0.21482497451545418,True,0.20976861902802807,0.8629918219502766,0.1177825560477987,2.267402103560631,0.7152716470849443,1.552130456475687,-1.2458452779039968,3.0838892269724507,0.1345487430437667,True,vol1_daily,True,2.0857026535897893,2.3168514896079815,True,0.23114883601819214
heston_shift,19,256,5.0,0.18,joint_mse,vol0.75_daily,daily,0.75,0.21482497451545418,True,0.20976861902802807,0.8629918219502766,0.1177825560477987,2.267402103560631,0.7152716470849443,1.552130456475687,-1.2458452779039968,3.0838892269724507,0.1345487430437667,True,vol1_daily,True,2.0857026535897893,2.3168514896079815,True,0.23114883601819214
heston_shift,19,256,5.0,0.18,joint_es90,vol0.75_daily,daily,0.75,0.21482497451545418,True,0.20976861902802807,0.8629918219502766,0.1177825560477987,2.267402103560631,0.7152716470849443,1.552130456475687,-1.2458452779039968,3.0838892269724507,0.1345487430437667,True,vol1_daily,True,2.0857026535897893,2.3168514896079815,True,0.23114883601819214
heston_shift,19,16,20.0,0.72,forecast_first,vol0.75_daily,daily,0.75,0.21482497451545418,True,0.2608491772217645,0.9893700066553404,0.4499909374610174,3.553963341448999,0.833141109667424,2.720822231781575,-1.649491507035297,3.6296618162289813,0.5381949721750668,True,vol1_band05,True,2.9253445168427805,3.6097447329062127,True,0.6844002160634322
heston_shift,19,16,20.0,0.72,joint_mse,vol0.75_daily,daily,0.75,0.21482497451545418,True,0.2608491772217645,0.9893700066553404,0.4499909374610174,3.553963341448999,0.833141109667424,2.720822231781575,-1.649491507035297,3.6296618162289813,0.5381949721750668,True,vol1_band05,True,2.9253445168427805,3.6097447329062127,True,0.6844002160634322
heston_shift,19,16,20.0,0.72,joint_es90,vol0.75_daily,daily,0.75,0.21482497451545418,True,0.2608491772217645,0.9893700066553404,0.4499909374610174,3.553963341448999,0.833141109667424,2.720822231781575,-1.649491507035297,3.6296618162289813,0.5381949721750668,True,vol1_band05,True,2.9253445168427805,3.6097447329062127,True,0.6844002160634322
heston_shift,19,64,20.0,0.72,forecast_first,vol0.75_daily,daily,0.75,0.21482497451545418,True,0.3749993885888583,1.2532318492878591,0.44973017963775974,3.553963341448999,0.833141109667424,2.720822231781575,-1.649491507035297,3.6296618162289813,0.5381949721750668,True,vol1_band05,True,2.9253445168427805,3.6097447329062127,True,0.6844002160634322
heston_shift,19,64,20.0,0.72,joint_mse,vol0.75_daily,daily,0.75,0.21482497451545418,True,0.3749993885888583,1.2532318492878591,0.44973017963775974,3.553963341448999,0.833141109667424,2.720822231781575,-1.649491507035297,3.6296618162289813,0.5381949721750668,True,vol1_band05,True,2.9253445168427805,3.6097447329062127,True,0.6844002160634322
heston_shift,19,64,20.0,0.72,joint_es90,vol0.75_daily,daily,0.75,0.21482497451545418,True,0.3749993885888583,1.2532318492878591,0.44973017963775974,3.553963341448999,0.833141109667424,2.720822231781575,-1.649491507035297,3.6296618162289813,0.5381949721750668,True,vol1_band05,True,2.9253445168427805,3.6097447329062127,True,0.6844002160634322
heston_shift,19,256,20.0,0.72,forecast_first,vol0.75_daily,daily,0.75,0.21482497451545418,True,0.3847488849894446,1.2649518328114897,0.4711302241911948,3.553963341448999,0.833141109667424,2.720822231781575,-1.649491507035297,3.6296618162289813,0.5381949721750668,True,vol1_band05,True,2.9253445168427805,3.6097447329062127,True,0.6844002160634322
heston_shift,19,256,20.0,0.72,joint_mse,vol0.75_daily,daily,0.75,0.21482497451545418,True,0.3847488849894446,1.2649518328114897,0.4711302241911948,3.553963341448999,0.833141109667424,2.720822231781575,-1.649491507035297,3.6296618162289813,0.5381949721750668,True,vol1_band05,True,2.9253445168427805,3.6097447329062127,True,0.6844002160634322
heston_shift,19,256,20.0,0.72,joint_es90,vol1_daily,daily,1.0,0.2864332993539389,True,0.44045653598583273,1.232167544462426,0.4351701388415943,3.174569766920638,0.5649971600860904,2.6095726068345475,-1.615417161860845,3.1237327231598724,0.4999238548311741,True,vol1_band05,True,2.9253445168427805,3.19291336988507,True,0.2675688530422895
heston_shift,20,16,5.0,0.18,forecast_first,vol1_daily,daily,1.0,0.18978014926441403,True,0.08223533036706054,0.38767423213772206,0.12188532701848488,2.5012713397226944,0.9187644052335482,1.5825069344891465,-1.2579773187498837,3.353949589985582,0.13868070754063566,True,vol1.25_band05,True,2.1400207345692825,2.5275886292112704,True,0.3875678946419878
heston_shift,20,16,5.0,0.18,joint_mse,vol1_daily,daily,1.0,0.18978014926441403,True,0.08223533036706054,0.38767423213772206,0.12188532701848488,2.5012713397226944,0.9187644052335482,1.5825069344891465,-1.2579773187498837,3.353949589985582,0.13868070754063566,True,vol1.25_band05,True,2.1400207345692825,2.5275886292112704,True,0.3875678946419878
heston_shift,20,16,5.0,0.18,joint_es90,vol1_daily,daily,1.0,0.18978014926441403,True,0.08223533036706054,0.38767423213772206,0.12188532701848488,2.5012713397226944,0.9187644052335482,1.5825069344891465,-1.2579773187498837,3.353949589985582,0.13868070754063566,True,vol1.25_band05,True,2.1400207345692825,2.5275886292112704,True,0.3875678946419878
heston_shift,20,64,5.0,0.18,forecast_first,vol1_daily,daily,1.0,0.18978014926441403,True,0.25941764600734296,1.0879790569162704,0.1239724112295907,2.5012713397226944,0.9187644052335482,1.5825069344891465,-1.2579773187498837,3.353949589985582,0.13868070754063566,True,vol1.25_band05,True,2.1400207345692825,2.5275886292112704,True,0.3875678946419878
heston_shift,20,64,5.0,0.18,joint_mse,vol1.25_daily,daily,1.25,0.23722518658051753,True,0.25750060856785906,0.8670406779118236,0.11675736423934094,2.1936165768805096,0.6412395223781409,1.5523770545023685,-1.2459442421321945,2.96790161093134,0.13118093471864473,True,vol1.25_band05,True,2.1400207345692825,2.223510743973495,True,0.08349000940421236
heston_shift,20,64,5.0,0.18,joint_es90,vol1.25_daily,daily,1.25,0.23722518658051753,True,0.25750060856785906,0.8670406779118236,0.11675736423934094,2.1936165768805096,0.6412395223781409,1.5523770545023685,-1.2459442421321945,2.96790161093134,0.13118093471864473,True,vol1.25_band05,True,2.1400207345692825,2.223510743973495,True,0.08349000940421236
heston_shift,20,256,5.0,0.18,forecast_first,vol1_daily,daily,1.0,0.18978014926441403,True,0.26156770853528316,1.1428779625746446,0.12542505123547112,2.5012713397226944,0.9187644052335482,1.5825069344891465,-1.2579773187498837,3.353949589985582,0.13868070754063566,True,vol1.25_band05,True,2.1400207345692825,2.5275886292112704,True,0.3875678946419878
heston_shift,20,256,5.0,0.18,joint_mse,vol1.25_daily,daily,1.25,0.23722518658051753,True,0.2551901172779951,0.9761212479172546,0.11777072362744691,2.1936165768805096,0.6412395223781409,1.5523770545023685,-1.2459442421321945,2.96790161093134,0.13118093471864473,True,vol1.25_band05,True,2.1400207345692825,2.223510743973495,True,0.08349000940421236
heston_shift,20,256,5.0,0.18,joint_es90,vol1.25_daily,daily,1.25,0.23722518658051753,True,0.2551901172779951,0.9761212479172546,0.11777072362744691,2.1936165768805096,0.6412395223781409,1.5523770545023685,-1.2459442421321945,2.96790161093134,0.13118093471864473,True,vol1.25_band05,True,2.1400207345692825,2.223510743973495,True,0.08349000940421236
heston_shift,20,16,20.0,0.72,forecast_first,vol1_daily,daily,1.0,0.18978014926441403,True,0.17013279472348414,0.7411788335108944,0.4875413080739395,3.893905094563843,1.0915640044731216,2.8023410900907217,-1.6740194413717906,3.9414034161697935,0.5547228301625426,True,vol1.25_band10,True,3.0228878862710014,3.9294188827917127,True,0.9065309965207113
heston_shift,20,16,20.0,0.72,joint_mse,vol1_daily,daily,1.0,0.18978014926441403,True,0.17013279472348414,0.7411788335108944,0.4875413080739395,3.893905094563843,1.0915640044731216,2.8023410900907217,-1.6740194413717906,3.9414034161697935,0.5547228301625426,True,vol1.25_band10,True,3.0228878862710014,3.9294188827917127,True,0.9065309965207113
heston_shift,20,16,20.0,0.72,joint_es90,vol1_daily,daily,1.0,0.18978014926441403,True,0.17013279472348414,0.7411788335108944,0.4875413080739395,3.893905094563843,1.0915640044731216,2.8023410900907217,-1.6740194413717906,3.9414034161697935,0.5547228301625426,True,vol1.25_band10,True,3.0228878862710014,3.9294188827917127,True,0.9065309965207113
heston_shift,20,64,20.0,0.72,forecast_first,vol1_band05,band05,1.0,0.18978014926441403,True,0.44316154937017815,1.3032071855049805,0.382561860579951,3.348731517877531,0.8998302260044,2.4489012918731317,-1.5648965754557493,3.626523973319498,0.43884542418367334,True,vol1.25_band10,True,3.0228878862710014,3.3417299809664973,True,0.31884209469549596
heston_shift,20,64,20.0,0.72,joint_mse,vol1.25_daily,daily,1.25,0.23722518658051753,True,0.4185707721434774,1.2328716386381642,0.46702945695736375,3.4218793518692654,0.7339615769226924,2.687917774946573,-1.6394870462881288,3.493124970652823,0.5247237388745789,True,vol1.25_band10,True,3.0228878862710014,3.4630483521755546,True,0.44016046590455327
heston_shift,20,64,20.0,0.72,joint_es90,vol1.25_daily,daily,1.25,0.23722518658051753,True,0.4185707721434774,1.2328716386381642,0.46702945695736375,3.4218793518692654,0.7339615769226924,2.687917774946573,-1.6394870462881288,3.493124970652823,0.5247237388745789,True,vol1.25_band10,True,3.0228878862710014,3.4630483521755546,True,0.44016046590455327
heston_shift,20,256,20.0,0.72,forecast_first,vol1_band05,band05,1.0,0.18978014926441403,True,0.4399410915236076,1.4324091922245263,0.387081664023546,3.348731517877531,0.8998302260044,2.4489012918731317,-1.5648965754557493,3.626523973319498,0.43884542418367334,True,vol1.25_band10,True,3.0228878862710014,3.3417299809664973,True,0.31884209469549596
heston_shift,20,256,20.0,0.72,joint_mse,vol1.25_daily,daily,1.25,0.23722518658051753,True,0.43349591564888723,1.3784513584122826,0.47108289450978763,3.4218793518692654,0.7339615769226924,2.687917774946573,-1.6394870462881288,3.493124970652823,0.5247237388745789,True,vol1.25_band10,True,3.0228878862710014,3.4630483521755546,True,0.44016046590455327
heston_shift,20,256,20.0,0.72,joint_es90,vol1.25_band05,band05,1.25,0.23722518658051753,True,0.45770884115690275,1.3582809124112292,0.3608903150586795,3.0426918322362857,0.6973444707114855,2.3453473615248006,-1.5314526964698585,3.261249620370936,0.40912550127515585,True,vol1.25_band10,True,3.0228878862710014,3.0403460204130806,True,0.017458134142079196
heston_shift,21,16,5.0,0.18,forecast_first,vol1_daily,daily,1.0,0.20628744709265762,True,0.22511592496756333,0.9446779138234783,0.12846944739460342,2.403574572930883,0.7994541878470011,1.604120385083882,-1.2665387420382694,3.2390830324669198,0.13667548451517925,True,vol1.25_band05,True,2.1107901478105404,2.358425245362639,True,0.24763509755209867
heston_shift,21,16,5.0,0.18,joint_mse,vol1.25_daily,daily,1.25,0.25785930886582203,True,0.19127498324495723,0.7538309512119754,0.12079840570387626,2.157159142214409,0.5853933329609836,1.5717658092534257,-1.2537008451992946,2.876086497059089,0.12919602251667991,True,vol1.25_band05,True,2.1107901478105404,2.133225124697409,True,0.022434976886868796
heston_shift,21,16,5.0,0.18,joint_es90,vol1.25_daily,daily,1.25,0.25785930886582203,True,0.19127498324495723,0.7538309512119754,0.12079840570387626,2.157159142214409,0.5853933329609836,1.5717658092534257,-1.2537008451992946,2.876086497059089,0.12919602251667991,True,vol1.25_band05,True,2.1107901478105404,2.133225124697409,True,0.022434976886868796
heston_shift,21,64,5.0,0.18,forecast_first,vol1_daily,daily,1.0,0.20628744709265762,True,0.27054187279494785,0.9671778495701104,0.1261816560579327,2.403574572930883,0.7994541878470011,1.604120385083882,-1.2665387420382694,3.2390830324669198,0.13667548451517925,True,vol1.25_band05,True,2.1107901478105404,2.358425245362639,True,0.24763509755209867
heston_shift,21,64,5.0,0.18,joint_mse,vol1_daily,daily,1.0,0.20628744709265762,True,0.27054187279494785,0.9671778495701104,0.1261816560579327,2.403574572930883,0.7994541878470011,1.604120385083882,-1.2665387420382694,3.2390830324669198,0.13667548451517925,True,vol1.25_band05,True,2.1107901478105404,2.358425245362639,True,0.24763509755209867
heston_shift,21,64,5.0,0.18,joint_es90,vol1.25_daily,daily,1.25,0.25785930886582203,True,0.3092102087819703,0.9176408714000464,0.11849081415741229,2.157159142214409,0.5853933329609836,1.5717658092534257,-1.2537008451992946,2.876086497059089,0.12919602251667991,True,vol1.25_band05,True,2.1107901478105404,2.133225124697409,True,0.022434976886868796
heston_shift,21,256,5.0,0.18,forecast_first,vol1_daily,daily,1.0,0.20628744709265762,True,0.19399629064861534,0.8357072054978802,0.1215368869171699,2.403574572930883,0.7994541878470011,1.604120385083882,-1.2665387420382694,3.2390830324669198,0.13667548451517925,True,vol1.25_band05,True,2.1107901478105404,2.358425245362639,True,0.24763509755209867
heston_shift,21,256,5.0,0.18,joint_mse,vol1_daily,daily,1.0,0.20628744709265762,True,0.19399629064861534,0.8357072054978802,0.1215368869171699,2.403574572930883,0.7994541878470011,1.604120385083882,-1.2665387420382694,3.2390830324669198,0.13667548451517925,True,vol1.25_band05,True,2.1107901478105404,2.358425245362639,True,0.24763509755209867
heston_shift,21,256,5.0,0.18,joint_es90,vol1.25_daily,daily,1.25,0.25785930886582203,True,0.23993919505191486,0.8347875288863348,0.11430963543120193,2.157159142214409,0.5853933329609836,1.5717658092534257,-1.2537008451992946,2.876086497059089,0.12919602251667991,True,vol1.25_band05,True,2.1107901478105404,2.133225124697409,True,0.022434976886868796
heston_shift,21,16,20.0,0.72,forecast_first,vol1_band05,band05,1.0,0.20628744709265762,True,0.5550288822540149,1.26499505431693,0.3906863405772365,3.2274587372429373,0.8108051957290934,2.416653541513844,-1.5545589540168119,3.5022255419811885,0.42941668382891407,True,vol1.25_band05,True,2.9590052828770577,3.1791718965648674,True,0.22016661368780976
heston_shift,21,16,20.0,0.72,joint_mse,vol1_band05,band05,1.0,0.20628744709265762,True,0.5550288822540149,1.26499505431693,0.3906863405772365,3.2274587372429373,0.8108051957290934,2.416653541513844,-1.5545589540168119,3.5022255419811885,0.42941668382891407,True,vol1.25_band05,True,2.9590052828770577,3.1791718965648674,True,0.22016661368780976
heston_shift,21,16,20.0,0.72,joint_es90,vol1.25_daily,daily,1.25,0.25785930886582203,True,0.5568236948628694,1.0995295018835598,0.48319362281550504,3.3458874423291887,0.6520581472152971,2.6938292951138925,-1.6412889127493344,3.373111338859599,0.5167840900667197,True,vol1.25_band05,True,2.9590052828770577,3.300543643659578,True,0.3415383607825202
heston_shift,21,64,20.0,0.72,forecast_first,vol1_band05,band05,1.0,0.20628744709265762,True,0.4750389003948069,1.3429575233063913,0.3897073968415938,3.2274587372429373,0.8108051957290934,2.416653541513844,-1.5545589540168119,3.5022255419811885,0.42941668382891407,True,vol1.25_band05,True,2.9590052828770577,3.1791718965648674,True,0.22016661368780976
heston_shift,21,64,20.0,0.72,joint_mse,vol1_band05,band05,1.0,0.20628744709265762,True,0.4750389003948069,1.3429575233063913,0.3897073968415938,3.2274587372429373,0.8108051957290934,2.416653541513844,-1.5545589540168119,3.5022255419811885,0.42941668382891407,True,vol1.25_band05,True,2.9590052828770577,3.1791718965648674,True,0.22016661368780976
heston_shift,21,64,20.0,0.72,joint_es90,vol1.25_daily,daily,1.25,0.25785930886582203,True,0.5165248996188821,1.2826322425332533,0.47396325662964917,3.3458874423291887,0.6520581472152971,2.6938292951138925,-1.6412889127493344,3.373111338859599,0.5167840900667197,True,vol1.25_band05,True,2.9590052828770577,3.300543643659578,True,0.3415383607825202
heston_shift,21,256,20.0,0.72,forecast_first,vol1_band05,band05,1.0,0.20628744709265762,True,0.36638641483155443,1.2188757555731102,0.373338782232715,3.2274587372429373,0.8108051957290934,2.416653541513844,-1.5545589540168119,3.5022255419811885,0.42941668382891407,True,vol1.25_band05,True,2.9590052828770577,3.1791718965648674,True,0.22016661368780976
heston_shift,21,256,20.0,0.72,joint_mse,vol1_band05,band05,1.0,0.20628744709265762,True,0.36638641483155443,1.2188757555731102,0.373338782232715,3.2274587372429373,0.8108051957290934,2.416653541513844,-1.5545589540168119,3.5022255419811885,0.42941668382891407,True,vol1.25_band05,True,2.9590052828770577,3.1791718965648674,True,0.22016661368780976
heston_shift,21,256,20.0,0.72,joint_es90,vol1.25_daily,daily,1.25,0.25785930886582203,True,0.4127659377766467,1.1595120054325847,0.4572385417248077,3.3458874423291887,0.6520581472152971,2.6938292951138925,-1.6412889127493344,3.373111338859599,0.5167840900667197,True,vol1.25_band05,True,2.9590052828770577,3.300543643659578,True,0.3415383607825202
heston_shift,22,16,5.0,0.18,forecast_first,vol1_daily,daily,1.0,0.22072467870886198,True,0.4054332953738411,1.1527241714902094,0.1270281596329625,2.3067625661366224,0.740898926384385,1.5658636397522374,-1.2513447325786118,3.1436505158320527,0.13163918777254519,True,vol1.25_daily,True,2.1110986952921085,2.2974701196835996,True,0.18637142439149113
heston_shift,22,16,5.0,0.18,joint_mse,vol0.75_band05,band05,0.75,0.1655435090316465,True,0.3481064899072761,1.1383462529365296,0.10504946012436966,2.4600623478694614,0.9706612096069143,1.4894011382625472,-1.2204102335946496,3.366511688499549,0.11237911227264172,True,vol1.25_daily,True,2.1110986952921085,2.4854847757621403,True,0.37438608047003186
heston_shift,22,16,5.0,0.18,joint_es90,vol1_band10,band10,1.0,0.22072467870886198,True,0.5915014454659357,1.0114732522959737,0.07811685214210272,2.327725061371737,0.8588052441452465,1.4689198172264906,-1.2119900235672283,3.0062325351780874,0.08829151752811164,True,vol1.25_daily,True,2.1110986952921085,2.2759549627659377,True,0.1648562674738292
heston_shift,22,64,5.0,0.18,forecast_first,vol1_daily,daily,1.0,0.22072467870886198,True,0.36649922328721446,1.249970470125044,0.11649614287358998,2.3067625661366224,0.740898926384385,1.5658636397522374,-1.2513447325786118,3.1436505158320527,0.13163918777254519,True,vol1.25_daily,True,2.1110986952921085,2.2974701196835996,True,0.18637142439149113
heston_shift,22,64,5.0,0.18,joint_mse,vol1_daily,daily,1.0,0.22072467870886198,True,0.36649922328721446,1.249970470125044,0.11649614287358998,2.3067625661366224,0.740898926384385,1.5658636397522374,-1.2513447325786118,3.1436505158320527,0.13163918777254519,True,vol1.25_daily,True,2.1110986952921085,2.2974701196835996,True,0.18637142439149113
heston_shift,22,64,5.0,0.18,joint_es90,vol1.25_daily,daily,1.25,0.27590584838607746,True,0.4087519405060472,1.1737987769649025,0.10945135625614048,2.168634694594874,0.5942040182649702,1.5744306763299045,-1.2547631953200988,2.8416666540999085,0.12456078102408633,True,vol1.25_daily,True,2.1110986952921085,2.1110986952921085,True,0.0
heston_shift,22,256,5.0,0.18,forecast_first,vol1_daily,daily,1.0,0.22072467870886198,True,0.30518339790936005,1.1755746113554102,0.11853488153697841,2.3067625661366224,0.740898926384385,1.5658636397522374,-1.2513447325786118,3.1436505158320527,0.13163918777254519,True,vol1.25_daily,True,2.1110986952921085,2.2974701196835996,True,0.18637142439149113
heston_shift,22,256,5.0,0.18,joint_mse,vol1_daily,daily,1.0,0.22072467870886198,True,0.30518339790936005,1.1755746113554102,0.11853488153697841,2.3067625661366224,0.740898926384385,1.5658636397522374,-1.2513447325786118,3.1436505158320527,0.13163918777254519,True,vol1.25_daily,True,2.1110986952921085,2.2974701196835996,True,0.18637142439149113
heston_shift,22,256,5.0,0.18,joint_es90,vol1.25_daily,daily,1.25,0.27590584838607746,True,0.3422566573446548,1.1452332582697475,0.11130004305627986,2.168634694594874,0.5942040182649702,1.5744306763299045,-1.2547631953200988,2.8416666540999085,0.12456078102408633,True,vol1.25_daily,True,2.1110986952921085,2.1110986952921085,True,0.0
heston_shift,22,16,20.0,0.72,forecast_first,vol1_band05,band05,1.0,0.22072467870886198,True,0.5662790680058474,1.4063235324531673,0.37612508896072183,3.1455278855714477,0.7797598257702278,2.3657680598012205,-1.53810534743275,3.3943776201798994,0.4132123244810032,True,vol1.25_band05,True,2.938859324184638,3.1089217409308016,True,0.17006241674616351
heston_shift,22,16,20.0,0.72,joint_mse,vol0.75_band10,band10,0.75,0.1655435090316465,True,0.5058483964921325,1.4203413363765574,0.3441388844876697,3.2497709372576207,1.0235755364483201,2.2261954008093006,-1.4920440344739496,3.574579243933297,0.3835054353642585,True,vol1.25_band05,True,2.938859324184638,3.2718926085139834,True,0.3330332843293453
heston_shift,22,16,20.0,0.72,joint_es90,vol1.25_band10,band10,1.25,0.27590584838607746,True,0.7690840204633305,1.3226012865781112,0.2941103131974394,3.1375667539083376,0.9855541373760328,2.152012616532305,-1.4669739658672558,3.284765170547067,0.3321905650795848,True,vol1.25_band05,True,2.938859324184638,3.0483262084205425,True,0.10946688423590434
heston_shift,22,64,20.0,0.72,forecast_first,vol1_band05,band05,1.0,0.22072467870886198,True,0.5921740409279815,1.545532196254664,0.3559098035981163,3.1455278855714477,0.7797598257702278,2.3657680598012205,-1.53810534743275,3.3943776201798994,0.4132123244810032,True,vol1.25_band05,True,2.938859324184638,3.1089217409308016,True,0.17006241674616351
heston_shift,22,64,20.0,0.72,joint_mse,vol0.75_band10,band10,0.75,0.1655435090316465,True,0.5607113680243814,1.584304843871149,0.3321743428776145,3.2497709372576207,1.0235755364483201,2.2261954008093006,-1.4920440344739496,3.574579243933297,0.3835054353642585,True,vol1.25_band05,True,2.938859324184638,3.2718926085139834,True,0.3330332843293453
heston_shift,22,64,20.0,0.72,joint_es90,vol1_band10,band10,1.0,0.22072467870886198,True,0.6370356960145043,1.4352213664047304,0.30449163517411865,3.077689507761887,0.8965605314705509,2.181128976291337,-1.4768645761515633,3.3165695329954783,0.35316607011244655,True,vol1.25_band05,True,2.938859324184638,3.0306360490337343,True,0.09177672484909616
heston_shift,22,256,20.0,0.72,forecast_first,vol1_band05,band05,1.0,0.22072467870886198,True,0.5454840290955544,1.5601109511947437,0.36321181149356163,3.1455278855714477,0.7797598257702278,2.3657680598012205,-1.53810534743275,3.3943776201798994,0.4132123244810032,True,vol1.25_band05,True,2.938859324184638,3.1089217409308016,True,0.17006241674616351
heston_shift,22,256,20.0,0.72,joint_mse,vol1_band05,band05,1.0,0.22072467870886198,True,0.5454840290955544,1.5601109511947437,0.36321181149356163,3.1455278855714477,0.7797598257702278,2.3657680598012205,-1.53810534743275,3.3943776201798994,0.4132123244810032,True,vol1.25_band05,True,2.938859324184638,3.1089217409308016,True,0.17006241674616351
heston_shift,22,256,20.0,0.72,joint_es90,vol1.25_daily,daily,1.25,0.27590584838607746,True,0.5687204688679904,1.457356402522624,0.44520017222511943,3.2918457597229844,0.6400108882130089,2.6518348715099758,-1.6284455383923577,3.3082024633957285,0.4982431240963453,True,vol1.25_band05,True,2.938859324184638,3.2465209457537467,True,0.3076616215691086
heston_shift,23,16,5.0,0.18,forecast_first,vol1.25_daily,daily,1.25,0.20897411987050113,True,0.31351714573278033,1.2598828800755766,0.12022932792927828,2.243778116608648,0.7739032819594212,1.469874834649227,-1.2123839468787216,3.1211320190458913,0.13490815986089633,True,vol1.25_band05,True,2.2935966982392437,2.4222758107409117,True,0.12867911250166797
heston_shift,23,16,5.0,0.18,joint_mse,vol1.25_daily,daily,1.25,0.20897411987050113,True,0.31351714573278033,1.2598828800755766,0.12022932792927828,2.243778116608648,0.7739032819594212,1.469874834649227,-1.2123839468787216,3.1211320190458913,0.13490815986089633,True,vol1.25_band05,True,2.2935966982392437,2.4222758107409117,True,0.12867911250166797
heston_shift,23,16,5.0,0.18,joint_es90,vol1.25_band05,band05,1.25,0.20897411987050113,True,0.38650195263865494,1.0616851706714951,0.09628547471639451,2.1732472662780853,0.7113018208957944,1.4619454453822902,-1.2091093603898244,2.9614652950958393,0.10628263130051771,True,vol1.25_band05,True,2.2935966982392437,2.2935966982392437,True,0.0
heston_shift,23,64,5.0,0.18,forecast_first,vol1.25_daily,daily,1.25,0.20897411987050113,True,0.31904005191194573,1.0811527523883115,0.11715034357094992,2.243778116608648,0.7739032819594212,1.469874834649227,-1.2123839468787216,3.1211320190458913,0.13490815986089633,True,vol1.25_band05,True,2.2935966982392437,2.4222758107409117,True,0.12867911250166797
heston_shift,23,64,5.0,0.18,joint_mse,vol1.25_daily,daily,1.25,0.20897411987050113,True,0.31904005191194573,1.0811527523883115,0.11715034357094992,2.243778116608648,0.7739032819594212,1.469874834649227,-1.2123839468787216,3.1211320190458913,0.13490815986089633,True,vol1.25_band05,True,2.2935966982392437,2.4222758107409117,True,0.12867911250166797
heston_shift,23,64,5.0,0.18,joint_es90,vol1.25_band05,band05,1.25,0.20897411987050113,True,0.41604205714843107,1.0098068025760452,0.08847858713535138,2.1732472662780853,0.7113018208957944,1.4619454453822902,-1.2091093603898244,2.9614652950958393,0.10628263130051771,True,vol1.25_band05,True,2.2935966982392437,2.2935966982392437,True,0.0
heston_shift,23,256,5.0,0.18,forecast_first,vol1.25_daily,daily,1.25,0.20897411987050113,True,0.2593236271329666,1.0803688830182423,0.11709435130506626,2.243778116608648,0.7739032819594212,1.469874834649227,-1.2123839468787216,3.1211320190458913,0.13490815986089633,True,vol1.25_band05,True,2.2935966982392437,2.4222758107409117,True,0.12867911250166797
heston_shift,23,256,5.0,0.18,joint_mse,vol1.25_daily,daily,1.25,0.20897411987050113,True,0.2593236271329666,1.0803688830182423,0.11709435130506626,2.243778116608648,0.7739032819594212,1.469874834649227,-1.2123839468787216,3.1211320190458913,0.13490815986089633,True,vol1.25_band05,True,2.2935966982392437,2.4222758107409117,True,0.12867911250166797
heston_shift,23,256,5.0,0.18,joint_es90,vol1.25_band05,band05,1.25,0.20897411987050113,True,0.3315083432191187,1.060387190648775,0.08939851377169535,2.1732472662780853,0.7113018208957944,1.4619454453822902,-1.2091093603898244,2.9614652950958393,0.10628263130051771,True,vol1.25_band05,True,2.2935966982392437,2.2935966982392437,True,0.0
heston_shift,23,16,20.0,0.72,forecast_first,vol1.25_daily,daily,1.25,0.20897411987050113,True,0.6094480291583176,1.7618505359623111,0.4809173117171131,3.518785940065165,0.9037462771326661,2.6150396629324995,-1.6171084264614106,3.6784105868856396,0.5396326394435853,True,vol1.25_band10,True,3.1437423944805882,3.7441690261567135,True,0.6004266316761253
heston_shift,23,16,20.0,0.72,joint_mse,vol1.25_daily,daily,1.25,0.20897411987050113,True,0.6094480291583176,1.7618505359623111,0.4809173117171131,3.518785940065165,0.9037462771326661,2.6150396629324995,-1.6171084264614106,3.6784105868856396,0.5396326394435853,True,vol1.25_band10,True,3.1437423944805882,3.7441690261567135,True,0.6004266316761253
heston_shift,23,16,20.0,0.72,joint_es90,vol1.25_band10,band10,1.25,0.20897411987050113,True,0.8539998707826288,1.390159068794683,0.3429060461701526,3.062843578398347,0.8818109484553016,2.181032629943046,-1.4768319572459983,3.299950906139912,0.36258075754471036,True,vol1.25_band10,True,3.1437423944805882,3.1437423944805882,True,0.0
heston_shift,23,64,20.0,0.72,forecast_first,vol1.25_daily,daily,1.25,0.20897411987050113,True,0.48486997641550755,1.530612487238155,0.46860137428379967,3.518785940065165,0.9037462771326661,2.6150396629324995,-1.6171084264614106,3.6784105868856396,0.5396326394435853,True,vol1.25_band10,True,3.1437423944805882,3.7441690261567135,True,0.6004266316761253
heston_shift,23,64,20.0,0.72,joint_mse,vol1_band05,band05,1.0,0.1671792958964009,True,0.4596180710088104,1.5306587288932583,0.379313845857449,3.5013948467014697,1.0720989161717083,2.4292959305297614,-1.5586198800636932,3.7795451429537117,0.45509770349645184,True,vol1.25_band10,True,3.1437423944805882,3.64258272512677,True,0.49884033064618194
heston_shift,23,64,20.0,0.72,joint_es90,vol1.25_band05,band05,1.25,0.20897411987050113,True,0.48953218064193854,1.3344923075623245,0.3539143485414055,3.1248947409739154,0.7902413700322691,2.334653370941646,-1.5279572542913777,3.3959545257091404,0.42513052520207084,True,vol1.25_band10,True,3.1437423944805882,3.2656024167541604,True,0.12186002227357218
heston_shift,23,256,20.0,0.72,forecast_first,vol1.25_band05,band05,1.25,0.20897411987050113,True,0.4376087274048073,1.377519796458708,0.3575940550867814,3.1248947409739154,0.7902413700322691,2.334653370941646,-1.5279572542913777,3.3959545257091404,0.42513052520207084,True,vol1.25_band10,True,3.1437423944805882,3.2656024167541604,True,0.12186002227357218
heston_shift,23,256,20.0,0.72,joint_mse,vol1_band05,band05,1.0,0.1671792958964009,True,0.4320157129936695,1.5631714565327546,0.3829573996023423,3.5013948467014697,1.0720989161717083,2.4292959305297614,-1.5586198800636932,3.7795451429537117,0.45509770349645184,True,vol1.25_band10,True,3.1437423944805882,3.64258272512677,True,0.49884033064618194
heston_shift,23,256,20.0,0.72,joint_es90,vol1.25_band05,band05,1.25,0.20897411987050113,True,0.4376087274048073,1.377519796458708,0.3575940550867814,3.1248947409739154,0.7902413700322691,2.334653370941646,-1.5279572542913777,3.3959545257091404,0.42513052520207084,True,vol1.25_band10,True,3.1437423944805882,3.2656024167541604,True,0.12186002227357218
jump_shift,0,16,5.0,0.18,forecast_first,vol1.25_daily,daily,1.25,0.1725925170065314,True,0.16826492366375637,0.8697446672212097,0.12862754476203275,5.868376153585007,5.189567999285961,0.6788081542990466,-0.8238981455853913,6.4686152664788255,0.12773057260829637,True,vol1.25_band10,True,4.995662478384533,5.542679722346687,True,0.5470172439621539
jump_shift,0,16,5.0,0.18,joint_mse,vol1.25_daily,daily,1.25,0.1725925170065314,True,0.16826492366375637,0.8697446672212097,0.12862754476203275,5.868376153585007,5.189567999285961,0.6788081542990466,-0.8238981455853913,6.4686152664788255,0.12773057260829637,True,vol1.25_band10,True,4.995662478384533,5.542679722346687,True,0.5470172439621539
jump_shift,0,16,5.0,0.18,joint_es90,vol1_band05,band05,1.0,0.13807401360522512,True,0.18905204384960317,0.7719102659826803,0.10670808154707688,5.792147907708452,5.145563252932872,0.6465846547755802,-0.8041048779702684,6.42310181128906,0.10700929478986762,True,vol1.25_band10,True,4.995662478384533,5.521975896409856,True,0.5263134180253228
jump_shift,0,64,5.0,0.18,forecast_first,vol1.25_daily,daily,1.25,0.1725925170065314,True,0.18117821920195498,0.7866688999736301,0.12531104509114346,5.868376153585007,5.189567999285961,0.6788081542990466,-0.8238981455853913,6.4686152664788255,0.12773057260829637,True,vol1.25_band10,True,4.995662478384533,5.542679722346687,True,0.5470172439621539
jump_shift,0,64,5.0,0.18,joint_mse,vol1.25_daily,daily,1.25,0.1725925170065314,True,0.18117821920195498,0.7866688999736301,0.12531104509114346,5.868376153585007,5.189567999285961,0.6788081542990466,-0.8238981455853913,6.4686152664788255,0.12773057260829637,True,vol1.25_band10,True,4.995662478384533,5.542679722346687,True,0.5470172439621539
jump_shift,0,64,5.0,0.18,joint_es90,vol1.25_daily,daily,1.25,0.1725925170065314,True,0.18117821920195498,0.7866688999736301,0.12531104509114346,5.868376153585007,5.189567999285961,0.6788081542990466,-0.8238981455853913,6.4686152664788255,0.12773057260829637,True,vol1.25_band10,True,4.995662478384533,5.542679722346687,True,0.5470172439621539
jump_shift,0,256,5.0,0.18,forecast_first,vol1.25_daily,daily,1.25,0.1725925170065314,True,0.32285746274376526,1.25198530462335,0.12838608270352475,5.868376153585007,5.189567999285961,0.6788081542990466,-0.8238981455853913,6.4686152664788255,0.12773057260829637,True,vol1.25_band10,True,4.995662478384533,5.542679722346687,True,0.5470172439621539
jump_shift,0,256,5.0,0.18,joint_mse,vol1.25_daily,daily,1.25,0.1725925170065314,True,0.32285746274376526,1.25198530462335,0.12838608270352475,5.868376153585007,5.189567999285961,0.6788081542990466,-0.8238981455853913,6.4686152664788255,0.12773057260829637,True,vol1.25_band10,True,4.995662478384533,5.542679722346687,True,0.5470172439621539
jump_shift,0,256,5.0,0.18,joint_es90,vol1.25_band05,band05,1.25,0.1725925170065314,True,0.3382820770606864,1.176419810197528,0.09958440254447219,5.413851458506361,4.785052891273253,0.6287985672331091,-0.7929682006443317,6.2295247206176425,0.10003937231397553,True,vol1.25_band10,True,4.995662478384533,5.202350021228648,True,0.20668754284411506
jump_shift,0,16,20.0,0.72,forecast_first,vol1.25_band05,band05,1.25,0.1725925170065314,True,0.3020131525766226,1.1998221571722643,0.3990051402401452,5.971666869960177,4.7768291722658915,1.194837697694286,-1.0930863175862582,6.500170308045008,0.4001574892559021,True,vol1.25_band10,True,5.442916588335333,5.742558300107506,True,0.299641711772173
jump_shift,0,16,20.0,0.72,joint_mse,vol1_band05,band05,1.0,0.13807401360522512,True,0.2866222501956839,1.0888521853672877,0.4268323261883075,6.4304113676242425,5.1644876347336925,1.2659237328905493,-1.1251327623398713,6.724297985853179,0.4280371791594705,True,vol1.25_band10,True,5.442916588335333,6.139013400267891,True,0.6960968119325583
jump_shift,0,16,20.0,0.72,joint_es90,vol1_band05,band05,1.0,0.13807401360522512,True,0.2866222501956839,1.0888521853672877,0.4268323261883075,6.4304113676242425,5.1644876347336925,1.2659237328905493,-1.1251327623398713,6.724297985853179,0.4280371791594705,True,vol1.25_band10,True,5.442916588335333,6.139013400267891,True,0.6960968119325583
jump_shift,0,64,20.0,0.72,forecast_first,vol1.25_daily,daily,1.25,0.1725925170065314,True,0.341396814052508,1.2619720616043206,0.5012441803645739,6.628703636311716,5.171637697963867,1.4570659383478495,-1.2070898634102805,6.80983302961712,0.5109222904331855,True,vol1.25_band10,True,5.442916588335333,6.278581230716883,True,0.8356646423815501
jump_shift,0,64,20.0,0.72,joint_mse,vol1.25_daily,daily,1.25,0.1725925170065314,True,0.341396814052508,1.2619720616043206,0.5012441803645739,6.628703636311716,5.171637697963867,1.4570659383478495,-1.2070898634102805,6.80983302961712,0.5109222904331855,True,vol1.25_band10,True,5.442916588335333,6.278581230716883,True,0.8356646423815501
jump_shift,0,64,20.0,0.72,joint_es90,vol1.25_band05,band05,1.25,0.1725925170065314,True,0.3583201338358494,1.2027200468808423,0.3923827099036457,5.971666869960177,4.7768291722658915,1.194837697694286,-1.0930863175862582,6.500170308045008,0.4001574892559021,True,vol1.25_band10,True,5.442916588335333,5.742558300107506,True,0.299641711772173
jump_shift,0,256,20.0,0.72,forecast_first,vol1.25_band05,band05,1.25,0.1725925170065314,True,0.5142838422379266,1.5464931206637051,0.39833761017788877,5.971666869960177,4.7768291722658915,1.194837697694286,-1.0930863175862582,6.500170308045008,0.4001574892559021,True,vol1.25_band10,True,5.442916588335333,5.742558300107506,True,0.299641711772173
jump_shift,0,256,20.0,0.72,joint_mse,vol1.25_band05,band05,1.25,0.1725925170065314,True,0.5142838422379266,1.5464931206637051,0.39833761017788877,5.971666869960177,4.7768291722658915,1.194837697694286,-1.0930863175862582,6.500170308045008,0.4001574892559021,True,vol1.25_band10,True,5.442916588335333,5.742558300107506,True,0.299641711772173
jump_shift,0,256,20.0,0.72,joint_es90,vol1.25_band05,band05,1.25,0.1725925170065314,True,0.5142838422379266,1.5464931206637051,0.39833761017788877,5.971666869960177,4.7768291722658915,1.194837697694286,-1.0930863175862582,6.500170308045008,0.4001574892559021,True,vol1.25_band10,True,5.442916588335333,5.742558300107506,True,0.299641711772173
jump_shift,1,16,5.0,0.18,forecast_first,vol0.75_daily,daily,0.75,0.19039365318290358,True,0.09781107149584806,0.5503761759712865,0.11024894454025451,6.185845414054471,5.498004559175069,0.6878408548794025,-0.8293617153446393,6.510492166374408,0.12472590923531662,True,vol1.25_band05,True,4.785107573593935,5.449330007010301,True,0.6642224334163656
jump_shift,1,16,5.0,0.18,joint_mse,vol0.75_daily,daily,0.75,0.19039365318290358,True,0.09781107149584806,0.5503761759712865,0.11024894454025451,6.185845414054471,5.498004559175069,0.6878408548794025,-0.8293617153446393,6.510492166374408,0.12472590923531662,True,vol1.25_band05,True,4.785107573593935,5.449330007010301,True,0.6642224334163656
jump_shift,1,16,5.0,0.18,joint_es90,vol0.75_daily,daily,0.75,0.19039365318290358,True,0.09781107149584806,0.5503761759712865,0.11024894454025451,6.185845414054471,5.498004559175069,0.6878408548794025,-0.8293617153446393,6.510492166374408,0.12472590923531662,True,vol1.25_band05,True,4.785107573593935,5.449330007010301,True,0.6642224334163656
jump_shift,1,64,5.0,0.18,forecast_first,vol0.75_daily,daily,0.75,0.19039365318290358,True,0.19934862768917969,1.0581870722248408,0.12268297986824458,6.185845414054471,5.498004559175069,0.6878408548794025,-0.8293617153446393,6.510492166374408,0.12472590923531662,True,vol1.25_band05,True,4.785107573593935,5.449330007010301,True,0.6642224334163656
jump_shift,1,64,5.0,0.18,joint_mse,vol0.75_daily,daily,0.75,0.19039365318290358,True,0.19934862768917969,1.0581870722248408,0.12268297986824458,6.185845414054471,5.498004559175069,0.6878408548794025,-0.8293617153446393,6.510492166374408,0.12472590923531662,True,vol1.25_band05,True,4.785107573593935,5.449330007010301,True,0.6642224334163656
jump_shift,1,64,5.0,0.18,joint_es90,vol0.75_band05,band05,0.75,0.19039365318290358,True,0.2047323525905303,0.8276206969972747,0.09254944369281493,5.717314913790361,5.075021014866511,0.6422938989238498,-0.8014324044633145,6.2861757128559885,0.09721308220013256,True,vol1.25_band05,True,4.785107573593935,5.1355232917651215,True,0.35041571817118644
jump_shift,1,256,5.0,0.18,forecast_first,vol0.75_daily,daily,0.75,0.19039365318290358,True,0.20998119594479064,1.012273427634113,0.12616094829657276,6.185845414054471,5.498004559175069,0.6878408548794025,-0.8293617153446393,6.510492166374408,0.12472590923531662,True,vol1.25_band05,True,4.785107573593935,5.449330007010301,True,0.6642224334163656
jump_shift,1,256,5.0,0.18,joint_mse,vol0.75_daily,daily,0.75,0.19039365318290358,True,0.20998119594479064,1.012273427634113,0.12616094829657276,6.185845414054471,5.498004559175069,0.6878408548794025,-0.8293617153446393,6.510492166374408,0.12472590923531662,True,vol1.25_band05,True,4.785107573593935,5.449330007010301,True,0.6642224334163656
jump_shift,1,256,5.0,0.18,joint_es90,vol1_daily,daily,1.0,0.25385820424387145,True,0.23914861775564997,0.884535562318766,0.1163307369626006,5.7364948130739695,5.058962906912157,0.6775319061618122,-0.8231232630425483,6.316406194733271,0.11586862845618434,True,vol1.25_band05,True,4.785107573593935,5.0478184208885875,True,0.26271084729465244
jump_shift,1,16,20.0,0.72,forecast_first,vol0.75_daily,daily,0.75,0.19039365318290358,True,0.15357597275618834,0.8705170677174271,0.44099577816101804,6.925608925280025,5.477101734301503,1.448507190978522,-1.203539443050589,6.839478606156015,0.4989036369412665,True,vol1_band10,True,5.197021418560064,6.149826942465957,True,0.9528055239058926
jump_shift,1,16,20.0,0.72,joint_mse,vol0.75_daily,daily,0.75,0.19039365318290358,True,0.15357597275618834,0.8705170677174271,0.44099577816101804,6.925608925280025,5.477101734301503,1.448507190978522,-1.203539443050589,6.839478606156015,0.4989036369412665,True,vol1_band10,True,5.197021418560064,6.149826942465957,True,0.9528055239058926
jump_shift,1,16,20.0,0.72,joint_es90,vol0.75_daily,daily,0.75,0.19039365318290358,True,0.15357597275618834,0.8705170677174271,0.44099577816101804,6.925608925280025,5.477101734301503,1.448507190978522,-1.203539443050589,6.839478606156015,0.4989036369412665,True,vol1_band10,True,5.197021418560064,6.149826942465957,True,0.9528055239058926
jump_shift,1,64,20.0,0.72,forecast_first,vol0.75_band05,band05,0.75,0.19039365318290358,True,0.3103614067176646,1.1626479709410602,0.3701977747712597,6.261493204393906,5.066687570034756,1.1948056343591493,-1.093071651063712,6.550585748596578,0.3888523288005302,True,vol1_band10,True,5.197021418560064,5.649977258380684,True,0.4529558398206195
jump_shift,1,64,20.0,0.72,joint_mse,vol0.75_band05,band05,0.75,0.19039365318290358,True,0.3103614067176646,1.1626479709410602,0.3701977747712597,6.261493204393906,5.066687570034756,1.1948056343591493,-1.093071651063712,6.550585748596578,0.3888523288005302,True,vol1_band10,True,5.197021418560064,5.649977258380684,True,0.4529558398206195
jump_shift,1,64,20.0,0.72,joint_es90,vol1_band05,band05,1.0,0.25385820424387145,True,0.3485545891366876,1.1035626428738554,0.3406498032397193,5.886679256083445,4.752817157873309,1.133862098210135,-1.0648296099424241,6.356237466855479,0.35809269916786457,True,vol1_band10,True,5.197021418560064,5.319643176471114,True,0.12262175791105001
jump_shift,1,256,20.0,0.72,forecast_first,vol0.75_band05,band05,0.75,0.19039365318290358,True,0.37448625894676313,1.3068744389719207,0.3886789711798174,6.261493204393906,5.066687570034756,1.1948056343591493,-1.093071651063712,6.550585748596578,0.3888523288005302,True,vol1_band10,True,5.197021418560064,5.649977258380684,True,0.4529558398206195
jump_shift,1,256,20.0,0.72,joint_mse,vol0.75_band05,band05,0.75,0.19039365318290358,True,0.37448625894676313,1.3068744389719207,0.3886789711798174,6.261493204393906,5.066687570034756,1.1948056343591493,-1.093071651063712,6.550585748596578,0.3888523288005302,True,vol1_band10,True,5.197021418560064,5.649977258380684,True,0.4529558398206195
jump_shift,1,256,20.0,0.72,joint_es90,vol1_band05,band05,1.0,0.25385820424387145,True,0.423872593268188,1.2341408180107187,0.3551723926579327,5.886679256083445,4.752817157873309,1.133862098210135,-1.0648296099424241,6.356237466855479,0.35809269916786457,True,vol1_band10,True,5.197021418560064,5.319643176471114,True,0.12262175791105001
jump_shift,2,16,5.0,0.18,forecast_first,vol0.75_daily,daily,0.75,0.19201247670915317,True,0.14208293072908004,0.6586607188128216,0.10761636716532921,5.904653165716281,5.263903287043001,0.6407498786732803,-0.8004685369664946,6.26433931640831,0.12419417267485275,True,vol1_band10,True,4.897709551357414,5.432213703949226,True,0.5345041525918122
jump_shift,2,16,5.0,0.18,joint_mse,vol0.75_daily,daily,0.75,0.19201247670915317,True,0.14208293072908004,0.6586607188128216,0.10761636716532921,5.904653165716281,5.263903287043001,0.6407498786732803,-0.8004685369664946,6.26433931640831,0.12419417267485275,True,vol1_band10,True,4.897709551357414,5.432213703949226,True,0.5345041525918122
jump_shift,2,16,5.0,0.18,joint_es90,vol0.75_daily,daily,0.75,0.19201247670915317,True,0.14208293072908004,0.6586607188128216,0.10761636716532921,5.904653165716281,5.263903287043001,0.6407498786732803,-0.8004685369664946,6.26433931640831,0.12419417267485275,True,vol1_band10,True,4.897709551357414,5.432213703949226,True,0.5345041525918122
jump_shift,2,64,5.0,0.18,forecast_first,vol0.75_daily,daily,0.75,0.19201247670915317,True,0.2964588320214373,1.2958545628576692,0.11960483031245557,5.904653165716281,5.263903287043001,0.6407498786732803,-0.8004685369664946,6.26433931640831,0.12419417267485275,True,vol1_band10,True,4.897709551357414,5.432213703949226,True,0.5345041525918122
jump_shift,2,64,5.0,0.18,joint_mse,vol0.75_daily,daily,0.75,0.19201247670915317,True,0.2964588320214373,1.2958545628576692,0.11960483031245557,5.904653165716281,5.263903287043001,0.6407498786732803,-0.8004685369664946,6.26433931640831,0.12419417267485275,True,vol1_band10,True,4.897709551357414,5.432213703949226,True,0.5345041525918122
jump_shift,2,64,5.0,0.18,joint_es90,vol1_daily,daily,1.0,0.2560166356122042,True,0.29726560255322354,1.148280302428509,0.110613469655046,5.468462207422455,4.831904889393291,0.6365573180291644,-0.7978454223903051,6.089425161698373,0.11518454341814122,True,vol1_band10,True,4.897709551357414,5.094172730559103,True,0.19646317920168954
jump_shift,2,256,5.0,0.18,forecast_first,vol0.75_daily,daily,0.75,0.19201247670915317,True,0.3202645233031165,1.2412768422720628,0.1201837762932493,5.904653165716281,5.263903287043001,0.6407498786732803,-0.8004685369664946,6.26433931640831,0.12419417267485275,True,vol1_band10,True,4.897709551357414,5.432213703949226,True,0.5345041525918122
jump_shift,2,256,5.0,0.18,joint_mse,vol0.75_daily,daily,0.75,0.19201247670915317,True,0.3202645233031165,1.2412768422720628,0.1201837762932493,5.904653165716281,5.263903287043001,0.6407498786732803,-0.8004685369664946,6.26433931640831,0.12419417267485275,True,vol1_band10,True,4.897709551357414,5.432213703949226,True,0.5345041525918122
jump_shift,2,256,5.0,0.18,joint_es90,vol1_daily,daily,1.0,0.2560166356122042,True,0.3294348196283793,1.041535397425794,0.1108836958256271,5.468462207422455,4.831904889393291,0.6365573180291644,-0.7978454223903051,6.089425161698373,0.11518454341814122,True,vol1_band10,True,4.897709551357414,5.094172730559103,True,0.19646317920168954
jump_shift,2,16,20.0,0.72,forecast_first,vol0.75_daily,daily,0.75,0.19201247670915317,True,0.17745780477561812,1.0297880769526813,0.43046546866131685,6.609964178316833,5.2339154007012105,1.3760487776156216,-1.1730510549910527,6.591159518701673,0.496776690699411,True,vol1_band10,True,5.301578343245891,6.132580501141366,True,0.8310021578954743
jump_shift,2,16,20.0,0.72,joint_mse,vol0.75_daily,daily,0.75,0.19201247670915317,True,0.17745780477561812,1.0297880769526813,0.43046546866131685,6.609964178316833,5.2339154007012105,1.3760487776156216,-1.1730510549910527,6.591159518701673,0.496776690699411,True,vol1_band10,True,5.301578343245891,6.132580501141366,True,0.8310021578954743
jump_shift,2,16,20.0,0.72,joint_es90,vol0.75_daily,daily,0.75,0.19201247670915317,True,0.17745780477561812,1.0297880769526813,0.43046546866131685,6.609964178316833,5.2339154007012105,1.3760487776156216,-1.1730510549910527,6.591159518701673,0.496776690699411,True,vol1_band10,True,5.301578343245891,6.132580501141366,True,0.8310021578954743
jump_shift,2,64,20.0,0.72,forecast_first,vol0.75_band05,band05,0.75,0.19201247670915317,True,0.42014961543058205,1.5207618953484843,0.36776831868999715,5.995723021058454,4.844443228779608,1.1512797922788456,-1.0729770697824095,6.314168685720627,0.38763055807947405,True,vol1_band10,True,5.301578343245891,5.636147064770429,True,0.33456872152453787
jump_shift,2,64,20.0,0.72,joint_mse,vol0.75_band05,band05,0.75,0.19201247670915317,True,0.42014961543058205,1.5207618953484843,0.36776831868999715,5.995723021058454,4.844443228779608,1.1512797922788456,-1.0729770697824095,6.314168685720627,0.38763055807947405,True,vol1_band10,True,5.301578343245891,5.636147064770429,True,0.33456872152453787
jump_shift,2,64,20.0,0.72,joint_es90,vol1.25_daily,daily,1.25,0.3200207945152553,True,0.4893911466286579,1.4697294647102057,0.4150631829215381,5.86370787380819,4.603130962975587,1.2605769108326028,-1.1227541631330533,6.268279403269159,0.43365791667322257,True,vol1_band10,True,5.301578343245891,5.536614315553169,True,0.23503597230727724
jump_shift,2,256,20.0,0.72,forecast_first,vol0.75_band05,band05,0.75,0.19201247670915317,True,0.49647588824939703,1.5802283845921687,0.37060718270145804,5.995723021058454,4.844443228779608,1.1512797922788456,-1.0729770697824095,6.314168685720627,0.38763055807947405,True,vol1_band10,True,5.301578343245891,5.636147064770429,True,0.33456872152453787
jump_shift,2,256,20.0,0.72,joint_mse,vol1_daily,daily,1.0,0.2560166356122042,True,0.4852241985579894,1.4171219947991216,0.4435347833025084,6.082314039892884,4.774952646304021,1.3073613935888628,-1.1433990526447286,6.381283339621719,0.46073817367256487,True,vol1_band10,True,5.301578343245891,5.704747063494468,True,0.4031687202485763
jump_shift,2,256,20.0,0.72,joint_es90,vol1.25_daily,daily,1.25,0.3200207945152553,True,0.5322305619049779,1.396618499915472,0.41551898633935275,5.86370787380819,4.603130962975587,1.2605769108326028,-1.1227541631330533,6.268279403269159,0.43365791667322257,True,vol1_band10,True,5.301578343245891,5.536614315553169,True,0.23503597230727724
jump_shift,3,16,5.0,0.18,forecast_first,vol1.25_daily,daily,1.25,0.21450020312303586,True,0.15734459584868987,0.7824331236743952,0.12027423999921254,5.912258088941003,5.206766434392367,0.7054916545486365,-0.8399355061840382,6.510926380220668,0.11935512916156436,True,vol1.25_band10,True,4.930962658766895,5.38605676515058,True,0.45509410638368486
jump_shift,3,16,5.0,0.18,joint_mse,vol1.25_daily,daily,1.25,0.21450020312303586,True,0.15734459584868987,0.7824331236743952,0.12027423999921254,5.912258088941003,5.206766434392367,0.7054916545486365,-0.8399355061840382,6.510926380220668,0.11935512916156436,True,vol1.25_band10,True,4.930962658766895,5.38605676515058,True,0.45509410638368486
jump_shift,3,16,5.0,0.18,joint_es90,vol1.25_every5,every5,1.25,0.21450020312303586,True,0.4228243366767217,0.6314495327536633,0.08002467900250168,6.22129546499802,5.5417049634164215,0.6795905015815987,-0.8243727928441105,6.44226585672212,0.08660696840538447,True,vol1.25_band10,True,4.930962658766895,5.761736125575558,True,0.8307734668086626
jump_shift,3,64,5.0,0.18,forecast_first,vol1.25_daily,daily,1.25,0.21450020312303586,True,0.22802742975771545,0.9054679508188652,0.1243832513307954,5.912258088941003,5.206766434392367,0.7054916545486365,-0.8399355061840382,6.510926380220668,0.11935512916156436,True,vol1.25_band10,True,4.930962658766895,5.38605676515058,True,0.45509410638368486
jump_shift,3,64,5.0,0.18,joint_mse,vol1.25_daily,daily,1.25,0.21450020312303586,True,0.22802742975771545,0.9054679508188652,0.1243832513307954,5.912258088941003,5.206766434392367,0.7054916545486365,-0.8399355061840382,6.510926380220668,0.11935512916156436,True,vol1.25_band10,True,4.930962658766895,5.38605676515058,True,0.45509410638368486
jump_shift,3,64,5.0,0.18,joint_es90,vol1.25_daily,daily,1.25,0.21450020312303586,True,0.22802742975771545,0.9054679508188652,0.1243832513307954,5.912258088941003,5.206766434392367,0.7054916545486365,-0.8399355061840382,6.510926380220668,0.11935512916156436,True,vol1.25_band10,True,4.930962658766895,5.38605676515058,True,0.45509410638368486
jump_shift,3,256,5.0,0.18,forecast_first,vol1.25_daily,daily,1.25,0.21450020312303586,True,0.2359129728128448,1.035491829586281,0.12119216011425979,5.912258088941003,5.206766434392367,0.7054916545486365,-0.8399355061840382,6.510926380220668,0.11935512916156436,True,vol1.25_band10,True,4.930962658766895,5.38605676515058,True,0.45509410638368486
jump_shift,3,256,5.0,0.18,joint_mse,vol1.25_daily,daily,1.25,0.21450020312303586,True,0.2359129728128448,1.035491829586281,0.12119216011425979,5.912258088941003,5.206766434392367,0.7054916545486365,-0.8399355061840382,6.510926380220668,0.11935512916156436,True,vol1.25_band10,True,4.930962658766895,5.38605676515058,True,0.45509410638368486
jump_shift,3,256,5.0,0.18,joint_es90,vol1.25_band05,band05,1.25,0.21450020312303586,True,0.2742683617437123,1.0221185531740498,0.09243118173399467,5.578512974390082,4.910490345769507,0.6680226286205755,-0.8173265128579738,6.320484312124449,0.09273490245182156,True,vol1.25_band10,True,4.930962658766895,5.10381557759663,True,0.17285291882973475
jump_shift,3,16,20.0,0.72,forecast_first,vol1.25_band05,band05,1.25,0.21450020312303586,True,0.3235948622410377,1.1115650818201104,0.36420013139787955,6.088933562877479,4.888744908415134,1.2001886544623452,-1.0955312202134384,6.561706966471847,0.37093960980728624,True,vol1.25_band10,True,5.350410736282442,5.593782115242561,True,0.24337137896011907
jump_shift,3,16,20.0,0.72,joint_mse,vol1_band10,band10,1.0,0.1716001624984287,True,0.30530967603752346,1.1338225604384937,0.3246397453467621,6.154456191078888,4.996740001584984,1.157716189493906,-1.0759722066549424,6.5702145894032355,0.3423292209040931,True,vol1.25_band10,True,5.350410736282442,5.5244424266484655,True,0.17403169036602328
jump_shift,3,16,20.0,0.72,joint_es90,vol1.25_every5,every5,1.25,0.21450020312303586,True,0.4027040483668538,0.9357044553067048,0.3200987160100067,6.71204966819282,5.536573693279229,1.1754759749135903,-1.0841936980602638,6.670688651733089,0.3464278736215379,True,vol1.25_band10,True,5.350410736282442,6.238218299113055,True,0.8878075628306128
jump_shift,3,64,20.0,0.72,forecast_first,vol1.25_band05,band05,1.25,0.21450020312303586,True,0.39027603084501405,1.2748423278992902,0.3740992260348136,6.088933562877479,4.888744908415134,1.2001886544623452,-1.0955312202134384,6.561706966471847,0.37093960980728624,True,vol1.25_band10,True,5.350410736282442,5.593782115242561,True,0.24337137896011907
jump_shift,3,64,20.0,0.72,joint_mse,vol1.25_band05,band05,1.25,0.21450020312303586,True,0.39027603084501405,1.2748423278992902,0.3740992260348136,6.088933562877479,4.888744908415134,1.2001886544623452,-1.0955312202134384,6.561706966471847,0.37093960980728624,True,vol1.25_band10,True,5.350410736282442,5.593782115242561,True,0.24337137896011907
jump_shift,3,64,20.0,0.72,joint_es90,vol1.25_band05,band05,1.25,0.21450020312303586,True,0.39027603084501405,1.2748423278992902,0.3740992260348136,6.088933562877479,4.888744908415134,1.2001886544623452,-1.0955312202134384,6.561706966471847,0.37093960980728624,True,vol1.25_band10,True,5.350410736282442,5.593782115242561,True,0.24337137896011907
jump_shift,3,256,20.0,0.72,forecast_first,vol1.25_band05,band05,1.25,0.21450020312303586,True,0.41225967189349805,1.322865824330356,0.3697247269359787,6.088933562877479,4.888744908415134,1.2001886544623452,-1.0955312202134384,6.561706966471847,0.37093960980728624,True,vol1.25_band10,True,5.350410736282442,5.593782115242561,True,0.24337137896011907
jump_shift,3,256,20.0,0.72,joint_mse,vol1.25_band05,band05,1.25,0.21450020312303586,True,0.41225967189349805,1.322865824330356,0.3697247269359787,6.088933562877479,4.888744908415134,1.2001886544623452,-1.0955312202134384,6.561706966471847,0.37093960980728624,True,vol1.25_band10,True,5.350410736282442,5.593782115242561,True,0.24337137896011907
jump_shift,3,256,20.0,0.72,joint_es90,vol1.25_band05,band05,1.25,0.21450020312303586,True,0.41225967189349805,1.322865824330356,0.3697247269359787,6.088933562877479,4.888744908415134,1.2001886544623452,-1.0955312202134384,6.561706966471847,0.37093960980728624,True,vol1.25_band10,True,5.350410736282442,5.593782115242561,True,0.24337137896011907
jump_shift,4,16,5.0,0.18,forecast_first,vol1_daily,daily,1.0,0.2077983476899942,True,0.06427673580561918,0.5143009068157774,0.11696679175659556,5.061513454510671,4.454383200598324,0.607130253912346,-0.7791856350782822,5.929606210869383,0.12193863144938535,True,vol1.25_band10,True,4.8536822124603125,5.304195263200108,True,0.4505130507397954
jump_shift,4,16,5.0,0.18,joint_mse,vol1_daily,daily,1.0,0.2077983476899942,True,0.06427673580561918,0.5143009068157774,0.11696679175659556,5.061513454510671,4.454383200598324,0.607130253912346,-0.7791856350782822,5.929606210869383,0.12193863144938535,True,vol1.25_band10,True,4.8536822124603125,5.304195263200108,True,0.4505130507397954
jump_shift,4,16,5.0,0.18,joint_es90,vol0.75_band05,band05,0.75,0.15584876076749565,True,0.09916446660839531,0.4522568882069305,0.09830250391209021,4.958701964340345,4.390716569699045,0.5679853946412997,-0.7536480575449656,5.805911914825826,0.10334332088689926,True,vol1.25_band10,True,4.8536822124603125,5.405528425352429,True,0.5518462128921167
jump_shift,4,64,5.0,0.18,forecast_first,vol1_daily,daily,1.0,0.2077983476899942,True,0.17324425982252173,0.830387524070688,0.11645858563439238,5.061513454510671,4.454383200598324,0.607130253912346,-0.7791856350782822,5.929606210869383,0.12193863144938535,True,vol1.25_band10,True,4.8536822124603125,5.304195263200108,True,0.4505130507397954
jump_shift,4,64,5.0,0.18,joint_mse,vol1_daily,daily,1.0,0.2077983476899942,True,0.17324425982252173,0.830387524070688,0.11645858563439238,5.061513454510671,4.454383200598324,0.607130253912346,-0.7791856350782822,5.929606210869383,0.12193863144938535,True,vol1.25_band10,True,4.8536822124603125,5.304195263200108,True,0.4505130507397954
jump_shift,4,64,5.0,0.18,joint_es90,vol1.25_daily,daily,1.25,0.25974793461249274,True,0.23113102366226754,0.8254207589349076,0.10986651784529435,4.834752947736665,4.243202577468637,0.591550370268029,-0.7691231177568576,5.8215445227750005,0.1147385328476655,True,vol1.25_band10,True,4.8536822124603125,5.036477900433964,True,0.18279568797365187
jump_shift,4,256,5.0,0.18,forecast_first,vol1_daily,daily,1.0,0.2077983476899942,True,0.2684105693987301,1.107857885571492,0.12417888428286188,5.061513454510671,4.454383200598324,0.607130253912346,-0.7791856350782822,5.929606210869383,0.12193863144938535,True,vol1.25_band10,True,4.8536822124603125,5.304195263200108,True,0.4505130507397954
jump_shift,4,256,5.0,0.18,joint_mse,vol1_daily,daily,1.0,0.2077983476899942,True,0.2684105693987301,1.107857885571492,0.12417888428286188,5.061513454510671,4.454383200598324,0.607130253912346,-0.7791856350782822,5.929606210869383,0.12193863144938535,True,vol1.25_band10,True,4.8536822124603125,5.304195263200108,True,0.4505130507397954
jump_shift,4,256,5.0,0.18,joint_es90,vol1.25_daily,daily,1.25,0.25974793461249274,True,0.2798996999421102,1.0296930570897564,0.11632511387817948,4.834752947736665,4.243202577468637,0.591550370268029,-0.7691231177568576,5.8215445227750005,0.1147385328476655,True,vol1.25_band10,True,4.8536822124603125,5.036477900433964,True,0.18279568797365187
jump_shift,4,16,20.0,0.72,forecast_first,vol1_daily,daily,1.0,0.2077983476899942,True,0.24888658964289884,0.9232468138074422,0.46786716702638226,5.724273569330998,4.413245066942116,1.311028502388883,-1.1450015294264384,6.241723853517874,0.4877545257975414,True,vol1.25_band10,True,5.242928099312314,5.964024974738426,True,0.7210968754261122
jump_shift,4,16,20.0,0.72,joint_mse,vol0.75_band05,band05,0.75,0.15584876076749565,True,0.2144651503152863,0.890123911732474,0.39321001564836083,5.525477097768496,4.394066167099856,1.13141093066864,-1.0636780202056635,6.086057667407069,0.41337328354759706,True,vol1.25_band10,True,5.242928099312314,5.971682739570553,True,0.7287546402582388
jump_shift,4,16,20.0,0.72,joint_es90,vol1_band05,band05,1.0,0.2077983476899942,True,0.2562027773118747,0.7912815270798511,0.3623219917880627,5.091164408512312,4.040779503903179,1.0503849046091323,-1.0248828736051414,5.9058554914467765,0.37849176675873597,True,vol1.25_band10,True,5.242928099312314,5.531546236291129,True,0.28861813697881544
jump_shift,4,64,20.0,0.72,forecast_first,vol1_daily,daily,1.0,0.2077983476899942,True,0.3492574952878025,1.259320279902685,0.4658343425375695,5.724273569330998,4.413245066942116,1.311028502388883,-1.1450015294264384,6.241723853517874,0.4877545257975414,True,vol1.25_band10,True,5.242928099312314,5.964024974738426,True,0.7210968754261122
jump_shift,4,64,20.0,0.72,joint_mse,vol0.75_band05,band05,0.75,0.15584876076749565,True,0.33999095261814777,1.276622310772433,0.38302642388081387,5.525477097768496,4.394066167099856,1.13141093066864,-1.0636780202056635,6.086057667407069,0.41337328354759706,True,vol1.25_band10,True,5.242928099312314,5.971682739570553,True,0.7287546402582388
jump_shift,4,64,20.0,0.72,joint_es90,vol1.25_daily,daily,1.25,0.25974793461249274,True,0.38614203467180735,1.1437326399745917,0.4394660713811774,5.427551609403826,4.188028512191619,1.2395230972122069,-1.113338716299854,6.1072564616362435,0.458954131390662,True,vol1.25_band10,True,5.242928099312314,5.628573247714638,True,0.38564514840232444
jump_shift,4,256,20.0,0.72,forecast_first,vol1_band05,band05,1.0,0.2077983476899942,True,0.4693222276466293,1.4546741048668121,0.3803766752696005,5.091164408512312,4.040779503903179,1.0503849046091323,-1.0248828736051414,5.9058554914467765,0.37849176675873597,True,vol1.25_band10,True,5.242928099312314,5.531546236291129,True,0.28861813697881544
jump_shift,4,256,20.0,0.72,joint_mse,vol1_band05,band05,1.0,0.2077983476899942,True,0.4693222276466293,1.4546741048668121,0.3803766752696005,5.091164408512312,4.040779503903179,1.0503849046091323,-1.0248828736051414,5.9058554914467765,0.37849176675873597,True,vol1.25_band10,True,5.242928099312314,5.531546236291129,True,0.28861813697881544
jump_shift,4,256,20.0,0.72,joint_es90,vol1.25_daily,daily,1.25,0.25974793461249274,True,0.48630255122904087,1.416431843001297,0.4653004555127179,5.427551609403826,4.188028512191619,1.2395230972122069,-1.113338716299854,6.1072564616362435,0.458954131390662,True,vol1.25_band10,True,5.242928099312314,5.628573247714638,True,0.38564514840232444
jump_shift,5,16,5.0,0.18,forecast_first,vol1_band05,band05,1.0,0.1838552389068129,True,0.3481288387567596,1.119357096145914,0.10211895936111282,5.799036731092668,5.145540433835207,0.6534962972574616,-0.8083911783644485,6.224014638658486,0.09837562035772608,True,vol1.25_band10,True,5.151173244376857,5.585043606008728,True,0.43387036163187087
jump_shift,5,16,5.0,0.18,joint_mse,vol1_band05,band05,1.0,0.1838552389068129,True,0.3481288387567596,1.119357096145914,0.10211895936111282,5.799036731092668,5.145540433835207,0.6534962972574616,-0.8083911783644485,6.224014638658486,0.09837562035772608,True,vol1.25_band10,True,5.151173244376857,5.585043606008728,True,0.43387036163187087
jump_shift,5,16,5.0,0.18,joint_es90,vol1.25_band05,band05,1.25,0.22981904863351613,True,0.3791665003427147,0.8211423430917452,0.09352271388650088,5.481918184569592,4.840353395596867,0.6415647889727248,-0.8009773960435618,6.073540071243409,0.09201726256910836,True,vol1.25_band10,True,5.151173244376857,5.320444217707907,True,0.16927097333104957
jump_shift,5,64,5.0,0.18,forecast_first,vol1_daily,daily,1.0,0.1838552389068129,True,0.4252186889787776,1.4612984915666567,0.12251522685767001,6.3498951851507055,5.662046271952059,0.6878489131986459,-0.8293665734755928,6.4580540349770015,0.12565400904114368,True,vol1.25_band10,True,5.151173244376857,5.907897617370917,True,0.7567243729940598
jump_shift,5,64,5.0,0.18,joint_mse,vol1.25_daily,daily,1.25,0.22981904863351613,True,0.4022379685420321,1.308693122738955,0.11470683723880398,5.917302078113565,5.242384718065971,0.6749173600475961,-0.8215335416448899,6.275801131226626,0.1185671385257735,True,vol1.25_band10,True,5.151173244376857,5.539775660708102,True,0.3886024163312447
jump_shift,5,64,5.0,0.18,joint_es90,vol1.25_band05,band05,1.25,0.22981904863351613,True,0.48262657394645986,1.2929310411404251,0.08783850374394492,5.481918184569592,4.840353395596867,0.6415647889727248,-0.8009773960435618,6.073540071243409,0.09201726256910836,True,vol1.25_band10,True,5.151173244376857,5.320444217707907,True,0.16927097333104957
jump_shift,5,256,5.0,0.18,forecast_first,vol1_daily,daily,1.0,0.1838552389068129,True,0.30574389033135063,1.2197790516860179,0.12447632451623798,6.3498951851507055,5.662046271952059,0.6878489131986459,-0.8293665734755928,6.4580540349770015,0.12565400904114368,True,vol1.25_band10,True,5.151173244376857,5.907897617370917,True,0.7567243729940598
jump_shift,5,256,5.0,0.18,joint_mse,vol1.25_daily,daily,1.25,0.22981904863351613,True,0.2968538869341003,1.0864660468078042,0.11720185189320675,5.917302078113565,5.242384718065971,0.6749173600475961,-0.8215335416448899,6.275801131226626,0.1185671385257735,True,vol1.25_band10,True,5.151173244376857,5.539775660708102,True,0.3886024163312447
jump_shift,5,256,5.0,0.18,joint_es90,vol1.25_daily,daily,1.25,0.22981904863351613,True,0.2968538869341003,1.0864660468078042,0.11720185189320675,5.917302078113565,5.242384718065971,0.6749173600475961,-0.8215335416448899,6.275801131226626,0.1185671385257735,True,vol1.25_band10,True,5.151173244376857,5.539775660708102,True,0.3886024163312447
jump_shift,5,16,20.0,0.72,forecast_first,vol1_band05,band05,1.0,0.1838552389068129,True,0.44391530711888855,1.4278569675715056,0.40847583744445126,6.357876147379833,5.140124084015569,1.2177520633642636,-1.1035180394376267,6.483690418518758,0.3935024814309043,True,vol1.25_band10,True,5.566861569850679,6.126178273398981,True,0.5593167035483022
jump_shift,5,16,20.0,0.72,joint_mse,vol1.25_band05,band05,1.25,0.22981904863351613,True,0.4317484723205049,1.1012306702179524,0.3740908555460035,5.98278847213223,4.822796609481129,1.1599918626511014,-1.0770291837508867,6.312839565704411,0.36806905027643344,True,vol1.25_band10,True,5.566861569850679,5.804122405744675,True,0.23726083589399583
jump_shift,5,16,20.0,0.72,joint_es90,vol1.25_band05,band05,1.25,0.22981904863351613,True,0.4317484723205049,1.1012306702179524,0.3740908555460035,5.98278847213223,4.822796609481129,1.1599918626511014,-1.0770291837508867,6.312839565704411,0.36806905027643344,True,vol1.25_band10,True,5.566861569850679,5.804122405744675,True,0.23726083589399583
jump_shift,5,64,20.0,0.72,forecast_first,vol1_band05,band05,1.0,0.1838552389068129,True,0.5851299063703121,1.621755527810011,0.37819950717350526,6.357876147379833,5.140124084015569,1.2177520633642636,-1.1035180394376267,6.483690418518758,0.3935024814309043,True,vol1.25_band10,True,5.566861569850679,6.126178273398981,True,0.5593167035483022
jump_shift,5,64,20.0,0.72,joint_mse,vol1.25_daily,daily,1.25,0.22981904863351613,True,0.5746383566006856,1.6605957373923845,0.45882734895521593,6.583018455890336,5.197136311384356,1.3858821445059792,-1.1772349572222103,6.5740109609347925,0.474268554103094,True,vol1.25_band10,True,5.566861569850679,6.191704094311423,True,0.6248425244607443
jump_shift,5,64,20.0,0.72,joint_es90,vol1.25_band05,band05,1.25,0.22981904863351613,True,0.5932702526986742,1.5658430315591805,0.35135401497577967,5.98278847213223,4.822796609481129,1.1599918626511014,-1.0770291837508867,6.312839565704411,0.36806905027643344,True,vol1.25_band10,True,5.566861569850679,5.804122405744675,True,0.23726083589399583
jump_shift,5,256,20.0,0.72,forecast_first,vol1_band05,band05,1.0,0.1838552389068129,True,0.46651672544735934,1.4470700614377818,0.38483209427195714,6.357876147379833,5.140124084015569,1.2177520633642636,-1.1035180394376267,6.483690418518758,0.3935024814309043,True,vol1.25_band10,True,5.566861569850679,6.126178273398981,True,0.5593167035483022
jump_shift,5,256,20.0,0.72,joint_mse,vol1_band05,band05,1.0,0.1838552389068129,True,0.46651672544735934,1.4470700614377818,0.38483209427195714,6.357876147379833,5.140124084015569,1.2177520633642636,-1.1035180394376267,6.483690418518758,0.3935024814309043,True,vol1.25_band10,True,5.566861569850679,6.126178273398981,True,0.5593167035483022
jump_shift,5,256,20.0,0.72,joint_es90,vol1.25_band05,band05,1.25,0.22981904863351613,True,0.48040874126459776,1.3690233532001206,0.35962889807795023,5.98278847213223,4.822796609481129,1.1599918626511014,-1.0770291837508867,6.312839565704411,0.36806905027643344,True,vol1.25_band10,True,5.566861569850679,5.804122405744675,True,0.23726083589399583
jump_shift,6,16,5.0,0.18,forecast_first,vol1_daily,daily,1.0,0.2040369980289439,True,0.33972764452983156,0.9530304043486817,0.1337231655178238,5.413081954076635,4.719830716464008,0.6932512376126269,-0.8326171014413689,6.2926626820716525,0.12206026472151726,True,vol1.25_band05,True,4.675071047657765,5.047640478912314,True,0.3725694312545489
jump_shift,6,16,5.0,0.18,joint_mse,vol0.75_daily,daily,0.75,0.15302774852170792,True,0.31830352003313417,1.0487000495063803,0.1472172856398407,5.907570289065596,5.194485735692053,0.7130845533735424,-0.8444433393505703,6.484707955635762,0.13139617468934173,True,vol1.25_band05,True,4.675071047657765,5.522490542866429,True,0.8474194952086638
jump_shift,6,16,5.0,0.18,joint_es90,vol1.25_daily,daily,1.25,0.2550462475361799,True,0.4279388530750729,0.861294428650624,0.12364083565162956,5.174313186773517,4.493515637145991,0.6807975496275264,-0.82510456890477,6.177411856954133,0.114898450748641,True,vol1.25_band05,True,4.675071047657765,4.803980601755947,True,0.1289095540981826
jump_shift,6,64,5.0,0.18,forecast_first,vol1_daily,daily,1.0,0.2040369980289439,True,0.25399253371771313,1.084704830474966,0.12354214396257929,5.413081954076635,4.719830716464008,0.6932512376126269,-0.8326171014413689,6.2926626820716525,0.12206026472151726,True,vol1.25_band05,True,4.675071047657765,5.047640478912314,True,0.3725694312545489
jump_shift,6,64,5.0,0.18,joint_mse,vol1_daily,daily,1.0,0.2040369980289439,True,0.25399253371771313,1.084704830474966,0.12354214396257929,5.413081954076635,4.719830716464008,0.6932512376126269,-0.8326171014413689,6.2926626820716525,0.12206026472151726,True,vol1.25_band05,True,4.675071047657765,5.047640478912314,True,0.3725694312545489
jump_shift,6,64,5.0,0.18,joint_es90,vol1.25_daily,daily,1.25,0.2550462475361799,True,0.30441256504259206,0.9136343942104378,0.11590354079645336,5.174313186773517,4.493515637145991,0.6807975496275264,-0.82510456890477,6.177411856954133,0.114898450748641,True,vol1.25_band05,True,4.675071047657765,4.803980601755947,True,0.1289095540981826
jump_shift,6,256,5.0,0.18,forecast_first,vol1_daily,daily,1.0,0.2040369980289439,True,0.23277256950938802,1.00093841795272,0.12207830822730914,5.413081954076635,4.719830716464008,0.6932512376126269,-0.8326171014413689,6.2926626820716525,0.12206026472151726,True,vol1.25_band05,True,4.675071047657765,5.047640478912314,True,0.3725694312545489
jump_shift,6,256,5.0,0.18,joint_mse,vol1_daily,daily,1.0,0.2040369980289439,True,0.23277256950938802,1.00093841795272,0.12207830822730914,5.413081954076635,4.719830716464008,0.6932512376126269,-0.8326171014413689,6.2926626820716525,0.12206026472151726,True,vol1.25_band05,True,4.675071047657765,5.047640478912314,True,0.3725694312545489
jump_shift,6,256,5.0,0.18,joint_es90,vol1.25_daily,daily,1.25,0.2550462475361799,True,0.2874916560491517,0.9377255723615473,0.11454885025770972,5.174313186773517,4.493515637145991,0.6807975496275264,-0.82510456890477,6.177411856954133,0.114898450748641,True,vol1.25_band05,True,4.675071047657765,4.803980601755947,True,0.1289095540981826
jump_shift,6,16,20.0,0.72,forecast_first,vol1_daily,daily,1.0,0.2040369980289439,True,0.40668694167979824,1.3868041009952712,0.5348926620712952,6.108283655080379,4.6711672605711945,1.4371163945091843,-1.1987978956059209,6.603185213061809,0.48824105888606906,True,vol1.25_band10,True,5.080442104901984,5.709681596181092,True,0.6292394912791082
jump_shift,6,16,20.0,0.72,joint_mse,vol1.25_daily,daily,1.25,0.2550462475361799,True,0.40302306181897873,1.2680836979312535,0.49456334260651824,5.796726848236776,4.428294992712608,1.3684318555241672,-1.1697999211506929,6.465222506426939,0.459593802994564,True,vol1.25_band10,True,5.080442104901984,5.398990761080079,True,0.3185486561780957
jump_shift,6,16,20.0,0.72,joint_es90,vol1.25_daily,daily,1.25,0.2550462475361799,True,0.40302306181897873,1.2680836979312535,0.49456334260651824,5.796726848236776,4.428294992712608,1.3684318555241672,-1.1697999211506929,6.465222506426939,0.459593802994564,True,vol1.25_band10,True,5.080442104901984,5.398990761080079,True,0.3185486561780957
jump_shift,6,64,20.0,0.72,forecast_first,vol1_daily,daily,1.0,0.2040369980289439,True,0.44652130089996983,1.5855550081808485,0.49416857585031715,6.108283655080379,4.6711672605711945,1.4371163945091843,-1.1987978956059209,6.603185213061809,0.48824105888606906,True,vol1.25_band10,True,5.080442104901984,5.709681596181092,True,0.6292394912791082
jump_shift,6,64,20.0,0.72,joint_mse,vol1_daily,daily,1.0,0.2040369980289439,True,0.44652130089996983,1.5855550081808485,0.49416857585031715,6.108283655080379,4.6711672605711945,1.4371163945091843,-1.1987978956059209,6.603185213061809,0.48824105888606906,True,vol1.25_band10,True,5.080442104901984,5.709681596181092,True,0.6292394912791082
jump_shift,6,64,20.0,0.72,joint_es90,vol1.25_daily,daily,1.25,0.2550462475361799,True,0.45604614141682404,1.3401193686225807,0.46361416318581344,5.796726848236776,4.428294992712608,1.3684318555241672,-1.1697999211506929,6.465222506426939,0.459593802994564,True,vol1.25_band10,True,5.080442104901984,5.398990761080079,True,0.3185486561780957
jump_shift,6,256,20.0,0.72,forecast_first,vol1_band05,band05,1.0,0.2040369980289439,True,0.42071290937286615,1.321812028466868,0.37591011615270653,5.694437034937067,4.484881372913134,1.2095556620239334,-1.0997980096471958,6.4085141881215115,0.3793015227540224,True,vol1.25_band10,True,5.080442104901984,5.303138397515161,True,0.22269629261317725
jump_shift,6,256,20.0,0.72,joint_mse,vol1_band05,band05,1.0,0.2040369980289439,True,0.42071290937286615,1.321812028466868,0.37591011615270653,5.694437034937067,4.484881372913134,1.2095556620239334,-1.0997980096471958,6.4085141881215115,0.3793015227540224,True,vol1.25_band10,True,5.080442104901984,5.303138397515161,True,0.22269629261317725
jump_shift,6,256,20.0,0.72,joint_es90,vol1.25_daily,daily,1.25,0.2550462475361799,True,0.4510171883470546,1.3169166387434528,0.4581954010308389,5.796726848236776,4.428294992712608,1.3684318555241672,-1.1697999211506929,6.465222506426939,0.459593802994564,True,vol1.25_band10,True,5.080442104901984,5.398990761080079,True,0.3185486561780957
jump_shift,7,16,5.0,0.18,forecast_first,vol1.25_daily,daily,1.25,0.20636194805286212,True,0.25753502680183604,1.0609627874609995,0.12137919898637292,5.786179658831989,5.064966221095788,0.721213437736201,-0.8492428614573106,6.423038767056262,0.12305846031510828,True,vol1.25_band10,True,4.86827321940461,5.2903139896285625,True,0.42204077022395214
jump_shift,7,16,5.0,0.18,joint_mse,vol1.25_daily,daily,1.25,0.20636194805286212,True,0.25753502680183604,1.0609627874609995,0.12137919898637292,5.786179658831989,5.064966221095788,0.721213437736201,-0.8492428614573106,6.423038767056262,0.12305846031510828,True,vol1.25_band10,True,4.86827321940461,5.2903139896285625,True,0.42204077022395214
jump_shift,7,16,5.0,0.18,joint_es90,vol1.25_band10,band10,1.25,0.20636194805286212,True,0.36105947719849724,0.938047742266073,0.07826419616200671,5.427321578821273,4.772378884548319,0.654942694272954,-0.8092852984411332,6.184652651526497,0.0825722318157774,True,vol1.25_band10,True,4.86827321940461,4.86827321940461,True,0.0
jump_shift,7,64,5.0,0.18,forecast_first,vol1.25_daily,daily,1.25,0.20636194805286212,True,0.1841310030595819,0.909215034247824,0.12092772783751457,5.786179658831989,5.064966221095788,0.721213437736201,-0.8492428614573106,6.423038767056262,0.12305846031510828,True,vol1.25_band10,True,4.86827321940461,5.2903139896285625,True,0.42204077022395214
jump_shift,7,64,5.0,0.18,joint_mse,vol1.25_daily,daily,1.25,0.20636194805286212,True,0.1841310030595819,0.909215034247824,0.12092772783751457,5.786179658831989,5.064966221095788,0.721213437736201,-0.8492428614573106,6.423038767056262,0.12305846031510828,True,vol1.25_band10,True,4.86827321940461,5.2903139896285625,True,0.42204077022395214
jump_shift,7,64,5.0,0.18,joint_es90,vol1.25_daily,daily,1.25,0.20636194805286212,True,0.1841310030595819,0.909215034247824,0.12092772783751457,5.786179658831989,5.064966221095788,0.721213437736201,-0.8492428614573106,6.423038767056262,0.12305846031510828,True,vol1.25_band10,True,4.86827321940461,5.2903139896285625,True,0.42204077022395214
jump_shift,7,256,5.0,0.18,forecast_first,vol1.25_daily,daily,1.25,0.20636194805286212,True,0.23868472277299116,1.027501845382179,0.1202769125399039,5.786179658831989,5.064966221095788,0.721213437736201,-0.8492428614573106,6.423038767056262,0.12305846031510828,True,vol1.25_band10,True,4.86827321940461,5.2903139896285625,True,0.42204077022395214
jump_shift,7,256,5.0,0.18,joint_mse,vol1.25_daily,daily,1.25,0.20636194805286212,True,0.23868472277299116,1.027501845382179,0.1202769125399039,5.786179658831989,5.064966221095788,0.721213437736201,-0.8492428614573106,6.423038767056262,0.12305846031510828,True,vol1.25_band10,True,4.86827321940461,5.2903139896285625,True,0.42204077022395214
jump_shift,7,256,5.0,0.18,joint_es90,vol1.25_band05,band05,1.25,0.20636194805286212,True,0.29156633200715004,1.0117085002968933,0.09141986387741492,5.574249084559345,4.893648901732561,0.6806001828267841,-0.8249849591518528,6.307570613406301,0.09549982495555848,True,vol1.25_band10,True,4.86827321940461,5.024729458805771,True,0.1564562394011606
jump_shift,7,16,20.0,0.72,forecast_first,vol1.25_band10,band10,1.25,0.20636194805286212,True,0.41843242251610857,1.2026649847448687,0.31305678464802683,5.886762398592701,4.769509183508509,1.1172532150841914,-1.0570019938884654,6.404003439998938,0.3302889272631096,True,vol1.25_band10,True,5.283221848320903,5.283221848320903,True,0.0
jump_shift,7,16,20.0,0.72,joint_mse,vol1.25_band10,band10,1.25,0.20636194805286212,True,0.41843242251610857,1.2026649847448687,0.31305678464802683,5.886762398592701,4.769509183508509,1.1172532150841914,-1.0570019938884654,6.404003439998938,0.3302889272631096,True,vol1.25_band10,True,5.283221848320903,5.283221848320903,True,0.0
jump_shift,7,16,20.0,0.72,joint_es90,vol1.25_band10,band10,1.25,0.20636194805286212,True,0.41843242251610857,1.2026649847448687,0.31305678464802683,5.886762398592701,4.769509183508509,1.1172532150841914,-1.0570019938884654,6.404003439998938,0.3302889272631096,True,vol1.25_band10,True,5.283221848320903,5.283221848320903,True,0.0
jump_shift,7,64,20.0,0.72,forecast_first,vol1.25_band05,band05,1.25,0.20636194805286212,True,0.34576765666208054,1.267852977116024,0.36835210340962954,6.116423679253458,4.88102603218797,1.235397647065488,-1.1114844340185281,6.5553889945466315,0.3819992998222339,True,vol1.25_band10,True,5.283221848320903,5.5135088331004045,True,0.23028698477950194
jump_shift,7,64,20.0,0.72,joint_mse,vol1.25_band05,band05,1.25,0.20636194805286212,True,0.34576765666208054,1.267852977116024,0.36835210340962954,6.116423679253458,4.88102603218797,1.235397647065488,-1.1114844340185281,6.5553889945466315,0.3819992998222339,True,vol1.25_band10,True,5.283221848320903,5.5135088331004045,True,0.23028698477950194
jump_shift,7,64,20.0,0.72,joint_es90,vol1.25_band05,band05,1.25,0.20636194805286212,True,0.34576765666208054,1.267852977116024,0.36835210340962954,6.116423679253458,4.88102603218797,1.235397647065488,-1.1114844340185281,6.5553889945466315,0.3819992998222339,True,vol1.25_band10,True,5.283221848320903,5.5135088331004045,True,0.23028698477950194
jump_shift,7,256,20.0,0.72,forecast_first,vol1.25_band05,band05,1.25,0.20636194805286212,True,0.3811331146164436,1.2953591018947397,0.3656794555096597,6.116423679253458,4.88102603218797,1.235397647065488,-1.1114844340185281,6.5553889945466315,0.3819992998222339,True,vol1.25_band10,True,5.283221848320903,5.5135088331004045,True,0.23028698477950194
jump_shift,7,256,20.0,0.72,joint_mse,vol1.25_band05,band05,1.25,0.20636194805286212,True,0.3811331146164436,1.2953591018947397,0.3656794555096597,6.116423679253458,4.88102603218797,1.235397647065488,-1.1114844340185281,6.5553889945466315,0.3819992998222339,True,vol1.25_band10,True,5.283221848320903,5.5135088331004045,True,0.23028698477950194
jump_shift,7,256,20.0,0.72,joint_es90,vol1.25_band05,band05,1.25,0.20636194805286212,True,0.3811331146164436,1.2953591018947397,0.3656794555096597,6.116423679253458,4.88102603218797,1.235397647065488,-1.1114844340185281,6.5553889945466315,0.3819992998222339,True,vol1.25_band10,True,5.283221848320903,5.5135088331004045,True,0.23028698477950194
jump_shift,8,16,5.0,0.18,forecast_first,vol1.25_daily,daily,1.25,0.19498614444075354,True,0.18634075335990868,0.7971861852000383,0.1226240236591821,5.2925715430657725,4.648165466720683,0.6444060763450895,-0.8027490743346202,6.109717323799592,0.1242005773622479,True,vol1.25_band10,True,5.082632643209819,5.646958776055974,True,0.5643261328461548
jump_shift,8,16,5.0,0.18,joint_mse,vol1.25_daily,daily,1.25,0.19498614444075354,True,0.18634075335990868,0.7971861852000383,0.1226240236591821,5.2925715430657725,4.648165466720683,0.6444060763450895,-0.8027490743346202,6.109717323799592,0.1242005773622479,True,vol1.25_band10,True,5.082632643209819,5.646958776055974,True,0.5643261328461548
jump_shift,8,16,5.0,0.18,joint_es90,vol1_band10,band10,1.0,0.15598891555260283,True,0.27163632175311675,0.6400094676795464,0.0842711265322767,5.002737615963346,4.411073879105359,0.5916637368579857,-0.7691968128236009,5.82739455619753,0.08876306173334375,True,vol1.25_band10,True,5.082632643209819,5.286294243614474,True,0.2036616004046552
jump_shift,8,64,5.0,0.18,forecast_first,vol1.25_daily,daily,1.25,0.19498614444075354,True,0.1511743276732343,0.7495578208516899,0.12529304504033545,5.2925715430657725,4.648165466720683,0.6444060763450895,-0.8027490743346202,6.109717323799592,0.1242005773622479,True,vol1.25_band10,True,5.082632643209819,5.646958776055974,True,0.5643261328461548
jump_shift,8,64,5.0,0.18,joint_mse,vol1.25_daily,daily,1.25,0.19498614444075354,True,0.1511743276732343,0.7495578208516899,0.12529304504033545,5.2925715430657725,4.648165466720683,0.6444060763450895,-0.8027490743346202,6.109717323799592,0.1242005773622479,True,vol1.25_band10,True,5.082632643209819,5.646958776055974,True,0.5643261328461548
jump_shift,8,64,5.0,0.18,joint_es90,vol1.25_band05,band05,1.25,0.19498614444075354,True,0.1972388485235332,0.691287410455253,0.09656778410870998,5.043943896436459,4.438945475411009,0.6049984210254503,-0.777816444301257,5.937760865415646,0.09672304660898247,True,vol1.25_band10,True,5.082632643209819,5.32795597636615,True,0.24532333315633092
jump_shift,8,256,5.0,0.18,forecast_first,vol1.25_daily,daily,1.25,0.19498614444075354,True,0.18734631897619886,0.8920940563641018,0.1209337576131649,5.2925715430657725,4.648165466720683,0.6444060763450895,-0.8027490743346202,6.109717323799592,0.1242005773622479,True,vol1.25_band10,True,5.082632643209819,5.646958776055974,True,0.5643261328461548
jump_shift,8,256,5.0,0.18,joint_mse,vol1.25_daily,daily,1.25,0.19498614444075354,True,0.18734631897619886,0.8920940563641018,0.1209337576131649,5.2925715430657725,4.648165466720683,0.6444060763450895,-0.8027490743346202,6.109717323799592,0.1242005773622479,True,vol1.25_band10,True,5.082632643209819,5.646958776055974,True,0.5643261328461548
jump_shift,8,256,5.0,0.18,joint_es90,vol1.25_band05,band05,1.25,0.19498614444075354,True,0.24369081049400418,0.8830312521866366,0.09249493660830041,5.043943896436459,4.438945475411009,0.6049984210254503,-0.777816444301257,5.937760865415646,0.09672304660898247,True,vol1.25_band10,True,5.082632643209819,5.32795597636615,True,0.24532333315633092
jump_shift,8,16,20.0,0.72,forecast_first,vol1.25_band05,band05,1.25,0.19498614444075354,True,0.36157758029539644,0.9469374460629933,0.3718879519565927,5.570216544384246,4.429623336478585,1.140593207905662,-1.0679855841282044,6.2010649346207005,0.3868921864359299,True,vol1.25_band10,True,5.52115398548582,5.849582795980952,True,0.32842881049513206
jump_shift,8,16,20.0,0.72,joint_mse,vol0.75_band10,band10,0.75,0.11699168666445212,True,0.3216886933171903,1.0405348006743076,0.3612362731066876,5.902766967853856,4.763654644227028,1.139112323626829,-1.0672920517022644,6.270860193269378,0.3853829158366233,True,vol1.25_band10,True,5.52115398548582,6.233200131041723,True,0.7120461455559033
jump_shift,8,16,20.0,0.72,joint_es90,vol1_band10,band10,1.0,0.15598891555260283,True,0.3596393316697881,0.9132364746480073,0.3370845061291068,5.488020561188289,4.415789309085293,1.0722312521029975,-1.0354859980236322,6.074826939438916,0.355052246933375,True,vol1.25_band10,True,5.52115398548582,5.768956676302411,True,0.24780269081659068
jump_shift,8,64,20.0,0.72,forecast_first,vol1.25_band05,band05,1.25,0.19498614444075354,True,0.3126942406376607,0.9693015909736292,0.3862711364348399,5.570216544384246,4.429623336478585,1.140593207905662,-1.0679855841282044,6.2010649346207005,0.3868921864359299,True,vol1.25_band10,True,5.52115398548582,5.849582795980952,True,0.32842881049513206
jump_shift,8,64,20.0,0.72,joint_mse,vol1.25_band05,band05,1.25,0.19498614444075354,True,0.3126942406376607,0.9693015909736292,0.3862711364348399,5.570216544384246,4.429623336478585,1.140593207905662,-1.0679855841282044,6.2010649346207005,0.3868921864359299,True,vol1.25_band10,True,5.52115398548582,5.849582795980952,True,0.32842881049513206
jump_shift,8,64,20.0,0.72,joint_es90,vol1.25_band05,band05,1.25,0.19498614444075354,True,0.3126942406376607,0.9693015909736292,0.3862711364348399,5.570216544384246,4.429623336478585,1.140593207905662,-1.0679855841282044,6.2010649346207005,0.3868921864359299,True,vol1.25_band10,True,5.52115398548582,5.849582795980952,True,0.32842881049513206
jump_shift,8,256,20.0,0.72,forecast_first,vol1.25_band05,band05,1.25,0.19498614444075354,True,0.35253560211260504,1.172100222112266,0.36997974643320164,5.570216544384246,4.429623336478585,1.140593207905662,-1.0679855841282044,6.2010649346207005,0.3868921864359299,True,vol1.25_band10,True,5.52115398548582,5.849582795980952,True,0.32842881049513206
jump_shift,8,256,20.0,0.72,joint_mse,vol1.25_band05,band05,1.25,0.19498614444075354,True,0.35253560211260504,1.172100222112266,0.36997974643320164,5.570216544384246,4.429623336478585,1.140593207905662,-1.0679855841282044,6.2010649346207005,0.3868921864359299,True,vol1.25_band10,True,5.52115398548582,5.849582795980952,True,0.32842881049513206
jump_shift,8,256,20.0,0.72,joint_es90,vol1.25_band05,band05,1.25,0.19498614444075354,True,0.35253560211260504,1.172100222112266,0.36997974643320164,5.570216544384246,4.429623336478585,1.140593207905662,-1.0679855841282044,6.2010649346207005,0.3868921864359299,True,vol1.25_band10,True,5.52115398548582,5.849582795980952,True,0.32842881049513206
jump_shift,9,16,5.0,0.18,forecast_first,vol1_daily,daily,1.0,0.21032344076773243,True,0.10682396520437436,0.494201068075948,0.12066668489931187,4.705182160851314,4.13082225378372,0.574359907067595,-0.7578653620977772,5.739212010258632,0.12139727539888451,True,vol1.25_band10,True,4.725889418128738,5.195984893959527,True,0.4700954758307887
jump_shift,9,16,5.0,0.18,joint_mse,vol1.25_daily,daily,1.25,0.26290430095966555,True,0.1058608199827881,0.5648402716328962,0.11497776230348185,4.583578959567063,4.00633227958423,0.5772466799828336,-0.7597675170621824,5.692166528086742,0.11441334285191086,True,vol1.25_band10,True,4.725889418128738,4.916927761154803,True,0.19103834302606426
jump_shift,9,16,5.0,0.18,joint_es90,vol1_daily,daily,1.0,0.21032344076773243,True,0.10682396520437436,0.494201068075948,0.12066668489931187,4.705182160851314,4.13082225378372,0.574359907067595,-0.7578653620977772,5.739212010258632,0.12139727539888451,True,vol1.25_band10,True,4.725889418128738,5.195984893959527,True,0.4700954758307887
jump_shift,9,64,5.0,0.18,forecast_first,vol1_daily,daily,1.0,0.21032344076773243,True,0.15246862728241847,0.7909917772791494,0.1267632416090883,4.705182160851314,4.13082225378372,0.574359907067595,-0.7578653620977772,5.739212010258632,0.12139727539888451,True,vol1.25_band10,True,4.725889418128738,5.195984893959527,True,0.4700954758307887
jump_shift,9,64,5.0,0.18,joint_mse,vol1_daily,daily,1.0,0.21032344076773243,True,0.15246862728241847,0.7909917772791494,0.1267632416090883,4.705182160851314,4.13082225378372,0.574359907067595,-0.7578653620977772,5.739212010258632,0.12139727539888451,True,vol1.25_band10,True,4.725889418128738,5.195984893959527,True,0.4700954758307887
jump_shift,9,64,5.0,0.18,joint_es90,vol1_daily,daily,1.0,0.21032344076773243,True,0.15246862728241847,0.7909917772791494,0.1267632416090883,4.705182160851314,4.13082225378372,0.574359907067595,-0.7578653620977772,5.739212010258632,0.12139727539888451,True,vol1.25_band10,True,4.725889418128738,5.195984893959527,True,0.4700954758307887
jump_shift,9,256,5.0,0.18,forecast_first,vol1_daily,daily,1.0,0.21032344076773243,True,0.21405346736927902,0.9251672644341357,0.11988041277077785,4.705182160851314,4.13082225378372,0.574359907067595,-0.7578653620977772,5.739212010258632,0.12139727539888451,True,vol1.25_band10,True,4.725889418128738,5.195984893959527,True,0.4700954758307887
jump_shift,9,256,5.0,0.18,joint_mse,vol1_daily,daily,1.0,0.21032344076773243,True,0.21405346736927902,0.9251672644341357,0.11988041277077785,4.705182160851314,4.13082225378372,0.574359907067595,-0.7578653620977772,5.739212010258632,0.12139727539888451,True,vol1.25_band10,True,4.725889418128738,5.195984893959527,True,0.4700954758307887
jump_shift,9,256,5.0,0.18,joint_es90,vol1_daily,daily,1.0,0.21032344076773243,True,0.21405346736927902,0.9251672644341357,0.11988041277077785,4.705182160851314,4.13082225378372,0.574359907067595,-0.7578653620977772,5.739212010258632,0.12139727539888451,True,vol1.25_band10,True,4.725889418128738,5.195984893959527,True,0.4700954758307887
jump_shift,9,16,20.0,0.72,forecast_first,vol1_daily,daily,1.0,0.21032344076773243,True,0.36757816117228803,0.9688214494355842,0.4826667395972475,5.352538515200102,4.093526181396898,1.2590123338032033,-1.1220571882944306,6.045061676015487,0.48558910159553803,True,vol1.25_band10,True,5.119698602914763,5.860627716561902,True,0.7409291136471392
jump_shift,9,16,20.0,0.72,joint_mse,vol1.25_daily,daily,1.25,0.26290430095966555,True,0.337277361754164,0.8902268124521444,0.4599110492139274,5.1689855728973715,3.952359927207314,1.2166256456900566,-1.103007545617915,5.972827265913637,0.45765337140764345,True,vol1.25_band10,True,5.119698602914763,5.514198156513968,True,0.3944995535992053
jump_shift,9,16,20.0,0.72,joint_es90,vol1.25_daily,daily,1.25,0.26290430095966555,True,0.337277361754164,0.8902268124521444,0.4599110492139274,5.1689855728973715,3.952359927207314,1.2166256456900566,-1.103007545617915,5.972827265913637,0.45765337140764345,True,vol1.25_band10,True,5.119698602914763,5.514198156513968,True,0.3944995535992053
jump_shift,9,64,20.0,0.72,forecast_first,vol1_daily,daily,1.0,0.21032344076773243,True,0.37524466578424776,1.252795960938049,0.5070529664363532,5.352538515200102,4.093526181396898,1.2590123338032033,-1.1220571882944306,6.045061676015487,0.48558910159553803,True,vol1.25_band10,True,5.119698602914763,5.860627716561902,True,0.7409291136471392
jump_shift,9,64,20.0,0.72,joint_mse,vol1_daily,daily,1.0,0.21032344076773243,True,0.37524466578424776,1.252795960938049,0.5070529664363532,5.352538515200102,4.093526181396898,1.2590123338032033,-1.1220571882944306,6.045061676015487,0.48558910159553803,True,vol1.25_band10,True,5.119698602914763,5.860627716561902,True,0.7409291136471392
jump_shift,9,64,20.0,0.72,joint_es90,vol1.25_daily,daily,1.25,0.26290430095966555,True,0.3758318973678321,1.22657937707386,0.4787172521535919,5.1689855728973715,3.952359927207314,1.2166256456900566,-1.103007545617915,5.972827265913637,0.45765337140764345,True,vol1.25_band10,True,5.119698602914763,5.514198156513968,True,0.3944995535992053
jump_shift,9,256,20.0,0.72,forecast_first,vol1_band05,band05,1.0,0.21032344076773243,True,0.4286072918209357,1.3391760522926162,0.36976677404316755,5.085094502847199,4.029953167952106,1.055141334895094,-1.0272007276550645,5.931088851209288,0.3769293765419843,True,vol1.25_band10,True,5.119698602914763,5.408765245763042,True,0.28906664284827865
jump_shift,9,256,20.0,0.72,joint_mse,vol1_band05,band05,1.0,0.21032344076773243,True,0.4286072918209357,1.3391760522926162,0.36976677404316755,5.085094502847199,4.029953167952106,1.055141334895094,-1.0272007276550645,5.931088851209288,0.3769293765419843,True,vol1.25_band10,True,5.119698602914763,5.408765245763042,True,0.28906664284827865
jump_shift,9,256,20.0,0.72,joint_es90,vol1_band05,band05,1.0,0.21032344076773243,True,0.4286072918209357,1.3391760522926162,0.36976677404316755,5.085094502847199,4.029953167952106,1.055141334895094,-1.0272007276550645,5.931088851209288,0.3769293765419843,True,vol1.25_band10,True,5.119698602914763,5.408765245763042,True,0.28906664284827865
jump_shift,10,16,5.0,0.18,forecast_first,vol1_band05,band05,1.0,0.1915113305760176,True,0.18225858903619377,0.8567906254433714,0.09108146541015033,4.720374370527409,4.158454965112824,0.561919405414585,-0.7496128370129376,5.847948717307677,0.09598324478435313,True,vol1.25_band10,True,4.722773690883505,4.959264590304747,True,0.23649089942124224
jump_shift,10,16,5.0,0.18,joint_mse,vol1_band05,band05,1.0,0.1915113305760176,True,0.18225858903619377,0.8567906254433714,0.09108146541015033,4.720374370527409,4.158454965112824,0.561919405414585,-0.7496128370129376,5.847948717307677,0.09598324478435313,True,vol1.25_band10,True,4.722773690883505,4.959264590304747,True,0.23649089942124224
jump_shift,10,16,5.0,0.18,joint_es90,vol1_every5,every5,1.0,0.1915113305760176,True,0.33026161577624685,0.4130447533009997,0.08116180933819653,5.461425250952914,4.934223706204344,0.5272015447485702,-0.7260864581773786,5.990438171549778,0.08769120402361269,True,vol1.25_band10,True,4.722773690883505,5.633038348367849,True,0.910264657484344
jump_shift,10,64,5.0,0.18,forecast_first,vol1_daily,daily,1.0,0.1915113305760176,True,0.20844419567526498,0.9756712083802763,0.12950160178513662,4.97782216039946,4.382375115711023,0.5954470446884372,-0.7716521526493898,6.00615346905008,0.12357709719004364,True,vol1.25_band10,True,4.722773690883505,5.245613436476239,True,0.5228397455927336
jump_shift,10,64,5.0,0.18,joint_mse,vol1_daily,daily,1.0,0.1915113305760176,True,0.20844419567526498,0.9756712083802763,0.12950160178513662,4.97782216039946,4.382375115711023,0.5954470446884372,-0.7716521526493898,6.00615346905008,0.12357709719004364,True,vol1.25_band10,True,4.722773690883505,5.245613436476239,True,0.5228397455927336
jump_shift,10,64,5.0,0.18,joint_es90,vol1_band05,band05,1.0,0.1915113305760176,True,0.24888203404362025,0.8602342316348679,0.09971505057494891,4.720374370527409,4.158454965112824,0.561919405414585,-0.7496128370129376,5.847948717307677,0.09598324478435313,True,vol1.25_band10,True,4.722773690883505,4.959264590304747,True,0.23649089942124224
jump_shift,10,256,5.0,0.18,forecast_first,vol1_daily,daily,1.0,0.1915113305760176,True,0.26153276523220725,1.1058104425005189,0.12411712258449988,4.97782216039946,4.382375115711023,0.5954470446884372,-0.7716521526493898,6.00615346905008,0.12357709719004364,True,vol1.25_band10,True,4.722773690883505,5.245613436476239,True,0.5228397455927336
jump_shift,10,256,5.0,0.18,joint_mse,vol1_daily,daily,1.0,0.1915113305760176,True,0.26153276523220725,1.1058104425005189,0.12411712258449988,4.97782216039946,4.382375115711023,0.5954470446884372,-0.7716521526493898,6.00615346905008,0.12357709719004364,True,vol1.25_band10,True,4.722773690883505,5.245613436476239,True,0.5228397455927336
jump_shift,10,256,5.0,0.18,joint_es90,vol1.25_daily,daily,1.25,0.23938916322002202,True,0.2859290523304734,1.0282208396700911,0.11680752726742272,4.746196700589077,4.157338018638842,0.5888586819502355,-0.7673712803788239,5.880714482547354,0.11656263002910425,True,vol1.25_band10,True,4.722773690883505,4.973728958218734,True,0.2509552673352289
jump_shift,10,16,20.0,0.72,forecast_first,vol1_every5,every5,1.0,0.1915113305760176,True,0.20167685392696677,0.5905550653226752,0.3246472373527861,5.919282200735197,4.940844556161741,0.9784376445734568,-0.9891600702482166,6.236605379844486,0.35076481609445076,True,vol1.25_band10,True,5.120015220321267,6.112081714122585,True,0.9920664938013175
jump_shift,10,16,20.0,0.72,joint_mse,vol1_every5,every5,1.0,0.1915113305760176,True,0.20167685392696677,0.5905550653226752,0.3246472373527861,5.919282200735197,4.940844556161741,0.9784376445734568,-0.9891600702482166,6.236605379844486,0.35076481609445076,True,vol1.25_band10,True,5.120015220321267,6.112081714122585,True,0.9920664938013175
jump_shift,10,16,20.0,0.72,joint_es90,vol1_every5,every5,1.0,0.1915113305760176,True,0.20167685392696677,0.5905550653226752,0.3246472373527861,5.919282200735197,4.940844556161741,0.9784376445734568,-0.9891600702482166,6.236605379844486,0.35076481609445076,True,vol1.25_band10,True,5.120015220321267,6.112081714122585,True,0.9920664938013175
jump_shift,10,64,20.0,0.72,forecast_first,vol1_band05,band05,1.0,0.1915113305760176,True,0.33537887665403576,1.2057304871568124,0.39886020229979563,5.2107446010422045,4.1342085115425835,1.0765360894996197,-1.037562571365997,6.0997193622879875,0.38393297913741253,True,vol1.25_band10,True,5.120015220321267,5.466456005441607,True,0.3464407851203397
jump_shift,10,64,20.0,0.72,joint_mse,vol1_band05,band05,1.0,0.1915113305760176,True,0.33537887665403576,1.2057304871568124,0.39886020229979563,5.2107446010422045,4.1342085115425835,1.0765360894996197,-1.037562571365997,6.0997193622879875,0.38393297913741253,True,vol1.25_band10,True,5.120015220321267,5.466456005441607,True,0.3464407851203397
jump_shift,10,64,20.0,0.72,joint_es90,vol1.25_band05,band05,1.25,0.23938916322002202,True,0.3816346512674197,1.1748110843046846,0.3713804715838349,5.035331877819138,4.003318683722211,1.032013194096927,-1.0158805018785069,5.988812000003455,0.35942482060631187,True,vol1.25_band10,True,5.120015220321267,5.2449617833417905,True,0.1249465630205231
jump_shift,10,256,20.0,0.72,forecast_first,vol1_band05,band05,1.0,0.1915113305760176,True,0.43727571311048796,1.433820273274454,0.3823662021484378,5.2107446010422045,4.1342085115425835,1.0765360894996197,-1.037562571365997,6.0997193622879875,0.38393297913741253,True,vol1.25_band10,True,5.120015220321267,5.466456005441607,True,0.3464407851203397
jump_shift,10,256,20.0,0.72,joint_mse,vol1_band05,band05,1.0,0.1915113305760176,True,0.43727571311048796,1.433820273274454,0.3823662021484378,5.2107446010422045,4.1342085115425835,1.0765360894996197,-1.037562571365997,6.0997193622879875,0.38393297913741253,True,vol1.25_band10,True,5.120015220321267,5.466456005441607,True,0.3464407851203397
jump_shift,10,256,20.0,0.72,joint_es90,vol1.25_daily,daily,1.25,0.23938916322002202,True,0.4783561882939189,1.393459944387878,0.46723010906969087,5.345516541473696,4.097695351151202,1.2478211903224932,-1.1170591704661366,6.17425205942159,0.466250520116417,True,vol1.25_band10,True,5.120015220321267,5.593949532868624,True,0.47393431254735674
jump_shift,11,16,5.0,0.18,forecast_first,vol0.75_daily,daily,0.75,0.1824693101921934,True,0.28090070474985546,1.3343473264847168,0.11778901575207026,6.3279818053946375,5.634155723197376,0.693826082197263,-0.8329622333559086,6.493170789863198,0.12511960897660415,True,vol1_band10,True,4.972693850230435,5.723580705124586,True,0.7508868548941514
jump_shift,11,16,5.0,0.18,joint_mse,vol0.75_daily,daily,0.75,0.1824693101921934,True,0.28090070474985546,1.3343473264847168,0.11778901575207026,6.3279818053946375,5.634155723197376,0.693826082197263,-0.8329622333559086,6.493170789863198,0.12511960897660415,True,vol1_band10,True,4.972693850230435,5.723580705124586,True,0.7508868548941514
jump_shift,11,16,5.0,0.18,joint_es90,vol1.25_daily,daily,1.25,0.304115516986989,True,0.46045438872419436,1.2496783660035835,0.10433871577024342,5.543823057967536,4.866671116138653,0.6771519418288847,-0.8228924242140553,6.1031282565981915,0.10926552128575161,True,vol1_band10,True,4.972693850230435,5.121834234347686,True,0.14914038411725095
jump_shift,11,64,5.0,0.18,forecast_first,vol0.75_daily,daily,0.75,0.1824693101921934,True,0.1955004820573164,0.9224885477141289,0.12419010595651227,6.3279818053946375,5.634155723197376,0.693826082197263,-0.8329622333559086,6.493170789863198,0.12511960897660415,True,vol1_band10,True,4.972693850230435,5.723580705124586,True,0.7508868548941514
jump_shift,11,64,5.0,0.18,joint_mse,vol0.75_daily,daily,0.75,0.1824693101921934,True,0.1955004820573164,0.9224885477141289,0.12419010595651227,6.3279818053946375,5.634155723197376,0.693826082197263,-0.8329622333559086,6.493170789863198,0.12511960897660415,True,vol1_band10,True,4.972693850230435,5.723580705124586,True,0.7508868548941514
jump_shift,11,64,5.0,0.18,joint_es90,vol0.75_daily,daily,0.75,0.1824693101921934,True,0.1955004820573164,0.9224885477141289,0.12419010595651227,6.3279818053946375,5.634155723197376,0.693826082197263,-0.8329622333559086,6.493170789863198,0.12511960897660415,True,vol1_band10,True,4.972693850230435,5.723580705124586,True,0.7508868548941514
jump_shift,11,256,5.0,0.18,forecast_first,vol0.75_daily,daily,0.75,0.1824693101921934,True,0.1956686337689449,0.9345580298785592,0.1238386569485367,6.3279818053946375,5.634155723197376,0.693826082197263,-0.8329622333559086,6.493170789863198,0.12511960897660415,True,vol1_band10,True,4.972693850230435,5.723580705124586,True,0.7508868548941514
jump_shift,11,256,5.0,0.18,joint_mse,vol0.75_daily,daily,0.75,0.1824693101921934,True,0.1956686337689449,0.9345580298785592,0.1238386569485367,6.3279818053946375,5.634155723197376,0.693826082197263,-0.8329622333559086,6.493170789863198,0.12511960897660415,True,vol1_band10,True,4.972693850230435,5.723580705124586,True,0.7508868548941514
jump_shift,11,256,5.0,0.18,joint_es90,vol0.75_band05,band05,0.75,0.1824693101921934,True,0.21822314118145386,0.8796731989865073,0.09518617145037679,6.005499861907493,5.355561735122871,0.6499381267846221,-0.8061874017774169,6.322391046255322,0.09757897732501411,True,vol1_band10,True,4.972693850230435,5.343480110039957,True,0.3707862598095222
jump_shift,11,16,20.0,0.72,forecast_first,vol0.75_band05,band05,0.75,0.1824693101921934,True,0.537992075293094,1.7469805624792651,0.36320140184101696,6.536325730933977,5.328691039620691,1.2076346913132865,-1.0989243337524592,6.574858553440608,0.39031590930005644,True,vol1_band10,True,5.375807916506549,5.872998841287477,True,0.4971909247809281
jump_shift,11,16,20.0,0.72,joint_mse,vol0.75_band05,band05,0.75,0.1824693101921934,True,0.537992075293094,1.7469805624792651,0.36320140184101696,6.536325730933977,5.328691039620691,1.2076346913132865,-1.0989243337524592,6.574858553440608,0.39031590930005644,True,vol1_band10,True,5.375807916506549,5.872998841287477,True,0.4971909247809281
jump_shift,11,16,20.0,0.72,joint_es90,vol1.25_daily,daily,1.25,0.304115516986989,True,0.6856328337469119,1.5346459749416823,0.4173548630809737,6.117145954207148,4.793060806938573,1.3240851472685755,-1.15068898807131,6.367026618854445,0.43706208514300643,True,vol1_band10,True,5.375807916506549,5.6851618221214455,True,0.3093539056148966
jump_shift,11,64,20.0,0.72,forecast_first,vol0.75_band05,band05,0.75,0.1824693101921934,True,0.39505118596027855,1.3546519766736418,0.38061917983463556,6.536325730933977,5.328691039620691,1.2076346913132865,-1.0989243337524592,6.574858553440608,0.39031590930005644,True,vol1_band10,True,5.375807916506549,5.872998841287477,True,0.4971909247809281
jump_shift,11,64,20.0,0.72,joint_mse,vol0.75_band05,band05,0.75,0.1824693101921934,True,0.39505118596027855,1.3546519766736418,0.38061917983463556,6.536325730933977,5.328691039620691,1.2076346913132865,-1.0989243337524592,6.574858553440608,0.39031590930005644,True,vol1_band10,True,5.375807916506549,5.872998841287477,True,0.4971909247809281
jump_shift,11,64,20.0,0.72,joint_es90,vol1_daily,daily,1.0,0.2432924135895912,True,0.42717172954814486,1.232549184070375,0.4600649982698085,6.448565936348189,5.068683725702845,1.3798822106453423,-1.1746838768985222,6.5397388220846215,0.46432904327499835,True,vol1_band10,True,5.375807916506549,5.942827422786097,True,0.5670195062795482
jump_shift,11,256,20.0,0.72,forecast_first,vol0.75_band05,band05,0.75,0.1824693101921934,True,0.344249148414169,1.229850246009013,0.38074468580150717,6.536325730933977,5.328691039620691,1.2076346913132865,-1.0989243337524592,6.574858553440608,0.39031590930005644,True,vol1_band10,True,5.375807916506549,5.872998841287477,True,0.4971909247809281
jump_shift,11,256,20.0,0.72,joint_mse,vol0.75_band05,band05,0.75,0.1824693101921934,True,0.344249148414169,1.229850246009013,0.38074468580150717,6.536325730933977,5.328691039620691,1.2076346913132865,-1.0989243337524592,6.574858553440608,0.39031590930005644,True,vol1_band10,True,5.375807916506549,5.872998841287477,True,0.4971909247809281
jump_shift,11,256,20.0,0.72,joint_es90,vol1_daily,daily,1.0,0.2432924135895912,True,0.40087770065218575,1.2270683120252777,0.45745675382825957,6.448565936348189,5.068683725702845,1.3798822106453423,-1.1746838768985222,6.5397388220846215,0.46432904327499835,True,vol1_band10,True,5.375807916506549,5.942827422786097,True,0.5670195062795482
jump_shift,12,16,5.0,0.18,forecast_first,vol0.75_band05,band05,0.75,0.16582698056120393,True,0.29006886016977834,0.9095630224010928,0.10132526353209637,5.551493127537142,4.942290328502312,0.6092027990348298,-0.7805144451160592,6.136288572152954,0.10105753624600713,True,vol1.25_band05,True,4.695405802083016,5.189903345349739,True,0.4944975432667231
jump_shift,12,16,5.0,0.18,joint_mse,vol1_daily,daily,1.0,0.2211026407482719,True,0.24814004694343422,0.7189397065237418,0.11894110387360426,5.586488821479314,4.93992107348963,0.646567747989684,-0.8040943651025568,6.154068186001766,0.11960262676657435,True,vol1.25_band05,True,4.695405802083016,5.089632456766565,True,0.3942266546835489
jump_shift,12,16,5.0,0.18,joint_es90,vol1.25_daily,daily,1.25,0.2763783009353399,True,0.2687359379583708,0.48500978964873476,0.11165312651940423,5.3816892710176205,4.7361660351930714,0.6455232358245498,-0.8034446065688349,6.044925320785512,0.11261360900765813,True,vol1.25_band05,True,4.695405802083016,4.83862700939957,True,0.14322120731655374
jump_shift,12,64,5.0,0.18,forecast_first,vol1_daily,daily,1.0,0.2211026407482719,True,0.3051931352126448,1.0569252375446991,0.12129541597549968,5.586488821479314,4.93992107348963,0.646567747989684,-0.8040943651025568,6.154068186001766,0.11960262676657435,True,vol1.25_band05,True,4.695405802083016,5.089632456766565,True,0.3942266546835489
jump_shift,12,64,5.0,0.18,joint_mse,vol1_daily,daily,1.0,0.2211026407482719,True,0.3051931352126448,1.0569252375446991,0.12129541597549968,5.586488821479314,4.93992107348963,0.646567747989684,-0.8040943651025568,6.154068186001766,0.11960262676657435,True,vol1.25_band05,True,4.695405802083016,5.089632456766565,True,0.3942266546835489
jump_shift,12,64,5.0,0.18,joint_es90,vol1.25_daily,daily,1.25,0.2763783009353399,True,0.32120157967794843,0.9558443032797306,0.11330536706340014,5.3816892710176205,4.7361660351930714,0.6455232358245498,-0.8034446065688349,6.044925320785512,0.11261360900765813,True,vol1.25_band05,True,4.695405802083016,4.83862700939957,True,0.14322120731655374
jump_shift,12,256,5.0,0.18,forecast_first,vol1_daily,daily,1.0,0.2211026407482719,True,0.28307960032666135,1.0263581840613738,0.11918456861372598,5.586488821479314,4.93992107348963,0.646567747989684,-0.8040943651025568,6.154068186001766,0.11960262676657435,True,vol1.25_band05,True,4.695405802083016,5.089632456766565,True,0.3942266546835489
jump_shift,12,256,5.0,0.18,joint_mse,vol1_daily,daily,1.0,0.2211026407482719,True,0.28307960032666135,1.0263581840613738,0.11918456861372598,5.586488821479314,4.93992107348963,0.646567747989684,-0.8040943651025568,6.154068186001766,0.11960262676657435,True,vol1.25_band05,True,4.695405802083016,5.089632456766565,True,0.3942266546835489
jump_shift,12,256,5.0,0.18,joint_es90,vol1.25_daily,daily,1.25,0.2763783009353399,True,0.3240949496559934,0.958240922381876,0.11170919576035993,5.3816892710176205,4.7361660351930714,0.6455232358245498,-0.8034446065688349,6.044925320785512,0.11261360900765813,True,vol1.25_band05,True,4.695405802083016,4.83862700939957,True,0.14322120731655374
jump_shift,12,16,20.0,0.72,forecast_first,vol0.75_band05,band05,0.75,0.16582698056120393,True,0.35798886281869446,1.2299457865688952,0.40530105412838546,6.117207645705911,4.942830015014973,1.174377630690937,-1.0836870538540806,6.414274626229408,0.40423014498402854,True,vol1.25_band10,True,5.0955629419607575,5.737771020416852,True,0.6422080784560942
jump_shift,12,16,20.0,0.72,joint_mse,vol1.25_daily,daily,1.25,0.2763783009353399,True,0.2930969158881983,0.8251533861535656,0.44661250607761693,5.983915536000602,4.681383095071758,1.302532440928844,-1.1412854335918092,6.332693162927976,0.4504544360306325,True,vol1.25_band10,True,5.0955629419607575,5.41619818129903,True,0.3206352393382721
jump_shift,12,16,20.0,0.72,joint_es90,vol1.25_daily,daily,1.25,0.2763783009353399,True,0.2930969158881983,0.8251533861535656,0.44661250607761693,5.983915536000602,4.681383095071758,1.302532440928844,-1.1412854335918092,6.332693162927976,0.4504544360306325,True,vol1.25_band10,True,5.0955629419607575,5.41619818129903,True,0.3206352393382721
jump_shift,12,64,20.0,0.72,forecast_first,vol1_daily,daily,1.0,0.2211026407482719,True,0.5147629167408108,1.4989281395419827,0.48518166390199874,6.250825740264384,4.8984841079027195,1.3523416323616646,-1.16290224540228,6.464601536646219,0.4784105070662974,True,vol1.25_band10,True,5.0955629419607575,5.730788594765032,True,0.6352256528042748
jump_shift,12,64,20.0,0.72,joint_mse,vol1.25_daily,daily,1.25,0.2763783009353399,True,0.4653921011661867,1.3288659676617327,0.45322146825360055,5.983915536000602,4.681383095071758,1.302532440928844,-1.1412854335918092,6.332693162927976,0.4504544360306325,True,vol1.25_band10,True,5.0955629419607575,5.41619818129903,True,0.3206352393382721
jump_shift,12,64,20.0,0.72,joint_es90,vol1.25_daily,daily,1.25,0.2763783009353399,True,0.4653921011661867,1.3288659676617327,0.45322146825360055,5.983915536000602,4.681383095071758,1.302532440928844,-1.1412854335918092,6.332693162927976,0.4504544360306325,True,vol1.25_band10,True,5.0955629419607575,5.41619818129903,True,0.3206352393382721
jump_shift,12,256,20.0,0.72,forecast_first,vol1_band05,band05,1.0,0.2211026407482719,True,0.4698101383485167,1.3847360318689386,0.36462921183964725,5.784009719441752,4.666910383764925,1.1170993356768255,-1.0569292008818876,6.2594848707879205,0.3704557152957597,True,vol1.25_band10,True,5.0955629419607575,5.309287796412068,True,0.21372485445131062
jump_shift,12,256,20.0,0.72,joint_mse,vol1_band05,band05,1.0,0.2211026407482719,True,0.4698101383485167,1.3847360318689386,0.36462921183964725,5.784009719441752,4.666910383764925,1.1170993356768255,-1.0569292008818876,6.2594848707879205,0.3704557152957597,True,vol1.25_band10,True,5.0955629419607575,5.309287796412068,True,0.21372485445131062
jump_shift,12,256,20.0,0.72,joint_es90,vol1.25_daily,daily,1.25,0.2763783009353399,True,0.4892284189343321,1.3040875538602392,0.4468367830414397,5.983915536000602,4.681383095071758,1.302532440928844,-1.1412854335918092,6.332693162927976,0.4504544360306325,True,vol1.25_band10,True,5.0955629419607575,5.41619818129903,True,0.3206352393382721
jump_shift,13,16,5.0,0.18,forecast_first,vol0.75_daily,daily,0.75,0.18460892788919542,True,0.42834325063235823,1.4466887890968847,0.12363669799414298,4.81925033137321,4.206845618766867,0.6124047126063435,-0.7825629128743219,5.936682106218503,0.1269288890284154,True,vol1.25_band05,True,4.793712900266151,5.292688920937879,True,0.4989760206717282
jump_shift,13,16,5.0,0.18,joint_mse,vol1_daily,daily,1.0,0.2461452371855939,True,0.40523262881990574,1.027318466984851,0.11232710347369818,4.522508617687576,3.928428416704625,0.594080200982951,-0.770765983280886,5.807644963892695,0.11744833345748787,True,vol1.25_band05,True,4.793712900266151,4.954645953104835,True,0.16093305283868453
jump_shift,13,16,5.0,0.18,joint_es90,vol1_every5,every5,1.0,0.2461452371855939,True,0.6633251412467067,0.8909516225482701,0.0755593705148653,4.5096000681985124,4.055894869317948,0.4537051988805653,-0.6735764239346307,5.556033642003169,0.08578424510638284,True,vol1.25_band05,True,4.793712900266151,5.515842230007383,True,0.7221293297412323
jump_shift,13,64,5.0,0.18,forecast_first,vol0.75_band05,band05,0.75,0.18460892788919542,True,0.412480380072593,1.3877995318429706,0.09783361944211655,4.5285735884796505,3.970021291160997,0.558552297318654,-0.7473635643504799,5.771736994288735,0.0988007865772979,True,vol1.25_band05,True,4.793712900266151,5.010211092195952,True,0.21649819192980146
jump_shift,13,64,5.0,0.18,joint_mse,vol1_daily,daily,1.0,0.2461452371855939,True,0.3566497799411421,1.1074932207212833,0.11411451245801747,4.522508617687576,3.928428416704625,0.594080200982951,-0.770765983280886,5.807644963892695,0.11744833345748787,True,vol1.25_band05,True,4.793712900266151,4.954645953104835,True,0.16093305283868453
jump_shift,13,64,5.0,0.18,joint_es90,vol1.25_daily,daily,1.25,0.30768154648199236,True,0.43338703134172873,1.0946932530462548,0.10686413718368418,4.44172022533143,3.859925305882432,0.5817949194489981,-0.7627548226324092,5.735966947180803,0.11033337724025148,True,vol1.25_band05,True,4.793712900266151,4.823949854623141,True,0.030236954356990253
jump_shift,13,256,5.0,0.18,forecast_first,vol0.75_band05,band05,0.75,0.18460892788919542,True,0.29884908037465324,1.159388773458954,0.09722909892201825,4.5285735884796505,3.970021291160997,0.558552297318654,-0.7473635643504799,5.771736994288735,0.0988007865772979,True,vol1.25_band05,True,4.793712900266151,5.010211092195952,True,0.21649819192980146
jump_shift,13,256,5.0,0.18,joint_mse,vol1_daily,daily,1.0,0.2461452371855939,True,0.2882589455040777,1.0623570651036618,0.11577906568530559,4.522508617687576,3.928428416704625,0.594080200982951,-0.770765983280886,5.807644963892695,0.11744833345748787,True,vol1.25_band05,True,4.793712900266151,4.954645953104835,True,0.16093305283868453
jump_shift,13,256,5.0,0.18,joint_es90,vol1_band05,band05,1.0,0.2461452371855939,True,0.35447229318735946,1.0517179853620335,0.0884327779407404,4.364146664401838,3.822483927461459,0.5416627369403799,-0.7359774024658501,5.680794766017284,0.09046944800492732,True,vol1.25_band05,True,4.793712900266151,4.8151298448978315,True,0.021416944631680757
jump_shift,13,16,20.0,0.72,forecast_first,vol0.75_every5,every5,0.75,0.18460892788919542,True,0.5676071974480913,1.3627158406554962,0.3150513626934969,5.122005768699338,4.241394861441031,0.8806109072583064,-0.9384087101355711,5.91503900475372,0.35669121656184444,True,vol1_band10,True,5.2036940607242865,6.287326111826658,True,1.0836320511023718
jump_shift,13,16,20.0,0.72,joint_mse,vol1_daily,daily,1.0,0.2461452371855939,True,0.5334569937024092,1.4482427239013775,0.4493084138947927,5.134574330719351,3.8731960491165567,1.2613782816027947,-1.1231109836533497,6.102353629161594,0.4697933338299515,True,vol1_band10,True,5.2036940607242865,5.5703168293956455,True,0.366622768671359
jump_shift,13,16,20.0,0.72,joint_es90,vol1_every5,every5,1.0,0.2461452371855939,True,0.627828384803754,1.1757345167337163,0.3022374820594612,4.927423185741878,4.060794086192931,0.8666290995489482,-0.9309291592537792,5.787845670515562,0.34313698042553137,True,vol1_band10,True,5.2036940607242865,5.976904669838246,True,0.7732106091139599
jump_shift,13,64,20.0,0.72,forecast_first,vol0.75_band05,band05,0.75,0.18460892788919542,True,0.6485294833105807,1.7976059720906632,0.3913344777684662,5.0474402229625275,3.9579929186869967,1.0894473042755317,-1.0437659240823738,6.033175596155219,0.3952031463091916,True,vol1_band10,True,5.2036940607242865,5.533368898151201,True,0.3296748374269143
jump_shift,13,64,20.0,0.72,joint_mse,vol1_daily,daily,1.0,0.2461452371855939,True,0.5873084509107784,1.5422597558640703,0.4564580498320699,5.134574330719351,3.8731960491165567,1.2613782816027947,-1.1231109836533497,6.102353629161594,0.4697933338299515,True,vol1_band10,True,5.2036940607242865,5.5703168293956455,True,0.366622768671359
jump_shift,13,64,20.0,0.72,joint_es90,vol1.25_daily,daily,1.25,0.30768154648199236,True,0.6266897089314758,1.3978172160824345,0.4274565487347367,4.994596038732471,3.798296138560379,1.1962999001720913,-1.0937549543531637,6.012022518780097,0.4413335089610059,True,vol1_band10,True,5.2036940607242865,5.384423328033136,True,0.1807292673088492
jump_shift,13,256,20.0,0.72,forecast_first,vol0.75_band05,band05,0.75,0.18460892788919542,True,0.4723871913321535,1.5490788746277944,0.388916395688073,5.0474402229625275,3.9579929186869967,1.0894473042755317,-1.0437659240823738,6.033175596155219,0.3952031463091916,True,vol1_band10,True,5.2036940607242865,5.533368898151201,True,0.3296748374269143
jump_shift,13,256,20.0,0.72,joint_mse,vol0.75_band05,band05,0.75,0.18460892788919542,True,0.4723871913321535,1.5490788746277944,0.388916395688073,5.0474402229625275,3.9579929186869967,1.0894473042755317,-1.0437659240823738,6.033175596155219,0.3952031463091916,True,vol1_band10,True,5.2036940607242865,5.533368898151201,True,0.3296748374269143
jump_shift,13,256,20.0,0.72,joint_es90,vol1_band05,band05,1.0,0.2461452371855939,True,0.4744348634003947,1.3348151711228105,0.3537311117629616,4.81304302598004,3.7982169837676993,1.0148260422123405,-1.0073857464806322,5.918341586693783,0.36187779201970927,True,vol1_band10,True,5.2036940607242865,5.274226519016199,True,0.0705324582919129
jump_shift,14,16,5.0,0.18,forecast_first,vol1.25_daily,daily,1.25,0.1424902858871207,True,0.12903759044172441,0.7210787386532956,0.13225081275962558,5.8810647344638305,5.284039418168427,0.5970253162954046,-0.772674133315853,6.235210759182867,0.13282385452930143,True,vol1.25_band10,True,5.2884182656308765,6.04359055191417,True,0.7551722862832939
jump_shift,14,16,5.0,0.18,joint_mse,vol1.25_daily,daily,1.25,0.1424902858871207,True,0.12903759044172441,0.7210787386532956,0.13225081275962558,5.8810647344638305,5.284039418168427,0.5970253162954046,-0.772674133315853,6.235210759182867,0.13282385452930143,True,vol1.25_band10,True,5.2884182656308765,6.04359055191417,True,0.7551722862832939
jump_shift,14,16,5.0,0.18,joint_es90,vol1.25_daily,daily,1.25,0.1424902858871207,True,0.12903759044172441,0.7210787386532956,0.13225081275962558,5.8810647344638305,5.284039418168427,0.5970253162954046,-0.772674133315853,6.235210759182867,0.13282385452930143,True,vol1.25_band10,True,5.2884182656308765,6.04359055191417,True,0.7551722862832939
jump_shift,14,64,5.0,0.18,forecast_first,vol1.25_daily,daily,1.25,0.1424902858871207,True,0.2173501903267016,1.0850080678785585,0.13423035280221116,5.8810647344638305,5.284039418168427,0.5970253162954046,-0.772674133315853,6.235210759182867,0.13282385452930143,True,vol1.25_band10,True,5.2884182656308765,6.04359055191417,True,0.7551722862832939
jump_shift,14,64,5.0,0.18,joint_mse,vol1.25_daily,daily,1.25,0.1424902858871207,True,0.2173501903267016,1.0850080678785585,0.13423035280221116,5.8810647344638305,5.284039418168427,0.5970253162954046,-0.772674133315853,6.235210759182867,0.13282385452930143,True,vol1.25_band10,True,5.2884182656308765,6.04359055191417,True,0.7551722862832939
jump_shift,14,64,5.0,0.18,joint_es90,vol1.25_daily,daily,1.25,0.1424902858871207,True,0.2173501903267016,1.0850080678785585,0.13423035280221116,5.8810647344638305,5.284039418168427,0.5970253162954046,-0.772674133315853,6.235210759182867,0.13282385452930143,True,vol1.25_band10,True,5.2884182656308765,6.04359055191417,True,0.7551722862832939
jump_shift,14,256,5.0,0.18,forecast_first,vol1.25_band05,band05,1.25,0.1424902858871207,True,0.38215072131098554,1.4241568662285604,0.10713748423372668,5.518420647595378,4.9522844285737655,0.5661362190216123,-0.7524202409701723,6.066192312946435,0.10515906025767739,True,vol1.25_band10,True,5.2884182656308765,5.594378490119391,True,0.3059602244885147
jump_shift,14,256,5.0,0.18,joint_mse,vol1.25_band05,band05,1.25,0.1424902858871207,True,0.38215072131098554,1.4241568662285604,0.10713748423372668,5.518420647595378,4.9522844285737655,0.5661362190216123,-0.7524202409701723,6.066192312946435,0.10515906025767739,True,vol1.25_band10,True,5.2884182656308765,5.594378490119391,True,0.3059602244885147
jump_shift,14,256,5.0,0.18,joint_es90,vol1.25_band10,band10,1.25,0.1424902858871207,True,0.42382802882049797,1.3485107865656394,0.09156481701910182,5.254777426962152,4.697055235936628,0.5577221910255236,-0.7468080014471749,5.887571927396972,0.09018186911137165,True,vol1.25_band10,True,5.2884182656308765,5.2884182656308765,True,0.0
jump_shift,14,16,20.0,0.72,forecast_first,vol1.25_band05,band05,1.25,0.1424902858871207,True,0.3244335168856223,1.2987132441739733,0.4236978532007088,6.096488987034148,4.956084083668364,1.140404903365784,-1.0678974217432047,6.3567141529318985,0.42063624103070957,True,vol1.25_band10,True,5.779149263872856,6.1959270120343914,True,0.4167777481615351
jump_shift,14,16,20.0,0.72,joint_mse,vol1.25_band05,band05,1.25,0.1424902858871207,True,0.3244335168856223,1.2987132441739733,0.4236978532007088,6.096488987034148,4.956084083668364,1.140404903365784,-1.0678974217432047,6.3567141529318985,0.42063624103070957,True,vol1.25_band10,True,5.779149263872856,6.1959270120343914,True,0.4167777481615351
jump_shift,14,16,20.0,0.72,joint_es90,vol1.25_every5,every5,1.25,0.1424902858871207,True,0.5088588796746016,1.2375522373803565,0.3709773358023564,6.62251246274306,5.627112818881333,0.9953996438617289,-0.9976971704188244,6.530382863580479,0.3655681269746097,True,vol1.25_band10,True,5.779149263872856,6.79698623994981,True,1.0178369760769534
jump_shift,14,64,20.0,0.72,forecast_first,vol1.25_band05,band05,1.25,0.1424902858871207,True,0.5041709220212189,1.5845297792914448,0.42371776880597106,6.096488987034148,4.956084083668364,1.140404903365784,-1.0678974217432047,6.3567141529318985,0.42063624103070957,True,vol1.25_band10,True,5.779149263872856,6.1959270120343914,True,0.4167777481615351
jump_shift,14,64,20.0,0.72,joint_mse,vol1.25_band05,band05,1.25,0.1424902858871207,True,0.5041709220212189,1.5845297792914448,0.42371776880597106,6.096488987034148,4.956084083668364,1.140404903365784,-1.0678974217432047,6.3567141529318985,0.42063624103070957,True,vol1.25_band10,True,5.779149263872856,6.1959270120343914,True,0.4167777481615351
jump_shift,14,64,20.0,0.72,joint_es90,vol1.25_band05,band05,1.25,0.1424902858871207,True,0.5041709220212189,1.5845297792914448,0.42371776880597106,6.096488987034148,4.956084083668364,1.140404903365784,-1.0678974217432047,6.3567141529318985,0.42063624103070957,True,vol1.25_band10,True,5.779149263872856,6.1959270120343914,True,0.4167777481615351
jump_shift,14,256,20.0,0.72,forecast_first,vol1.25_band10,band10,1.25,0.1424902858871207,True,0.5944395644252932,1.6815509095699388,0.3662592680764073,5.73042192945797,4.695413564157657,1.0350083653003137,-1.0173536087812898,6.138717882961355,0.3607274764454866,True,vol1.25_band10,True,5.779149263872856,5.779149263872856,True,0.0
jump_shift,14,256,20.0,0.72,joint_mse,vol1.25_band10,band10,1.25,0.1424902858871207,True,0.5944395644252932,1.6815509095699388,0.3662592680764073,5.73042192945797,4.695413564157657,1.0350083653003137,-1.0173536087812898,6.138717882961355,0.3607274764454866,True,vol1.25_band10,True,5.779149263872856,5.779149263872856,True,0.0
jump_shift,14,256,20.0,0.72,joint_es90,vol1.25_band10,band10,1.25,0.1424902858871207,True,0.5944395644252932,1.6815509095699388,0.3662592680764073,5.73042192945797,4.695413564157657,1.0350083653003137,-1.0173536087812898,6.138717882961355,0.3607274764454866,True,vol1.25_band10,True,5.779149263872856,5.779149263872856,True,0.0
jump_shift,15,16,5.0,0.18,forecast_first,vol1_daily,daily,1.0,0.21554687575617634,True,0.20630139655158802,0.45139270726968667,0.12937603590387303,5.787870613827347,5.095980180975147,0.6918904328522004,-0.8317995148184449,6.397754333114561,0.12037839781405234,True,vol1.25_band05,True,4.626885114234183,4.982512568703572,True,0.35562745446938937
jump_shift,15,16,5.0,0.18,joint_mse,vol1_daily,daily,1.0,0.21554687575617634,True,0.20630139655158802,0.45139270726968667,0.12937603590387303,5.787870613827347,5.095980180975147,0.6918904328522004,-0.8317995148184449,6.397754333114561,0.12037839781405234,True,vol1.25_band05,True,4.626885114234183,4.982512568703572,True,0.35562745446938937
jump_shift,15,16,5.0,0.18,joint_es90,vol1_daily,daily,1.0,0.21554687575617634,True,0.20630139655158802,0.45139270726968667,0.12937603590387303,5.787870613827347,5.095980180975147,0.6918904328522004,-0.8317995148184449,6.397754333114561,0.12037839781405234,True,vol1.25_band05,True,4.626885114234183,4.982512568703572,True,0.35562745446938937
jump_shift,15,64,5.0,0.18,forecast_first,vol1_daily,daily,1.0,0.21554687575617634,True,0.21514830192065248,0.7047030617119843,0.12351571697602762,5.787870613827347,5.095980180975147,0.6918904328522004,-0.8317995148184449,6.397754333114561,0.12037839781405234,True,vol1.25_band05,True,4.626885114234183,4.982512568703572,True,0.35562745446938937
jump_shift,15,64,5.0,0.18,joint_mse,vol0.75_daily,daily,0.75,0.16166015681713225,True,0.2020897125942102,0.9293378533533307,0.13336147825953842,6.397624550725011,5.6862870370234315,0.7113375137015805,-0.8434082722510969,6.640982004656586,0.12964597047497295,True,vol1.25_band05,True,4.626885114234183,5.431849468539671,True,0.8049643543054881
jump_shift,15,64,5.0,0.18,joint_es90,vol1_daily,daily,1.0,0.21554687575617634,True,0.21514830192065248,0.7047030617119843,0.12351571697602762,5.787870613827347,5.095980180975147,0.6918904328522004,-0.8317995148184449,6.397754333114561,0.12037839781405234,True,vol1.25_band05,True,4.626885114234183,4.982512568703572,True,0.35562745446938937
jump_shift,15,256,5.0,0.18,forecast_first,vol1_daily,daily,1.0,0.21554687575617634,True,0.23483212890673938,0.8835526292842675,0.12106866682661113,5.787870613827347,5.095980180975147,0.6918904328522004,-0.8317995148184449,6.397754333114561,0.12037839781405234,True,vol1.25_band05,True,4.626885114234183,4.982512568703572,True,0.35562745446938937
jump_shift,15,256,5.0,0.18,joint_mse,vol0.75_daily,daily,0.75,0.16166015681713225,True,0.23225042326973022,1.014731256910931,0.1303528205591739,6.397624550725011,5.6862870370234315,0.7113375137015805,-0.8434082722510969,6.640982004656586,0.12964597047497295,True,vol1.25_band05,True,4.626885114234183,5.431849468539671,True,0.8049643543054881
jump_shift,15,256,5.0,0.18,joint_es90,vol1_daily,daily,1.0,0.21554687575617634,True,0.23483212890673938,0.8835526292842675,0.12106866682661113,5.787870613827347,5.095980180975147,0.6918904328522004,-0.8317995148184449,6.397754333114561,0.12037839781405234,True,vol1.25_band05,True,4.626885114234183,4.982512568703572,True,0.35562745446938937
jump_shift,15,16,20.0,0.72,forecast_first,vol1_daily,daily,1.0,0.21554687575617634,True,0.33073000706394684,0.8812565113281725,0.5175041436154921,6.45731794499695,5.034224726824143,1.4230932181728073,-1.1929347082606019,6.682012286070607,0.48151359125620935,True,vol1.25_band05,True,5.056562002657939,5.620291082327514,True,0.5637290796695744
jump_shift,15,16,20.0,0.72,joint_mse,vol1_daily,daily,1.0,0.21554687575617634,True,0.33073000706394684,0.8812565113281725,0.5175041436154921,6.45731794499695,5.034224726824143,1.4230932181728073,-1.1929347082606019,6.682012286070607,0.48151359125620935,True,vol1.25_band05,True,5.056562002657939,5.620291082327514,True,0.5637290796695744
jump_shift,15,16,20.0,0.72,joint_es90,vol1_daily,daily,1.0,0.21554687575617634,True,0.33073000706394684,0.8812565113281725,0.5175041436154921,6.45731794499695,5.034224726824143,1.4230932181728073,-1.1929347082606019,6.682012286070607,0.48151359125620935,True,vol1.25_band05,True,5.056562002657939,5.620291082327514,True,0.5637290796695744
jump_shift,15,64,20.0,0.72,forecast_first,vol1_daily,daily,1.0,0.21554687575617634,True,0.3475749063337393,1.0978693389364313,0.49406286790411047,6.45731794499695,5.034224726824143,1.4230932181728073,-1.1929347082606019,6.682012286070607,0.48151359125620935,True,vol1.25_band05,True,5.056562002657939,5.620291082327514,True,0.5637290796695744
jump_shift,15,64,20.0,0.72,joint_mse,vol1_daily,daily,1.0,0.21554687575617634,True,0.3475749063337393,1.0978693389364313,0.49406286790411047,6.45731794499695,5.034224726824143,1.4230932181728073,-1.1929347082606019,6.682012286070607,0.48151359125620935,True,vol1.25_band05,True,5.056562002657939,5.620291082327514,True,0.5637290796695744
jump_shift,15,64,20.0,0.72,joint_es90,vol1_daily,daily,1.0,0.21554687575617634,True,0.3475749063337393,1.0978693389364313,0.49406286790411047,6.45731794499695,5.034224726824143,1.4230932181728073,-1.1929347082606019,6.682012286070607,0.48151359125620935,True,vol1.25_band05,True,5.056562002657939,5.620291082327514,True,0.5637290796695744
jump_shift,15,256,20.0,0.72,forecast_first,vol1_daily,daily,1.0,0.21554687575617634,True,0.4181063117250071,1.2867904017577048,0.48427466730644453,6.45731794499695,5.034224726824143,1.4230932181728073,-1.1929347082606019,6.682012286070607,0.48151359125620935,True,vol1.25_band05,True,5.056562002657939,5.620291082327514,True,0.5637290796695744
jump_shift,15,256,20.0,0.72,joint_mse,vol0.75_band05,band05,0.75,0.16166015681713225,True,0.39363251918824443,1.3312012771371697,0.40345260986657905,6.551308990045765,5.291638269143975,1.259670720901789,-1.1223505338804758,6.67988051749617,0.40732459036412283,True,vol1.25_band05,True,5.056562002657939,5.588748810077693,True,0.5321868074197535
jump_shift,15,256,20.0,0.72,joint_es90,vol1_band05,band05,1.0,0.21554687575617634,True,0.43081456215481695,1.281081057729548,0.36930923816382355,6.003587320777065,4.821186233859051,1.1824010869180135,-1.0873826773119082,6.461440632756408,0.3735445598865293,True,vol1.25_band05,True,5.056562002657939,5.205008708942768,True,0.1484467062848287
jump_shift,16,16,5.0,0.18,forecast_first,vol1.25_daily,daily,1.25,0.2074236005813937,True,0.14329671997525578,0.61606473339344,0.1328455232906331,6.297690173420555,5.497744147974867,0.7999460254456876,-0.89439701779785,6.843599728783135,0.12147279576660427,True,vol1.25_band10,True,4.909705292210023,5.356354437790033,True,0.4466491455800101
jump_shift,16,16,5.0,0.18,joint_mse,vol1.25_daily,daily,1.25,0.2074236005813937,True,0.14329671997525578,0.61606473339344,0.1328455232906331,6.297690173420555,5.497744147974867,0.7999460254456876,-0.89439701779785,6.843599728783135,0.12147279576660427,True,vol1.25_band10,True,4.909705292210023,5.356354437790033,True,0.4466491455800101
jump_shift,16,16,5.0,0.18,joint_es90,vol1.25_daily,daily,1.25,0.2074236005813937,True,0.14329671997525578,0.61606473339344,0.1328455232906331,6.297690173420555,5.497744147974867,0.7999460254456876,-0.89439701779785,6.843599728783135,0.12147279576660427,True,vol1.25_band10,True,4.909705292210023,5.356354437790033,True,0.4466491455800101
jump_shift,16,64,5.0,0.18,forecast_first,vol1.25_daily,daily,1.25,0.2074236005813937,True,0.21525240719762206,0.9157684548236904,0.12598999761252533,6.297690173420555,5.497744147974867,0.7999460254456876,-0.89439701779785,6.843599728783135,0.12147279576660427,True,vol1.25_band10,True,4.909705292210023,5.356354437790033,True,0.4466491455800101
jump_shift,16,64,5.0,0.18,joint_mse,vol1.25_daily,daily,1.25,0.2074236005813937,True,0.21525240719762206,0.9157684548236904,0.12598999761252533,6.297690173420555,5.497744147974867,0.7999460254456876,-0.89439701779785,6.843599728783135,0.12147279576660427,True,vol1.25_band10,True,4.909705292210023,5.356354437790033,True,0.4466491455800101
jump_shift,16,64,5.0,0.18,joint_es90,vol1.25_daily,daily,1.25,0.2074236005813937,True,0.21525240719762206,0.9157684548236904,0.12598999761252533,6.297690173420555,5.497744147974867,0.7999460254456876,-0.89439701779785,6.843599728783135,0.12147279576660427,True,vol1.25_band10,True,4.909705292210023,5.356354437790033,True,0.4466491455800101
jump_shift,16,256,5.0,0.18,forecast_first,vol1.25_daily,daily,1.25,0.2074236005813937,True,0.2453354833715231,0.959789520660755,0.1248363108466968,6.297690173420555,5.497744147974867,0.7999460254456876,-0.89439701779785,6.843599728783135,0.12147279576660427,True,vol1.25_band10,True,4.909705292210023,5.356354437790033,True,0.4466491455800101
jump_shift,16,256,5.0,0.18,joint_mse,vol1.25_daily,daily,1.25,0.2074236005813937,True,0.2453354833715231,0.959789520660755,0.1248363108466968,6.297690173420555,5.497744147974867,0.7999460254456876,-0.89439701779785,6.843599728783135,0.12147279576660427,True,vol1.25_band10,True,4.909705292210023,5.356354437790033,True,0.4466491455800101
jump_shift,16,256,5.0,0.18,joint_es90,vol1.25_daily,daily,1.25,0.2074236005813937,True,0.2453354833715231,0.959789520660755,0.1248363108466968,6.297690173420555,5.497744147974867,0.7999460254456876,-0.89439701779785,6.843599728783135,0.12147279576660427,True,vol1.25_band10,True,4.909705292210023,5.356354437790033,True,0.4466491455800101
jump_shift,16,16,20.0,0.72,forecast_first,vol1.25_daily,daily,1.25,0.2074236005813937,True,0.4148947229748125,1.0704313676650394,0.5313820931625324,7.034755448552889,5.4501392244416955,1.5846162241111927,-1.2588154050976628,7.151824158292709,0.4858911830664171,True,vol1.25_band10,True,5.3204475811483665,6.0139389047054035,True,0.693491323557037
jump_shift,16,16,20.0,0.72,joint_mse,vol1.25_daily,daily,1.25,0.2074236005813937,True,0.4148947229748125,1.0704313676650394,0.5313820931625324,7.034755448552889,5.4501392244416955,1.5846162241111927,-1.2588154050976628,7.151824158292709,0.4858911830664171,True,vol1.25_band10,True,5.3204475811483665,6.0139389047054035,True,0.693491323557037
jump_shift,16,16,20.0,0.72,joint_es90,vol0.75_every5,every5,0.75,0.12445416034883622,True,0.49847570850844275,1.0293011166348633,0.40275380096592783,8.21295095654322,6.94631418069082,1.2666367758524029,-1.1254495883212197,7.537905140189929,0.3731540011389634,True,vol1.25_band10,True,5.3204475811483665,7.074363918297909,True,1.7539163371495423
jump_shift,16,64,20.0,0.72,forecast_first,vol1.25_band05,band05,1.25,0.2074236005813937,True,0.4563489697833232,1.433818841526854,0.38800304394645896,6.42332701336845,5.112913898497043,1.3104131148714067,-1.1447327700696817,6.81062342114836,0.3778398511436846,True,vol1.25_band10,True,5.3204475811483665,5.543064516694453,True,0.2226169355460863
jump_shift,16,64,20.0,0.72,joint_mse,vol1_band05,band05,1.0,0.16593888046511496,True,0.43699065694529776,1.3489127079497116,0.41592684471272223,6.762374247204914,5.392153703826565,1.3702205433783488,-1.1705641987427895,6.987519941051933,0.40369952827518907,True,vol1.25_band10,True,5.3204475811483665,5.859052955639267,True,0.538605374490901
jump_shift,16,64,20.0,0.72,joint_es90,vol1.25_daily,daily,1.25,0.2074236005813937,True,0.46085043232905054,1.3058923470366834,0.5039599904501013,7.034755448552889,5.4501392244416955,1.5846162241111927,-1.2588154050976628,7.151824158292709,0.4858911830664171,True,vol1.25_band10,True,5.3204475811483665,6.0139389047054035,True,0.693491323557037
jump_shift,16,256,20.0,0.72,forecast_first,vol1.25_daily,daily,1.25,0.2074236005813937,True,0.45091476220693577,1.3905272470741292,0.4993452433867872,7.034755448552889,5.4501392244416955,1.5846162241111927,-1.2588154050976628,7.151824158292709,0.4858911830664171,True,vol1.25_band10,True,5.3204475811483665,6.0139389047054035,True,0.693491323557037
jump_shift,16,256,20.0,0.72,joint_mse,vol1.25_daily,daily,1.25,0.2074236005813937,True,0.45091476220693577,1.3905272470741292,0.4993452433867872,7.034755448552889,5.4501392244416955,1.5846162241111927,-1.2588154050976628,7.151824158292709,0.4858911830664171,True,vol1.25_band10,True,5.3204475811483665,6.0139389047054035,True,0.693491323557037
jump_shift,16,256,20.0,0.72,joint_es90,vol1.25_band05,band05,1.25,0.2074236005813937,True,0.453163236647391,1.3680458870582075,0.3839363542869741,6.42332701336845,5.112913898497043,1.3104131148714067,-1.1447327700696817,6.81062342114836,0.3778398511436846,True,vol1.25_band10,True,5.3204475811483665,5.543064516694453,True,0.2226169355460863
jump_shift,17,16,5.0,0.18,forecast_first,vol1_daily,daily,1.0,0.21608602111703343,True,0.1754307325737336,0.5462985903742424,0.12009477655977495,5.622787801373979,4.941789272348991,0.6809985290249887,-0.825226350176113,6.346010274915034,0.12029701312756319,True,vol1_band10,True,4.749980603921141,5.123582332777664,True,0.37360172885652254
jump_shift,17,16,5.0,0.18,joint_mse,vol0.75_daily,daily,0.75,0.16206451583777506,True,0.13907426798899464,0.5883450765883641,0.12964613526696284,6.120374683384702,5.4152827894339906,0.7050918939507123,-0.8396975014555612,6.564777836106868,0.12962179547517505,True,vol1_band10,True,4.749980603921141,5.560329931103061,True,0.8103493271819193
jump_shift,17,16,5.0,0.18,joint_es90,vol1_daily,daily,1.0,0.21608602111703343,True,0.1754307325737336,0.5462985903742424,0.12009477655977495,5.622787801373979,4.941789272348991,0.6809985290249887,-0.825226350176113,6.346010274915034,0.12029701312756319,True,vol1_band10,True,4.749980603921141,5.123582332777664,True,0.37360172885652254
jump_shift,17,64,5.0,0.18,forecast_first,vol1_daily,daily,1.0,0.21608602111703343,True,0.1787482833463108,0.71799000565058,0.1283361785825114,5.622787801373979,4.941789272348991,0.6809985290249887,-0.825226350176113,6.346010274915034,0.12029701312756319,True,vol1_band10,True,4.749980603921141,5.123582332777664,True,0.37360172885652254
jump_shift,17,64,5.0,0.18,joint_mse,vol1_daily,daily,1.0,0.21608602111703343,True,0.1787482833463108,0.71799000565058,0.1283361785825114,5.622787801373979,4.941789272348991,0.6809985290249887,-0.825226350176113,6.346010274915034,0.12029701312756319,True,vol1_band10,True,4.749980603921141,5.123582332777664,True,0.37360172885652254
jump_shift,17,64,5.0,0.18,joint_es90,vol1_daily,daily,1.0,0.21608602111703343,True,0.1787482833463108,0.71799000565058,0.1283361785825114,5.622787801373979,4.941789272348991,0.6809985290249887,-0.825226350176113,6.346010274915034,0.12029701312756319,True,vol1_band10,True,4.749980603921141,5.123582332777664,True,0.37360172885652254
jump_shift,17,256,5.0,0.18,forecast_first,vol1_daily,daily,1.0,0.21608602111703343,True,0.23341841341935377,0.9460088993108031,0.12198892837623605,5.622787801373979,4.941789272348991,0.6809985290249887,-0.825226350176113,6.346010274915034,0.12029701312756319,True,vol1_band10,True,4.749980603921141,5.123582332777664,True,0.37360172885652254
jump_shift,17,256,5.0,0.18,joint_mse,vol1_daily,daily,1.0,0.21608602111703343,True,0.23341841341935377,0.9460088993108031,0.12198892837623605,5.622787801373979,4.941789272348991,0.6809985290249887,-0.825226350176113,6.346010274915034,0.12029701312756319,True,vol1_band10,True,4.749980603921141,5.123582332777664,True,0.37360172885652254
jump_shift,17,256,5.0,0.18,joint_es90,vol1_daily,daily,1.0,0.21608602111703343,True,0.23341841341935377,0.9460088993108031,0.12198892837623605,5.622787801373979,4.941789272348991,0.6809985290249887,-0.825226350176113,6.346010274915034,0.12029701312756319,True,vol1_band10,True,4.749980603921141,5.123582332777664,True,0.37360172885652254
jump_shift,17,16,20.0,0.72,forecast_first,vol1_daily,daily,1.0,0.21608602111703343,True,0.3023244355972592,0.9273869267857803,0.4803791062390998,6.305273712133137,4.898399250319349,1.4068744618137878,-1.1861173895588024,6.652185470565772,0.48118805251025276,True,vol1.25_band10,True,5.156376845633321,5.769904212051193,True,0.6135273664178715
jump_shift,17,16,20.0,0.72,joint_mse,vol0.75_daily,daily,0.75,0.16206451583777506,True,0.29423196933428875,1.0487264379930155,0.5185845410678513,6.917007410182626,5.407640640703912,1.5093667694787154,-1.2285628878810866,6.909942885780044,0.5184871819007002,True,vol1.25_band10,True,5.156376845633321,6.31520476572117,True,1.1588279200878482
jump_shift,17,16,20.0,0.72,joint_es90,vol1.25_band05,band05,1.25,0.27010752639629176,True,0.41046910799718395,0.9023147180409317,0.3465794595798588,5.558259883327109,4.467166018762606,1.0910938645645036,-1.0445543856422717,6.233989067797945,0.34928517890988264,True,vol1.25_band10,True,5.156376845633321,5.2050268916252405,True,0.04865004599191902
jump_shift,17,64,20.0,0.72,forecast_first,vol1_daily,daily,1.0,0.21608602111703343,True,0.372118770653934,1.171123819392498,0.5133447143300456,6.305273712133137,4.898399250319349,1.4068744618137878,-1.1861173895588024,6.652185470565772,0.48118805251025276,True,vol1.25_band10,True,5.156376845633321,5.769904212051193,True,0.6135273664178715
jump_shift,17,64,20.0,0.72,joint_mse,vol1.25_daily,daily,1.25,0.27010752639629176,True,0.3647680988658657,1.155934893199026,0.4811009487018991,5.979809209934933,4.643995748983962,1.33581346095097,-1.155773966202289,6.504190872321021,0.45293146973036025,True,vol1.25_band10,True,5.156376845633321,5.494875656017788,True,0.3384988103844666
jump_shift,17,64,20.0,0.72,joint_es90,vol1.25_daily,daily,1.25,0.27010752639629176,True,0.3647680988658657,1.155934893199026,0.4811009487018991,5.979809209934933,4.643995748983962,1.33581346095097,-1.155773966202289,6.504190872321021,0.45293146973036025,True,vol1.25_band10,True,5.156376845633321,5.494875656017788,True,0.3384988103844666
jump_shift,17,256,20.0,0.72,forecast_first,vol1_daily,daily,1.0,0.21608602111703343,True,0.42662808628300475,1.3636409543932155,0.4879557135049442,6.305273712133137,4.898399250319349,1.4068744618137878,-1.1861173895588024,6.652185470565772,0.48118805251025276,True,vol1.25_band10,True,5.156376845633321,5.769904212051193,True,0.6135273664178715
jump_shift,17,256,20.0,0.72,joint_mse,vol1.25_daily,daily,1.25,0.27010752639629176,True,0.425202614958333,1.2927197139440423,0.4561554211729262,5.979809209934933,4.643995748983962,1.33581346095097,-1.155773966202289,6.504190872321021,0.45293146973036025,True,vol1.25_band10,True,5.156376845633321,5.494875656017788,True,0.3384988103844666
jump_shift,17,256,20.0,0.72,joint_es90,vol1.25_daily,daily,1.25,0.27010752639629176,True,0.425202614958333,1.2927197139440423,0.4561554211729262,5.979809209934933,4.643995748983962,1.33581346095097,-1.155773966202289,6.504190872321021,0.45293146973036025,True,vol1.25_band10,True,5.156376845633321,5.494875656017788,True,0.3384988103844666
jump_shift,18,16,5.0,0.18,forecast_first,vol1_daily,daily,1.0,0.18907073080185904,True,0.24645990350980937,1.110978713134893,0.13869385240610763,4.847217142097312,4.305432902542245,0.5417842395550662,-0.7360599429089089,5.759602916688046,0.12390646570759056,True,vol1.25_band10,True,5.067820013668825,5.76611635598896,True,0.6982963423201349
jump_shift,18,16,5.0,0.18,joint_mse,vol0.75_band05,band05,0.75,0.14180304810139427,True,0.23603887354983166,1.0450715979661567,0.1163334684907182,4.967670297640918,4.459879292027555,0.5077910056133638,-0.7125945590680326,5.7648011336672775,0.10513410518177588,True,vol1.25_band10,True,5.067820013668825,5.88880389507349,True,0.8209838814046648
jump_shift,18,16,5.0,0.18,joint_es90,vol1.25_every5,every5,1.25,0.23633841350232382,True,0.4948120126393639,0.7560565643472134,0.09209736242920519,5.432271697438192,4.89062002549656,0.5416516719416318,-0.7359698852138121,5.907903097655634,0.08608030097059771,True,vol1.25_band10,True,5.067820013668825,5.837794344886478,True,0.7699743312176528
jump_shift,18,64,5.0,0.18,forecast_first,vol1_daily,daily,1.0,0.18907073080185904,True,0.23581815358634328,1.150528237212964,0.12311920767280113,4.847217142097312,4.305432902542245,0.5417842395550662,-0.7360599429089089,5.759602916688046,0.12390646570759056,True,vol1.25_band10,True,5.067820013668825,5.76611635598896,True,0.6982963423201349
jump_shift,18,64,5.0,0.18,joint_mse,vol1_daily,daily,1.0,0.18907073080185904,True,0.23581815358634328,1.150528237212964,0.12311920767280113,4.847217142097312,4.305432902542245,0.5417842395550662,-0.7360599429089089,5.759602916688046,0.12390646570759056,True,vol1.25_band10,True,5.067820013668825,5.76611635598896,True,0.6982963423201349
jump_shift,18,64,5.0,0.18,joint_es90,vol1_band05,band05,1.0,0.18907073080185904,True,0.2676753898072736,1.035001948906286,0.09345148516002516,4.641802616088999,4.135621281764783,0.5061813343242151,-0.7114642185832082,5.622113297213769,0.09652042391643821,True,vol1.25_band10,True,5.067820013668825,5.421908879279326,True,0.35408886561050057
jump_shift,18,256,5.0,0.18,forecast_first,vol1_daily,daily,1.0,0.18907073080185904,True,0.2554010856670843,1.1415582765567276,0.1229383733966193,4.847217142097312,4.305432902542245,0.5417842395550662,-0.7360599429089089,5.759602916688046,0.12390646570759056,True,vol1.25_band10,True,5.067820013668825,5.76611635598896,True,0.6982963423201349
jump_shift,18,256,5.0,0.18,joint_mse,vol1_daily,daily,1.0,0.18907073080185904,True,0.2554010856670843,1.1415582765567276,0.1229383733966193,4.847217142097312,4.305432902542245,0.5417842395550662,-0.7360599429089089,5.759602916688046,0.12390646570759056,True,vol1.25_band10,True,5.067820013668825,5.76611635598896,True,0.6982963423201349
jump_shift,18,256,5.0,0.18,joint_es90,vol1.25_daily,daily,1.25,0.23633841350232382,True,0.278975214993636,1.0284752846687184,0.11556135961324103,4.637586220069027,4.09384715004407,0.5437390700249571,-0.7373866489332155,5.657684911490606,0.11690196802761876,True,vol1.25_band10,True,5.067820013668825,5.412084799853538,True,0.3442647861847128
jump_shift,18,16,20.0,0.72,forecast_first,vol1_band05,band05,1.0,0.18907073080185904,True,0.34067477799907864,1.3039635288873515,0.4218636842625722,5.116766719526693,4.114714687231224,1.0020520322954678,-1.0010254903325229,5.87884434777608,0.38608169566575284,True,vol1.25_band10,True,5.484955206699233,5.952746652945477,True,0.4677914462462436
jump_shift,18,16,20.0,0.72,joint_mse,vol1_band05,band05,1.0,0.18907073080185904,True,0.34067477799907864,1.3039635288873515,0.4218636842625722,5.116766719526693,4.114714687231224,1.0020520322954678,-1.0010254903325229,5.87884434777608,0.38608169566575284,True,vol1.25_band10,True,5.484955206699233,5.952746652945477,True,0.4677914462462436
jump_shift,18,16,20.0,0.72,joint_es90,vol1.25_every5,every5,1.25,0.23633841350232382,True,0.4933975962814273,1.092213639520898,0.36838944971682075,5.882966083589313,4.894510992363975,0.9884550912253371,-0.9942107881256053,6.149996183634746,0.34432120388239085,True,vol1.25_band10,True,5.484955206699233,6.3125640535321,True,0.8276088468328666
jump_shift,18,64,20.0,0.72,forecast_first,vol1_band05,band05,1.0,0.18907073080185904,True,0.3890568475367684,1.3798668658465905,0.37380594064010064,5.116766719526693,4.114714687231224,1.0020520322954678,-1.0010254903325229,5.87884434777608,0.38608169566575284,True,vol1.25_band10,True,5.484955206699233,5.952746652945477,True,0.4677914462462436
jump_shift,18,64,20.0,0.72,joint_mse,vol1_band05,band05,1.0,0.18907073080185904,True,0.3890568475367684,1.3798668658465905,0.37380594064010064,5.116766719526693,4.114714687231224,1.0020520322954678,-1.0010254903325229,5.87884434777608,0.38608169566575284,True,vol1.25_band10,True,5.484955206699233,5.952746652945477,True,0.4677914462462436
jump_shift,18,64,20.0,0.72,joint_es90,vol1_band05,band05,1.0,0.18907073080185904,True,0.3890568475367684,1.3798668658465905,0.37380594064010064,5.116766719526693,4.114714687231224,1.0020520322954678,-1.0010254903325229,5.87884434777608,0.38608169566575284,True,vol1.25_band10,True,5.484955206699233,5.952746652945477,True,0.4677914462462436
jump_shift,18,256,20.0,0.72,forecast_first,vol1_band05,band05,1.0,0.18907073080185904,True,0.43505878450768765,1.4315132268853161,0.37768813381092575,5.116766719526693,4.114714687231224,1.0020520322954678,-1.0010254903325229,5.87884434777608,0.38608169566575284,True,vol1.25_band10,True,5.484955206699233,5.952746652945477,True,0.4677914462462436
jump_shift,18,256,20.0,0.72,joint_mse,vol1_band05,band05,1.0,0.18907073080185904,True,0.43505878450768765,1.4315132268853161,0.37768813381092575,5.116766719526693,4.114714687231224,1.0020520322954678,-1.0010254903325229,5.87884434777608,0.38608169566575284,True,vol1.25_band10,True,5.484955206699233,5.952746652945477,True,0.4677914462462436
jump_shift,18,256,20.0,0.72,joint_es90,vol1.25_band05,band05,1.25,0.23633841350232382,True,0.4956917410079993,1.4106273480366138,0.35228208185477483,4.970294790634646,3.9990795876994585,0.9712152029351879,-0.9855025129015085,5.797954760561655,0.3616749283120332,True,vol1.25_band10,True,5.484955206699233,5.654553750052999,True,0.16959854335376612
jump_shift,19,16,5.0,0.18,forecast_first,vol0.75_daily,daily,0.75,0.19245792803114994,True,0.2327645369984943,0.9646217893643739,0.115357156276206,5.130437745601487,4.549672900504413,0.580764845097074,-0.7620792905577962,6.076363599260832,0.12309451954463446,True,vol1.25_band05,True,4.814350713820312,5.448212492609538,True,0.6338617787892256
jump_shift,19,16,5.0,0.18,joint_mse,vol0.75_daily,daily,0.75,0.19245792803114994,True,0.2327645369984943,0.9646217893643739,0.115357156276206,5.130437745601487,4.549672900504413,0.580764845097074,-0.7620792905577962,6.076363599260832,0.12309451954463446,True,vol1.25_band05,True,4.814350713820312,5.448212492609538,True,0.6338617787892256
jump_shift,19,16,5.0,0.18,joint_es90,vol1_daily,daily,1.0,0.2566105707081999,True,0.28184873149158784,0.883600345510454,0.10561318682356369,4.752430097344665,4.194545125692202,0.5578849716524631,-0.7469169777508495,5.887398556258078,0.1140074067084263,True,vol1.25_band05,True,4.814350713820312,5.05400557224576,True,0.23965485842544787
jump_shift,19,64,5.0,0.18,forecast_first,vol0.75_daily,daily,0.75,0.19245792803114994,True,0.32377762911298985,1.2421431704880508,0.12580379758163393,5.130437745601487,4.549672900504413,0.580764845097074,-0.7620792905577962,6.076363599260832,0.12309451954463446,True,vol1.25_band05,True,4.814350713820312,5.448212492609538,True,0.6338617787892256
jump_shift,19,64,5.0,0.18,joint_mse,vol0.75_daily,daily,0.75,0.19245792803114994,True,0.32377762911298985,1.2421431704880508,0.12580379758163393,5.130437745601487,4.549672900504413,0.580764845097074,-0.7620792905577962,6.076363599260832,0.12309451954463446,True,vol1.25_band05,True,4.814350713820312,5.448212492609538,True,0.6338617787892256
jump_shift,19,64,5.0,0.18,joint_es90,vol1_daily,daily,1.0,0.2566105707081999,True,0.3281106430547289,0.889984508056023,0.11500283192264146,4.752430097344665,4.194545125692202,0.5578849716524631,-0.7469169777508495,5.887398556258078,0.1140074067084263,True,vol1.25_band05,True,4.814350713820312,5.05400557224576,True,0.23965485842544787
jump_shift,19,256,5.0,0.18,forecast_first,vol0.75_daily,daily,0.75,0.19245792803114994,True,0.2791162031640235,1.128168074315641,0.12263896309213194,5.130437745601487,4.549672900504413,0.580764845097074,-0.7620792905577962,6.076363599260832,0.12309451954463446,True,vol1.25_band05,True,4.814350713820312,5.448212492609538,True,0.6338617787892256
jump_shift,19,256,5.0,0.18,joint_mse,vol0.75_daily,daily,0.75,0.19245792803114994,True,0.2791162031640235,1.128168074315641,0.12263896309213194,5.130437745601487,4.549672900504413,0.580764845097074,-0.7620792905577962,6.076363599260832,0.12309451954463446,True,vol1.25_band05,True,4.814350713820312,5.448212492609538,True,0.6338617787892256
jump_shift,19,256,5.0,0.18,joint_es90,vol1_daily,daily,1.0,0.2566105707081999,True,0.3349100084636809,1.0107495292713402,0.11346763472660579,4.752430097344665,4.194545125692202,0.5578849716524631,-0.7469169777508495,5.887398556258078,0.1140074067084263,True,vol1.25_band05,True,4.814350713820312,5.05400557224576,True,0.23965485842544787
jump_shift,19,16,20.0,0.72,forecast_first,vol0.75_daily,daily,0.75,0.19245792803114994,True,0.3457438097177798,1.3780821918052466,0.461428625104824,5.794697936024672,4.5147160394935115,1.2799818965311605,-1.1313628491916996,6.393633854639786,0.49237807817853785,True,vol1.25_band05,True,5.230872870416601,6.136179921208699,True,0.9053070507920982
jump_shift,19,16,20.0,0.72,joint_mse,vol0.75_daily,daily,0.75,0.19245792803114994,True,0.3457438097177798,1.3780821918052466,0.461428625104824,5.794697936024672,4.5147160394935115,1.2799818965311605,-1.1313628491916996,6.393633854639786,0.49237807817853785,True,vol1.25_band05,True,5.230872870416601,6.136179921208699,True,0.9053070507920982
jump_shift,19,16,20.0,0.72,joint_es90,vol1_daily,daily,1.0,0.2566105707081999,True,0.3579802520275892,1.201510079934772,0.42245274729425475,5.319780826424586,4.13399224975348,1.1857885766711056,-1.0889391978761283,6.169089957955801,0.4560296268337052,True,vol1.25_band05,True,5.230872870416601,5.651387059599259,True,0.4205141891826578
jump_shift,19,64,20.0,0.72,forecast_first,vol0.75_band05,band05,0.75,0.19245792803114994,True,0.49231430581683355,1.5454569252203998,0.38352140935196727,5.2853265897321595,4.255670775803574,1.0296558139285852,-1.0147195740344153,6.176229464837583,0.3830911236451422,True,vol1.25_band05,True,5.230872870416601,5.62428317479702,True,0.3934103043804189
jump_shift,19,64,20.0,0.72,joint_mse,vol1_daily,daily,1.0,0.2566105707081999,True,0.4885535567882957,1.3048623464995415,0.46001132769056585,5.319780826424586,4.13399224975348,1.1857885766711056,-1.0889391978761283,6.169089957955801,0.4560296268337052,True,vol1.25_band05,True,5.230872870416601,5.651387059599259,True,0.4205141891826578
jump_shift,19,64,20.0,0.72,joint_es90,vol1_band05,band05,1.0,0.2566105707081999,True,0.4997383729046674,1.2895080075036167,0.34637994710763387,4.996229653414207,4.03852001977415,0.9577096336400559,-0.9786264014628135,5.989842189306363,0.35185513972386756,True,vol1.25_band05,True,5.230872870416601,5.313817691766807,True,0.08294482135020598
jump_shift,19,256,20.0,0.72,forecast_first,vol0.75_band05,band05,0.75,0.19245792803114994,True,0.45387268227071864,1.5339339520244017,0.3746062903436503,5.2853265897321595,4.255670775803574,1.0296558139285852,-1.0147195740344153,6.176229464837583,0.3830911236451422,True,vol1.25_band05,True,5.230872870416601,5.62428317479702,True,0.3934103043804189
jump_shift,19,256,20.0,0.72,joint_mse,vol0.75_band05,band05,0.75,0.19245792803114994,True,0.45387268227071864,1.5339339520244017,0.3746062903436503,5.2853265897321595,4.255670775803574,1.0296558139285852,-1.0147195740344153,6.176229464837583,0.3830911236451422,True,vol1.25_band05,True,5.230872870416601,5.62428317479702,True,0.3934103043804189
jump_shift,19,256,20.0,0.72,joint_es90,vol1_daily,daily,1.0,0.2566105707081999,True,0.49250665951064015,1.3942277234792086,0.45387053890642315,5.319780826424586,4.13399224975348,1.1857885766711056,-1.0889391978761283,6.169089957955801,0.4560296268337052,True,vol1.25_band05,True,5.230872870416601,5.651387059599259,True,0.4205141891826578
jump_shift,20,16,5.0,0.18,forecast_first,vol1.25_daily,daily,1.25,0.20125812700046808,True,0.08693040823649281,0.405806611909829,0.11620268533246796,5.093934776561172,4.559417303917321,0.5345174726438495,-0.7311070185984057,5.711370047681718,0.12244540537674695,True,vol1.25_band10,True,5.032880968417107,5.515075704754785,True,0.48219473633767773
jump_shift,20,16,5.0,0.18,joint_mse,vol1_daily,daily,1.0,0.16100650160037447,True,0.06908472081094874,0.41733561870619185,0.12239220876327482,5.473973159253672,4.929740112298685,0.5442330469549865,-0.7377215239878707,5.8792556723878135,0.12952897036244787,True,vol1.25_band10,True,5.032880968417107,5.907183812701932,True,0.8743028442848253
jump_shift,20,16,5.0,0.18,joint_es90,vol1.25_daily,daily,1.25,0.20125812700046808,True,0.08693040823649281,0.405806611909829,0.11620268533246796,5.093934776561172,4.559417303917321,0.5345174726438495,-0.7311070185984057,5.711370047681718,0.12244540537674695,True,vol1.25_band10,True,5.032880968417107,5.515075704754785,True,0.48219473633767773
jump_shift,20,64,5.0,0.18,forecast_first,vol1.25_daily,daily,1.25,0.20125812700046808,True,0.30411593549607324,1.2182094567945472,0.12168830852490646,5.093934776561172,4.559417303917321,0.5345174726438495,-0.7311070185984057,5.711370047681718,0.12244540537674695,True,vol1.25_band10,True,5.032880968417107,5.515075704754785,True,0.48219473633767773
jump_shift,20,64,5.0,0.18,joint_mse,vol1.25_daily,daily,1.25,0.20125812700046808,True,0.30411593549607324,1.2182094567945472,0.12168830852490646,5.093934776561172,4.559417303917321,0.5345174726438495,-0.7311070185984057,5.711370047681718,0.12244540537674695,True,vol1.25_band10,True,5.032880968417107,5.515075704754785,True,0.48219473633767773
jump_shift,20,64,5.0,0.18,joint_es90,vol1.25_daily,daily,1.25,0.20125812700046808,True,0.30411593549607324,1.2182094567945472,0.12168830852490646,5.093934776561172,4.559417303917321,0.5345174726438495,-0.7311070185984057,5.711370047681718,0.12244540537674695,True,vol1.25_band10,True,5.032880968417107,5.515075704754785,True,0.48219473633767773
jump_shift,20,256,5.0,0.18,forecast_first,vol1.25_daily,daily,1.25,0.20125812700046808,True,0.24171461386853943,1.039844929830317,0.12105036829257763,5.093934776561172,4.559417303917321,0.5345174726438495,-0.7311070185984057,5.711370047681718,0.12244540537674695,True,vol1.25_band10,True,5.032880968417107,5.515075704754785,True,0.48219473633767773
jump_shift,20,256,5.0,0.18,joint_mse,vol1.25_daily,daily,1.25,0.20125812700046808,True,0.24171461386853943,1.039844929830317,0.12105036829257763,5.093934776561172,4.559417303917321,0.5345174726438495,-0.7311070185984057,5.711370047681718,0.12244540537674695,True,vol1.25_band10,True,5.032880968417107,5.515075704754785,True,0.48219473633767773
jump_shift,20,256,5.0,0.18,joint_es90,vol1.25_band05,band05,1.25,0.20125812700046808,True,0.2733615120146716,1.0258610767999183,0.09330527944300322,4.756251614076334,4.249802971329881,0.5064486427464523,-0.7116520517404923,5.5281603974174445,0.09528638446627885,True,vol1.25_band10,True,5.032880968417107,5.2023652475829145,True,0.16948427916580755
jump_shift,20,16,20.0,0.72,forecast_first,vol1.25_daily,daily,1.25,0.20125812700046808,True,0.1720931468414394,0.8387936273567708,0.4648107413298718,5.74180279380808,4.535225253886947,1.2065775399211325,-1.0984432347286466,6.031301997747606,0.4897816215069878,True,vol1.25_band10,True,5.461718861978477,6.2057022778355035,True,0.7439834158570262
jump_shift,20,16,20.0,0.72,joint_mse,vol0.75_band10,band10,0.75,0.12075487620028086,True,0.13149745704572863,0.886295312170893,0.3589615420417843,5.500129348928585,4.496883621902886,1.0032457270256985,-1.0016215488025897,5.913712982344429,0.3797794094813389,True,vol1.25_band10,True,5.461718861978477,6.0337349305000725,True,0.5720160685215951
jump_shift,20,16,20.0,0.72,joint_es90,vol1_band05,band05,1.0,0.16100650160037447,True,0.13441716876782991,0.7679604561563608,0.38369400094443107,5.567968017561039,4.519368832679984,1.0485991848810563,-1.0240113206801262,5.943759087317536,0.40778716649925373,True,vol1.25_band10,True,5.461718861978477,6.054796486801122,True,0.5930776248226444
jump_shift,20,64,20.0,0.72,forecast_first,vol1.25_band05,band05,1.25,0.20125812700046808,True,0.4827280050109906,1.5857226471685077,0.3733379523584571,5.235452779054954,4.240424174676438,0.995028604378516,-0.9975112051393288,5.78712242711246,0.3811455378651154,True,vol1.25_band10,True,5.461718861978477,5.709706680736137,True,0.24798781875766007
jump_shift,20,64,20.0,0.72,joint_mse,vol1.25_band05,band05,1.25,0.20125812700046808,True,0.4827280050109906,1.5857226471685077,0.3733379523584571,5.235452779054954,4.240424174676438,0.995028604378516,-0.9975112051393288,5.78712242711246,0.3811455378651154,True,vol1.25_band10,True,5.461718861978477,5.709706680736137,True,0.24798781875766007
jump_shift,20,64,20.0,0.72,joint_es90,vol1.25_band05,band05,1.25,0.20125812700046808,True,0.4827280050109906,1.5857226471685077,0.3733379523584571,5.235452779054954,4.240424174676438,0.995028604378516,-0.9975112051393288,5.78712242711246,0.3811455378651154,True,vol1.25_band10,True,5.461718861978477,5.709706680736137,True,0.24798781875766007
jump_shift,20,256,20.0,0.72,forecast_first,vol1.25_band05,band05,1.25,0.20125812700046808,True,0.4123671632505467,1.3471504763953812,0.3732211177720129,5.235452779054954,4.240424174676438,0.995028604378516,-0.9975112051393288,5.78712242711246,0.3811455378651154,True,vol1.25_band10,True,5.461718861978477,5.709706680736137,True,0.24798781875766007
jump_shift,20,256,20.0,0.72,joint_mse,vol1.25_band05,band05,1.25,0.20125812700046808,True,0.4123671632505467,1.3471504763953812,0.3732211177720129,5.235452779054954,4.240424174676438,0.995028604378516,-0.9975112051393288,5.78712242711246,0.3811455378651154,True,vol1.25_band10,True,5.461718861978477,5.709706680736137,True,0.24798781875766007
jump_shift,20,256,20.0,0.72,joint_es90,vol1.25_band05,band05,1.25,0.20125812700046808,True,0.4123671632505467,1.3471504763953812,0.3732211177720129,5.235452779054954,4.240424174676438,0.995028604378516,-0.9975112051393288,5.78712242711246,0.3811455378651154,True,vol1.25_band10,True,5.461718861978477,5.709706680736137,True,0.24798781875766007
jump_shift,21,16,5.0,0.18,forecast_first,vol1.25_daily,daily,1.25,0.19666666159374954,True,0.1415725068856704,0.7305504010156532,0.12031896832821297,4.480543535675631,3.8833912652334837,0.597152270442147,-0.7727562813993472,5.6357117770632525,0.12353797622084918,True,vol1.25_band10,True,4.850896191095224,5.262248013318471,True,0.4113518222232475
jump_shift,21,16,5.0,0.18,joint_mse,vol1.25_daily,daily,1.25,0.19666666159374954,True,0.1415725068856704,0.7305504010156532,0.12031896832821297,4.480543535675631,3.8833912652334837,0.597152270442147,-0.7727562813993472,5.6357117770632525,0.12353797622084918,True,vol1.25_band10,True,4.850896191095224,5.262248013318471,True,0.4113518222232475
jump_shift,21,16,5.0,0.18,joint_es90,vol1.25_band10,band10,1.25,0.19666666159374954,True,0.24326518162285854,0.6698062046946203,0.07922684230340488,4.184034765452679,3.6279436323034373,0.5560911331492412,-0.7457151823244859,5.433547080732402,0.08324928609341867,True,vol1.25_band10,True,4.850896191095224,4.850896191095224,True,0.0
jump_shift,21,64,5.0,0.18,forecast_first,vol1.25_daily,daily,1.25,0.19666666159374954,True,0.28212062680906835,1.178615377096538,0.12328503498193957,4.480543535675631,3.8833912652334837,0.597152270442147,-0.7727562813993472,5.6357117770632525,0.12353797622084918,True,vol1.25_band10,True,4.850896191095224,5.262248013318471,True,0.4113518222232475
jump_shift,21,64,5.0,0.18,joint_mse,vol1.25_daily,daily,1.25,0.19666666159374954,True,0.28212062680906835,1.178615377096538,0.12328503498193957,4.480543535675631,3.8833912652334837,0.597152270442147,-0.7727562813993472,5.6357117770632525,0.12353797622084918,True,vol1.25_band10,True,4.850896191095224,5.262248013318471,True,0.4113518222232475
jump_shift,21,64,5.0,0.18,joint_es90,vol1.25_band10,band10,1.25,0.19666666159374954,True,0.3329721351262224,1.0420605464181352,0.08151697746599484,4.184034765452679,3.6279436323034373,0.5560911331492412,-0.7457151823244859,5.433547080732402,0.08324928609341867,True,vol1.25_band10,True,4.850896191095224,4.850896191095224,True,0.0
jump_shift,21,256,5.0,0.18,forecast_first,vol1.25_daily,daily,1.25,0.19666666159374954,True,0.3110814598798096,1.2414407905889695,0.12523466987318682,4.480543535675631,3.8833912652334837,0.597152270442147,-0.7727562813993472,5.6357117770632525,0.12353797622084918,True,vol1.25_band10,True,4.850896191095224,5.262248013318471,True,0.4113518222232475
jump_shift,21,256,5.0,0.18,joint_mse,vol1.25_daily,daily,1.25,0.19666666159374954,True,0.3110814598798096,1.2414407905889695,0.12523466987318682,4.480543535675631,3.8833912652334837,0.597152270442147,-0.7727562813993472,5.6357117770632525,0.12353797622084918,True,vol1.25_band10,True,4.850896191095224,5.262248013318471,True,0.4113518222232475
jump_shift,21,256,5.0,0.18,joint_es90,vol1.25_band10,band10,1.25,0.19666666159374954,True,0.4137481255678635,1.1251675327355313,0.08221525203780888,4.184034765452679,3.6279436323034373,0.5560911331492412,-0.7457151823244859,5.433547080732402,0.08324928609341867,True,vol1.25_band10,True,4.850896191095224,4.850896191095224,True,0.0
jump_shift,21,16,20.0,0.72,forecast_first,vol1.25_band05,band05,1.25,0.19666666159374954,True,0.2787386748022376,1.087332359477908,0.3690130650164654,4.749364905083748,3.6650306273136737,1.084334277770075,-1.0413137268710497,5.75844826120309,0.3851848372978099,True,vol1.25_band10,True,5.275224362169984,5.514912707963888,True,0.23968834579390386
jump_shift,21,16,20.0,0.72,joint_mse,vol1.25_band05,band05,1.25,0.19666666159374954,True,0.2787386748022376,1.087332359477908,0.3690130650164654,4.749364905083748,3.6650306273136737,1.084334277770075,-1.0413137268710497,5.75844826120309,0.3851848372978099,True,vol1.25_band10,True,5.275224362169984,5.514912707963888,True,0.23968834579390386
jump_shift,21,16,20.0,0.72,joint_es90,vol1.25_band10,band10,1.25,0.19666666159374954,True,0.2883965562610592,0.9429236910283075,0.3169073692136195,4.60329523840241,3.6123485731923726,0.9909466652100378,-0.9954630406047418,5.651367239004607,0.33299714437367467,True,vol1.25_band10,True,5.275224362169984,5.275224362169984,True,0.0
jump_shift,21,64,20.0,0.72,forecast_first,vol1.25_band10,band10,1.25,0.19666666159374954,True,0.4549686349737133,1.3378395204187543,0.3260679098639794,4.60329523840241,3.6123485731923726,0.9909466652100378,-0.9954630406047418,5.651367239004607,0.33299714437367467,True,vol1.25_band10,True,5.275224362169984,5.275224362169984,True,0.0
jump_shift,21,64,20.0,0.72,joint_mse,vol1.25_band10,band10,1.25,0.19666666159374954,True,0.4549686349737133,1.3378395204187543,0.3260679098639794,4.60329523840241,3.6123485731923726,0.9909466652100378,-0.9954630406047418,5.651367239004607,0.33299714437367467,True,vol1.25_band10,True,5.275224362169984,5.275224362169984,True,0.0
jump_shift,21,64,20.0,0.72,joint_es90,vol1.25_band10,band10,1.25,0.19666666159374954,True,0.4549686349737133,1.3378395204187543,0.3260679098639794,4.60329523840241,3.6123485731923726,0.9909466652100378,-0.9954630406047418,5.651367239004607,0.33299714437367467,True,vol1.25_band10,True,5.275224362169984,5.275224362169984,True,0.0
jump_shift,21,256,20.0,0.72,forecast_first,vol1.25_band05,band05,1.25,0.19666666159374954,True,0.506765295926077,1.492577105508845,0.3848167779055511,4.749364905083748,3.6650306273136737,1.084334277770075,-1.0413137268710497,5.75844826120309,0.3851848372978099,True,vol1.25_band10,True,5.275224362169984,5.514912707963888,True,0.23968834579390386
jump_shift,21,256,20.0,0.72,joint_mse,vol1.25_band05,band05,1.25,0.19666666159374954,True,0.506765295926077,1.492577105508845,0.3848167779055511,4.749364905083748,3.6650306273136737,1.084334277770075,-1.0413137268710497,5.75844826120309,0.3851848372978099,True,vol1.25_band10,True,5.275224362169984,5.514912707963888,True,0.23968834579390386
jump_shift,21,256,20.0,0.72,joint_es90,vol1.25_band10,band10,1.25,0.19666666159374954,True,0.5275303590488675,1.4174243719827748,0.32886100815123553,4.60329523840241,3.6123485731923726,0.9909466652100378,-0.9954630406047418,5.651367239004607,0.33299714437367467,True,vol1.25_band10,True,5.275224362169984,5.275224362169984,True,0.0
jump_shift,22,16,5.0,0.18,forecast_first,vol0.75_daily,daily,0.75,0.1717852172854805,True,0.10860894545944655,0.6875848818268744,0.12866765156961987,5.659443734503849,4.981601147998671,0.6778425865051785,-0.8233119618377827,6.311117451793288,0.1267901664792916,True,vol1.25_band05,True,4.8246832688458134,5.617039348279908,True,0.7923560794340947
jump_shift,22,16,5.0,0.18,joint_mse,vol0.75_daily,daily,0.75,0.1717852172854805,True,0.10860894545944655,0.6875848818268744,0.12866765156961987,5.659443734503849,4.981601147998671,0.6778425865051785,-0.8233119618377827,6.311117451793288,0.1267901664792916,True,vol1.25_band05,True,4.8246832688458134,5.617039348279908,True,0.7923560794340947
jump_shift,22,16,5.0,0.18,joint_es90,vol1_daily,daily,1.0,0.22904695638064065,True,0.14050762305965087,0.510597666764925,0.11882709001698052,5.197772012792349,4.538163191245417,0.659608821546932,-0.8121630510845295,6.058910427727477,0.11781251813418253,True,vol1.25_band05,True,4.8246832688458134,5.133646705022679,True,0.3089634361768656
jump_shift,22,64,5.0,0.18,forecast_first,vol1_daily,daily,1.0,0.22904695638064065,True,0.2588289291759779,1.000125026658131,0.12323713685334689,5.197772012792349,4.538163191245417,0.659608821546932,-0.8121630510845295,6.058910427727477,0.11781251813418253,True,vol1.25_band05,True,4.8246832688458134,5.133646705022679,True,0.3089634361768656
jump_shift,22,64,5.0,0.18,joint_mse,vol0.75_band05,band05,0.75,0.1717852172854805,True,0.23947953304023722,1.0163510758041896,0.10202598751005332,5.275161837889749,4.649656734702482,0.6255051031872675,-0.7908888058300405,6.12140854837863,0.09887186933388684,True,vol1.25_band05,True,4.8246832688458134,5.286850763128175,True,0.4621674942823617
jump_shift,22,64,5.0,0.18,joint_es90,vol1_band05,band05,1.0,0.22904695638064065,True,0.2706102057830939,0.9310328355175848,0.09280334470240009,4.955193966356138,4.34469875166266,0.6104952146934778,-0.7813419319948711,5.912208098494894,0.09079834801998111,True,vol1.25_band05,True,4.8246832688458134,4.946774183282915,True,0.12209091443710118
jump_shift,22,256,5.0,0.18,forecast_first,vol1_daily,daily,1.0,0.22904695638064065,True,0.23673464028103675,0.9478142611832056,0.11776544893200674,5.197772012792349,4.538163191245417,0.659608821546932,-0.8121630510845295,6.058910427727477,0.11781251813418253,True,vol1.25_band05,True,4.8246832688458134,5.133646705022679,True,0.3089634361768656
jump_shift,22,256,5.0,0.18,joint_mse,vol1_daily,daily,1.0,0.22904695638064065,True,0.23673464028103675,0.9478142611832056,0.11776544893200674,5.197772012792349,4.538163191245417,0.659608821546932,-0.8121630510845295,6.058910427727477,0.11781251813418253,True,vol1.25_band05,True,4.8246832688458134,5.133646705022679,True,0.3089634361768656
jump_shift,22,256,5.0,0.18,joint_es90,vol1_daily,daily,1.0,0.22904695638064065,True,0.23673464028103675,0.9478142611832056,0.11776544893200674,5.197772012792349,4.538163191245417,0.659608821546932,-0.8121630510845295,6.058910427727477,0.11781251813418253,True,vol1.25_band05,True,4.8246832688458134,5.133646705022679,True,0.3089634361768656
jump_shift,22,16,20.0,0.72,forecast_first,vol0.75_band05,band05,0.75,0.1717852172854805,True,0.24067904644357585,0.9203152267511219,0.39637933461115626,5.828983161247727,4.646317311144296,1.1826658501034315,-1.087504413831701,6.394661793281691,0.39548747733554734,True,vol1.25_band10,True,5.2338621186405145,5.830842034598805,True,0.5969799159582907
jump_shift,22,16,20.0,0.72,joint_mse,vol0.75_band05,band05,0.75,0.1717852172854805,True,0.24067904644357585,0.9203152267511219,0.39637933461115626,5.828983161247727,4.646317311144296,1.1826658501034315,-1.087504413831701,6.394661793281691,0.39548747733554734,True,vol1.25_band10,True,5.2338621186405145,5.830842034598805,True,0.5969799159582907
jump_shift,22,16,20.0,0.72,joint_es90,vol0.75_band05,band05,0.75,0.1717852172854805,True,0.24067904644357585,0.9203152267511219,0.39637933461115626,5.828983161247727,4.646317311144296,1.1826658501034315,-1.087504413831701,6.394661793281691,0.39548747733554734,True,vol1.25_band10,True,5.2338621186405145,5.830842034598805,True,0.5969799159582907
jump_shift,22,64,20.0,0.72,forecast_first,vol1_band05,band05,1.0,0.22904695638064065,True,0.3866384245426321,1.2032512488166398,0.37121337880960037,5.435650095381631,4.325288480676487,1.1103616147051447,-1.0537369760548145,6.156527720418148,0.36319339207992446,True,vol1.25_band10,True,5.2338621186405145,5.416725642643297,True,0.18286352400278272
jump_shift,22,64,20.0,0.72,joint_mse,vol1_band05,band05,1.0,0.22904695638064065,True,0.3866384245426321,1.2032512488166398,0.37121337880960037,5.435650095381631,4.325288480676487,1.1103616147051447,-1.0537369760548145,6.156527720418148,0.36319339207992446,True,vol1.25_band10,True,5.2338621186405145,5.416725642643297,True,0.18286352400278272
jump_shift,22,64,20.0,0.72,joint_es90,vol1_band05,band05,1.0,0.22904695638064065,True,0.3866384245426321,1.2032512488166398,0.37121337880960037,5.435650095381631,4.325288480676487,1.1103616147051447,-1.0537369760548145,6.156527720418148,0.36319339207992446,True,vol1.25_band10,True,5.2338621186405145,5.416725642643297,True,0.18286352400278272
jump_shift,22,256,20.0,0.72,forecast_first,vol1_band05,band05,1.0,0.22904695638064065,True,0.4185637466333376,1.2838208912286464,0.3590166368947025,5.435650095381631,4.325288480676487,1.1103616147051447,-1.0537369760548145,6.156527720418148,0.36319339207992446,True,vol1.25_band10,True,5.2338621186405145,5.416725642643297,True,0.18286352400278272
jump_shift,22,256,20.0,0.72,joint_mse,vol0.75_band05,band05,0.75,0.1717852172854805,True,0.41718942920208124,1.4266798122640054,0.3922132563667602,5.828983161247727,4.646317311144296,1.1826658501034315,-1.087504413831701,6.394661793281691,0.39548747733554734,True,vol1.25_band10,True,5.2338621186405145,5.830842034598805,True,0.5969799159582907
jump_shift,22,256,20.0,0.72,joint_es90,vol1_band05,band05,1.0,0.22904695638064065,True,0.4185637466333376,1.2838208912286464,0.3590166368947025,5.435650095381631,4.325288480676487,1.1103616147051447,-1.0537369760548145,6.156527720418148,0.36319339207992446,True,vol1.25_band10,True,5.2338621186405145,5.416725642643297,True,0.18286352400278272
jump_shift,23,16,5.0,0.18,forecast_first,vol1.25_daily,daily,1.25,0.15896147815171094,True,0.1820131561774982,0.8051641235566606,0.12924666777196478,5.512392123427654,4.875299092783732,0.6370930306439218,-0.7981810763504242,6.085028189017843,0.12968806484904288,True,vol1.25_band10,True,4.98571135214033,5.69648945081021,True,0.7107780986698806
jump_shift,23,16,5.0,0.18,joint_mse,vol1.25_daily,daily,1.25,0.15896147815171094,True,0.1820131561774982,0.8051641235566606,0.12924666777196478,5.512392123427654,4.875299092783732,0.6370930306439218,-0.7981810763504242,6.085028189017843,0.12968806484904288,True,vol1.25_band10,True,4.98571135214033,5.69648945081021,True,0.7107780986698806
jump_shift,23,16,5.0,0.18,joint_es90,vol1.25_band05,band05,1.25,0.15896147815171094,True,0.20231302402642024,0.7656843928764767,0.099725379177809,5.127521695048417,4.528944024252656,0.5985776707957609,-0.7736780149362917,5.9177661600068765,0.10183599454310771,True,vol1.25_band10,True,4.98571135214033,5.299781750729121,True,0.3140703985887914
jump_shift,23,64,5.0,0.18,forecast_first,vol1.25_daily,daily,1.25,0.15896147815171094,True,0.2545771433600738,1.0501871317637816,0.1333559198848343,5.512392123427654,4.875299092783732,0.6370930306439218,-0.7981810763504242,6.085028189017843,0.12968806484904288,True,vol1.25_band10,True,4.98571135214033,5.69648945081021,True,0.7107780986698806
jump_shift,23,64,5.0,0.18,joint_mse,vol1.25_daily,daily,1.25,0.15896147815171094,True,0.2545771433600738,1.0501871317637816,0.1333559198848343,5.512392123427654,4.875299092783732,0.6370930306439218,-0.7981810763504242,6.085028189017843,0.12968806484904288,True,vol1.25_band10,True,4.98571135214033,5.69648945081021,True,0.7107780986698806
jump_shift,23,64,5.0,0.18,joint_es90,vol1.25_daily,daily,1.25,0.15896147815171094,True,0.2545771433600738,1.0501871317637816,0.1333559198848343,5.512392123427654,4.875299092783732,0.6370930306439218,-0.7981810763504242,6.085028189017843,0.12968806484904288,True,vol1.25_band10,True,4.98571135214033,5.69648945081021,True,0.7107780986698806
jump_shift,23,256,5.0,0.18,forecast_first,vol1.25_daily,daily,1.25,0.15896147815171094,True,0.2558744298707144,1.1046234355401543,0.13131643230730786,5.512392123427654,4.875299092783732,0.6370930306439218,-0.7981810763504242,6.085028189017843,0.12968806484904288,True,vol1.25_band10,True,4.98571135214033,5.69648945081021,True,0.7107780986698806
jump_shift,23,256,5.0,0.18,joint_mse,vol1.25_daily,daily,1.25,0.15896147815171094,True,0.2558744298707144,1.1046234355401543,0.13131643230730786,5.512392123427654,4.875299092783732,0.6370930306439218,-0.7981810763504242,6.085028189017843,0.12968806484904288,True,vol1.25_band10,True,4.98571135214033,5.69648945081021,True,0.7107780986698806
jump_shift,23,256,5.0,0.18,joint_es90,vol1.25_band05,band05,1.25,0.15896147815171094,True,0.26913121888937985,1.0630269909422865,0.10250346332189511,5.127521695048417,4.528944024252656,0.5985776707957609,-0.7736780149362917,5.9177661600068765,0.10183599454310771,True,vol1.25_band10,True,4.98571135214033,5.299781750729121,True,0.3140703985887914
jump_shift,23,16,20.0,0.72,forecast_first,vol1.25_band05,band05,1.25,0.15896147815171094,True,0.42128539047538277,1.1950555374196474,0.398901516711236,5.69216537344067,4.527522953940606,1.1646424195000633,-1.079185998565615,6.190494335694845,0.40734397817243084,True,vol1.25_band10,True,5.456344270903187,5.872501429266373,True,0.4161571583631867
jump_shift,23,16,20.0,0.72,joint_mse,vol1.25_band05,band05,1.25,0.15896147815171094,True,0.42128539047538277,1.1950555374196474,0.398901516711236,5.69216537344067,4.527522953940606,1.1646424195000633,-1.079185998565615,6.190494335694845,0.40734397817243084,True,vol1.25_band10,True,5.456344270903187,5.872501429266373,True,0.4161571583631867
jump_shift,23,16,20.0,0.72,joint_es90,vol1.25_band05,band05,1.25,0.15896147815171094,True,0.42128539047538277,1.1950555374196474,0.398901516711236,5.69216537344067,4.527522953940606,1.1646424195000633,-1.079185998565615,6.190494335694845,0.40734397817243084,True,vol1.25_band10,True,5.456344270903187,5.872501429266373,True,0.4161571583631867
jump_shift,23,64,20.0,0.72,forecast_first,vol1.25_band05,band05,1.25,0.15896147815171094,True,0.48636581580495836,1.4510484144084559,0.4138561791864905,5.69216537344067,4.527522953940606,1.1646424195000633,-1.079185998565615,6.190494335694845,0.40734397817243084,True,vol1.25_band10,True,5.456344270903187,5.872501429266373,True,0.4161571583631867
jump_shift,23,64,20.0,0.72,joint_mse,vol1.25_band05,band05,1.25,0.15896147815171094,True,0.48636581580495836,1.4510484144084559,0.4138561791864905,5.69216537344067,4.527522953940606,1.1646424195000633,-1.079185998565615,6.190494335694845,0.40734397817243084,True,vol1.25_band10,True,5.456344270903187,5.872501429266373,True,0.4161571583631867
jump_shift,23,64,20.0,0.72,joint_es90,vol1.25_band05,band05,1.25,0.15896147815171094,True,0.48636581580495836,1.4510484144084559,0.4138561791864905,5.69216537344067,4.527522953940606,1.1646424195000633,-1.079185998565615,6.190494335694845,0.40734397817243084,True,vol1.25_band10,True,5.456344270903187,5.872501429266373,True,0.4161571583631867
jump_shift,23,256,20.0,0.72,forecast_first,vol1.25_band05,band05,1.25,0.15896147815171094,True,0.45542914484961416,1.4585510341503825,0.41001385328758044,5.69216537344067,4.527522953940606,1.1646424195000633,-1.079185998565615,6.190494335694845,0.40734397817243084,True,vol1.25_band10,True,5.456344270903187,5.872501429266373,True,0.4161571583631867
jump_shift,23,256,20.0,0.72,joint_mse,vol1.25_band05,band05,1.25,0.15896147815171094,True,0.45542914484961416,1.4585510341503825,0.41001385328758044,5.69216537344067,4.527522953940606,1.1646424195000633,-1.079185998565615,6.190494335694845,0.40734397817243084,True,vol1.25_band10,True,5.456344270903187,5.872501429266373,True,0.4161571583631867
jump_shift,23,256,20.0,0.72,joint_es90,vol1.25_band05,band05,1.25,0.15896147815171094,True,0.45542914484961416,1.4585510341503825,0.41001385328758044,5.69216537344067,4.527522953940606,1.1646424195000633,-1.079185998565615,6.190494335694845,0.40734397817243084,True,vol1.25_band10,True,5.456344270903187,5.872501429266373,True,0.4161571583631867
